replicate,n,folds,design,scenario,psi,estimator,estimate,se,ci_lo,ci_hi,covered
1,2500,5,stress,ccmar,0.2558505160746848,full,0.2474918318231617,0.00903691950300423,0.2297797950660858,0.2652038685802376,1
1,2500,5,stress,ccmar,0.2558505160746848,cc,0.3079852299136709,0.045045563826041024,0.21969754715133022,0.39627291267601156,1
1,2500,5,stress,ccmar,0.2558505160746848,seq,0.3114395458832333,0.04527631812602875,0.2226995930036389,0.4001794987628277,1
2,2500,5,stress,ccmar,0.2558505160746848,full,0.2610865080956455,0.008584843550087986,0.24426052392456205,0.2779124922667289,1
2,2500,5,stress,ccmar,0.2558505160746848,cc,0.307007971333877,0.02538610215415588,0.2572521254038768,0.35676381726387724,0
2,2500,5,stress,ccmar,0.2558505160746848,seq,0.30828304495350184,0.02544448550449345,0.2584127697595432,0.3581533201474605,0
3,2500,5,stress,ccmar,0.2558505160746848,full,0.24579694238757074,0.009255759190884252,0.22765598772386203,0.26393789705127946,1
3,2500,5,stress,ccmar,0.2558505160746848,cc,0.2874792863559387,0.017336279132106235,0.2535008036310772,0.32145776908080026,1
3,2500,5,stress,ccmar,0.2558505160746848,seq,0.29607611536381856,0.01635862322367296,0.26401380300875904,0.3281384277188781,0
4,2500,5,stress,ccmar,0.2558505160746848,full,0.2715117774280281,0.00900724137499499,0.2538579087329789,0.2891656461230773,1
4,2500,5,stress,ccmar,0.2558505160746848,cc,0.23711583392565871,0.0238256965595355,0.19041832676238926,0.2838133410889282,1
4,2500,5,stress,ccmar,0.2558505160746848,seq,0.23855806331712584,0.023551772805737326,0.19239743684581082,0.28471868978844084,1
5,2500,5,stress,ccmar,0.2558505160746848,full,0.23493533316491552,0.009935348090850426,0.2154624087329799,0.25440825759685115,0
5,2500,5,stress,ccmar,0.2558505160746848,cc,0.25168763050621645,0.026307691084139374,0.2001255034648978,0.30324975754753514,1
5,2500,5,stress,ccmar,0.2558505160746848,seq,0.24692281696867244,0.02625520148115336,0.19546356765876916,0.2983820662785757,1
6,2500,5,stress,ccmar,0.2558505160746848,full,0.2628010359662023,0.010052986298228539,0.24309754488459973,0.2825045270478049,1
6,2500,5,stress,ccmar,0.2558505160746848,cc,0.22294354866011837,0.046632050365695135,0.13154640941809803,0.3143406879021387,1
6,2500,5,stress,ccmar,0.2558505160746848,seq,0.22050282974980406,0.046427250393068234,0.12950709107816727,0.31149856842144086,1
7,2500,5,stress,ccmar,0.2558505160746848,full,0.26416973316246595,0.009332425635337932,0.24587851502880526,0.28246095129612664,1
7,2500,5,stress,ccmar,0.2558505160746848,cc,0.2313398051272543,0.016466034658284688,0.19906697022882802,0.2636126400256806,1
7,2500,5,stress,ccmar,0.2558505160746848,seq,0.23134551701948303,0.01592034094036869,0.20014222215476185,0.2625488118842042,1
8,2500,5,stress,ccmar,0.2558505160746848,full,0.2566999000418064,0.009071149148455672,0.23892077441244208,0.27447902567117066,1
8,2500,5,stress,ccmar,0.2558505160746848,cc,0.25394047537747466,0.02528570263421581,0.20438140889062212,0.3034995418643272,1
8,2500,5,stress,ccmar,0.2558505160746848,seq,0.2545800115510835,0.025328238404674065,0.2049375764860781,0.3042224466160889,1
9,2500,5,stress,ccmar,0.2558505160746848,full,0.26277877561934504,0.009136497005796938,0.244871570543125,0.28068598069556505,1
9,2500,5,stress,ccmar,0.2558505160746848,cc,0.2514193402013455,0.024889566234373925,0.20263668679114838,0.3002019936115426,1
9,2500,5,stress,ccmar,0.2558505160746848,seq,0.25016434254394354,0.025135152420488818,0.2009003490538607,0.2994283360340264,1
10,2500,5,stress,ccmar,0.2558505160746848,full,0.2542451674218158,0.008943389911685336,0.23671644529521368,0.2717738895484179,1
10,2500,5,stress,ccmar,0.2558505160746848,cc,0.2693421191020915,0.018476493542861752,0.2331288571974956,0.3055553810066874,1
10,2500,5,stress,ccmar,0.2558505160746848,seq,0.26205232732983197,0.018266980108160902,0.22624970421152701,0.2978549504481369,1
11,2500,5,stress,ccmar,0.2558505160746848,full,0.2612742751455311,0.01076444052453901,0.24017635940371118,0.282372190887351,1
11,2500,5,stress,ccmar,0.2558505160746848,cc,0.2665632050205491,0.017891566342154608,0.23149637936291703,0.30163003067818117,1
11,2500,5,stress,ccmar,0.2558505160746848,seq,0.27497425559473887,0.017593645149203904,0.2404913447455214,0.3094571664439564,1
12,2500,5,stress,ccmar,0.2558505160746848,full,0.2703134185462217,0.010390472627220709,0.24994846641451984,0.29067837067792357,1
12,2500,5,stress,ccmar,0.2558505160746848,cc,0.24442606543063572,0.025807522449187045,0.1938442509000202,0.2950078799612513,1
12,2500,5,stress,ccmar,0.2558505160746848,seq,0.24453346403795964,0.025434092092690038,0.19468355955681219,0.29438336851910707,1
13,2500,5,stress,ccmar,0.2558505160746848,full,0.2689494484536457,0.008951989054442595,0.25140387231694145,0.28649502459035,1
13,2500,5,stress,ccmar,0.2558505160746848,cc,0.23952236584524422,0.029668106533386335,0.18137394555030953,0.29767078614017894,1
13,2500,5,stress,ccmar,0.2558505160746848,seq,0.2376363875942675,0.028934007868677402,0.18092677424326126,0.29434600094527374,1
14,2500,5,stress,ccmar,0.2558505160746848,full,0.24644729310976854,0.009070155934291392,0.22867011414439517,0.26422447207514194,1
14,2500,5,stress,ccmar,0.2558505160746848,cc,0.2544710650765294,0.020898818676613445,0.213510133150934,0.2954319970021248,1
14,2500,5,stress,ccmar,0.2558505160746848,seq,0.2561515510123906,0.020424252349585826,0.21612075199604483,0.29618235002873644,1
15,2500,5,stress,ccmar,0.2558505160746848,full,0.2705245249181123,0.010052173594976135,0.25082262670561456,0.29022642313061003,1
15,2500,5,stress,ccmar,0.2558505160746848,cc,0.23100950403467851,0.03474703099112176,0.16290657472238276,0.29911243334697424,1
15,2500,5,stress,ccmar,0.2558505160746848,seq,0.2334129723004677,0.03408688141816149,0.16660391237558358,0.3002220322253518,1
16,2500,5,stress,ccmar,0.2558505160746848,full,0.24469291318867323,0.009641527594928347,0.22579586634666457,0.26358996003068186,1
16,2500,5,stress,ccmar,0.2558505160746848,cc,0.23199973733539273,0.023336033196825506,0.1862619527275836,0.27773752194320184,1
16,2500,5,stress,ccmar,0.2558505160746848,seq,0.2317018699759321,0.0232521991576565,0.18612839706557277,0.2772753428862914,1
17,2500,5,stress,ccmar,0.2558505160746848,full,0.27268691186626953,0.013597047350243497,0.2460371887637065,0.29933663496883256,1
17,2500,5,stress,ccmar,0.2558505160746848,cc,0.2767544013264905,0.03626813057486413,0.2056701716131608,0.34783863103982016,1
17,2500,5,stress,ccmar,0.2558505160746848,seq,0.2805229712653866,0.03611775404231008,0.2097334741399829,0.35131246839079033,1
18,2500,5,stress,ccmar,0.2558505160746848,full,0.2669466598621526,0.009010708130762338,0.2492859964506562,0.284607323273649,1
18,2500,5,stress,ccmar,0.2558505160746848,cc,0.2779659903953092,0.027796032952869188,0.2234867668945971,0.3324452138960214,1
18,2500,5,stress,ccmar,0.2558505160746848,seq,0.2832319794610293,0.027779111646393333,0.2287859211115812,0.3376780378104774,1
19,2500,5,stress,ccmar,0.2558505160746848,full,0.2650789359742183,0.009636963492900021,0.2461908346078069,0.28396703734062967,1
19,2500,5,stress,ccmar,0.2558505160746848,cc,0.24879136287651818,0.02761950114722326,0.19465813535699789,0.3029245903960385,1
19,2500,5,stress,ccmar,0.2558505160746848,seq,0.2467439871515577,0.028018936157574,0.19182788139758558,0.30166009290552986,1
20,2500,5,stress,ccmar,0.2558505160746848,full,0.23807497462949287,0.009081873428581987,0.22027482979732088,0.25587511946166486,1
20,2500,5,stress,ccmar,0.2558505160746848,cc,0.20063673451140163,0.02121487853466502,0.1590563366470663,0.24221713237573694,0
20,2500,5,stress,ccmar,0.2558505160746848,seq,0.2009265687436175,0.019752294333732788,0.16221278323746666,0.23964035424976834,0
21,2500,5,stress,ccmar,0.2558505160746848,full,0.25694250675601404,0.00906000802826611,0.23918521732096873,0.2746997961910594,1
21,2500,5,stress,ccmar,0.2558505160746848,cc,0.18150108950107097,0.01904237348455848,0.14417872329117584,0.2188234557109661,0
21,2500,5,stress,ccmar,0.2558505160746848,seq,0.18789536715008212,0.018360299639543352,0.15190984111121342,0.22388089318895082,0
22,2500,5,stress,ccmar,0.2558505160746848,full,0.2620458082150565,0.01045264129885375,0.2415590077259872,0.28253260870412583,1
22,2500,5,stress,ccmar,0.2558505160746848,cc,0.22375624028534913,0.019550458864610567,0.18543804502948058,0.2620744355412177,1
22,2500,5,stress,ccmar,0.2558505160746848,seq,0.21800301609970424,0.019547714884904383,0.17969019894523414,0.25631583325417434,1
23,2500,5,stress,ccmar,0.2558505160746848,full,0.22510979280026805,0.009677486177684196,0.20614226843112282,0.24407731716941328,0
23,2500,5,stress,ccmar,0.2558505160746848,cc,0.20453996671823635,0.019710086070412157,0.1659089078880439,0.2431710255484288,0
23,2500,5,stress,ccmar,0.2558505160746848,seq,0.1954592343985848,0.01956260504955564,0.15711723305767436,0.23380123573949527,0
24,2500,5,stress,ccmar,0.2558505160746848,full,0.2490405972853206,0.008854846284667248,0.2316854174787345,0.2663957770919067,1
24,2500,5,stress,ccmar,0.2558505160746848,cc,0.2680171045448175,0.01558599869550429,0.2374691084385408,0.29856510065109415,1
24,2500,5,stress,ccmar,0.2558505160746848,seq,0.2709428305769739,0.015405390111189415,0.24074882079125312,0.3011368403626946,1
25,2500,5,stress,ccmar,0.2558505160746848,full,0.2610855253355577,0.009570704140840849,0.24232728991282126,0.2798437607582941,1
25,2500,5,stress,ccmar,0.2558505160746848,cc,0.27846510540800956,0.021316417808174396,0.2366856942245795,0.3202445165914396,1
25,2500,5,stress,ccmar,0.2558505160746848,seq,0.283236585036383,0.021047555592555164,0.24198413411237027,0.3244890359603957,1
26,2500,5,stress,ccmar,0.2558505160746848,full,0.2283094376095672,0.009086415313514338,0.21050039084650587,0.24611848437262854,0
26,2500,5,stress,ccmar,0.2558505160746848,cc,0.2368512595257053,0.016827195814326366,0.20387056176882246,0.26983195728258813,1
26,2500,5,stress,ccmar,0.2558505160746848,seq,0.22535618053330345,0.016645861061046076,0.19273089236199545,0.25798146870461147,1
27,2500,5,stress,ccmar,0.2558505160746848,full,0.2825488092115135,0.01489125007376431,0.253362495382156,0.311735123040871,1
27,2500,5,stress,ccmar,0.2558505160746848,cc,0.2434842995647911,0.014967443401359576,0.21414864955748464,0.27281994957209754,1
27,2500,5,stress,ccmar,0.2558505160746848,seq,0.24297919681501254,0.014535160297225465,0.2144908061229341,0.27146758750709093,1
28,2500,5,stress,ccmar,0.2558505160746848,full,0.25981914945658,0.008905646124927103,0.24236440379266422,0.27727389512049583,1
28,2500,5,stress,ccmar,0.2558505160746848,cc,0.15443606298656654,0.07494480092057666,0.007546952353712,0.30132517361942107,1
28,2500,5,stress,ccmar,0.2558505160746848,seq,0.16276836326979452,0.07553444092803113,0.014723579458485292,0.31081314708110375,1
29,2500,5,stress,ccmar,0.2558505160746848,full,0.2461906608409663,0.00906008177942983,0.22843322685629627,0.26394809482563636,1
29,2500,5,stress,ccmar,0.2558505160746848,cc,0.2551042910365959,0.02825323383391695,0.19972897027533015,0.3104796117978616,1
29,2500,5,stress,ccmar,0.2558505160746848,seq,0.25153340457389384,0.02881784415582287,0.19505146791639294,0.30801534123139473,1
30,2500,5,stress,ccmar,0.2558505160746848,full,0.2512630168385122,0.008909573853859288,0.23380057296734827,0.2687254607096761,1
30,2500,5,stress,ccmar,0.2558505160746848,cc,0.24409337976904236,0.02542962378923959,0.19425223300172978,0.29393452653635493,1
30,2500,5,stress,ccmar,0.2558505160746848,seq,0.24478947848682236,0.024983892691209014,0.1958219486184392,0.2937570083552055,1
31,2500,5,stress,ccmar,0.2558505160746848,full,0.249022387129492,0.009451755097618876,0.23049728754746615,0.26754748671151785,1
31,2500,5,stress,ccmar,0.2558505160746848,cc,0.2470493676352944,0.02313351858513907,0.20170850437273383,0.292390230897855,1
31,2500,5,stress,ccmar,0.2558505160746848,seq,0.24210725061220864,0.0220877285085067,0.1988160982352369,0.2853984029891804,1
32,2500,5,stress,ccmar,0.2558505160746848,full,0.24995168029561055,0.010418097263436527,0.22953258487183967,0.27037077571938145,1
32,2500,5,stress,ccmar,0.2558505160746848,cc,0.24601282349233525,0.02531879258000964,0.1963889019034764,0.2956367450811941,1
32,2500,5,stress,ccmar,0.2558505160746848,seq,0.24027208046698262,0.024697983214538102,0.19186492287571316,0.2886792380582521,1
33,2500,5,stress,ccmar,0.2558505160746848,full,0.2730621787888667,0.008780754733981044,0.25585221575318423,0.29027214182454913,0
33,2500,5,stress,ccmar,0.2558505160746848,cc,0.2619438753471307,0.022092709153813464,0.21864296108473794,0.30524478960952345,1
33,2500,5,stress,ccmar,0.2558505160746848,seq,0.2627224600516536,0.02205660978154063,0.2194922992587801,0.3059526208445271,1
34,2500,5,stress,ccmar,0.2558505160746848,full,0.2572673887542476,0.008862336761497742,0.23989752788284668,0.2746372496256485,1
34,2500,5,stress,ccmar,0.2558505160746848,cc,0.2357485494046725,0.024924787594045105,0.18689686339803335,0.28460023541131163,1
34,2500,5,stress,ccmar,0.2558505160746848,seq,0.24293166677806713,0.024184735750315402,0.19553045573183064,0.2903328778243036,1
35,2500,5,stress,ccmar,0.2558505160746848,full,0.24721776248810423,0.009027603042528158,0.22952398565802482,0.2649115393181836,1
35,2500,5,stress,ccmar,0.2558505160746848,cc,0.2109847551744936,0.019465098136545136,0.17283386387132743,0.2491356464776598,0
35,2500,5,stress,ccmar,0.2558505160746848,seq,0.21080533354264386,0.019316064189156202,0.1729465434088338,0.2486641236764539,0
36,2500,5,stress,ccmar,0.2558505160746848,full,0.24832510708582958,0.009285507764683176,0.23012584628888352,0.2665243678827756,1
36,2500,5,stress,ccmar,0.2558505160746848,cc,0.29508094527906353,0.021738037242291727,0.25247517518958135,0.3376867153685457,1
36,2500,5,stress,ccmar,0.2558505160746848,seq,0.29138202838352495,0.021505816755610762,0.24923140208440983,0.3335326546826401,1
37,2500,5,stress,ccmar,0.2558505160746848,full,0.24412277393769044,0.00871903963387602,0.22703377027551613,0.26121177759986475,1
37,2500,5,stress,ccmar,0.2558505160746848,cc,0.2702152923537572,0.03782847788345811,0.19607283811220932,0.34435774659530505,1
37,2500,5,stress,ccmar,0.2558505160746848,seq,0.2762510305124352,0.03783318601678835,0.20209934849912564,0.3504027125257448,1
38,2500,5,stress,ccmar,0.2558505160746848,full,0.2499000990527543,0.009710358718231765,0.2308681456880555,0.26893205241745305,1
38,2500,5,stress,ccmar,0.2558505160746848,cc,0.2813341135191003,0.032376846152512746,0.21787666112718113,0.3447915659110195,1
38,2500,5,stress,ccmar,0.2558505160746848,seq,0.27540732784392213,0.03230331139558094,0.21209400092720118,0.33872065476064306,1
39,2500,5,stress,ccmar,0.2558505160746848,full,0.25961864353869446,0.00866002551305663,0.24264530542790547,0.27659198164948345,1
39,2500,5,stress,ccmar,0.2558505160746848,cc,0.24643305145834493,0.01685699285760824,0.21339395256978386,0.279472150346906,1
39,2500,5,stress,ccmar,0.2558505160746848,seq,0.25141987572002056,0.016208702220217894,0.21965140313225906,0.28318834830778206,1
40,2500,5,stress,ccmar,0.2558505160746848,full,0.27952308731124187,0.008813639717727438,0.26224867089178433,0.2967975037306994,0
40,2500,5,stress,ccmar,0.2558505160746848,cc,0.2728242764534715,0.015050079619477267,0.24332666243483578,0.3023218904721072,1
40,2500,5,stress,ccmar,0.2558505160746848,seq,0.27353632948883816,0.014914990816313147,0.24430348465911872,0.3027691743185576,1
41,2500,5,stress,ccmar,0.2558505160746848,full,0.25816354756831394,0.009158649833624237,0.24021292374739667,0.2761141713892312,1
41,2500,5,stress,ccmar,0.2558505160746848,cc,0.28139101314866505,0.03529276099945883,0.21221847267474592,0.3505635536225842,1
41,2500,5,stress,ccmar,0.2558505160746848,seq,0.29175541600085925,0.03596981639854729,0.22125587132918834,0.36225496067253016,1
42,2500,5,stress,ccmar,0.2558505160746848,full,0.25402275433251265,0.009105627946382614,0.2361760515009813,0.271869457164044,1
42,2500,5,stress,ccmar,0.2558505160746848,cc,0.2509609846562075,0.018267301507830746,0.215157731606125,0.28676423770628995,1
42,2500,5,stress,ccmar,0.2558505160746848,seq,0.24553297179778666,0.0178261214357739,0.21059441579963237,0.2804715277959409,1
43,2500,5,stress,ccmar,0.2558505160746848,full,0.2560065825391755,0.0099289192343407,0.23654625843446075,0.2754669066438903,1
43,2500,5,stress,ccmar,0.2558505160746848,cc,0.2900131180432777,0.02024919439804505,0.25032542630715915,0.3297008097793962,1
43,2500,5,stress,ccmar,0.2558505160746848,seq,0.29036031900360654,0.01924450273129889,0.25264178674987803,0.32807885125733505,1
44,2500,5,stress,ccmar,0.2558505160746848,full,0.2573330203405962,0.009218484453990709,0.23926512281873202,0.27540091786246035,1
44,2500,5,stress,ccmar,0.2558505160746848,cc,0.21004070110175507,0.01593894955943973,0.17880093401385264,0.2412804681896575,0
44,2500,5,stress,ccmar,0.2558505160746848,seq,0.2154592972300059,0.015703358667343636,0.18468127980569748,0.2462373146543143,0
45,2500,5,stress,ccmar,0.2558505160746848,full,0.24791458292996127,0.009626270757353011,0.22904743894011825,0.2667817269198043,1
45,2500,5,stress,ccmar,0.2558505160746848,cc,0.24016967885202248,0.03191755391975043,0.1776124226946964,0.30272693500934855,1
45,2500,5,stress,ccmar,0.2558505160746848,seq,0.24204127556578992,0.031766529298884516,0.17978002222613984,0.30430252890543996,1
46,2500,5,stress,ccmar,0.2558505160746848,full,0.25478564082547317,0.01054021193061636,0.2341272050520457,0.27544407659890063,1
46,2500,5,stress,ccmar,0.2558505160746848,cc,0.17756252334262554,0.06142101626201284,0.057179543575231404,0.29794550311001966,1
46,2500,5,stress,ccmar,0.2558505160746848,seq,0.1727117461094595,0.06148225380435941,0.05220874296456432,0.29321474925435465,1
47,2500,5,stress,ccmar,0.2558505160746848,full,0.25925852179576764,0.008873256082073398,0.2418672594493028,0.2766497841422325,1
47,2500,5,stress,ccmar,0.2558505160746848,cc,0.2283726008751939,0.017149690547079904,0.19475982505691028,0.26198537669347755,1
47,2500,5,stress,ccmar,0.2558505160746848,seq,0.23466312953050364,0.0177561591489836,0.1998616970947344,0.2694645619662729,1
48,2500,5,stress,ccmar,0.2558505160746848,full,0.26122860908226564,0.009326067669435698,0.24294985233278826,0.279507365831743,1
48,2500,5,stress,ccmar,0.2558505160746848,cc,0.20111940899596648,0.02969656164716464,0.14291521770285032,0.25932360028908263,1
48,2500,5,stress,ccmar,0.2558505160746848,seq,0.19845373604191976,0.028847881744909185,0.14191292679162726,0.25499454529221227,0
49,2500,5,stress,ccmar,0.2558505160746848,full,0.2703860509925503,0.010567647187683698,0.24967384310336427,0.29109825888173635,1
49,2500,5,stress,ccmar,0.2558505160746848,cc,0.260438177307563,0.0280375036836196,0.2054856798712595,0.31539067474386656,1
49,2500,5,stress,ccmar,0.2558505160746848,seq,0.2509905052225548,0.02793759512910672,0.19623382495484398,0.3057471854902656,1
50,2500,5,stress,ccmar,0.2558505160746848,full,0.25208499517042604,0.009311897875126474,0.2338340107074631,0.270335979633389,1
50,2500,5,stress,ccmar,0.2558505160746848,cc,0.2592809794552212,0.027542185948062837,0.2052992869415129,0.31326267196892954,1
50,2500,5,stress,ccmar,0.2558505160746848,seq,0.2581292136835974,0.027419323211339566,0.20438832770890875,0.3118700996582861,1
51,2500,5,stress,ccmar,0.2558505160746848,full,0.2540057489446616,0.00936770806499286,0.2356453785195902,0.272366119369733,1
51,2500,5,stress,ccmar,0.2558505160746848,cc,0.26902838480521046,0.017528455689938712,0.2346732429483244,0.3033835266620965,1
51,2500,5,stress,ccmar,0.2558505160746848,seq,0.26871981739999057,0.01739318128629219,0.23462980850228182,0.3028098262976993,1
52,2500,5,stress,ccmar,0.2558505160746848,full,0.24818297913876872,0.010492691330322405,0.22761768203044114,0.2687482762470963,1
52,2500,5,stress,ccmar,0.2558505160746848,cc,0.302135077223788,0.050581624879119554,0.20299691418119853,0.4012732402663775,1
52,2500,5,stress,ccmar,0.2558505160746848,seq,0.29644027653267246,0.050744322748616934,0.19698323152550673,0.3958973215398382,1
53,2500,5,stress,ccmar,0.2558505160746848,full,0.268544961617845,0.009707357134655004,0.2495188912488533,0.28757103198683676,1
53,2500,5,stress,ccmar,0.2558505160746848,cc,0.33027303851415,0.03856009925597235,0.2546966327321545,0.40584944429614556,1
53,2500,5,stress,ccmar,0.2558505160746848,seq,0.33886617304958916,0.03846060353157075,0.26348477530403647,0.41424757079514185,0
54,2500,5,stress,ccmar,0.2558505160746848,full,0.25578990817855235,0.009566311637399716,0.23704028190436252,0.2745395344527422,1
54,2500,5,stress,ccmar,0.2558505160746848,cc,0.256938103181292,0.020471953480854774,0.21681381166563726,0.2970623946969468,1
54,2500,5,stress,ccmar,0.2558505160746848,seq,0.2578656999277722,0.019985007188832945,0.21869580560688556,0.29703559424865883,1
55,2500,5,stress,ccmar,0.2558505160746848,full,0.26866944297529516,0.008986257541595391,0.25105670183796674,0.28628218411262357,1
55,2500,5,stress,ccmar,0.2558505160746848,cc,0.2353795890708991,0.02967090978032484,0.17722567451292515,0.29353350362887304,1
55,2500,5,stress,ccmar,0.2558505160746848,seq,0.24515335485241843,0.029801117785413295,0.18674423729397233,0.30356247241086454,1
56,2500,5,stress,ccmar,0.2558505160746848,full,0.25345315841947086,0.009043927969896629,0.23572738531969903,0.2711789315192427,1
56,2500,5,stress,ccmar,0.2558505160746848,cc,0.2105383761145208,0.021062172048939457,0.16925727746241329,0.25181947476662836,0
56,2500,5,stress,ccmar,0.2558505160746848,seq,0.2016357667441358,0.02064072568026622,0.161180687796043,0.2420908456922286,0
57,2500,5,stress,ccmar,0.2558505160746848,full,0.24904558959085607,0.009264352629223503,0.23088779209749904,0.2672033870842131,1
57,2500,5,stress,ccmar,0.2558505160746848,cc,0.23188467324023887,0.022856786184029552,0.18708619551720826,0.2766831509632695,1
57,2500,5,stress,ccmar,0.2558505160746848,seq,0.23401748993278512,0.02243290498240275,0.1900498040986666,0.2779851757669036,1
58,2500,5,stress,ccmar,0.2558505160746848,full,0.24670472922771924,0.010887170442734195,0.22536626726641124,0.26804319118902725,1
58,2500,5,stress,ccmar,0.2558505160746848,cc,0.27024376724442095,0.023053520985136595,0.2250596963967149,0.31542783809212704,1
58,2500,5,stress,ccmar,0.2558505160746848,seq,0.2666954247380184,0.022473545681526607,0.22264808459731056,0.3107427648787262,1
59,2500,5,stress,ccmar,0.2558505160746848,full,0.25494137505032477,0.009432690345705907,0.23645364169542252,0.273429108405227,1
59,2500,5,stress,ccmar,0.2558505160746848,cc,0.2685698940406336,0.023726691754245122,0.22206643273002968,0.3150733553512375,1
59,2500,5,stress,ccmar,0.2558505160746848,seq,0.2718501517120775,0.02363945962707807,0.22551766222901581,0.31818264119513917,1
60,2500,5,stress,ccmar,0.2558505160746848,full,0.2584212422375592,0.00906760793935485,0.24064905725049424,0.27619342722462414,1
60,2500,5,stress,ccmar,0.2558505160746848,cc,0.2644582994292431,0.019300146828089247,0.2266307067498532,0.302285892108633,1
60,2500,5,stress,ccmar,0.2558505160746848,seq,0.26236896429665424,0.018954268495843966,0.22521928069149788,0.2995186479018106,1
61,2500,5,stress,ccmar,0.2558505160746848,full,0.2550288983529214,0.009194986864958137,0.23700705525928462,0.2730507414465582,1
61,2500,5,stress,ccmar,0.2558505160746848,cc,0.29197564079019195,0.02002887761586181,0.25271976201234236,0.33123151956804153,1
61,2500,5,stress,ccmar,0.2558505160746848,seq,0.29515826881974905,0.019635711488647442,0.2566729814911807,0.3336435561483174,0
62,2500,5,stress,ccmar,0.2558505160746848,full,0.24552440856357763,0.0091683431193673,0.2275547862517121,0.26349403087544315,1
62,2500,5,stress,ccmar,0.2558505160746848,cc,0.24580780009678832,0.0353310492659486,0.17656021599951877,0.3150553841940579,1
62,2500,5,stress,ccmar,0.2558505160746848,seq,0.24890763988050493,0.03675323682398138,0.17687261939023013,0.32094266037077973,1
63,2500,5,stress,ccmar,0.2558505160746848,full,0.2566652032161107,0.008579407132145507,0.23984987422839943,0.27348053220382196,1
63,2500,5,stress,ccmar,0.2558505160746848,cc,0.2608320461474152,0.02105774762250364,0.21955961921177408,0.30210447308305627,1
63,2500,5,stress,ccmar,0.2558505160746848,seq,0.2585573081514933,0.021037368399543552,0.2173248237588869,0.2997897925440997,1
64,2500,5,stress,ccmar,0.2558505160746848,full,0.23579395360598168,0.011549706305475948,0.21315694521523365,0.2584309619967297,1
64,2500,5,stress,ccmar,0.2558505160746848,cc,0.31450069616424864,0.022840581668554592,0.26973397870793586,0.3592674136205614,0
64,2500,5,stress,ccmar,0.2558505160746848,seq,0.3128195080673895,0.02250048424146768,0.2687193693194018,0.3569196468153772,0
65,2500,5,stress,ccmar,0.2558505160746848,full,0.2570340833112716,0.010353437834287773,0.2367417180398932,0.27732644858265,1
65,2500,5,stress,ccmar,0.2558505160746848,cc,0.238013382508034,0.023988962145187195,0.19099588067697237,0.2850308843390956,1
65,2500,5,stress,ccmar,0.2558505160746848,seq,0.23717197284776298,0.02380184895427556,0.19052120613192053,0.28382273956360543,1
66,2500,5,stress,ccmar,0.2558505160746848,full,0.23704817180087995,0.009258143840589223,0.21890254330963374,0.2551938002921262,0
66,2500,5,stress,ccmar,0.2558505160746848,cc,0.2161771789830995,0.02039885843734386,0.1761961511201745,0.25615820684602447,1
66,2500,5,stress,ccmar,0.2558505160746848,seq,0.22040858582763248,0.020333241420026838,0.18055616495542182,0.26026100669984314,1
67,2500,5,stress,ccmar,0.2558505160746848,full,0.24063646194225466,0.008850827682398076,0.2232891584513843,0.257983765433125,1
67,2500,5,stress,ccmar,0.2558505160746848,cc,0.19577326557556152,0.04325369832337967,0.11099757466357685,0.2805489564875462,1
67,2500,5,stress,ccmar,0.2558505160746848,seq,0.20048544829910142,0.043028364794824796,0.11615140298759363,0.2848194936106092,1
68,2500,5,stress,ccmar,0.2558505160746848,full,0.25630611462766567,0.009973090759069395,0.23675921592534044,0.2758530133299909,1
68,2500,5,stress,ccmar,0.2558505160746848,cc,0.27621824662527167,0.01769484449909233,0.241536988695014,0.31089950455552934,1
68,2500,5,stress,ccmar,0.2558505160746848,seq,0.2796587499853304,0.017455651329550622,0.2454463020527225,0.3138711979179383,1
69,2500,5,stress,ccmar,0.2558505160746848,full,0.26390796558237856,0.009126531456128757,0.2460202926245943,0.2817956385401628,1
69,2500,5,stress,ccmar,0.2558505160746848,cc,0.2788373158329797,0.030722377488142497,0.2186225624367763,0.33905206922918313,1
69,2500,5,stress,ccmar,0.2558505160746848,seq,0.27723679354877756,0.030341382785693285,0.21776877604767514,0.33670481104988,1
70,2500,5,stress,ccmar,0.2558505160746848,full,0.24248454192605454,0.008412533881407306,0.22599627849977327,0.2589728053523358,1
70,2500,5,stress,ccmar,0.2558505160746848,cc,0.24299953698869411,0.014659613838956325,0.21426722183707475,0.2717318521403135,1
70,2500,5,stress,ccmar,0.2558505160746848,seq,0.2391850580256576,0.01424066809176394,0.21127386145001154,0.26709625460130365,1
71,2500,5,stress,ccmar,0.2558505160746848,full,0.2551685236268368,0.008786665340645622,0.237946976014965,0.27239007123870856,1
71,2500,5,stress,ccmar,0.2558505160746848,cc,0.23099043942044792,0.03061350984864675,0.17098906267673805,0.2909918161641578,1
71,2500,5,stress,ccmar,0.2558505160746848,seq,0.22503408911607448,0.030067607543623646,0.1661026612292873,0.28396551700286166,1
72,2500,5,stress,ccmar,0.2558505160746848,full,0.2472505339578971,0.010114982154302721,0.22742553323119838,0.2670755346845958,1
72,2500,5,stress,ccmar,0.2558505160746848,cc,0.237195297707866,0.03385226424912144,0.1708460789844551,0.3035445164312769,1
72,2500,5,stress,ccmar,0.2558505160746848,seq,0.24588230159422214,0.03449328122740605,0.17827671267989473,0.3134878905085495,1
73,2500,5,stress,ccmar,0.2558505160746848,full,0.24760146004634562,0.008849589268165507,0.23025658380276906,0.2649463362899222,1
73,2500,5,stress,ccmar,0.2558505160746848,cc,0.25727404373376056,0.026895464091440346,0.2045599027670472,0.3099881847004739,1
73,2500,5,stress,ccmar,0.2558505160746848,seq,0.2548179131219399,0.02668579165523977,0.20251472257873043,0.3071211036651494,1
74,2500,5,stress,ccmar,0.2558505160746848,full,0.2654912044736599,0.011340678165296506,0.24326388370941898,0.28771852523790087,1
74,2500,5,stress,ccmar,0.2558505160746848,cc,0.27452224320051627,0.017577160706395697,0.2400716412655081,0.3089728451355245,1
74,2500,5,stress,ccmar,0.2558505160746848,seq,0.27538459752385475,0.017383764439437784,0.24131304530682857,0.3094561497408809,1
75,2500,5,stress,ccmar,0.2558505160746848,full,0.24085878709294548,0.009405300128224946,0.22242473757783462,0.2592928366080563,1
75,2500,5,stress,ccmar,0.2558505160746848,cc,0.24262655410365996,0.017881553875299053,0.2075793525204612,0.27767375568685876,1
75,2500,5,stress,ccmar,0.2558505160746848,seq,0.24495885510478202,0.017708855860176197,0.2102501354114256,0.2796675747981384,1
76,2500,5,stress,ccmar,0.2558505160746848,full,0.2570512358593361,0.01167424124933053,0.23417014346381637,0.2799323282548558,1
76,2500,5,stress,ccmar,0.2558505160746848,cc,0.2703008612957389,0.028594619225894485,0.2142564374613491,0.32634528513012867,1
76,2500,5,stress,ccmar,0.2558505160746848,seq,0.2641328210685446,0.02876480793752483,0.20775483348878404,0.3205108086483051,1
77,2500,5,stress,ccmar,0.2558505160746848,full,0.2648568275819305,0.00904918372284614,0.247120753395666,0.282592901768195,1
77,2500,5,stress,ccmar,0.2558505160746848,cc,0.3131840847157302,0.0505811416306319,0.21404686882277213,0.4123213006086883,1
77,2500,5,stress,ccmar,0.2558505160746848,seq,0.30193166969816676,0.0508511170672793,0.20226531167266926,0.40159802772366426,1
78,2500,5,stress,ccmar,0.2558505160746848,full,0.2665519371218277,0.009912910212471657,0.24712299012340394,0.2859808841202514,1
78,2500,5,stress,ccmar,0.2558505160746848,cc,0.24533365885754393,0.01894252839252296,0.20820698543207153,0.28246033228301637,1
78,2500,5,stress,ccmar,0.2558505160746848,seq,0.25420635118848695,0.01920518812979872,0.21656487413776532,0.2918478282392086,1
79,2500,5,stress,ccmar,0.2558505160746848,full,0.27795073829950395,0.009125240499919097,0.26006559556939624,0.29583588102961167,0
79,2500,5,stress,ccmar,0.2558505160746848,cc,0.31904570180835323,0.09757698977355529,0.1277983161323517,0.5102930874843548,1
79,2500,5,stress,ccmar,0.2558505160746848,seq,0.32263556725178716,0.09742459988871711,0.13168686026167667,0.5135842742418977,1
80,2500,5,stress,ccmar,0.2558505160746848,full,0.2504295646188504,0.009438159165724432,0.2319311125736739,0.2689280166640269,1
80,2500,5,stress,ccmar,0.2558505160746848,cc,0.2592985474152785,0.02030309960833803,0.2195052034084067,0.2990918914221503,1
80,2500,5,stress,ccmar,0.2558505160746848,seq,0.2653117930538339,0.020166544438193875,0.22578609226234736,0.30483749384532044,1
81,2500,5,stress,ccmar,0.2558505160746848,full,0.2420797046995083,0.011534584932060358,0.2194723336560516,0.26468707574296496,1
81,2500,5,stress,ccmar,0.2558505160746848,cc,0.2630856101789688,0.03080082145865747,0.20271710942575172,0.3234541109321859,1
81,2500,5,stress,ccmar,0.2558505160746848,seq,0.2686161714194705,0.030357246653498163,0.209117061308815,0.3281152815301259,1
82,2500,5,stress,ccmar,0.2558505160746848,full,0.23173348185284895,0.008817768484189416,0.21445097319982534,0.24901599050587256,0
82,2500,5,stress,ccmar,0.2558505160746848,cc,0.23052484881801127,0.015913555304146412,0.19933485355589797,0.2617148440801246,1
82,2500,5,stress,ccmar,0.2558505160746848,seq,0.23407887572212002,0.015516406985290433,0.20366727686148506,0.264490474582755,1
83,2500,5,stress,ccmar,0.2558505160746848,full,0.26560073975069637,0.009529890725615173,0.24692249715188835,0.2842789823495044,1
83,2500,5,stress,ccmar,0.2558505160746848,cc,0.2838952844692842,0.02014640190272994,0.2444090623218643,0.3233815066167041,1
83,2500,5,stress,ccmar,0.2558505160746848,seq,0.28022735536238313,0.019144012051727447,0.24270578122139658,0.3177489295033697,1
84,2500,5,stress,ccmar,0.2558505160746848,full,0.2642410902934158,0.009099524762569996,0.2464063494823482,0.28207583110448337,1
84,2500,5,stress,ccmar,0.2558505160746848,cc,0.3125095720994271,0.015508999342868583,0.2821124919511493,0.3429066522477049,0
84,2500,5,stress,ccmar,0.2558505160746848,seq,0.3098190255810701,0.01534283944282923,0.27974761285254424,0.339890438309596,0
85,2500,5,stress,ccmar,0.2558505160746848,full,0.2656078416113881,0.0088988085244634,0.24816649739812183,0.2830491858246544,1
85,2500,5,stress,ccmar,0.2558505160746848,cc,0.19571102094258203,0.01845113648021074,0.15954745796753583,0.23187458391762822,0
85,2500,5,stress,ccmar,0.2558505160746848,seq,0.1940085044731483,0.018330981433989903,0.15808044106125568,0.2299365678850409,0
86,2500,5,stress,ccmar,0.2558505160746848,full,0.24989203881225813,0.00968382720644363,0.2309120862551195,0.26887199136939677,1
86,2500,5,stress,ccmar,0.2558505160746848,cc,0.2514500378837766,0.01952559665717204,0.21318057165906373,0.2897195041084895,1
86,2500,5,stress,ccmar,0.2558505160746848,seq,0.24985020415578416,0.02000038847054245,0.2106501630767108,0.2890502452348575,1
87,2500,5,stress,ccmar,0.2558505160746848,full,0.2501186692340893,0.008903150092194178,0.23266881570443426,0.2675685227637444,1
87,2500,5,stress,ccmar,0.2558505160746848,cc,0.21694372845039625,0.020116960857662892,0.17751520969097498,0.2563722472098175,1
87,2500,5,stress,ccmar,0.2558505160746848,seq,0.2132749249987704,0.020263237808847326,0.17355970868325932,0.2529901413142815,0
88,2500,5,stress,ccmar,0.2558505160746848,full,0.24900341494043177,0.010617629552091456,0.22819324341714436,0.26981358646371917,1
88,2500,5,stress,ccmar,0.2558505160746848,cc,0.26119079996958644,0.0666364936254972,0.13058567240757904,0.39179592753159387,1
88,2500,5,stress,ccmar,0.2558505160746848,seq,0.2588820782572241,0.06659335885910403,0.12836149328382884,0.38940266323061934,1
89,2500,5,stress,ccmar,0.2558505160746848,full,0.25726810403304545,0.008836607520663547,0.23994867154702912,0.27458753651906176,1
89,2500,5,stress,ccmar,0.2558505160746848,cc,0.2010108617159358,0.026003652073735985,0.150044640184903,0.2519770832469686,0
89,2500,5,stress,ccmar,0.2558505160746848,seq,0.21010794704494976,0.025879820929490344,0.15938443009680278,0.26083146399309676,1
90,2500,5,stress,ccmar,0.2558505160746848,full,0.2643555187615365,0.009370255572071927,0.24599015531433976,0.28272088220873326,1
90,2500,5,stress,ccmar,0.2558505160746848,cc,0.26377465263363137,0.023297907879192038,0.218111592275283,0.3094377129919797,1
90,2500,5,stress,ccmar,0.2558505160746848,seq,0.27027652246716827,0.023445758883957845,0.22432367946440088,0.31622936546993563,1
91,2500,5,stress,ccmar,0.2558505160746848,full,0.24404696073336826,0.008893611408941023,0.22661580267934933,0.2614781187873872,1
91,2500,5,stress,ccmar,0.2558505160746848,cc,0.2641402927337817,0.017999374854334386,0.2288621662750504,0.299418419192513,1
91,2500,5,stress,ccmar,0.2558505160746848,seq,0.2623209162921559,0.017566007811618524,0.22789217362923436,0.2967496589550775,1
92,2500,5,stress,ccmar,0.2558505160746848,full,0.25493980225935065,0.011024386606541307,0.23333240155888393,0.27654720295981733,1
92,2500,5,stress,ccmar,0.2558505160746848,cc,0.19667819122566718,0.021050519471729753,0.15541993120521774,0.23793645124611662,0
92,2500,5,stress,ccmar,0.2558505160746848,seq,0.18279703041252907,0.020365902083198644,0.14288059581679047,0.22271346500826766,0
93,2500,5,stress,ccmar,0.2558505160746848,full,0.25393494435195724,0.010421596807346951,0.2335089899481596,0.27436089875575487,1
93,2500,5,stress,ccmar,0.2558505160746848,cc,0.22995897542025867,0.02082332587854409,0.1891460066599714,0.27077194418054595,1
93,2500,5,stress,ccmar,0.2558505160746848,seq,0.22901597115327332,0.020267590038767828,0.18929222462386563,0.268739717682681,1
94,2500,5,stress,ccmar,0.2558505160746848,full,0.24143597732964067,0.008826419733252176,0.22413651254003278,0.2587354421192486,1
94,2500,5,stress,ccmar,0.2558505160746848,cc,0.2601198698771491,0.017544775850245393,0.22573274109384,0.29450699866045815,1
94,2500,5,stress,ccmar,0.2558505160746848,seq,0.2539261270091524,0.016892799593065434,0.22081684820869127,0.2870354058096135,1
95,2500,5,stress,ccmar,0.2558505160746848,full,0.24654992899601894,0.008757158112120621,0.22938621448933974,0.2637136435026981,1
95,2500,5,stress,ccmar,0.2558505160746848,cc,0.24653459894485258,0.022522119131598878,0.20239205659139825,0.2906771412983069,1
95,2500,5,stress,ccmar,0.2558505160746848,seq,0.24930173311747175,0.022256896619183345,0.2056790173362411,0.2929244488987024,1
96,2500,5,stress,ccmar,0.2558505160746848,full,0.27728541796830924,0.009731826737865218,0.2582113880583095,0.296359447878309,0
96,2500,5,stress,ccmar,0.2558505160746848,cc,0.28863231020345165,0.022991074345018177,0.2435706325213332,0.3336939878855701,1
96,2500,5,stress,ccmar,0.2558505160746848,seq,0.2869255718722251,0.022965770335135915,0.24191348913814037,0.33193765460630986,1
97,2500,5,stress,ccmar,0.2558505160746848,full,0.24769846157755518,0.009359716079703855,0.2293537551558152,0.26604316799929517,1
97,2500,5,stress,ccmar,0.2558505160746848,cc,0.2862211382568283,0.03614865351815738,0.21537107927162275,0.3570711972420339,1
97,2500,5,stress,ccmar,0.2558505160746848,seq,0.2773356194781772,0.0359177942133938,0.2069380364158042,0.3477332025405502,1
98,2500,5,stress,ccmar,0.2558505160746848,full,0.2421507996208827,0.009278026314443138,0.22396620219695926,0.2603353970448061,1
98,2500,5,stress,ccmar,0.2558505160746848,cc,0.19125734767355412,0.02239953229579092,0.14735507110326213,0.23515962424384612,0
98,2500,5,stress,ccmar,0.2558505160746848,seq,0.19028687543017406,0.021700484299741717,0.1477547077556034,0.23281904310474472,0
99,2500,5,stress,ccmar,0.2558505160746848,full,0.24470890336056386,0.008710412619971237,0.22763680833493707,0.2617809983861907,1
99,2500,5,stress,ccmar,0.2558505160746848,cc,0.21871574910167138,0.044750882170437205,0.13100563177121882,0.30642586643212394,1
99,2500,5,stress,ccmar,0.2558505160746848,seq,0.22819253147161744,0.04473259718768562,0.1405182520488159,0.315866810894419,1
100,2500,5,stress,ccmar,0.2558505160746848,full,0.27873298954827735,0.009687928026410856,0.2597449995316959,0.2977209795648588,0
100,2500,5,stress,ccmar,0.2558505160746848,cc,0.3162377287150213,0.03801635085120968,0.24172705022301172,0.3907484072070309,1
100,2500,5,stress,ccmar,0.2558505160746848,seq,0.31904565947990954,0.03779752703810064,0.2449638677805534,0.3931274511792657,1
101,2500,5,stress,ccmar,0.2558505160746848,full,0.2639494910739183,0.010483900679433921,0.2434014233247328,0.2844975588231038,1
101,2500,5,stress,ccmar,0.2558505160746848,cc,0.2245727179549148,0.02084308926729578,0.18372101366446172,0.2654244222453679,1
101,2500,5,stress,ccmar,0.2558505160746848,seq,0.22987993146817934,0.020311609842139502,0.19006990770955662,0.26968995522680206,1
102,2500,5,stress,ccmar,0.2558505160746848,full,0.24138305098727406,0.00910471600245965,0.22353813553298765,0.2592279664415605,1
102,2500,5,stress,ccmar,0.2558505160746848,cc,0.30608833845363176,0.021272220976536332,0.26439555146844307,0.34778112543882045,0
102,2500,5,stress,ccmar,0.2558505160746848,seq,0.3064762200476216,0.021199081016056862,0.2649267847508034,0.3480256553444398,0
103,2500,5,stress,ccmar,0.2558505160746848,full,0.2574616109878222,0.00864154849388506,0.24052448716915115,0.2743987348064933,1
103,2500,5,stress,ccmar,0.2558505160746848,cc,0.2751750129260206,0.015673422428590725,0.24445566945150046,0.30589435640054075,1
103,2500,5,stress,ccmar,0.2558505160746848,seq,0.2747902983029523,0.015292355973965902,0.2448178313552132,0.3047627652506914,1
104,2500,5,stress,ccmar,0.2558505160746848,full,0.2724499119079705,0.010181352563631292,0.25249482756934866,0.2924049962465924,1
104,2500,5,stress,ccmar,0.2558505160746848,cc,0.22156229268208927,0.017633888235548355,0.18700050683300992,0.2561240785311686,1
104,2500,5,stress,ccmar,0.2558505160746848,seq,0.21122970386733686,0.016861762068457836,0.1781812574972759,0.24427815023739782,0
105,2500,5,stress,ccmar,0.2558505160746848,full,0.26354452438745357,0.009573040988400396,0.24478170882766306,0.28230733994724405,1
105,2500,5,stress,ccmar,0.2558505160746848,cc,0.22080185580036105,0.0189133306840615,0.1837324088319042,0.25787130276881787,1
105,2500,5,stress,ccmar,0.2558505160746848,seq,0.2235477334240556,0.01832531659190697,0.18763077289862365,0.25946469394948757,1
106,2500,5,stress,ccmar,0.2558505160746848,full,0.24839237173391207,0.00944373274338362,0.22988299567725853,0.26690174779056564,1
106,2500,5,stress,ccmar,0.2558505160746848,cc,0.21726695132900367,0.04407818815447771,0.13087529004244733,0.30365861261556004,1
106,2500,5,stress,ccmar,0.2558505160746848,seq,0.22090684824488227,0.04433654526754312,0.13400881632156797,0.30780488016819657,1
107,2500,5,stress,ccmar,0.2558505160746848,full,0.26419040064236965,0.00923377581644251,0.2460925326008254,0.2822882686839139,1
107,2500,5,stress,ccmar,0.2558505160746848,cc,0.24175781908831978,0.023264606681625027,0.1961600278778448,0.28735561029879475,1
107,2500,5,stress,ccmar,0.2558505160746848,seq,0.2420380314776389,0.022872922069757523,0.1972079279997228,0.28686813495555497,1
108,2500,5,stress,ccmar,0.2558505160746848,full,0.25108838611545325,0.010850067027297985,0.22982264551210363,0.2723541267188029,1
108,2500,5,stress,ccmar,0.2558505160746848,cc,0.22755300528715097,0.017843670411196375,0.19258005392920308,0.26252595664509887,1
108,2500,5,stress,ccmar,0.2558505160746848,seq,0.22750049141368708,0.017701422946169897,0.1928063399640832,0.26219464286329097,1
109,2500,5,stress,ccmar,0.2558505160746848,full,0.2511199934583607,0.00932066927967749,0.23285181735838395,0.2693881695583375,1
109,2500,5,stress,ccmar,0.2558505160746848,cc,0.24215707299888364,0.014536602668624226,0.21366585531081134,0.27064829068695595,1
109,2500,5,stress,ccmar,0.2558505160746848,seq,0.23426998054480647,0.013888344381886743,0.20704932575141927,0.26149063533819367,1
110,2500,5,stress,ccmar,0.2558505160746848,full,0.24665447755547598,0.008834930682562197,0.2293383316117462,0.26397062349920575,1
110,2500,5,stress,ccmar,0.2558505160746848,cc,0.22018026187116174,0.01965042654475258,0.18166613356259684,0.2586943901797267,1
110,2500,5,stress,ccmar,0.2558505160746848,seq,0.2181184630543938,0.01939667157972355,0.18010168533818402,0.2561352407706036,1
111,2500,5,stress,ccmar,0.2558505160746848,full,0.25568026145425116,0.009259823419286406,0.23753134104924928,0.27382918185925303,1
111,2500,5,stress,ccmar,0.2558505160746848,cc,0.21203045839382317,0.021224420740280907,0.17043135815014765,0.2536295586374987,0
111,2500,5,stress,ccmar,0.2558505160746848,seq,0.21010904935727068,0.020803807945516617,0.1693343350427699,0.25088376367177145,0
112,2500,5,stress,ccmar,0.2558505160746848,full,0.24410182240386208,0.009804683569151653,0.2248849957285132,0.26331864907921093,1
112,2500,5,stress,ccmar,0.2558505160746848,cc,0.2848353427414082,0.0255881042481062,0.2346835799824637,0.3349871055003527,1
112,2500,5,stress,ccmar,0.2558505160746848,seq,0.2879385114531893,0.025026738302390363,0.23888700572999513,0.33699001717638355,1
113,2500,5,stress,ccmar,0.2558505160746848,full,0.2357196998096449,0.008645439939377917,0.21877494889796004,0.25266445072132976,0
113,2500,5,stress,ccmar,0.2558505160746848,cc,0.2669670523366218,0.01925039384924609,0.2292369737038881,0.3046971309693555,1
113,2500,5,stress,ccmar,0.2558505160746848,seq,0.2741057633966978,0.019495565678811885,0.23589515680799134,0.31231636998540424,1
114,2500,5,stress,ccmar,0.2558505160746848,full,0.2539616506489645,0.009332028445928639,0.23567121099224106,0.2722520903056879,1
114,2500,5,stress,ccmar,0.2558505160746848,cc,0.23328953123802898,0.04518290448424254,0.1447326657320003,0.3218463967440577,1
114,2500,5,stress,ccmar,0.2558505160746848,seq,0.22820921661129379,0.04527804400680781,0.13946588106753083,0.31695255215505674,1
115,2500,5,stress,ccmar,0.2558505160746848,full,0.25926946501227666,0.009151486647947314,0.24133288077730075,0.27720604924725256,1
115,2500,5,stress,ccmar,0.2558505160746848,cc,0.2376311548207088,0.019888014608659313,0.19865136246373008,0.2766109471776875,1
115,2500,5,stress,ccmar,0.2558505160746848,seq,0.24501833556751454,0.020310648506483044,0.20521019599215554,0.2848264751428735,1
116,2500,5,stress,ccmar,0.2558505160746848,full,0.2695423296531881,0.009214441559706939,0.2514823560585134,0.2876023032478628,1
116,2500,5,stress,ccmar,0.2558505160746848,cc,0.1686626197097922,0.025057304590674144,0.11955120516242074,0.21777403425716368,0
116,2500,5,stress,ccmar,0.2558505160746848,seq,0.16878850885017174,0.0251204217454819,0.11955338695257042,0.21802363074777306,0
117,2500,5,stress,ccmar,0.2558505160746848,full,0.26799547527456596,0.0106802589878111,0.247062552312896,0.28892839823623595,1
117,2500,5,stress,ccmar,0.2558505160746848,cc,0.33941673996571553,0.08269402210687182,0.17733943489948772,0.5014940450319434,1
117,2500,5,stress,ccmar,0.2558505160746848,seq,0.3481547857510483,0.08698541431584822,0.17766650651169097,0.5186430649904057,1
118,2500,5,stress,ccmar,0.2558505160746848,full,0.22928535003630487,0.030575605436453716,0.16935826457534853,0.2892124354972612,1
118,2500,5,stress,ccmar,0.2558505160746848,cc,0.16927487506761507,0.09113774768892023,-0.00935182803476714,0.3479015781699973,1
118,2500,5,stress,ccmar,0.2558505160746848,seq,0.1660072501268649,0.09110875733242704,-0.012562632920891659,0.34457713317462146,1
119,2500,5,stress,ccmar,0.2558505160746848,full,0.24654146781434275,0.009062030154063476,0.22878021508556237,0.2643027205431231,1
119,2500,5,stress,ccmar,0.2558505160746848,cc,0.25563322310535186,0.02159779768876402,0.21330231748999195,0.29796412872071176,1
119,2500,5,stress,ccmar,0.2558505160746848,seq,0.26559514524586364,0.021281938723783356,0.22388331182605994,0.30730697866566736,1
120,2500,5,stress,ccmar,0.2558505160746848,full,0.24378727013252055,0.008727253227887309,0.2266821681219005,0.2608923721431406,1
120,2500,5,stress,ccmar,0.2558505160746848,cc,0.23568068735650705,0.03126214313436923,0.17440801273360723,0.29695336197940686,1
120,2500,5,stress,ccmar,0.2558505160746848,seq,0.24709711616812255,0.030896857373373887,0.18654038848083893,0.3076538438554062,1
121,2500,5,stress,ccmar,0.2558505160746848,full,0.2689429780462281,0.008917954715858245,0.2514641079873868,0.2864218481050694,1
121,2500,5,stress,ccmar,0.2558505160746848,cc,0.29720985978227366,0.016231270831180037,0.2653971535298453,0.32902256603470204,0
121,2500,5,stress,ccmar,0.2558505160746848,seq,0.2991567644965191,0.01621340543414687,0.26737907377884523,0.330934455214193,0
122,2500,5,stress,ccmar,0.2558505160746848,full,0.24898617909651694,0.009662887653864112,0.23004726730828653,0.26792509088474736,1
122,2500,5,stress,ccmar,0.2558505160746848,cc,0.26410698693437623,0.015583437506283352,0.2335640106667302,0.2946499632020223,1
122,2500,5,stress,ccmar,0.2558505160746848,seq,0.2597117593077861,0.015828983527802567,0.22868752168141532,0.2907359969341569,1
123,2500,5,stress,ccmar,0.2558505160746848,full,0.2829385366288999,0.010240318413160419,0.2628678813488831,0.3030091919089167,0
123,2500,5,stress,ccmar,0.2558505160746848,cc,0.3283913116411583,0.05135403439846013,0.2277392537593454,0.42904336952297123,1
123,2500,5,stress,ccmar,0.2558505160746848,seq,0.3147893663981345,0.0515090000523372,0.21383358141588182,0.41574515138038715,1
124,2500,5,stress,ccmar,0.2558505160746848,full,0.2738698779591631,0.009286977699175141,0.2556677361435532,0.29207201977477304,1
124,2500,5,stress,ccmar,0.2558505160746848,cc,0.26897612723540315,0.0170464296655216,0.23556573902598565,0.30238651544482065,1
124,2500,5,stress,ccmar,0.2558505160746848,seq,0.259696696307192,0.017341940472195453,0.22570711755965137,0.2936862750547326,1
125,2500,5,stress,ccmar,0.2558505160746848,full,0.24962970187633304,0.008535939518662092,0.23289956784554317,0.2663598359071229,1
125,2500,5,stress,ccmar,0.2558505160746848,cc,0.245381527283823,0.0185646644165691,0.2089954536422753,0.28176760092537073,1
125,2500,5,stress,ccmar,0.2558505160746848,seq,0.25208044686348996,0.018204690386882917,0.2163999093554969,0.287760984371483,1
126,2500,5,stress,ccmar,0.2558505160746848,full,0.2614196551849873,0.00945171616046685,0.24289463191837704,0.2799446784515975,1
126,2500,5,stress,ccmar,0.2558505160746848,cc,0.1824812484401665,0.06438284858467686,0.056293183992104284,0.30866931288822874,1
126,2500,5,stress,ccmar,0.2558505160746848,seq,0.18690565123741382,0.06432006207096017,0.06084064609495113,0.31297065637987653,1
127,2500,5,stress,ccmar,0.2558505160746848,full,0.2628912697459601,0.012233652383972081,0.23891375167399226,0.28686878781792796,1
127,2500,5,stress,ccmar,0.2558505160746848,cc,0.2578725651165834,0.06848450861143311,0.12364539473925132,0.3920997354939155,1
127,2500,5,stress,ccmar,0.2558505160746848,seq,0.2574539522481675,0.06780490052200933,0.12455878924970809,0.39034911524662685,1
128,2500,5,stress,ccmar,0.2558505160746848,full,0.2506859260303796,0.009106969322104842,0.23283659415074295,0.26853525791001626,1
128,2500,5,stress,ccmar,0.2558505160746848,cc,0.24332934796693884,0.016478346974081126,0.21103238137298524,0.2756263145608924,1
128,2500,5,stress,ccmar,0.2558505160746848,seq,0.24077858409165137,0.016860042707382873,0.20773350760737375,0.273823660575929,1
129,2500,5,stress,ccmar,0.2558505160746848,full,0.267422227581467,0.009716906477642603,0.24837744084414354,0.28646701431879046,1
129,2500,5,stress,ccmar,0.2558505160746848,cc,0.2965879766583918,0.020066360339620327,0.25725863309193303,0.3359173202248506,0
129,2500,5,stress,ccmar,0.2558505160746848,seq,0.2968462923562486,0.01995961205167137,0.2577261715895811,0.3359664131229161,0
130,2500,5,stress,ccmar,0.2558505160746848,full,0.2663535368561034,0.008512242838752663,0.2496698474644892,0.2830372262477176,1
130,2500,5,stress,ccmar,0.2558505160746848,cc,0.300070622252621,0.023443008237486396,0.25412317041787186,0.3460180740873701,1
130,2500,5,stress,ccmar,0.2558505160746848,seq,0.305911825978856,0.023060743663480515,0.26071359894172397,0.3511100530159881,0
131,2500,5,stress,ccmar,0.2558505160746848,full,0.2682267699113194,0.009940945718008142,0.24874287433175576,0.28771066549088303,1
131,2500,5,stress,ccmar,0.2558505160746848,cc,0.23584188846170168,0.02127181397679797,0.1941498991813419,0.27753387774206145,1
131,2500,5,stress,ccmar,0.2558505160746848,seq,0.2280112113063278,0.02042205287215302,0.18798472318653509,0.2680376994261205,1
132,2500,5,stress,ccmar,0.2558505160746848,full,0.2614130961430847,0.009250077970781955,0.24328327646616474,0.2795429158200047,1
132,2500,5,stress,ccmar,0.2558505160746848,cc,0.27280982706779944,0.016065641994771937,0.2413217473695322,0.30429790676606666,1
132,2500,5,stress,ccmar,0.2558505160746848,seq,0.2721872870791976,0.015831026052549456,0.24115904617788536,0.3032155279805098,1
133,2500,5,stress,ccmar,0.2558505160746848,full,0.24279118899591304,0.009024897111823707,0.22510271569255902,0.26047966229926706,1
133,2500,5,stress,ccmar,0.2558505160746848,cc,0.2538005111719743,0.014740756762610607,0.22490915881239223,0.2826918635315563,1
133,2500,5,stress,ccmar,0.2558505160746848,seq,0.2504974393825085,0.014547972262066531,0.2219839377007704,0.2790109410642466,1
134,2500,5,stress,ccmar,0.2558505160746848,full,0.2536649604434222,0.009112232342721169,0.23580531323292764,0.2715246076539167,1
134,2500,5,stress,ccmar,0.2558505160746848,cc,0.25519516831275224,0.01566671346854663,0.22448897415829225,0.2859013624672122,1
134,2500,5,stress,ccmar,0.2558505160746848,seq,0.2564396120293496,0.014781613700313435,0.22746818154335144,0.28541104251534777,1
135,2500,5,stress,ccmar,0.2558505160746848,full,0.25366426073669646,0.012584757288061714,0.22899858969791753,0.2783299317754754,1
135,2500,5,stress,ccmar,0.2558505160746848,cc,0.2687560146542066,0.0218524953636897,0.2259259107690463,0.31158611853936696,1
135,2500,5,stress,ccmar,0.2558505160746848,seq,0.2609428408777607,0.021914860553622847,0.21799050346644241,0.30389517828907897,1
136,2500,5,stress,ccmar,0.2558505160746848,full,0.2518099985206798,0.009618008603651761,0.232959048054526,0.2706609489868336,1
136,2500,5,stress,ccmar,0.2558505160746848,cc,0.2863688580438119,0.018505999049391698,0.2500977664090717,0.3226399496785521,1
136,2500,5,stress,ccmar,0.2558505160746848,seq,0.2802825952182431,0.01841308491163437,0.24419361194716188,0.31637157848932435,1
137,2500,5,stress,ccmar,0.2558505160746848,full,0.2756969748400906,0.009065070205896995,0.2579297637192054,0.2934641859609758,0
137,2500,5,stress,ccmar,0.2558505160746848,cc,0.2135958272989875,0.028356458027278417,0.1580181908364001,0.2691734637615749,1
137,2500,5,stress,ccmar,0.2558505160746848,seq,0.2119835562575164,0.028037180490008824,0.15703169226905003,0.26693542024598277,1
138,2500,5,stress,ccmar,0.2558505160746848,full,0.23612482188074263,0.008999044164960971,0.2184870194221338,0.2537626243393515,0
138,2500,5,stress,ccmar,0.2558505160746848,cc,0.36660856565324496,0.02236270582669139,0.3227784676360658,0.4104386636704241,0
138,2500,5,stress,ccmar,0.2558505160746848,seq,0.35698352592387045,0.021506727649032734,0.3148311143064545,0.3991359375412864,0
139,2500,5,stress,ccmar,0.2558505160746848,full,0.25430839152247847,0.00927711111443667,0.23612558785760634,0.2724911951873506,1
139,2500,5,stress,ccmar,0.2558505160746848,cc,0.3101802977607232,0.02133456627670811,0.2683653162325925,0.3519952792888539,0
139,2500,5,stress,ccmar,0.2558505160746848,seq,0.3086994287095362,0.021055058366801042,0.26743227261821745,0.34996658480085496,0
140,2500,5,stress,ccmar,0.2558505160746848,full,0.25350896080505175,0.010002148393224912,0.23390511018630575,0.27311281142379773,1
140,2500,5,stress,ccmar,0.2558505160746848,cc,0.2522355255253665,0.023651616686269483,0.20587920864413173,0.29859184240660125,1
140,2500,5,stress,ccmar,0.2558505160746848,seq,0.24564747995998937,0.023692732851163197,0.19921057687638052,0.29208438304359824,1
141,2500,5,stress,ccmar,0.2558505160746848,full,0.26346231947054244,0.009827860703461599,0.2442000664466812,0.28272457249440364,1
141,2500,5,stress,ccmar,0.2558505160746848,cc,0.28011330015133,0.013225562633662884,0.25419167371407203,0.306034926588588,1
141,2500,5,stress,ccmar,0.2558505160746848,seq,0.2866819288470013,0.01290157263501931,0.2613953111384359,0.31196854655556666,0
142,2500,5,stress,ccmar,0.2558505160746848,full,0.2368625969547552,0.00942785879002267,0.21838433327498138,0.255340860634529,0
142,2500,5,stress,ccmar,0.2558505160746848,cc,0.1905427858234598,0.03500481187822288,0.12193461525654306,0.25915095639037655,1
142,2500,5,stress,ccmar,0.2558505160746848,seq,0.18950742503471774,0.03473501268770667,0.12142805116427083,0.25758679890516467,1
143,2500,5,stress,ccmar,0.2558505160746848,full,0.24653002876776842,0.00831232967273905,0.23023816198157626,0.26282189555396057,1
143,2500,5,stress,ccmar,0.2558505160746848,cc,0.2662977893707739,0.015729755560358535,0.23546803498685254,0.2971275437546953,1
143,2500,5,stress,ccmar,0.2558505160746848,seq,0.26537562554167554,0.01552544227380793,0.23494631784095635,0.2958049332423947,1
144,2500,5,stress,ccmar,0.2558505160746848,full,0.25781043184457153,0.008982235801404819,0.24020557317317182,0.27541529051597125,1
144,2500,5,stress,ccmar,0.2558505160746848,cc,0.21068097138559705,0.018859758524871248,0.17371652391972714,0.24764541885146696,0
144,2500,5,stress,ccmar,0.2558505160746848,seq,0.2129376122129489,0.017617887830383604,0.17840718658173052,0.2474680378441673,0
145,2500,5,stress,ccmar,0.2558505160746848,full,0.25981027479061786,0.008796263145280016,0.242569915827332,0.2770506337539037,1
145,2500,5,stress,ccmar,0.2558505160746848,cc,0.24997584757136493,0.02590914835131966,0.19919484993267306,0.3007568452100568,1
145,2500,5,stress,ccmar,0.2558505160746848,seq,0.25760560320625364,0.02599720022553482,0.2066520270653288,0.30855917934717847,1
146,2500,5,stress,ccmar,0.2558505160746848,full,0.2568328521788929,0.008656275969609876,0.239866863038218,0.2737988413195678,1
146,2500,5,stress,ccmar,0.2558505160746848,cc,0.27672464380113315,0.015211653190088768,0.24691035140324535,0.30653893619902095,1
146,2500,5,stress,ccmar,0.2558505160746848,seq,0.2779044011354627,0.015068898520063696,0.24836990274944895,0.30743889952147646,1
147,2500,5,stress,ccmar,0.2558505160746848,full,0.26749363340646576,0.010593035178167958,0.24673166597029073,0.2882556008426408,1
147,2500,5,stress,ccmar,0.2558505160746848,cc,0.2693533740468723,0.021899051584526413,0.22643202164561574,0.31227472644812887,1
147,2500,5,stress,ccmar,0.2558505160746848,seq,0.26747101513782573,0.02174698643199542,0.2248477049588335,0.31009432531681796,1
148,2500,5,stress,ccmar,0.2558505160746848,full,0.250147579173834,0.008715676416028006,0.23306516729751398,0.26722999105015405,1
148,2500,5,stress,ccmar,0.2558505160746848,cc,0.22888034927407636,0.027834391980240653,0.17432594346123415,0.28343475508691857,1
148,2500,5,stress,ccmar,0.2558505160746848,seq,0.2293355037242638,0.027704246595270262,0.1750361781787177,0.28363482926980993,1
149,2500,5,stress,ccmar,0.2558505160746848,full,0.24911443253151638,0.008868017814720179,0.23173343700040525,0.26649542806262755,1
149,2500,5,stress,ccmar,0.2558505160746848,cc,0.33466577408948045,0.03127066984616198,0.2733763874185603,0.3959551607604006,0
149,2500,5,stress,ccmar,0.2558505160746848,seq,0.3366906896337971,0.029497071555965548,0.2788774917347038,0.39450388753289045,0
150,2500,5,stress,ccmar,0.2558505160746848,full,0.23020681882735117,0.009070855924738606,0.21242826790591174,0.2479853697487906,0
150,2500,5,stress,ccmar,0.2558505160746848,cc,0.2462170607342786,0.01894968119870514,0.20907636806630073,0.28335775340225644,1
150,2500,5,stress,ccmar,0.2558505160746848,seq,0.2418861343565156,0.018665196625351585,0.20530302120646793,0.27846924750656327,1
151,2500,5,stress,ccmar,0.2558505160746848,full,0.2656932565419814,0.010971754164019956,0.2441890135332749,0.28719749955068785,1
151,2500,5,stress,ccmar,0.2558505160746848,cc,0.2798989119425433,0.029042395606028216,0.22297686252996368,0.3368209613551229,1
151,2500,5,stress,ccmar,0.2558505160746848,seq,0.27324348918773333,0.029309377817422506,0.21579816425630804,0.3306888141191586,1
152,2500,5,stress,ccmar,0.2558505160746848,full,0.25165634502562423,0.008610406739654644,0.23478025792366017,0.26853243212758826,1
152,2500,5,stress,ccmar,0.2558505160746848,cc,0.2596521600149098,0.017323824840826726,0.22569808725240909,0.29360623277741055,1
152,2500,5,stress,ccmar,0.2558505160746848,seq,0.25993727051103055,0.01684268697189029,0.2269262106432436,0.2929483303788175,1
153,2500,5,stress,ccmar,0.2558505160746848,full,0.2531033729955453,0.009422965371557894,0.23463470023972374,0.27157204575136684,1
153,2500,5,stress,ccmar,0.2558505160746848,cc,0.22287327188540812,0.016107187532051707,0.19130376443035418,0.25444277934046206,0
153,2500,5,stress,ccmar,0.2558505160746848,seq,0.2244169007278966,0.015492440060867741,0.1940522761759503,0.2547815252798429,0
154,2500,5,stress,ccmar,0.2558505160746848,full,0.2925075592635889,0.00947483160182499,0.27393723056443,0.3110778879627478,0
154,2500,5,stress,ccmar,0.2558505160746848,cc,0.3351988571411613,0.02829641238291282,0.279738907978959,0.39065880630336364,0
154,2500,5,stress,ccmar,0.2558505160746848,seq,0.33686004973437794,0.028497175585296058,0.28100661192608356,0.3927134875426723,0
155,2500,5,stress,ccmar,0.2558505160746848,full,0.2510482582406913,0.008745699200923267,0.23390700278726098,0.26818951369412164,1
155,2500,5,stress,ccmar,0.2558505160746848,cc,0.20237728226040258,0.020751894195989894,0.1617043170252766,0.24305024749552856,0
155,2500,5,stress,ccmar,0.2558505160746848,seq,0.20181435817950105,0.02050289748445132,0.1616294175312596,0.24199929882774251,0
156,2500,5,stress,ccmar,0.2558505160746848,full,0.2677640142501616,0.008881874770817538,0.2503558595841643,0.28517216891615893,1
156,2500,5,stress,ccmar,0.2558505160746848,cc,0.2637303146910518,0.02145239449286918,0.22168439410288282,0.30577623527922076,1
156,2500,5,stress,ccmar,0.2558505160746848,seq,0.2678513245624235,0.021000330199941287,0.22669143370708975,0.3090112154177572,1
157,2500,5,stress,ccmar,0.2558505160746848,full,0.24043574831436326,0.009291575625236762,0.22222459472926898,0.25864690189945755,1
157,2500,5,stress,ccmar,0.2558505160746848,cc,0.20670855409173627,0.02391313147435779,0.1598396776444238,0.25357743053904874,0
157,2500,5,stress,ccmar,0.2558505160746848,seq,0.21380131085531312,0.023136181260360142,0.16845522884521674,0.2591473928654095,1
158,2500,5,stress,ccmar,0.2558505160746848,full,0.2644269219176596,0.010230509196916138,0.24437549234819816,0.28447835148712103,1
158,2500,5,stress,ccmar,0.2558505160746848,cc,0.40845353469009377,0.16381720456035773,0.0873777137037619,0.7295293556764256,1
158,2500,5,stress,ccmar,0.2558505160746848,seq,0.408113677723454,0.16397767804503569,0.08672333448667974,0.7295040209602284,1
159,2500,5,stress,ccmar,0.2558505160746848,full,0.2639831053241314,0.00971342312367834,0.24494514583512328,0.2830210648131395,1
159,2500,5,stress,ccmar,0.2558505160746848,cc,0.2668120480199716,0.02112861427412302,0.22540072499945157,0.30822337104049163,1
159,2500,5,stress,ccmar,0.2558505160746848,seq,0.2676815216689428,0.020798365175738,0.2269174749871843,0.30844556835070136,1
160,2500,5,stress,ccmar,0.2558505160746848,full,0.2557565495900215,0.009083315596372623,0.23795357816092017,0.2735595210191228,1
160,2500,5,stress,ccmar,0.2558505160746848,cc,0.29118274661307214,0.017600358442822418,0.2566866779501447,0.32567881527599957,0
160,2500,5,stress,ccmar,0.2558505160746848,seq,0.2933933677559969,0.01761117281159529,0.25887610331975913,0.32791063219223465,0
161,2500,5,stress,ccmar,0.2558505160746848,full,0.24728253049973556,0.010452133392995529,0.2267967254878559,0.2677683355116152,1
161,2500,5,stress,ccmar,0.2558505160746848,cc,0.2492300296294071,0.03402436350467132,0.1825435025633523,0.3159165566954619,1
161,2500,5,stress,ccmar,0.2558505160746848,seq,0.25187485334243054,0.031011501196519776,0.19109342789073097,0.3126562787941301,1
162,2500,5,stress,ccmar,0.2558505160746848,full,0.25710219545271273,0.009477649124641434,0.23852634451030796,0.2756780463951175,1
162,2500,5,stress,ccmar,0.2558505160746848,cc,0.41586402799283134,0.1389396720350264,0.14354727478037266,0.68818078120529,1
162,2500,5,stress,ccmar,0.2558505160746848,seq,0.411301107452444,0.13944797298866038,0.1379881026775554,0.6846141122273326,1
163,2500,5,stress,ccmar,0.2558505160746848,full,0.2347216352759864,0.009248739169748457,0.21659443960087454,0.2528488309510983,0
163,2500,5,stress,ccmar,0.2558505160746848,cc,0.3036783984448392,0.041900912955403886,0.22155411813289982,0.38580267875677854,1
163,2500,5,stress,ccmar,0.2558505160746848,seq,0.30033998736835027,0.04172545184683446,0.21855960450989442,0.3821203702268061,1
164,2500,5,stress,ccmar,0.2558505160746848,full,0.23995526168040218,0.009186317788990858,0.22195040966344048,0.2579601136973639,1
164,2500,5,stress,ccmar,0.2558505160746848,cc,0.23016391757867705,0.01841858960557114,0.19406414530573382,0.2662636898516203,1
164,2500,5,stress,ccmar,0.2558505160746848,seq,0.22424796173956502,0.018466973944736193,0.1880533579044425,0.26044256557468753,1
165,2500,5,stress,ccmar,0.2558505160746848,full,0.25177795427481414,0.009120281974729458,0.23390253007549455,0.26965337847413373,1
165,2500,5,stress,ccmar,0.2558505160746848,cc,0.2823631320375457,0.020761822097547258,0.24167070847292524,0.32305555560216614,1
165,2500,5,stress,ccmar,0.2558505160746848,seq,0.2828442336764107,0.020341274020637953,0.24297606919630005,0.32271239815652136,1
166,2500,5,stress,ccmar,0.2558505160746848,full,0.26052199162541817,0.008607613536460031,0.24365137910111706,0.2773926041497193,1
166,2500,5,stress,ccmar,0.2558505160746848,cc,0.2549411540760717,0.014135731232544725,0.22723562996514607,0.28264667818699735,1
166,2500,5,stress,ccmar,0.2558505160746848,seq,0.2534936733789965,0.014090567610606093,0.22587666834048192,0.28111067841751103,1
167,2500,5,stress,ccmar,0.2558505160746848,full,0.2606187743623841,0.00948661112938457,0.24202535821345353,0.27921219051131474,1
167,2500,5,stress,ccmar,0.2558505160746848,cc,0.24428190530079782,0.014988488983137262,0.2149050067111734,0.27365880389042224,1
167,2500,5,stress,ccmar,0.2558505160746848,seq,0.24136840989820657,0.014947130471085734,0.21207257250265732,0.2706642472937558,1
168,2500,5,stress,ccmar,0.2558505160746848,full,0.26539565664186254,0.009054938804647573,0.24764830270253912,0.28314301058118596,1
168,2500,5,stress,ccmar,0.2558505160746848,cc,0.2802953826358542,0.0268718087014138,0.2276276053816331,0.3329631598900753,1
168,2500,5,stress,ccmar,0.2558505160746848,seq,0.2874932414047422,0.026932047161048273,0.23470739893915338,0.340279083870331,1
169,2500,5,stress,ccmar,0.2558505160746848,full,0.2434569679719702,0.009677564438005343,0.2244892902154141,0.26242464572852625,1
169,2500,5,stress,ccmar,0.2558505160746848,cc,0.2332589012682312,0.026578143886540947,0.18116669647468753,0.2853511060617749,1
169,2500,5,stress,ccmar,0.2558505160746848,seq,0.23862424235524732,0.027047607298904177,0.18561190618141243,0.2916365785290822,1
170,2500,5,stress,ccmar,0.2558505160746848,full,0.2695742248903564,0.009317968464942683,0.25131134228998875,0.287837107490724,1
170,2500,5,stress,ccmar,0.2558505160746848,cc,0.2897750968702279,0.029139905965282476,0.23266193066539037,0.34688826307506543,1
170,2500,5,stress,ccmar,0.2558505160746848,seq,0.29920231497595207,0.028721805282209058,0.24290861105185002,0.3554960189000541,1
171,2500,5,stress,ccmar,0.2558505160746848,full,0.26183178576773525,0.00858969657710169,0.24499628983848895,0.2786672816969815,1
171,2500,5,stress,ccmar,0.2558505160746848,cc,0.19597988262576532,0.02291259271617253,0.15107202610963238,0.24088773914189826,0
171,2500,5,stress,ccmar,0.2558505160746848,seq,0.1904432917810121,0.02221074098890219,0.14691103937281627,0.23397554418920793,0
172,2500,5,stress,ccmar,0.2558505160746848,full,0.2362861782668914,0.009676829441797522,0.21731994107643143,0.2552524154573514,0
172,2500,5,stress,ccmar,0.2558505160746848,cc,0.17603227606230895,0.025790931235306375,0.12548297971335934,0.22658157241125856,0
172,2500,5,stress,ccmar,0.2558505160746848,seq,0.17424299721615594,0.025353906737352855,0.12455025314355692,0.22393574128875496,0
173,2500,5,stress,ccmar,0.2558505160746848,full,0.2682948377073282,0.00938159691742897,0.24990724563169542,0.286682429782961,1
173,2500,5,stress,ccmar,0.2558505160746848,cc,0.2343766230645959,0.026823776427115874,0.1818029873380943,0.2869502587910975,1
173,2500,5,stress,ccmar,0.2558505160746848,seq,0.2312794577393245,0.026578308315772972,0.17918693067040806,0.28337198480824094,1
174,2500,5,stress,ccmar,0.2558505160746848,full,0.25553349391106706,0.010438598683973255,0.23507421644141227,0.27599277138072187,1
174,2500,5,stress,ccmar,0.2558505160746848,cc,0.26152323275651584,0.030476704979335918,0.2017899886295649,0.32125647688346676,1
174,2500,5,stress,ccmar,0.2558505160746848,seq,0.26066736897705534,0.030597230020266233,0.20069790011064575,0.3206368378434649,1
175,2500,5,stress,ccmar,0.2558505160746848,full,0.2755508825643089,0.0089825373628853,0.2579454328432683,0.29315633228534943,0
175,2500,5,stress,ccmar,0.2558505160746848,cc,0.2818359793497625,0.028879001066416495,0.22523417735009238,0.33843778134943264,1
175,2500,5,stress,ccmar,0.2558505160746848,seq,0.2802503581165354,0.02899546857895829,0.22342028398691438,0.33708043224615647,1
176,2500,5,stress,ccmar,0.2558505160746848,full,0.24553979217724017,0.008809942209234258,0.22827262274126178,0.26280696161321854,1
176,2500,5,stress,ccmar,0.2558505160746848,cc,0.21305948902133323,0.04919446013123391,0.11664011892522319,0.3094788591174433,1
176,2500,5,stress,ccmar,0.2558505160746848,seq,0.2156950747139258,0.048908577631513975,0.11983602402107711,0.31155412540677446,1
177,2500,5,stress,ccmar,0.2558505160746848,full,0.2456538642025572,0.009682452364008706,0.22667660628707542,0.26463112211803896,1
177,2500,5,stress,ccmar,0.2558505160746848,cc,0.35746830391388623,0.05398328458602122,0.2516630103581084,0.46327359746966407,1
177,2500,5,stress,ccmar,0.2558505160746848,seq,0.3593545263821634,0.05406039659826348,0.2533980960596154,0.46531095670471145,1
178,2500,5,stress,ccmar,0.2558505160746848,full,0.25849030544249674,0.009118350432780545,0.24061866699583165,0.2763619438891618,1
178,2500,5,stress,ccmar,0.2558505160746848,cc,0.2870089306232478,0.017248435929937293,0.25320261741092404,0.32081524383557153,1
178,2500,5,stress,ccmar,0.2558505160746848,seq,0.28682912281799433,0.01748487508770918,0.2525593973719027,0.32109884826408597,1
179,2500,5,stress,ccmar,0.2558505160746848,full,0.258369376460979,0.008879760146981254,0.24096536638154167,0.2757733865404164,1
179,2500,5,stress,ccmar,0.2558505160746848,cc,0.2573706516044994,0.019483842380271257,0.21918302225871258,0.29555828095028625,1
179,2500,5,stress,ccmar,0.2558505160746848,seq,0.26455900416716954,0.01955162272509702,0.22623852778666453,0.30287948054767455,1
180,2500,5,stress,ccmar,0.2558505160746848,full,0.26392394779443396,0.009858194936217616,0.2446022407668723,0.2832456548219956,1
180,2500,5,stress,ccmar,0.2558505160746848,cc,0.25687564846956823,0.018106794005180348,0.221386984343929,0.29236431259520745,1
180,2500,5,stress,ccmar,0.2558505160746848,seq,0.25497991769879835,0.017838936052918655,0.22001624551256468,0.289943589885032,1
181,2500,5,stress,ccmar,0.2558505160746848,full,0.24939376072071381,0.009864235066678684,0.23006021525498654,0.2687273061864411,1
181,2500,5,stress,ccmar,0.2558505160746848,cc,0.2652344445118859,0.028377953904127392,0.20961467690485838,0.3208542121189134,1
181,2500,5,stress,ccmar,0.2558505160746848,seq,0.271855792289372,0.027760219384567682,0.2174467620926887,0.3262648224860553,1
182,2500,5,stress,ccmar,0.2558505160746848,full,0.24620245950448963,0.009139324511531864,0.22828971261886305,0.2641152063901162,1
182,2500,5,stress,ccmar,0.2558505160746848,cc,0.22894893302565883,0.018230901124094992,0.19321702341672187,0.2646808426345958,1
182,2500,5,stress,ccmar,0.2558505160746848,seq,0.22747485600418926,0.01802736093622576,0.1921418778328825,0.262807834175496,1
183,2500,5,stress,ccmar,0.2558505160746848,full,0.2494731439571492,0.008970188332557073,0.23189189789079595,0.26705439002350245,1
183,2500,5,stress,ccmar,0.2558505160746848,cc,0.2088632997677869,0.03152867546892237,0.14706823136844754,0.27065836816712624,1
183,2500,5,stress,ccmar,0.2558505160746848,seq,0.20545337196796346,0.03160716640669451,0.14350446415747795,0.267402279778449,1
184,2500,5,stress,ccmar,0.2558505160746848,full,0.25753662547260103,0.00921966032168035,0.23946642329241458,0.2756068276527875,1
184,2500,5,stress,ccmar,0.2558505160746848,cc,0.22669673164541815,0.03341974128420795,0.1611952423557242,0.2921982209351121,1
184,2500,5,stress,ccmar,0.2558505160746848,seq,0.23154051117819718,0.033503586717829464,0.16587468785833692,0.29720633449805745,1
185,2500,5,stress,ccmar,0.2558505160746848,full,0.2567871633793863,0.00885586463563132,0.23942998764158696,0.2741443391171856,1
185,2500,5,stress,ccmar,0.2558505160746848,cc,0.20958020992365733,0.022250387617127623,0.1659702515520312,0.25319016829528346,0
185,2500,5,stress,ccmar,0.2558505160746848,seq,0.21299199096287444,0.022036969144773013,0.1698003251106989,0.25618365681504995,1
186,2500,5,stress,ccmar,0.2558505160746848,full,0.2571664763827136,0.009793528931666929,0.2379715123950954,0.27636144037033183,1
186,2500,5,stress,ccmar,0.2558505160746848,cc,0.2578841967077538,0.02186644276602316,0.215026756416342,0.3007416369991656,1
186,2500,5,stress,ccmar,0.2558505160746848,seq,0.2622837467853142,0.021498208444048275,0.2201480325028447,0.30441946106778367,1
187,2500,5,stress,ccmar,0.2558505160746848,full,0.25084722028195383,0.009491257252428848,0.2322446978991887,0.26944974266471894,1
187,2500,5,stress,ccmar,0.2558505160746848,cc,0.1990251000313109,0.019623894670838967,0.16056297324005903,0.2374872268225628,0
187,2500,5,stress,ccmar,0.2558505160746848,seq,0.19458083332001902,0.01848777679033283,0.15834545665675115,0.2308162099832869,0
188,2500,5,stress,ccmar,0.2558505160746848,full,0.2717132166792807,0.009108410422560206,0.25386106029465344,0.289565373063908,1
188,2500,5,stress,ccmar,0.2558505160746848,cc,0.25761209720712935,0.01304345834920678,0.23204738860883578,0.2831768058054229,1
188,2500,5,stress,ccmar,0.2558505160746848,seq,0.25418283168776895,0.01306129539952705,0.22858316311325724,0.2797825002622807,1
189,2500,5,stress,ccmar,0.2558505160746848,full,0.2568652650123544,0.010494411831631346,0.23629659578342593,0.2774339342412829,1
189,2500,5,stress,ccmar,0.2558505160746848,cc,0.30636375116337383,0.02197450720535768,0.26329450846285685,0.3494329938638908,0
189,2500,5,stress,ccmar,0.2558505160746848,seq,0.30569218014142197,0.021602569305946586,0.26335192232823623,0.3480324379546077,0
190,2500,5,stress,ccmar,0.2558505160746848,full,0.2849944845454371,0.009103548304121625,0.267151857737838,0.30283711135303615,0
190,2500,5,stress,ccmar,0.2558505160746848,cc,0.2662543040417373,0.025641122792596387,0.21599862684507926,0.3165099812383953,1
190,2500,5,stress,ccmar,0.2558505160746848,seq,0.2680237747848906,0.025282984131778447,0.21847003646490715,0.31757751310487403,1
191,2500,5,stress,ccmar,0.2558505160746848,full,0.24578113194287024,0.008941597919625802,0.2282559220561654,0.2633063418295751,1
191,2500,5,stress,ccmar,0.2558505160746848,cc,0.2647070266092727,0.026506654719718102,0.2127549380079866,0.31665911521055884,1
191,2500,5,stress,ccmar,0.2558505160746848,seq,0.25862568322980733,0.026553040511028598,0.20658268014815825,0.3106686863114564,1
192,2500,5,stress,ccmar,0.2558505160746848,full,0.23320408935245818,0.009363454939429652,0.2148520549003124,0.25155612380460396,0
192,2500,5,stress,ccmar,0.2558505160746848,cc,0.1920005728222234,0.04491423826144802,0.1039702834367344,0.28003086220771245,1
192,2500,5,stress,ccmar,0.2558505160746848,seq,0.19513800125967126,0.04451425726747274,0.10789166021687434,0.28238434230246817,1
193,2500,5,stress,ccmar,0.2558505160746848,full,0.24676443351476915,0.008597166896549146,0.22991429602845284,0.2636145710010855,1
193,2500,5,stress,ccmar,0.2558505160746848,cc,0.2818154221417515,0.02127087944666209,0.24012526450680052,0.32350557977670247,1
193,2500,5,stress,ccmar,0.2558505160746848,seq,0.27967275954774984,0.02180901948393429,0.2369278668211063,0.32241765227439334,1
194,2500,5,stress,ccmar,0.2558505160746848,full,0.26689508157622294,0.009525083720751162,0.24822626053382188,0.28556390261862397,1
194,2500,5,stress,ccmar,0.2558505160746848,cc,0.2985912357559379,0.017537824562586755,0.26421773124608594,0.3329647402657898,0
194,2500,5,stress,ccmar,0.2558505160746848,seq,0.29508251383896633,0.01706120204355215,0.26164317230064293,0.32852185537728973,0
195,2500,5,stress,ccmar,0.2558505160746848,full,0.25052257769709374,0.010165173939739197,0.2305992028786198,0.2704459525155677,1
195,2500,5,stress,ccmar,0.2558505160746848,cc,0.2693954614384977,0.01235879823446278,0.24517266200675342,0.29361826087024195,1
195,2500,5,stress,ccmar,0.2558505160746848,seq,0.265969492370596,0.012012027839289136,0.24242635042429678,0.28951263431689517,1
196,2500,5,stress,ccmar,0.2558505160746848,full,0.2589159558094867,0.015277633995406966,0.22897234340950426,0.2888595682094691,1
196,2500,5,stress,ccmar,0.2558505160746848,cc,0.3093552373140804,0.042503873390792625,0.2260491762646765,0.3926612983634843,1
196,2500,5,stress,ccmar,0.2558505160746848,seq,0.29634482527890244,0.04266484513603147,0.21272326540630185,0.37996638515150305,1
197,2500,5,stress,ccmar,0.2558505160746848,full,0.23460829206912995,0.009513922429832256,0.21596134675495093,0.25325523738330896,0
197,2500,5,stress,ccmar,0.2558505160746848,cc,0.24411427762054141,0.02513705794932611,0.19484654936256596,0.29338200587851687,1
197,2500,5,stress,ccmar,0.2558505160746848,seq,0.24074387123942337,0.02912589386479663,0.18365816824688586,0.2978295742319609,1
198,2500,5,stress,ccmar,0.2558505160746848,full,0.2609782077529997,0.009551474329365007,0.2422576620681854,0.279698753437814,1
198,2500,5,stress,ccmar,0.2558505160746848,cc,0.30292136644848067,0.02938730498866607,0.2453233070680009,0.3605194258289604,1
198,2500,5,stress,ccmar,0.2558505160746848,seq,0.3033331010121339,0.029279681125156533,0.2459459805280099,0.36072022149625793,1
199,2500,5,stress,ccmar,0.2558505160746848,full,0.2411110891220026,0.009720475504323112,0.22205930722092548,0.2601628710230797,1
199,2500,5,stress,ccmar,0.2558505160746848,cc,0.22146679884975712,0.01500759085488679,0.19205246127946632,0.2508811364200479,0
199,2500,5,stress,ccmar,0.2558505160746848,seq,0.21777172143010426,0.014790656734762549,0.18878256692227488,0.24676087593793364,0
200,2500,5,stress,ccmar,0.2558505160746848,full,0.24641708985302302,0.00917421711692402,0.22843595471750106,0.264398224988545,1
200,2500,5,stress,ccmar,0.2558505160746848,cc,0.22952249755268012,0.03771126818675765,0.15560977009530402,0.3034352250100562,1
200,2500,5,stress,ccmar,0.2558505160746848,seq,0.21594184492592175,0.03702240436572747,0.14337926574801746,0.28850442410382604,1
201,2500,5,stress,ccmar,0.2558505160746848,full,0.23824987923670068,0.01026925454646136,0.2181225101775622,0.25837724829583913,1
201,2500,5,stress,ccmar,0.2558505160746848,cc,0.262176259196656,0.03265659577429357,0.19817050762135768,0.3261820107719543,1
201,2500,5,stress,ccmar,0.2558505160746848,seq,0.2573640425299197,0.03126893985651517,0.1960780465764009,0.3186500384834384,1
202,2500,5,stress,ccmar,0.2558505160746848,full,0.2723717374132022,0.009163905890293044,0.25441081191051335,0.29033266291589105,1
202,2500,5,stress,ccmar,0.2558505160746848,cc,0.2842043479957696,0.02179597862757058,0.2414850148779265,0.3269236811136127,1
202,2500,5,stress,ccmar,0.2558505160746848,seq,0.27414405639775224,0.022402325505024846,0.23023630523796046,0.31805180755754403,1
203,2500,5,stress,ccmar,0.2558505160746848,full,0.27598947145396685,0.009347779590604484,0.2576681601209635,0.2943107827869702,0
203,2500,5,stress,ccmar,0.2558505160746848,cc,0.2659339015485506,0.020357409583723386,0.22603411194592227,0.305833691151179,1
203,2500,5,stress,ccmar,0.2558505160746848,seq,0.2703421234383807,0.020126850267563348,0.2308942217917262,0.3097900250850352,1
204,2500,5,stress,ccmar,0.2558505160746848,full,0.24800347570434783,0.009009310210586817,0.2303455521660487,0.265661399242647,1
204,2500,5,stress,ccmar,0.2558505160746848,cc,0.2327025636318016,0.015061750937655575,0.2031820742498843,0.26222305301371895,1
204,2500,5,stress,ccmar,0.2558505160746848,seq,0.23418603657250334,0.014371340040494191,0.20601872768355634,0.26235334546145034,1
205,2500,5,stress,ccmar,0.2558505160746848,full,0.2702482583107444,0.011306471834899048,0.24808798072212576,0.292408535899363,1
205,2500,5,stress,ccmar,0.2558505160746848,cc,0.2461376760685773,0.027969845882004397,0.19131778548671274,0.3009575666504419,1
205,2500,5,stress,ccmar,0.2558505160746848,seq,0.25468924065789444,0.028194157278577686,0.19942970781742436,0.3099487734983645,1
206,2500,5,stress,ccmar,0.2558505160746848,full,0.2637724172025512,0.00989565341492659,0.24437729290580426,0.28316754149929807,1
206,2500,5,stress,ccmar,0.2558505160746848,cc,0.2811158316366832,0.02901504241774913,0.2242473934879929,0.33798426978537344,1
206,2500,5,stress,ccmar,0.2558505160746848,seq,0.2633232671389939,0.03089231574343121,0.20277544088282903,0.3238710933951588,1
207,2500,5,stress,ccmar,0.2558505160746848,full,0.23482242135984585,0.009008629685658602,0.2171658316258966,0.2524790110937951,0
207,2500,5,stress,ccmar,0.2558505160746848,cc,0.2516441927695295,0.01934688110176859,0.21372500259688446,0.28956338294217454,1
207,2500,5,stress,ccmar,0.2558505160746848,seq,0.2553080031148678,0.019396883059180896,0.21729081090653812,0.29332519532319745,1
208,2500,5,stress,ccmar,0.2558505160746848,full,0.2675404172985217,0.009166837545558306,0.24957374585709785,0.2855070887399455,1
208,2500,5,stress,ccmar,0.2558505160746848,cc,0.2540518524038925,0.016451546438385686,0.22180741389466835,0.28629629091311665,1
208,2500,5,stress,ccmar,0.2558505160746848,seq,0.2576168903551016,0.015758716564097355,0.226730373446896,0.2885034072633072,1
209,2500,5,stress,ccmar,0.2558505160746848,full,0.2496784709403307,0.009702210905909682,0.23066248699433597,0.2686944548863254,1
209,2500,5,stress,ccmar,0.2558505160746848,cc,0.15051298236678196,0.029653368805139704,0.0923934474884246,0.20863251724513932,0
209,2500,5,stress,ccmar,0.2558505160746848,seq,0.1392055157013332,0.029503512466166944,0.08137969385021747,0.1970313375524489,0
210,2500,5,stress,ccmar,0.2558505160746848,full,0.2799243851015297,0.008689908813598254,0.26289247679794,0.2969562934051195,0
210,2500,5,stress,ccmar,0.2558505160746848,cc,0.29722891068615037,0.017591908380742996,0.2627494038405658,0.33170841753173497,0
210,2500,5,stress,ccmar,0.2558505160746848,seq,0.299482240780137,0.017255776787859126,0.26566153975067086,0.3333029418096032,0
211,2500,5,stress,ccmar,0.2558505160746848,full,0.2495598153435963,0.00906065526381555,0.23180125735018456,0.26731837333700803,1
211,2500,5,stress,ccmar,0.2558505160746848,cc,0.22301992620556638,0.015476855368818359,0.19268584708874703,0.2533540053223857,0
211,2500,5,stress,ccmar,0.2558505160746848,seq,0.22799121731273958,0.015371312614199328,0.19786399819380268,0.2581184364316765,1
212,2500,5,stress,ccmar,0.2558505160746848,full,0.27676793814627454,0.010081998933421512,0.2570075833445971,0.29652829294795197,0
212,2500,5,stress,ccmar,0.2558505160746848,cc,0.31404951339943593,0.016683045786259013,0.2813513445059356,0.3467476822929363,0
212,2500,5,stress,ccmar,0.2558505160746848,seq,0.3090794517391997,0.016767651740512604,0.27621545822248467,0.34194344525591475,0
213,2500,5,stress,ccmar,0.2558505160746848,full,0.25592482933559807,0.009204375116577644,0.23788458560690923,0.2739650730642869,1
213,2500,5,stress,ccmar,0.2558505160746848,cc,0.32599351378998964,0.060214520285068754,0.20797522268489838,0.4440118048950809,1
213,2500,5,stress,ccmar,0.2558505160746848,seq,0.3169824854256921,0.06032787742015392,0.19874201841844324,0.4352229524329409,1
214,2500,5,stress,ccmar,0.2558505160746848,full,0.2739326100583185,0.00862630310467781,0.2570253666534239,0.29083985346321306,0
214,2500,5,stress,ccmar,0.2558505160746848,cc,0.24147445407210663,0.01559493567380016,0.21090894181023945,0.2720399663339738,1
214,2500,5,stress,ccmar,0.2558505160746848,seq,0.24715836559869694,0.016172407035387575,0.2154610302660151,0.2788557009313788,1
215,2500,5,stress,ccmar,0.2558505160746848,full,0.25611320604682386,0.009161451587784761,0.23815709088865844,0.2740693212049893,1
215,2500,5,stress,ccmar,0.2558505160746848,cc,0.19932874311362744,0.05884871294113025,0.08398738521247597,0.31467010101477894,1
215,2500,5,stress,ccmar,0.2558505160746848,seq,0.1975681012859133,0.057892751319385545,0.08410039373398392,0.31103580883784265,1
216,2500,5,stress,ccmar,0.2558505160746848,full,0.24146481788349566,0.00928302626479497,0.22327042073695813,0.2596592150300332,1
216,2500,5,stress,ccmar,0.2558505160746848,cc,0.21774933580121134,0.018429917770027126,0.18162736073392344,0.25387131086849923,0
216,2500,5,stress,ccmar,0.2558505160746848,seq,0.22336443345586676,0.017928286483601157,0.18822563764349226,0.25850322926824126,1
217,2500,5,stress,ccmar,0.2558505160746848,full,0.22591514705944074,0.00964999852349479,0.20700149750252625,0.24482879661635523,0
217,2500,5,stress,ccmar,0.2558505160746848,cc,0.1781229067157517,0.07191928738172412,0.03716369365378647,0.31908211977771694,1
217,2500,5,stress,ccmar,0.2558505160746848,seq,0.17104713629816934,0.07143411086397905,0.031038851737129003,0.3110554208592097,1
218,2500,5,stress,ccmar,0.2558505160746848,full,0.2594990910731847,0.009005265040400352,0.24184909592276238,0.277149086223607,1
218,2500,5,stress,ccmar,0.2558505160746848,cc,0.2694180138687171,0.01995954018142424,0.23029803396514553,0.3085379937722887,1
218,2500,5,stress,ccmar,0.2558505160746848,seq,0.2730033183752089,0.019165862497324174,0.23543891814780665,0.3105677186026112,1
219,2500,5,stress,ccmar,0.2558505160746848,full,0.2755435388646572,0.00928510957506376,0.25734505850502426,0.29374201922429016,0
219,2500,5,stress,ccmar,0.2558505160746848,cc,0.2523424868969268,0.04025208501793754,0.1734498499591249,0.33123512383472864,1
219,2500,5,stress,ccmar,0.2558505160746848,seq,0.24796278260774499,0.039835260633173136,0.16988710645195942,0.32603845876353055,1
220,2500,5,stress,ccmar,0.2558505160746848,full,0.2654881053477835,0.012839966929712485,0.2403222326028617,0.2906539780927053,1
220,2500,5,stress,ccmar,0.2558505160746848,cc,0.20286636845686337,0.031528230651729994,0.1410721718832008,0.26466056503052593,1
220,2500,5,stress,ccmar,0.2558505160746848,seq,0.1942436490407861,0.03120915014327132,0.13307483877187123,0.2554124593097009,0
221,2500,5,stress,ccmar,0.2558505160746848,full,0.25682329657317066,0.010087662644054935,0.2370518411026329,0.2765947520437084,1
221,2500,5,stress,ccmar,0.2558505160746848,cc,0.3371725046254717,0.06259544707150345,0.21448768276914176,0.45985732648180166,1
221,2500,5,stress,ccmar,0.2558505160746848,seq,0.345134254423805,0.06263203207990473,0.22237772726863447,0.46789078157897557,1
222,2500,5,stress,ccmar,0.2558505160746848,full,0.26092035907184075,0.009823563598349351,0.24166652821923731,0.28017418992444415,1
222,2500,5,stress,ccmar,0.2558505160746848,cc,0.26368420542229076,0.017727330898558886,0.22893927531909128,0.2984291355254903,1
222,2500,5,stress,ccmar,0.2558505160746848,seq,0.26336623882520965,0.017609445231703925,0.22885236038333936,0.2978801172670799,1
223,2500,5,stress,ccmar,0.2558505160746848,full,0.25539381082546503,0.009104889342663158,0.23754855563062266,0.2732390660203074,1
223,2500,5,stress,ccmar,0.2558505160746848,cc,0.2619116151913959,0.03441821932044227,0.19445314491132837,0.3293700854714634,1
223,2500,5,stress,ccmar,0.2558505160746848,seq,0.2631550410910603,0.034342091644740315,0.1958457783135954,0.3304643038685252,1
224,2500,5,stress,ccmar,0.2558505160746848,full,0.261646154113721,0.009316056882028065,0.2433870181470195,0.27990529008042253,1
224,2500,5,stress,ccmar,0.2558505160746848,cc,0.24298935329393126,0.024024286359544032,0.19590261727494807,0.29007608931291445,1
224,2500,5,stress,ccmar,0.2558505160746848,seq,0.24469211307778846,0.023823651010595488,0.19799861511677003,0.2913856110388069,1
225,2500,5,stress,ccmar,0.2558505160746848,full,0.25656084369428644,0.008708736076421565,0.23949203463363553,0.2736296527549374,1
225,2500,5,stress,ccmar,0.2558505160746848,cc,0.2531967515308078,0.06270739336946644,0.13029251896226776,0.3761009840993478,1
225,2500,5,stress,ccmar,0.2558505160746848,seq,0.24332289456537573,0.06218495210771107,0.12144262805391391,0.36520316107683753,1
226,2500,5,stress,ccmar,0.2558505160746848,full,0.2366581725225136,0.009527351512123396,0.2179849066906985,0.25533143835432864,0
226,2500,5,stress,ccmar,0.2558505160746848,cc,0.17662707388214582,0.03955999061608605,0.09909091704587465,0.254163230718417,0
226,2500,5,stress,ccmar,0.2558505160746848,seq,0.1750828318669038,0.03964030036341958,0.0973892708182514,0.2527763929155562,0
227,2500,5,stress,ccmar,0.2558505160746848,full,0.2561602345801594,0.008865469176968992,0.23878423428725024,0.2735362348730686,1
227,2500,5,stress,ccmar,0.2558505160746848,cc,0.21953600604825543,0.02864720829703546,0.1633885095284489,0.27568350256806196,1
227,2500,5,stress,ccmar,0.2558505160746848,seq,0.22344513367558358,0.028609874958346607,0.16737080915502986,0.2795194581961373,1
228,2500,5,stress,ccmar,0.2558505160746848,full,0.24500392213852137,0.009473653296010161,0.2264359028763223,0.2635719414007205,1
228,2500,5,stress,ccmar,0.2558505160746848,cc,0.2564220556219782,0.016973140361962628,0.22315531180798828,0.28968879943596804,1
228,2500,5,stress,ccmar,0.2558505160746848,seq,0.26172107165487185,0.016090300886579523,0.23018466141676308,0.2932574818929806,1
229,2500,5,stress,ccmar,0.2558505160746848,full,0.2554194990928765,0.008897327443581916,0.23798105774479608,0.27285794044095685,1
229,2500,5,stress,ccmar,0.2558505160746848,cc,0.26234057366351055,0.015491445996068491,0.2319778974427691,0.292703249884252,1
229,2500,5,stress,ccmar,0.2558505160746848,seq,0.26541824328595914,0.015161043279423955,0.23570314449023516,0.2951333420816831,1
230,2500,5,stress,ccmar,0.2558505160746848,full,0.25410188469845796,0.009222293868117232,0.2360265208621036,0.2721772485348123,1
230,2500,5,stress,ccmar,0.2558505160746848,cc,0.23919309799889032,0.022947674440874505,0.19421648256582597,0.2841697134319547,1
230,2500,5,stress,ccmar,0.2558505160746848,seq,0.2427046475968057,0.023038875834026747,0.19754928071782307,0.28786001447578835,1
231,2500,5,stress,ccmar,0.2558505160746848,full,0.2547540394599164,0.008541736451328786,0.23801254364987903,0.2714955352699538,1
231,2500,5,stress,ccmar,0.2558505160746848,cc,0.3547581618802712,0.06150731988708782,0.23420603011599486,0.4753102936445476,1
231,2500,5,stress,ccmar,0.2558505160746848,seq,0.3478142256234929,0.061312377077907036,0.22764417474425597,0.46798427650272983,1
232,2500,5,stress,ccmar,0.2558505160746848,full,0.25078020116152444,0.009343131364831477,0.23246800018362818,0.2690924021394207,1
232,2500,5,stress,ccmar,0.2558505160746848,cc,0.268663711830378,0.015217463821794095,0.23883803080362034,0.2984893928571357,1
232,2500,5,stress,ccmar,0.2558505160746848,seq,0.2709861822612748,0.015018815803080916,0.2415498441967952,0.3004225203257544,1
233,2500,5,stress,ccmar,0.2558505160746848,full,0.25554003820051124,0.00930319180775682,0.2373061173160398,0.2737739590849827,1
233,2500,5,stress,ccmar,0.2558505160746848,cc,0.2590700386019497,0.02459254640340147,0.21086953336315278,0.30727054384074665,1
233,2500,5,stress,ccmar,0.2558505160746848,seq,0.2627374501301004,0.02484905438377416,0.2140341984880259,0.3114407017721749,1
234,2500,5,stress,ccmar,0.2558505160746848,full,0.27123920460127904,0.009838080243690272,0.2519569216466311,0.290521487555927,1
234,2500,5,stress,ccmar,0.2558505160746848,cc,0.2534190342989018,0.04404468677952347,0.1670930345006883,0.33974503409711526,1
234,2500,5,stress,ccmar,0.2558505160746848,seq,0.2534062282245752,0.0441145357657513,0.16694332692899855,0.33986912952015186,1
235,2500,5,stress,ccmar,0.2558505160746848,full,0.26469931397339996,0.009776996100533876,0.245536753739365,0.2838618742074349,1
235,2500,5,stress,ccmar,0.2558505160746848,cc,0.23972651920608767,0.03026176552738078,0.18041454866382559,0.2990384897483498,1
235,2500,5,stress,ccmar,0.2558505160746848,seq,0.24305491844352592,0.03037362718562658,0.18352370307985114,0.3025861338072007,1
236,2500,5,stress,ccmar,0.2558505160746848,full,0.2607485112775007,0.009158108598077627,0.24279894825876194,0.27869807429623944,1
236,2500,5,stress,ccmar,0.2558505160746848,cc,0.26780275083309923,0.017631892138693036,0.23324487726196597,0.3023606244042325,1
236,2500,5,stress,ccmar,0.2558505160746848,seq,0.2722206963178263,0.01757455020457133,0.23777521087237546,0.30666618176327715,1
237,2500,5,stress,ccmar,0.2558505160746848,full,0.27172024191856425,0.008919048197163026,0.25423922867574783,0.2892012551613807,1
237,2500,5,stress,ccmar,0.2558505160746848,cc,0.25526820722826987,0.018095731258195188,0.21980122568829163,0.2907351887682481,1
237,2500,5,stress,ccmar,0.2558505160746848,seq,0.2614580367473079,0.018201345813613514,0.22578405448246652,0.29713201901214925,1
238,2500,5,stress,ccmar,0.2558505160746848,full,0.26076912353699344,0.00868781055669491,0.24374132774136453,0.27779691933262235,1
238,2500,5,stress,ccmar,0.2558505160746848,cc,0.2282505718754687,0.03875726737944476,0.1522877236725679,0.3042134200783695,1
238,2500,5,stress,ccmar,0.2558505160746848,seq,0.22137364534822238,0.03890285437292664,0.14512545188147963,0.2976218388149651,1
239,2500,5,stress,ccmar,0.2558505160746848,full,0.2412826438654391,0.009763474131239068,0.22214658620422204,0.26041870152665614,1
239,2500,5,stress,ccmar,0.2558505160746848,cc,0.3072349603202562,0.03344537440290107,0.2416832310411123,0.3727866895994001,1
239,2500,5,stress,ccmar,0.2558505160746848,seq,0.3082227784876058,0.0336771062689956,0.24221686309684637,0.37422869387836527,1
240,2500,5,stress,ccmar,0.2558505160746848,full,0.2508105051979027,0.00921614432826219,0.23274719423818574,0.2688738161576197,1
240,2500,5,stress,ccmar,0.2558505160746848,cc,0.29235894308489585,0.01760949235187896,0.2578449722891796,0.3268729138806121,0
240,2500,5,stress,ccmar,0.2558505160746848,seq,0.28990394058591595,0.017649891814323283,0.255310788298814,0.3244970928730179,1
241,2500,5,stress,ccmar,0.2558505160746848,full,0.25417782641937053,0.01093693080492192,0.23274183594031692,0.2756138168984242,1
241,2500,5,stress,ccmar,0.2558505160746848,cc,0.24168970410978477,0.02089129718478173,0.20074351403728954,0.28263589418227997,1
241,2500,5,stress,ccmar,0.2558505160746848,seq,0.2434371554834389,0.02043215799049994,0.20339086169562673,0.2834834492712511,1
242,2500,5,stress,ccmar,0.2558505160746848,full,0.2624767247967866,0.009618418739354952,0.24362497047942572,0.28132847911414743,1
242,2500,5,stress,ccmar,0.2558505160746848,cc,0.26914592629558276,0.022820240463007773,0.22441907686954388,0.31387277572162164,1
242,2500,5,stress,ccmar,0.2558505160746848,seq,0.2680007593679553,0.022385054752541916,0.22412685826101597,0.31187466047489465,1
243,2500,5,stress,ccmar,0.2558505160746848,full,0.2672413881138079,0.008652162836226268,0.2502834605664285,0.2841993156611873,1
243,2500,5,stress,ccmar,0.2558505160746848,cc,0.24250104193203442,0.022125375985740846,0.19913610185557495,0.2858659820084939,1
243,2500,5,stress,ccmar,0.2558505160746848,seq,0.24046638388887995,0.021789611691404195,0.19775952973661484,0.2831732380411451,1
244,2500,5,stress,ccmar,0.2558505160746848,full,0.2547171009735693,0.009385718374493339,0.23632143099052655,0.27311277095661207,1
244,2500,5,stress,ccmar,0.2558505160746848,cc,0.21107436457798648,0.019908235825007906,0.17205493936524094,0.25009378979073205,0
244,2500,5,stress,ccmar,0.2558505160746848,seq,0.20705892916157892,0.01963508102370028,0.16857487752160052,0.24554298080155731,0
245,2500,5,stress,ccmar,0.2558505160746848,full,0.23431254735522936,0.008805445453220347,0.2170541913990855,0.2515709033113732,0
245,2500,5,stress,ccmar,0.2558505160746848,cc,0.24224151107118305,0.031291065045791336,0.18091215054353185,0.3035708715988342,1
245,2500,5,stress,ccmar,0.2558505160746848,seq,0.2397212955110987,0.03160275033393803,0.17778104304416897,0.3016615479780284,1
246,2500,5,stress,ccmar,0.2558505160746848,full,0.24726022818897025,0.012639788153532425,0.22248669863583068,0.27203375774210986,1
246,2500,5,stress,ccmar,0.2558505160746848,cc,0.21920962925303794,0.03224608732444349,0.15600845945479513,0.28241079905128075,1
246,2500,5,stress,ccmar,0.2558505160746848,seq,0.22057153821443332,0.03216924872958088,0.1575209692947439,0.2836221071341227,1
247,2500,5,stress,ccmar,0.2558505160746848,full,0.25722890190379977,0.00963120991609715,0.23835207734070432,0.27610572646689524,1
247,2500,5,stress,ccmar,0.2558505160746848,cc,0.23692315417373758,0.013318199389906794,0.21081996303059694,0.2630263453168782,1
247,2500,5,stress,ccmar,0.2558505160746848,seq,0.23868139485057505,0.012976592827816021,0.21324774026601487,0.2641150494351352,1
248,2500,5,stress,ccmar,0.2558505160746848,full,0.26936174418435876,0.008715706204005594,0.2522792739246755,0.28644421444404206,1
248,2500,5,stress,ccmar,0.2558505160746848,cc,0.3083697323051102,0.02704804637500826,0.25535653555792487,0.3613829290522956,1
248,2500,5,stress,ccmar,0.2558505160746848,seq,0.30725801019138427,0.02741303893024267,0.2535294411813142,0.3609865792014543,1
249,2500,5,stress,ccmar,0.2558505160746848,full,0.24660184180906008,0.010063445825062028,0.22687785043156855,0.2663258331865516,1
249,2500,5,stress,ccmar,0.2558505160746848,cc,0.33276837544987387,0.0773441127533437,0.18117670003711514,0.48436005086263256,1
249,2500,5,stress,ccmar,0.2558505160746848,seq,0.32887550683906636,0.0774836645990549,0.1770103148347376,0.4807406988433951,1
250,2500,5,stress,ccmar,0.2558505160746848,full,0.27862375777109255,0.00917905889389591,0.2606331329270845,0.2966143826151006,0
250,2500,5,stress,ccmar,0.2558505160746848,cc,0.3327455329038776,0.03822798637982925,0.25782005639792455,0.40767100940983064,0
250,2500,5,stress,ccmar,0.2558505160746848,seq,0.34765068512898745,0.03840403555772087,0.2723801585748589,0.42292121168311597,0
251,2500,5,stress,ccmar,0.2558505160746848,full,0.2543057655912824,0.009595868744678432,0.23549820845133906,0.2731133227312257,1
251,2500,5,stress,ccmar,0.2558505160746848,cc,0.3252018979053578,0.02844860602249326,0.26944365469090176,0.38096014111981386,0
251,2500,5,stress,ccmar,0.2558505160746848,seq,0.31835515655367996,0.029124904082578743,0.26127139349864203,0.3754389196087179,0
252,2500,5,stress,ccmar,0.2558505160746848,full,0.2625471878592584,0.009117408444255374,0.2446773956761765,0.2804169800423403,1
252,2500,5,stress,ccmar,0.2558505160746848,cc,0.26128967132671294,0.021964614543550223,0.21823981788704983,0.30433952476637605,1
252,2500,5,stress,ccmar,0.2558505160746848,seq,0.26185356086493405,0.022057246145840613,0.21862215282095154,0.30508496890891657,1
253,2500,5,stress,ccmar,0.2558505160746848,full,0.24045861649173303,0.010646153920851387,0.21959253823299443,0.26132469475047165,1
253,2500,5,stress,ccmar,0.2558505160746848,cc,0.18126035330975634,0.03815729443011036,0.10647343047924923,0.25604727614026346,1
253,2500,5,stress,ccmar,0.2558505160746848,seq,0.18187005541826828,0.03745031257524871,0.10846879156101333,0.25527131927552327,0
254,2500,5,stress,ccmar,0.2558505160746848,full,0.23726559284433402,0.00910523904639163,0.2194196522427786,0.25511153344588944,0
254,2500,5,stress,ccmar,0.2558505160746848,cc,0.2397576268633262,0.025123641887625392,0.19051619360309852,0.28899906012355386,1
254,2500,5,stress,ccmar,0.2558505160746848,seq,0.23341990060350185,0.025106491468521352,0.18421208154703786,0.2826277196599658,1
255,2500,5,stress,ccmar,0.2558505160746848,full,0.27068419514273845,0.009489510377527337,0.2520850965718658,0.2892832937136111,1
255,2500,5,stress,ccmar,0.2558505160746848,cc,0.30248958032021545,0.0181020496769207,0.267010214907096,0.3379689457333349,0
255,2500,5,stress,ccmar,0.2558505160746848,seq,0.30313629619450394,0.01794837145476994,0.26795813456200807,0.3383144578269998,0
256,2500,5,stress,ccmar,0.2558505160746848,full,0.2600591195298591,0.009155325688456782,0.24211501091374943,0.2780032281459688,1
256,2500,5,stress,ccmar,0.2558505160746848,cc,0.2864403172027699,0.02919130696261315,0.22922640689439483,0.343654227511145,1
256,2500,5,stress,ccmar,0.2558505160746848,seq,0.2864843389728365,0.029043227284934813,0.22956065949955323,0.34340801844611973,1
257,2500,5,stress,ccmar,0.2558505160746848,full,0.26017291319388947,0.008442583688363954,0.24362575322823077,0.27672007315954816,1
257,2500,5,stress,ccmar,0.2558505160746848,cc,0.2625472820150141,0.017409881038948936,0.2284245422035474,0.2966700218264808,1
257,2500,5,stress,ccmar,0.2558505160746848,seq,0.2650072510965559,0.017230876449074953,0.23123535383430954,0.2987791483588022,1
258,2500,5,stress,ccmar,0.2558505160746848,full,0.27075529728277686,0.009091137657279117,0.25293699489601396,0.28857359966953977,1
258,2500,5,stress,ccmar,0.2558505160746848,cc,0.24438560719706362,0.022563879137299653,0.2001612167364416,0.28860999765768564,1
258,2500,5,stress,ccmar,0.2558505160746848,seq,0.2410910547666871,0.02264253673626946,0.19671249824497386,0.2854696112884003,1
259,2500,5,stress,ccmar,0.2558505160746848,full,0.268849639241795,0.009095420109347888,0.2510229434032118,0.2866763350803782,1
259,2500,5,stress,ccmar,0.2558505160746848,cc,0.26177746879978475,0.027170214998092107,0.20852482595131422,0.3150301116482553,1
259,2500,5,stress,ccmar,0.2558505160746848,seq,0.26422604109415787,0.027142595393428434,0.21102753167609536,0.3174245505122204,1
260,2500,5,stress,ccmar,0.2558505160746848,full,0.25671451706365317,0.009634828189412043,0.23783060081517432,0.275598433312132,1
260,2500,5,stress,ccmar,0.2558505160746848,cc,0.1877368736185966,0.029248424087977568,0.13041101580160677,0.2450627314355864,0
260,2500,5,stress,ccmar,0.2558505160746848,seq,0.19311121816903243,0.028734374053956513,0.13679287990497546,0.2494295564330894,0
261,2500,5,stress,ccmar,0.2558505160746848,full,0.26112457987812543,0.009964169828682444,0.2415951658780672,0.2806539938781837,1
261,2500,5,stress,ccmar,0.2558505160746848,cc,0.2612043443430883,0.015517093327774121,0.23079140027590425,0.29161728841027235,1
261,2500,5,stress,ccmar,0.2558505160746848,seq,0.26252200425726835,0.01492263886987904,0.23327416951800795,0.29176983899652875,1
262,2500,5,stress,ccmar,0.2558505160746848,full,0.2439991129183656,0.01038045375568331,0.22365379741404276,0.2643444284226884,1
262,2500,5,stress,ccmar,0.2558505160746848,cc,0.29992373250764365,0.0478580472953462,0.20612368343835055,0.39372378157693677,1
262,2500,5,stress,ccmar,0.2558505160746848,seq,0.30114949663368246,0.047592780597311535,0.20786936073883516,0.39442963252852975,1
263,2500,5,stress,ccmar,0.2558505160746848,full,0.24456905368922072,0.010272356661293568,0.2244356045967352,0.2647025027817062,1
263,2500,5,stress,ccmar,0.2558505160746848,cc,0.3307389548645704,0.02447862762977452,0.28276172631924523,0.37871618340989555,0
263,2500,5,stress,ccmar,0.2558505160746848,seq,0.33588423338618084,0.024303816380678484,0.2882496285931764,0.3835188381791853,0
264,2500,5,stress,ccmar,0.2558505160746848,full,0.25939637110767527,0.009342681462830344,0.24108505192149782,0.2777076902938527,1
264,2500,5,stress,ccmar,0.2558505160746848,cc,0.2714417068745983,0.021326053271252726,0.22964341053056034,0.3132400032186362,1
264,2500,5,stress,ccmar,0.2558505160746848,seq,0.27898023457510673,0.021095104181598837,0.23763459012905272,0.3203258790211607,1
265,2500,5,stress,ccmar,0.2558505160746848,full,0.25443827274033354,0.009615347389268473,0.2355925381585261,0.273284007322141,1
265,2500,5,stress,ccmar,0.2558505160746848,cc,0.24952598796159428,0.02170895541739438,0.2069772172015156,0.292074758721673,1
265,2500,5,stress,ccmar,0.2558505160746848,seq,0.25416991170842856,0.021633438455092538,0.21176915147468336,0.2965706719421738,1
266,2500,5,stress,ccmar,0.2558505160746848,full,0.2590100104314234,0.009210324591143673,0.2409581059468582,0.2770619149159886,1
266,2500,5,stress,ccmar,0.2558505160746848,cc,0.27272808259800957,0.033785339076681103,0.2065100348022409,0.33894613039377824,1
266,2500,5,stress,ccmar,0.2558505160746848,seq,0.2742920578550235,0.03378630499664084,0.20807211689092175,0.3405119988191252,1
267,2500,5,stress,ccmar,0.2558505160746848,full,0.230860034566939,0.009633797366320423,0.21197813869459414,0.24974193043928383,0
267,2500,5,stress,ccmar,0.2558505160746848,cc,0.2318226242875764,0.01650995326876712,0.19946371049435352,0.2641815380807993,1
267,2500,5,stress,ccmar,0.2558505160746848,seq,0.23885724115092563,0.01636952609848166,0.2067735595539131,0.27094092274793813,1
268,2500,5,stress,ccmar,0.2558505160746848,full,0.2594550274675574,0.010348481256639692,0.2391723769098558,0.279737678025259,1
268,2500,5,stress,ccmar,0.2558505160746848,cc,0.2556461533202614,0.033997777526066864,0.1890117338147651,0.3222805728257577,1
268,2500,5,stress,ccmar,0.2558505160746848,seq,0.25571931898388045,0.03387470593363739,0.1893261153670659,0.322112522600695,1
269,2500,5,stress,ccmar,0.2558505160746848,full,0.2603489648810232,0.010138132229430285,0.2404785908408351,0.2802193389212113,1
269,2500,5,stress,ccmar,0.2558505160746848,cc,0.28125479093167316,0.029346926272117987,0.2237358723813696,0.3387737094819767,1
269,2500,5,stress,ccmar,0.2558505160746848,seq,0.2848113449045759,0.0292075511211659,0.22756559663047823,0.3420570931786735,1
270,2500,5,stress,ccmar,0.2558505160746848,full,0.24730537335106045,0.008869391878831338,0.229921684703779,0.2646890619983419,1
270,2500,5,stress,ccmar,0.2558505160746848,cc,0.25038237391413165,0.012556142894714708,0.22577278605575232,0.27499196177251095,1
270,2500,5,stress,ccmar,0.2558505160746848,seq,0.2515456144388827,0.012163004615639197,0.2277065634484354,0.27538466542932993,1
271,2500,5,stress,ccmar,0.2558505160746848,full,0.25992455109859347,0.008661355603408893,0.24294860605861784,0.2769004961385691,1
271,2500,5,stress,ccmar,0.2558505160746848,cc,0.30488869028070953,0.019681983179920096,0.266312712103743,0.34346466845767604,0
271,2500,5,stress,ccmar,0.2558505160746848,seq,0.30052770062560474,0.019907744638125523,0.2615092381214583,0.33954616312975117,0
272,2500,5,stress,ccmar,0.2558505160746848,full,0.26840419477651356,0.009954319926769529,0.24889408622945589,0.2879143033235712,1
272,2500,5,stress,ccmar,0.2558505160746848,cc,0.2008001521256162,0.0674631678279971,0.0685747728997606,0.3330255313514718,1
272,2500,5,stress,ccmar,0.2558505160746848,seq,0.20210802934287925,0.06761754313783759,0.06958008006963409,0.3346359786161244,1
273,2500,5,stress,ccmar,0.2558505160746848,full,0.24567776994169718,0.008831692207457307,0.2283679712925378,0.26298756859085654,1
273,2500,5,stress,ccmar,0.2558505160746848,cc,0.19851119507252815,0.022284669252047213,0.15483404593112848,0.24218834421392782,0
273,2500,5,stress,ccmar,0.2558505160746848,seq,0.19856759065925572,0.02081562568599325,0.1577697139990421,0.23936546731946934,0
274,2500,5,stress,ccmar,0.2558505160746848,full,0.2575283071452085,0.008808510496125164,0.24026394381536015,0.2747926704750569,1
274,2500,5,stress,ccmar,0.2558505160746848,cc,0.23595333919758976,0.02722157295211679,0.18260003660891116,0.28930664178626836,1
274,2500,5,stress,ccmar,0.2558505160746848,seq,0.2396229500934867,0.027251977451426858,0.1862100557811924,0.293035844405781,1
275,2500,5,stress,ccmar,0.2558505160746848,full,0.2443110189598293,0.00868337572259702,0.22729191527930967,0.26133012264034894,1
275,2500,5,stress,ccmar,0.2558505160746848,cc,0.1619447918548679,0.10457333332917013,-0.04301517521360762,0.3669047589233434,1
275,2500,5,stress,ccmar,0.2558505160746848,seq,0.16485439842415994,0.10467116990332136,-0.04029732480602277,0.37000612165434266,1
276,2500,5,stress,ccmar,0.2558505160746848,full,0.2680931013576734,0.009293932883139852,0.24987732763198678,0.28630887508336,1
276,2500,5,stress,ccmar,0.2558505160746848,cc,0.27255850543762583,0.02339096841299509,0.22671304978464143,0.31840396109061025,1
276,2500,5,stress,ccmar,0.2558505160746848,seq,0.2738965790411272,0.02320914318464259,0.22840749428719445,0.31938566379505995,1
277,2500,5,stress,ccmar,0.2558505160746848,full,0.26382258131517644,0.009539317659992618,0.245125862264504,0.2825193003658489,1
277,2500,5,stress,ccmar,0.2558505160746848,cc,0.2844997174143267,0.018481627077671234,0.24827639396639084,0.3207230408622626,1
277,2500,5,stress,ccmar,0.2558505160746848,seq,0.287004248468004,0.018476303638211098,0.25079135876968384,0.32321713816632414,1
278,2500,5,stress,ccmar,0.2558505160746848,full,0.23587392318462402,0.013822571125244563,0.20878218160540138,0.26296566476384664,1
278,2500,5,stress,ccmar,0.2558505160746848,cc,0.24869658746829224,0.01864310856271169,0.21215676612550702,0.2852364088110774,1
278,2500,5,stress,ccmar,0.2558505160746848,seq,0.23943811335965343,0.018098428841521418,0.20396584465351048,0.2749103820657964,1
279,2500,5,stress,ccmar,0.2558505160746848,full,0.26063484899934886,0.008363918899020703,0.2442418691876544,0.2770278288110433,1
279,2500,5,stress,ccmar,0.2558505160746848,cc,0.29956850281694164,0.030920189247952857,0.23896604549579142,0.36017096013809186,1
279,2500,5,stress,ccmar,0.2558505160746848,seq,0.3006693389425561,0.03154086959876829,0.23885037048789592,0.36248830739721627,1
280,2500,5,stress,ccmar,0.2558505160746848,full,0.257492796124696,0.009559132923046694,0.23875723987209338,0.2762283523772986,1
280,2500,5,stress,ccmar,0.2558505160746848,cc,0.27774359346926003,0.023544045408135043,0.2315981124189397,0.3238890745195804,1
280,2500,5,stress,ccmar,0.2558505160746848,seq,0.27690797868472117,0.023407316885812993,0.23103048061381143,0.3227854767556309,1
281,2500,5,stress,ccmar,0.2558505160746848,full,0.25385439135090726,0.00945508260086027,0.23532276998236984,0.2723860127194447,1
281,2500,5,stress,ccmar,0.2558505160746848,cc,0.26835724140005024,0.03088768875775031,0.2078184838691769,0.3288959989309236,1
281,2500,5,stress,ccmar,0.2558505160746848,seq,0.2673094293790855,0.030809002871863642,0.20692489335064163,0.3276939654075293,1
282,2500,5,stress,ccmar,0.2558505160746848,full,0.2352765190289384,0.009538234250965286,0.21658192342094007,0.2539711146369367,0
282,2500,5,stress,ccmar,0.2558505160746848,cc,0.2248510508012182,0.03880359197026531,0.14879740806871056,0.30090469353372584,1
282,2500,5,stress,ccmar,0.2558505160746848,seq,0.21903354277605805,0.03870202125676082,0.14317897498390325,0.29488811056821285,1
283,2500,5,stress,ccmar,0.2558505160746848,full,0.23449987368080694,0.009726400983748378,0.21543647805346516,0.2535632693081487,0
283,2500,5,stress,ccmar,0.2558505160746848,cc,0.2561403450723603,0.01264037087225666,0.23136567341150807,0.2809150167332125,1
283,2500,5,stress,ccmar,0.2558505160746848,seq,0.25409087211067316,0.012459419513194703,0.22967085859653597,0.27851088562481036,1
284,2500,5,stress,ccmar,0.2558505160746848,full,0.24948136262220197,0.008235016691502338,0.2333410264947712,0.26562169874963276,1
284,2500,5,stress,ccmar,0.2558505160746848,cc,0.24551556599854713,0.014787130497099437,0.21653332278953835,0.2744978092075559,1
284,2500,5,stress,ccmar,0.2558505160746848,seq,0.24965895818443087,0.014626971865727291,0.22099062012472476,0.278327296244137,1
285,2500,5,stress,ccmar,0.2558505160746848,full,0.2610356164144088,0.008302126045526699,0.24476374837006454,0.2773074844587531,1
285,2500,5,stress,ccmar,0.2558505160746848,cc,0.24773438144607984,0.02150781132930868,0.2055798458543523,0.2898889170378074,1
285,2500,5,stress,ccmar,0.2558505160746848,seq,0.24269192417706822,0.021344615782664254,0.20085724597920107,0.2845266023749354,1
286,2500,5,stress,ccmar,0.2558505160746848,full,0.23869522480966263,0.009758740924800344,0.21956844406259685,0.2578220055567284,1
286,2500,5,stress,ccmar,0.2558505160746848,cc,0.2778285217446074,0.03519280225117291,0.2088518968172684,0.34680514667194645,1
286,2500,5,stress,ccmar,0.2558505160746848,seq,0.26599872775947486,0.03584351627792896,0.19574672677545893,0.3362507287434908,1
287,2500,5,stress,ccmar,0.2558505160746848,full,0.256612768454243,0.008947586205778367,0.23907582174235004,0.274149715166136,1
287,2500,5,stress,ccmar,0.2558505160746848,cc,0.2922613699697859,0.01661637570576825,0.25969387203289385,0.324828867906678,0
287,2500,5,stress,ccmar,0.2558505160746848,seq,0.28571639860700665,0.01702355390601309,0.2523508460623448,0.3190819511516685,1
288,2500,5,stress,ccmar,0.2558505160746848,full,0.25329971792654815,0.008978761633172166,0.23570166849976068,0.27089776735333565,1
288,2500,5,stress,ccmar,0.2558505160746848,cc,0.24811257828608754,0.023443169075334235,0.20216481121494928,0.2940603453572258,1
288,2500,5,stress,ccmar,0.2558505160746848,seq,0.23898205672898126,0.02332102457229683,0.19327368848470586,0.2846904249732567,1
289,2500,5,stress,ccmar,0.2558505160746848,full,0.22928481824926802,0.010140505672750965,0.20940979234565202,0.24915984415288403,0
289,2500,5,stress,ccmar,0.2558505160746848,cc,0.1508156112231104,0.028052637675701417,0.09583345170738422,0.2057977707388366,0
289,2500,5,stress,ccmar,0.2558505160746848,seq,0.1491629235861144,0.0266860074302376,0.09685931013168043,0.2014665370405484,0
290,2500,5,stress,ccmar,0.2558505160746848,full,0.25315957802982514,0.009446057226953347,0.23464564606909227,0.271673509990558,1
290,2500,5,stress,ccmar,0.2558505160746848,cc,0.24509749615443852,0.014227363992593056,0.21721237513401415,0.2729826171748629,1
290,2500,5,stress,ccmar,0.2558505160746848,seq,0.24291295756084647,0.013784768333256415,0.21589530809243568,0.26993060702925725,1
291,2500,5,stress,ccmar,0.2558505160746848,full,0.2462509582239783,0.008494945851923228,0.22960117030359084,0.26290074614436576,1
291,2500,5,stress,ccmar,0.2558505160746848,cc,0.2128319403924551,0.040420217638075656,0.13360976957455617,0.292054111210354,1
291,2500,5,stress,ccmar,0.2558505160746848,seq,0.20940133146884626,0.03981137984006314,0.13137246080747855,0.287430202130214,1
292,2500,5,stress,ccmar,0.2558505160746848,full,0.2595971039796283,0.010149096515639812,0.23970524033335333,0.2794889676259033,1
292,2500,5,stress,ccmar,0.2558505160746848,cc,0.2426368537933713,0.022455463524184132,0.19862495402981753,0.2866487535569251,1
292,2500,5,stress,ccmar,0.2558505160746848,seq,0.2373763081712017,0.022561008378999145,0.193157544293457,0.2815950720489464,1
293,2500,5,stress,ccmar,0.2558505160746848,full,0.2506103535309634,0.00916537491760005,0.23264654878766053,0.26857415827426623,1
293,2500,5,stress,ccmar,0.2558505160746848,cc,0.26234224798371114,0.023217706460300226,0.21683637951789975,0.30784811644952254,1
293,2500,5,stress,ccmar,0.2558505160746848,seq,0.2616651104924818,0.023104743119259644,0.21638064610668328,0.30694957487828034,1
294,2500,5,stress,ccmar,0.2558505160746848,full,0.26483099834720736,0.009957900084132965,0.24531387282065836,0.28434812387375635,1
294,2500,5,stress,ccmar,0.2558505160746848,cc,0.09382534083126706,0.030162112691624464,0.034708686258044644,0.1529419954044895,0
294,2500,5,stress,ccmar,0.2558505160746848,seq,0.0770218862341451,0.02859823548646929,0.02097037465926998,0.13307339780902022,0
295,2500,5,stress,ccmar,0.2558505160746848,full,0.2550070560445086,0.009248777015125671,0.23687978619382039,0.27313432589519676,1
295,2500,5,stress,ccmar,0.2558505160746848,cc,0.26266482029885735,0.016318071047248348,0.2306819887490848,0.2946476518486299,1
295,2500,5,stress,ccmar,0.2558505160746848,seq,0.26435402746349096,0.016097321981039935,0.23280385613310772,0.2959041987938742,1
296,2500,5,stress,ccmar,0.2558505160746848,full,0.255656753975766,0.009669903173495946,0.23670409202172435,0.2746094159298076,1
296,2500,5,stress,ccmar,0.2558505160746848,cc,0.0992795883983507,0.15614146824031505,-0.20675206584587147,0.4053112426425729,1
296,2500,5,stress,ccmar,0.2558505160746848,seq,0.1007712275782212,0.1560254755029659,-0.2050330850783284,0.4065755402347708,1
297,2500,5,stress,ccmar,0.2558505160746848,full,0.2455963608978921,0.010074056329182212,0.2258515733144672,0.265341148481317,1
297,2500,5,stress,ccmar,0.2558505160746848,cc,0.23320132935409152,0.015286176690748818,0.20324097357890816,0.26316168512927485,1
297,2500,5,stress,ccmar,0.2558505160746848,seq,0.2292144830410258,0.015091371333924826,0.19963593874921293,0.25879302733283865,1
298,2500,5,stress,ccmar,0.2558505160746848,full,0.2927084697678152,0.009173794505298974,0.2747281629358578,0.3106887765997727,0
298,2500,5,stress,ccmar,0.2558505160746848,cc,0.29942384710341,0.032450518354205385,0.23582199984951147,0.3630256943573086,1
298,2500,5,stress,ccmar,0.2558505160746848,seq,0.29704564433648567,0.03261703547590281,0.2331174295212509,0.3609738591517204,1
299,2500,5,stress,ccmar,0.2558505160746848,full,0.24497844061976184,0.010517059609711952,0.22436538256146554,0.26559149867805815,1
299,2500,5,stress,ccmar,0.2558505160746848,cc,0.2345001445476141,0.01901729153873242,0.19722693804820024,0.27177335104702793,1
299,2500,5,stress,ccmar,0.2558505160746848,seq,0.23796181504647201,0.018871890244822668,0.2009735898464268,0.2749500402465172,1
300,2500,5,stress,ccmar,0.2558505160746848,full,0.257636984898992,0.009672935041210966,0.23867838059342306,0.27659558920456095,1
300,2500,5,stress,ccmar,0.2558505160746848,cc,0.28528177326461157,0.02974260184985256,0.22698734483238617,0.343576201696837,1
300,2500,5,stress,ccmar,0.2558505160746848,seq,0.2733765864131492,0.02980521270911621,0.21495944295172595,0.33179372987457245,1
301,2500,5,stress,ccmar,0.2558505160746848,full,0.2545272385749844,0.009686462692296845,0.23554212056049167,0.2735123565894771,1
301,2500,5,stress,ccmar,0.2558505160746848,cc,0.2868593801953548,0.02246260351988826,0.24283348629737114,0.3308852740933384,1
301,2500,5,stress,ccmar,0.2558505160746848,seq,0.2904959251998542,0.022346039523261595,0.24669849253715284,0.3342933578625555,1
302,2500,5,stress,ccmar,0.2558505160746848,full,0.26190386159065854,0.009714402304711295,0.2428639829420915,0.2809437402392256,1
302,2500,5,stress,ccmar,0.2558505160746848,cc,0.2891031341232546,0.020979611504461055,0.24798385116486876,0.33022241708164046,1
302,2500,5,stress,ccmar,0.2558505160746848,seq,0.28878183415982783,0.02047262625291086,0.24865622403517335,0.3289074442844823,1
303,2500,5,stress,ccmar,0.2558505160746848,full,0.26054928119545806,0.009298940228010266,0.24232369325416725,0.27877486913674887,1
303,2500,5,stress,ccmar,0.2558505160746848,cc,0.19185116492213897,0.04833479180109776,0.09711671379174547,0.28658561605253247,1
303,2500,5,stress,ccmar,0.2558505160746848,seq,0.19622113433363816,0.04841873790422478,0.10132215186447321,0.29112011680280314,1
304,2500,5,stress,ccmar,0.2558505160746848,full,0.24955831424359048,0.009196267361091342,0.23153396142365024,0.26758266706353073,1
304,2500,5,stress,ccmar,0.2558505160746848,cc,0.23096078109226392,0.018792347470319642,0.19412845686547503,0.2677931053190528,1
304,2500,5,stress,ccmar,0.2558505160746848,seq,0.23362441442945728,0.01892189056609652,0.19653819040049988,0.2707106384584147,1
305,2500,5,stress,ccmar,0.2558505160746848,full,0.2756706448314019,0.008402967478022721,0.259201131211216,0.2921401584515878,0
305,2500,5,stress,ccmar,0.2558505160746848,cc,0.2638014769291645,0.01794117157834441,0.2286374267951558,0.2989655270631732,1
305,2500,5,stress,ccmar,0.2558505160746848,seq,0.27350041697687755,0.017833867940238488,0.2385466781089666,0.3084541558447885,1
306,2500,5,stress,ccmar,0.2558505160746848,full,0.2717084378789492,0.009087412268318072,0.2538974371203784,0.28951943863752005,1
306,2500,5,stress,ccmar,0.2558505160746848,cc,0.25194199998019107,0.021094695191118108,0.2105971571407493,0.29328684281963285,1
306,2500,5,stress,ccmar,0.2558505160746848,seq,0.2524747472086303,0.02201453069835854,0.20932705990329614,0.2956224345139644,1
307,2500,5,stress,ccmar,0.2558505160746848,full,0.22937654013835818,0.008913542938346371,0.21190631700454796,0.2468467632721684,0
307,2500,5,stress,ccmar,0.2558505160746848,cc,0.19962949926396564,0.03370791652277458,0.13356319688544485,0.2656958016424864,1
307,2500,5,stress,ccmar,0.2558505160746848,seq,0.21268139422834714,0.031206225321702273,0.1515183165043688,0.2738444719523255,1
308,2500,5,stress,ccmar,0.2558505160746848,full,0.2577120982220711,0.009886184031897892,0.23833553357501625,0.2770886628691259,1
308,2500,5,stress,ccmar,0.2558505160746848,cc,0.2803409789065801,0.05440230534626173,0.17371441975195628,0.38696753806120393,1
308,2500,5,stress,ccmar,0.2558505160746848,seq,0.27945178405103943,0.05445829046632701,0.17271549607741749,0.3861880720246614,1
309,2500,5,stress,ccmar,0.2558505160746848,full,0.23950355389090963,0.009408821169386874,0.22106260326193333,0.25794450451988593,1
309,2500,5,stress,ccmar,0.2558505160746848,cc,0.25627065853690906,0.03028378783513081,0.19691552506460047,0.31562579200921764,1
309,2500,5,stress,ccmar,0.2558505160746848,seq,0.247934027735039,0.030172471802997262,0.18879706967661405,0.3070709857934639,1
310,2500,5,stress,ccmar,0.2558505160746848,full,0.24597938784685702,0.0097322847052193,0.2269044603373372,0.26505431535637686,1
310,2500,5,stress,ccmar,0.2558505160746848,cc,0.20177688651054584,0.03430308020480084,0.13454408475034735,0.26900968827074434,1
310,2500,5,stress,ccmar,0.2558505160746848,seq,0.1887775581213653,0.03875373371752363,0.11282163576856344,0.2647334804741671,1
311,2500,5,stress,ccmar,0.2558505160746848,full,0.26204686785748116,0.009114877360554318,0.2441820365072952,0.2799116992076671,1
311,2500,5,stress,ccmar,0.2558505160746848,cc,0.22260048147381198,0.0165256603610276,0.19021078234545669,0.25499018060216727,0
311,2500,5,stress,ccmar,0.2558505160746848,seq,0.22640385798260476,0.016296747945818823,0.19446281894367276,0.25834489702153673,1
312,2500,5,stress,ccmar,0.2558505160746848,full,0.24834769658104638,0.009856761935304737,0.22902879818366378,0.267666594978429,1
312,2500,5,stress,ccmar,0.2558505160746848,cc,0.20512269182132703,0.017348539719182713,0.1711201787873663,0.23912520485528777,0
312,2500,5,stress,ccmar,0.2558505160746848,seq,0.20536375665903464,0.0172030553126893,0.17164638782211317,0.23908112549595611,0
313,2500,5,stress,ccmar,0.2558505160746848,full,0.2628095336389718,0.008723035993108398,0.24571269725663275,0.27990637002131086,1
313,2500,5,stress,ccmar,0.2558505160746848,cc,0.272775385901028,0.013190095310749826,0.2469232741393077,0.2986274976627483,1
313,2500,5,stress,ccmar,0.2558505160746848,seq,0.26828299344624673,0.012650666476642154,0.24348814277159989,0.29307784412089355,1
314,2500,5,stress,ccmar,0.2558505160746848,full,0.2502648441032433,0.009365084980149678,0.23190961482999292,0.2686200733764937,1
314,2500,5,stress,ccmar,0.2558505160746848,cc,0.23050154067017703,0.03791230845152292,0.1561947815344186,0.3048082998059355,1
314,2500,5,stress,ccmar,0.2558505160746848,seq,0.23281731930252592,0.037583597724912064,0.15915482135225675,0.30647981725279505,1
315,2500,5,stress,ccmar,0.2558505160746848,full,0.2507787390166916,0.009418502267762306,0.23231881378356867,0.2692386642498146,1
315,2500,5,stress,ccmar,0.2558505160746848,cc,0.27374183176855577,0.027873948565226056,0.21910989647379078,0.3283737670633208,1
315,2500,5,stress,ccmar,0.2558505160746848,seq,0.27136521825939425,0.027806256450654997,0.2168659570712259,0.3258644794475626,1
316,2500,5,stress,ccmar,0.2558505160746848,full,0.2543526789589877,0.00939178064036799,0.23594512715316593,0.2727602307648095,1
316,2500,5,stress,ccmar,0.2558505160746848,cc,0.2387301039731392,0.018304427785047508,0.2028540847568318,0.2746061231894466,1
316,2500,5,stress,ccmar,0.2558505160746848,seq,0.2302441864851303,0.01808462725198678,0.19479896839740463,0.26568940457285595,1
317,2500,5,stress,ccmar,0.2558505160746848,full,0.23650409275204765,0.008973985578662478,0.21891540422008735,0.2540927812840079,0
317,2500,5,stress,ccmar,0.2558505160746848,cc,0.2333551161124739,0.02236797626837629,0.18951468821940973,0.27719554400553803,1
317,2500,5,stress,ccmar,0.2558505160746848,seq,0.23270081103420592,0.021959332656715014,0.18966130990251023,0.2757403121659016,1
318,2500,5,stress,ccmar,0.2558505160746848,full,0.2540486460618422,0.00998749588343988,0.23447351383455797,0.27362377828912643,1
318,2500,5,stress,ccmar,0.2558505160746848,cc,0.21569714527421738,0.02061230940941648,0.175297761193565,0.25609652935486976,1
318,2500,5,stress,ccmar,0.2558505160746848,seq,0.22406047486238972,0.019938227252728806,0.1849822675314663,0.26313868219331316,1
319,2500,5,stress,ccmar,0.2558505160746848,full,0.2675127453616167,0.00861701519925913,0.2506237059168345,0.2844017848063988,1
319,2500,5,stress,ccmar,0.2558505160746848,cc,0.2572781793153176,0.02780435941513091,0.20278263624845386,0.3117737223821814,1
319,2500,5,stress,ccmar,0.2558505160746848,seq,0.255746437130187,0.027760857190098135,0.20133615685763487,0.3101567174027392,1
320,2500,5,stress,ccmar,0.2558505160746848,full,0.25504133199649615,0.008898966256827961,0.2375996786334761,0.27248298535951615,1
320,2500,5,stress,ccmar,0.2558505160746848,cc,0.22654470802858653,0.015916562897475603,0.19534881799186787,0.2577405980653052,1
320,2500,5,stress,ccmar,0.2558505160746848,seq,0.22630107720162423,0.01603083722037627,0.19488121360766256,0.25772094079558594,1
321,2500,5,stress,ccmar,0.2558505160746848,full,0.24877787744412416,0.009727538719260109,0.22971225189615546,0.26784350299209286,1
321,2500,5,stress,ccmar,0.2558505160746848,cc,0.2589928188601702,0.016749467649049953,0.22616446550781355,0.2918211722125269,1
321,2500,5,stress,ccmar,0.2558505160746848,seq,0.25763195372340225,0.016572447736736596,0.2251505530237262,0.2901133544230783,1
322,2500,5,stress,ccmar,0.2558505160746848,full,0.24939332439891232,0.008781905031136092,0.23218110682223447,0.26660554197559017,1
322,2500,5,stress,ccmar,0.2558505160746848,cc,0.24924968383153145,0.017266945637125622,0.2154070922597542,0.28309227540330867,1
322,2500,5,stress,ccmar,0.2558505160746848,seq,0.23187079686445886,0.017308766638955465,0.19794623763529773,0.26579535609362,1
323,2500,5,stress,ccmar,0.2558505160746848,full,0.25842488093014443,0.01196463259197825,0.23497463196161295,0.2818751298986759,1
323,2500,5,stress,ccmar,0.2558505160746848,cc,0.2214900198994468,0.020487552347439642,0.18133515516708607,0.2616448846318076,1
323,2500,5,stress,ccmar,0.2558505160746848,seq,0.22428038644710654,0.020569708109247728,0.1839644993804795,0.2645962735137336,1
324,2500,5,stress,ccmar,0.2558505160746848,full,0.2603480916756393,0.011535764167123201,0.23773840937393015,0.2829577739773485,1
324,2500,5,stress,ccmar,0.2558505160746848,cc,0.3393627783060125,0.05253481856418403,0.23639642598586558,0.4423291306261595,1
324,2500,5,stress,ccmar,0.2558505160746848,seq,0.33211652600589703,0.052577612075515416,0.22906629994476857,0.4351667520670255,1
325,2500,5,stress,ccmar,0.2558505160746848,full,0.2588386986100882,0.009138609691903466,0.2409273527451887,0.27675004447498763,1
325,2500,5,stress,ccmar,0.2558505160746848,cc,0.23918877210426545,0.020351748115248976,0.19930007877594652,0.2790774654325844,1
325,2500,5,stress,ccmar,0.2558505160746848,seq,0.23764347249233048,0.01944603515368201,0.1995299439490139,0.27575700103564704,1
326,2500,5,stress,ccmar,0.2558505160746848,full,0.25447406753729823,0.009029888681354743,0.23677581093743705,0.2721723241371594,1
326,2500,5,stress,ccmar,0.2558505160746848,cc,0.19317225939954713,0.027586354438799164,0.13910399823474412,0.24724052056435014,0
326,2500,5,stress,ccmar,0.2558505160746848,seq,0.18973345381875903,0.02705175893018893,0.13671298059712894,0.24275392704038912,0
327,2500,5,stress,ccmar,0.2558505160746848,full,0.25601650330591336,0.008893034350335467,0.2385864762659783,0.2734465303458484,1
327,2500,5,stress,ccmar,0.2558505160746848,cc,0.2371969182961226,0.02455316435315086,0.18907360045745422,0.28532023613479096,1
327,2500,5,stress,ccmar,0.2558505160746848,seq,0.2413338478647936,0.024492708767001287,0.19332902079764264,0.28933867493194454,1
328,2500,5,stress,ccmar,0.2558505160746848,full,0.2570717845189958,0.008857011937370558,0.2397123601111082,0.27443120892688344,1
328,2500,5,stress,ccmar,0.2558505160746848,cc,0.22381358348832656,0.0191498555619313,0.18628055627779716,0.26134661069885595,1
328,2500,5,stress,ccmar,0.2558505160746848,seq,0.2252615923472372,0.019334700142335143,0.18736627641637885,0.2631569082780955,1
329,2500,5,stress,ccmar,0.2558505160746848,full,0.2539189555030108,0.008301949371547886,0.23764743373330202,0.2701904772727196,1
329,2500,5,stress,ccmar,0.2558505160746848,cc,0.2437051199045472,0.025156423009838183,0.19439943682540967,0.29301080298368476,1
329,2500,5,stress,ccmar,0.2558505160746848,seq,0.24626821119807918,0.024444709092250206,0.19835746176470997,0.2941789606314484,1
330,2500,5,stress,ccmar,0.2558505160746848,full,0.2513997392005187,0.010432150549711519,0.23095309984178441,0.27184637855925303,1
330,2500,5,stress,ccmar,0.2558505160746848,cc,0.3091911582527802,0.025123601816855457,0.25994980352981845,0.35843251297574197,0
330,2500,5,stress,ccmar,0.2558505160746848,seq,0.31389955834114064,0.025229641478657645,0.26445036970011376,0.3633487469821675,0
331,2500,5,stress,ccmar,0.2558505160746848,full,0.25976718271565535,0.008271148595549244,0.2435560293575998,0.2759783360737109,1
331,2500,5,stress,ccmar,0.2558505160746848,cc,0.2850260883634372,0.027909156307804554,0.2303251471612414,0.339727029565633,1
331,2500,5,stress,ccmar,0.2558505160746848,seq,0.2827086481291661,0.027208915978336634,0.22938015275324986,0.3360371435050823,1
332,2500,5,stress,ccmar,0.2558505160746848,full,0.237970357471631,0.00913879181672011,0.2200586546486502,0.2558820602946118,1
332,2500,5,stress,ccmar,0.2558505160746848,cc,0.22120899102375907,0.01875260287221243,0.18445456477784034,0.2579634172696778,1
332,2500,5,stress,ccmar,0.2558505160746848,seq,0.2182260580795443,0.018604920528319798,0.18176108390880757,0.254691032250281,0
333,2500,5,stress,ccmar,0.2558505160746848,full,0.26458533244820376,0.008389533232966699,0.24814214946448715,0.28102851543192037,1
333,2500,5,stress,ccmar,0.2558505160746848,cc,0.30048759146191234,0.019028258895182476,0.26319288933885077,0.3377822935849739,0
333,2500,5,stress,ccmar,0.2558505160746848,seq,0.29913604291038753,0.0190895014335993,0.2617213076177072,0.3365507782030679,0
334,2500,5,stress,ccmar,0.2558505160746848,full,0.24536958928774139,0.009484376503292556,0.22678055292547003,0.2639586256500127,1
334,2500,5,stress,ccmar,0.2558505160746848,cc,0.102489711466986,0.14065991588816376,-0.1731986577422483,0.3781780806762203,1
334,2500,5,stress,ccmar,0.2558505160746848,seq,0.10020789189401,0.1408013513003204,-0.1757576856291899,0.37617346941720986,1
335,2500,5,stress,ccmar,0.2558505160746848,full,0.2713060217302592,0.009255610311073534,0.25316535886561753,0.28944668459490086,1
335,2500,5,stress,ccmar,0.2558505160746848,cc,0.2439811903466782,0.03971697926982806,0.16613734140309128,0.3218250392902651,1
335,2500,5,stress,ccmar,0.2558505160746848,seq,0.24474595669222443,0.03923731279629195,0.16784223676135962,0.32164967662308924,1
336,2500,5,stress,ccmar,0.2558505160746848,full,0.2520570322297417,0.009325859210493715,0.23377868405228286,0.2703353804072005,1
336,2500,5,stress,ccmar,0.2558505160746848,cc,0.18573112005832026,0.031736654201032964,0.12352842083449385,0.2479338192821467,0
336,2500,5,stress,ccmar,0.2558505160746848,seq,0.1910420958891628,0.03156399009639841,0.12917781209184295,0.2529063796864826,0
337,2500,5,stress,ccmar,0.2558505160746848,full,0.26900460156118433,0.009295926735086594,0.2507849199574916,0.2872242831648771,1
337,2500,5,stress,ccmar,0.2558505160746848,cc,0.16679812894349386,0.0640663093825489,0.041230469931297475,0.29236578795569024,1
337,2500,5,stress,ccmar,0.2558505160746848,seq,0.16239594972799457,0.06415503620722923,0.03665438933496212,0.288137510121027,1
338,2500,5,stress,ccmar,0.2558505160746848,full,0.2581062429004719,0.0086011547487848,0.24124828936739803,0.27496419643354575,1
338,2500,5,stress,ccmar,0.2558505160746848,cc,0.2569989570382557,0.025545797533866176,0.20693011391552588,0.30706780016098556,1
338,2500,5,stress,ccmar,0.2558505160746848,seq,0.25823568228781324,0.02519407278142205,0.20885620701234514,0.30761515756328134,1
339,2500,5,stress,ccmar,0.2558505160746848,full,0.25939084648983296,0.009896993911896263,0.2399930948673041,0.27878859811236184,1
339,2500,5,stress,ccmar,0.2558505160746848,cc,0.2770163754853784,0.01823779407411595,0.2412709559426531,0.31276179502810364,1
339,2500,5,stress,ccmar,0.2558505160746848,seq,0.27367792939243624,0.018070126406967348,0.23826113243869407,0.3090947263461784,1
340,2500,5,stress,ccmar,0.2558505160746848,full,0.2532412405860794,0.008660551904700518,0.2362668707666266,0.27021561040553216,1
340,2500,5,stress,ccmar,0.2558505160746848,cc,0.2473308829504099,0.02230756930025981,0.2036088505392693,0.2910529153615505,1
340,2500,5,stress,ccmar,0.2558505160746848,seq,0.25123565210627674,0.022577495444678224,0.20698457417359029,0.2954867300389632,1
341,2500,5,stress,ccmar,0.2558505160746848,full,0.2575537352814012,0.009068202817763767,0.23978038435407956,0.2753270862087228,1
341,2500,5,stress,ccmar,0.2558505160746848,cc,0.26248945321009826,0.018284442827862166,0.2266526037901067,0.2983263026300898,1
341,2500,5,stress,ccmar,0.2558505160746848,seq,0.2679426511993965,0.017901688816851044,0.23285598585592499,0.30302931654286797,1
342,2500,5,stress,ccmar,0.2558505160746848,full,0.2734658175079948,0.008883578940322913,0.2560543227311434,0.2908773122848462,0
342,2500,5,stress,ccmar,0.2558505160746848,cc,0.36628144357492376,0.06678588191643349,0.23538352034296925,0.49717936680687824,1
342,2500,5,stress,ccmar,0.2558505160746848,seq,0.34510869051921805,0.06675334165351454,0.21427454503063212,0.47594283600780396,1
343,2500,5,stress,ccmar,0.2558505160746848,full,0.2625799537549675,0.009823421821749008,0.2433264007793946,0.2818335067305404,1
343,2500,5,stress,ccmar,0.2558505160746848,cc,0.25381949595335473,0.025914821984664042,0.2030273781976464,0.3046116137090631,1
343,2500,5,stress,ccmar,0.2558505160746848,seq,0.2571798946901469,0.025640368162393644,0.20692569654150791,0.30743409283878587,1
344,2500,5,stress,ccmar,0.2558505160746848,full,0.25717119192671417,0.008981377044090326,0.23956801638872233,0.274774367464706,1
344,2500,5,stress,ccmar,0.2558505160746848,cc,0.22319471878393424,0.022445194126961332,0.1792029466690801,0.2671864908987884,1
344,2500,5,stress,ccmar,0.2558505160746848,seq,0.21679519048252224,0.022113350445344432,0.1734538200321344,0.2601365609329101,1
345,2500,5,stress,ccmar,0.2558505160746848,full,0.2541817427158318,0.008840743830978161,0.23685420321056996,0.27150928222109366,1
345,2500,5,stress,ccmar,0.2558505160746848,cc,0.23061025764404025,0.02204486395159537,0.18740311825482797,0.27381739703325253,1
345,2500,5,stress,ccmar,0.2558505160746848,seq,0.22745461283680032,0.021471517887107036,0.18537121108466298,0.26953801458893767,1
346,2500,5,stress,ccmar,0.2558505160746848,full,0.2617233083463986,0.008869891843724921,0.2443386397859322,0.27910797690686506,1
346,2500,5,stress,ccmar,0.2558505160746848,cc,0.22059423365039757,0.026821635014383238,0.16802479501572798,0.27316367228506716,1
346,2500,5,stress,ccmar,0.2558505160746848,seq,0.21508592800307405,0.026141735544957755,0.1638490678415863,0.2663227881645618,1
347,2500,5,stress,ccmar,0.2558505160746848,full,0.2397770649040859,0.009052834495658496,0.22203383533459342,0.2575202944735784,1
347,2500,5,stress,ccmar,0.2558505160746848,cc,0.05300463457551107,0.18758205044386259,-0.31464942844063526,0.4206586975916574,1
347,2500,5,stress,ccmar,0.2558505160746848,seq,0.05610794277498558,0.18780886074250533,-0.3119906602578233,0.4242065458077945,1
348,2500,5,stress,ccmar,0.2558505160746848,full,0.24268621958847292,0.009331415429057998,0.22439698142273787,0.260975457754208,1
348,2500,5,stress,ccmar,0.2558505160746848,cc,0.20577455452889135,0.03075538707513492,0.14549510353103823,0.26605400552674446,1
348,2500,5,stress,ccmar,0.2558505160746848,seq,0.21120908773663938,0.030604784701744377,0.15122481196661797,0.2711933635066608,1
349,2500,5,stress,ccmar,0.2558505160746848,full,0.2597361981690296,0.009518661886496112,0.24107996369048312,0.27839243264757607,1
349,2500,5,stress,ccmar,0.2558505160746848,cc,0.2637770219847843,0.022842100054839352,0.21900732854603877,0.30854671542352985,1
349,2500,5,stress,ccmar,0.2558505160746848,seq,0.2614096212943751,0.023229017753848356,0.21588158310059083,0.3069376594881594,1
350,2500,5,stress,ccmar,0.2558505160746848,full,0.2718313764737374,0.009011844282629954,0.2541684862454995,0.2894942667019753,1
350,2500,5,stress,ccmar,0.2558505160746848,cc,0.23333037967118916,0.019094865818750237,0.19590513037681379,0.27075562896556454,1
350,2500,5,stress,ccmar,0.2558505160746848,seq,0.23285824085169257,0.01889829565837696,0.19581826199208408,0.26989821971130107,1
351,2500,5,stress,ccmar,0.2558505160746848,full,0.2607196979859237,0.009101061910282976,0.24288194442069977,0.27855745155114764,1
351,2500,5,stress,ccmar,0.2558505160746848,cc,0.22140953944242311,0.03332965773610623,0.1560846106626081,0.28673446822223814,1
351,2500,5,stress,ccmar,0.2558505160746848,seq,0.2161093008963272,0.033075670118802435,0.15128217869894678,0.28093642309370764,1
352,2500,5,stress,ccmar,0.2558505160746848,full,0.24956386592834529,0.009825333084991632,0.23030656694565185,0.2688211649110387,1
352,2500,5,stress,ccmar,0.2558505160746848,cc,0.25391541705485277,0.060857057647509635,0.134637775860656,0.3731930582490495,1
352,2500,5,stress,ccmar,0.2558505160746848,seq,0.26294067111501357,0.06062059841183307,0.14412648150655474,0.3817548607234724,1
353,2500,5,stress,ccmar,0.2558505160746848,full,0.26579231132486547,0.00922293749281899,0.24771568600727611,0.2838689366424548,1
353,2500,5,stress,ccmar,0.2558505160746848,cc,0.24589165760769405,0.02108199721042071,0.20457170235309557,0.2872116128622925,1
353,2500,5,stress,ccmar,0.2558505160746848,seq,0.23900223257516337,0.020933142760703894,0.19797402668094838,0.28003043846937836,1
354,2500,5,stress,ccmar,0.2558505160746848,full,0.24213354893379127,0.009730657583183207,0.22306181052486063,0.2612052873427219,1
354,2500,5,stress,ccmar,0.2558505160746848,cc,0.22312932764529514,0.03083560745340159,0.16269264759521318,0.2835660076953771,1
354,2500,5,stress,ccmar,0.2558505160746848,seq,0.22049544986015102,0.030442903574508285,0.1608284552692891,0.2801624444510129,1
355,2500,5,stress,ccmar,0.2558505160746848,full,0.23057002539289256,0.009683847359070906,0.21159003333733029,0.24955001744845484,0
355,2500,5,stress,ccmar,0.2558505160746848,cc,0.18931435907066288,0.023824611035532257,0.14261897949534413,0.23600973864598163,0
355,2500,5,stress,ccmar,0.2558505160746848,seq,0.19148268907459043,0.023582631496698418,0.1452615806803816,0.23770379746879924,0
356,2500,5,stress,ccmar,0.2558505160746848,full,0.26533197014711685,0.010223069477257606,0.2452951221602412,0.28536881813399245,1
356,2500,5,stress,ccmar,0.2558505160746848,cc,0.21668827896786333,0.022760330059582997,0.17207885177483628,0.2612977061608904,1
356,2500,5,stress,ccmar,0.2558505160746848,seq,0.2225503910189237,0.022702470071689525,0.17805436731831378,0.2670464147195336,1
357,2500,5,stress,ccmar,0.2558505160746848,full,0.248038724135999,0.009612299803699074,0.2291989627121474,0.2668784855598506,1
357,2500,5,stress,ccmar,0.2558505160746848,cc,0.2629966324092292,0.027815273400534447,0.20847969832404672,0.3175135664944117,1
357,2500,5,stress,ccmar,0.2558505160746848,seq,0.2679060394739964,0.027846724320221408,0.21332746271894681,0.32248461622904595,1
358,2500,5,stress,ccmar,0.2558505160746848,full,0.2719827319953359,0.009358066294456931,0.25364125909326213,0.2903242048974097,1
358,2500,5,stress,ccmar,0.2558505160746848,cc,0.28753209622210313,0.018477882330087972,0.25131611234456164,0.3237480800996446,1
358,2500,5,stress,ccmar,0.2558505160746848,seq,0.2888514871506643,0.01836012059664857,0.252866312029421,0.32483666227190755,1
359,2500,5,stress,ccmar,0.2558505160746848,full,0.25735025851362053,0.009375001641021938,0.23897559294221363,0.2757249240850274,1
359,2500,5,stress,ccmar,0.2558505160746848,cc,0.26998420965897885,0.024279694690021267,0.22239688251090878,0.3175715368070489,1
359,2500,5,stress,ccmar,0.2558505160746848,seq,0.2497415492673872,0.02575083991848708,0.19927083045549618,0.3002122680792782,1
360,2500,5,stress,ccmar,0.2558505160746848,full,0.24593299681098238,0.009254565304493667,0.22779438212160083,0.2640716115003639,1
360,2500,5,stress,ccmar,0.2558505160746848,cc,0.2543805246780664,0.05136439658923166,0.15370815727554032,0.35505289208059243,1
360,2500,5,stress,ccmar,0.2558505160746848,seq,0.2541594942740984,0.05108038244777287,0.15404378435993166,0.35427520418826514,1
361,2500,5,stress,ccmar,0.2558505160746848,full,0.23092606268942265,0.009212880128998506,0.21286914944270086,0.24898297593614444,0
361,2500,5,stress,ccmar,0.2558505160746848,cc,0.29676007804729115,0.021657433920649578,0.25431228756526186,0.33920786852932044,1
361,2500,5,stress,ccmar,0.2558505160746848,seq,0.28710779206378595,0.021315235245701957,0.24533069866021134,0.32888488546736055,1
362,2500,5,stress,ccmar,0.2558505160746848,full,0.2608533242038464,0.00985437825727279,0.24153909772955712,0.28016755067813565,1
362,2500,5,stress,ccmar,0.2558505160746848,cc,0.26112733608942107,0.018831711150921894,0.22421786046635284,0.2980368117124893,1
362,2500,5,stress,ccmar,0.2558505160746848,seq,0.2615603719648894,0.0185362244544316,0.22523003962485286,0.2978907043049259,1
363,2500,5,stress,ccmar,0.2558505160746848,full,0.24118589493378068,0.010352105618687223,0.22089614075699898,0.26147564911056237,1
363,2500,5,stress,ccmar,0.2558505160746848,cc,0.29088503047670844,0.09158708667247199,0.11137763914971496,0.4703924218037019,1
363,2500,5,stress,ccmar,0.2558505160746848,seq,0.2866545024480103,0.09122326125907061,0.1078601958279439,0.4654488090680766,1
364,2500,5,stress,ccmar,0.2558505160746848,full,0.2614501230244532,0.009283005785587104,0.2432557660164255,0.2796444800324809,1
364,2500,5,stress,ccmar,0.2558505160746848,cc,0.2359098123315464,0.027883123838189507,0.18125989383222474,0.29055973083086806,1
364,2500,5,stress,ccmar,0.2558505160746848,seq,0.24241599951623713,0.02798163423026442,0.1875730041963457,0.29725899483612855,1
365,2500,5,stress,ccmar,0.2558505160746848,full,0.26031287677472337,0.009110923939490208,0.24245579398743877,0.27816995956200796,1
365,2500,5,stress,ccmar,0.2558505160746848,cc,0.270237083399352,0.02142698253184735,0.2282409693395623,0.31223319745914163,1
365,2500,5,stress,ccmar,0.2558505160746848,seq,0.2702016409884036,0.021234949575985426,0.22858190460594807,0.31182137737085913,1
366,2500,5,stress,ccmar,0.2558505160746848,full,0.2632980282057678,0.009510690463682468,0.24465741742884162,0.281938638982694,1
366,2500,5,stress,ccmar,0.2558505160746848,cc,0.18960803403860774,0.0177114680374813,0.15489419457181208,0.2243218735054034,0
366,2500,5,stress,ccmar,0.2558505160746848,seq,0.19343911816152257,0.016971562956361864,0.16017546600569918,0.22670277031734595,0
367,2500,5,stress,ccmar,0.2558505160746848,full,0.23964426853277737,0.008123672801604842,0.2237221624194443,0.2555663746461105,0
367,2500,5,stress,ccmar,0.2558505160746848,cc,0.2285974219536594,0.015458758041882445,0.1982988129458509,0.2588960309614679,1
367,2500,5,stress,ccmar,0.2558505160746848,seq,0.23196914334712557,0.015454741303965402,0.20167840700096978,0.26225987969328135,1
368,2500,5,stress,ccmar,0.2558505160746848,full,0.2502455062604109,0.009009609248989315,0.2325869966176129,0.26790401590320895,1
368,2500,5,stress,ccmar,0.2558505160746848,cc,0.27528541767787484,0.02223640544739117,0.23170286385535788,0.3188679715003918,1
368,2500,5,stress,ccmar,0.2558505160746848,seq,0.27440512162060204,0.02219014602062024,0.23091323460850158,0.31789700863270254,1
369,2500,5,stress,ccmar,0.2558505160746848,full,0.2611739818508805,0.010832709133393516,0.2399422620944311,0.28240570160732986,1
369,2500,5,stress,ccmar,0.2558505160746848,cc,0.25748598552288493,0.017932550890167324,0.2223388316272253,0.2926331394185446,1
369,2500,5,stress,ccmar,0.2558505160746848,seq,0.2544273475557976,0.017591322927521115,0.21994898817744252,0.2889057069341527,1
370,2500,5,stress,ccmar,0.2558505160746848,full,0.24910595592073514,0.0090012376513752,0.23146385430775385,0.26674805753371644,1
370,2500,5,stress,ccmar,0.2558505160746848,cc,0.2357440458318226,0.021010141033755873,0.19456492609555395,0.27692316556809127,1
370,2500,5,stress,ccmar,0.2558505160746848,seq,0.23766906821496941,0.020661989411418166,0.19717231311964187,0.278165823310297,1
371,2500,5,stress,ccmar,0.2558505160746848,full,0.24293624038229145,0.00930876183256542,0.22469140244980215,0.26118107831478077,1
371,2500,5,stress,ccmar,0.2558505160746848,cc,0.2683191231962714,0.03494744236291338,0.1998233948131718,0.33681485157937097,1
371,2500,5,stress,ccmar,0.2558505160746848,seq,0.29110023214061564,0.0354231453078803,0.22167214311804123,0.36052832116319006,1
372,2500,5,stress,ccmar,0.2558505160746848,full,0.2599026739508937,0.008800449736958826,0.24265410941869944,0.27715123848308804,1
372,2500,5,stress,ccmar,0.2558505160746848,cc,0.25399648958276067,0.016523230091599183,0.2216115536949578,0.2863814254705635,1
372,2500,5,stress,ccmar,0.2558505160746848,seq,0.2534612596440885,0.0161700572861149,0.2217685297353538,0.2851539895528232,1
373,2500,5,stress,ccmar,0.2558505160746848,full,0.25811270780562146,0.00994898309658043,0.23861305925352602,0.27761235635771686,1
373,2500,5,stress,ccmar,0.2558505160746848,cc,0.25268145397238667,0.025658326323299795,0.20239205847514305,0.30297084946963027,1
373,2500,5,stress,ccmar,0.2558505160746848,seq,0.2585835915807537,0.025540107457223904,0.20852590080331201,0.30864128235819543,1
374,2500,5,stress,ccmar,0.2558505160746848,full,0.24494638327514623,0.009085379621454533,0.22713936643122118,0.2627534001190713,1
374,2500,5,stress,ccmar,0.2558505160746848,cc,0.2499044244368453,0.018522760624428716,0.21360048071870838,0.28620836815498224,1
374,2500,5,stress,ccmar,0.2558505160746848,seq,0.25531723421483743,0.018118889456782215,0.21980486343968178,0.2908296049899931,1
375,2500,5,stress,ccmar,0.2558505160746848,full,0.26873288732606854,0.008656806077121512,0.25176585919376293,0.28569991545837414,1
375,2500,5,stress,ccmar,0.2558505160746848,cc,0.32393022582231046,0.016565417977048344,0.29146260319844336,0.35639784844617756,0
375,2500,5,stress,ccmar,0.2558505160746848,seq,0.3181233961608004,0.01646141143382132,0.2858596226158147,0.35038716970578604,0
376,2500,5,stress,ccmar,0.2558505160746848,full,0.2477589596478497,0.00914455329929493,0.22983596452652472,0.26568195476917467,1
376,2500,5,stress,ccmar,0.2558505160746848,cc,0.3104890004751027,0.022287124957676402,0.26680703823911317,0.3541709627110922,0
376,2500,5,stress,ccmar,0.2558505160746848,seq,0.30995885366733805,0.022238863468084596,0.2663714822127887,0.3535462251218874,0
377,2500,5,stress,ccmar,0.2558505160746848,full,0.23463085929104355,0.00873740595494112,0.21750585830105315,0.2517558602810339,0
377,2500,5,stress,ccmar,0.2558505160746848,cc,0.3059293658237033,0.016177135304384548,0.2742227632540782,0.3376359683933284,0
377,2500,5,stress,ccmar,0.2558505160746848,seq,0.3060769296391012,0.01573461961632312,0.27523764188067046,0.33691621739753197,0
378,2500,5,stress,ccmar,0.2558505160746848,full,0.2516973206559408,0.010272835727075314,0.23156293261177685,0.27183170870010476,1
378,2500,5,stress,ccmar,0.2558505160746848,cc,0.28395073507925783,0.029746080006067887,0.22564948958611777,0.34225198057239786,1
378,2500,5,stress,ccmar,0.2558505160746848,seq,0.2726947263015235,0.029744189973144448,0.21439718520484302,0.33099226739820403,1
379,2500,5,stress,ccmar,0.2558505160746848,full,0.2483102139491074,0.009282377865236236,0.23011708764235259,0.2665033402558622,1
379,2500,5,stress,ccmar,0.2558505160746848,cc,0.3023922537774641,0.020432437274705454,0.26234541260266764,0.34243909495226055,0
379,2500,5,stress,ccmar,0.2558505160746848,seq,0.309469252127833,0.02082063103216233,0.2686615651693978,0.35027693908626817,0
380,2500,5,stress,ccmar,0.2558505160746848,full,0.23389359199007814,0.0101522703938901,0.21399550765674127,0.253791676323415,0
380,2500,5,stress,ccmar,0.2558505160746848,cc,0.25341351523139505,0.021945767828560555,0.21040060067433858,0.2964264297884515,1
380,2500,5,stress,ccmar,0.2558505160746848,seq,0.25802448409526885,0.02203950174513535,0.2148278544375959,0.3012211137529418,1
381,2500,5,stress,ccmar,0.2558505160746848,full,0.24248349376137412,0.009956251876863912,0.22296959866171154,0.2619973888610367,1
381,2500,5,stress,ccmar,0.2558505160746848,cc,0.22256653019218184,0.020201625075149762,0.18297207261570703,0.26216098776865665,1
381,2500,5,stress,ccmar,0.2558505160746848,seq,0.22163399622306132,0.01997619129261763,0.18248138074124814,0.2607866117048745,1
382,2500,5,stress,ccmar,0.2558505160746848,full,0.2563688128981987,0.009187764297420666,0.23836112577681123,0.27437650001958613,1
382,2500,5,stress,ccmar,0.2558505160746848,cc,0.29620658111173764,0.019681853384774007,0.2576308573285828,0.33478230489489247,0
382,2500,5,stress,ccmar,0.2558505160746848,seq,0.29580473446532357,0.019789273984206837,0.2570184701760827,0.33459099875456444,0
383,2500,5,stress,ccmar,0.2558505160746848,full,0.24655265939326693,0.009074332763253841,0.22876729399355758,0.2643380247929763,1
383,2500,5,stress,ccmar,0.2558505160746848,cc,0.2885765519843006,0.02502388028853749,0.23953064786532535,0.33762245610327585,1
383,2500,5,stress,ccmar,0.2558505160746848,seq,0.282582999041343,0.02514657412676242,0.2332966194183219,0.3318693786643641,1
384,2500,5,stress,ccmar,0.2558505160746848,full,0.24830278271567796,0.009249597806495778,0.23017390414346556,0.26643166128789036,1
384,2500,5,stress,ccmar,0.2558505160746848,cc,0.2409201799133416,0.0332913161577213,0.17567039924627148,0.30616996058041174,1
384,2500,5,stress,ccmar,0.2558505160746848,seq,0.23894159923884117,0.033327315322865134,0.17362126150461563,0.3042619369730667,1
385,2500,5,stress,ccmar,0.2558505160746848,full,0.2620041619314559,0.009063275719941862,0.24424046793841356,0.2797678559244983,1
385,2500,5,stress,ccmar,0.2558505160746848,cc,0.20642423987405636,0.018424512957992748,0.17031285804369906,0.24253562170441367,0
385,2500,5,stress,ccmar,0.2558505160746848,seq,0.2112730535376124,0.01790135033302649,0.17618705161024636,0.2463590554649784,0
386,2500,5,stress,ccmar,0.2558505160746848,full,0.26786927539381267,0.00859563196643179,0.25102214631524516,0.28471640447238017,1
386,2500,5,stress,ccmar,0.2558505160746848,cc,0.22583246374928523,0.023889349334640344,0.17901019943929425,0.2726547280592762,1
386,2500,5,stress,ccmar,0.2558505160746848,seq,0.23488313551282655,0.02372370074577682,0.18838553647109796,0.28138073455455515,1
387,2500,5,stress,ccmar,0.2558505160746848,full,0.2728185601288673,0.010187263654511733,0.2528518902650104,0.29278522999272416,1
387,2500,5,stress,ccmar,0.2558505160746848,cc,0.3570958668784647,0.023351949388492863,0.31132688710821654,0.4028648466487128,0
387,2500,5,stress,ccmar,0.2558505160746848,seq,0.35235915702205955,0.023192569848399004,0.3069025554102679,0.3978157586338512,0
388,2500,5,stress,ccmar,0.2558505160746848,full,0.2798216647558284,0.008890638797129365,0.26239633291390035,0.2972469965977565,0
388,2500,5,stress,ccmar,0.2558505160746848,cc,0.24906223763883217,0.017308053867486052,0.21513907541608032,0.28298539986158405,1
388,2500,5,stress,ccmar,0.2558505160746848,seq,0.2363002269928641,0.01798793587805088,0.2010445205156685,0.2715559334700597,1
389,2500,5,stress,ccmar,0.2558505160746848,full,0.25376919976640083,0.008850715596572504,0.2364221159597118,0.27111628357308987,1
389,2500,5,stress,ccmar,0.2558505160746848,cc,0.2591345235768456,0.018303540948156633,0.22326024252890447,0.2950088046247867,1
389,2500,5,stress,ccmar,0.2558505160746848,seq,0.25669523021139296,0.018414081127454948,0.22060429439318255,0.2927861660296034,1
390,2500,5,stress,ccmar,0.2558505160746848,full,0.2695444592549637,0.012216861629893832,0.24559985045626245,0.29348906805366487,1
390,2500,5,stress,ccmar,0.2558505160746848,cc,0.2984714082809306,0.03814739939778194,0.22370387935741307,0.3732389372044481,1
390,2500,5,stress,ccmar,0.2558505160746848,seq,0.2905750628095464,0.03844011563892136,0.21523382059570567,0.3659163050233872,1
391,2500,5,stress,ccmar,0.2558505160746848,full,0.24661661119397713,0.008867286349299102,0.22923704930874722,0.26399617307920703,1
391,2500,5,stress,ccmar,0.2558505160746848,cc,0.30102838611066945,0.01888550495263407,0.26401347657365387,0.33804329564768504,0
391,2500,5,stress,ccmar,0.2558505160746848,seq,0.30157614657242054,0.01904897628664209,0.26424083910824453,0.33891145403659656,0
392,2500,5,stress,ccmar,0.2558505160746848,full,0.26855150765493374,0.009327778309730798,0.2502693981120875,0.28683361719778,1
392,2500,5,stress,ccmar,0.2558505160746848,cc,0.2896570387181724,0.02409282704538156,0.24243596542347196,0.3368781120128728,1
392,2500,5,stress,ccmar,0.2558505160746848,seq,0.2840404651459933,0.024231825836144038,0.2365469592275038,0.3315339710644828,1
393,2500,5,stress,ccmar,0.2558505160746848,full,0.2667282056854691,0.00928281633913084,0.2485342199856727,0.28492219138526553,1
393,2500,5,stress,ccmar,0.2558505160746848,cc,0.28592452365335586,0.023720110813706622,0.2394339607491918,0.3324150865575199,1
393,2500,5,stress,ccmar,0.2558505160746848,seq,0.2935781314791377,0.02346304445009363,0.24759140938929178,0.3395648535689836,1
394,2500,5,stress,ccmar,0.2558505160746848,full,0.2788882353710767,0.010411483318701073,0.25848210304078306,0.29929436770137036,0
394,2500,5,stress,ccmar,0.2558505160746848,cc,0.27106032650894374,0.016106770890770502,0.23949163565579543,0.302629017362092,1
394,2500,5,stress,ccmar,0.2558505160746848,seq,0.2738313226249561,0.015721115830917246,0.2430185017995758,0.30464414345033636,1
395,2500,5,stress,ccmar,0.2558505160746848,full,0.26598144743186747,0.009286364216752873,0.24778050801971033,0.2841823868440246,1
395,2500,5,stress,ccmar,0.2558505160746848,cc,0.2570869791239194,0.016595098718037115,0.22456118331667985,0.289612774931159,1
395,2500,5,stress,ccmar,0.2558505160746848,seq,0.25591308678199703,0.01646203664336518,0.22364808784882265,0.28817808571517145,1
396,2500,5,stress,ccmar,0.2558505160746848,full,0.2603047941219895,0.009682105691296912,0.24132821567253726,0.2792813725714417,1
396,2500,5,stress,ccmar,0.2558505160746848,cc,0.2494867435994303,0.018601534230714048,0.21302840645004179,0.2859450807488188,1
396,2500,5,stress,ccmar,0.2558505160746848,seq,0.24485826024247254,0.017805187656777795,0.20996073369721094,0.27975578678773416,1
397,2500,5,stress,ccmar,0.2558505160746848,full,0.266778197015872,0.008909118301714002,0.24931664601050593,0.28423974802123814,1
397,2500,5,stress,ccmar,0.2558505160746848,cc,0.2956817163847214,0.01845372291405865,0.2595130840924849,0.3318503486769579,0
397,2500,5,stress,ccmar,0.2558505160746848,seq,0.2888166838548046,0.018382428589065317,0.25278778587185713,0.32484558183775203,1
398,2500,5,stress,ccmar,0.2558505160746848,full,0.2587949913586959,0.009070431136671126,0.24101727300656978,0.276572709710822,1
398,2500,5,stress,ccmar,0.2558505160746848,cc,0.22927701519671528,0.04108469739316527,0.1487524879903847,0.30980154240304586,1
398,2500,5,stress,ccmar,0.2558505160746848,seq,0.2223789423802592,0.041621564693257625,0.14080217460127037,0.30395571015924805,1
399,2500,5,stress,ccmar,0.2558505160746848,full,0.25109904280573225,0.01210823128089316,0.22736734557870036,0.27483074003276414,1
399,2500,5,stress,ccmar,0.2558505160746848,cc,0.24724115275261274,0.016757097133393052,0.21439784588572297,0.2800844596195025,1
399,2500,5,stress,ccmar,0.2558505160746848,seq,0.25164378926077907,0.016568070611430417,0.21917096756905893,0.2841166109524992,1
400,2500,5,stress,ccmar,0.2558505160746848,full,0.25927460677941283,0.010592624782748956,0.23851344370347846,0.28003576985534717,1
400,2500,5,stress,ccmar,0.2558505160746848,cc,0.27677979761434685,0.020409564270450587,0.2367777867041082,0.3167818085245855,1
400,2500,5,stress,ccmar,0.2558505160746848,seq,0.2585894981928662,0.020458025482294778,0.21849250505276577,0.29868649133296665,1
401,2500,5,stress,ccmar,0.2558505160746848,full,0.25385190086369913,0.009273421391948766,0.23567632892201626,0.27202747280538203,1
401,2500,5,stress,ccmar,0.2558505160746848,cc,0.2835130952504821,0.016112345202740252,0.2519334789466345,0.31509271155432966,1
401,2500,5,stress,ccmar,0.2558505160746848,seq,0.2820876381468818,0.016225137886127936,0.2502869522458747,0.3138883240478889,1
402,2500,5,stress,ccmar,0.2558505160746848,full,0.24045034740582624,0.009710540724447672,0.2214180373154993,0.2594826574961532,1
402,2500,5,stress,ccmar,0.2558505160746848,cc,0.21791466192783218,0.020873405583875876,0.1770035387487382,0.25882578510692617,1
402,2500,5,stress,ccmar,0.2558505160746848,seq,0.21847396431878732,0.020733236848385145,0.17783756681301371,0.25911036182456093,1
403,2500,5,stress,ccmar,0.2558505160746848,full,0.26833651568804145,0.009420040393533915,0.24987357578380245,0.28679945559228043,1
403,2500,5,stress,ccmar,0.2558505160746848,cc,0.26013056657702377,0.030053106377152593,0.20122756045425366,0.3190335726997939,1
403,2500,5,stress,ccmar,0.2558505160746848,seq,0.26583064041547916,0.030225367831577518,0.20659000804611172,0.3250712727848466,1
404,2500,5,stress,ccmar,0.2558505160746848,full,0.25111047397232744,0.00963257637666819,0.23223097119572647,0.26998997674892844,1
404,2500,5,stress,ccmar,0.2558505160746848,cc,0.23894909282376897,0.022936724129176415,0.19399393960725236,0.2839042460402856,1
404,2500,5,stress,ccmar,0.2558505160746848,seq,0.2366485207438941,0.022590007473066893,0.1923729196861923,0.28092412180159587,1
405,2500,5,stress,ccmar,0.2558505160746848,full,0.25735419194819287,0.008896489151055662,0.23991739362327244,0.27479099027311327,1
405,2500,5,stress,ccmar,0.2558505160746848,cc,0.3129669411653681,0.018933991664747147,0.2758569994188821,0.3500768829118541,0
405,2500,5,stress,ccmar,0.2558505160746848,seq,0.3121144876286215,0.018649376212744217,0.2755623819175048,0.34866659333973815,0
406,2500,5,stress,ccmar,0.2558505160746848,full,0.2659601909605836,0.009959404807375003,0.24644011623067352,0.2854802656904937,1
406,2500,5,stress,ccmar,0.2558505160746848,cc,0.20303224485937058,0.045379206379803166,0.11409063470794611,0.29197385501079504,1
406,2500,5,stress,ccmar,0.2558505160746848,seq,0.20741388494784155,0.04525537779732256,0.11871497435833572,0.2961127955373474,1
407,2500,5,stress,ccmar,0.2558505160746848,full,0.24320372036965932,0.010087717537617868,0.22343215730971522,0.2629752834296034,1
407,2500,5,stress,ccmar,0.2558505160746848,cc,0.2787251201294586,0.03889910377791849,0.2024842776938524,0.3549659625650648,1
407,2500,5,stress,ccmar,0.2558505160746848,seq,0.28166458731623495,0.03918848760686205,0.20485656299819108,0.3584726116342788,1
408,2500,5,stress,ccmar,0.2558505160746848,full,0.27237460666570196,0.009142440545415294,0.25445575246588925,0.29029346086551466,1
408,2500,5,stress,ccmar,0.2558505160746848,cc,0.23157707273331757,0.018013615277189206,0.1962710355586662,0.26688310990796893,1
408,2500,5,stress,ccmar,0.2558505160746848,seq,0.2301454220715263,0.017847559347360122,0.19516484853875926,0.26512599560429334,1
409,2500,5,stress,ccmar,0.2558505160746848,full,0.2622846095792339,0.00960421300220422,0.24346069799506231,0.28110852116340546,1
409,2500,5,stress,ccmar,0.2558505160746848,cc,0.25423888977816983,0.022060122950264625,0.21100184330112567,0.29747593625521396,1
409,2500,5,stress,ccmar,0.2558505160746848,seq,0.2561075548706043,0.021786528362484233,0.21340674393197484,0.2988083658092338,1
410,2500,5,stress,ccmar,0.2558505160746848,full,0.26427964933166287,0.010222816157297022,0.24424329784278656,0.2843160008205392,1
410,2500,5,stress,ccmar,0.2558505160746848,cc,0.2729391718879042,0.016479416440590842,0.24064010917810888,0.3052382345976995,1
410,2500,5,stress,ccmar,0.2558505160746848,seq,0.27150923436583563,0.016119207902476174,0.2399161674176689,0.30310230131400234,1
411,2500,5,stress,ccmar,0.2558505160746848,full,0.26573297906592364,0.010360900846332512,0.24542598655972134,0.2860399715721259,1
411,2500,5,stress,ccmar,0.2558505160746848,cc,0.2803495115027859,0.027936557970998227,0.22559486402761403,0.3351041589779578,1
411,2500,5,stress,ccmar,0.2558505160746848,seq,0.27798918215638513,0.02800698887438231,0.22309649264718182,0.33288187166558847,1
412,2500,5,stress,ccmar,0.2558505160746848,full,0.2532249300745474,0.009391150347945855,0.23481861361917272,0.27163124652992204,1
412,2500,5,stress,ccmar,0.2558505160746848,cc,0.3270356036940269,0.14509969889581,0.04264541969063301,0.6114257876974207,1
412,2500,5,stress,ccmar,0.2558505160746848,seq,0.35055101609157735,0.1452922551012487,0.06578342886052391,0.6353186033226308,1
413,2500,5,stress,ccmar,0.2558505160746848,full,0.24380623870725004,0.008492011837864003,0.22716220134874882,0.2604502760657513,1
413,2500,5,stress,ccmar,0.2558505160746848,cc,0.23499833666735317,0.02487254992467334,0.186249034611319,0.2837476387233874,1
413,2500,5,stress,ccmar,0.2558505160746848,seq,0.23842562192727554,0.02428319240066362,0.19083143939231811,0.28601980446223296,1
414,2500,5,stress,ccmar,0.2558505160746848,full,0.2602159938861231,0.009290265773043174,0.24200740756415332,0.2784245802080929,1
414,2500,5,stress,ccmar,0.2558505160746848,cc,0.3046226545810181,0.026411648104389944,0.2528567755240682,0.356388533637968,1
414,2500,5,stress,ccmar,0.2558505160746848,seq,0.2930511378986708,0.0260107962445488,0.24207091405014547,0.3440313617471962,1
415,2500,5,stress,ccmar,0.2558505160746848,full,0.23635083552433703,0.009171638198647388,0.21837475497575634,0.25432691607291774,0
415,2500,5,stress,ccmar,0.2558505160746848,cc,0.2455720214785044,0.019923063165626347,0.20652353521216021,0.2846205077448486,1
415,2500,5,stress,ccmar,0.2558505160746848,seq,0.24962222457553035,0.019951645167576013,0.21051771861475876,0.28872673053630193,1
416,2500,5,stress,ccmar,0.2558505160746848,full,0.24842290516488702,0.008745457054618289,0.23128212430949344,0.26556368602028063,1
416,2500,5,stress,ccmar,0.2558505160746848,cc,0.21987202745843862,0.019403458536958608,0.1818419475504835,0.25790210736639374,1
416,2500,5,stress,ccmar,0.2558505160746848,seq,0.21651415749873854,0.019047552753111666,0.1791816401090129,0.25384667488846413,0
417,2500,5,stress,ccmar,0.2558505160746848,full,0.25212216910889135,0.008778102912945993,0.23491740354693105,0.2693269346708516,1
417,2500,5,stress,ccmar,0.2558505160746848,cc,0.29321586877302824,0.029162411857910433,0.2360585918292,0.3503731457168565,1
417,2500,5,stress,ccmar,0.2558505160746848,seq,0.2931769121031263,0.029056041478720165,0.23622811727153284,0.3501257069347198,1
418,2500,5,stress,ccmar,0.2558505160746848,full,0.24680809713401883,0.009467928848649537,0.22825129758247795,0.2653648966855597,1
418,2500,5,stress,ccmar,0.2558505160746848,cc,0.2873900549187013,0.02866706597766292,0.23120363806004846,0.3435764717773541,1
418,2500,5,stress,ccmar,0.2558505160746848,seq,0.28238233775612204,0.028292006497678074,0.22693102397029982,0.3378336515419442,1
419,2500,5,stress,ccmar,0.2558505160746848,full,0.25076177343760975,0.014957328472343307,0.22144594832688136,0.28007759854833814,1
419,2500,5,stress,ccmar,0.2558505160746848,cc,0.18994702153308235,0.027771239348300072,0.1355163926043726,0.2443776504617921,0
419,2500,5,stress,ccmar,0.2558505160746848,seq,0.19890026760897678,0.02780234994669111,0.1444086630278831,0.2533918721900704,0
420,2500,5,stress,ccmar,0.2558505160746848,full,0.27542254530448207,0.010077115373406604,0.2556717621045502,0.2951733285044139,1
420,2500,5,stress,ccmar,0.2558505160746848,cc,0.27127407138601045,0.016256733852078396,0.2394114585296837,0.3031366842423372,1
420,2500,5,stress,ccmar,0.2558505160746848,seq,0.2682902623325474,0.016404653428394658,0.23613773243403233,0.3004427922310624,1
421,2500,5,stress,ccmar,0.2558505160746848,full,0.27053325565397174,0.009183600706224555,0.252533729021375,0.2885327822865685,1
421,2500,5,stress,ccmar,0.2558505160746848,cc,0.12031480812904502,0.0343899520633964,0.05291174065472916,0.1877178756033609,0
421,2500,5,stress,ccmar,0.2558505160746848,seq,0.12855752355062147,0.03243471771878728,0.06498664497307526,0.19212840212816767,0
422,2500,5,stress,ccmar,0.2558505160746848,full,0.2711763670317975,0.009474238240487893,0.2526072012994891,0.28974553276410586,1
422,2500,5,stress,ccmar,0.2558505160746848,cc,0.29167977644488147,0.03477917434299621,0.2235138473205694,0.35984570556919354,1
422,2500,5,stress,ccmar,0.2558505160746848,seq,0.29686894741709985,0.03442823968383142,0.2293908375856776,0.3643470572485221,1
423,2500,5,stress,ccmar,0.2558505160746848,full,0.2704224107289394,0.0092050152427745,0.25238091237595917,0.28846390908191966,1
423,2500,5,stress,ccmar,0.2558505160746848,cc,0.2871860470633777,0.019284492830505963,0.2493891356554651,0.3249829584712903,1
423,2500,5,stress,ccmar,0.2558505160746848,seq,0.2799052906194087,0.018816046539228384,0.24302651707109157,0.31678406416772587,1
424,2500,5,stress,ccmar,0.2558505160746848,full,0.2652568371338477,0.00846168507847524,0.24867223913151623,0.28184143513617915,1
424,2500,5,stress,ccmar,0.2558505160746848,cc,0.29830012423368496,0.01630315555277346,0.2663465265158948,0.3302537219514751,0
424,2500,5,stress,ccmar,0.2558505160746848,seq,0.2928488165075763,0.015883504058229848,0.26171772060515003,0.3239799124100026,0
425,2500,5,stress,ccmar,0.2558505160746848,full,0.27165942333831594,0.010538619083347207,0.25100410948816887,0.292314737188463,1
425,2500,5,stress,ccmar,0.2558505160746848,cc,0.30476293798849813,0.05576806542934321,0.19545953825951218,0.4140663377174841,1
425,2500,5,stress,ccmar,0.2558505160746848,seq,0.28504841211543197,0.05582115598600082,0.17564095680747793,0.394455867423386,1
426,2500,5,stress,ccmar,0.2558505160746848,full,0.275254802268915,0.009676077610086178,0.2562900386415317,0.29421956589629833,0
426,2500,5,stress,ccmar,0.2558505160746848,cc,0.2885698199512789,0.020140856529895355,0.24909446653489564,0.32804517336766215,1
426,2500,5,stress,ccmar,0.2558505160746848,seq,0.2916937841846376,0.019478451486479312,0.2535167207965275,0.3298708475727477,1
427,2500,5,stress,ccmar,0.2558505160746848,full,0.2619329308600466,0.009073401613405849,0.24414939048050352,0.2797164712395897,1
427,2500,5,stress,ccmar,0.2558505160746848,cc,0.23385226898371766,0.04896062987569089,0.13789119776696773,0.3298133402004676,1
427,2500,5,stress,ccmar,0.2558505160746848,seq,0.24601125120069647,0.04916545478439572,0.14964873053974836,0.3423737718616446,1
428,2500,5,stress,ccmar,0.2558505160746848,full,0.2609248701837285,0.009735032929167997,0.24184455625424778,0.28000518411320924,1
428,2500,5,stress,ccmar,0.2558505160746848,cc,0.2655362923054764,0.023007392038929878,0.22044263253098026,0.3106299520799725,1
428,2500,5,stress,ccmar,0.2558505160746848,seq,0.2657371275821622,0.02274597283293901,0.22115584003627525,0.3103184151280492,1
429,2500,5,stress,ccmar,0.2558505160746848,full,0.250774330898882,0.009511457567928506,0.2321322166252612,0.2694164451725028,1
429,2500,5,stress,ccmar,0.2558505160746848,cc,0.24326282964933102,0.017063652777871613,0.2098186847600058,0.2767069745386562,1
429,2500,5,stress,ccmar,0.2558505160746848,seq,0.2453727762659426,0.016836874364707488,0.21237310889889022,0.27837244363299496,1
430,2500,5,stress,ccmar,0.2558505160746848,full,0.2593635748040124,0.009685352411434665,0.2403806329000223,0.2783465167080025,1
430,2500,5,stress,ccmar,0.2558505160746848,cc,0.24887387260730576,0.01593653501402371,0.21763883794145775,0.28010890727315374,1
430,2500,5,stress,ccmar,0.2558505160746848,seq,0.24818005258998174,0.015682088061373316,0.21744372478730448,0.278916380392659,1
431,2500,5,stress,ccmar,0.2558505160746848,full,0.26720230954974283,0.00913397334882537,0.2493000507502964,0.2851045683491893,1
431,2500,5,stress,ccmar,0.2558505160746848,cc,0.20560140454116932,0.018238945125831713,0.1698537289785368,0.24134908010380185,0
431,2500,5,stress,ccmar,0.2558505160746848,seq,0.20142917851351808,0.01744198370173653,0.16724351863917986,0.2356148383878563,0
432,2500,5,stress,ccmar,0.2558505160746848,full,0.25760966453413586,0.009371922307475758,0.23924103434557586,0.27597829472269586,1
432,2500,5,stress,ccmar,0.2558505160746848,cc,0.27069247680217967,0.014421810822300563,0.2424262469986206,0.29895870660573876,1
432,2500,5,stress,ccmar,0.2558505160746848,seq,0.27306808769713153,0.014542959284430588,0.2445644112710152,0.3015717641232479,1
433,2500,5,stress,ccmar,0.2558505160746848,full,0.2601625018223852,0.008775307399921684,0.24296321536527088,0.27736178827949953,1
433,2500,5,stress,ccmar,0.2558505160746848,cc,0.2843477307827578,0.015195028258448621,0.25456602265213013,0.3141294389133855,1
433,2500,5,stress,ccmar,0.2558505160746848,seq,0.2811295848146851,0.014684337354121106,0.2523488124637715,0.30991035716559867,1
434,2500,5,stress,ccmar,0.2558505160746848,full,0.23413683443659805,0.0094093656359446,0.21569481667277782,0.2525788522004183,0
434,2500,5,stress,ccmar,0.2558505160746848,cc,0.16538548365864414,0.01888133865960514,0.12837873990591428,0.202392227411374,0
434,2500,5,stress,ccmar,0.2558505160746848,seq,0.162685585205712,0.01800258579397584,0.12740116542092694,0.19797000499049705,0
435,2500,5,stress,ccmar,0.2558505160746848,full,0.2479016404202457,0.00998958319375702,0.22832241713991533,0.26748086370057605,1
435,2500,5,stress,ccmar,0.2558505160746848,cc,0.17894755513097294,0.02972139937638175,0.12069468278313347,0.2372004274788124,0
435,2500,5,stress,ccmar,0.2558505160746848,seq,0.1940306162359879,0.029692300038461766,0.1358347775424456,0.2522264549295302,0
436,2500,5,stress,ccmar,0.2558505160746848,full,0.26650735517365,0.008841502679593048,0.24917832835243323,0.2838363819948667,1
436,2500,5,stress,ccmar,0.2558505160746848,cc,0.11606408088132573,0.11086451887758512,-0.10122638328210205,0.33335454504475354,1
436,2500,5,stress,ccmar,0.2558505160746848,seq,0.1194500094110595,0.11077130437624487,-0.09765775768690453,0.3365577765090235,1
437,2500,5,stress,ccmar,0.2558505160746848,full,0.2550925718803788,0.009451856880178654,0.23656727280820153,0.2736178709525561,1
437,2500,5,stress,ccmar,0.2558505160746848,cc,0.26306752834564634,0.02049131042532612,0.22290529791597702,0.30322975877531566,1
437,2500,5,stress,ccmar,0.2558505160746848,seq,0.26280965328503836,0.019918725486670154,0.2237696687132248,0.3018496378568519,1
438,2500,5,stress,ccmar,0.2558505160746848,full,0.23017827461200513,0.009227886780401057,0.2120919488690058,0.24826460035500447,0
438,2500,5,stress,ccmar,0.2558505160746848,cc,0.28335024017479554,0.021039944745377976,0.24211270623714196,0.32458777411244916,1
438,2500,5,stress,ccmar,0.2558505160746848,seq,0.2764371283709811,0.02050442312854252,0.23624919751526768,0.31662505922669454,1
439,2500,5,stress,ccmar,0.2558505160746848,full,0.25638315624059205,0.008780419541944555,0.23917385016922904,0.27359246231195505,1
439,2500,5,stress,ccmar,0.2558505160746848,cc,0.2218509012228581,0.03152485832633685,0.16006331428551024,0.283638488160206,1
439,2500,5,stress,ccmar,0.2558505160746848,seq,0.2191127772977865,0.03120050230693935,0.1579609164766265,0.2802646381189465,1
440,2500,5,stress,ccmar,0.2558505160746848,full,0.25490324854573704,0.009489043390570415,0.23630506525248118,0.2735014318389929,1
440,2500,5,stress,ccmar,0.2558505160746848,cc,0.2883586476165872,0.015404288758012766,0.25816679644342694,0.31855049878974745,0
440,2500,5,stress,ccmar,0.2558505160746848,seq,0.2826276060174659,0.01569236481731947,0.2518711361432563,0.3133840758916755,1
441,2500,5,stress,ccmar,0.2558505160746848,full,0.24620337736811926,0.009441676158118001,0.22769803214451748,0.26470872259172107,1
441,2500,5,stress,ccmar,0.2558505160746848,cc,0.19931346394668412,0.04747459876320495,0.10626496019031262,0.2923619677030556,1
441,2500,5,stress,ccmar,0.2558505160746848,seq,0.19855682782493878,0.04748054326740887,0.10549667305442165,0.2916169825954559,1
442,2500,5,stress,ccmar,0.2558505160746848,full,0.24066069337233506,0.008726585393780663,0.22355690029251168,0.25776448645215844,1
442,2500,5,stress,ccmar,0.2558505160746848,cc,0.2565799296497681,0.01616029184101382,0.22490633966172455,0.2882535196378117,1
442,2500,5,stress,ccmar,0.2558505160746848,seq,0.2625671649850436,0.01687036938816604,0.22950184857835115,0.2956324813917361,1
443,2500,5,stress,ccmar,0.2558505160746848,full,0.2751805256046873,0.009174814567068128,0.2571982194884003,0.2931628317209743,0
443,2500,5,stress,ccmar,0.2558505160746848,cc,0.25384163937165755,0.01468653621378726,0.22505655733499128,0.28262672140832384,1
443,2500,5,stress,ccmar,0.2558505160746848,seq,0.2530264081259432,0.014207528536789216,0.22518016388451126,0.2808726523673751,1
444,2500,5,stress,ccmar,0.2558505160746848,full,0.2581215036723212,0.013121332995038293,0.23240416357288904,0.2838388437717533,1
444,2500,5,stress,ccmar,0.2558505160746848,cc,0.21545161008751293,0.05570731467745083,0.10626727964426975,0.3246359405307561,1
444,2500,5,stress,ccmar,0.2558505160746848,seq,0.22463883049219407,0.05326775896016977,0.12023594139310056,0.3290417195912876,1
445,2500,5,stress,ccmar,0.2558505160746848,full,0.25810406010224907,0.010425959113144985,0.23766955573619775,0.2785385644683004,1
445,2500,5,stress,ccmar,0.2558505160746848,cc,0.3241755610478569,0.03583719031095878,0.2539359587312699,0.3944151633644439,1
445,2500,5,stress,ccmar,0.2558505160746848,seq,0.3198572747735053,0.03532560145555747,0.25062036818839695,0.3890941813586136,1
446,2500,5,stress,ccmar,0.2558505160746848,full,0.2520911035041509,0.008807146433661263,0.23482941368760446,0.2693527933206974,1
446,2500,5,stress,ccmar,0.2558505160746848,cc,0.24851109538323266,0.022425265800426433,0.20455838207065907,0.29246380869580624,1
446,2500,5,stress,ccmar,0.2558505160746848,seq,0.24858651038219182,0.022082836029724225,0.20530494708742886,0.2918680736769548,1
447,2500,5,stress,ccmar,0.2558505160746848,full,0.2517897370619775,0.009472892406996279,0.23322320911484185,0.27035626500911314,1
447,2500,5,stress,ccmar,0.2558505160746848,cc,0.2980644390190172,0.035457430540076856,0.22856915217613594,0.36755972586189845,1
447,2500,5,stress,ccmar,0.2558505160746848,seq,0.2949613510875076,0.0355425561933129,0.22529922103012326,0.36462348114489196,1
448,2500,5,stress,ccmar,0.2558505160746848,full,0.24939986049502758,0.010238566454621602,0.2293326389906493,0.2694670819994059,1
448,2500,5,stress,ccmar,0.2558505160746848,cc,0.25328401245944565,0.016092342041543316,0.221743601631121,0.2848244232877703,1
448,2500,5,stress,ccmar,0.2558505160746848,seq,0.24523835174217862,0.016539078834132945,0.21282235288980933,0.2776543505945479,1
449,2500,5,stress,ccmar,0.2558505160746848,full,0.26978341652093824,0.009723226294463273,0.2507262431702574,0.2888405898716191,1
449,2500,5,stress,ccmar,0.2558505160746848,cc,0.25711252894760744,0.015879478700326008,0.22598932260169757,0.2882357352935173,1
449,2500,5,stress,ccmar,0.2558505160746848,seq,0.2522968399418357,0.015734536579738022,0.22145771493212116,0.2831359649515503,1
450,2500,5,stress,ccmar,0.2558505160746848,full,0.24794625151361574,0.008937419029272567,0.23042923210149857,0.2654632709257329,1
450,2500,5,stress,ccmar,0.2558505160746848,cc,0.2577503518285667,0.014498366454323541,0.22933407574342887,0.2861666279137045,1
450,2500,5,stress,ccmar,0.2558505160746848,seq,0.2542025392132998,0.014093019194209492,0.22658072915921754,0.28182434926738215,1
451,2500,5,stress,ccmar,0.2558505160746848,full,0.2669609264678573,0.009172623938634935,0.24898291390440289,0.28493893903131173,1
451,2500,5,stress,ccmar,0.2558505160746848,cc,0.2149652894822363,0.021131095847479936,0.17354910266731174,0.2563814762971609,1
451,2500,5,stress,ccmar,0.2558505160746848,seq,0.21355676972721407,0.020745296470132152,0.17289673579714915,0.254216803657279,0
452,2500,5,stress,ccmar,0.2558505160746848,full,0.24265528063493189,0.008692835811007802,0.22561763552183656,0.2596929257480272,1
452,2500,5,stress,ccmar,0.2558505160746848,cc,0.22947284411110455,0.020655054325060776,0.18898968153526716,0.269956006686942,1
452,2500,5,stress,ccmar,0.2558505160746848,seq,0.22885994560585723,0.02019890426578267,0.18927082071775075,0.2684490704939637,1
453,2500,5,stress,ccmar,0.2558505160746848,full,0.2441762403456737,0.009476490334904752,0.22560266058941847,0.26274982010192893,1
453,2500,5,stress,ccmar,0.2558505160746848,cc,0.28287660444001467,0.03330352264284695,0.21760289950172046,0.3481503093783089,1
453,2500,5,stress,ccmar,0.2558505160746848,seq,0.2777462922294173,0.033076397243404325,0.21291774489400492,0.3425748395648297,1
454,2500,5,stress,ccmar,0.2558505160746848,full,0.2603765846543926,0.01088512809078702,0.23904212562934482,0.28171104367944044,1
454,2500,5,stress,ccmar,0.2558505160746848,cc,0.26764007900636727,0.017593433761930857,0.23315758246859175,0.3021225755441428,1
454,2500,5,stress,ccmar,0.2558505160746848,seq,0.2682805719765284,0.017611482017417694,0.2337627015080149,0.3027984424450419,1
455,2500,5,stress,ccmar,0.2558505160746848,full,0.2663464948458769,0.009439749511033067,0.2478449257811725,0.2848480639105813,1
455,2500,5,stress,ccmar,0.2558505160746848,cc,0.3235331639065634,0.033638369062753117,0.2576031720449009,0.3894631557682259,0
455,2500,5,stress,ccmar,0.2558505160746848,seq,0.33088904787373546,0.03357265556118777,0.2650878521084391,0.3966902436390318,0
456,2500,5,stress,ccmar,0.2558505160746848,full,0.2552828303034299,0.009244476175896348,0.2371639899427345,0.2734016706641253,1
456,2500,5,stress,ccmar,0.2558505160746848,cc,0.4050383394979868,0.15877811529648464,0.09383895198372866,0.7162377270122449,1
456,2500,5,stress,ccmar,0.2558505160746848,seq,0.40832058897670037,0.15888267407289952,0.09691627002640146,0.7197249079269993,1
457,2500,5,stress,ccmar,0.2558505160746848,full,0.24886018726631423,0.009783393767991989,0.22968508783447633,0.26803528669815213,1
457,2500,5,stress,ccmar,0.2558505160746848,cc,0.24855597110019056,0.04058743632823142,0.16900605767204435,0.3281058845283368,1
457,2500,5,stress,ccmar,0.2558505160746848,seq,0.252654653590603,0.04080490101285963,0.17267851721267619,0.33263078996852985,1
458,2500,5,stress,ccmar,0.2558505160746848,full,0.2612611438651296,0.009016356369789114,0.24358941010856464,0.27893287762169455,1
458,2500,5,stress,ccmar,0.2558505160746848,cc,0.3022306189978679,0.03715547467053001,0.22940722681513886,0.37505401118059695,1
458,2500,5,stress,ccmar,0.2558505160746848,seq,0.30392765279846073,0.03697226235331288,0.23146335015900138,0.3763919554379201,1
459,2500,5,stress,ccmar,0.2558505160746848,full,0.2404423685320804,0.009130574349423473,0.22254677164904516,0.25833796541511567,1
459,2500,5,stress,ccmar,0.2558505160746848,cc,0.2806098758894836,0.017083440404210563,0.24712694796519452,0.3140928038137727,1
459,2500,5,stress,ccmar,0.2558505160746848,seq,0.2808885540803891,0.01649586808716109,0.24855724673582974,0.31321986142494845,1
460,2500,5,stress,ccmar,0.2558505160746848,full,0.24785025699551558,0.009013942292557439,0.23018325474338058,0.26551725924765057,1
460,2500,5,stress,ccmar,0.2558505160746848,cc,0.21843011921913993,0.03049653711808661,0.15865800481450124,0.2782022336237786,1
460,2500,5,stress,ccmar,0.2558505160746848,seq,0.22033526651142055,0.029163440532191935,0.16317597340304874,0.27749455961979236,1
461,2500,5,stress,ccmar,0.2558505160746848,full,0.2436204663502449,0.009731922119247033,0.224546249496172,0.26269468320431777,1
461,2500,5,stress,ccmar,0.2558505160746848,cc,0.24946036418558024,0.03217968814832053,0.18638933438114158,0.3125313939900189,1
461,2500,5,stress,ccmar,0.2558505160746848,seq,0.23877562079944523,0.032607836778251804,0.1748654351003111,0.30268580649857935,1
462,2500,5,stress,ccmar,0.2558505160746848,full,0.2550970687575603,0.008933509551252005,0.23758771178156177,0.2726064257335588,1
462,2500,5,stress,ccmar,0.2558505160746848,cc,0.2242610930796971,0.0183371898309725,0.1883208614333169,0.2602013247260773,1
462,2500,5,stress,ccmar,0.2558505160746848,seq,0.22311613766308702,0.018158495499016252,0.1875261404715825,0.25870613485459154,1
463,2500,5,stress,ccmar,0.2558505160746848,full,0.24035928253283245,0.011085321009585501,0.21863245259697967,0.26208611246868524,1
463,2500,5,stress,ccmar,0.2558505160746848,cc,0.29569760885724183,0.020329209313256588,0.2558530907690827,0.335542126945401,0
463,2500,5,stress,ccmar,0.2558505160746848,seq,0.2917841802898207,0.02064347670218686,0.25132370943784277,0.3322446511417987,1
464,2500,5,stress,ccmar,0.2558505160746848,full,0.2632642869263116,0.01030839146427853,0.24306021091778557,0.2834683629348376,1
464,2500,5,stress,ccmar,0.2558505160746848,cc,0.21164428037982608,0.03341997638864107,0.1461423302939106,0.27714623046574155,1
464,2500,5,stress,ccmar,0.2558505160746848,seq,0.21383258718786033,0.03304596318753994,0.1490636895058456,0.27860148486987507,1
465,2500,5,stress,ccmar,0.2558505160746848,full,0.28987417296946716,0.009223153109152225,0.2717971250516302,0.30795122088730414,0
465,2500,5,stress,ccmar,0.2558505160746848,cc,0.24459015210719853,0.019566663831046553,0.20624019570074478,0.2829401085136523,1
465,2500,5,stress,ccmar,0.2558505160746848,seq,0.24522779375907802,0.01969981216829123,0.2066168714070233,0.28383871611113276,1
466,2500,5,stress,ccmar,0.2558505160746848,full,0.24588069521235484,0.008346075756431598,0.22952268731750602,0.26223870310720365,1
466,2500,5,stress,ccmar,0.2558505160746848,cc,0.22473839271926846,0.01875718557865901,0.1879749845337627,0.2615018009047742,1
466,2500,5,stress,ccmar,0.2558505160746848,seq,0.22206534919667956,0.018128252654571592,0.1865346268910766,0.25759607150228253,1
467,2500,5,stress,ccmar,0.2558505160746848,full,0.23882365145271298,0.008947861554239139,0.22128616506775367,0.2563611378376723,1
467,2500,5,stress,ccmar,0.2558505160746848,cc,0.2282471572285282,0.02059932778083319,0.18787321667235976,0.26862109778469667,1
467,2500,5,stress,ccmar,0.2558505160746848,seq,0.2362948967296067,0.019653646123235793,0.1977744581631693,0.2748153352960441,1
468,2500,5,stress,ccmar,0.2558505160746848,full,0.2675208032272197,0.009153782761434833,0.24957971869250384,0.2854618877619356,1
468,2500,5,stress,ccmar,0.2558505160746848,cc,0.32010131550447074,0.01747918828597547,0.2858427359849644,0.3543598950239771,0
468,2500,5,stress,ccmar,0.2558505160746848,seq,0.3161807002871511,0.01717678428141098,0.2825148217253719,0.34984657884893033,0
469,2500,5,stress,ccmar,0.2558505160746848,full,0.2633555962649637,0.008791711626869196,0.24612415811383803,0.28058703441608934,1
469,2500,5,stress,ccmar,0.2558505160746848,cc,0.24463114278257467,0.023705434144022305,0.19816934562240487,0.2910929399427445,1
469,2500,5,stress,ccmar,0.2558505160746848,seq,0.2414442392513244,0.02347901077064598,0.19542622374823027,0.28746225475441856,1
470,2500,5,stress,ccmar,0.2558505160746848,full,0.25279020877448805,0.009290402069061258,0.23458135531723157,0.2709990622317445,1
470,2500,5,stress,ccmar,0.2558505160746848,cc,0.30045676913154795,0.02016633395784663,0.26093148087396145,0.33998205738913445,0
470,2500,5,stress,ccmar,0.2558505160746848,seq,0.30346395351402444,0.02001501189463338,0.26423525105040224,0.34269265597764664,0
471,2500,5,stress,ccmar,0.2558505160746848,full,0.2774962097514654,0.009726012920430717,0.25843357471424994,0.29655884478868083,0
471,2500,5,stress,ccmar,0.2558505160746848,cc,0.2687005368050083,0.01825341113913077,0.23292450837730977,0.3044765652327069,1
471,2500,5,stress,ccmar,0.2558505160746848,seq,0.27043667799176163,0.02016831589841004,0.23090750520205136,0.3099658507814719,1
472,2500,5,stress,ccmar,0.2558505160746848,full,0.2591752740908257,0.00908206467344886,0.2413747544256024,0.27697579375604897,1
472,2500,5,stress,ccmar,0.2558505160746848,cc,0.3050858147466104,0.017662054640144708,0.2704688237589482,0.3397028057342726,0
472,2500,5,stress,ccmar,0.2558505160746848,seq,0.3124196188530049,0.018034704178204887,0.2770722481918893,0.3477669895141205,0
473,2500,5,stress,ccmar,0.2558505160746848,full,0.27025250471870094,0.008634095767998598,0.25332998797435397,0.2871750214630479,1
473,2500,5,stress,ccmar,0.2558505160746848,cc,0.21584850812536724,0.027288532704476606,0.16236396683364968,0.2693330494170848,1
473,2500,5,stress,ccmar,0.2558505160746848,seq,0.21233419822347688,0.027106319093765215,0.15920678904624666,0.2654616074007071,1
474,2500,5,stress,ccmar,0.2558505160746848,full,0.27778661011356426,0.008712304893108576,0.26071080630073934,0.2948624139263892,0
474,2500,5,stress,ccmar,0.2558505160746848,cc,0.266397373934368,0.03190887662826039,0.2038571249558458,0.32893762291289025,1
474,2500,5,stress,ccmar,0.2558505160746848,seq,0.263301914176942,0.031699589529093304,0.20117186037521612,0.32543196797866786,1
475,2500,5,stress,ccmar,0.2558505160746848,full,0.2732553315442021,0.009414818876170376,0.2548026256259403,0.29170803746246393,1
475,2500,5,stress,ccmar,0.2558505160746848,cc,0.24325643651429454,0.017237185079238798,0.2094721745641353,0.2770406984644538,1
475,2500,5,stress,ccmar,0.2558505160746848,seq,0.24036183067351793,0.016920316634236075,0.20719861946340123,0.27352504188363463,1
476,2500,5,stress,ccmar,0.2558505160746848,full,0.2738213978920712,0.009149762240828713,0.25588819343294245,0.2917546023512,0
476,2500,5,stress,ccmar,0.2558505160746848,cc,0.2754137266608519,0.01971829836126516,0.23676657203635704,0.31406088128534676,1
476,2500,5,stress,ccmar,0.2558505160746848,seq,0.27693892885999344,0.019567382286686273,0.23858756430636133,0.3152902934136255,1
477,2500,5,stress,ccmar,0.2558505160746848,full,0.25967263491388765,0.008667951515668544,0.24268376212343792,0.2766615077043374,1
477,2500,5,stress,ccmar,0.2558505160746848,cc,0.21434995555651284,0.02611789779947272,0.16315981651764838,0.2655400945953773,1
477,2500,5,stress,ccmar,0.2558505160746848,seq,0.21533855274741567,0.02598558490924449,0.16440774220808896,0.2662693632867424,1
478,2500,5,stress,ccmar,0.2558505160746848,full,0.2525120489093579,0.009751104615401063,0.23340023505368954,0.2716238627650263,1
478,2500,5,stress,ccmar,0.2558505160746848,cc,0.25316871491993903,0.015683848054104037,0.22242893759489651,0.28390849224498155,1
478,2500,5,stress,ccmar,0.2558505160746848,seq,0.2561920761713658,0.01553382189674983,0.22574634471147648,0.2866378076312551,1
479,2500,5,stress,ccmar,0.2558505160746848,full,0.2627228112034062,0.008707213091653457,0.24565698713804976,0.27978863526876263,1
479,2500,5,stress,ccmar,0.2558505160746848,cc,0.2636093728308954,0.0177437375132164,0.22883228635385897,0.29838645930793184,1
479,2500,5,stress,ccmar,0.2558505160746848,seq,0.2666288451414555,0.017772358496287947,0.2317956625683967,0.3014620277145143,1
480,2500,5,stress,ccmar,0.2558505160746848,full,0.27144530632001757,0.008890342708701952,0.2540205548007435,0.28887005783929165,1
480,2500,5,stress,ccmar,0.2558505160746848,cc,0.2312225619156139,0.019507180990684422,0.19298918973396806,0.26945593409725976,1
480,2500,5,stress,ccmar,0.2558505160746848,seq,0.24058098729095503,0.01921920426428997,0.20291203912142808,0.278249935460482,1
481,2500,5,stress,ccmar,0.2558505160746848,full,0.2804017017523474,0.009371422596031746,0.2620340509802203,0.2987693525244745,0
481,2500,5,stress,ccmar,0.2558505160746848,cc,0.3092025250818329,0.024443910068316622,0.2612933417065963,0.35711170845706947,0
481,2500,5,stress,ccmar,0.2558505160746848,seq,0.3060149353640793,0.024276004758286653,0.2584348403493145,0.3535950303788441,0
482,2500,5,stress,ccmar,0.2558505160746848,full,0.26840437808016354,0.008589364272088843,0.2515695334567743,0.2852392227035528,1
482,2500,5,stress,ccmar,0.2558505160746848,cc,0.27517897897769983,0.01725771058029163,0.2413544877847124,0.30900347017068724,1
482,2500,5,stress,ccmar,0.2558505160746848,seq,0.27396177100886493,0.017297245596994876,0.24005979260701094,0.3078637494107189,1
483,2500,5,stress,ccmar,0.2558505160746848,full,0.25976045564592204,0.008386722419124608,0.24332278175610317,0.2761981295357409,1
483,2500,5,stress,ccmar,0.2558505160746848,cc,0.2521552450578045,0.01407792508768796,0.22456301890888322,0.2797474712067258,1
483,2500,5,stress,ccmar,0.2558505160746848,seq,0.25442122586305893,0.013660885628952535,0.22764638203339116,0.2811960696927267,1
484,2500,5,stress,ccmar,0.2558505160746848,full,0.25927043351854334,0.009876143202701094,0.23991354853508914,0.27862731850199757,1
484,2500,5,stress,ccmar,0.2558505160746848,cc,0.264812353257047,0.014311135245813749,0.23676304359737027,0.2928616629167237,1
484,2500,5,stress,ccmar,0.2558505160746848,seq,0.27062942849514604,0.013964820960069058,0.24325888236286064,0.29799997462743144,1
485,2500,5,stress,ccmar,0.2558505160746848,full,0.2720422072973525,0.008700540487867912,0.25498946129509886,0.28909495329960616,1
485,2500,5,stress,ccmar,0.2558505160746848,cc,0.2617749660738984,0.016442094041913907,0.22954905392132652,0.29400087822647025,1
485,2500,5,stress,ccmar,0.2558505160746848,seq,0.2640876387848377,0.016435316925285142,0.23187500953677725,0.29630026803289816,1
486,2500,5,stress,ccmar,0.2558505160746848,full,0.23411838570504892,0.009688469405095988,0.21512933460574257,0.25310743680435527,0
486,2500,5,stress,ccmar,0.2558505160746848,cc,0.20012548666007615,0.03640759495442649,0.12876791178567804,0.27148306153447427,1
486,2500,5,stress,ccmar,0.2558505160746848,seq,0.20461591084528277,0.036055640581766996,0.13394815386549866,0.27528366782506686,1
487,2500,5,stress,ccmar,0.2558505160746848,full,0.2509898456207352,0.009128047517476052,0.23309920123731187,0.2688804900041585,1
487,2500,5,stress,ccmar,0.2558505160746848,cc,0.22599925988596206,0.0334101296415292,0.16051660906975074,0.2914819107021734,1
487,2500,5,stress,ccmar,0.2558505160746848,seq,0.2297428980598787,0.033401180891432104,0.16427778647156432,0.29520800964819305,1
488,2500,5,stress,ccmar,0.2558505160746848,full,0.26893049950612896,0.010171735592140437,0.2489942640852695,0.28886673492698844,1
488,2500,5,stress,ccmar,0.2558505160746848,cc,0.3249347442267226,0.015481403294909333,0.2945917513385606,0.3552777371148846,0
488,2500,5,stress,ccmar,0.2558505160746848,seq,0.3287681866099652,0.014936132586625562,0.29949390467186404,0.3580424685480664,0
489,2500,5,stress,ccmar,0.2558505160746848,full,0.25379424073342005,0.00928141986966907,0.23560299206347424,0.27198548940336587,1
489,2500,5,stress,ccmar,0.2558505160746848,cc,0.19640758541655878,0.027377648228958558,0.14274838090639322,0.2500667899267244,0
489,2500,5,stress,ccmar,0.2558505160746848,seq,0.20309531739017062,0.027134631417616725,0.1499124170778728,0.25627821770246845,1
490,2500,5,stress,ccmar,0.2558505160746848,full,0.23842410361722646,0.008916467952146042,0.2209481475617146,0.2559000596727383,1
490,2500,5,stress,ccmar,0.2558505160746848,cc,0.26992297813417854,0.022276199391816735,0.22626242961378468,0.3135835266545724,1
490,2500,5,stress,ccmar,0.2558505160746848,seq,0.27287423238060765,0.021919266120816006,0.2299132602162593,0.315835204544956,1
491,2500,5,stress,ccmar,0.2558505160746848,full,0.2660556466748073,0.009426504875930877,0.24758003661789157,0.284531256731723,1
491,2500,5,stress,ccmar,0.2558505160746848,cc,0.21368147878677304,0.06052505828005675,0.09505454439567403,0.3323084131778721,1
491,2500,5,stress,ccmar,0.2558505160746848,seq,0.21205192250809338,0.06059743815870913,0.09328312616163031,0.33082071885455644,1
492,2500,5,stress,ccmar,0.2558505160746848,full,0.2423425659351118,0.00889102660148201,0.2249164740106195,0.2597686578596041,1
492,2500,5,stress,ccmar,0.2558505160746848,cc,0.18066052269757146,0.030117453535431236,0.12163139846206772,0.2396896469330752,0
492,2500,5,stress,ccmar,0.2558505160746848,seq,0.18398995191340772,0.0296860704226808,0.1258063230424336,0.24217358078438184,0
493,2500,5,stress,ccmar,0.2558505160746848,full,0.25895112313799534,0.0092095800419659,0.2409006779430033,0.2770015683329874,1
493,2500,5,stress,ccmar,0.2558505160746848,cc,0.2578989129001039,0.02277924119385311,0.21325242056500063,0.3025454052352072,1
493,2500,5,stress,ccmar,0.2558505160746848,seq,0.25946236932653166,0.022636582686402805,0.21509548252811922,0.3038292561249441,1
494,2500,5,stress,ccmar,0.2558505160746848,full,0.2659573375376741,0.00983248044885061,0.24668602997923267,0.2852286450961155,1
494,2500,5,stress,ccmar,0.2558505160746848,cc,0.2622061840131025,0.021603999903672164,0.21986312227989824,0.3045492457463067,1
494,2500,5,stress,ccmar,0.2558505160746848,seq,0.26331917437228847,0.021285200360774303,0.22160094826145188,0.30503740048312505,1
495,2500,5,stress,ccmar,0.2558505160746848,full,0.2485940078818021,0.012749345813578939,0.22360574926074087,0.2735822665028633,1
495,2500,5,stress,ccmar,0.2558505160746848,cc,0.3192530537263567,0.06434813111120578,0.193133034275932,0.44537307317678143,1
495,2500,5,stress,ccmar,0.2558505160746848,seq,0.31669247124640654,0.06438702319749462,0.1904962247075721,0.44288871778524097,1
496,2500,5,stress,ccmar,0.2558505160746848,full,0.2738528691077437,0.009092464975274656,0.2560319652255135,0.2916737729899739,0
496,2500,5,stress,ccmar,0.2558505160746848,cc,0.2757889875605393,0.021089482982507856,0.23445436046225357,0.3171236146588251,1
496,2500,5,stress,ccmar,0.2558505160746848,seq,0.27490256189977524,0.02098500799951936,0.23377270200543238,0.3160324217941181,1
497,2500,5,stress,ccmar,0.2558505160746848,full,0.2717876014063343,0.009728461278325417,0.25272016767582395,0.29085503513684463,1
497,2500,5,stress,ccmar,0.2558505160746848,cc,0.2379199365871922,0.01700918001883714,0.20458255634371308,0.27125731683067134,1
497,2500,5,stress,ccmar,0.2558505160746848,seq,0.23763840391852017,0.016208556848695495,0.20587021625370697,0.26940659158333335,1
498,2500,5,stress,ccmar,0.2558505160746848,full,0.25257316325565,0.008759224786040135,0.23540539814252076,0.2697409283687792,1
498,2500,5,stress,ccmar,0.2558505160746848,cc,0.28004174768273804,0.020616611506994804,0.23963393164577418,0.3204495637197019,1
498,2500,5,stress,ccmar,0.2558505160746848,seq,0.2740315428503379,0.02007438573149118,0.23468646980485042,0.31337661589582533,1
499,2500,5,stress,ccmar,0.2558505160746848,full,0.24426421016829153,0.009401034543696554,0.22583852104522933,0.2626898992913537,1
499,2500,5,stress,ccmar,0.2558505160746848,cc,0.1489119358439645,0.036525961067707835,0.07732236765054497,0.22050150403738406,0
499,2500,5,stress,ccmar,0.2558505160746848,seq,0.14555815480959908,0.036288089666740415,0.07443480599502778,0.21668150362417038,0
500,2500,5,stress,ccmar,0.2558505160746848,full,0.23716460144091284,0.008745638441164378,0.22002346507442164,0.25430573780740406,0
500,2500,5,stress,ccmar,0.2558505160746848,cc,0.2932166956718111,0.054515186327997366,0.18636889385844588,0.40006449748517625,1
500,2500,5,stress,ccmar,0.2558505160746848,seq,0.2883323582407115,0.054550111836366044,0.18141610368880196,0.3952486127926211,1
501,2500,5,stress,ccmar,0.2558505160746848,full,0.2638862398672647,0.008522235160989228,0.24718296588394492,0.2805895138505845,1
501,2500,5,stress,ccmar,0.2558505160746848,cc,0.28749902389069626,0.023013179093102965,0.24239402169844432,0.3326040260829482,1
501,2500,5,stress,ccmar,0.2558505160746848,seq,0.28780487045314174,0.022921541488117366,0.24287947466629106,0.3327302662399924,1
502,2500,5,stress,ccmar,0.2558505160746848,full,0.2502496239285248,0.008659492187110785,0.23327733111738166,0.2672219167396679,1
502,2500,5,stress,ccmar,0.2558505160746848,cc,0.19720137181647776,0.018281411940265307,0.16137046282701725,0.23303228080593827,0
502,2500,5,stress,ccmar,0.2558505160746848,seq,0.20650851230469616,0.018355371730386354,0.17053264479029426,0.24248437981909807,0
503,2500,5,stress,ccmar,0.2558505160746848,full,0.2663519756337688,0.008669034302139798,0.24936098062083245,0.2833429706467051,1
503,2500,5,stress,ccmar,0.2558505160746848,cc,0.2729633148015405,0.033298249080966034,0.20769994585460314,0.33822668374847786,1
503,2500,5,stress,ccmar,0.2558505160746848,seq,0.2698568225939765,0.033407399247193596,0.2043795232523265,0.33533412193562645,1
504,2500,5,stress,ccmar,0.2558505160746848,full,0.2595177512502311,0.010219452306819386,0.2394879927871403,0.2795475097133219,1
504,2500,5,stress,ccmar,0.2558505160746848,cc,0.32096957401989923,0.03931754355305721,0.2439086046953221,0.39803054334447635,1
504,2500,5,stress,ccmar,0.2558505160746848,seq,0.320206982105367,0.038733165590095014,0.2442913725415547,0.39612259166917935,1
505,2500,5,stress,ccmar,0.2558505160746848,full,0.2446046334999156,0.009799611849907248,0.22539774721162545,0.2638115197882057,1
505,2500,5,stress,ccmar,0.2558505160746848,cc,0.16174338333625046,0.054078255715111656,0.05575194978788427,0.26773481688461664,1
505,2500,5,stress,ccmar,0.2558505160746848,seq,0.16343119101633788,0.05380471890769749,0.05797587975894952,0.26888650227372624,1
506,2500,5,stress,ccmar,0.2558505160746848,full,0.25107925932375175,0.014684723717328221,0.2222977297148673,0.2798607889326362,1
506,2500,5,stress,ccmar,0.2558505160746848,cc,0.23134551235264558,0.019294928198827343,0.1935281479986577,0.26916287670663347,1
506,2500,5,stress,ccmar,0.2558505160746848,seq,0.22723508877591048,0.019841653469648644,0.18834616258167494,0.26612401497014604,1
507,2500,5,stress,ccmar,0.2558505160746848,full,0.2566153856772937,0.00911831187738707,0.23874382279781123,0.27448694855677613,1
507,2500,5,stress,ccmar,0.2558505160746848,cc,0.21690267728685803,0.022634128516119192,0.1725406005738134,0.2612647539999027,1
507,2500,5,stress,ccmar,0.2558505160746848,seq,0.21895539310469372,0.022250107508108546,0.17534598373665672,0.26256480247273073,1
508,2500,5,stress,ccmar,0.2558505160746848,full,0.2482275192874448,0.00946109346081868,0.22968411684987278,0.2667709217250168,1
508,2500,5,stress,ccmar,0.2558505160746848,cc,0.20474234429782812,0.015436033944269352,0.17448827370292244,0.2349964148927338,0
508,2500,5,stress,ccmar,0.2558505160746848,seq,0.2012326494184649,0.015623770424422218,0.17061062208387526,0.23185467675305452,0
509,2500,5,stress,ccmar,0.2558505160746848,full,0.25903614101591516,0.008661403628196767,0.24206010184908494,0.27601218018274537,1
509,2500,5,stress,ccmar,0.2558505160746848,cc,0.22862402828376138,0.02668109134958114,0.17633005017035916,0.2809180063971636,1
509,2500,5,stress,ccmar,0.2558505160746848,seq,0.2285656587028504,0.026498182557226184,0.1766301752349196,0.2805011421707812,1
510,2500,5,stress,ccmar,0.2558505160746848,full,0.28665666869257317,0.009388335164892337,0.26825586989459327,0.30505746749055307,0
510,2500,5,stress,ccmar,0.2558505160746848,cc,0.2952393824570913,0.01626469627891232,0.2633611635309405,0.3271176013832421,0
510,2500,5,stress,ccmar,0.2558505160746848,seq,0.2940276995224442,0.016003553458290538,0.2626613111195333,0.32539408792535507,0
511,2500,5,stress,ccmar,0.2558505160746848,full,0.2529731944717911,0.00934872649598516,0.23465002723834485,0.27129636170523735,1
511,2500,5,stress,ccmar,0.2558505160746848,cc,0.2099849486930981,0.03476734494921448,0.14184220475455717,0.27812769263163906,1
511,2500,5,stress,ccmar,0.2558505160746848,seq,0.20973080142519965,0.03487246031927389,0.14138203514712067,0.27807956770327863,1
512,2500,5,stress,ccmar,0.2558505160746848,full,0.26391681623499863,0.009415086792698759,0.24546358520999034,0.2823700472600069,1
512,2500,5,stress,ccmar,0.2558505160746848,cc,0.24467099090528144,0.0760781001679189,0.09556065456392976,0.3937813272466331,1
512,2500,5,stress,ccmar,0.2558505160746848,seq,0.2410772057787419,0.07595089704477587,0.09221618297747156,0.38993822858001226,1
513,2500,5,stress,ccmar,0.2558505160746848,full,0.26290853884671367,0.009747176137828668,0.24380442466560126,0.2820126530278261,1
513,2500,5,stress,ccmar,0.2558505160746848,cc,0.21035545928788296,0.04422811009975614,0.12366995638808871,0.2970409621876772,1
513,2500,5,stress,ccmar,0.2558505160746848,seq,0.21229972676998032,0.0440127614382166,0.1260362994909225,0.29856315404903816,1
514,2500,5,stress,ccmar,0.2558505160746848,full,0.24829373069936408,0.0080469250930422,0.23252204733070975,0.2640654140680184,1
514,2500,5,stress,ccmar,0.2558505160746848,cc,0.2591075343456778,0.016539029923757696,0.22669163135588247,0.2915234373354731,1
514,2500,5,stress,ccmar,0.2558505160746848,seq,0.2605107165105551,0.016439628466649966,0.22828963679670172,0.2927317962244084,1
515,2500,5,stress,ccmar,0.2558505160746848,full,0.2503448039976222,0.00869255464178081,0.23330770996608535,0.26738189802915907,1
515,2500,5,stress,ccmar,0.2558505160746848,cc,0.24772851371775395,0.014106691074208377,0.22007990727127288,0.275377120164235,1
515,2500,5,stress,ccmar,0.2558505160746848,seq,0.2509540784841567,0.013640428505078685,0.22421932988050894,0.27768882708780446,1
516,2500,5,stress,ccmar,0.2558505160746848,full,0.2638942787652682,0.009691793459918626,0.24489871263822688,0.28288984489230956,1
516,2500,5,stress,ccmar,0.2558505160746848,cc,0.2716959080892995,0.02068476104126615,0.23115452141960063,0.31223729475899836,1
516,2500,5,stress,ccmar,0.2558505160746848,seq,0.26824431387371295,0.020551244821767078,0.2279646141855842,0.3085240135618417,1
517,2500,5,stress,ccmar,0.2558505160746848,full,0.2674894247290815,0.009570943389695169,0.24873072038720725,0.2862481290709557,1
517,2500,5,stress,ccmar,0.2558505160746848,cc,0.20049951284271797,0.026232960170876694,0.14908385569992594,0.25191516998551,0
517,2500,5,stress,ccmar,0.2558505160746848,seq,0.20329261416243813,0.024843407124318394,0.1546004309455083,0.25198479737936796,0
518,2500,5,stress,ccmar,0.2558505160746848,full,0.25685317857295276,0.009227421402160756,0.2387677649545436,0.2749385921913619,1
518,2500,5,stress,ccmar,0.2558505160746848,cc,0.24319573052884208,0.028880944908373233,0.1865901186689451,0.29980134238873907,1
518,2500,5,stress,ccmar,0.2558505160746848,seq,0.24860670678434144,0.029298592555421575,0.1911825205780018,0.3060308929906811,1
519,2500,5,stress,ccmar,0.2558505160746848,full,0.25567038973900774,0.009555473681102268,0.23694200546882693,0.27439877400918855,1
519,2500,5,stress,ccmar,0.2558505160746848,cc,0.2194979046297618,0.050625904395171915,0.12027295533045682,0.31872285392906674,1
519,2500,5,stress,ccmar,0.2558505160746848,seq,0.21682015103072771,0.05041120681434589,0.11801600125740962,0.3156243008040458,1
520,2500,5,stress,ccmar,0.2558505160746848,full,0.25223279985962505,0.009143620986686161,0.23431163203743557,0.27015396768181454,1
520,2500,5,stress,ccmar,0.2558505160746848,cc,0.2777537609439386,0.022437184364426366,0.2337776876751777,0.3217298342126995,1
520,2500,5,stress,ccmar,0.2558505160746848,seq,0.27722740625745157,0.022776061017835803,0.23258714695280672,0.32186766556209645,1
521,2500,5,stress,ccmar,0.2558505160746848,full,0.2497165758211184,0.009321458563842382,0.23144685275260488,0.26798629888963194,1
521,2500,5,stress,ccmar,0.2558505160746848,cc,0.27735144802254963,0.017177285107576296,0.24368458785952385,0.3110183081855754,1
521,2500,5,stress,ccmar,0.2558505160746848,seq,0.2730369051185588,0.016695107294143127,0.24031509610400634,0.3057587141331113,1
522,2500,5,stress,ccmar,0.2558505160746848,full,0.24604735830712884,0.009673411564667249,0.2270878200327478,0.2650068965815099,1
522,2500,5,stress,ccmar,0.2558505160746848,cc,0.1939883437263872,0.09389921178709473,0.0099492704469826,0.3780274170057918,1
522,2500,5,stress,ccmar,0.2558505160746848,seq,0.1900306420550067,0.09400490258717964,0.005784418613938441,0.374276865496075,1
523,2500,5,stress,ccmar,0.2558505160746848,full,0.25307820944049253,0.009894949812683917,0.2336844641788007,0.2724719547021844,1
523,2500,5,stress,ccmar,0.2558505160746848,cc,0.2532634827821701,0.022228957504340667,0.20969552665979102,0.29683143890454916,1
523,2500,5,stress,ccmar,0.2558505160746848,seq,0.24876327269951215,0.02220718534876945,0.20523798921791847,0.29228855618110583,1
524,2500,5,stress,ccmar,0.2558505160746848,full,0.23365833251414178,0.010480235772513202,0.2131174478505276,0.25419921717775595,0
524,2500,5,stress,ccmar,0.2558505160746848,cc,0.2502349604884656,0.015182230735829628,0.2204783350412625,0.2799915859356687,1
524,2500,5,stress,ccmar,0.2558505160746848,seq,0.2448736132079127,0.015002562044590897,0.21546913192468695,0.27427809449113844,1
525,2500,5,stress,ccmar,0.2558505160746848,full,0.25697353361787967,0.010094565318961581,0.2371885491531279,0.27675851808263147,1
525,2500,5,stress,ccmar,0.2558505160746848,cc,0.30022991898729723,0.038372270872663934,0.22502165007186056,0.37543818790273387,1
525,2500,5,stress,ccmar,0.2558505160746848,seq,0.2901497934433174,0.03872655517933154,0.2142471400465245,0.36605244684011035,1
526,2500,5,stress,ccmar,0.2558505160746848,full,0.23054497924100256,0.008497765156554947,0.2138896655850755,0.24720029289692963,0
526,2500,5,stress,ccmar,0.2558505160746848,cc,0.23872720607646455,0.017137381840654192,0.2051385548794716,0.27231585727345753,1
526,2500,5,stress,ccmar,0.2558505160746848,seq,0.23716389620967993,0.01671941921886062,0.2043944366982863,0.2699333557210735,1
527,2500,5,stress,ccmar,0.2558505160746848,full,0.2578426724089628,0.009456778647039261,0.23930772685099844,0.27637761796692717,1
527,2500,5,stress,ccmar,0.2558505160746848,cc,0.2749746268743937,0.019782226677626333,0.23620217505223867,0.3137470786965488,1
527,2500,5,stress,ccmar,0.2558505160746848,seq,0.27115191825534674,0.019081423392948892,0.23375301563140682,0.30855082087928665,1
528,2500,5,stress,ccmar,0.2558505160746848,full,0.2531469607667847,0.009787207916908314,0.23396438574043915,0.2723295357931303,1
528,2500,5,stress,ccmar,0.2558505160746848,cc,0.24201613777114644,0.02628865714350901,0.19049131656794716,0.29354095897434573,1
528,2500,5,stress,ccmar,0.2558505160746848,seq,0.23803023638070525,0.025913639459626225,0.18724043633148185,0.28882003642992865,1
529,2500,5,stress,ccmar,0.2558505160746848,full,0.25953705101378527,0.008431415325415857,0.24301178063727114,0.2760623213902994,1
529,2500,5,stress,ccmar,0.2558505160746848,cc,0.22224933273309924,0.016301290600647157,0.1902993902543095,0.25419927521188895,0
529,2500,5,stress,ccmar,0.2558505160746848,seq,0.22434641843746678,0.015704235459473786,0.19356668253216133,0.25512615434277225,0
530,2500,5,stress,ccmar,0.2558505160746848,full,0.2485129732694635,0.009348882345559464,0.23018950057646462,0.2668364459624624,1
530,2500,5,stress,ccmar,0.2558505160746848,cc,0.22291779005684156,0.02906444051403808,0.16595253341852012,0.279883046695163,1
530,2500,5,stress,ccmar,0.2558505160746848,seq,0.22379251995330693,0.02972380614941437,0.16553493041700457,0.2820501094896093,1
531,2500,5,stress,ccmar,0.2558505160746848,full,0.2609360621004266,0.008958341513569031,0.24337803537262123,0.2784940888282319,1
531,2500,5,stress,ccmar,0.2558505160746848,cc,0.2547744079501969,0.016123367405276392,0.22317318852634815,0.28637562737404565,1
531,2500,5,stress,ccmar,0.2558505160746848,seq,0.256834031787207,0.01595119001225224,0.22557027385263756,0.2880977897217764,1
532,2500,5,stress,ccmar,0.2558505160746848,full,0.2492739586019175,0.00966742023518058,0.23032616311754983,0.2682217540862852,1
532,2500,5,stress,ccmar,0.2558505160746848,cc,0.21932859295043222,0.01832292495192091,0.18341631995323693,0.2552408659476275,0
532,2500,5,stress,ccmar,0.2558505160746848,seq,0.22348409852956874,0.017936592472766643,0.1883290232775739,0.2586391737815636,1
533,2500,5,stress,ccmar,0.2558505160746848,full,0.2753656429294009,0.00840098014262553,0.2589000244150187,0.29183126144378313,0
533,2500,5,stress,ccmar,0.2558505160746848,cc,0.2579232977158313,0.01463380126216425,0.22924157428507255,0.28660502114659,1
533,2500,5,stress,ccmar,0.2558505160746848,seq,0.25307434795855954,0.014161820427102744,0.2253176899659145,0.2808310059512046,1
534,2500,5,stress,ccmar,0.2558505160746848,full,0.2517488045887825,0.009610136617619208,0.2329132829317393,0.27058432624582573,1
534,2500,5,stress,ccmar,0.2558505160746848,cc,0.15566120546256793,0.0208127102130713,0.11486904302427922,0.19645336790085663,0
534,2500,5,stress,ccmar,0.2558505160746848,seq,0.1597864961400776,0.019970426578110226,0.12064517929108007,0.1989278129890751,0
535,2500,5,stress,ccmar,0.2558505160746848,full,0.2699462093336879,0.009311333086619588,0.2516963318358573,0.2881960868315185,1
535,2500,5,stress,ccmar,0.2558505160746848,cc,0.267835663704973,0.026639132930181813,0.21562392258244173,0.3200474048275043,1
535,2500,5,stress,ccmar,0.2558505160746848,seq,0.2652281619336942,0.02602805273743443,0.21421411598061355,0.3162422078867748,1
536,2500,5,stress,ccmar,0.2558505160746848,full,0.26408299355903603,0.008843393537720514,0.24675026072398956,0.28141572639408247,1
536,2500,5,stress,ccmar,0.2558505160746848,cc,0.2634730002003892,0.016678693254498732,0.23078336211238057,0.2961626382883979,1
536,2500,5,stress,ccmar,0.2558505160746848,seq,0.2625053934546414,0.016322876435530327,0.23051314351690444,0.2944976433923784,1
537,2500,5,stress,ccmar,0.2558505160746848,full,0.24452161824998797,0.008496476831637984,0.22786882966449853,0.26117440683547744,1
537,2500,5,stress,ccmar,0.2558505160746848,cc,0.2773266242632023,0.026906337317869875,0.2245911721642913,0.3300620763621133,1
537,2500,5,stress,ccmar,0.2558505160746848,seq,0.26903858399227104,0.02700976073622358,0.21610042571822877,0.3219767422663133,1
538,2500,5,stress,ccmar,0.2558505160746848,full,0.2666291956454572,0.008917877460843927,0.24915047700366158,0.2841079142872528,1
538,2500,5,stress,ccmar,0.2558505160746848,cc,0.2775217475891748,0.022726972551643992,0.23297769991032222,0.3220657952680274,1
538,2500,5,stress,ccmar,0.2558505160746848,seq,0.2801812305594886,0.022176021348896704,0.23671702739525974,0.3236454337237175,1
539,2500,5,stress,ccmar,0.2558505160746848,full,0.25065647445289824,0.010377090387687886,0.23031775102871319,0.27099519787708326,1
539,2500,5,stress,ccmar,0.2558505160746848,cc,0.2622581017335236,0.020372015900481724,0.2223296842761021,0.3021865191909451,1
539,2500,5,stress,ccmar,0.2558505160746848,seq,0.2663263257839992,0.02016183964341204,0.2268098462208397,0.3058428053471587,1
540,2500,5,stress,ccmar,0.2558505160746848,full,0.27221881337895926,0.008670938472797348,0.2552240862601137,0.2892135404978048,1
540,2500,5,stress,ccmar,0.2558505160746848,cc,0.28475914762070054,0.021211144271733016,0.24318606877722077,0.3263322264641803,1
540,2500,5,stress,ccmar,0.2558505160746848,seq,0.2765244322311237,0.021499404935996728,0.23438637286752748,0.31866249159472,1
541,2500,5,stress,ccmar,0.2558505160746848,full,0.2649883204025754,0.009105202568235958,0.24714245129689133,0.2828341895082595,1
541,2500,5,stress,ccmar,0.2558505160746848,cc,0.27906325400957066,0.016048644447699722,0.2476084888913905,0.31051801912775084,1
541,2500,5,stress,ccmar,0.2558505160746848,seq,0.27821218942502485,0.01579961758014896,0.247245507998427,0.3091788708516227,1
542,2500,5,stress,ccmar,0.2558505160746848,full,0.2363492208619039,0.009525207304393962,0.21768015760001388,0.2550182841237939,0
542,2500,5,stress,ccmar,0.2558505160746848,cc,0.28663337949499873,0.023391305257313047,0.24078726363928274,0.33247949535071475,1
542,2500,5,stress,ccmar,0.2558505160746848,seq,0.27480607805859675,0.023109633324344195,0.2295120290469555,0.320100127070238,1
543,2500,5,stress,ccmar,0.2558505160746848,full,0.2624432108055392,0.0095573682462357,0.24371111325593045,0.28117530835514787,1
543,2500,5,stress,ccmar,0.2558505160746848,cc,0.21687614430844052,0.018751014281782462,0.1801248316425507,0.2536274569743303,0
543,2500,5,stress,ccmar,0.2558505160746848,seq,0.21647909116206565,0.01894247889419378,0.17935251475153574,0.25360566757259556,0
544,2500,5,stress,ccmar,0.2558505160746848,full,0.2614940957704735,0.008374994657512867,0.2450794078710329,0.27790878366991406,1
544,2500,5,stress,ccmar,0.2558505160746848,cc,0.25187544249916893,0.024976181611900863,0.2029230260685117,0.30082785892982616,1
544,2500,5,stress,ccmar,0.2558505160746848,seq,0.24858984991752409,0.024884251607039685,0.19981761298549333,0.29736208684955484,1
545,2500,5,stress,ccmar,0.2558505160746848,full,0.259096493583231,0.010363545137039203,0.23878431836247893,0.2794086688039831,1
545,2500,5,stress,ccmar,0.2558505160746848,cc,0.24945738723035693,0.015225778842798791,0.21961540906189936,0.2792993653988145,1
545,2500,5,stress,ccmar,0.2558505160746848,seq,0.24839901956101818,0.014878951507045086,0.21923681047949184,0.2775612286425445,1
546,2500,5,stress,ccmar,0.2558505160746848,full,0.25930418746445905,0.010632633503289008,0.23846460873719866,0.28014376619171943,1
546,2500,5,stress,ccmar,0.2558505160746848,cc,0.24446420048092476,0.02533758432748517,0.1948034477438073,0.2941249532180422,1
546,2500,5,stress,ccmar,0.2558505160746848,seq,0.25376632742569266,0.024786539061391236,0.2051856035639706,0.30234705128741474,1
547,2500,5,stress,ccmar,0.2558505160746848,full,0.2625981513620453,0.00919389338934632,0.2445784514412256,0.280617851282865,1
547,2500,5,stress,ccmar,0.2558505160746848,cc,0.24155162326830895,0.01648333124072797,0.20924488769123822,0.2738583588453797,1
547,2500,5,stress,ccmar,0.2558505160746848,seq,0.24740209345742295,0.01608052529474381,0.21588484302723976,0.27891934388760614,1
548,2500,5,stress,ccmar,0.2558505160746848,full,0.25115882410167173,0.008591529993434918,0.23431973474244364,0.2679979134608998,1
548,2500,5,stress,ccmar,0.2558505160746848,cc,0.2724679244044577,0.016762947634129152,0.23961315076683368,0.3053226980420818,1
548,2500,5,stress,ccmar,0.2558505160746848,seq,0.2625062683253405,0.016384413848084974,0.23039340727529467,0.29461912937538637,1
549,2500,5,stress,ccmar,0.2558505160746848,full,0.25715559599130544,0.009185994126512017,0.23915137834114542,0.27515981364146547,1
549,2500,5,stress,ccmar,0.2558505160746848,cc,0.24939020774750006,0.016761049769278842,0.21653915385663014,0.28224126163837,1
549,2500,5,stress,ccmar,0.2558505160746848,seq,0.24486424649914398,0.016913581012676145,0.21171423686469826,0.2780142561335897,1
550,2500,5,stress,ccmar,0.2558505160746848,full,0.2592522916120244,0.010275769446915344,0.23911215358263327,0.27939242964141553,1
550,2500,5,stress,ccmar,0.2558505160746848,cc,0.27584051889182354,0.021597300880582614,0.2335105870026064,0.31817045078104067,1
550,2500,5,stress,ccmar,0.2558505160746848,seq,0.27860463115803613,0.02159841038619616,0.23627252467777582,0.32093673763829644,1
551,2500,5,stress,ccmar,0.2558505160746848,full,0.24253926451708954,0.009191478873378841,0.22452429696060622,0.26055423207357287,1
551,2500,5,stress,ccmar,0.2558505160746848,cc,0.2760366783136482,0.02357818260843799,0.22982428958020107,0.32224906704709533,1
551,2500,5,stress,ccmar,0.2558505160746848,seq,0.2765855945604106,0.024731765163904153,0.22811222556505611,0.3250589635557651,1
552,2500,5,stress,ccmar,0.2558505160746848,full,0.24083705838067435,0.008735064085520909,0.22371664737040406,0.2579574693909446,1
552,2500,5,stress,ccmar,0.2558505160746848,cc,0.24307599788892723,0.01783744603173292,0.2081152460905538,0.27803674968730063,1
552,2500,5,stress,ccmar,0.2558505160746848,seq,0.25011206127085944,0.017513506558882192,0.21578621917244434,0.28443790336927455,1
553,2500,5,stress,ccmar,0.2558505160746848,full,0.24814596839316,0.009482041325361202,0.22956150889553162,0.2667304278907884,1
553,2500,5,stress,ccmar,0.2558505160746848,cc,0.28448114079549025,0.05848776445504247,0.16984722892734508,0.39911505266363545,1
553,2500,5,stress,ccmar,0.2558505160746848,seq,0.2922569934380347,0.05808760043337134,0.1784073886402736,0.40610659823579576,1
554,2500,5,stress,ccmar,0.2558505160746848,full,0.268721336456824,0.009366077275222578,0.2503641623209687,0.2870785105926793,1
554,2500,5,stress,ccmar,0.2558505160746848,cc,0.33593800125303663,0.02543201093733873,0.286092175761424,0.3857838267446493,0
554,2500,5,stress,ccmar,0.2558505160746848,seq,0.3407362859132001,0.02496017664652926,0.291815238638245,0.3896573331881552,0
555,2500,5,stress,ccmar,0.2558505160746848,full,0.23406184523113133,0.009394245489734195,0.21564946240932448,0.2524742280529382,0
555,2500,5,stress,ccmar,0.2558505160746848,cc,0.22320609602757668,0.0227235648321097,0.1786687273562807,0.26774346469887267,1
555,2500,5,stress,ccmar,0.2558505160746848,seq,0.21728305492057162,0.02251016195817894,0.1731639481963773,0.261402161644766,1
556,2500,5,stress,ccmar,0.2558505160746848,full,0.2891584645880729,0.010493920781319268,0.26859075780007075,0.3097261713760751,0
556,2500,5,stress,ccmar,0.2558505160746848,cc,0.33639483619025123,0.0486816066489894,0.2409806404486864,0.4318090319318161,1
556,2500,5,stress,ccmar,0.2558505160746848,seq,0.33370769340884454,0.0486269278869931,0.23840066607151167,0.4290147207461774,1
557,2500,5,stress,ccmar,0.2558505160746848,full,0.25135117151742487,0.009061352652158607,0.23359124666797748,0.26911109636687225,1
557,2500,5,stress,ccmar,0.2558505160746848,cc,0.26292322267466606,0.019643758615589178,0.22442216326711287,0.3014242820822192,1
557,2500,5,stress,ccmar,0.2558505160746848,seq,0.2736335829164349,0.019761458108603903,0.23490183674157425,0.31236532909129555,1
558,2500,5,stress,ccmar,0.2558505160746848,full,0.2639142797998651,0.008873807150386473,0.2465219373793536,0.2813066222203766,1
558,2500,5,stress,ccmar,0.2558505160746848,cc,0.28697516961225755,0.020210248338787647,0.2473638107496233,0.3265865284748918,1
558,2500,5,stress,ccmar,0.2558505160746848,seq,0.2892643128227346,0.01977450639951394,0.2505069924676305,0.3280216331778388,1
559,2500,5,stress,ccmar,0.2558505160746848,full,0.25908451749852707,0.008614241021202947,0.24220091534282176,0.2759681196542324,1
559,2500,5,stress,ccmar,0.2558505160746848,cc,0.25073602383196636,0.01652977755627208,0.21833825514921457,0.28313379251471815,1
559,2500,5,stress,ccmar,0.2558505160746848,seq,0.25476327716644054,0.016025512576418693,0.2233538496828662,0.2861727046500149,1
560,2500,5,stress,ccmar,0.2558505160746848,full,0.24275652281983484,0.009911225964146685,0.22333087688746905,0.26218216875220063,1
560,2500,5,stress,ccmar,0.2558505160746848,cc,0.24052382359426816,0.019609419516621197,0.2020900675839538,0.27895757960458256,1
560,2500,5,stress,ccmar,0.2558505160746848,seq,0.24468044610604792,0.019593341367464674,0.2062782026890184,0.28308268952307747,1
561,2500,5,stress,ccmar,0.2558505160746848,full,0.25067376226937915,0.01080263665158551,0.22950098349419917,0.27184654104455913,1
561,2500,5,stress,ccmar,0.2558505160746848,cc,0.27639103823650246,0.02099631819796397,0.23523901076055015,0.3175430657124548,1
561,2500,5,stress,ccmar,0.2558505160746848,seq,0.27645644437644895,0.02076042909647829,0.23576675104375408,0.3171461377091438,1
562,2500,5,stress,ccmar,0.2558505160746848,full,0.26343264433589586,0.008698851152876925,0.24638320936938235,0.28048207930240937,1
562,2500,5,stress,ccmar,0.2558505160746848,cc,0.19002657431205372,0.023487450281254308,0.1439920176721201,0.23606113095198733,0
562,2500,5,stress,ccmar,0.2558505160746848,seq,0.18343339793373228,0.02287452768172988,0.1386001475141772,0.22826664835328736,0
563,2500,5,stress,ccmar,0.2558505160746848,full,0.23343909306680843,0.010771814011851432,0.2123267255554157,0.25455146057820116,0
563,2500,5,stress,ccmar,0.2558505160746848,cc,0.23593055362406276,0.015224020835422408,0.20609202108674746,0.26576908616137807,1
563,2500,5,stress,ccmar,0.2558505160746848,seq,0.24204724673520236,0.01499634468215582,0.2126549512584282,0.2714395422119765,1
564,2500,5,stress,ccmar,0.2558505160746848,full,0.24920993105374364,0.009967558755425515,0.22967387487932275,0.26874598722816456,1
564,2500,5,stress,ccmar,0.2558505160746848,cc,0.23670271330107506,0.019626022848834225,0.19823641535759978,0.27516901124455034,1
564,2500,5,stress,ccmar,0.2558505160746848,seq,0.2278839642177344,0.01931532841520068,0.19002661617437797,0.2657413122610909,1
565,2500,5,stress,ccmar,0.2558505160746848,full,0.2448089856054504,0.009062894007216852,0.22704603975560148,0.26257193145529933,1
565,2500,5,stress,ccmar,0.2558505160746848,cc,0.22781864511155,0.01745514801785366,0.19360718365174112,0.2620301065713589,1
565,2500,5,stress,ccmar,0.2558505160746848,seq,0.2273354241978067,0.017002308297479285,0.19401151228070077,0.2606593361149126,1
566,2500,5,stress,ccmar,0.2558505160746848,full,0.24985764981204417,0.008199604117840929,0.23378672105358964,0.26592857857049873,1
566,2500,5,stress,ccmar,0.2558505160746848,cc,0.19131618988479104,0.025681179271919402,0.14098200343131245,0.24165037633826963,0
566,2500,5,stress,ccmar,0.2558505160746848,seq,0.18632469173081373,0.02501662600879462,0.13729300573886827,0.2353563777227592,0
567,2500,5,stress,ccmar,0.2558505160746848,full,0.24280904912972104,0.009158297949630224,0.22485911498875877,0.2607589832706833,1
567,2500,5,stress,ccmar,0.2558505160746848,cc,0.21429521353042538,0.020613469939484673,0.17389355485263638,0.2546968722082144,0
567,2500,5,stress,ccmar,0.2558505160746848,seq,0.21357471908323478,0.01996014503270329,0.17445355369294027,0.2526958844735293,0
568,2500,5,stress,ccmar,0.2558505160746848,full,0.24119607683542135,0.009417663121479335,0.22273779629879079,0.2596543573720519,1
568,2500,5,stress,ccmar,0.2558505160746848,cc,0.20337446398141545,0.023718913192591718,0.15688624837150372,0.24986267959132719,0
568,2500,5,stress,ccmar,0.2558505160746848,seq,0.20571041846859625,0.02361886396900712,0.15941829573359154,0.252002541203601,0
569,2500,5,stress,ccmar,0.2558505160746848,full,0.22851985084049178,0.009396738712734602,0.2101025813913987,0.24693712028958487,0
569,2500,5,stress,ccmar,0.2558505160746848,cc,0.20064580638228013,0.02630272627499351,0.14909341018807748,0.2521982025764828,0
569,2500,5,stress,ccmar,0.2558505160746848,seq,0.21044681161644885,0.02548870921287035,0.1604898595468087,0.26040376368608903,1
570,2500,5,stress,ccmar,0.2558505160746848,full,0.2514713451062349,0.009242508541668042,0.23335636123776174,0.2695863289747081,1
570,2500,5,stress,ccmar,0.2558505160746848,cc,0.22828860761982206,0.019054723085602628,0.190942036636657,0.26563517860298713,1
570,2500,5,stress,ccmar,0.2558505160746848,seq,0.22878650882388674,0.01923961702480154,0.19107755237893204,0.26649546526884144,1
571,2500,5,stress,ccmar,0.2558505160746848,full,0.26089055817285456,0.01003146815747296,0.24122924187214717,0.28055187447356195,1
571,2500,5,stress,ccmar,0.2558505160746848,cc,0.2853133378742593,0.017182395430098037,0.2516364616631415,0.31899021408537703,1
571,2500,5,stress,ccmar,0.2558505160746848,seq,0.2787348943725522,0.01783158813168038,0.24378562384730681,0.31368416489779766,1
572,2500,5,stress,ccmar,0.2558505160746848,full,0.2610765969111227,0.00867546245451214,0.24407300295104947,0.27808019087119595,1
572,2500,5,stress,ccmar,0.2558505160746848,cc,0.23702006298480915,0.018774452340378233,0.2002228125682041,0.27381731340141424,1
572,2500,5,stress,ccmar,0.2558505160746848,seq,0.23635966991596966,0.018582209399356467,0.1999392087400493,0.27278013109189,1
573,2500,5,stress,ccmar,0.2558505160746848,full,0.2577895783849063,0.008994309314660727,0.24016105606235813,0.2754181007074544,1
573,2500,5,stress,ccmar,0.2558505160746848,cc,0.259542512979464,0.02605532114221582,0.20847502193509598,0.31061000402383204,1
573,2500,5,stress,ccmar,0.2558505160746848,seq,0.25679417801851095,0.026177045962721922,0.20548811070992637,0.30810024532709557,1
574,2500,5,stress,ccmar,0.2558505160746848,full,0.2536667856902368,0.009944540348841032,0.234175844763703,0.2731577266167706,1
574,2500,5,stress,ccmar,0.2558505160746848,cc,0.23233279346572352,0.01873032357268442,0.19562203384448046,0.2690435530869666,1
574,2500,5,stress,ccmar,0.2558505160746848,seq,0.23480481851586565,0.018789473443746808,0.19797812727765013,0.2716315097540812,1
575,2500,5,stress,ccmar,0.2558505160746848,full,0.2767849736359699,0.008874375653176404,0.25939151697046503,0.2941784303014747,0
575,2500,5,stress,ccmar,0.2558505160746848,cc,0.2700544676268612,0.022428645884879913,0.22609512947049407,0.3140138057832283,1
575,2500,5,stress,ccmar,0.2558505160746848,seq,0.26762609711706153,0.022367961383975576,0.2237856983968867,0.31146649583723635,1
576,2500,5,stress,ccmar,0.2558505160746848,full,0.2559727888143694,0.010273202955127347,0.23583768101644936,0.27610789661228946,1
576,2500,5,stress,ccmar,0.2558505160746848,cc,0.26470789361927494,0.0244629749770927,0.2167613437094687,0.31265444352908117,1
576,2500,5,stress,ccmar,0.2558505160746848,seq,0.278026813269598,0.026822602500917725,0.22545547839616525,0.33059814814303073,1
577,2500,5,stress,ccmar,0.2558505160746848,full,0.2652339819130515,0.008730147288320991,0.24812320764821233,0.2823447561778906,1
577,2500,5,stress,ccmar,0.2558505160746848,cc,0.1639278140630081,0.1365463959635965,-0.10369820424438642,0.4315538323704026,1
577,2500,5,stress,ccmar,0.2558505160746848,seq,0.15821098741493403,0.13622558725009826,-0.10878625736807732,0.42520823219794535,1
578,2500,5,stress,ccmar,0.2558505160746848,full,0.2618887144234394,0.009794968818166803,0.24269092831013964,0.2810865005367392,1
578,2500,5,stress,ccmar,0.2558505160746848,cc,0.30415224543917774,0.020316504941324743,0.2643326274624512,0.3439718634159043,0
578,2500,5,stress,ccmar,0.2558505160746848,seq,0.2976068852919866,0.020284770929451613,0.2578494648356163,0.33736430574835685,0
579,2500,5,stress,ccmar,0.2558505160746848,full,0.24786071770063145,0.009835771151274127,0.2285829604839561,0.2671384749173068,1
579,2500,5,stress,ccmar,0.2558505160746848,cc,0.2432381533486594,0.0474041320194428,0.1503277618721695,0.3361485448251493,1
579,2500,5,stress,ccmar,0.2558505160746848,seq,0.24378276151453665,0.04733294813098961,0.15101188789569456,0.33655363513337877,1
580,2500,5,stress,ccmar,0.2558505160746848,full,0.2588595796708678,0.010029034803906121,0.2392030326555131,0.27851612668622255,1
580,2500,5,stress,ccmar,0.2558505160746848,cc,0.27843287385365245,0.02096454209686279,0.23734312639142757,0.31952262131587733,1
580,2500,5,stress,ccmar,0.2558505160746848,seq,0.2727788272488391,0.02139514077720574,0.23084512188135156,0.31471253261632665,1
581,2500,5,stress,ccmar,0.2558505160746848,full,0.26607805794778544,0.008748714391515634,0.24893089282938755,0.28322522306618336,1
581,2500,5,stress,ccmar,0.2558505160746848,cc,0.3000989795830283,0.014948601837740343,0.270800258361828,0.3293977008042286,0
581,2500,5,stress,ccmar,0.2558505160746848,seq,0.2931732112385625,0.01453838371514685,0.26467850276345106,0.3216679197136739,0
582,2500,5,stress,ccmar,0.2558505160746848,full,0.25078226426267264,0.008646600623955883,0.23383523845101756,0.2677292900743277,1
582,2500,5,stress,ccmar,0.2558505160746848,cc,0.27995057284049935,0.018652783542234996,0.2433917888862973,0.3165093567947014,1
582,2500,5,stress,ccmar,0.2558505160746848,seq,0.2827651388723187,0.018067271465008278,0.24735393750199425,0.31817634024264313,1
583,2500,5,stress,ccmar,0.2558505160746848,full,0.23852930126710767,0.011274478443461484,0.21643172957344994,0.26062687296076537,1
583,2500,5,stress,ccmar,0.2558505160746848,cc,0.21644091185755018,0.04171908462756054,0.1346730085195529,0.2982088151955474,1
583,2500,5,stress,ccmar,0.2558505160746848,seq,0.20439718417980912,0.04201086741939727,0.12205739707850331,0.2867369712811149,1
584,2500,5,stress,ccmar,0.2558505160746848,full,0.2623217450964269,0.00917959619037703,0.24433006717066685,0.280313423022187,1
584,2500,5,stress,ccmar,0.2558505160746848,cc,0.17590437954972418,0.021423593907431066,0.13391490707174758,0.21789385202770079,0
584,2500,5,stress,ccmar,0.2558505160746848,seq,0.1812463012083328,0.02070760952364043,0.14066013233607894,0.22183247008058665,0
585,2500,5,stress,ccmar,0.2558505160746848,full,0.24814801467810643,0.008664560220377072,0.23116578870428894,0.2651302406519239,1
585,2500,5,stress,ccmar,0.2558505160746848,cc,0.3160405574749145,0.05687407007567996,0.20456942847237453,0.42751168647745447,1
585,2500,5,stress,ccmar,0.2558505160746848,seq,0.31053119981297633,0.05680961350525606,0.1991864033670342,0.4218759962589185,1
586,2500,5,stress,ccmar,0.2558505160746848,full,0.26783336157479254,0.009648651345279691,0.2489223524386604,0.2867443707109247,1
586,2500,5,stress,ccmar,0.2558505160746848,cc,0.25511098030261503,0.028898560605005987,0.19847084231175527,0.3117511182934748,1
586,2500,5,stress,ccmar,0.2558505160746848,seq,0.25479343821034833,0.02876920672925746,0.19840682915721636,0.3111800472634803,1
587,2500,5,stress,ccmar,0.2558505160746848,full,0.23859836438771095,0.009270201660980089,0.22042910300276658,0.25676762577265533,1
587,2500,5,stress,ccmar,0.2558505160746848,cc,0.22618764296581825,0.017453044709141233,0.1919803039153341,0.2603949820163024,1
587,2500,5,stress,ccmar,0.2558505160746848,seq,0.23307646219780953,0.017154673194764658,0.19945392056951614,0.2666990038261029,1
588,2500,5,stress,ccmar,0.2558505160746848,full,0.2680680451279538,0.009186634757083097,0.25006257186494707,0.2860735183909605,1
588,2500,5,stress,ccmar,0.2558505160746848,cc,0.09951218688180259,0.03195120526824236,0.03688897529340113,0.16213539847020406,0
588,2500,5,stress,ccmar,0.2558505160746848,seq,0.1100583170953404,0.03023652854369554,0.05079581013217982,0.169320824058501,0
589,2500,5,stress,ccmar,0.2558505160746848,full,0.26926561407728633,0.00877138993276682,0.2520740057147062,0.2864572224398665,1
589,2500,5,stress,ccmar,0.2558505160746848,cc,0.25956603285567836,0.018294837074377696,0.22370881108686996,0.29542325462448676,1
589,2500,5,stress,ccmar,0.2558505160746848,seq,0.2553711927491405,0.017752103384253638,0.22057770946617175,0.2901646760321092,1
590,2500,5,stress,ccmar,0.2558505160746848,full,0.24491784741125347,0.009217288406178789,0.22685229410002444,0.2629834007224825,1
590,2500,5,stress,ccmar,0.2558505160746848,cc,0.20140868326495637,0.0412699296919091,0.12052110742431432,0.2822962591055984,1
590,2500,5,stress,ccmar,0.2558505160746848,seq,0.19371549157599396,0.04115275141627899,0.11305758093535744,0.2743734022166305,1
591,2500,5,stress,ccmar,0.2558505160746848,full,0.2551094006480351,0.008832713139761316,0.23779760100832922,0.27242120028774097,1
591,2500,5,stress,ccmar,0.2558505160746848,cc,0.28608877815785755,0.015126214513719703,0.2564419424885399,0.3157356138271752,0
591,2500,5,stress,ccmar,0.2558505160746848,seq,0.2872098403519086,0.014957507759772724,0.2578936638442757,0.3165260168595415,0
592,2500,5,stress,ccmar,0.2558505160746848,full,0.25117294907872645,0.009003185524610064,0.23352702970435837,0.26881886845309455,1
592,2500,5,stress,ccmar,0.2558505160746848,cc,0.28000319626520276,0.019467859750187957,0.24184689229875744,0.3181595002316481,1
592,2500,5,stress,ccmar,0.2558505160746848,seq,0.2779518731714529,0.019095197435624555,0.2405259739199472,0.31537777242295867,1
593,2500,5,stress,ccmar,0.2558505160746848,full,0.2361384586171082,0.009147484952718773,0.21820971756065732,0.25406719967355906,0
593,2500,5,stress,ccmar,0.2558505160746848,cc,0.2644609828327607,0.020732913204532247,0.22382521965728258,0.30509674600823883,1
593,2500,5,stress,ccmar,0.2558505160746848,seq,0.25909190223882184,0.020601444741128412,0.21871381251671806,0.2994699919609256,1
594,2500,5,stress,ccmar,0.2558505160746848,full,0.24876344880155316,0.009270222655449956,0.230594146268204,0.26693275133490235,1
594,2500,5,stress,ccmar,0.2558505160746848,cc,0.2564888269532976,0.015495653506943692,0.2261179041627762,0.286859749743819,1
594,2500,5,stress,ccmar,0.2558505160746848,seq,0.2557690566291724,0.015122345659947321,0.22612980377391004,0.28540830948443474,1
595,2500,5,stress,ccmar,0.2558505160746848,full,0.25971731237339024,0.010154047536794917,0.23981574490396457,0.2796188798428159,1
595,2500,5,stress,ccmar,0.2558505160746848,cc,0.23125717422017028,0.024460011767662753,0.18331643209412538,0.27919791634621516,1
595,2500,5,stress,ccmar,0.2558505160746848,seq,0.23478594848151407,0.024079095858490614,0.1875917878185849,0.28198010914444327,1
596,2500,5,stress,ccmar,0.2558505160746848,full,0.25364582803438873,0.008928028605189172,0.23614721351527457,0.2711444425535029,1
596,2500,5,stress,ccmar,0.2558505160746848,cc,0.2545663505132226,0.017191664458187903,0.22087130734087698,0.28826139368556813,1
596,2500,5,stress,ccmar,0.2558505160746848,seq,0.24453033653052453,0.01625672281501621,0.21266774530644217,0.2763929277546069,1
597,2500,5,stress,ccmar,0.2558505160746848,full,0.25874506062497843,0.009503516470293641,0.24011851061671968,0.2773716106332372,1
597,2500,5,stress,ccmar,0.2558505160746848,cc,0.2581709185375651,0.013671321840583235,0.2313756201089661,0.2849662169661641,1
597,2500,5,stress,ccmar,0.2558505160746848,seq,0.2551043438841175,0.013346126560661224,0.2289464164921081,0.2812622712761269,1
598,2500,5,stress,ccmar,0.2558505160746848,full,0.24158900680284615,0.00854337815490766,0.22484429331292088,0.2583337202927714,1
598,2500,5,stress,ccmar,0.2558505160746848,cc,0.26436853483705264,0.014790417477071289,0.23537984926568115,0.29335722040842416,1
598,2500,5,stress,ccmar,0.2558505160746848,seq,0.26274153246980503,0.01425281289045289,0.23480653252612912,0.2906765324134809,1
599,2500,5,stress,ccmar,0.2558505160746848,full,0.2596261898202524,0.009571710456671052,0.24086598205473167,0.27838639758577305,1
599,2500,5,stress,ccmar,0.2558505160746848,cc,0.30674999571326655,0.04395657908261802,0.22059668382774855,0.39290330759878456,1
599,2500,5,stress,ccmar,0.2558505160746848,seq,0.3018541742243261,0.044009506052670455,0.21559712738369446,0.3881112210649577,1
600,2500,5,stress,ccmar,0.2558505160746848,full,0.2575418644835202,0.009000427706432322,0.2399013503334564,0.27518237863358397,1
600,2500,5,stress,ccmar,0.2558505160746848,cc,0.21040996609464746,0.03339964028310814,0.14494787404316234,0.2758720581461326,1
600,2500,5,stress,ccmar,0.2558505160746848,seq,0.21281690718301632,0.0334253952301203,0.14730433636296364,0.278329478003069,1
601,2500,5,stress,ccmar,0.2558505160746848,full,0.2646269679769031,0.009787182813299487,0.2454444421527267,0.2838094938010795,1
601,2500,5,stress,ccmar,0.2558505160746848,cc,0.30446283953724396,0.01712951500386777,0.27088960705702464,0.3380360720174633,0
601,2500,5,stress,ccmar,0.2558505160746848,seq,0.3024500527145994,0.017064098341770015,0.2690050345360805,0.3358950708931183,0
602,2500,5,stress,ccmar,0.2558505160746848,full,0.2433217964715102,0.008292607137245575,0.22706858514456907,0.25957500779845133,1
602,2500,5,stress,ccmar,0.2558505160746848,cc,0.24649385440498026,0.016233705345767267,0.21467637659164107,0.27831133221831944,1
602,2500,5,stress,ccmar,0.2558505160746848,seq,0.24469052063554508,0.015965791249212765,0.21339814480240332,0.27598289646868684,1
603,2500,5,stress,ccmar,0.2558505160746848,full,0.25980230845718305,0.00887165114801111,0.24241419172367784,0.27719042519068826,1
603,2500,5,stress,ccmar,0.2558505160746848,cc,0.25679247885030754,0.024478629431714333,0.20881524677324528,0.3047697109273698,1
603,2500,5,stress,ccmar,0.2558505160746848,seq,0.25579198090189736,0.02435980452349947,0.2080476413654025,0.30353632043839224,1
604,2500,5,stress,ccmar,0.2558505160746848,full,0.2729377656732191,0.00866571101578507,0.2559532841818484,0.2899222471645898,0
604,2500,5,stress,ccmar,0.2558505160746848,cc,0.26219135456304277,0.01904677224756913,0.22486036693607026,0.2995223421900153,1
604,2500,5,stress,ccmar,0.2558505160746848,seq,0.26300042904710597,0.019331796434296566,0.22511080427942487,0.30089005381478706,1
605,2500,5,stress,ccmar,0.2558505160746848,full,0.2543774673106232,0.00929696951093394,0.23615574190382574,0.2725991927174207,1
605,2500,5,stress,ccmar,0.2558505160746848,cc,0.23498041344739545,0.028066957649541032,0.17997018729868405,0.2899906395961068,1
605,2500,5,stress,ccmar,0.2558505160746848,seq,0.23404878926687014,0.02805532473015387,0.17906136322119265,0.28903621531254764,1
606,2500,5,stress,ccmar,0.2558505160746848,full,0.2504592430463608,0.00861036169911008,0.23358324422224194,0.26733524187047963,1
606,2500,5,stress,ccmar,0.2558505160746848,cc,0.2793660464962722,0.019697403865450117,0.24075984433104997,0.3179722486614945,1
606,2500,5,stress,ccmar,0.2558505160746848,seq,0.2768904493028559,0.019304647213047005,0.23905403603103223,0.3147268625746795,1
607,2500,5,stress,ccmar,0.2558505160746848,full,0.23888823985652233,0.008494494681513165,0.22223933621388947,0.2555371434991552,0
607,2500,5,stress,ccmar,0.2558505160746848,cc,0.251688897501414,0.023125810919439393,0.20636314098602968,0.29701465401679833,1
607,2500,5,stress,ccmar,0.2558505160746848,seq,0.2561610903312353,0.02320754450910555,0.21067513892377812,0.30164704173869245,1
608,2500,5,stress,ccmar,0.2558505160746848,full,0.2671378604450645,0.008485724791007081,0.2505061454719719,0.28376957541815706,1
608,2500,5,stress,ccmar,0.2558505160746848,cc,0.2660646722430507,0.022900012775428066,0.22118147195770455,0.31094787252839684,1
608,2500,5,stress,ccmar,0.2558505160746848,seq,0.2662996700600637,0.022354130972335677,0.22248637844859445,0.310112961671533,1
609,2500,5,stress,ccmar,0.2558505160746848,full,0.24085130050842207,0.010482741235212607,0.22030550522815245,0.2613970957886917,1
609,2500,5,stress,ccmar,0.2558505160746848,cc,0.201706928789483,0.025519614615024583,0.15168940324469282,0.25172445433427315,0
609,2500,5,stress,ccmar,0.2558505160746848,seq,0.1969966955414003,0.026069324340564543,0.14590175873260042,0.2480916323502002,0
610,2500,5,stress,ccmar,0.2558505160746848,full,0.24971276465346132,0.010554082087711383,0.2290271438716677,0.2703983854352549,1
610,2500,5,stress,ccmar,0.2558505160746848,cc,0.22490380548212016,0.018543551265594944,0.18855911285608193,0.26124849810815837,1
610,2500,5,stress,ccmar,0.2558505160746848,seq,0.2284832281614169,0.018747072791843466,0.19173964067385293,0.2652268156489809,1
611,2500,5,stress,ccmar,0.2558505160746848,full,0.28107759166622137,0.00961139196003242,0.26223960958326,0.29991557374918276,0
611,2500,5,stress,ccmar,0.2558505160746848,cc,0.25357659611170436,0.030096202321852526,0.19458912348944266,0.3125640687339661,1
611,2500,5,stress,ccmar,0.2558505160746848,seq,0.2627623028652507,0.02966218170672772,0.20462549501718155,0.3208991107133199,1
612,2500,5,stress,ccmar,0.2558505160746848,full,0.2677260770667492,0.010105739692265261,0.24791919123277242,0.28753296290072605,1
612,2500,5,stress,ccmar,0.2558505160746848,cc,0.2904695586590128,0.04185576477528455,0.20843376715407486,0.37250535016395075,1
612,2500,5,stress,ccmar,0.2558505160746848,seq,0.28837012823752467,0.041369353028907964,0.20728768623714205,0.3694525702379073,1
613,2500,5,stress,ccmar,0.2558505160746848,full,0.2604882339709698,0.010123103891127121,0.24064731493260338,0.28032915300933625,1
613,2500,5,stress,ccmar,0.2558505160746848,cc,0.2585745938157054,0.0160850730532114,0.22704842994271535,0.2901007576886955,1
613,2500,5,stress,ccmar,0.2558505160746848,seq,0.2641076710746541,0.01552772630461207,0.2336738867558192,0.29454145539348897,1
614,2500,5,stress,ccmar,0.2558505160746848,full,0.25051442910920113,0.00914049778285233,0.23259938265404234,0.2684294755643599,1
614,2500,5,stress,ccmar,0.2558505160746848,cc,0.2684892544324279,0.019863128011526524,0.2295582389095272,0.30742026995532856,1
614,2500,5,stress,ccmar,0.2558505160746848,seq,0.27613667784571516,0.017935052344734168,0.24098462118919556,0.31128873450223477,1
615,2500,5,stress,ccmar,0.2558505160746848,full,0.26160270540702113,0.00918205685278304,0.24360620467156718,0.2795992061424751,1
615,2500,5,stress,ccmar,0.2558505160746848,cc,0.2323453792761149,0.016870004587814798,0.19928077786497242,0.2654099806872574,1
615,2500,5,stress,ccmar,0.2558505160746848,seq,0.2347008142075798,0.01630101866396648,0.20275140471489028,0.2666502237002693,1
616,2500,5,stress,ccmar,0.2558505160746848,full,0.2728145223853559,0.00953942554951989,0.2541175918750957,0.29151145289561614,1
616,2500,5,stress,ccmar,0.2558505160746848,cc,0.2900791473597307,0.01632445201041701,0.2580838093519609,0.32207448536750055,0
616,2500,5,stress,ccmar,0.2558505160746848,seq,0.2883536997710345,0.016220353989701515,0.2565623901347289,0.32014500940734003,0
617,2500,5,stress,ccmar,0.2558505160746848,full,0.264531386032221,0.009474889154644483,0.24596094453160863,0.2831018275328333,1
617,2500,5,stress,ccmar,0.2558505160746848,cc,0.25187756838898523,0.014223052252330693,0.22400089822418578,0.2797542385537847,1
617,2500,5,stress,ccmar,0.2558505160746848,seq,0.2537880914229244,0.014183966616079968,0.2259880276974892,0.2815881551483596,1
618,2500,5,stress,ccmar,0.2558505160746848,full,0.2675837556632335,0.009490710168695817,0.24898230554488165,0.28618520578158535,1
618,2500,5,stress,ccmar,0.2558505160746848,cc,0.2601743643574676,0.0434810852825378,0.17495300319497892,0.3453957255199563,1
618,2500,5,stress,ccmar,0.2558505160746848,seq,0.26038509175686714,0.04338602094466876,0.17535005327281591,0.34542013024091833,1
619,2500,5,stress,ccmar,0.2558505160746848,full,0.25610256798005204,0.00950152685751643,0.2374799175411798,0.2747252184189243,1
619,2500,5,stress,ccmar,0.2558505160746848,cc,0.27035012731602287,0.03897447476213925,0.19396156046586466,0.3467386941661811,1
619,2500,5,stress,ccmar,0.2558505160746848,seq,0.26228678049660964,0.038655091525117494,0.18652419328827988,0.33804936770493943,1
620,2500,5,stress,ccmar,0.2558505160746848,full,0.2678237913810893,0.00885082591747117,0.25047649134941213,0.2851710914127665,1
620,2500,5,stress,ccmar,0.2558505160746848,cc,0.28091321439091665,0.01654603605754951,0.2484835796312185,0.3133428491506148,1
620,2500,5,stress,ccmar,0.2558505160746848,seq,0.28429046551506243,0.01631709519555475,0.2523095465994636,0.3162713844306613,1
621,2500,5,stress,ccmar,0.2558505160746848,full,0.2622159455566019,0.008717878171129208,0.24512921831958073,0.27930267279362303,1
621,2500,5,stress,ccmar,0.2558505160746848,cc,0.24890398128016578,0.017708064094952333,0.21419681341813235,0.2836111491421992,1
621,2500,5,stress,ccmar,0.2558505160746848,seq,0.2516217168642084,0.017939833713590928,0.21646028889693275,0.2867831448314841,1
622,2500,5,stress,ccmar,0.2558505160746848,full,0.25194953328943076,0.008275440426905757,0.23572996809648872,0.2681690984823728,1
622,2500,5,stress,ccmar,0.2558505160746848,cc,0.2748132610218015,0.0465682263100562,0.18354121463018075,0.3660853074134222,1
622,2500,5,stress,ccmar,0.2558505160746848,seq,0.2787478493717584,0.04658582196637098,0.18744131612747633,0.37005438261604046,1
623,2500,5,stress,ccmar,0.2558505160746848,full,0.28011720500173626,0.009431519992368097,0.2616317654972253,0.29860264450624724,0
623,2500,5,stress,ccmar,0.2558505160746848,cc,0.29343103441363505,0.02129799947905229,0.2516877224919397,0.3351743463353304,1
623,2500,5,stress,ccmar,0.2558505160746848,seq,0.29877641760954693,0.02082784668502453,0.2579545882313769,0.33959824698771696,0
624,2500,5,stress,ccmar,0.2558505160746848,full,0.25741790779467827,0.008710621230258135,0.24034540390040235,0.2744904116889542,1
624,2500,5,stress,ccmar,0.2558505160746848,cc,0.31526537205770344,0.033221793252727984,0.25015185378052085,0.38037889033488603,1
624,2500,5,stress,ccmar,0.2558505160746848,seq,0.30465546110941977,0.03330240836409673,0.2393839401173447,0.36992698210149483,1
625,2500,5,stress,ccmar,0.2558505160746848,full,0.2594667526317469,0.009055057073216148,0.24171916689028858,0.2772143383732052,1
625,2500,5,stress,ccmar,0.2558505160746848,cc,0.2517272962425338,0.022701347139112073,0.20723347344933277,0.2962211190357349,1
625,2500,5,stress,ccmar,0.2558505160746848,seq,0.25932144579313615,0.022418567592600108,0.2153818607266631,0.3032610308596092,1
626,2500,5,stress,ccmar,0.2558505160746848,full,0.25556501426324485,0.008735069455572822,0.23844459272786622,0.2726854357986235,1
626,2500,5,stress,ccmar,0.2558505160746848,cc,0.10083880122617925,0.1017521794961824,-0.09859180593479319,0.30026940838715166,1
626,2500,5,stress,ccmar,0.2558505160746848,seq,0.10147395480304224,0.10151277990149014,-0.09748743777441991,0.30043534738050437,1
627,2500,5,stress,ccmar,0.2558505160746848,full,0.24239242522353907,0.009231040026603719,0.22429991923154813,0.26048493121553,1
627,2500,5,stress,ccmar,0.2558505160746848,cc,0.22359103910636868,0.024925071317124695,0.17473879701271194,0.2724432812000254,1
627,2500,5,stress,ccmar,0.2558505160746848,seq,0.22720400882677294,0.024800007527962666,0.1785968872556439,0.275811130397902,1
628,2500,5,stress,ccmar,0.2558505160746848,full,0.2580519417390764,0.009675111811254751,0.239089071042619,0.27701481243553383,1
628,2500,5,stress,ccmar,0.2558505160746848,cc,0.28171823904572946,0.03970803167341472,0.2038919270688609,0.359544551022598,1
628,2500,5,stress,ccmar,0.2558505160746848,seq,0.2811529580156176,0.039573159822479026,0.20359099000911124,0.358714926022124,1
629,2500,5,stress,ccmar,0.2558505160746848,full,0.25342159168391415,0.0086334052845754,0.2365004282622086,0.2703427551056197,1
629,2500,5,stress,ccmar,0.2558505160746848,cc,0.23669537275993638,0.030124861204079253,0.17765172976067312,0.29573901575919964,1
629,2500,5,stress,ccmar,0.2558505160746848,seq,0.23752591906397255,0.03029061468583905,0.17815740521014797,0.29689443291779716,1
630,2500,5,stress,ccmar,0.2558505160746848,full,0.25431343503110054,0.009082962708336209,0.23651115524984118,0.2721157148123599,1
630,2500,5,stress,ccmar,0.2558505160746848,cc,0.28310791740351193,0.10919816692562158,0.06908344305150071,0.49713239175552315,1
630,2500,5,stress,ccmar,0.2558505160746848,seq,0.28644113243995345,0.10912439748357744,0.07256124353750837,0.5003210213423985,1
631,2500,5,stress,ccmar,0.2558505160746848,full,0.2649682154096861,0.009425046782581777,0.24649546316322074,0.2834409676561515,1
631,2500,5,stress,ccmar,0.2558505160746848,cc,0.25775255690789284,0.015321302149339664,0.22772335649893097,0.2877817573168547,1
631,2500,5,stress,ccmar,0.2558505160746848,seq,0.26200570008589075,0.015039962032129145,0.2325279161740678,0.29148348399771373,1
632,2500,5,stress,ccmar,0.2558505160746848,full,0.2584312667866655,0.009030647183263928,0.24073152355038013,0.2761310100229509,1
632,2500,5,stress,ccmar,0.2558505160746848,cc,0.2641738814507779,0.024662130621676628,0.21583699365026932,0.3125107692512865,1
632,2500,5,stress,ccmar,0.2558505160746848,seq,0.26754624598613275,0.024453457471566735,0.21961835004438005,0.3154741419278854,1
633,2500,5,stress,ccmar,0.2558505160746848,full,0.250446337943969,0.009008903611205137,0.23278921132581407,0.26810346456212386,1
633,2500,5,stress,ccmar,0.2558505160746848,cc,0.23210337810246123,0.017463563093690918,0.19787542339708414,0.26633133280783833,1
633,2500,5,stress,ccmar,0.2558505160746848,seq,0.23123078223300805,0.01842473491455383,0.19511896537578488,0.2673425990902312,1
634,2500,5,stress,ccmar,0.2558505160746848,full,0.2635696598574808,0.009192071913330295,0.24555352996405125,0.28158578975091036,1
634,2500,5,stress,ccmar,0.2558505160746848,cc,0.295416092283981,0.031541047392292534,0.23359677536041668,0.3572354092075454,1
634,2500,5,stress,ccmar,0.2558505160746848,seq,0.3037957866897866,0.03136413823840837,0.24232320533637064,0.3652683680432025,1
635,2500,5,stress,ccmar,0.2558505160746848,full,0.24658028723446537,0.008786412441817883,0.2293592352951877,0.26380133917374304,1
635,2500,5,stress,ccmar,0.2558505160746848,cc,0.2874539684497378,0.01677706089604266,0.2545715333270589,0.3203364035724167,1
635,2500,5,stress,ccmar,0.2558505160746848,seq,0.29389589924555126,0.016241950896291105,0.26206226045015263,0.3257295380409499,0
636,2500,5,stress,ccmar,0.2558505160746848,full,0.2646115640543674,0.008898648199560745,0.24717053407213616,0.28205259403659866,1
636,2500,5,stress,ccmar,0.2558505160746848,cc,0.24354617439824375,0.017438214268658096,0.2093679024769814,0.2777244463195061,1
636,2500,5,stress,ccmar,0.2558505160746848,seq,0.2538006928239348,0.017740948560923696,0.21902907259294666,0.2885723130549229,1
637,2500,5,stress,ccmar,0.2558505160746848,full,0.26986520436570144,0.009697219959991777,0.2508590024939546,0.2888714062374483,1
637,2500,5,stress,ccmar,0.2558505160746848,cc,0.2428793735890221,0.028914656180120804,0.18620768885062683,0.29955105832741735,1
637,2500,5,stress,ccmar,0.2558505160746848,seq,0.23674167970101845,0.028855550826568953,0.18018583932687832,0.2932975200751586,1
638,2500,5,stress,ccmar,0.2558505160746848,full,0.22960641054649833,0.008973626312429343,0.21201842616341585,0.2471943949295808,0
638,2500,5,stress,ccmar,0.2558505160746848,cc,0.23535147054675346,0.015265302474094737,0.20543202748441758,0.26527091360908933,1
638,2500,5,stress,ccmar,0.2558505160746848,seq,0.23475376022325817,0.01509315015736239,0.20517172950157284,0.2643357909449435,1
639,2500,5,stress,ccmar,0.2558505160746848,full,0.2627265098495881,0.009786440731713333,0.24354543847859417,0.28190758122058207,1
639,2500,5,stress,ccmar,0.2558505160746848,cc,0.25555836433578644,0.024930518627629485,0.2066954457097277,0.3044212829618452,1
639,2500,5,stress,ccmar,0.2558505160746848,seq,0.2628775378264005,0.024285974207848903,0.21527790304954797,0.310477172603253,1
640,2500,5,stress,ccmar,0.2558505160746848,full,0.2668958947854768,0.009169318053371128,0.2489243616380765,0.28486742793287717,1
640,2500,5,stress,ccmar,0.2558505160746848,cc,0.30138817745152263,0.044376339502196126,0.21441215026149613,0.38836420464154914,1
640,2500,5,stress,ccmar,0.2558505160746848,seq,0.3022741038342258,0.0446146040408682,0.214831086729609,0.38971712093884264,1
641,2500,5,stress,ccmar,0.2558505160746848,full,0.2584235316558976,0.009515466342257788,0.23977356032896924,0.27707350298282596,1
641,2500,5,stress,ccmar,0.2558505160746848,cc,0.2637508596135296,0.021256691049397994,0.22208851072621463,0.30541320850084464,1
641,2500,5,stress,ccmar,0.2558505160746848,seq,0.27527921729810095,0.020127681440139614,0.23582968658313203,0.3147287480130699,1
642,2500,5,stress,ccmar,0.2558505160746848,full,0.25685092748845983,0.008826797966430787,0.23955072137544411,0.2741511336014756,1
642,2500,5,stress,ccmar,0.2558505160746848,cc,0.26954107676719213,0.030716893588473668,0.20933707161683446,0.3297450819175498,1
642,2500,5,stress,ccmar,0.2558505160746848,seq,0.2705074201250504,0.030238033632705434,0.2112419632416369,0.3297728770084639,1
643,2500,5,stress,ccmar,0.2558505160746848,full,0.25190325262936225,0.010567181568229379,0.23119195733753717,0.27261454792118733,1
643,2500,5,stress,ccmar,0.2558505160746848,cc,0.24587816769466672,0.01647250983418831,0.2135926416846758,0.27816369370465766,1
643,2500,5,stress,ccmar,0.2558505160746848,seq,0.24302802806281884,0.016219745123786388,0.21123791178177836,0.2748181443438593,1
644,2500,5,stress,ccmar,0.2558505160746848,full,0.23265266004145252,0.008619237507640997,0.21575926495227937,0.24954605513062567,0
644,2500,5,stress,ccmar,0.2558505160746848,cc,0.24242382860178213,0.017075621829455098,0.2089562248024242,0.27589143240114006,1
644,2500,5,stress,ccmar,0.2558505160746848,seq,0.23867571653851974,0.016953392449844472,0.20544767792105129,0.2719037551559882,1
645,2500,5,stress,ccmar,0.2558505160746848,full,0.2670236146711623,0.00931855616076667,0.24875958020814581,0.2852876491341788,1
645,2500,5,stress,ccmar,0.2558505160746848,cc,0.26251838915611186,0.018834865854817,0.22560273042702733,0.2994340478851964,1
645,2500,5,stress,ccmar,0.2558505160746848,seq,0.27016379267166546,0.01843440242534033,0.23403302784148058,0.3062945575018503,1
646,2500,5,stress,ccmar,0.2558505160746848,full,0.2755301089643251,0.008997792159855593,0.2578947603906313,0.2931654575380189,0
646,2500,5,stress,ccmar,0.2558505160746848,cc,0.22349712127482835,0.07022901805005896,0.08585077522709941,0.3611434673225573,1
646,2500,5,stress,ccmar,0.2558505160746848,seq,0.22296012448136276,0.07001054803444014,0.08574197179594861,0.3601782771667769,1
647,2500,5,stress,ccmar,0.2558505160746848,full,0.24785244776811788,0.010466442673412084,0.22733859708197707,0.2683662984542587,1
647,2500,5,stress,ccmar,0.2558505160746848,cc,0.19784640378248047,0.017459522929682444,0.16362636765305164,0.2320664399119093,0
647,2500,5,stress,ccmar,0.2558505160746848,seq,0.1942606104829659,0.0173526188178557,0.1602501025625167,0.22827111840341507,0
648,2500,5,stress,ccmar,0.2558505160746848,full,0.24303877533977475,0.009026964845192423,0.2253462493534884,0.2607313013260611,1
648,2500,5,stress,ccmar,0.2558505160746848,cc,0.27439374239841496,0.022092158532044836,0.23109390733485782,0.31769357746197213,1
648,2500,5,stress,ccmar,0.2558505160746848,seq,0.2725906848877124,0.02261357857241598,0.22826888532421036,0.3169124844512144,1
649,2500,5,stress,ccmar,0.2558505160746848,full,0.2700887738371175,0.009561060957646018,0.25134943870613924,0.28882810896809574,1
649,2500,5,stress,ccmar,0.2558505160746848,cc,0.35927995393106693,0.08391263723453343,0.1948142071036067,0.5237457007585271,1
649,2500,5,stress,ccmar,0.2558505160746848,seq,0.37518628649715546,0.08414947375439784,0.2102563486205372,0.5401162243737737,1
650,2500,5,stress,ccmar,0.2558505160746848,full,0.2536221665363155,0.009432698610614373,0.2351344169824903,0.2721099160901407,1
650,2500,5,stress,ccmar,0.2558505160746848,cc,0.23718185695464308,0.016044140806522642,0.20573591881096928,0.26862779509831686,1
650,2500,5,stress,ccmar,0.2558505160746848,seq,0.23769715526380364,0.016148103707782267,0.2060474535779327,0.2693468569496746,1
651,2500,5,stress,ccmar,0.2558505160746848,full,0.2661450750368176,0.009873670663427031,0.24679303614129094,0.2854971139323443,1
651,2500,5,stress,ccmar,0.2558505160746848,cc,0.28448504124887547,0.014893087393409847,0.25529512633918466,0.3136749561585663,1
651,2500,5,stress,ccmar,0.2558505160746848,seq,0.284186908188362,0.014691861776191893,0.25539138824118524,0.3129824281355388,1
652,2500,5,stress,ccmar,0.2558505160746848,full,0.262559814831757,0.00965275398451033,0.24364076467049126,0.28147886499302277,1
652,2500,5,stress,ccmar,0.2558505160746848,cc,0.25233216901334127,0.02519408992854427,0.2029526601301312,0.30171167789655134,1
652,2500,5,stress,ccmar,0.2558505160746848,seq,0.26091066659440965,0.02476183229307668,0.2123783671087585,0.3094429660800608,1
653,2500,5,stress,ccmar,0.2558505160746848,full,0.2616798013081355,0.009738543076374171,0.24259260761655022,0.2807669949997208,1
653,2500,5,stress,ccmar,0.2558505160746848,cc,0.24326476890923177,0.021045842886098166,0.20201567482819086,0.2845138629902727,1
653,2500,5,stress,ccmar,0.2558505160746848,seq,0.23875692903826504,0.020912182565694316,0.19776980437137776,0.2797440537051523,1
654,2500,5,stress,ccmar,0.2558505160746848,full,0.24599548405786217,0.009129422009066846,0.22810214572042387,0.2638888223953005,1
654,2500,5,stress,ccmar,0.2558505160746848,cc,0.25658424011850683,0.0240709552325812,0.20940603478917172,0.3037624454478419,1
654,2500,5,stress,ccmar,0.2558505160746848,seq,0.26020094503162783,0.024258297061020086,0.21265555646575462,0.30774633359750103,1
655,2500,5,stress,ccmar,0.2558505160746848,full,0.27147000754418343,0.012434832476344011,0.24709818373676015,0.2958418313516067,1
655,2500,5,stress,ccmar,0.2558505160746848,cc,0.2768870269095053,0.01907003075820322,0.2395104534393559,0.3142636003796547,1
655,2500,5,stress,ccmar,0.2558505160746848,seq,0.29250630405664585,0.019345737994181034,0.2545893543337029,0.3304232537795888,1
656,2500,5,stress,ccmar,0.2558505160746848,full,0.25537286031169376,0.00925475982329068,0.23723386437247576,0.2735118562509118,1
656,2500,5,stress,ccmar,0.2558505160746848,cc,0.31713921213913987,0.02125360930446075,0.2754829033609114,0.3587955209173683,0
656,2500,5,stress,ccmar,0.2558505160746848,seq,0.3177274209318515,0.021262706022573172,0.2760532829137452,0.35940155894995784,0
657,2500,5,stress,ccmar,0.2558505160746848,full,0.25397656434192123,0.009189700640053105,0.23596508205871247,0.27198804662513,1
657,2500,5,stress,ccmar,0.2558505160746848,cc,0.26682203954118794,0.05299808397600409,0.16294770369859057,0.3706963753837853,1
657,2500,5,stress,ccmar,0.2558505160746848,seq,0.2717936513150061,0.05292509957764497,0.16806236226462595,0.37552494036538625,1
658,2500,5,stress,ccmar,0.2558505160746848,full,0.2589273137106419,0.008658999193058755,0.24195598715008537,0.2758986402711985,1
658,2500,5,stress,ccmar,0.2558505160746848,cc,0.18416947621788207,0.027322272581806906,0.13061880598175435,0.2377201464540098,0
658,2500,5,stress,ccmar,0.2558505160746848,seq,0.19343267157904143,0.026884660740968135,0.14073970479016595,0.2461256383679169,0
659,2500,5,stress,ccmar,0.2558505160746848,full,0.2702458276214903,0.009355105154905136,0.2519101584462912,0.2885814967966894,1
659,2500,5,stress,ccmar,0.2558505160746848,cc,0.31213369280006364,0.018613653356806502,0.2756516026000098,0.3486157830001175,0
659,2500,5,stress,ccmar,0.2558505160746848,seq,0.31179216117567177,0.018653822873434197,0.27523134016975126,0.3483529821815923,0
660,2500,5,stress,ccmar,0.2558505160746848,full,0.24419548387288018,0.008992696284525486,0.22657012303130306,0.26182084471445727,1
660,2500,5,stress,ccmar,0.2558505160746848,cc,0.21489633675055908,0.025097065470943883,0.1657069923098653,0.26408568119125286,1
660,2500,5,stress,ccmar,0.2558505160746848,seq,0.20717475301685562,0.024898955301287634,0.1583736973736592,0.25597580866005204,1
661,2500,5,stress,ccmar,0.2558505160746848,full,0.2635743272649318,0.009198214471596517,0.24554615817852748,0.2816024963513361,1
661,2500,5,stress,ccmar,0.2558505160746848,cc,0.2536680822381569,0.017461834914284224,0.21944351470217577,0.28789264977413803,1
661,2500,5,stress,ccmar,0.2558505160746848,seq,0.2543408498361147,0.016600793636480694,0.22180389219383084,0.2868778074783986,1
662,2500,5,stress,ccmar,0.2558505160746848,full,0.2629945756286182,0.011128047698565197,0.2411840029211866,0.28480514833604986,1
662,2500,5,stress,ccmar,0.2558505160746848,cc,0.2762821379503506,0.020403500086048486,0.2362920126231357,0.3162722632775655,1
662,2500,5,stress,ccmar,0.2558505160746848,seq,0.2773820396946328,0.020213166455338175,0.23776496142865686,0.3169991179606088,1
663,2500,5,stress,ccmar,0.2558505160746848,full,0.255301638224433,0.009573531255126241,0.23653786175951705,0.274065414689349,1
663,2500,5,stress,ccmar,0.2558505160746848,cc,0.27410433189615524,0.020987218112485,0.23297014025999796,0.3152385235323125,1
663,2500,5,stress,ccmar,0.2558505160746848,seq,0.26802769464689075,0.021477624304377732,0.22593232453682827,0.3101230647569532,1
664,2500,5,stress,ccmar,0.2558505160746848,full,0.26720801391228755,0.008937447057366753,0.2496909395661152,0.2847250882584599,1
664,2500,5,stress,ccmar,0.2558505160746848,cc,0.27710909733405525,0.022226388929262396,0.23354617552632118,0.32067201914178933,1
664,2500,5,stress,ccmar,0.2558505160746848,seq,0.2690880111989754,0.022420941985994713,0.22514377240696382,0.313032249990987,1
665,2500,5,stress,ccmar,0.2558505160746848,full,0.2627615674411319,0.008668887246614408,0.24577086065172904,0.2797522742305347,1
665,2500,5,stress,ccmar,0.2558505160746848,cc,0.2547384384497449,0.01998147980324847,0.21557545767756342,0.2939014192219264,1
665,2500,5,stress,ccmar,0.2558505160746848,seq,0.2540345348510675,0.020137583552152987,0.21456559635318145,0.2935034733489535,1
666,2500,5,stress,ccmar,0.2558505160746848,full,0.2543780326435108,0.009479707399823685,0.23579814755587852,0.27295791773114303,1
666,2500,5,stress,ccmar,0.2558505160746848,cc,0.2402617383470906,0.038092869557157974,0.16560108594727874,0.3149223907469025,1
666,2500,5,stress,ccmar,0.2558505160746848,seq,0.2418104775430616,0.03795662464345062,0.1674168602671929,0.3162040948189303,1
667,2500,5,stress,ccmar,0.2558505160746848,full,0.25753414450516054,0.009596244602555749,0.2387258506973144,0.2763424383130067,1
667,2500,5,stress,ccmar,0.2558505160746848,cc,0.26881448133041974,0.017841400174059153,0.23384597955549716,0.30378298310534235,1
667,2500,5,stress,ccmar,0.2558505160746848,seq,0.2661416488506758,0.017663816258826796,0.23152120515384225,0.30076209254750935,1
668,2500,5,stress,ccmar,0.2558505160746848,full,0.24123673388565736,0.009536067700881086,0.22254638463779475,0.25992708313352,1
668,2500,5,stress,ccmar,0.2558505160746848,cc,0.2978656616500534,0.018954498567997004,0.26071552711176327,0.33501579618834354,0
668,2500,5,stress,ccmar,0.2558505160746848,seq,0.294865556824449,0.018840123475914117,0.2579395933473697,0.33179152030152825,0
669,2500,5,stress,ccmar,0.2558505160746848,full,0.2633630141341948,0.009739562141507167,0.2442738231116509,0.28245220515673863,1
669,2500,5,stress,ccmar,0.2558505160746848,cc,0.2908184517084977,0.026599169154523143,0.2386850381469436,0.3429518652700518,1
669,2500,5,stress,ccmar,0.2558505160746848,seq,0.29207938387218446,0.026719191941087402,0.23971072997164028,0.34444803777272864,1
670,2500,5,stress,ccmar,0.2558505160746848,full,0.253539118269198,0.010283215493010827,0.2333843862576325,0.27369385028076354,1
670,2500,5,stress,ccmar,0.2558505160746848,cc,0.2909043246698891,0.03063663765669592,0.23085761825536147,0.35095103108441666,1
670,2500,5,stress,ccmar,0.2558505160746848,seq,0.2917742315813503,0.030739385420070774,0.23152614325111592,0.35202231991158467,1
671,2500,5,stress,ccmar,0.2558505160746848,full,0.2614276504881588,0.008431836945142325,0.2449015537521656,0.277953747224152,1
671,2500,5,stress,ccmar,0.2558505160746848,cc,0.2609389532869548,0.01598173369759567,0.22961533082915717,0.2922625757447525,1
671,2500,5,stress,ccmar,0.2558505160746848,seq,0.25537649002318485,0.0157607646692628,0.22448595890261844,0.2862670211437513,1
672,2500,5,stress,ccmar,0.2558505160746848,full,0.242124360145024,0.00933856927559473,0.22382110069772604,0.26042761959232197,1
672,2500,5,stress,ccmar,0.2558505160746848,cc,0.2762476799250034,0.018948791257744,0.2391087315092577,0.31338662834074904,1
672,2500,5,stress,ccmar,0.2558505160746848,seq,0.26976774701413586,0.018463017698513357,0.2335808972791241,0.30595459674914766,1
673,2500,5,stress,ccmar,0.2558505160746848,full,0.26369770906564327,0.009920867691931663,0.24425316569407018,0.28314225243721636,1
673,2500,5,stress,ccmar,0.2558505160746848,cc,0.25767302117022245,0.01955966588847399,0.2193367804791768,0.2960092618612681,1
673,2500,5,stress,ccmar,0.2558505160746848,seq,0.2557266937225346,0.019544969160525866,0.21741925808895785,0.29403412935611134,1
674,2500,5,stress,ccmar,0.2558505160746848,full,0.2478974761614527,0.010718422504135737,0.22688975408226303,0.26890519824064235,1
674,2500,5,stress,ccmar,0.2558505160746848,cc,0.2505541903668914,0.019271816976155477,0.2127821231769791,0.28832625755680374,1
674,2500,5,stress,ccmar,0.2558505160746848,seq,0.2509247393274008,0.019367093538221036,0.21296593350726914,0.2888835451475324,1
675,2500,5,stress,ccmar,0.2558505160746848,full,0.2475364194309199,0.010659456593598116,0.22664426841269958,0.2684285704491402,1
675,2500,5,stress,ccmar,0.2558505160746848,cc,0.24534368429413775,0.017758071351519144,0.2105385040102677,0.2801488645780078,1
675,2500,5,stress,ccmar,0.2558505160746848,seq,0.250099542731341,0.017464565210335722,0.21586962391343179,0.2843294615492502,1
676,2500,5,stress,ccmar,0.2558505160746848,full,0.26691610683162764,0.008906168195845728,0.24946033792751393,0.28437187573574135,1
676,2500,5,stress,ccmar,0.2558505160746848,cc,0.24987274478980817,0.01617070784355691,0.21817873981191727,0.2815667497676991,1
676,2500,5,stress,ccmar,0.2558505160746848,seq,0.2498202065058531,0.016501232512071914,0.21747838508167075,0.2821620279300355,1
677,2500,5,stress,ccmar,0.2558505160746848,full,0.2596750598752831,0.009443063078394391,0.24116699633789018,0.27818312341267604,1
677,2500,5,stress,ccmar,0.2558505160746848,cc,0.24922504359727218,0.014346987403096405,0.2211054650005534,0.277344622193991,1
677,2500,5,stress,ccmar,0.2558505160746848,seq,0.24975471570586388,0.014048515371681993,0.22222013154110984,0.2772892998706179,1
678,2500,5,stress,ccmar,0.2558505160746848,full,0.24006808249716738,0.008957448960724458,0.22251180514079172,0.25762435985354304,1
678,2500,5,stress,ccmar,0.2558505160746848,cc,0.3125676960763312,0.01806028214720191,0.27717019351718375,0.3479651986354787,0
678,2500,5,stress,ccmar,0.2558505160746848,seq,0.31988544403535335,0.01748460743796194,0.2856162431731268,0.3541546448975799,0
679,2500,5,stress,ccmar,0.2558505160746848,full,0.24924994742088366,0.008761219097104957,0.2320782735298934,0.2664216213118739,1
679,2500,5,stress,ccmar,0.2558505160746848,cc,0.2691757526320381,0.017412032973292964,0.23504879510676,0.30330271015731614,1
679,2500,5,stress,ccmar,0.2558505160746848,seq,0.2644246744289615,0.017342159851158345,0.23043466570655463,0.2984146831513684,1
680,2500,5,stress,ccmar,0.2558505160746848,full,0.2649448253293869,0.008528839564208765,0.24822860695361743,0.2816610437051564,1
680,2500,5,stress,ccmar,0.2558505160746848,cc,0.2503656045928923,0.017761405150365544,0.21555389018335164,0.285177319002433,1
680,2500,5,stress,ccmar,0.2558505160746848,seq,0.2523784851052481,0.017781055337558416,0.2175282570365199,0.28722871317397625,1
681,2500,5,stress,ccmar,0.2558505160746848,full,0.25599723627577914,0.009266994790167698,0.23783426024213014,0.27416021230942816,1
681,2500,5,stress,ccmar,0.2558505160746848,cc,0.24580564360626111,0.020225469617274297,0.2061644515859944,0.28544683562652784,1
681,2500,5,stress,ccmar,0.2558505160746848,seq,0.24741898871745044,0.019842898992888186,0.20852762134252348,0.28631035609237737,1
682,2500,5,stress,ccmar,0.2558505160746848,full,0.23980566753615748,0.01113323891730903,0.21798492022695207,0.26162641484536286,1
682,2500,5,stress,ccmar,0.2558505160746848,cc,0.23474974435534504,0.018184854274549075,0.1991080849131196,0.2703914037975705,1
682,2500,5,stress,ccmar,0.2558505160746848,seq,0.23437695294900715,0.01811077545167748,0.19888048533162717,0.26987342056638713,1
683,2500,5,stress,ccmar,0.2558505160746848,full,0.23842925702394419,0.009333121662056416,0.220136674702983,0.2567218393449054,1
683,2500,5,stress,ccmar,0.2558505160746848,cc,0.2583962188169522,0.015178778069223717,0.22864636047194728,0.2881460771619571,1
683,2500,5,stress,ccmar,0.2558505160746848,seq,0.2559158411199005,0.015120671008665834,0.22627987052083653,0.2855518117189645,1
684,2500,5,stress,ccmar,0.2558505160746848,full,0.2510119242912175,0.009667970357693248,0.2320630505865379,0.26996079799589706,1
684,2500,5,stress,ccmar,0.2558505160746848,cc,0.25225462762048045,0.06459062355899586,0.12565933170586424,0.37884992353509667,1
684,2500,5,stress,ccmar,0.2558505160746848,seq,0.24937584805326415,0.0642764763390293,0.12339626937562578,0.3753554267309025,1
685,2500,5,stress,ccmar,0.2558505160746848,full,0.26161653796241546,0.008895357119127879,0.24418195837930284,0.2790511175455281,1
685,2500,5,stress,ccmar,0.2558505160746848,cc,0.24652865307358934,0.017138870265183775,0.2129370846181247,0.28012022152905397,1
685,2500,5,stress,ccmar,0.2558505160746848,seq,0.24391858678775843,0.01674863655585332,0.21109186234813496,0.2767453112273819,1
686,2500,5,stress,ccmar,0.2558505160746848,full,0.23459433857369144,0.009215800746037681,0.21653170102276023,0.2526569761246227,0
686,2500,5,stress,ccmar,0.2558505160746848,cc,0.17228069468309287,0.026636636725982567,0.12007384603089014,0.2244875433352956,0
686,2500,5,stress,ccmar,0.2558505160746848,seq,0.1741026799837418,0.026249641758872413,0.12265432752927322,0.22555103243821037,0
687,2500,5,stress,ccmar,0.2558505160746848,full,0.27765481594591634,0.010386367822794085,0.2572979090830542,0.29801172280877847,0
687,2500,5,stress,ccmar,0.2558505160746848,cc,0.2490385301900912,0.017851411561721754,0.21405040645591464,0.28402665392426774,1
687,2500,5,stress,ccmar,0.2558505160746848,seq,0.26006729363368647,0.017323093861985193,0.2261146535633886,0.2940199337039843,1
688,2500,5,stress,ccmar,0.2558505160746848,full,0.24455004290314172,0.009651155218142405,0.2256341262663768,0.26346595953990665,1
688,2500,5,stress,ccmar,0.2558505160746848,cc,0.17571399115965397,0.027556081895017633,0.12170506309038318,0.22972291922892477,0
688,2500,5,stress,ccmar,0.2558505160746848,seq,0.17863019164592597,0.027414021573570625,0.1248996966903235,0.23236068660152845,0
689,2500,5,stress,ccmar,0.2558505160746848,full,0.26912250105580177,0.008598398846219052,0.25226994899250166,0.2859750531191019,1
689,2500,5,stress,ccmar,0.2558505160746848,cc,0.33836460632436943,0.025327148271195386,0.2887243078817206,0.38800490476701827,0
689,2500,5,stress,ccmar,0.2558505160746848,seq,0.3454750980740195,0.025594433778596222,0.2953109296632755,0.3956392664847635,0
690,2500,5,stress,ccmar,0.2558505160746848,full,0.274665374268267,0.008747875098921698,0.25751985413312567,0.2918108944034083,0
690,2500,5,stress,ccmar,0.2558505160746848,cc,0.22758906035701643,0.024423822188577103,0.17971924850259507,0.2754588722114378,1
690,2500,5,stress,ccmar,0.2558505160746848,seq,0.22400138039951425,0.0244825759515923,0.1760164132856269,0.2719863475134016,1
691,2500,5,stress,ccmar,0.2558505160746848,full,0.2882523336905251,0.009439812421985144,0.2697506413226204,0.30675402605842983,0
691,2500,5,stress,ccmar,0.2558505160746848,cc,0.26210804525559606,0.020385430075475382,0.22215333649830465,0.30206275401288746,1
691,2500,5,stress,ccmar,0.2558505160746848,seq,0.2572872820419549,0.019638432956577037,0.21879666073425946,0.2957779033496503,1
692,2500,5,stress,ccmar,0.2558505160746848,full,0.2346596585839659,0.009890661641846456,0.21527431798267505,0.25404499918525675,0
692,2500,5,stress,ccmar,0.2558505160746848,cc,0.323338100923449,0.0704799304143,0.18519997567853183,0.46147622616836614,1
692,2500,5,stress,ccmar,0.2558505160746848,seq,0.3225777013999493,0.07062138032784405,0.18416233941886948,0.4609930633810291,1
693,2500,5,stress,ccmar,0.2558505160746848,full,0.2650782746616146,0.008775968555946166,0.24787769236250412,0.2822788569607251,1
693,2500,5,stress,ccmar,0.2558505160746848,cc,0.228739585561302,0.01924336178937156,0.19102328951265948,0.2664558816099445,1
693,2500,5,stress,ccmar,0.2558505160746848,seq,0.23160466559473444,0.01830374737765787,0.19572997995240557,0.26747935123706335,1
694,2500,5,stress,ccmar,0.2558505160746848,full,0.2541464024812573,0.00889172070065717,0.23671895014738,0.27157385481513463,1
694,2500,5,stress,ccmar,0.2558505160746848,cc,0.31765262279282763,0.04476186057114556,0.22992098819237883,0.40538425739327644,1
694,2500,5,stress,ccmar,0.2558505160746848,seq,0.31800746188249823,0.04475645652506507,0.230286419017738,0.40572850474725847,1
695,2500,5,stress,ccmar,0.2558505160746848,full,0.24516067283014303,0.009644997112657665,0.2262568258583412,0.2640645198019449,1
695,2500,5,stress,ccmar,0.2558505160746848,cc,0.25839134777653405,0.023026020973250082,0.21326117596169997,0.30352151959136814,1
695,2500,5,stress,ccmar,0.2558505160746848,seq,0.2684254129903791,0.02284703081383609,0.2236460554415835,0.31320477053917467,1
696,2500,5,stress,ccmar,0.2558505160746848,full,0.26005911373877955,0.008360983896898752,0.24367188642553864,0.27644634105202043,1
696,2500,5,stress,ccmar,0.2558505160746848,cc,0.2534169652894665,0.018692138124592795,0.21678104777121654,0.29005288280771646,1
696,2500,5,stress,ccmar,0.2558505160746848,seq,0.25581286339100734,0.01814066433332697,0.22025781464205618,0.2913679121399585,1
697,2500,5,stress,ccmar,0.2558505160746848,full,0.26917818392180304,0.00922088752273346,0.2511055764717507,0.2872507913718554,1
697,2500,5,stress,ccmar,0.2558505160746848,cc,0.2518795308136243,0.022986867811475784,0.2068260977857487,0.29693296384149986,1
697,2500,5,stress,ccmar,0.2558505160746848,seq,0.2470279583487204,0.023388102545075805,0.20118811969364225,0.29286779700379856,1
698,2500,5,stress,ccmar,0.2558505160746848,full,0.2555328066025414,0.008821876945709467,0.23824224551290663,0.2728233676921762,1
698,2500,5,stress,ccmar,0.2558505160746848,cc,0.216899362683482,0.03218264536169555,0.1538225368473337,0.2799761885196303,1
698,2500,5,stress,ccmar,0.2558505160746848,seq,0.2138676502664144,0.03214943190033588,0.15085592161833297,0.2768793789144959,1
699,2500,5,stress,ccmar,0.2558505160746848,full,0.2649100713791684,0.009880362198076035,0.24554491731672837,0.28427522544160844,1
699,2500,5,stress,ccmar,0.2558505160746848,cc,0.28406217739536443,0.024692278971312563,0.23566619991537607,0.3324581548753528,1
699,2500,5,stress,ccmar,0.2558505160746848,seq,0.28698549460981426,0.024853110198859163,0.2382742937162452,0.3356966955033833,1
700,2500,5,stress,ccmar,0.2558505160746848,full,0.24995625864454069,0.008730403927367087,0.23284498137641416,0.26706753591266724,1
700,2500,5,stress,ccmar,0.2558505160746848,cc,0.24590773282131018,0.026537300878486988,0.19389557885257255,0.2979198867900478,1
700,2500,5,stress,ccmar,0.2558505160746848,seq,0.24599316235880833,0.026145497266881142,0.1947489293578309,0.29723739535978577,1
701,2500,5,stress,ccmar,0.2558505160746848,full,0.26096264438905525,0.009676193027813597,0.24199765454708302,0.27992763423102746,1
701,2500,5,stress,ccmar,0.2558505160746848,cc,0.38528252472829355,0.13318492881692554,0.12424486096358872,0.6463201884929983,1
701,2500,5,stress,ccmar,0.2558505160746848,seq,0.3842893459269825,0.13295708098450176,0.12369825570778376,0.6448804361461813,1
702,2500,5,stress,ccmar,0.2558505160746848,full,0.2344486882401477,0.01652920274805796,0.2020520461607936,0.2668453303195018,1
702,2500,5,stress,ccmar,0.2558505160746848,cc,0.151912155760386,0.08337768192349565,-0.011505097924101787,0.31532940944487375,1
702,2500,5,stress,ccmar,0.2558505160746848,seq,0.1473642252216123,0.08342324643426512,-0.016142333262956804,0.3108707837061814,1
703,2500,5,stress,ccmar,0.2558505160746848,full,0.2651497452381493,0.00912882259318199,0.24725758173425708,0.28304190874204155,1
703,2500,5,stress,ccmar,0.2558505160746848,cc,0.291276776005487,0.03334331819669546,0.2259250732149049,0.3566284787960691,1
703,2500,5,stress,ccmar,0.2558505160746848,seq,0.2840805622201978,0.03397925022998106,0.21748245554776058,0.350678668892635,1
704,2500,5,stress,ccmar,0.2558505160746848,full,0.2580343331917182,0.009014110249894543,0.24036700174925155,0.27570166463418483,1
704,2500,5,stress,ccmar,0.2558505160746848,cc,0.28175030022283704,0.03017919105502188,0.2226001726724408,0.34090042777323326,1
704,2500,5,stress,ccmar,0.2558505160746848,seq,0.2796025495394747,0.030051973244241196,0.22070176431640065,0.3385033347625488,1
705,2500,5,stress,ccmar,0.2558505160746848,full,0.25472418553351406,0.009302146494324084,0.23649231342572333,0.27295605764130476,1
705,2500,5,stress,ccmar,0.2558505160746848,cc,0.25832147120128557,0.013216874652921904,0.2324168728933783,0.2842260695091928,1
705,2500,5,stress,ccmar,0.2558505160746848,seq,0.24959525837940855,0.012878281385366692,0.22435429068131724,0.27483622607749986,1
706,2500,5,stress,ccmar,0.2558505160746848,full,0.25813632454625424,0.009231477803676393,0.24004296052696758,0.27622968856554087,1
706,2500,5,stress,ccmar,0.2558505160746848,cc,0.3099504180823475,0.0452109981353676,0.22133849003191947,0.3985623461327756,1
706,2500,5,stress,ccmar,0.2558505160746848,seq,0.30362048813476267,0.045702420950860564,0.21404538906478715,0.3931955872047382,1
707,2500,5,stress,ccmar,0.2558505160746848,full,0.26498475284659956,0.009025045387966465,0.24729598892734597,0.28267351676585317,1
707,2500,5,stress,ccmar,0.2558505160746848,cc,0.09737099514947312,0.138673728230108,-0.17442451778343399,0.3691665080823802,1
707,2500,5,stress,ccmar,0.2558505160746848,seq,0.0977870782242927,0.13883229131333333,-0.1743192126410136,0.369893369089599,1
708,2500,5,stress,ccmar,0.2558505160746848,full,0.2711503548274235,0.01334845427271504,0.24498786520362223,0.2973128444512248,1
708,2500,5,stress,ccmar,0.2558505160746848,cc,0.25736370452946855,0.03074966393481412,0.1970954706805227,0.3176319383784144,1
708,2500,5,stress,ccmar,0.2558505160746848,seq,0.26795832252627977,0.030627251529047758,0.20793001258389687,0.32798663246866266,1
709,2500,5,stress,ccmar,0.2558505160746848,full,0.2293034343955818,0.009301389416153405,0.21107304613373906,0.24753382265742452,0
709,2500,5,stress,ccmar,0.2558505160746848,cc,0.22208831476399127,0.017300766156628358,0.18817943619205024,0.2559971933359323,1
709,2500,5,stress,ccmar,0.2558505160746848,seq,0.21776195014912073,0.017009707012771838,0.18442353701650954,0.2511003632817319,0
710,2500,5,stress,ccmar,0.2558505160746848,full,0.24336259236335253,0.008711830420103294,0.22628771850052962,0.2604374662261754,1
710,2500,5,stress,ccmar,0.2558505160746848,cc,0.2563097810953538,0.016657999282545338,0.22366070244707087,0.2889588597436367,1
710,2500,5,stress,ccmar,0.2558505160746848,seq,0.2517798677794271,0.016862902464067665,0.21872918627504276,0.28483054928381146,1
711,2500,5,stress,ccmar,0.2558505160746848,full,0.25921802048112214,0.0090118489535565,0.24155512109803642,0.2768809198642079,1
711,2500,5,stress,ccmar,0.2558505160746848,cc,0.27368014352474884,0.027030604656282084,0.22070113191809526,0.3266591551314024,1
711,2500,5,stress,ccmar,0.2558505160746848,seq,0.28103921004391624,0.031034414155449577,0.22021287601793504,0.34186554406989744,1
712,2500,5,stress,ccmar,0.2558505160746848,full,0.2591877703479988,0.009454199001178816,0.24065788080301376,0.2777176598929838,1
712,2500,5,stress,ccmar,0.2558505160746848,cc,0.29404466224887527,0.014305223782968623,0.26600693884347093,0.3220823856542796,0
712,2500,5,stress,ccmar,0.2558505160746848,seq,0.2960540399582722,0.014069083917038303,0.2684791421854054,0.32362893773113893,0
713,2500,5,stress,ccmar,0.2558505160746848,full,0.2552096680921734,0.008916093714087275,0.23773444552977835,0.2726848906545684,1
713,2500,5,stress,ccmar,0.2558505160746848,cc,0.2505957893118526,0.021360303823504206,0.20873036311895116,0.29246121550475407,1
713,2500,5,stress,ccmar,0.2558505160746848,seq,0.2529129897158439,0.02091088981419631,0.21192839879533368,0.2938975806363541,1
714,2500,5,stress,ccmar,0.2558505160746848,full,0.25685581401562835,0.0091893478102668,0.23884502326609341,0.2748666047651633,1
714,2500,5,stress,ccmar,0.2558505160746848,cc,0.33147657897937477,0.021302860005164858,0.2897237406015529,0.3732294173571966,0
714,2500,5,stress,ccmar,0.2558505160746848,seq,0.327883786233852,0.021340477359974633,0.28605721919540933,0.3697103532722947,0
715,2500,5,stress,ccmar,0.2558505160746848,full,0.2428946693155054,0.00901558075774864,0.22522445573060573,0.2605648829004051,1
715,2500,5,stress,ccmar,0.2558505160746848,cc,0.29031287874295175,0.020719544705331633,0.24970331734443418,0.3309224401414693,1
715,2500,5,stress,ccmar,0.2558505160746848,seq,0.29181459109790325,0.020445366779228365,0.251742408559904,0.3318867736359025,1
716,2500,5,stress,ccmar,0.2558505160746848,full,0.2777304799019142,0.009890612655146994,0.25834523531279,0.29711572449103835,0
716,2500,5,stress,ccmar,0.2558505160746848,cc,0.3293155538479146,0.03978262991072821,0.25134303201260144,0.4072880756832278,1
716,2500,5,stress,ccmar,0.2558505160746848,seq,0.32751372387138883,0.039845984599667844,0.24941702912750222,0.40561041861527547,1
717,2500,5,stress,ccmar,0.2558505160746848,full,0.2533667780047664,0.009336229714509441,0.23506810401293526,0.2716654519965976,1
717,2500,5,stress,ccmar,0.2558505160746848,cc,0.344869244921669,0.024054141733551755,0.2977239934448857,0.39201449639845226,0
717,2500,5,stress,ccmar,0.2558505160746848,seq,0.34571101261776477,0.023882562339614385,0.29890205057358793,0.3925199746619416,0
718,2500,5,stress,ccmar,0.2558505160746848,full,0.2414941740508893,0.01021690573809465,0.22146940677078317,0.2615189413309954,1
718,2500,5,stress,ccmar,0.2558505160746848,cc,0.24888427603890254,0.020457944659530495,0.20878744130850924,0.28898111076929583,1
718,2500,5,stress,ccmar,0.2558505160746848,seq,0.24860429619909882,0.02050068794935663,0.2084236861600655,0.28878490623813213,1
719,2500,5,stress,ccmar,0.2558505160746848,full,0.2578316396853061,0.008843043255425289,0.24049959339094268,0.2751636859796695,1
719,2500,5,stress,ccmar,0.2558505160746848,cc,0.2995539665681781,0.034153688498200864,0.23261396717250454,0.3664939659638517,1
719,2500,5,stress,ccmar,0.2558505160746848,seq,0.2974040856268063,0.03405207431079091,0.23066324637877456,0.36414492487483807,1
720,2500,5,stress,ccmar,0.2558505160746848,full,0.2217217211490294,0.008979404434722046,0.20412241185435495,0.23932103044370387,0
720,2500,5,stress,ccmar,0.2558505160746848,cc,0.17853851217400557,0.02830514190597452,0.12306145346100009,0.23401557088701105,0
720,2500,5,stress,ccmar,0.2558505160746848,seq,0.17837118288705162,0.02886583815292514,0.12179517972375614,0.2349471860503471,0
721,2500,5,stress,ccmar,0.2558505160746848,full,0.26600081268261044,0.00916643668879834,0.2480349269059991,0.2839666984592218,1
721,2500,5,stress,ccmar,0.2558505160746848,cc,0.2500647526458869,0.020832347782402373,0.20923410127896538,0.29089540401280845,1
721,2500,5,stress,ccmar,0.2558505160746848,seq,0.24764580317878362,0.02046101418348443,0.20754295229199093,0.2877486540655763,1
722,2500,5,stress,ccmar,0.2558505160746848,full,0.2513973908546759,0.009399940479197176,0.23297384605862925,0.2698209356507225,1
722,2500,5,stress,ccmar,0.2558505160746848,cc,0.27592692617694464,0.0215743567571424,0.23364196394332717,0.3182118884105621,1
722,2500,5,stress,ccmar,0.2558505160746848,seq,0.27179230702596235,0.021845310910582495,0.22897628441014078,0.3146083296417839,1
723,2500,5,stress,ccmar,0.2558505160746848,full,0.27842351535985027,0.009090918514307777,0.2606056424854187,0.29624138823428187,0
723,2500,5,stress,ccmar,0.2558505160746848,cc,0.26839654226908644,0.0392477077341421,0.1914724486344138,0.34532063590375905,1
723,2500,5,stress,ccmar,0.2558505160746848,seq,0.2747995521918548,0.03933016191263987,0.19771385133695168,0.35188525304675794,1
724,2500,5,stress,ccmar,0.2558505160746848,full,0.26075060487612384,0.008711445581800236,0.2436764852825148,0.2778247244697329,1
724,2500,5,stress,ccmar,0.2558505160746848,cc,0.26530337245786645,0.01617045963108333,0.23360985396748427,0.2969968909482486,1
724,2500,5,stress,ccmar,0.2558505160746848,seq,0.2662685574511729,0.015944399616445795,0.2350181084478249,0.2975190064545209,1
725,2500,5,stress,ccmar,0.2558505160746848,full,0.27143323874205516,0.009529862945565121,0.2527550505911447,0.2901114268929656,1
725,2500,5,stress,ccmar,0.2558505160746848,cc,0.23874837069468077,0.026552314617138348,0.1867067903389132,0.29078995105044836,1
725,2500,5,stress,ccmar,0.2558505160746848,seq,0.2396139418592287,0.026446881944870982,0.18777900574389897,0.29144887797455843,1
726,2500,5,stress,ccmar,0.2558505160746848,full,0.256963440311426,0.00894531420290154,0.23943094664334436,0.2744959339795076,1
726,2500,5,stress,ccmar,0.2558505160746848,cc,0.27943166867714464,0.01749823667127895,0.24513575500847987,0.31372758234580944,1
726,2500,5,stress,ccmar,0.2558505160746848,seq,0.27748795094690304,0.01748274166606259,0.2432224069304026,0.3117534949634035,1
727,2500,5,stress,ccmar,0.2558505160746848,full,0.24651664255267947,0.008630336346655183,0.22960149413876832,0.26343179096659064,1
727,2500,5,stress,ccmar,0.2558505160746848,cc,0.22425794524187023,0.03018262148909829,0.16510109416423288,0.28341479631950756,1
727,2500,5,stress,ccmar,0.2558505160746848,seq,0.2278452381370474,0.030058042266539138,0.168932557848848,0.2867579184252468,1
728,2500,5,stress,ccmar,0.2558505160746848,full,0.25849624290482814,0.008398253031041492,0.24203596943093247,0.2749565163787238,1
728,2500,5,stress,ccmar,0.2558505160746848,cc,0.22017252741655488,0.02232472308649664,0.1764168742021916,0.26392818063091816,1
728,2500,5,stress,ccmar,0.2558505160746848,seq,0.2242754541528958,0.02204654353627976,0.18106502283819315,0.26748588546759844,1
729,2500,5,stress,ccmar,0.2558505160746848,full,0.22704179534385321,0.009866899667864986,0.20770302735576762,0.2463805633319388,0
729,2500,5,stress,ccmar,0.2558505160746848,cc,0.24480412757701997,0.013508905692366817,0.2183271589494329,0.27128109620460705,1
729,2500,5,stress,ccmar,0.2558505160746848,seq,0.24690533981605886,0.013295928551993819,0.22084579871313317,0.2729648809189845,1
730,2500,5,stress,ccmar,0.2558505160746848,full,0.2679337623182686,0.00909400570284115,0.2501098386654981,0.2857576859710391,1
730,2500,5,stress,ccmar,0.2558505160746848,cc,0.2631927513714777,0.018890982469738363,0.22616710609821297,0.30021839664474237,1
730,2500,5,stress,ccmar,0.2558505160746848,seq,0.26479091842502755,0.018573782596461474,0.22838697347928621,0.3011948633707689,1
731,2500,5,stress,ccmar,0.2558505160746848,full,0.2662191760272463,0.009202577835695152,0.24818245490435725,0.2842558971501354,1
731,2500,5,stress,ccmar,0.2558505160746848,cc,0.2570900526477684,0.02065294413657822,0.21661102596535742,0.2975690793301794,1
731,2500,5,stress,ccmar,0.2558505160746848,seq,0.26085725752357775,0.019766028212785433,0.22211655410911568,0.2995979609380398,1
732,2500,5,stress,ccmar,0.2558505160746848,full,0.25961691751905663,0.008950771963333744,0.24207372683709164,0.27716010820102166,1
732,2500,5,stress,ccmar,0.2558505160746848,cc,-0.0037151776968479796,0.18302388244789103,-0.36243539560540694,0.355005040211711,1
732,2500,5,stress,ccmar,0.2558505160746848,seq,-0.003892724809708977,0.18346761294366004,-0.3634826385088173,0.35569718888939933,1
733,2500,5,stress,ccmar,0.2558505160746848,full,0.2414859159189905,0.009249962895732048,0.22335632178502385,0.25961551005295713,1
733,2500,5,stress,ccmar,0.2558505160746848,cc,0.2381434369234927,0.02581344920234184,0.18755000617014853,0.28873686767683693,1
733,2500,5,stress,ccmar,0.2558505160746848,seq,0.23949296120916516,0.02515047567112267,0.19019893469971388,0.28878698771861644,1
734,2500,5,stress,ccmar,0.2558505160746848,full,0.24175378827171257,0.008346414925715508,0.22539511561728262,0.2581124609261425,1
734,2500,5,stress,ccmar,0.2558505160746848,cc,0.22956553217842132,0.019909013090619175,0.19054458355307127,0.2685864808037714,1
734,2500,5,stress,ccmar,0.2558505160746848,seq,0.2366901923718465,0.019674320683931656,0.19812923241104902,0.27525115233264397,1
735,2500,5,stress,ccmar,0.2558505160746848,full,0.24360774268770174,0.0087871259052962,0.22638529238570226,0.2608301929897012,1
735,2500,5,stress,ccmar,0.2558505160746848,cc,0.2236383295941877,0.01734882335658902,0.18963526064112593,0.2576413985472495,1
735,2500,5,stress,ccmar,0.2558505160746848,seq,0.22146276863697703,0.016928790297567654,0.1882829493519133,0.25464258792204075,0
736,2500,5,stress,ccmar,0.2558505160746848,full,0.25421578994465244,0.009339036544832636,0.2359116146664771,0.2725199652228278,1
736,2500,5,stress,ccmar,0.2558505160746848,cc,0.2550882644419469,0.022754742270650916,0.21048978911397992,0.29968673976991383,1
736,2500,5,stress,ccmar,0.2558505160746848,seq,0.25655569735131817,0.022349448296953137,0.21275158361494997,0.3003598110876864,1
737,2500,5,stress,ccmar,0.2558505160746848,full,0.2497106580912824,0.00873872907596281,0.23258306383174232,0.2668382523508225,1
737,2500,5,stress,ccmar,0.2558505160746848,cc,0.27275187146206054,0.014648701567328918,0.2440409439698204,0.30146279895430067,1
737,2500,5,stress,ccmar,0.2558505160746848,seq,0.2714022350172998,0.014412463134609515,0.24315432634495393,0.2996501436896457,1
738,2500,5,stress,ccmar,0.2558505160746848,full,0.27385626999489143,0.008940514658180434,0.25633318326160537,0.2913793567281775,0
738,2500,5,stress,ccmar,0.2558505160746848,cc,0.25169789700517686,0.02188404155986769,0.20880596371165844,0.2945898302986953,1
738,2500,5,stress,ccmar,0.2558505160746848,seq,0.23924410831409476,0.02196087610967794,0.1962015820701799,0.2822866345580096,1
739,2500,5,stress,ccmar,0.2558505160746848,full,0.2525137093424511,0.010057702758865607,0.23280097416786538,0.2722264445170368,1
739,2500,5,stress,ccmar,0.2558505160746848,cc,0.16553114088625426,0.037749830181953416,0.09154283330712244,0.2395194484653861,0
739,2500,5,stress,ccmar,0.2558505160746848,seq,0.1580961980989688,0.03750510368553944,0.08458754563887105,0.23160485055906654,0
740,2500,5,stress,ccmar,0.2558505160746848,full,0.2528919472447809,0.009724045202563073,0.2338331688637178,0.27195072562584405,1
740,2500,5,stress,ccmar,0.2558505160746848,cc,0.28398685260977147,0.01956192866559286,0.24564617695706778,0.3223275282624751,1
740,2500,5,stress,ccmar,0.2558505160746848,seq,0.2788518273745443,0.019568225475891467,0.24049881020043784,0.3172048445486507,1
741,2500,5,stress,ccmar,0.2558505160746848,full,0.26424079215466045,0.0084449310993727,0.24768903134796771,0.2807925529613532,1
741,2500,5,stress,ccmar,0.2558505160746848,cc,0.2770176233856903,0.019903051531902867,0.23800835920071595,0.31602688757066466,1
741,2500,5,stress,ccmar,0.2558505160746848,seq,0.27764889865120357,0.019557737728169145,0.23931643708491182,0.3159813602174953,1
742,2500,5,stress,ccmar,0.2558505160746848,full,0.25370508458335506,0.010240229404455285,0.23363460375719464,0.2737755654095155,1
742,2500,5,stress,ccmar,0.2558505160746848,cc,0.24331703180019318,0.030136158742306896,0.18425124603288978,0.3023828175674966,1
742,2500,5,stress,ccmar,0.2558505160746848,seq,0.2520534924726755,0.0294489857487094,0.19433454102397174,0.30977244392137926,1
743,2500,5,stress,ccmar,0.2558505160746848,full,0.255771842484429,0.009339886326361495,0.23746600166506238,0.27407768330379567,1
743,2500,5,stress,ccmar,0.2558505160746848,cc,0.27960205799021304,0.015313741508411503,0.2495876761651704,0.30961643981525566,1
743,2500,5,stress,ccmar,0.2558505160746848,seq,0.28360288611241047,0.015073745984450397,0.25405888687078243,0.3131468853540385,1
744,2500,5,stress,ccmar,0.2558505160746848,full,0.2472012847423036,0.009542199963176684,0.22849891648119786,0.26590365300340935,1
744,2500,5,stress,ccmar,0.2558505160746848,cc,0.27324642331617266,0.018615015385792487,0.2367616635883604,0.3097311830439849,1
744,2500,5,stress,ccmar,0.2558505160746848,seq,0.2718181949199439,0.018341243029697665,0.2358700191500402,0.30776637068984763,1
745,2500,5,stress,ccmar,0.2558505160746848,full,0.2608564778289565,0.00957957553841199,0.24208085478648808,0.27963210087142487,1
745,2500,5,stress,ccmar,0.2558505160746848,cc,0.234631212889012,0.015344591279748599,0.20455636662321738,0.26470605915480666,1
745,2500,5,stress,ccmar,0.2558505160746848,seq,0.2322184566636587,0.015114013895305613,0.20259553376702177,0.26184137956029563,1
746,2500,5,stress,ccmar,0.2558505160746848,full,0.2610661893984015,0.010096538319821801,0.2412773379230222,0.28085504087378077,1
746,2500,5,stress,ccmar,0.2558505160746848,cc,0.22298335981699602,0.025610369326410774,0.17278795830646157,0.27317876132753044,1
746,2500,5,stress,ccmar,0.2558505160746848,seq,0.22448815256279786,0.025976298450584277,0.17357554314798906,0.27540076197760666,1
747,2500,5,stress,ccmar,0.2558505160746848,full,0.25211544064093816,0.010807289069431568,0.2309335432943389,0.2732973379875374,1
747,2500,5,stress,ccmar,0.2558505160746848,cc,0.24254509646060893,0.018319513026056267,0.20663951071522627,0.27845068220599156,1
747,2500,5,stress,ccmar,0.2558505160746848,seq,0.24234300959597618,0.018213421462492694,0.20664535949424168,0.2780406596977107,1
748,2500,5,stress,ccmar,0.2558505160746848,full,0.2624613442846353,0.014726613821419614,0.23359771158042308,0.2913249769888475,1
748,2500,5,stress,ccmar,0.2558505160746848,cc,0.3212948146224964,0.03705667789862002,0.24866506055449977,0.3939245686904931,1
748,2500,5,stress,ccmar,0.2558505160746848,seq,0.3214003290763514,0.03696843769693838,0.24894352262563932,0.3938571355270635,1
749,2500,5,stress,ccmar,0.2558505160746848,full,0.2658147499602762,0.008881947364014712,0.2484064530142269,0.2832230469063255,1
749,2500,5,stress,ccmar,0.2558505160746848,cc,0.22647486458420982,0.02319530370299783,0.1810129047158655,0.2719368244525541,1
749,2500,5,stress,ccmar,0.2558505160746848,seq,0.22933181519912468,0.02272064623743296,0.1848001668682806,0.27386346352996876,1
750,2500,5,stress,ccmar,0.2558505160746848,full,0.2538661077107876,0.008604978160909448,0.2370006604276514,0.2707315549939238,1
750,2500,5,stress,ccmar,0.2558505160746848,cc,0.24358481984585587,0.02815066623386663,0.18841052788666945,0.2987591118050423,1
750,2500,5,stress,ccmar,0.2558505160746848,seq,0.23918166111030864,0.028075707620780776,0.18415428533310157,0.2942090368875157,1
751,2500,5,stress,ccmar,0.2558505160746848,full,0.24878938939338938,0.008530877182366866,0.2320691773594158,0.26550960142736296,1
751,2500,5,stress,ccmar,0.2558505160746848,cc,0.24185386160111993,0.02099817420411551,0.2006981964199555,0.28300952678228436,1
751,2500,5,stress,ccmar,0.2558505160746848,seq,0.23658928580181,0.02081541624486464,0.19579181963866532,0.27738675196495466,1
752,2500,5,stress,ccmar,0.2558505160746848,full,0.2523151969046116,0.008865623197194509,0.23493889473760754,0.2696914990716157,1
752,2500,5,stress,ccmar,0.2558505160746848,cc,0.21697046693545052,0.042397540522010585,0.13387281447923227,0.3000681193916688,1
752,2500,5,stress,ccmar,0.2558505160746848,seq,0.2171171305524053,0.041497434785461314,0.1357836529221015,0.2984506081827091,1
753,2500,5,stress,ccmar,0.2558505160746848,full,0.2596939752098562,0.010078857114672156,0.2399397782597735,0.27944817215993895,1
753,2500,5,stress,ccmar,0.2558505160746848,cc,0.3562622799299186,0.030041580955301198,0.2973818632188839,0.4151426966409533,0
753,2500,5,stress,ccmar,0.2558505160746848,seq,0.35688186610170625,0.029761789999255845,0.2985498295877204,0.4152139026156921,0
754,2500,5,stress,ccmar,0.2558505160746848,full,0.2666450643564281,0.010369202251446908,0.2463218013951805,0.2869683273176757,1
754,2500,5,stress,ccmar,0.2558505160746848,cc,0.11797355835379182,0.1418540113328033,-0.1600551949210393,0.3960023116286229,1
754,2500,5,stress,ccmar,0.2558505160746848,seq,0.10843703145011459,0.1416674726828572,-0.1692261127890975,0.38610017568932664,1
755,2500,5,stress,ccmar,0.2558505160746848,full,0.23272671192482358,0.009287324134012573,0.21452389110940928,0.2509295327402379,0
755,2500,5,stress,ccmar,0.2558505160746848,cc,0.22659385650354183,0.013780770465526105,0.1995840427118974,0.25360367029518627,0
755,2500,5,stress,ccmar,0.2558505160746848,seq,0.21718448033508495,0.013893337562979606,0.18995403908658742,0.24441492158358247,0
756,2500,5,stress,ccmar,0.2558505160746848,full,0.26348981400146315,0.010773990239363007,0.24237318116252557,0.2846064468404007,1
756,2500,5,stress,ccmar,0.2558505160746848,cc,0.30741721424644697,0.037775880062739985,0.23337784983917192,0.381456578653722,1
756,2500,5,stress,ccmar,0.2558505160746848,seq,0.3082191873164334,0.03763979336220636,0.23444654794097913,0.38199182669188764,1
757,2500,5,stress,ccmar,0.2558505160746848,full,0.2602599264952044,0.00987653523048372,0.24090227315141532,0.2796175798389935,1
757,2500,5,stress,ccmar,0.2558505160746848,cc,0.30369281001070825,0.044302564884346335,0.21686137841464054,0.39052424160677596,1
757,2500,5,stress,ccmar,0.2558505160746848,seq,0.30244938556374357,0.04435676331697492,0.2155117269917053,0.38938704413578185,1
758,2500,5,stress,ccmar,0.2558505160746848,full,0.2444601267757202,0.008917574860901977,0.22698200121891254,0.2619382523325279,1
758,2500,5,stress,ccmar,0.2558505160746848,cc,0.23599097861368276,0.0206470150814922,0.19552357266570272,0.27645838456166283,1
758,2500,5,stress,ccmar,0.2558505160746848,seq,0.23571938702517117,0.02010539098648091,0.19631354479657237,0.27512522925377,1
759,2500,5,stress,ccmar,0.2558505160746848,full,0.24024202397989583,0.009085066611863068,0.2224356206234969,0.2580484273362948,1
759,2500,5,stress,ccmar,0.2558505160746848,cc,0.22019321797585703,0.06948850501307798,0.0839982508106932,0.3563881851410209,1
759,2500,5,stress,ccmar,0.2558505160746848,seq,0.2140131693029331,0.06942614191362827,0.07794043156665498,0.3500859070392112,1
760,2500,5,stress,ccmar,0.2558505160746848,full,0.2828289795813762,0.00949150036756033,0.2642259807017093,0.30143197846104314,0
760,2500,5,stress,ccmar,0.2558505160746848,cc,0.3326406589553159,0.015331135263388956,0.3025921859969616,0.36268913191367025,0
760,2500,5,stress,ccmar,0.2558505160746848,seq,0.32419226332368756,0.014866942255925808,0.29505359194183634,0.3533309347055388,0
761,2500,5,stress,ccmar,0.2558505160746848,full,0.2428803225971762,0.008892579172951906,0.2254511876885195,0.2603094575058329,1
761,2500,5,stress,ccmar,0.2558505160746848,cc,0.2598271387660394,0.01576004750255828,0.22893801326638477,0.2907162642656941,1
761,2500,5,stress,ccmar,0.2558505160746848,seq,0.2650349876376555,0.015628609014799982,0.2344034768401895,0.2956664984351215,1
762,2500,5,stress,ccmar,0.2558505160746848,full,0.25355998356710796,0.009625026811546441,0.23469527766624454,0.2724246894679714,1
762,2500,5,stress,ccmar,0.2558505160746848,cc,0.30285569477566926,0.04835257611712548,0.20808638702637175,0.3976250025249668,1
762,2500,5,stress,ccmar,0.2558505160746848,seq,0.3070158697667721,0.04847255497693926,0.21201140777333338,0.4020203317602108,1
763,2500,5,stress,ccmar,0.2558505160746848,full,0.26336290695203435,0.010234141258850029,0.24330435867199288,0.2834214552320758,1
763,2500,5,stress,ccmar,0.2558505160746848,cc,0.29605713259931254,0.01245244963813237,0.27165077978927427,0.3204634854093508,0
763,2500,5,stress,ccmar,0.2558505160746848,seq,0.29446813293886076,0.012274786343607085,0.2704099937874668,0.31852627209025475,0
764,2500,5,stress,ccmar,0.2558505160746848,full,0.25790698353307095,0.009544353972839394,0.23920039349060396,0.27661357357553795,1
764,2500,5,stress,ccmar,0.2558505160746848,cc,0.308652925930062,0.024467698653273123,0.2606971177850675,0.3566087340750565,0
764,2500,5,stress,ccmar,0.2558505160746848,seq,0.30495510831487616,0.024457115986209282,0.25702004181618715,0.35289017481356516,0
765,2500,5,stress,ccmar,0.2558505160746848,full,0.2739335086623105,0.009053755081348163,0.2561884747780216,0.29167854254659936,0
765,2500,5,stress,ccmar,0.2558505160746848,cc,0.23392214551719562,0.04219348582610654,0.15122443291582555,0.3166198581185657,1
765,2500,5,stress,ccmar,0.2558505160746848,seq,0.23991112762907568,0.04187769886050911,0.15783234610706376,0.3219899091510876,1
766,2500,5,stress,ccmar,0.2558505160746848,full,0.248986101578937,0.009017433820840224,0.23131225605711675,0.26665994710075724,1
766,2500,5,stress,ccmar,0.2558505160746848,cc,0.26405694524622997,0.014970328263954023,0.23471564101213804,0.2933982494803219,1
766,2500,5,stress,ccmar,0.2558505160746848,seq,0.2663388420260436,0.014713331180345094,0.237501242819957,0.29517644123213016,1
767,2500,5,stress,ccmar,0.2558505160746848,full,0.2319141436940403,0.009672720530548243,0.21295595982164456,0.250872327566436,0
767,2500,5,stress,ccmar,0.2558505160746848,cc,0.23898782781290726,0.02723782611378475,0.18560266961272456,0.2923729860130899,1
767,2500,5,stress,ccmar,0.2558505160746848,seq,0.24194073977837247,0.027898402191028952,0.18726087625774238,0.2966206032990025,1
768,2500,5,stress,ccmar,0.2558505160746848,full,0.2767480885696253,0.008862614730085795,0.25937768288980295,0.29411849424944764,0
768,2500,5,stress,ccmar,0.2558505160746848,cc,0.2891910200593025,0.030051745706817144,0.23029068080138468,0.34809135931722024,1
768,2500,5,stress,ccmar,0.2558505160746848,seq,0.2920956728922889,0.030178025906126484,0.23294782899176425,0.3512435167928135,1
769,2500,5,stress,ccmar,0.2558505160746848,full,0.26477454961595415,0.009070254353774166,0.24699717775193916,0.28255192147996916,1
769,2500,5,stress,ccmar,0.2558505160746848,cc,0.19718613622434933,0.02002952937483595,0.1579289800223838,0.23644329242631484,0
769,2500,5,stress,ccmar,0.2558505160746848,seq,0.21046173029366982,0.020237761187620405,0.17079644723821127,0.25012701334912835,0
770,2500,5,stress,ccmar,0.2558505160746848,full,0.2529200373131919,0.0089694844200482,0.2353401708900043,0.2704999037363795,1
770,2500,5,stress,ccmar,0.2558505160746848,cc,0.287010865677959,0.021204829511558453,0.2454501635369924,0.32857156781892566,1
770,2500,5,stress,ccmar,0.2558505160746848,seq,0.2839977790935981,0.02134170264294226,0.24216881054466796,0.32582674764252817,1
771,2500,5,stress,ccmar,0.2558505160746848,full,0.25794834226782537,0.009341408248781387,0.23963951853532847,0.27625716600032224,1
771,2500,5,stress,ccmar,0.2558505160746848,cc,0.2640114497986347,0.02480706539208861,0.21539049506801106,0.3126324045292584,1
771,2500,5,stress,ccmar,0.2558505160746848,seq,0.264836107762348,0.02487825020944685,0.21607563335345611,0.31359658217123987,1
772,2500,5,stress,ccmar,0.2558505160746848,full,0.2687767278678234,0.009049854358778286,0.2510393392592852,0.28651411647636166,1
772,2500,5,stress,ccmar,0.2558505160746848,cc,0.3133238157630896,0.0657161615750777,0.18452250587372232,0.4421251256524569,1
772,2500,5,stress,ccmar,0.2558505160746848,seq,0.3174569127846045,0.06569960377127292,0.18868805559435764,0.4462257699748513,1
773,2500,5,stress,ccmar,0.2558505160746848,full,0.26168212968488735,0.009291013138211936,0.2434720785541035,0.2798921808156712,1
773,2500,5,stress,ccmar,0.2558505160746848,cc,0.26655743379004815,0.021485552190043743,0.22444652530960674,0.30866834227048956,1
773,2500,5,stress,ccmar,0.2558505160746848,seq,0.26037728544349104,0.02153531505772137,0.21816884353463403,0.302585727352348,1
774,2500,5,stress,ccmar,0.2558505160746848,full,0.26785012953700815,0.009174804026544716,0.24986784407976745,0.2858324149942489,1
774,2500,5,stress,ccmar,0.2558505160746848,cc,0.30231092696261685,0.026747435914589793,0.2498869158912277,0.354734938034006,1
774,2500,5,stress,ccmar,0.2558505160746848,seq,0.3005852304720196,0.026672584592651,0.2483079252958257,0.3528625356482135,1
775,2500,5,stress,ccmar,0.2558505160746848,full,0.24769392434517695,0.00977066747876966,0.22854376798187165,0.26684408070848226,1
775,2500,5,stress,ccmar,0.2558505160746848,cc,0.26580281522708293,0.06632980757857916,0.13579878127159584,0.39580684918257003,1
775,2500,5,stress,ccmar,0.2558505160746848,seq,0.2717355114885455,0.06619129631925412,0.1420029546127888,0.40146806836430227,1
776,2500,5,stress,ccmar,0.2558505160746848,full,0.26272611881903396,0.009955508918120687,0.2432136798917501,0.28223855774631784,1
776,2500,5,stress,ccmar,0.2558505160746848,cc,0.3105169410879613,0.06040298487701442,0.1921292661702955,0.4289046160056271,1
776,2500,5,stress,ccmar,0.2558505160746848,seq,0.316582417866013,0.06021849449432112,0.19855633745392004,0.43460849827810594,1
777,2500,5,stress,ccmar,0.2558505160746848,full,0.2604560606144195,0.009776968177185647,0.2412935551091414,0.2796185661196976,1
777,2500,5,stress,ccmar,0.2558505160746848,cc,0.27708326049432835,0.01790741786221507,0.24198536642827756,0.31218115456037915,1
777,2500,5,stress,ccmar,0.2558505160746848,seq,0.26685717950509497,0.020404580354990726,0.22686493688965964,0.3068494221205303,1
778,2500,5,stress,ccmar,0.2558505160746848,full,0.24737757242228325,0.009945724255891835,0.22788431108056884,0.2668708337639977,1
778,2500,5,stress,ccmar,0.2558505160746848,cc,0.14064781593867112,0.02952332643930498,0.0827831594138142,0.19851247246352804,0
778,2500,5,stress,ccmar,0.2558505160746848,seq,0.1361445155218393,0.028918833129120126,0.07946464411384008,0.1928243869298385,0
779,2500,5,stress,ccmar,0.2558505160746848,full,0.23647669261471013,0.010027389647937042,0.21682337004580376,0.2561300151836165,1
779,2500,5,stress,ccmar,0.2558505160746848,cc,0.22286660777325906,0.021501722242721524,0.18072400657194107,0.265009208974577,1
779,2500,5,stress,ccmar,0.2558505160746848,seq,0.230310605671172,0.02166485609022612,0.18784826800408555,0.27277294333825847,1
780,2500,5,stress,ccmar,0.2558505160746848,full,0.26394892211178056,0.009626284550396842,0.2450817510880684,0.2828160931354927,1
780,2500,5,stress,ccmar,0.2558505160746848,cc,0.2793202033040604,0.020203795269635342,0.2397214922245544,0.31891891438356634,1
780,2500,5,stress,ccmar,0.2558505160746848,seq,0.28132159490745157,0.02046543693106182,0.24121007559469446,0.32143311422020865,1
781,2500,5,stress,ccmar,0.2558505160746848,full,0.263909253782693,0.00846935722854235,0.247309618642546,0.2805088889228399,1
781,2500,5,stress,ccmar,0.2558505160746848,cc,0.27281719659145337,0.014432368922809134,0.24453027329115234,0.3011041198917544,1
781,2500,5,stress,ccmar,0.2558505160746848,seq,0.27490462412670136,0.014148209781186845,0.24717464250985782,0.3026346057435449,1
782,2500,5,stress,ccmar,0.2558505160746848,full,0.25346935995425246,0.00908091107620102,0.2356711012980876,0.2712676186104173,1
782,2500,5,stress,ccmar,0.2558505160746848,cc,0.2981815464836834,0.022022405672118123,0.2550184245134013,0.3413446684539655,1
782,2500,5,stress,ccmar,0.2558505160746848,seq,0.29834593215042965,0.02182634437388693,0.25556708326344285,0.34112478103741645,1
783,2500,5,stress,ccmar,0.2558505160746848,full,0.247962547014919,0.010047585205878562,0.22826964187979953,0.26765545215003844,1
783,2500,5,stress,ccmar,0.2558505160746848,cc,0.2375840717468638,0.022779875359351682,0.19293633647022307,0.28223180702350453,1
783,2500,5,stress,ccmar,0.2558505160746848,seq,0.24052369180294894,0.02195419577172764,0.19749425878082122,0.28355312482507666,1
784,2500,5,stress,ccmar,0.2558505160746848,full,0.2641298914371748,0.010267447219305576,0.24400606467416994,0.28425371820017964,1
784,2500,5,stress,ccmar,0.2558505160746848,cc,0.3023689319204751,0.01606270596781711,0.270886606729297,0.3338512571116532,0
784,2500,5,stress,ccmar,0.2558505160746848,seq,0.2945016066060054,0.015579698013217149,0.26396595961008956,0.3250372536019212,0
785,2500,5,stress,ccmar,0.2558505160746848,full,0.2582728667667321,0.009151899336538403,0.24033547367698083,0.2762102598564834,1
785,2500,5,stress,ccmar,0.2558505160746848,cc,0.2880501367380599,0.017712782232847238,0.25333372149567834,0.32276655198044146,1
785,2500,5,stress,ccmar,0.2558505160746848,seq,0.2900590597506362,0.01731635873685745,0.25611962028302004,0.3239984992182523,0
786,2500,5,stress,ccmar,0.2558505160746848,full,0.25719578374527696,0.008602032557103753,0.2403361097395126,0.2740554577510413,1
786,2500,5,stress,ccmar,0.2558505160746848,cc,0.27031893120806927,0.015586678233574893,0.2397696032316481,0.30086825918449045,1
786,2500,5,stress,ccmar,0.2558505160746848,seq,0.27606932610858037,0.015112070126249974,0.24645021292928676,0.305688439287874,1
787,2500,5,stress,ccmar,0.2558505160746848,full,0.25829285013841424,0.009229101125133284,0.24020414432347492,0.27638155595335356,1
787,2500,5,stress,ccmar,0.2558505160746848,cc,0.21387119155274031,0.018782348363916665,0.17705846521437885,0.2506839178911018,0
787,2500,5,stress,ccmar,0.2558505160746848,seq,0.20297372323280452,0.018383575632836623,0.1669425770853766,0.23900486938023244,0
788,2500,5,stress,ccmar,0.2558505160746848,full,0.25800271468278807,0.010264125377540614,0.23788539861000488,0.27812003075557123,1
788,2500,5,stress,ccmar,0.2558505160746848,cc,0.20918482391990292,0.03415774320496177,0.1422368774450101,0.2761327703947958,1
788,2500,5,stress,ccmar,0.2558505160746848,seq,0.1981976567829024,0.0335825849242663,0.1323769998235827,0.2640183137422221,1
789,2500,5,stress,ccmar,0.2558505160746848,full,0.24134088344519555,0.009148717473135289,0.2234097266931181,0.259272040197273,1
789,2500,5,stress,ccmar,0.2558505160746848,cc,0.26812559760593385,0.03640741494069191,0.19676837555197224,0.33948281965989546,1
789,2500,5,stress,ccmar,0.2558505160746848,seq,0.2606066351756557,0.03631758697676553,0.18942547269579435,0.331787797655517,1
790,2500,5,stress,ccmar,0.2558505160746848,full,0.2659272001680009,0.009076611721580852,0.24813736809204837,0.2837170322439535,1
790,2500,5,stress,ccmar,0.2558505160746848,cc,0.3694345925649628,0.03510053279487214,0.3006388124488464,0.4382303726810792,0
790,2500,5,stress,ccmar,0.2558505160746848,seq,0.3695424783255883,0.03515944905201474,0.30063122446736845,0.4384537321838081,0
791,2500,5,stress,ccmar,0.2558505160746848,full,0.2560164242715343,0.009905247709619255,0.2366024955027327,0.2754303530403359,1
791,2500,5,stress,ccmar,0.2558505160746848,cc,0.22861235547191797,0.023883762872427088,0.18180104042666595,0.27542367051717,1
791,2500,5,stress,ccmar,0.2558505160746848,seq,0.23048070194282444,0.023411148044407228,0.18459569493905095,0.27636570894659795,1
792,2500,5,stress,ccmar,0.2558505160746848,full,0.2730121186220948,0.010182090162319801,0.2530555886166084,0.2929686486275812,1
792,2500,5,stress,ccmar,0.2558505160746848,cc,0.21204411446683058,0.037223639888900276,0.13908712091109748,0.2850011080225637,1
792,2500,5,stress,ccmar,0.2558505160746848,seq,0.21675584565113987,0.03646645315052552,0.14528291083219266,0.28822878047008704,1
793,2500,5,stress,ccmar,0.2558505160746848,full,0.26325970831398643,0.009387217992759822,0.2448610991331508,0.28165831749482206,1
793,2500,5,stress,ccmar,0.2558505160746848,cc,0.2711432743916604,0.020675390893699536,0.23062025287372193,0.31166629590959893,1
793,2500,5,stress,ccmar,0.2558505160746848,seq,0.2701255088057189,0.021143903671773493,0.22868421911645864,0.31156679849497915,1
794,2500,5,stress,ccmar,0.2558505160746848,full,0.26103395772510757,0.009031949287033082,0.2433316624123305,0.27873625303788463,1
794,2500,5,stress,ccmar,0.2558505160746848,cc,0.29337336082838017,0.023409383032593253,0.24749181318419436,0.33925490847256595,1
794,2500,5,stress,ccmar,0.2558505160746848,seq,0.2967147879492326,0.023297032221539005,0.251053443848347,0.34237613205011824,1
795,2500,5,stress,ccmar,0.2558505160746848,full,0.26606733531894483,0.010662902993545576,0.2451684294809512,0.2869662411569385,1
795,2500,5,stress,ccmar,0.2558505160746848,cc,0.24117131947284096,0.018503619411637886,0.20490489184239447,0.27743774710328745,1
795,2500,5,stress,ccmar,0.2558505160746848,seq,0.23181192103455814,0.0185818641043636,0.19539213662438787,0.2682317054447284,1
796,2500,5,stress,ccmar,0.2558505160746848,full,0.2620836775581577,0.010535240990070329,0.24143498464916976,0.28273237046714567,1
796,2500,5,stress,ccmar,0.2558505160746848,cc,0.3029140225092325,0.05145465864889854,0.20206474472058894,0.40376330029787605,1
796,2500,5,stress,ccmar,0.2558505160746848,seq,0.30162178723777244,0.051479488245567466,0.20072384433390716,0.4025197301416377,1
797,2500,5,stress,ccmar,0.2558505160746848,full,0.258799968468086,0.009889940704841215,0.23941604087736054,0.27818389605881144,1
797,2500,5,stress,ccmar,0.2558505160746848,cc,0.26593270587756157,0.021760244380677383,0.2232834105966438,0.30858200115847934,1
797,2500,5,stress,ccmar,0.2558505160746848,seq,0.2613704611186854,0.021567738050874467,0.21909847131097732,0.30364245092639347,1
798,2500,5,stress,ccmar,0.2558505160746848,full,0.2613528785483556,0.009755615542745101,0.24223222343755602,0.28047353365915517,1
798,2500,5,stress,ccmar,0.2558505160746848,cc,0.2846518417061414,0.027978388440211055,0.22981520801785593,0.33948847539442684,1
798,2500,5,stress,ccmar,0.2558505160746848,seq,0.28112892722548694,0.028908924019250125,0.2244684773159518,0.3377893771350221,1
799,2500,5,stress,ccmar,0.2558505160746848,full,0.2530019479078341,0.009055987307790142,0.23525253894011355,0.2707513568755546,1
799,2500,5,stress,ccmar,0.2558505160746848,cc,0.29971945803164135,0.015573013714437646,0.26919691202059526,0.33024200404268744,0
799,2500,5,stress,ccmar,0.2558505160746848,seq,0.29760911407478496,0.016203072632326704,0.265851675276538,0.3293665528730319,0
800,2500,5,stress,ccmar,0.2558505160746848,full,0.2422516858447935,0.009571697697261725,0.22349150308725557,0.26101186860233144,1
800,2500,5,stress,ccmar,0.2558505160746848,cc,0.19941644956699753,0.08046951795539696,0.04169909252112028,0.35713380661287475,1
800,2500,5,stress,ccmar,0.2558505160746848,seq,0.20544962200768377,0.08064786241175458,0.04738271625050322,0.3635165277648643,1
801,2500,5,stress,ccmar,0.2558505160746848,full,0.252177625820728,0.008922237686209365,0.23469036129425166,0.26966489034720437,1
801,2500,5,stress,ccmar,0.2558505160746848,cc,0.16918341520831315,0.10559794029236994,-0.03778474460634296,0.37615157502296925,1
801,2500,5,stress,ccmar,0.2558505160746848,seq,0.17173791215793358,0.1053716314448741,-0.03478669046624794,0.3782625147821151,1
802,2500,5,stress,ccmar,0.2558505160746848,full,0.2621544135011238,0.008549456816224732,0.24539778605394283,0.2789110409483047,1
802,2500,5,stress,ccmar,0.2558505160746848,cc,0.2872521617895315,0.029617774293717605,0.22920239087160876,0.34530193270745424,1
802,2500,5,stress,ccmar,0.2558505160746848,seq,0.27384713519868026,0.0302798476324822,0.2144997243816547,0.3331945460157058,1
803,2500,5,stress,ccmar,0.2558505160746848,full,0.28778095199008374,0.01001565994059308,0.26815061922512073,0.30741128475504675,0
803,2500,5,stress,ccmar,0.2558505160746848,cc,0.33360682699629096,0.03458759191291429,0.2658163925350101,0.4013972614575718,0
803,2500,5,stress,ccmar,0.2558505160746848,seq,0.3275350658778212,0.03449895242848342,0.2599183616136331,0.39515177014200936,0
804,2500,5,stress,ccmar,0.2558505160746848,full,0.2692639035322177,0.00957858527460205,0.25049022137115196,0.2880375856932834,1
804,2500,5,stress,ccmar,0.2558505160746848,cc,0.3072065967716523,0.019692273852131518,0.26861044924777466,0.34580274429552993,0
804,2500,5,stress,ccmar,0.2558505160746848,seq,0.3057076497018339,0.01955224592875729,0.2673859518645997,0.3440293475390681,0
805,2500,5,stress,ccmar,0.2558505160746848,full,0.237977622999088,0.008790654260201248,0.22074825724854996,0.25520698874962605,0
805,2500,5,stress,ccmar,0.2558505160746848,cc,0.255315497817087,0.020125320469906404,0.21587059451874374,0.2947604011154303,1
805,2500,5,stress,ccmar,0.2558505160746848,seq,0.2527918432292187,0.020016605326966412,0.21356001769561195,0.2920236687628255,1
806,2500,5,stress,ccmar,0.2558505160746848,full,0.2553379010922554,0.012631341190077814,0.23058092728326557,0.28009487490124524,1
806,2500,5,stress,ccmar,0.2558505160746848,cc,0.2920785544798524,0.014977940710169706,0.2627223301253435,0.32143477883436133,0
806,2500,5,stress,ccmar,0.2558505160746848,seq,0.28858028862658835,0.015067747553215891,0.25904804609414367,0.31811253115903304,0
807,2500,5,stress,ccmar,0.2558505160746848,full,0.25587961077739707,0.009588046144570185,0.23708738565193138,0.27467183590286276,1
807,2500,5,stress,ccmar,0.2558505160746848,cc,0.23995685322550608,0.016910636727960168,0.20681261428306388,0.27310109216794826,1
807,2500,5,stress,ccmar,0.2558505160746848,seq,0.2383517336268721,0.016712196463946484,0.20559643045497933,0.27110703679876486,1
808,2500,5,stress,ccmar,0.2558505160746848,full,0.24023698907233443,0.010251595749188611,0.22014423061986083,0.26032974752480803,1
808,2500,5,stress,ccmar,0.2558505160746848,cc,0.2552765307004099,0.015604941450122976,0.22469140747731262,0.28586165392350715,1
808,2500,5,stress,ccmar,0.2558505160746848,seq,0.251867951086806,0.015121737507759936,0.22222989018792805,0.2815060119856839,1
809,2500,5,stress,ccmar,0.2558505160746848,full,0.2675143163473737,0.010088040116734174,0.2477421210439795,0.28728651165076796,1
809,2500,5,stress,ccmar,0.2558505160746848,cc,0.2446729041084081,0.021742847141684306,0.2020577067893472,0.287288101427469,1
809,2500,5,stress,ccmar,0.2558505160746848,seq,0.24751853127140808,0.021727750874142103,0.20493292209303088,0.2901041404497853,1
810,2500,5,stress,ccmar,0.2558505160746848,full,0.25622522358271,0.011744296179932586,0.2332068260462708,0.2792436211191492,1
810,2500,5,stress,ccmar,0.2558505160746848,cc,0.2971866936683804,0.02719023828418673,0.24389480590031226,0.35047858143644856,1
810,2500,5,stress,ccmar,0.2558505160746848,seq,0.29744716119539544,0.0271590595376201,0.24421638264768097,0.3506779397431099,1
811,2500,5,stress,ccmar,0.2558505160746848,full,0.24105876468527268,0.009454096793679817,0.22252907546330464,0.2595884539072407,1
811,2500,5,stress,ccmar,0.2558505160746848,cc,0.2592728325189313,0.020184872832678082,0.21971120873436129,0.2988344563035013,1
811,2500,5,stress,ccmar,0.2558505160746848,seq,0.24605685800367647,0.02025922602833414,0.20634950463348511,0.2857642113738678,1
812,2500,5,stress,ccmar,0.2558505160746848,full,0.24730874171522163,0.009156883277155943,0.2293615802813589,0.26525590314908437,1
812,2500,5,stress,ccmar,0.2558505160746848,cc,0.3127680086924049,0.029635299861714554,0.2546838882923995,0.3708521290924103,1
812,2500,5,stress,ccmar,0.2558505160746848,seq,0.3127480580436116,0.029124649483215137,0.25566479399415687,0.36983132209306635,1
813,2500,5,stress,ccmar,0.2558505160746848,full,0.24815498094996896,0.009368884358353442,0.22979230503227557,0.2665176568676624,1
813,2500,5,stress,ccmar,0.2558505160746848,cc,0.2665466965940786,0.025197975494393943,0.21715957214174358,0.3159338210464136,1
813,2500,5,stress,ccmar,0.2558505160746848,seq,0.2615767071803353,0.025353090748355487,0.2118855624167829,0.31126785194388773,1
814,2500,5,stress,ccmar,0.2558505160746848,full,0.2639415602017746,0.008641301184080522,0.24700492110141348,0.28087819930213576,1
814,2500,5,stress,ccmar,0.2558505160746848,cc,0.26532354066088265,0.014069169579112901,0.23774847499343482,0.2928986063283305,1
814,2500,5,stress,ccmar,0.2558505160746848,seq,0.2548007765189058,0.013468771223620566,0.22840247000460004,0.2811990830332116,1
815,2500,5,stress,ccmar,0.2558505160746848,full,0.2435297438453357,0.008744947579253653,0.22638996154330782,0.2606695261473636,1
815,2500,5,stress,ccmar,0.2558505160746848,cc,0.26823104602844616,0.024205225668386458,0.22078967548074424,0.3156724165761481,1
815,2500,5,stress,ccmar,0.2558505160746848,seq,0.26382854905969816,0.02384494347945223,0.2170933186265786,0.3105637794928177,1
816,2500,5,stress,ccmar,0.2558505160746848,full,0.25509902986291744,0.008745177537412385,0.2379587968511805,0.2722392628746544,1
816,2500,5,stress,ccmar,0.2558505160746848,cc,0.23850957331284325,0.016353712797589334,0.20645688521605637,0.27056226140963013,1
816,2500,5,stress,ccmar,0.2558505160746848,seq,0.2367246765307086,0.01623804445175541,0.20489869422590756,0.26855065883550966,1
817,2500,5,stress,ccmar,0.2558505160746848,full,0.2506835850676747,0.00939906472575573,0.2322617567168326,0.26910541341851674,1
817,2500,5,stress,ccmar,0.2558505160746848,cc,0.2507228323011739,0.02522647185883382,0.20127985600084644,0.3001658086015014,1
817,2500,5,stress,ccmar,0.2558505160746848,seq,0.25535731644636755,0.02519476871321764,0.2059764771696444,0.3047381557230907,1
818,2500,5,stress,ccmar,0.2558505160746848,full,0.2433858375276652,0.009385325496352896,0.22499093757162802,0.2617807374837024,1
818,2500,5,stress,ccmar,0.2558505160746848,cc,0.2853971333005272,0.06757503050454598,0.15295250725742154,0.4178417593436328,1
818,2500,5,stress,ccmar,0.2558505160746848,seq,0.29599185579970255,0.06713174027430673,0.1644160626425643,0.4275676489568408,1
819,2500,5,stress,ccmar,0.2558505160746848,full,0.2559924883765083,0.009304708373944119,0.23775559507692956,0.274229381676087,1
819,2500,5,stress,ccmar,0.2558505160746848,cc,0.2398572113264182,0.023256465454670118,0.19427537662756483,0.2854390460252716,1
819,2500,5,stress,ccmar,0.2558505160746848,seq,0.2442192723817088,0.022943444329418847,0.19925094781474811,0.28918759694866947,1
820,2500,5,stress,ccmar,0.2558505160746848,full,0.26291414138385916,0.009472346557487831,0.24434868328210105,0.2814795994856173,1
820,2500,5,stress,ccmar,0.2558505160746848,cc,0.28265733287133354,0.030665518466691903,0.22255402110936948,0.3427606446332976,1
820,2500,5,stress,ccmar,0.2558505160746848,seq,0.2797265210312726,0.03052603102618856,0.21989659962899075,0.33955644243355443,1
821,2500,5,stress,ccmar,0.2558505160746848,full,0.2599242972007365,0.009580204145509452,0.24114744211099665,0.2787011522904764,1
821,2500,5,stress,ccmar,0.2558505160746848,cc,0.323528848396861,0.022168836471767882,0.28007872733303796,0.3669789694606841,0
821,2500,5,stress,ccmar,0.2558505160746848,seq,0.3211040644371104,0.02226589224025,0.27746371756257054,0.3647444113116503,0
822,2500,5,stress,ccmar,0.2558505160746848,full,0.2416146455329134,0.008975507969738119,0.22402297316927447,0.25920631789655235,1
822,2500,5,stress,ccmar,0.2558505160746848,cc,0.3314035519141256,0.02933664441762293,0.27390478542832664,0.3889023183999246,0
822,2500,5,stress,ccmar,0.2558505160746848,seq,0.3265049281067306,0.02913270156365647,0.2694058822696102,0.383603973943851,0
823,2500,5,stress,ccmar,0.2558505160746848,full,0.23937763543546406,0.0086687725841957,0.22238715338027226,0.25636811749065586,1
823,2500,5,stress,ccmar,0.2558505160746848,cc,0.26475990613610245,0.014341894866694167,0.236650308727322,0.2928695035448829,1
823,2500,5,stress,ccmar,0.2558505160746848,seq,0.2659523473090955,0.014102764301598947,0.2383114371955044,0.2935932574226866,1
824,2500,5,stress,ccmar,0.2558505160746848,full,0.27191054465897,0.009745424048931866,0.25280986450899307,0.291011224808947,1
824,2500,5,stress,ccmar,0.2558505160746848,cc,0.257142085135951,0.03502668611358133,0.18849104185554233,0.32579312841635966,1
824,2500,5,stress,ccmar,0.2558505160746848,seq,0.24948823115603114,0.03445786204683623,0.1819520625599825,0.31702439975207974,1
825,2500,5,stress,ccmar,0.2558505160746848,full,0.25110504563984615,0.009088811762229677,0.23329130192361197,0.2689187893560803,1
825,2500,5,stress,ccmar,0.2558505160746848,cc,0.23456868297081224,0.020693829819034212,0.19400952182330417,0.2751278441183203,1
825,2500,5,stress,ccmar,0.2558505160746848,seq,0.2400465732135744,0.020543057708067965,0.19978291997343323,0.28031022645371556,1
826,2500,5,stress,ccmar,0.2558505160746848,full,0.2742842721716267,0.009678867614385285,0.25531404023630044,0.293254504106953,1
826,2500,5,stress,ccmar,0.2558505160746848,cc,0.30514852961502237,0.015790224146971475,0.2742002589791436,0.33609680025090116,0
826,2500,5,stress,ccmar,0.2558505160746848,seq,0.30143979246782826,0.015471647319271238,0.271115920940551,0.33176366399510554,0
827,2500,5,stress,ccmar,0.2558505160746848,full,0.2512872648076627,0.009649072275669331,0.23237543066312688,0.27019909895219857,1
827,2500,5,stress,ccmar,0.2558505160746848,cc,0.23445288659012253,0.019987207577271723,0.1952786795871439,0.27362709359310117,1
827,2500,5,stress,ccmar,0.2558505160746848,seq,0.22461337043241048,0.019579061620501215,0.18623911480513766,0.2629876260596833,1
828,2500,5,stress,ccmar,0.2558505160746848,full,0.2702703586092018,0.009033406386847994,0.2525652074332656,0.287975509785138,1
828,2500,5,stress,ccmar,0.2558505160746848,cc,0.21625236125970837,0.021530281961842923,0.17405378403750388,0.25845093848191286,1
828,2500,5,stress,ccmar,0.2558505160746848,seq,0.21055351018629495,0.02094727672420214,0.16949760223266458,0.2516094181399253,0
829,2500,5,stress,ccmar,0.2558505160746848,full,0.2551036006285954,0.009414724296292152,0.23665108008348856,0.2735561211737022,1
829,2500,5,stress,ccmar,0.2558505160746848,cc,0.30624261889798743,0.028123125173742318,0.25112230642474076,0.3613629313712341,1
829,2500,5,stress,ccmar,0.2558505160746848,seq,0.3059610710021641,0.02833791453747349,0.250419779111742,0.36150236289258614,1
830,2500,5,stress,ccmar,0.2558505160746848,full,0.25657607494131474,0.01070685079226276,0.23559103300063558,0.27756111688199386,1
830,2500,5,stress,ccmar,0.2558505160746848,cc,0.28469623455994125,0.019091230730751783,0.24727810990712346,0.32211435921275905,1
830,2500,5,stress,ccmar,0.2558505160746848,seq,0.2852471422459339,0.018740898987668342,0.24851565519220079,0.32197862929966703,1
831,2500,5,stress,ccmar,0.2558505160746848,full,0.2496517227936396,0.00892101960108823,0.2321668456701308,0.2671365999171484,1
831,2500,5,stress,ccmar,0.2558505160746848,cc,0.22174980261475666,0.02057498869205638,0.18142356579600727,0.26207603943350605,1
831,2500,5,stress,ccmar,0.2558505160746848,seq,0.22662586254226308,0.020896864418113247,0.18566876089294457,0.2675829641915816,1
832,2500,5,stress,ccmar,0.2558505160746848,full,0.2572117917753264,0.009889882383123346,0.23782797849306747,0.2765956050575853,1
832,2500,5,stress,ccmar,0.2558505160746848,cc,0.22095493814418077,0.018311321134353097,0.18506540821150158,0.25684446807685996,1
832,2500,5,stress,ccmar,0.2558505160746848,seq,0.22263096218352793,0.017950417102841315,0.18744879115448715,0.2578131332125687,1
833,2500,5,stress,ccmar,0.2558505160746848,full,0.2599406267050781,0.009246221052509598,0.24181836644906327,0.27806288696109294,1
833,2500,5,stress,ccmar,0.2558505160746848,cc,0.23080163971766016,0.014876743980155626,0.20164375730933207,0.2599595221259882,1
833,2500,5,stress,ccmar,0.2558505160746848,seq,0.23663944361278635,0.014978711032947019,0.20728170945337746,0.2659971777721953,1
834,2500,5,stress,ccmar,0.2558505160746848,full,0.27011421627409704,0.00891699271618062,0.25263723169997704,0.28759120084821704,1
834,2500,5,stress,ccmar,0.2558505160746848,cc,0.2657770583713719,0.02302530602205437,0.2206482878351321,0.31090582890761165,1
834,2500,5,stress,ccmar,0.2558505160746848,seq,0.2650751459872739,0.022657968072332575,0.22066634460264362,0.30948394737190416,1
835,2500,5,stress,ccmar,0.2558505160746848,full,0.2877037027341966,0.010044723056632976,0.2680164073085169,0.3073909981598763,0
835,2500,5,stress,ccmar,0.2558505160746848,cc,0.28514345369939476,0.01720643842196353,0.25141945409014005,0.31886745330864946,1
835,2500,5,stress,ccmar,0.2558505160746848,seq,0.28248807560248945,0.01711757721920544,0.2489382407502635,0.3160379104547154,1
836,2500,5,stress,ccmar,0.2558505160746848,full,0.26141631217054967,0.00887997930263814,0.24401187255391782,0.2788207517871815,1
836,2500,5,stress,ccmar,0.2558505160746848,cc,0.24257824772181308,0.020183096353554104,0.20302010577234533,0.2821363896712808,1
836,2500,5,stress,ccmar,0.2558505160746848,seq,0.2501841369515975,0.019770931534903093,0.21143382320238024,0.2889344507008148,1
837,2500,5,stress,ccmar,0.2558505160746848,full,0.28517131589514394,0.00966234253154568,0.26623347252702484,0.30410915926326304,0
837,2500,5,stress,ccmar,0.2558505160746848,cc,0.3102416992054075,0.02211999263007149,0.26688731031217594,0.35359608809863907,0
837,2500,5,stress,ccmar,0.2558505160746848,seq,0.31073257697196943,0.023030500367574924,0.2655936257055861,0.3558715282383528,0
838,2500,5,stress,ccmar,0.2558505160746848,full,0.25608471133004335,0.010777127427370574,0.2349619297155982,0.2772074929444885,1
838,2500,5,stress,ccmar,0.2558505160746848,cc,0.29250392720097157,0.017718856015863597,0.2577756075626281,0.32723224683931507,0
838,2500,5,stress,ccmar,0.2558505160746848,seq,0.2811194129245755,0.018136860518579264,0.2455718195155337,0.3166670063336173,1
839,2500,5,stress,ccmar,0.2558505160746848,full,0.25169604741615387,0.009029584119001012,0.23399838774753706,0.2693937070847707,1
839,2500,5,stress,ccmar,0.2558505160746848,cc,0.32853019998148103,0.01756671369599849,0.2941000738105975,0.36296032615236457,0
839,2500,5,stress,ccmar,0.2558505160746848,seq,0.32793094941958517,0.01756204173548602,0.29350998012304325,0.3623519187161271,0
840,2500,5,stress,ccmar,0.2558505160746848,full,0.2802626726536956,0.009041974725635019,0.2625407278423295,0.29798461746506166,0
840,2500,5,stress,ccmar,0.2558505160746848,cc,0.30723293322227635,0.018188907009934637,0.27158333056465633,0.34288253587989637,0
840,2500,5,stress,ccmar,0.2558505160746848,seq,0.2979072083088619,0.01869588289215232,0.2612639511810648,0.334550465436659,0
841,2500,5,stress,ccmar,0.2558505160746848,full,0.2676553654077689,0.008743636892806418,0.25051815200397265,0.28479257881156517,1
841,2500,5,stress,ccmar,0.2558505160746848,cc,0.22725558844289048,0.020242201392857814,0.18758160274508265,0.2669295741406983,1
841,2500,5,stress,ccmar,0.2558505160746848,seq,0.22328573104257948,0.020263433945043,0.18357013030718883,0.26300133177797014,1
842,2500,5,stress,ccmar,0.2558505160746848,full,0.2490996275788335,0.011172590771477656,0.22720175205273271,0.27099750310493426,1
842,2500,5,stress,ccmar,0.2558505160746848,cc,0.23483033986625032,0.0270326945353183,0.18184723217195373,0.28781344756054694,1
842,2500,5,stress,ccmar,0.2558505160746848,seq,0.23582772152593598,0.026894379795172195,0.18311570574085675,0.2885397373110152,1
843,2500,5,stress,ccmar,0.2558505160746848,full,0.26383573193399645,0.00936972974362996,0.24547139909160803,0.2822000647763849,1
843,2500,5,stress,ccmar,0.2558505160746848,cc,0.3436322175806078,0.015459122556611995,0.3133328941370575,0.3739315410241581,0
843,2500,5,stress,ccmar,0.2558505160746848,seq,0.3433526917203878,0.015542953466711286,0.3128890627122517,0.3738163207285239,0
844,2500,5,stress,ccmar,0.2558505160746848,full,0.25584454194262624,0.00888456695650662,0.23843111068963863,0.27325797319561385,1
844,2500,5,stress,ccmar,0.2558505160746848,cc,0.3467086285063522,0.019790235208773224,0.30792048025158014,0.38549677676112426,0
844,2500,5,stress,ccmar,0.2558505160746848,seq,0.3527641836835956,0.019411093972028517,0.31471913859789713,0.390809228769294,0
845,2500,5,stress,ccmar,0.2558505160746848,full,0.2557048211416902,0.009029532380256625,0.23800726287914897,0.2734023794042314,1
845,2500,5,stress,ccmar,0.2558505160746848,cc,0.26423811813474096,0.017622998545099803,0.22969767568674357,0.29877856058273833,1
845,2500,5,stress,ccmar,0.2558505160746848,seq,0.26424212649141965,0.017533963794062708,0.22987618894882747,0.29860806403401186,1
846,2500,5,stress,ccmar,0.2558505160746848,full,0.2323259265660454,0.010322039821294392,0.21209510026932013,0.2525567528627707,0
846,2500,5,stress,ccmar,0.2558505160746848,cc,0.25412588427634386,0.0625644327509406,0.13150184937132206,0.3767499191813657,1
846,2500,5,stress,ccmar,0.2558505160746848,seq,0.257346396504643,0.061996266553722125,0.13583594688340253,0.37885684612588355,1
847,2500,5,stress,ccmar,0.2558505160746848,full,0.2646477133647101,0.008857200104295453,0.2472879201564266,0.2820075065729936,1
847,2500,5,stress,ccmar,0.2558505160746848,cc,0.27364592899215984,0.022685818829817836,0.2291825411259163,0.3181093168584034,1
847,2500,5,stress,ccmar,0.2558505160746848,seq,0.2731434854334493,0.022746697190288826,0.22856077817324477,0.3177261926936538,1
848,2500,5,stress,ccmar,0.2558505160746848,full,0.272443357329833,0.009734762283651444,0.25336357385581726,0.2915231408038487,1
848,2500,5,stress,ccmar,0.2558505160746848,cc,0.2469985168867776,0.018774857944371698,0.21020047150095336,0.28379656227260186,1
848,2500,5,stress,ccmar,0.2558505160746848,seq,0.2539774987578745,0.018533414687816097,0.2176526734592093,0.2903023240565397,1
849,2500,5,stress,ccmar,0.2558505160746848,full,0.24030472184975368,0.013185927972372724,0.2144607779211639,0.2661486657783435,1
849,2500,5,stress,ccmar,0.2558505160746848,cc,0.16190394575718586,0.048056076596714695,0.06771576638932689,0.25609212512504487,1
849,2500,5,stress,ccmar,0.2558505160746848,seq,0.15042170338140665,0.047890760184668396,0.056557538227211795,0.2442858685356015,0
850,2500,5,stress,ccmar,0.2558505160746848,full,0.25927879314512575,0.01010493548352983,0.23947348353130646,0.2790841027589451,1
850,2500,5,stress,ccmar,0.2558505160746848,cc,0.26638284227190473,0.02324842642742795,0.22081676377691675,0.31194892076689273,1
850,2500,5,stress,ccmar,0.2558505160746848,seq,0.27068227600437067,0.02219982860432359,0.22717141147693434,0.314193140531807,1
851,2500,5,stress,ccmar,0.2558505160746848,full,0.2540687335236826,0.009080707756268796,0.2362708733672622,0.27186659368010296,1
851,2500,5,stress,ccmar,0.2558505160746848,cc,0.297024887805967,0.04050496901152017,0.2176366073484765,0.37641316826345744,1
851,2500,5,stress,ccmar,0.2558505160746848,seq,0.30626754223912905,0.04087399161454787,0.22615599077022305,0.386379093708035,1
852,2500,5,stress,ccmar,0.2558505160746848,full,0.25706189977737476,0.009092293880507828,0.2392413312347255,0.27488246832002405,1
852,2500,5,stress,ccmar,0.2558505160746848,cc,0.18827074526956408,0.027520604765392007,0.13433135109663435,0.2422101394424938,0
852,2500,5,stress,ccmar,0.2558505160746848,seq,0.19648092542952364,0.027071991422881875,0.1434207972508979,0.24954105360814938,0
853,2500,5,stress,ccmar,0.2558505160746848,full,0.2357531100960186,0.009188791151694143,0.21774341037723777,0.25376280981479943,0
853,2500,5,stress,ccmar,0.2558505160746848,cc,0.4317973248256736,0.14449768904792315,0.14858705844247644,0.7150075912088708,1
853,2500,5,stress,ccmar,0.2558505160746848,seq,0.43574444032983695,0.14486752640817901,0.15180930604040088,0.719679574619273,1
854,2500,5,stress,ccmar,0.2558505160746848,full,0.2667449896898101,0.008288292566587701,0.25050023476596717,0.282989744613653,1
854,2500,5,stress,ccmar,0.2558505160746848,cc,0.25839371980786907,0.01682734319723467,0.22541273318579402,0.2913747064299441,1
854,2500,5,stress,ccmar,0.2558505160746848,seq,0.25196474010884073,0.017961957949851334,0.2167599494353092,0.2871695307823723,1
855,2500,5,stress,ccmar,0.2558505160746848,full,0.2673902459256744,0.009905388977177645,0.24797604027754616,0.28680445157380263,1
855,2500,5,stress,ccmar,0.2558505160746848,cc,0.1974552109138742,0.0852596071641519,0.0303494515361033,0.3645609702916451,1
855,2500,5,stress,ccmar,0.2558505160746848,seq,0.19482516543167078,0.08523925902107143,0.027759287681489858,0.3618910431818517,1
856,2500,5,stress,ccmar,0.2558505160746848,full,0.2802945945284687,0.009201704239272102,0.26225958562310586,0.2983296034338316,0
856,2500,5,stress,ccmar,0.2558505160746848,cc,0.3380063295624771,0.03206782088918915,0.2751545555569852,0.400858103567969,0
856,2500,5,stress,ccmar,0.2558505160746848,seq,0.32580117587616114,0.03200317500438967,0.2630761054766249,0.3885262462756974,0
857,2500,5,stress,ccmar,0.2558505160746848,full,0.24815267562109924,0.008813150485709903,0.23087921807877615,0.26542613316342234,1
857,2500,5,stress,ccmar,0.2558505160746848,cc,0.2454611793900089,0.019805191417598785,0.20664371750459348,0.2842786412754243,1
857,2500,5,stress,ccmar,0.2558505160746848,seq,0.2277239212502155,0.019366634795300552,0.1897660145496862,0.26568182795074485,1
858,2500,5,stress,ccmar,0.2558505160746848,full,0.23402589545265104,0.009349568535819766,0.21570107785145543,0.25235071305384665,0
858,2500,5,stress,ccmar,0.2558505160746848,cc,0.23435311240612655,0.018680082740130975,0.19774082300724155,0.27096540180501155,1
858,2500,5,stress,ccmar,0.2558505160746848,seq,0.24634639475600525,0.018056028450806994,0.210957229288593,0.2817355602234175,1
859,2500,5,stress,ccmar,0.2558505160746848,full,0.24094921277059606,0.009195466731515207,0.22292642915579,0.25897199638540214,1
859,2500,5,stress,ccmar,0.2558505160746848,cc,0.3062574020590347,0.03208928242030808,0.24336356422549654,0.3691512398925728,1
859,2500,5,stress,ccmar,0.2558505160746848,seq,0.3023844813673428,0.03180989215318257,0.2400382383950017,0.3647307243396839,1
860,2500,5,stress,ccmar,0.2558505160746848,full,0.23121019926237946,0.011412577589688307,0.20884195821582144,0.2535784403089375,0
860,2500,5,stress,ccmar,0.2558505160746848,cc,0.251385196070627,0.023953599904568915,0.20443700295758982,0.29833338918366414,1
860,2500,5,stress,ccmar,0.2558505160746848,seq,0.24502725139392806,0.02340941957617035,0.1991456321256473,0.29090887066220883,1
861,2500,5,stress,ccmar,0.2558505160746848,full,0.2492494197923439,0.009352265873506283,0.23091931550642858,0.26757952407825925,1
861,2500,5,stress,ccmar,0.2558505160746848,cc,0.29000314319038084,0.018448691843059348,0.2538443716161066,0.32616191476465506,1
861,2500,5,stress,ccmar,0.2558505160746848,seq,0.28256204452234696,0.018192122034278196,0.24690614053280416,0.3182179485118898,1
862,2500,5,stress,ccmar,0.2558505160746848,full,0.2571618545555008,0.009031214240738238,0.23946099990698858,0.27486270920401296,1
862,2500,5,stress,ccmar,0.2558505160746848,cc,0.264263371858521,0.014899643109538912,0.23506060798132436,0.29346613573571767,1
862,2500,5,stress,ccmar,0.2558505160746848,seq,0.27061983485434044,0.015420757815910992,0.24039570492084034,0.30084396478784053,1
863,2500,5,stress,ccmar,0.2558505160746848,full,0.27337176148874626,0.008630837700594182,0.2564556304391712,0.2902878925383213,0
863,2500,5,stress,ccmar,0.2558505160746848,cc,0.2856492956900639,0.01558003614849595,0.2551129859611797,0.31618560541894813,1
863,2500,5,stress,ccmar,0.2558505160746848,seq,0.28403497926818055,0.0154106775427969,0.25383060630693843,0.3142393522294227,1
864,2500,5,stress,ccmar,0.2558505160746848,full,0.23890039679007968,0.009383808158950773,0.22050847076070307,0.2572923228194563,1
864,2500,5,stress,ccmar,0.2558505160746848,cc,0.13557471990822892,0.05552440224384433,0.02674889124717908,0.24440054856927876,0
864,2500,5,stress,ccmar,0.2558505160746848,seq,0.13344006937041805,0.05553697331465678,0.02458960186332869,0.2422905368775074,0
865,2500,5,stress,ccmar,0.2558505160746848,full,0.2638983468814025,0.010546112535515982,0.2432283461348848,0.2845683476279202,1
865,2500,5,stress,ccmar,0.2558505160746848,cc,0.25107160235468257,0.01682763336906685,0.21809004700626713,0.284053157703098,1
865,2500,5,stress,ccmar,0.2558505160746848,seq,0.2512370901725467,0.016292023784951454,0.2193053103187719,0.28316887002632146,1
866,2500,5,stress,ccmar,0.2558505160746848,full,0.2772966274250034,0.010112784282019947,0.25747593444882155,0.2971173204011852,0
866,2500,5,stress,ccmar,0.2558505160746848,cc,0.24104040878393843,0.0485933802602214,0.14579913358684488,0.336281683981032,1
866,2500,5,stress,ccmar,0.2558505160746848,seq,0.2394183674536193,0.048984558364763384,0.1434103972600828,0.3354263376471558,1
867,2500,5,stress,ccmar,0.2558505160746848,full,0.25172850312811496,0.009246233562186758,0.23360621835358342,0.2698507879026465,1
867,2500,5,stress,ccmar,0.2558505160746848,cc,0.21796438211802124,0.019591304628938166,0.1795661306351496,0.2563626336008929,1
867,2500,5,stress,ccmar,0.2558505160746848,seq,0.2234923217493681,0.019023852242895174,0.18620625650608202,0.26077838699265415,1
868,2500,5,stress,ccmar,0.2558505160746848,full,0.25277158832362606,0.009096095847250997,0.23494356806308975,0.2705996085841624,1
868,2500,5,stress,ccmar,0.2558505160746848,cc,0.28063725552942087,0.01799448155506345,0.2453687197610262,0.31590579129781554,1
868,2500,5,stress,ccmar,0.2558505160746848,seq,0.28362514313507303,0.017895389618570498,0.24855082399336287,0.3186994622767832,1
869,2500,5,stress,ccmar,0.2558505160746848,full,0.24906854246612792,0.009628257866192974,0.23019750381452522,0.26793958111773064,1
869,2500,5,stress,ccmar,0.2558505160746848,cc,0.2650956164702667,0.019928538793141003,0.22603639817120103,0.30415483476933236,1
869,2500,5,stress,ccmar,0.2558505160746848,seq,0.27237466232000446,0.020386858570224865,0.232417153764452,0.3123321708755569,1
870,2500,5,stress,ccmar,0.2558505160746848,full,0.26931544796799556,0.008704966046332228,0.25225402803054037,0.28637686790545075,1
870,2500,5,stress,ccmar,0.2558505160746848,cc,0.12048132669395156,0.17330913941790604,-0.2191983447567753,0.4601609981446784,1
870,2500,5,stress,ccmar,0.2558505160746848,seq,0.11055879563525955,0.1737975504715222,-0.23007814389020625,0.45119573516072536,1
871,2500,5,stress,ccmar,0.2558505160746848,full,0.24632158226995915,0.008700513951138371,0.22926888827873965,0.26337427626117865,1
871,2500,5,stress,ccmar,0.2558505160746848,cc,0.2816475503281067,0.04049596679942725,0.2022769138820995,0.36101818677411385,1
871,2500,5,stress,ccmar,0.2558505160746848,seq,0.28422564346909923,0.04059171392609283,0.20466734610320433,0.3637839408349941,1
872,2500,5,stress,ccmar,0.2558505160746848,full,0.2424645495000374,0.010064472761887697,0.22273854536335314,0.26219055363672167,1
872,2500,5,stress,ccmar,0.2558505160746848,cc,0.29336899915684145,0.025709802836911134,0.24297871154686992,0.343759286766813,1
872,2500,5,stress,ccmar,0.2558505160746848,seq,0.28941826767472406,0.026396068313023987,0.23768292444773811,0.34115361090171004,1
873,2500,5,stress,ccmar,0.2558505160746848,full,0.24692220110977978,0.009726189691315192,0.22785921960799727,0.2659851826115623,1
873,2500,5,stress,ccmar,0.2558505160746848,cc,0.2278061837857784,0.032667323672677114,0.16377940591601853,0.2918329616555383,1
873,2500,5,stress,ccmar,0.2558505160746848,seq,0.22452666483193198,0.03207289690549701,0.1616649420172917,0.28738838764657226,1
874,2500,5,stress,ccmar,0.2558505160746848,full,0.24026822684323498,0.010740417855811282,0.21921739466693396,0.261319059019536,1
874,2500,5,stress,ccmar,0.2558505160746848,cc,0.27692143098703864,0.036920809322270924,0.20455797443531695,0.3492848875387603,1
874,2500,5,stress,ccmar,0.2558505160746848,seq,0.27539678414438,0.036892927186242264,0.20308797557508654,0.3477055927136735,1
875,2500,5,stress,ccmar,0.2558505160746848,full,0.2518828649298733,0.009340946145161682,0.23357494690382813,0.2701907829559184,1
875,2500,5,stress,ccmar,0.2558505160746848,cc,0.29260556990981956,0.026308767264229788,0.24104133359428281,0.3441698062253563,1
875,2500,5,stress,ccmar,0.2558505160746848,seq,0.2872010382932489,0.026135145586534424,0.23597709421293048,0.33842498237356733,1
876,2500,5,stress,ccmar,0.2558505160746848,full,0.2627209567159184,0.008581174895591886,0.24590216297551903,0.27953975045631774,1
876,2500,5,stress,ccmar,0.2558505160746848,cc,0.23232292831948662,0.0220924231953661,0.18902257452535176,0.27562328211362147,1
876,2500,5,stress,ccmar,0.2558505160746848,seq,0.23349956724433082,0.02166019537654209,0.19104636440820733,0.2759527700804543,1
877,2500,5,stress,ccmar,0.2558505160746848,full,0.24351134411251033,0.009402206393317881,0.22508335820639505,0.2619393300186256,1
877,2500,5,stress,ccmar,0.2558505160746848,cc,0.292092772140769,0.024276287150594596,0.2445121236472511,0.3396734206342869,1
877,2500,5,stress,ccmar,0.2558505160746848,seq,0.29443144120489023,0.024268902657933203,0.24686526605103276,0.3419976163587477,1
878,2500,5,stress,ccmar,0.2558505160746848,full,0.2410154571362609,0.008942665242550297,0.22348815533506416,0.25854275893745765,1
878,2500,5,stress,ccmar,0.2558505160746848,cc,0.18852201113927813,0.05501791303572205,0.08068888308470616,0.2963551391938501,1
878,2500,5,stress,ccmar,0.2558505160746848,seq,0.18904956401348838,0.05513370052666045,0.08098949664681689,0.2971096313801599,1
879,2500,5,stress,ccmar,0.2558505160746848,full,0.25158175993272247,0.010449214152619866,0.23110167652684133,0.2720618433386036,1
879,2500,5,stress,ccmar,0.2558505160746848,cc,0.22649044096613802,0.05549170972323059,0.11772868846805494,0.3352521934642211,1
879,2500,5,stress,ccmar,0.2558505160746848,seq,0.22280640012709282,0.05544667555627804,0.1141329129743105,0.33147988727987515,1
880,2500,5,stress,ccmar,0.2558505160746848,full,0.2735534025263898,0.008574376190109425,0.2567479340038776,0.29035887104890207,0
880,2500,5,stress,ccmar,0.2558505160746848,cc,0.20303944389762413,0.047905863046883566,0.10914567767742409,0.29693321011782414,1
880,2500,5,stress,ccmar,0.2558505160746848,seq,0.19952219688293557,0.04781087277345885,0.10581460817752958,0.29322978558834156,1
881,2500,5,stress,ccmar,0.2558505160746848,full,0.24502165952535088,0.008401171232647511,0.2285556664814078,0.26148765256929396,1
881,2500,5,stress,ccmar,0.2558505160746848,cc,0.25568977384457897,0.021615085377074888,0.21332498498275382,0.2980545627064041,1
881,2500,5,stress,ccmar,0.2558505160746848,seq,0.2585909822645092,0.021277652164275514,0.21688755034695847,0.30029441418205993,1
882,2500,5,stress,ccmar,0.2558505160746848,full,0.2689688019928801,0.00868524622858959,0.25194603218798217,0.285991571797778,1
882,2500,5,stress,ccmar,0.2558505160746848,cc,0.322065615382674,0.014610079898001074,0.2934303849713392,0.35070084579400873,0
882,2500,5,stress,ccmar,0.2558505160746848,seq,0.3156043212449502,0.014596870202843353,0.2869949813603713,0.34421366112952906,0
883,2500,5,stress,ccmar,0.2558505160746848,full,0.20873895936056333,0.009617881371493091,0.18988825826485817,0.2275896604562685,0
883,2500,5,stress,ccmar,0.2558505160746848,cc,0.2222457235732786,0.04560027023226118,0.13287083623275275,0.31162061091380444,1
883,2500,5,stress,ccmar,0.2558505160746848,seq,0.21906435333462332,0.04575062351472978,0.12939477897550167,0.30873392769374497,1
884,2500,5,stress,ccmar,0.2558505160746848,full,0.27246078827133297,0.009508765428371818,0.25382395049428463,0.2910976260483813,1
884,2500,5,stress,ccmar,0.2558505160746848,cc,0.2815164160119687,0.01572542320719708,0.25069515288421207,0.3123376791397253,1
884,2500,5,stress,ccmar,0.2558505160746848,seq,0.2840373686025993,0.015580438764142564,0.25350026976154816,0.3145744674436505,1
885,2500,5,stress,ccmar,0.2558505160746848,full,0.251252579003997,0.009021726085511243,0.23357032079800943,0.26893483720998457,1
885,2500,5,stress,ccmar,0.2558505160746848,cc,0.2666098889610679,0.031579325115288055,0.20471554907902212,0.3285042288431137,1
885,2500,5,stress,ccmar,0.2558505160746848,seq,0.2722935798176295,0.03179258771428804,0.20998125292229436,0.3346059067129647,1
886,2500,5,stress,ccmar,0.2558505160746848,full,0.25659897655643943,0.008740358477275575,0.23946818872900996,0.2737297643838689,1
886,2500,5,stress,ccmar,0.2558505160746848,cc,0.25582134031410503,0.01806577837229295,0.2204130653517282,0.29122961527648183,1
886,2500,5,stress,ccmar,0.2558505160746848,seq,0.2576809098344826,0.018164737796941388,0.22207867796386405,0.29328314170510117,1
887,2500,5,stress,ccmar,0.2558505160746848,full,0.27581055256999043,0.009122286442868095,0.257931199685311,0.2936899054546699,0
887,2500,5,stress,ccmar,0.2558505160746848,cc,0.25007633587661987,0.022156691896065808,0.2066500177437804,0.29350265400945935,1
887,2500,5,stress,ccmar,0.2558505160746848,seq,0.2417646102411296,0.02280445830424368,0.19706869327786664,0.2864605272043926,1
888,2500,5,stress,ccmar,0.2558505160746848,full,0.2657013152632366,0.009994278987721313,0.24611288839585738,0.2852897421306158,1
888,2500,5,stress,ccmar,0.2558505160746848,cc,0.22964502217393043,0.021090591686407163,0.1883082220559325,0.27098182229192835,1
888,2500,5,stress,ccmar,0.2558505160746848,seq,0.23477094874989102,0.020519607137761183,0.19455325778296806,0.274988639716814,1
889,2500,5,stress,ccmar,0.2558505160746848,full,0.24877848191421717,0.0090218728407193,0.23109593607330728,0.2664610277551271,1
889,2500,5,stress,ccmar,0.2558505160746848,cc,0.30818320035349545,0.03404388641302528,0.2414584090901934,0.3749079916167975,1
889,2500,5,stress,ccmar,0.2558505160746848,seq,0.30104233036100686,0.03393380163821665,0.23453330129157593,0.3675513594304378,1
890,2500,5,stress,ccmar,0.2558505160746848,full,0.24769033902442852,0.009426517024410956,0.22921470515692938,0.26616597289192767,1
890,2500,5,stress,ccmar,0.2558505160746848,cc,0.30627954022009973,0.07419626410651853,0.1608575347839015,0.45170154565629794,1
890,2500,5,stress,ccmar,0.2558505160746848,seq,0.30127708306739853,0.07380231844219497,0.15662719694514016,0.4459269691896569,1
891,2500,5,stress,ccmar,0.2558505160746848,full,0.24474513280899918,0.009285945412089037,0.22654501423889972,0.26294525137909863,1
891,2500,5,stress,ccmar,0.2558505160746848,cc,0.2675833152854884,0.02499191483134978,0.2186000623113504,0.31656656825962637,1
891,2500,5,stress,ccmar,0.2558505160746848,seq,0.2704260251555066,0.024345709686759028,0.22270931099139102,0.3181427393196222,1
892,2500,5,stress,ccmar,0.2558505160746848,full,0.26784812676731506,0.011642947783634174,0.24502836843751163,0.2906678850971185,1
892,2500,5,stress,ccmar,0.2558505160746848,cc,0.3042782446158557,0.018195030696854256,0.2686166397524206,0.33993984947929073,0
892,2500,5,stress,ccmar,0.2558505160746848,seq,0.3015765893577039,0.017648663901457626,0.26698584373559475,0.336167334979813,0
893,2500,5,stress,ccmar,0.2558505160746848,full,0.24670806822461244,0.008617132138886928,0.22981879958237145,0.26359733686685344,1
893,2500,5,stress,ccmar,0.2558505160746848,cc,0.20065824541079694,0.03009900090763751,0.14166528766118902,0.25965120316040485,1
893,2500,5,stress,ccmar,0.2558505160746848,seq,0.19610792761008491,0.030049055245136774,0.13721286156016244,0.2550029936600074,0
894,2500,5,stress,ccmar,0.2558505160746848,full,0.24163163642201252,0.009214962826176372,0.2235706411638314,0.25969263168019363,1
894,2500,5,stress,ccmar,0.2558505160746848,cc,0.29594484392885273,0.05604138712009609,0.18610574352979753,0.40578394432790793,1
894,2500,5,stress,ccmar,0.2558505160746848,seq,0.2861292629713953,0.055859464187527096,0.17664672496813721,0.39561180097465337,1
895,2500,5,stress,ccmar,0.2558505160746848,full,0.24822018094859896,0.008563489210550952,0.23143605051392174,0.2650043113832762,1
895,2500,5,stress,ccmar,0.2558505160746848,cc,0.2514989614592167,0.02930756687333123,0.19405718591298832,0.30894073700544505,1
895,2500,5,stress,ccmar,0.2558505160746848,seq,0.25304990548865836,0.029142573420251675,0.1959315111681508,0.3101682998091659,1
896,2500,5,stress,ccmar,0.2558505160746848,full,0.24377164766845608,0.008855807919974095,0.22641458309130227,0.26112871224560985,1
896,2500,5,stress,ccmar,0.2558505160746848,cc,0.22766221030091838,0.03601398587532315,0.15707609504555078,0.298248325556286,1
896,2500,5,stress,ccmar,0.2558505160746848,seq,0.22872973718916847,0.036029656042132985,0.15811290897122188,0.2993465654071151,1
897,2500,5,stress,ccmar,0.2558505160746848,full,0.2709876630997823,0.009684217548359558,0.2520069454865468,0.2899683807130178,1
897,2500,5,stress,ccmar,0.2558505160746848,cc,0.26860777205140773,0.025433174210442538,0.21875966658640744,0.318455877516408,1
897,2500,5,stress,ccmar,0.2558505160746848,seq,0.2730928751808498,0.025277014820909022,0.22355083649518295,0.32263491386651666,1
898,2500,5,stress,ccmar,0.2558505160746848,full,0.24840747221837256,0.011806515472405514,0.22526712710954286,0.2715478173272023,1
898,2500,5,stress,ccmar,0.2558505160746848,cc,0.2430621139376175,0.01814786225121884,0.2074929575288346,0.27863127034640045,1
898,2500,5,stress,ccmar,0.2558505160746848,seq,0.24558464482505668,0.017642652100587606,0.21100568211613505,0.28016360753397834,1
899,2500,5,stress,ccmar,0.2558505160746848,full,0.2415681887054857,0.008957683117683735,0.2240114524099031,0.25912492500106826,1
899,2500,5,stress,ccmar,0.2558505160746848,cc,0.19100774757882857,0.03272191668693904,0.12687396936730785,0.2551415257903493,0
899,2500,5,stress,ccmar,0.2558505160746848,seq,0.187534832422798,0.032340899177207894,0.12414783480782947,0.2509218300377665,0
900,2500,5,stress,ccmar,0.2558505160746848,full,0.27313266297728533,0.011886506478947451,0.24983553837654632,0.29642978757802435,1
900,2500,5,stress,ccmar,0.2558505160746848,cc,0.2539136567640139,0.017954486478817214,0.21872350990462078,0.289103803623407,1
900,2500,5,stress,ccmar,0.2558505160746848,seq,0.24721380437024895,0.017752251749793176,0.21242003029616618,0.2820075784443317,1
901,2500,5,stress,ccmar,0.2558505160746848,full,0.28662285169080687,0.008815002372660368,0.2693457645167574,0.30389993886485633,0
901,2500,5,stress,ccmar,0.2558505160746848,cc,0.2424226477479178,0.04357019011408119,0.15702664432475555,0.32781865117108006,1
901,2500,5,stress,ccmar,0.2558505160746848,seq,0.2374219826503535,0.04277789591199836,0.1535788473284335,0.32126511797227353,1
902,2500,5,stress,ccmar,0.2558505160746848,full,0.26875324430375586,0.009631438530271947,0.24987597166511144,0.28763051694240027,1
902,2500,5,stress,ccmar,0.2558505160746848,cc,0.2253531812028908,0.031014456311057897,0.16456596383312633,0.2861403985726553,1
902,2500,5,stress,ccmar,0.2558505160746848,seq,0.22803278879293365,0.03092501974910761,0.16742086386349284,0.28864471372237444,1
903,2500,5,stress,ccmar,0.2558505160746848,full,0.2354093059155295,0.009236587556942318,0.21730592696387174,0.25351268486718725,0
903,2500,5,stress,ccmar,0.2558505160746848,cc,0.23851272987434985,0.026516145680303974,0.18654203933213673,0.29048342041656294,1
903,2500,5,stress,ccmar,0.2558505160746848,seq,0.24064126989728762,0.02615637466696767,0.18937571758389515,0.2919068222106801,1
904,2500,5,stress,ccmar,0.2558505160746848,full,0.24054370440689818,0.008977070960236444,0.22294896863817434,0.258138440175622,1
904,2500,5,stress,ccmar,0.2558505160746848,cc,0.2451014863207986,0.055981735664035394,0.13537930062724773,0.35482367201434944,1
904,2500,5,stress,ccmar,0.2558505160746848,seq,0.2488469319389259,0.05583211778875727,0.1394179918923636,0.3582758719854882,1
905,2500,5,stress,ccmar,0.2558505160746848,full,0.24548209999747095,0.009272283489649251,0.22730875830331304,0.26365544169162886,1
905,2500,5,stress,ccmar,0.2558505160746848,cc,0.3130961597683838,0.015977041686842944,0.28178173348267654,0.34441058605409103,0
905,2500,5,stress,ccmar,0.2558505160746848,seq,0.3177479649897514,0.015689244247711315,0.286997611319585,0.34849831865991776,0
906,2500,5,stress,ccmar,0.2558505160746848,full,0.2713977680570408,0.008668597253407207,0.25440762964387986,0.28838790647020174,1
906,2500,5,stress,ccmar,0.2558505160746848,cc,0.24554133264673828,0.01530763959201089,0.21553891035807754,0.275543754935399,1
906,2500,5,stress,ccmar,0.2558505160746848,seq,0.2475474242280752,0.014814216516779184,0.2185120933960096,0.27658275506014085,1
907,2500,5,stress,ccmar,0.2558505160746848,full,0.2517287366786271,0.00880535429210232,0.23447055939499137,0.2689869139622628,1
907,2500,5,stress,ccmar,0.2558505160746848,cc,0.27753321368141226,0.03161161374546415,0.2155755892471112,0.33949083811571334,1
907,2500,5,stress,ccmar,0.2558505160746848,seq,0.28447811068360807,0.03154417989408692,0.2226526541693452,0.3463035671978709,1
908,2500,5,stress,ccmar,0.2558505160746848,full,0.24984425602181126,0.010180198347544505,0.22989143390514985,0.26979707813847265,1
908,2500,5,stress,ccmar,0.2558505160746848,cc,0.19721527302534334,0.021843695793287387,0.15440241598125098,0.24002813006943569,0
908,2500,5,stress,ccmar,0.2558505160746848,seq,0.20717622286331824,0.021327861052844878,0.16537438333246776,0.24897806239416873,0
909,2500,5,stress,ccmar,0.2558505160746848,full,0.26246836120185907,0.009094154078800038,0.24464414673755297,0.28029257566616517,1
909,2500,5,stress,ccmar,0.2558505160746848,cc,0.2429892322500973,0.01669010824348307,0.21027722119479542,0.2757012433053992,1
909,2500,5,stress,ccmar,0.2558505160746848,seq,0.23955863176841086,0.01588610654280922,0.20842243508993868,0.27069482844688303,1
910,2500,5,stress,ccmar,0.2558505160746848,full,0.2470974591299202,0.009646693020805593,0.22819028823922735,0.2660046300206131,1
910,2500,5,stress,ccmar,0.2558505160746848,cc,0.2648947167532217,0.049288033367229554,0.1682919464846433,0.36149748702180007,1
910,2500,5,stress,ccmar,0.2558505160746848,seq,0.27046737310121666,0.04947944318129121,0.17348944649078993,0.3674452997116434,1
911,2500,5,stress,ccmar,0.2558505160746848,full,0.24981282471250332,0.01019932168086439,0.2298225215512706,0.26980312787373606,1
911,2500,5,stress,ccmar,0.2558505160746848,cc,0.27268700170302035,0.017037664088946615,0.23929379370799356,0.30608020969804717,1
911,2500,5,stress,ccmar,0.2558505160746848,seq,0.27349910952658313,0.017540118453936254,0.2391211090723017,0.30787710998086454,1
912,2500,5,stress,ccmar,0.2558505160746848,full,0.25992348220177003,0.009717994873475326,0.2408765622478135,0.27897040215572655,1
912,2500,5,stress,ccmar,0.2558505160746848,cc,0.27851895725463693,0.01714116023800787,0.2449229005349115,0.31211501397436237,1
912,2500,5,stress,ccmar,0.2558505160746848,seq,0.27748130288699446,0.017640534037745025,0.24290649150496127,0.31205611426902763,1
913,2500,5,stress,ccmar,0.2558505160746848,full,0.2883792903686666,0.008918798224365095,0.2708987670635312,0.305859813673802,0
913,2500,5,stress,ccmar,0.2558505160746848,cc,0.33664576911697114,0.031906123458547285,0.2741109162519299,0.3991806219820124,0
913,2500,5,stress,ccmar,0.2558505160746848,seq,0.3297809732203166,0.03178787040668853,0.26747789207798045,0.3920840543626527,0
914,2500,5,stress,ccmar,0.2558505160746848,full,0.2577136772979221,0.008620950269329039,0.24081692525752632,0.2746104293383179,1
914,2500,5,stress,ccmar,0.2558505160746848,cc,0.23740843650797328,0.01856876044362204,0.20101433480092207,0.2738025382150245,1
914,2500,5,stress,ccmar,0.2558505160746848,seq,0.2318463729224908,0.018811717263756127,0.19497608459817842,0.26871666124680316,1
915,2500,5,stress,ccmar,0.2558505160746848,full,0.2573025497475636,0.009223006815063321,0.23922578856087204,0.2753793109342552,1
915,2500,5,stress,ccmar,0.2558505160746848,cc,0.2171434176828332,0.018680697474255815,0.18052992342720348,0.25375691193846295,0
915,2500,5,stress,ccmar,0.2558505160746848,seq,0.20910187720625537,0.0189345682716621,0.17199080533098282,0.2462129490815279,0
916,2500,5,stress,ccmar,0.2558505160746848,full,0.2525488915340264,0.009018176159581922,0.23487359105500807,0.2702241920130447,1
916,2500,5,stress,ccmar,0.2558505160746848,cc,0.28052283048749366,0.021750933362741316,0.23789178446638998,0.32315387650859734,1
916,2500,5,stress,ccmar,0.2558505160746848,seq,0.2791994709847244,0.021967051359503914,0.2361448414735551,0.3222541004958937,1
917,2500,5,stress,ccmar,0.2558505160746848,full,0.26132318913384267,0.00989525900123922,0.24192883787371802,0.28071754039396735,1
917,2500,5,stress,ccmar,0.2558505160746848,cc,0.29427866785413465,0.020472682592063488,0.25415294730677007,0.3344043884014992,1
917,2500,5,stress,ccmar,0.2558505160746848,seq,0.3031974944827316,0.02092946822968394,0.2621764905369758,0.3442184984284874,0
918,2500,5,stress,ccmar,0.2558505160746848,full,0.26082494253287386,0.009393798379103806,0.24241343603179966,0.27923644903394806,1
918,2500,5,stress,ccmar,0.2558505160746848,cc,0.28044891199177546,0.026131316371662158,0.22923247303469574,0.3316653509488552,1
918,2500,5,stress,ccmar,0.2558505160746848,seq,0.27763479798769347,0.02633625983338366,0.22601667722677266,0.3292529187486143,1
919,2500,5,stress,ccmar,0.2558505160746848,full,0.23231912275751102,0.010674654015183945,0.2113971853403246,0.25324106017469744,0
919,2500,5,stress,ccmar,0.2558505160746848,cc,0.22560974048715488,0.021626195490775803,0.18322317620261178,0.26799630477169795,1
919,2500,5,stress,ccmar,0.2558505160746848,seq,0.22058796304103012,0.021323565242526214,0.17879454314368864,0.2623813829383716,1
920,2500,5,stress,ccmar,0.2558505160746848,full,0.2439211143517544,0.009073673081462843,0.22613704190459666,0.26170518679891214,1
920,2500,5,stress,ccmar,0.2558505160746848,cc,0.22846099309244164,0.02112654273444611,0.18705373021508093,0.26986825596980235,1
920,2500,5,stress,ccmar,0.2558505160746848,seq,0.22703371355647395,0.020748192525205697,0.18636800346276763,0.2676994236501803,1
921,2500,5,stress,ccmar,0.2558505160746848,full,0.2634222790375554,0.00905610471105464,0.24567263996366479,0.281171918111446,1
921,2500,5,stress,ccmar,0.2558505160746848,cc,0.23269202264092656,0.0313523535488814,0.17124253885455248,0.29414150642730064,1
921,2500,5,stress,ccmar,0.2558505160746848,seq,0.2350765393138121,0.031332392990650916,0.17366617750268107,0.29648690112494314,1
922,2500,5,stress,ccmar,0.2558505160746848,full,0.25789751425162405,0.010646615134535999,0.23703053203067442,0.2787644964725737,1
922,2500,5,stress,ccmar,0.2558505160746848,cc,0.3292347964448308,0.04225800675377812,0.24641062514897533,0.41205896774068623,1
922,2500,5,stress,ccmar,0.2558505160746848,seq,0.3270692305646801,0.042187672725311376,0.2443829114315071,0.40975554969785316,1
923,2500,5,stress,ccmar,0.2558505160746848,full,0.27572827175723347,0.009799227926794083,0.25652213794441797,0.29493440557004896,0
923,2500,5,stress,ccmar,0.2558505160746848,cc,0.3999528646063255,0.09260566010541366,0.21844910603515705,0.581456623177494,1
923,2500,5,stress,ccmar,0.2558505160746848,seq,0.39312090054648935,0.09249202399748391,0.21183986465420648,0.5744019364387722,1
924,2500,5,stress,ccmar,0.2558505160746848,full,0.25781322908783766,0.009607618871733798,0.23898264212205206,0.27664381605362326,1
924,2500,5,stress,ccmar,0.2558505160746848,cc,0.36448941100932036,0.052137740847657134,0.2623013167126296,0.46667750530601115,0
924,2500,5,stress,ccmar,0.2558505160746848,seq,0.36163039465733715,0.051823964110751256,0.26005729146416834,0.46320349785050596,0
925,2500,5,stress,ccmar,0.2558505160746848,full,0.2577142273046593,0.009411468304298743,0.23926808838659352,0.2761603662227251,1
925,2500,5,stress,ccmar,0.2558505160746848,cc,0.2488352319707802,0.02298448553806206,0.20378646811299683,0.29388399582856356,1
925,2500,5,stress,ccmar,0.2558505160746848,seq,0.2499102339648193,0.023122459109737713,0.2045910468757333,0.29522942105390526,1
926,2500,5,stress,ccmar,0.2558505160746848,full,0.25899139920786446,0.009183813740167208,0.24099145503641264,0.2769913433793163,1
926,2500,5,stress,ccmar,0.2558505160746848,cc,0.3409202801871555,0.06943737967160163,0.2048255168499826,0.47701504352432833,1
926,2500,5,stress,ccmar,0.2558505160746848,seq,0.3382186572584027,0.06955559590510176,0.2018921943611816,0.47454512015562383,1
927,2500,5,stress,ccmar,0.2558505160746848,full,0.25104767155701013,0.00936311685639183,0.23269629973544226,0.269399043378578,1
927,2500,5,stress,ccmar,0.2558505160746848,cc,0.24560604622494042,0.01738308469285131,0.21153582628674233,0.2796762661631385,1
927,2500,5,stress,ccmar,0.2558505160746848,seq,0.24252873739350267,0.017196289426878245,0.20882462944909438,0.2762328453379109,1
928,2500,5,stress,ccmar,0.2558505160746848,full,0.24548655236989922,0.009969079278024949,0.22594751602594576,0.2650255887138527,1
928,2500,5,stress,ccmar,0.2558505160746848,cc,0.27859005775897566,0.016568006372659948,0.24611736197293205,0.3110627535450193,1
928,2500,5,stress,ccmar,0.2558505160746848,seq,0.27772496288984516,0.015813808570104303,0.2467304676340299,0.30871945814566043,1
929,2500,5,stress,ccmar,0.2558505160746848,full,0.23636366009576218,0.009158867258263573,0.21841261013038246,0.25431471006114187,0
929,2500,5,stress,ccmar,0.2558505160746848,cc,0.2325805307847636,0.01923603133624442,0.19487860216024064,0.2702824594092865,1
929,2500,5,stress,ccmar,0.2558505160746848,seq,0.23308437341712623,0.019108060750833152,0.19563326253108987,0.2705354843031626,1
930,2500,5,stress,ccmar,0.2558505160746848,full,0.24729166543230807,0.008757548056987783,0.2301271866477333,0.26445614421688285,1
930,2500,5,stress,ccmar,0.2558505160746848,cc,0.23998058120537608,0.016681843314580235,0.20728476911305854,0.2726763932976936,1
930,2500,5,stress,ccmar,0.2558505160746848,seq,0.24275954778516107,0.016368513108210567,0.21067785161259658,0.2748412439577256,1
931,2500,5,stress,ccmar,0.2558505160746848,full,0.2506753035387779,0.009539962947880915,0.23197731974708477,0.26937328733047106,1
931,2500,5,stress,ccmar,0.2558505160746848,cc,0.21439247865441302,0.037830812569619926,0.1402454485120728,0.2885395087967533,1
931,2500,5,stress,ccmar,0.2558505160746848,seq,0.20220408135871384,0.03750000418682191,0.12870542373244165,0.27570273898498604,1
932,2500,5,stress,ccmar,0.2558505160746848,full,0.2757889537897199,0.008935858350927965,0.2582749932509496,0.2933029143284902,0
932,2500,5,stress,ccmar,0.2558505160746848,cc,0.20291396604389844,0.021240500220835533,0.16128335059744572,0.24454458149035116,0
932,2500,5,stress,ccmar,0.2558505160746848,seq,0.20133303109205963,0.02070490631773306,0.16075216040602702,0.24191390177809224,0
933,2500,5,stress,ccmar,0.2558505160746848,full,0.26948522962870874,0.008921307008291062,0.2519997891974335,0.286970670059984,1
933,2500,5,stress,ccmar,0.2558505160746848,cc,0.23191910691617348,0.02330819507033031,0.18623588403369204,0.27760232979865496,1
933,2500,5,stress,ccmar,0.2558505160746848,seq,0.23780419459853844,0.022814824727080508,0.19308795981986676,0.2825204293772101,1
934,2500,5,stress,ccmar,0.2558505160746848,full,0.2487691197366154,0.00891317272362016,0.2312996222103351,0.26623861726289566,1
934,2500,5,stress,ccmar,0.2558505160746848,cc,0.2803152490309069,0.03337689359356887,0.21489773967168624,0.3457327583901275,1
934,2500,5,stress,ccmar,0.2558505160746848,seq,0.27637602511820203,0.03384893135623215,0.2100333387448185,0.34271871149158556,1
935,2500,5,stress,ccmar,0.2558505160746848,full,0.2630864085189802,0.009321538720500152,0.2448165283463043,0.2813562886916561,1
935,2500,5,stress,ccmar,0.2558505160746848,cc,0.2841199634157906,0.019999113293609917,0.24492242163757894,0.32331750519400226,1
935,2500,5,stress,ccmar,0.2558505160746848,seq,0.28823731817036835,0.01965739595310682,0.24970953007243557,0.32676510626830113,1
936,2500,5,stress,ccmar,0.2558505160746848,full,0.2640029449416282,0.009030155025163624,0.24630416631749408,0.2817017235657623,1
936,2500,5,stress,ccmar,0.2558505160746848,cc,0.2544115462919945,0.014550012381208698,0.22589404605021354,0.2829290465337754,1
936,2500,5,stress,ccmar,0.2558505160746848,seq,0.2508163593528897,0.014146476269632398,0.22308977535625968,0.27854294334951973,1
937,2500,5,stress,ccmar,0.2558505160746848,full,0.25722718376350456,0.00994650248569936,0.2377323971193957,0.2767219704076134,1
937,2500,5,stress,ccmar,0.2558505160746848,cc,0.25348784658227536,0.0177072350854217,0.2187823035490648,0.2881933896154859,1
937,2500,5,stress,ccmar,0.2558505160746848,seq,0.25508031928987135,0.017607242400087146,0.22057075831863396,0.28958988026110877,1
938,2500,5,stress,ccmar,0.2558505160746848,full,0.23185364061157698,0.010829671503832006,0.21062787449966652,0.25307940672348744,0
938,2500,5,stress,ccmar,0.2558505160746848,cc,0.1894100704135476,0.033577628849182056,0.12359912718289767,0.2552210136441975,0
938,2500,5,stress,ccmar,0.2558505160746848,seq,0.1921117117846221,0.03341550476825593,0.12661852591361406,0.25760489765563016,1
939,2500,5,stress,ccmar,0.2558505160746848,full,0.2523388992775028,0.00847042024271157,0.2357371806678691,0.2689406178871365,1
939,2500,5,stress,ccmar,0.2558505160746848,cc,0.5419979290714093,0.19130988921141204,0.1670374363306939,0.9169584218121247,1
939,2500,5,stress,ccmar,0.2558505160746848,seq,0.5434231676476109,0.19118334652371152,0.16871069401729538,0.9181356412779265,1
940,2500,5,stress,ccmar,0.2558505160746848,full,0.25192291112800347,0.008728467163282579,0.23481542984772913,0.2690303924082778,1
940,2500,5,stress,ccmar,0.2558505160746848,cc,0.24102400543846025,0.021764650538865803,0.198366074246183,0.2836819366307375,1
940,2500,5,stress,ccmar,0.2558505160746848,seq,0.23539115047168296,0.021729977311819217,0.1928011775556448,0.27798112338772113,1
941,2500,5,stress,ccmar,0.2558505160746848,full,0.24951336398579751,0.009100856912589172,0.23167601220867035,0.2673507157629247,1
941,2500,5,stress,ccmar,0.2558505160746848,cc,0.23574936359048715,0.03865537950586578,0.1599862119502625,0.3115125152307118,1
941,2500,5,stress,ccmar,0.2558505160746848,seq,0.24147853298831118,0.03868086811142732,0.16566542459916977,0.3172916413774526,1
942,2500,5,stress,ccmar,0.2558505160746848,full,0.2633020460347319,0.008974193775724497,0.24571294944402836,0.2808911426254354,1
942,2500,5,stress,ccmar,0.2558505160746848,cc,0.2607456817023869,0.03793947927918805,0.18638566872297463,0.3351056946817991,1
942,2500,5,stress,ccmar,0.2558505160746848,seq,0.26665477621694,0.0379432252900407,0.19228742119117087,0.34102213124270914,1
943,2500,5,stress,ccmar,0.2558505160746848,full,0.24292557356049646,0.009163285911591813,0.22496586319373324,0.2608852839272597,1
943,2500,5,stress,ccmar,0.2558505160746848,cc,0.22618847223999833,0.017684997344314078,0.19152651437845625,0.2608504301015404,1
943,2500,5,stress,ccmar,0.2558505160746848,seq,0.22145091877664827,0.017116565717641835,0.18790306643105728,0.25499877112223923,0
944,2500,5,stress,ccmar,0.2558505160746848,full,0.22779216918748058,0.008929187844266342,0.2102912826015257,0.24529305577343546,0
944,2500,5,stress,ccmar,0.2558505160746848,cc,0.22536605508085195,0.014682729478458974,0.19658843410832777,0.2541436760533761,0
944,2500,5,stress,ccmar,0.2558505160746848,seq,0.22671170609727137,0.014638044097444347,0.19802166686217132,0.2554017453323714,0
945,2500,5,stress,ccmar,0.2558505160746848,full,0.2515373757307377,0.009153196493660299,0.23359744025974521,0.2694773112017302,1
945,2500,5,stress,ccmar,0.2558505160746848,cc,0.2490341232140475,0.0225462629731968,0.20484425980061283,0.29322398662748217,1
945,2500,5,stress,ccmar,0.2558505160746848,seq,0.252110578842022,0.022588391593410445,0.20783814485025018,0.29638301283379376,1
946,2500,5,stress,ccmar,0.2558505160746848,full,0.25335572545985924,0.009409960905226828,0.23491254098968473,0.27179890993003375,1
946,2500,5,stress,ccmar,0.2558505160746848,cc,0.24151925460701823,0.020327383547733086,0.20167831495352934,0.2813601942605071,1
946,2500,5,stress,ccmar,0.2558505160746848,seq,0.24518331493277165,0.02021753281701006,0.2055576787551753,0.28480895111036797,1
947,2500,5,stress,ccmar,0.2558505160746848,full,0.27732674394328566,0.00863311942200341,0.2604061408019257,0.2942473470846456,0
947,2500,5,stress,ccmar,0.2558505160746848,cc,0.28082093211820225,0.012662035692892632,0.256003798189172,0.3056380660472325,0
947,2500,5,stress,ccmar,0.2558505160746848,seq,0.2820043574113657,0.01255386858364766,0.2573992271207674,0.306609487701964,0
948,2500,5,stress,ccmar,0.2558505160746848,full,0.23627963922638529,0.009127225358690615,0.21839060624457102,0.25416867220819955,0
948,2500,5,stress,ccmar,0.2558505160746848,cc,0.2095278325580429,0.02308727425710089,0.16427760651292642,0.2547780586031594,0
948,2500,5,stress,ccmar,0.2558505160746848,seq,0.21135088685680567,0.022600393153600563,0.16705493023930296,0.2556468434743084,0
949,2500,5,stress,ccmar,0.2558505160746848,full,0.24996293496745467,0.009625314811105961,0.23109766459782705,0.2688282053370823,1
949,2500,5,stress,ccmar,0.2558505160746848,cc,0.2751871156210626,0.016292742314562243,0.2432539274751288,0.30712030376699634,1
949,2500,5,stress,ccmar,0.2558505160746848,seq,0.27504560811033846,0.016331316990940384,0.24303681498798826,0.3070544012326887,1
950,2500,5,stress,ccmar,0.2558505160746848,full,0.25253140989174777,0.008349881173453023,0.23616594351659081,0.2688968762669047,1
950,2500,5,stress,ccmar,0.2558505160746848,cc,0.2409764640046928,0.014469741958325026,0.21261629090078768,0.2693366371085979,1
950,2500,5,stress,ccmar,0.2558505160746848,seq,0.24771554251276529,0.014248536069692841,0.2197889249837474,0.27564216004178316,1
951,2500,5,stress,ccmar,0.2558505160746848,full,0.25167342330459397,0.009184903380378792,0.23367134347757135,0.2696755031316166,1
951,2500,5,stress,ccmar,0.2558505160746848,cc,0.2849443277988625,0.03207014301147006,0.22208800251733224,0.3478006530803927,1
951,2500,5,stress,ccmar,0.2558505160746848,seq,0.2858964673183016,0.032377176512600477,0.2224383674325085,0.3493545672040947,1
952,2500,5,stress,ccmar,0.2558505160746848,full,0.26439180036730137,0.008622012046083125,0.24749296728270795,0.2812906334518948,1
952,2500,5,stress,ccmar,0.2558505160746848,cc,0.3130130285538968,0.01937379519943571,0.2750410877191478,0.35098496938864576,0
952,2500,5,stress,ccmar,0.2558505160746848,seq,0.3086970034253334,0.019048856284797,0.2713619311604518,0.346032075690215,0
953,2500,5,stress,ccmar,0.2558505160746848,full,0.2513986637888944,0.009157890423887042,0.23344952838371158,0.26934779919407725,1
953,2500,5,stress,ccmar,0.2558505160746848,cc,0.22708408606786942,0.03741769828824846,0.15374674503851643,0.3004214270972224,1
953,2500,5,stress,ccmar,0.2558505160746848,seq,0.23417595067899794,0.03723244272223137,0.16120170388697402,0.30715019747102185,1
954,2500,5,stress,ccmar,0.2558505160746848,full,0.2810006390712975,0.00941026237955672,0.26255686372229414,0.2994444144203009,0
954,2500,5,stress,ccmar,0.2558505160746848,cc,0.232977463179027,0.06329588523097114,0.10891980775674286,0.35703511860131115,1
954,2500,5,stress,ccmar,0.2558505160746848,seq,0.2379532773984564,0.06314579864521506,0.11418978627881674,0.3617167685180961,1
955,2500,5,stress,ccmar,0.2558505160746848,full,0.25281362932067497,0.009462401919074086,0.23426766235204707,0.2713595962893029,1
955,2500,5,stress,ccmar,0.2558505160746848,cc,0.19230603590380105,0.10778157709581629,-0.01894197340092607,0.40355404520852817,1
955,2500,5,stress,ccmar,0.2558505160746848,seq,0.19179596634449506,0.1080368786787982,-0.019952424868072666,0.40354435755706275,1
956,2500,5,stress,ccmar,0.2558505160746848,full,0.2562251822905196,0.00930533388645678,0.23798706300894418,0.27446330157209503,1
956,2500,5,stress,ccmar,0.2558505160746848,cc,0.22271450496096198,0.01886902121398575,0.18573190295802766,0.2596971069638963,1
956,2500,5,stress,ccmar,0.2558505160746848,seq,0.2228500960901155,0.018405304307701372,0.1867763625225209,0.2589238296577101,1
957,2500,5,stress,ccmar,0.2558505160746848,full,0.25489311523470687,0.008389655785220383,0.2384496920529868,0.2713365384164269,1
957,2500,5,stress,ccmar,0.2558505160746848,cc,0.254791547937466,0.0179169873743487,0.21967489797228368,0.2899081979026483,1
957,2500,5,stress,ccmar,0.2558505160746848,seq,0.255389472054918,0.017612564907291798,0.22086947916125205,0.289909464948584,1
958,2500,5,stress,ccmar,0.2558505160746848,full,0.24482633820198244,0.00895149502844549,0.22728173033843993,0.2623709460655249,1
958,2500,5,stress,ccmar,0.2558505160746848,cc,0.3097000150499662,0.02500443808609297,0.26069221694756234,0.35870781315237005,0
958,2500,5,stress,ccmar,0.2558505160746848,seq,0.2986870038365523,0.02456739810544733,0.250535788356018,0.3468382193170866,1
959,2500,5,stress,ccmar,0.2558505160746848,full,0.2615693610856185,0.009118020421150145,0.2436983694498635,0.2794403527213735,1
959,2500,5,stress,ccmar,0.2558505160746848,cc,0.2572943554997777,0.01611748483251797,0.2257046657066719,0.2888840452928835,1
959,2500,5,stress,ccmar,0.2558505160746848,seq,0.26282735415170355,0.015378898994171619,0.23268526600124792,0.2929694423021592,1
960,2500,5,stress,ccmar,0.2558505160746848,full,0.24707801713095523,0.00855674139216253,0.23030711217729355,0.2638489220846169,1
960,2500,5,stress,ccmar,0.2558505160746848,cc,0.2464416597695028,0.017478575545376834,0.21218428119950167,0.28069903833950394,1
960,2500,5,stress,ccmar,0.2558505160746848,seq,0.24757683268545305,0.017381037939622073,0.21351062430986953,0.2816430410610366,1
961,2500,5,stress,ccmar,0.2558505160746848,full,0.2634295507492075,0.00901624224448298,0.24575804067413226,0.2811010608242827,1
961,2500,5,stress,ccmar,0.2558505160746848,cc,0.2731518043920811,0.02678027070788718,0.22066343830838925,0.3256401704757729,1
961,2500,5,stress,ccmar,0.2558505160746848,seq,0.2686900221249507,0.026465455801659023,0.21681868191926237,0.320561362330639,1
962,2500,5,stress,ccmar,0.2558505160746848,full,0.26690904243079105,0.009661443049635711,0.24797296201482025,0.2858451228467619,1
962,2500,5,stress,ccmar,0.2558505160746848,cc,0.3015368379092489,0.030890071624707346,0.24099341004495983,0.36208026577353797,1
962,2500,5,stress,ccmar,0.2558505160746848,seq,0.29574358416242097,0.031352918962937404,0.23429299218486077,0.35719417613998117,1
963,2500,5,stress,ccmar,0.2558505160746848,full,0.25167339986055437,0.009333169795439203,0.23338072319989647,0.2699660765212123,1
963,2500,5,stress,ccmar,0.2558505160746848,cc,0.2718494446937979,0.020271619750757336,0.2321178000740227,0.3115810893135731,1
963,2500,5,stress,ccmar,0.2558505160746848,seq,0.27642453809450884,0.02013418584144979,0.23696225898723097,0.3158868172017867,1
964,2500,5,stress,ccmar,0.2558505160746848,full,0.2526148421150469,0.00878820834060103,0.23539027027883438,0.26983941395125943,1
964,2500,5,stress,ccmar,0.2558505160746848,cc,0.28561799860423626,0.015763002809911216,0.2547230808086066,0.3165129163998659,1
964,2500,5,stress,ccmar,0.2558505160746848,seq,0.283863940812085,0.015832291115096195,0.25283322043374296,0.314894661190427,1
965,2500,5,stress,ccmar,0.2558505160746848,full,0.24984687494729083,0.010507365542645496,0.2292528169113085,0.27044093298327315,1
965,2500,5,stress,ccmar,0.2558505160746848,cc,0.2720898571496413,0.031635305191347426,0.21008579833466734,0.33409391596461524,1
965,2500,5,stress,ccmar,0.2558505160746848,seq,0.2777204261305973,0.031534035468133485,0.21591485232584698,0.3395259999353476,1
966,2500,5,stress,ccmar,0.2558505160746848,full,0.25846376327633663,0.009144581546398457,0.24054071279170608,0.2763868137609672,1
966,2500,5,stress,ccmar,0.2558505160746848,cc,0.3035486729105056,0.0190764349293235,0.2661595474956096,0.34093779832540155,0
966,2500,5,stress,ccmar,0.2558505160746848,seq,0.3036023599838244,0.018734336333523734,0.2668837354958577,0.3403209844717911,0
967,2500,5,stress,ccmar,0.2558505160746848,full,0.2481039120587875,0.009059001263682975,0.23034859584606604,0.265859228271509,1
967,2500,5,stress,ccmar,0.2558505160746848,cc,0.22447369382324064,0.01639010996593445,0.1923496685873581,0.2565977190591232,1
967,2500,5,stress,ccmar,0.2558505160746848,seq,0.22401643415667577,0.016156175925349306,0.19235091121509806,0.2556819570982535,0
968,2500,5,stress,ccmar,0.2558505160746848,full,0.2503278849166065,0.008806166009029875,0.23306811669702715,0.2675876531361859,1
968,2500,5,stress,ccmar,0.2558505160746848,cc,0.24562289276862648,0.029380007029584543,0.18803913712510717,0.3032066484121458,1
968,2500,5,stress,ccmar,0.2558505160746848,seq,0.24686884428527836,0.029151692941068976,0.18973257603241264,0.3040051125381441,1
969,2500,5,stress,ccmar,0.2558505160746848,full,0.2547549840384357,0.010863152645943947,0.23346359609382458,0.2760463719830468,1
969,2500,5,stress,ccmar,0.2558505160746848,cc,0.22849799596257003,0.032993987163136874,0.16383096941644487,0.2931650225086952,1
969,2500,5,stress,ccmar,0.2558505160746848,seq,0.22746643473565037,0.03293107628327887,0.16292271124828264,0.2920101582230181,1
970,2500,5,stress,ccmar,0.2558505160746848,full,0.22899270940389901,0.009471892957052256,0.210428140342658,0.24755727846514003,0
970,2500,5,stress,ccmar,0.2558505160746848,cc,0.23760042935076245,0.019570335920346803,0.19924327578153217,0.2759575829199927,1
970,2500,5,stress,ccmar,0.2558505160746848,seq,0.24408576765311973,0.020144088318309637,0.2046040800478388,0.28356745525840066,1
971,2500,5,stress,ccmar,0.2558505160746848,full,0.279956390313882,0.008974969512174814,0.2623657733076743,0.29754700732008965,0
971,2500,5,stress,ccmar,0.2558505160746848,cc,0.2767792907746729,0.033828244971417294,0.2104771489704968,0.343081432578849,1
971,2500,5,stress,ccmar,0.2558505160746848,seq,0.27239327219824394,0.03362754949413279,0.20648448630140556,0.3383020580950823,1
972,2500,5,stress,ccmar,0.2558505160746848,full,0.265252631252835,0.008324934062040655,0.24893606031756457,0.28156920218810544,1
972,2500,5,stress,ccmar,0.2558505160746848,cc,0.1869187544673739,0.020504999486807486,0.14672969397021896,0.22710781496452886,0
972,2500,5,stress,ccmar,0.2558505160746848,seq,0.19322581045661136,0.0197451904445127,0.15452594831748204,0.23192567259574068,0
973,2500,5,stress,ccmar,0.2558505160746848,full,0.2620272809756584,0.009179385649553473,0.2440360157023298,0.28001854624898703,1
973,2500,5,stress,ccmar,0.2558505160746848,cc,0.33639607610541955,0.017619504191689263,0.30186248246425607,0.37092966974658304,0
973,2500,5,stress,ccmar,0.2558505160746848,seq,0.3333892146713413,0.017663408602867497,0.2987695699655061,0.36800885937717653,0
974,2500,5,stress,ccmar,0.2558505160746848,full,0.26468239814442557,0.009192263005806079,0.24666589371662576,0.2826989025722254,1
974,2500,5,stress,ccmar,0.2558505160746848,cc,0.25707526506914274,0.041850520660168096,0.17504975184096383,0.33910077829732166,1
974,2500,5,stress,ccmar,0.2558505160746848,seq,0.26114506892615935,0.04190352651322395,0.17901566613502112,0.3432744717172976,1
975,2500,5,stress,ccmar,0.2558505160746848,full,0.2604319188280314,0.010050277584061164,0.2407337367286413,0.2801301009274215,1
975,2500,5,stress,ccmar,0.2558505160746848,cc,0.2698804663970167,0.030691599842337575,0.20972603607811985,0.3300348967159135,1
975,2500,5,stress,ccmar,0.2558505160746848,seq,0.2623574199092466,0.03098136959464438,0.2016350513120193,0.3230797885064739,1
976,2500,5,stress,ccmar,0.2558505160746848,full,0.25940884655908614,0.009825231379273403,0.24015174691593746,0.2786659462022348,1
976,2500,5,stress,ccmar,0.2558505160746848,cc,0.2713069441174174,0.015300706071951336,0.24131811127835945,0.30129577695647536,1
976,2500,5,stress,ccmar,0.2558505160746848,seq,0.2714015024204602,0.015011661859030377,0.24197918582866706,0.3008238190122533,1
977,2500,5,stress,ccmar,0.2558505160746848,full,0.2534271903850245,0.008977100217322299,0.23583239727346608,0.2710219834965829,1
977,2500,5,stress,ccmar,0.2558505160746848,cc,0.23513334605105268,0.029775184664011488,0.17677505647656083,0.29349163562554453,1
977,2500,5,stress,ccmar,0.2558505160746848,seq,0.2308229374517994,0.02942944683463379,0.17314228157098088,0.28850359333261794,1
978,2500,5,stress,ccmar,0.2558505160746848,full,0.28577752747490076,0.009718299886729172,0.2667300097059519,0.3048250452438496,0
978,2500,5,stress,ccmar,0.2558505160746848,cc,0.2396593774920455,0.019520943841973823,0.20139903061754785,0.27791972436654316,1
978,2500,5,stress,ccmar,0.2558505160746848,seq,0.24158885197517221,0.01900132938400593,0.20434693072413795,0.2788307732262065,1
979,2500,5,stress,ccmar,0.2558505160746848,full,0.25689399290318266,0.009816030354536497,0.2376549269371392,0.2761330588692261,1
979,2500,5,stress,ccmar,0.2558505160746848,cc,0.177292270114734,0.0196110188809138,0.13885537940800796,0.21572916082146004,0
979,2500,5,stress,ccmar,0.2558505160746848,seq,0.1818074364353862,0.01841634461359468,0.1457120642658624,0.21790280860491,0
980,2500,5,stress,ccmar,0.2558505160746848,full,0.23136106661447867,0.009006901569236676,0.21370786392647748,0.24901426930247986,0
980,2500,5,stress,ccmar,0.2558505160746848,cc,0.27757319895577376,0.019552255477784233,0.23925148240279068,0.3158949155087568,1
980,2500,5,stress,ccmar,0.2558505160746848,seq,0.2755291647848966,0.019855254035233395,0.23661358197194554,0.31444474759784763,1
981,2500,5,stress,ccmar,0.2558505160746848,full,0.2529404634042036,0.009735448610077939,0.23385933475511034,0.2720215920532969,1
981,2500,5,stress,ccmar,0.2558505160746848,cc,0.2825537860410669,0.043066413319296615,0.19814516699192947,0.36696240509020434,1
981,2500,5,stress,ccmar,0.2558505160746848,seq,0.2839253175271233,0.04325375448449008,0.1991495165413849,0.3687011185128617,1
982,2500,5,stress,ccmar,0.2558505160746848,full,0.26814115936994415,0.008883824275317366,0.2507291837453395,0.2855531349945488,1
982,2500,5,stress,ccmar,0.2558505160746848,cc,0.28466032335823066,0.01884000701656012,0.2477345881372909,0.3215860585791704,1
982,2500,5,stress,ccmar,0.2558505160746848,seq,0.2859538603801945,0.0186566344659129,0.24938752875427656,0.3225201920061124,1
983,2500,5,stress,ccmar,0.2558505160746848,full,0.2773074641525,0.009424665214259113,0.2588354597662047,0.29577946853879533,0
983,2500,5,stress,ccmar,0.2558505160746848,cc,0.2674622627104885,0.02431562141675344,0.21980452047194096,0.315120004949036,1
983,2500,5,stress,ccmar,0.2558505160746848,seq,0.2686979115434593,0.024063213119760455,0.2215348804764171,0.3158609426105015,1
984,2500,5,stress,ccmar,0.2558505160746848,full,0.2605333635648901,0.008978603118212875,0.24293562482171382,0.27813110230806637,1
984,2500,5,stress,ccmar,0.2558505160746848,cc,0.2389214106281766,0.02686812023515067,0.18626086263498942,0.29158195862136377,1
984,2500,5,stress,ccmar,0.2558505160746848,seq,0.24442944368130098,0.024881674740919242,0.19566225731405928,0.2931966300485427,1
985,2500,5,stress,ccmar,0.2558505160746848,full,0.2716376523780546,0.009440930064936341,0.253133769470218,0.2901415352858912,1
985,2500,5,stress,ccmar,0.2558505160746848,cc,0.34478142054205657,0.022082727848442067,0.3015000692787104,0.3880627718054027,0
985,2500,5,stress,ccmar,0.2558505160746848,seq,0.3455370057212416,0.02181155804744674,0.3027871375015412,0.38828687394094197,0
986,2500,5,stress,ccmar,0.2558505160746848,full,0.2607483711550969,0.008613461170050622,0.24386629747956345,0.2776304448306304,1
986,2500,5,stress,ccmar,0.2558505160746848,cc,0.2567333822434672,0.01540304330066734,0.22654397212184826,0.28692279236508617,1
986,2500,5,stress,ccmar,0.2558505160746848,seq,0.25465557418855145,0.015205108482496201,0.2248541091818344,0.2844570391952685,1
987,2500,5,stress,ccmar,0.2558505160746848,full,0.25323795115676034,0.009013558303888558,0.23557170150858683,0.2709042008049338,1
987,2500,5,stress,ccmar,0.2558505160746848,cc,0.23146577028230644,0.051374412950592724,0.13077377117225658,0.3321577693923563,1
987,2500,5,stress,ccmar,0.2558505160746848,seq,0.2286571638663355,0.051324666881405,0.128062665260266,0.329251662472405,1
988,2500,5,stress,ccmar,0.2558505160746848,full,0.267563232171607,0.009392000840102154,0.24915524878223683,0.28597121556097715,1
988,2500,5,stress,ccmar,0.2558505160746848,cc,0.27377728790594535,0.017436541683984213,0.2396022941904049,0.3079522816214858,1
988,2500,5,stress,ccmar,0.2558505160746848,seq,0.2733900707503505,0.01706659204620371,0.23994016500095347,0.3068399764997475,1
989,2500,5,stress,ccmar,0.2558505160746848,full,0.2560418946529412,0.009006822861606366,0.23838884622906073,0.27369494307682163,1
989,2500,5,stress,ccmar,0.2558505160746848,cc,0.19542922492218467,0.07249272479662515,0.05334609517962566,0.3375123546647437,1
989,2500,5,stress,ccmar,0.2558505160746848,seq,0.19518101585057265,0.07269557706123177,0.052700302975202284,0.337661728725943,1
990,2500,5,stress,ccmar,0.2558505160746848,full,0.25127840816569413,0.009822948281017381,0.23202578331290044,0.27053103301848785,1
990,2500,5,stress,ccmar,0.2558505160746848,cc,0.24006714507721663,0.0577756075985836,0.1268290349990741,0.35330525515535915,1
990,2500,5,stress,ccmar,0.2558505160746848,seq,0.2414304884962443,0.05741912027706991,0.12889108072921374,0.35396989626327485,1
991,2500,5,stress,ccmar,0.2558505160746848,full,0.24946842041977466,0.008832424552830098,0.23215718640006036,0.2667796544394889,1
991,2500,5,stress,ccmar,0.2558505160746848,cc,0.2831120396908412,0.016933945348820277,0.2499221166909839,0.3163019626906985,1
991,2500,5,stress,ccmar,0.2558505160746848,seq,0.2899761929384757,0.016798178859494688,0.257052367368004,0.3229000185089474,0
992,2500,5,stress,ccmar,0.2558505160746848,full,0.2651228374732941,0.01048766480193145,0.24456739217958007,0.2856782827670082,1
992,2500,5,stress,ccmar,0.2558505160746848,cc,0.3505047194772725,0.058998986130855864,0.23486883153641686,0.4661406074181282,1
992,2500,5,stress,ccmar,0.2558505160746848,seq,0.34132637293644413,0.05912542459201597,0.22544267016545402,0.4572100757074342,1
993,2500,5,stress,ccmar,0.2558505160746848,full,0.25602757674955157,0.008700849796038634,0.23897422451442316,0.27308092898467995,1
993,2500,5,stress,ccmar,0.2558505160746848,cc,0.25895961864126865,0.048916272515318014,0.16308548625329883,0.3548337510292385,1
993,2500,5,stress,ccmar,0.2558505160746848,seq,0.25560906755469,0.04881700495585872,0.15992949600809356,0.3512886391012864,1
994,2500,5,stress,ccmar,0.2558505160746848,full,0.2534871721174446,0.00990615609109265,0.23407146295367093,0.27290288128121826,1
994,2500,5,stress,ccmar,0.2558505160746848,cc,0.3019873288798436,0.018656715502125873,0.2654208384258668,0.3385538193338204,0
994,2500,5,stress,ccmar,0.2558505160746848,seq,0.3056749010954298,0.01830027102846871,0.26980702897230935,0.3415427732185502,0
995,2500,5,stress,ccmar,0.2558505160746848,full,0.2721832163002463,0.010523532136880835,0.25155747232181,0.29280896027868253,1
995,2500,5,stress,ccmar,0.2558505160746848,cc,0.13732751919192765,0.1222865978370354,-0.1023498083605954,0.3770048467444507,1
995,2500,5,stress,ccmar,0.2558505160746848,seq,0.13781852545790374,0.12198202248292649,-0.10126184536998731,0.37689889628579476,1
996,2500,5,stress,ccmar,0.2558505160746848,full,0.25514142316253385,0.008440306783820918,0.23859872584777575,0.27168412047729196,1
996,2500,5,stress,ccmar,0.2558505160746848,cc,0.27078913506766966,0.016755468005037973,0.23794902123368206,0.30362924890165727,1
996,2500,5,stress,ccmar,0.2558505160746848,seq,0.2646595060212163,0.016643943956475272,0.23203797530582165,0.29728103673661094,1
997,2500,5,stress,ccmar,0.2558505160746848,full,0.2796319030269396,0.009080974368550314,0.2618335203200496,0.29743028573382957,0
997,2500,5,stress,ccmar,0.2558505160746848,cc,0.2782419099103345,0.014047808880268355,0.25070871044330656,0.3057751093773624,1
997,2500,5,stress,ccmar,0.2558505160746848,seq,0.27971835676870144,0.01340453632492188,0.25344594834239564,0.30599076519500723,1
998,2500,5,stress,ccmar,0.2558505160746848,full,0.27460826792571813,0.009595554772756937,0.25580132615943313,0.29341520969200313,1
998,2500,5,stress,ccmar,0.2558505160746848,cc,0.2961180659887872,0.018386884195667186,0.2600804351773708,0.3321556968002036,0
998,2500,5,stress,ccmar,0.2558505160746848,seq,0.28982110614558343,0.018250475767117923,0.2540508309413113,0.32559138134985555,1
999,2500,5,stress,ccmar,0.2558505160746848,full,0.27192437672597275,0.008615197279700837,0.25503890033805166,0.28880985311389384,1
999,2500,5,stress,ccmar,0.2558505160746848,cc,0.3179387610182395,0.02445407103824106,0.270009662507903,0.365867859528576,0
999,2500,5,stress,ccmar,0.2558505160746848,seq,0.3239584365564691,0.024388227620161865,0.27615838877418686,0.37175848433875136,0
1000,2500,5,stress,ccmar,0.2558505160746848,full,0.24457181313002913,0.00854075397192848,0.22783224294423188,0.2613113833158264,1
1000,2500,5,stress,ccmar,0.2558505160746848,cc,0.28969963706598284,0.02142432642756706,0.24770872887492174,0.33169054525704394,1
1000,2500,5,stress,ccmar,0.2558505160746848,seq,0.2919506655447803,0.021008611211994297,0.2507745442040671,0.33312678688549346,1
