replicate,n,folds,design,scenario,psi,estimator,estimate,se,ci_lo,ci_hi,covered
1,2500,5,stress,ccmar,0.2558505160746848,full,0.2474918318231617,0.00903691950300423,0.2297797950660858,0.2652038685802376,1
1,2500,5,stress,ccmar,0.2558505160746848,cc,0.2962106892840536,0.040115816525892044,0.21758513368288845,0.3748362448852187,1
1,2500,5,stress,ccmar,0.2558505160746848,seq,0.28997123047449075,0.035820774814366144,0.21976380194001366,0.36017865900896784,1
2,2500,5,stress,ccmar,0.2558505160746848,full,0.2610865080956455,0.008584843550087986,0.24426052392456205,0.2779124922667289,1
2,2500,5,stress,ccmar,0.2558505160746848,cc,0.30782487226219046,0.02450838168252797,0.2597893268450745,0.35586041767930643,0
2,2500,5,stress,ccmar,0.2558505160746848,seq,0.3082160606547275,0.026546686069480626,0.25618551204965434,0.3602466092598007,0
3,2500,5,stress,ccmar,0.2558505160746848,full,0.24579694238757074,0.009255759190884252,0.22765598772386203,0.26393789705127946,1
3,2500,5,stress,ccmar,0.2558505160746848,cc,0.2855125752689423,0.017884366089485005,0.25045986184722224,0.32056528869066236,1
3,2500,5,stress,ccmar,0.2558505160746848,seq,0.29627030556377304,0.0173800832952395,0.2622059682567974,0.3303346428707487,0
4,2500,5,stress,ccmar,0.2558505160746848,full,0.2715117774280281,0.00900724137499499,0.2538579087329789,0.2891656461230773,1
4,2500,5,stress,ccmar,0.2558505160746848,cc,0.23288567311671227,0.02465741620874529,0.18455802539575733,0.2812133208376672,1
4,2500,5,stress,ccmar,0.2558505160746848,seq,0.23192556531206723,0.028568274677863305,0.17593277584300754,0.28791835478112693,1
5,2500,5,stress,ccmar,0.2558505160746848,full,0.23493533316491552,0.009935348090850426,0.2154624087329799,0.25440825759685115,0
5,2500,5,stress,ccmar,0.2558505160746848,cc,0.24960774042385173,0.025943919860414305,0.19875859187964626,0.30045688896805717,1
5,2500,5,stress,ccmar,0.2558505160746848,seq,0.24365395619793243,0.025634905844725275,0.19341046399519557,0.2938974484006693,1
6,2500,5,stress,ccmar,0.2558505160746848,full,0.2628010359662023,0.010052986298228539,0.24309754488459973,0.2825045270478049,1
6,2500,5,stress,ccmar,0.2558505160746848,cc,0.22127502834688076,0.05286790964100078,0.11765582951260134,0.3248942271811602,1
6,2500,5,stress,ccmar,0.2558505160746848,seq,0.21842963892117254,0.05137295744650527,0.11774049254671343,0.31911878529563165,1
7,2500,5,stress,ccmar,0.2558505160746848,full,0.26416973316246595,0.009332425635337932,0.24587851502880526,0.28246095129612664,1
7,2500,5,stress,ccmar,0.2558505160746848,cc,0.2267878106631207,0.018438942892964688,0.19064814667991914,0.26292747464632227,1
7,2500,5,stress,ccmar,0.2558505160746848,seq,0.2279932618361888,0.01845808262585694,0.19181608466584468,0.2641704390065329,1
8,2500,5,stress,ccmar,0.2558505160746848,full,0.2566999000418064,0.009071149148455672,0.23892077441244208,0.27447902567117066,1
8,2500,5,stress,ccmar,0.2558505160746848,cc,0.26333902676304394,0.026053535541412057,0.21227503543194204,0.31440301809414584,1
8,2500,5,stress,ccmar,0.2558505160746848,seq,0.26678842751436493,0.027339345327749252,0.213204295311073,0.3203725597176569,1
9,2500,5,stress,ccmar,0.2558505160746848,full,0.26277877561934504,0.009136497005796938,0.244871570543125,0.28068598069556505,1
9,2500,5,stress,ccmar,0.2558505160746848,cc,0.24836591442329944,0.024477752070190702,0.2003904019432249,0.29634142690337395,1
9,2500,5,stress,ccmar,0.2558505160746848,seq,0.24151617694687438,0.025110448255299827,0.19230060273083008,0.29073175116291866,1
10,2500,5,stress,ccmar,0.2558505160746848,full,0.2542451674218158,0.008943389911685336,0.23671644529521368,0.2717738895484179,1
10,2500,5,stress,ccmar,0.2558505160746848,cc,0.2637895213147159,0.01994838252939639,0.22469141000727094,0.30288763262216084,1
10,2500,5,stress,ccmar,0.2558505160746848,seq,0.2527552610309017,0.020826208557751427,0.211936642323189,0.2935738797386143,1
11,2500,5,stress,ccmar,0.2558505160746848,full,0.2612742751455311,0.01076444052453901,0.24017635940371118,0.282372190887351,1
11,2500,5,stress,ccmar,0.2558505160746848,cc,0.2673895051909419,0.01806011511594727,0.23199233000703784,0.30278668037484596,1
11,2500,5,stress,ccmar,0.2558505160746848,seq,0.2719748976001442,0.017825543325361633,0.23703747467757705,0.30691232052271133,1
12,2500,5,stress,ccmar,0.2558505160746848,full,0.2703134185462217,0.010390472627220709,0.24994846641451984,0.29067837067792357,1
12,2500,5,stress,ccmar,0.2558505160746848,cc,0.24339801992481058,0.024545822123290675,0.19528909259223437,0.2915069472573868,1
12,2500,5,stress,ccmar,0.2558505160746848,seq,0.24247688705765785,0.02442100737127987,0.19461259214376214,0.29034118197155356,1
13,2500,5,stress,ccmar,0.2558505160746848,full,0.2689494484536457,0.008951989054442595,0.25140387231694145,0.28649502459035,1
13,2500,5,stress,ccmar,0.2558505160746848,cc,0.2352069266070098,0.029055235591739847,0.17825971128487336,0.29215414192914624,1
13,2500,5,stress,ccmar,0.2558505160746848,seq,0.22859853095195376,0.03246418999518886,0.16496988777411803,0.2922271741297895,1
14,2500,5,stress,ccmar,0.2558505160746848,full,0.24644729310976854,0.009070155934291392,0.22867011414439517,0.26422447207514194,1
14,2500,5,stress,ccmar,0.2558505160746848,cc,0.24996772512097878,0.020414550397287318,0.2099559415817178,0.2899795086602398,1
14,2500,5,stress,ccmar,0.2558505160746848,seq,0.2509871873897113,0.019518760642721626,0.21273111950711907,0.2892432552723036,1
15,2500,5,stress,ccmar,0.2558505160746848,full,0.2705245249181123,0.010052173594976135,0.25082262670561456,0.29022642313061003,1
15,2500,5,stress,ccmar,0.2558505160746848,cc,0.21900660712854078,0.04453654059069208,0.13171659157477808,0.3062966226823035,1
15,2500,5,stress,ccmar,0.2558505160746848,seq,0.2193256582575474,0.04560522866760598,0.12994105256232608,0.30871026395276874,1
16,2500,5,stress,ccmar,0.2558505160746848,full,0.24469291318867323,0.009641527594928347,0.22579586634666457,0.26358996003068186,1
16,2500,5,stress,ccmar,0.2558505160746848,cc,0.23117500940213404,0.022769408416555437,0.1865477889564022,0.27580222984786584,1
16,2500,5,stress,ccmar,0.2558505160746848,seq,0.23362895554842725,0.021434938205128654,0.19161724865553345,0.275640662441321,1
17,2500,5,stress,ccmar,0.2558505160746848,full,0.27268691186626953,0.013597047350243497,0.2460371887637065,0.29933663496883256,1
17,2500,5,stress,ccmar,0.2558505160746848,cc,0.28313686209098177,0.038679318042828224,0.20732679178046814,0.3589469324014954,1
17,2500,5,stress,ccmar,0.2558505160746848,seq,0.27686356541572277,0.03701826698492825,0.20430909535517527,0.34941803547627026,1
18,2500,5,stress,ccmar,0.2558505160746848,full,0.2669466598621526,0.009010708130762338,0.2492859964506562,0.284607323273649,1
18,2500,5,stress,ccmar,0.2558505160746848,cc,0.2814319572849734,0.03167862128260493,0.21934300049118366,0.3435209140787631,1
18,2500,5,stress,ccmar,0.2558505160746848,seq,0.28479938402422633,0.03368231551081653,0.2187832587071111,0.35081550934134154,1
19,2500,5,stress,ccmar,0.2558505160746848,full,0.2650789359742183,0.009636963492900021,0.2461908346078069,0.28396703734062967,1
19,2500,5,stress,ccmar,0.2558505160746848,cc,0.24269587536834078,0.035538776810051,0.17304115276603355,0.312350597970648,1
19,2500,5,stress,ccmar,0.2558505160746848,seq,0.2285760781519266,0.03864362631117284,0.1528359623500034,0.3043161939538498,1
20,2500,5,stress,ccmar,0.2558505160746848,full,0.23807497462949287,0.009081873428581987,0.22027482979732088,0.25587511946166486,1
20,2500,5,stress,ccmar,0.2558505160746848,cc,0.20808836565283018,0.02383192280177328,0.16137865527901565,0.2547980760266447,0
20,2500,5,stress,ccmar,0.2558505160746848,seq,0.19920329723355554,0.02282070384310575,0.15447553959921345,0.24393105486789762,0
21,2500,5,stress,ccmar,0.2558505160746848,full,0.25694250675601404,0.00906000802826611,0.23918521732096873,0.2746997961910594,1
21,2500,5,stress,ccmar,0.2558505160746848,cc,0.18166399128909558,0.019838297747907033,0.14278164218861572,0.22054634038957543,0
21,2500,5,stress,ccmar,0.2558505160746848,seq,0.1930649995607648,0.017754494000058022,0.1582668307569186,0.227863168364611,0
22,2500,5,stress,ccmar,0.2558505160746848,full,0.2620458082150565,0.01045264129885375,0.2415590077259872,0.28253260870412583,1
22,2500,5,stress,ccmar,0.2558505160746848,cc,0.22341919425490797,0.019957951170953073,0.18430232875463096,0.262536059755185,1
22,2500,5,stress,ccmar,0.2558505160746848,seq,0.21490113635810404,0.022233644391407084,0.17132399410587518,0.2584782786103329,1
23,2500,5,stress,ccmar,0.2558505160746848,full,0.22510979280026805,0.009677486177684196,0.20614226843112282,0.24407731716941328,0
23,2500,5,stress,ccmar,0.2558505160746848,cc,0.20579746378735353,0.019749183037525615,0.16708977630971397,0.2445051512649931,0
23,2500,5,stress,ccmar,0.2558505160746848,seq,0.19420934571588083,0.02069409030132052,0.15364967403247298,0.23476901739928868,0
24,2500,5,stress,ccmar,0.2558505160746848,full,0.2490405972853206,0.008854846284667248,0.2316854174787345,0.2663957770919067,1
24,2500,5,stress,ccmar,0.2558505160746848,cc,0.26816311980742935,0.016515455156508433,0.2357934225123865,0.3005328171024722,1
24,2500,5,stress,ccmar,0.2558505160746848,seq,0.27087796791880075,0.016702824567600125,0.23814103332621372,0.3036149025113878,1
25,2500,5,stress,ccmar,0.2558505160746848,full,0.2610855253355577,0.009570704140840849,0.24232728991282126,0.2798437607582941,1
25,2500,5,stress,ccmar,0.2558505160746848,cc,0.2809978188439849,0.024486865434050705,0.23300444449896676,0.32899119318900305,1
25,2500,5,stress,ccmar,0.2558505160746848,seq,0.2878371005385483,0.022890423151313743,0.2429726955710915,0.3327015055060051,1
26,2500,5,stress,ccmar,0.2558505160746848,full,0.2283094376095672,0.009086415313514338,0.21050039084650587,0.24611848437262854,0
26,2500,5,stress,ccmar,0.2558505160746848,cc,0.23679261986287,0.017547186812034158,0.20240076568128684,0.27118447404445317,1
26,2500,5,stress,ccmar,0.2558505160746848,seq,0.22300183276661736,0.017966035759877666,0.18778904973229843,0.2582146158009363,1
27,2500,5,stress,ccmar,0.2558505160746848,full,0.2825488092115135,0.01489125007376431,0.253362495382156,0.311735123040871,1
27,2500,5,stress,ccmar,0.2558505160746848,cc,0.2496907601292056,0.014057939065389873,0.2221377058641828,0.2772438143942284,1
27,2500,5,stress,ccmar,0.2558505160746848,seq,0.2485706141641619,0.013595690619044237,0.2219235502058861,0.2752176781224377,1
28,2500,5,stress,ccmar,0.2558505160746848,full,0.25981914945658,0.008905646124927103,0.24236440379266422,0.27727389512049583,1
28,2500,5,stress,ccmar,0.2558505160746848,cc,0.1470596591672319,0.08039921256337676,-0.010519901842366786,0.3046392201768306,1
28,2500,5,stress,ccmar,0.2558505160746848,seq,0.17144055916851658,0.06715071344243954,0.03982757928516539,0.30305353905186777,1
29,2500,5,stress,ccmar,0.2558505160746848,full,0.2461906608409663,0.00906008177942983,0.22843322685629627,0.26394809482563636,1
29,2500,5,stress,ccmar,0.2558505160746848,cc,0.2532061878926182,0.027298330060418284,0.1997024441361112,0.30670993164912513,1
29,2500,5,stress,ccmar,0.2558505160746848,seq,0.24955696210144734,0.032732036392273935,0.18540334963193605,0.31371057457095863,1
30,2500,5,stress,ccmar,0.2558505160746848,full,0.2512630168385122,0.008909573853859288,0.23380057296734827,0.2687254607096761,1
30,2500,5,stress,ccmar,0.2558505160746848,cc,0.23829885813272536,0.023145719851096924,0.1929340808283216,0.28366363543712914,1
30,2500,5,stress,ccmar,0.2558505160746848,seq,0.23811337809339655,0.02392072722447877,0.1912296142494114,0.28499714193738174,1
31,2500,5,stress,ccmar,0.2558505160746848,full,0.249022387129492,0.009451755097618876,0.23049728754746615,0.26754748671151785,1
31,2500,5,stress,ccmar,0.2558505160746848,cc,0.24476396962796415,0.028077249860142827,0.18973357111715194,0.29979436813877636,1
31,2500,5,stress,ccmar,0.2558505160746848,seq,0.24209872451872488,0.027186590908635466,0.1888139854753753,0.29538346356207446,1
32,2500,5,stress,ccmar,0.2558505160746848,full,0.24995168029561055,0.010418097263436527,0.22953258487183967,0.27037077571938145,1
32,2500,5,stress,ccmar,0.2558505160746848,cc,0.2450358204814338,0.026508096816052696,0.19308090542326964,0.296990735539598,1
32,2500,5,stress,ccmar,0.2558505160746848,seq,0.23504961153723233,0.035979803920651046,0.16453049168194325,0.3055687313925214,1
33,2500,5,stress,ccmar,0.2558505160746848,full,0.2730621787888667,0.008780754733981044,0.25585221575318423,0.29027214182454913,0
33,2500,5,stress,ccmar,0.2558505160746848,cc,0.2595342997257557,0.02632798614716923,0.20793239509183456,0.31113620435967687,1
33,2500,5,stress,ccmar,0.2558505160746848,seq,0.25569319866823315,0.02706735702469091,0.20264215374315173,0.30874424359331454,1
34,2500,5,stress,ccmar,0.2558505160746848,full,0.2572673887542476,0.008862336761497742,0.23989752788284668,0.2746372496256485,1
34,2500,5,stress,ccmar,0.2558505160746848,cc,0.23719907514617544,0.026847204643163564,0.18457952095999836,0.28981862933235253,1
34,2500,5,stress,ccmar,0.2558505160746848,seq,0.24690268759907186,0.02911970998322016,0.1898291047917089,0.3039762704064348,1
35,2500,5,stress,ccmar,0.2558505160746848,full,0.24721776248810423,0.009027603042528158,0.22952398565802482,0.2649115393181836,1
35,2500,5,stress,ccmar,0.2558505160746848,cc,0.20962219282767447,0.01824962132354134,0.17385359230203926,0.24539079335330968,0
35,2500,5,stress,ccmar,0.2558505160746848,seq,0.2118703202251402,0.018674516132855992,0.17526894117603026,0.24847169927425017,0
36,2500,5,stress,ccmar,0.2558505160746848,full,0.24832510708582958,0.009285507764683176,0.23012584628888352,0.2665243678827756,1
36,2500,5,stress,ccmar,0.2558505160746848,cc,0.29523655076167904,0.02184064354561938,0.25242967601308786,0.3380434255102702,1
36,2500,5,stress,ccmar,0.2558505160746848,seq,0.2918713208075908,0.02208338963106195,0.24858867247414412,0.3351539691410375,1
37,2500,5,stress,ccmar,0.2558505160746848,full,0.24412277393769044,0.00871903963387602,0.22703377027551613,0.26121177759986475,1
37,2500,5,stress,ccmar,0.2558505160746848,cc,0.2676544573449144,0.036847042270345506,0.19543558155821222,0.33987333313161655,1
37,2500,5,stress,ccmar,0.2558505160746848,seq,0.2773684719528063,0.04315282377437695,0.19279049152382366,0.3619464523817889,1
38,2500,5,stress,ccmar,0.2558505160746848,full,0.2499000990527543,0.009710358718231765,0.2308681456880555,0.26893205241745305,1
38,2500,5,stress,ccmar,0.2558505160746848,cc,0.2799772206830161,0.03145882954022335,0.2183190477883936,0.3416353935776386,1
38,2500,5,stress,ccmar,0.2558505160746848,seq,0.27836372031892953,0.03324760279375329,0.2131996162708798,0.34352782436697926,1
39,2500,5,stress,ccmar,0.2558505160746848,full,0.25961864353869446,0.00866002551305663,0.24264530542790547,0.27659198164948345,1
39,2500,5,stress,ccmar,0.2558505160746848,cc,0.246745994082708,0.015615602756267602,0.2161399750835391,0.2773520130818769,1
39,2500,5,stress,ccmar,0.2558505160746848,seq,0.25505166722788136,0.015018385591210786,0.22561617236317294,0.2844871620925898,1
40,2500,5,stress,ccmar,0.2558505160746848,full,0.27952308731124187,0.008813639717727438,0.26224867089178433,0.2967975037306994,0
40,2500,5,stress,ccmar,0.2558505160746848,cc,0.2789796090875572,0.014677992740447888,0.25021127195093895,0.30774794622417545,1
40,2500,5,stress,ccmar,0.2558505160746848,seq,0.27921368436973987,0.015355725392824331,0.249117015643317,0.3093103530961627,1
41,2500,5,stress,ccmar,0.2558505160746848,full,0.25816354756831394,0.009158649833624237,0.24021292374739667,0.2761141713892312,1
41,2500,5,stress,ccmar,0.2558505160746848,cc,0.28607313273292084,0.03247694051265462,0.22241949900006797,0.3497267664657737,1
41,2500,5,stress,ccmar,0.2558505160746848,seq,0.2887263692599864,0.03969208145793523,0.21093131913100327,0.36652141938896954,1
42,2500,5,stress,ccmar,0.2558505160746848,full,0.25402275433251265,0.009105627946382614,0.2361760515009813,0.271869457164044,1
42,2500,5,stress,ccmar,0.2558505160746848,cc,0.25597938696182143,0.017591131394219597,0.22150140298183915,0.2904573709418037,1
42,2500,5,stress,ccmar,0.2558505160746848,seq,0.24826831139921177,0.01767859584478214,0.21361890024619934,0.2829177225522242,1
43,2500,5,stress,ccmar,0.2558505160746848,full,0.2560065825391755,0.0099289192343407,0.23654625843446075,0.2754669066438903,1
43,2500,5,stress,ccmar,0.2558505160746848,cc,0.2882473816601802,0.02070528849305421,0.24766576192428236,0.32882900139607807,1
43,2500,5,stress,ccmar,0.2558505160746848,seq,0.28506509761044224,0.019231130785093715,0.24737277388967907,0.32275742133120544,1
44,2500,5,stress,ccmar,0.2558505160746848,full,0.2573330203405962,0.009218484453990709,0.23926512281873202,0.27540091786246035,1
44,2500,5,stress,ccmar,0.2558505160746848,cc,0.2106461370910104,0.01537003090473358,0.180521430076465,0.2407708441055558,0
44,2500,5,stress,ccmar,0.2558505160746848,seq,0.2171840701218051,0.01571998292970828,0.18637346974199243,0.24799467050161778,0
45,2500,5,stress,ccmar,0.2558505160746848,full,0.24791458292996127,0.009626270757353011,0.22904743894011825,0.2667817269198043,1
45,2500,5,stress,ccmar,0.2558505160746848,cc,0.23432695102665238,0.02628899090220522,0.18280147566842903,0.28585242638487574,1
45,2500,5,stress,ccmar,0.2558505160746848,seq,0.24042846405884633,0.028452202944544945,0.18466317100671376,0.2961937571109789,1
46,2500,5,stress,ccmar,0.2558505160746848,full,0.25478564082547317,0.01054021193061636,0.2341272050520457,0.27544407659890063,1
46,2500,5,stress,ccmar,0.2558505160746848,cc,0.15826187409818854,0.07619345881516451,0.008925438962930188,0.3075983092334469,1
46,2500,5,stress,ccmar,0.2558505160746848,seq,0.15290090939596232,0.07722561557353737,0.0015414841878935714,0.30426033460403107,1
47,2500,5,stress,ccmar,0.2558505160746848,full,0.25925852179576764,0.008873256082073398,0.2418672594493028,0.2766497841422325,1
47,2500,5,stress,ccmar,0.2558505160746848,cc,0.23141923150866883,0.017857858547153594,0.196418471915237,0.26641999110210063,1
47,2500,5,stress,ccmar,0.2558505160746848,seq,0.23814513127836623,0.018326533748066275,0.20222578517069847,0.27406447738603396,1
48,2500,5,stress,ccmar,0.2558505160746848,full,0.26122860908226564,0.009326067669435698,0.24294985233278826,0.279507365831743,1
48,2500,5,stress,ccmar,0.2558505160746848,cc,0.20863666952318735,0.029507057795025472,0.15080389895519558,0.2664694400911791,1
48,2500,5,stress,ccmar,0.2558505160746848,seq,0.20281587508833013,0.03122824606516491,0.14160963750025224,0.264022112676408,1
49,2500,5,stress,ccmar,0.2558505160746848,full,0.2703860509925503,0.010567647187683698,0.24967384310336427,0.29109825888173635,1
49,2500,5,stress,ccmar,0.2558505160746848,cc,0.25758502095398655,0.02691766296117336,0.20482737100209897,0.31034267090587414,1
49,2500,5,stress,ccmar,0.2558505160746848,seq,0.247314430187555,0.02781147793432562,0.19280493507944635,0.30182392529566365,1
50,2500,5,stress,ccmar,0.2558505160746848,full,0.25208499517042604,0.009311897875126474,0.2338340107074631,0.270335979633389,1
50,2500,5,stress,ccmar,0.2558505160746848,cc,0.25559498834262206,0.026398486343328004,0.20385490586332672,0.3073350708219174,1
50,2500,5,stress,ccmar,0.2558505160746848,seq,0.2552771798330524,0.0264877598396965,0.20336212451610086,0.307192235150004,1
51,2500,5,stress,ccmar,0.2558505160746848,full,0.2540057489446616,0.00936770806499286,0.2356453785195902,0.272366119369733,1
51,2500,5,stress,ccmar,0.2558505160746848,cc,0.26828836136575446,0.018122185451519265,0.23276953055962096,0.30380719217188795,1
51,2500,5,stress,ccmar,0.2558505160746848,seq,0.26457676937004154,0.0184176906598097,0.2284787589984148,0.3006747797416683,1
52,2500,5,stress,ccmar,0.2558505160746848,full,0.24818297913876872,0.010492691330322405,0.22761768203044114,0.2687482762470963,1
52,2500,5,stress,ccmar,0.2558505160746848,cc,0.3449348919169876,0.07390781525323215,0.20007823584461257,0.48979154798936264,1
52,2500,5,stress,ccmar,0.2558505160746848,seq,0.38110686965915036,0.10428136203447538,0.17671915581279607,0.5854945835055047,1
53,2500,5,stress,ccmar,0.2558505160746848,full,0.268544961617845,0.009707357134655004,0.2495188912488533,0.28757103198683676,1
53,2500,5,stress,ccmar,0.2558505160746848,cc,0.32896158649110013,0.03712649873461111,0.25619498609919045,0.4017281868830098,0
53,2500,5,stress,ccmar,0.2558505160746848,seq,0.33747173068718583,0.03566727742082721,0.2675651515157658,0.40737830985860585,0
54,2500,5,stress,ccmar,0.2558505160746848,full,0.25578990817855235,0.009566311637399716,0.23704028190436252,0.2745395344527422,1
54,2500,5,stress,ccmar,0.2558505160746848,cc,0.2516784443964534,0.019216443399049103,0.21401490742336474,0.28934198136954214,1
54,2500,5,stress,ccmar,0.2558505160746848,seq,0.25321615854705215,0.019180418066690824,0.21562322992791677,0.29080908716618753,1
55,2500,5,stress,ccmar,0.2558505160746848,full,0.26866944297529516,0.008986257541595391,0.25105670183796674,0.28628218411262357,1
55,2500,5,stress,ccmar,0.2558505160746848,cc,0.23065838407900538,0.03173498910886104,0.16845894837586686,0.29285781978214387,1
55,2500,5,stress,ccmar,0.2558505160746848,seq,0.24432084377213986,0.031707394671004356,0.1821754921733741,0.30646619537090564,1
56,2500,5,stress,ccmar,0.2558505160746848,full,0.25345315841947086,0.009043927969896629,0.23572738531969903,0.2711789315192427,1
56,2500,5,stress,ccmar,0.2558505160746848,cc,0.20979067727232742,0.021137074573857988,0.16836277236902847,0.25121858217562637,0
56,2500,5,stress,ccmar,0.2558505160746848,seq,0.1996781431449483,0.022299471526657497,0.1559719820784232,0.24338430421147342,0
57,2500,5,stress,ccmar,0.2558505160746848,full,0.24904558959085607,0.009264352629223503,0.23088779209749904,0.2672033870842131,1
57,2500,5,stress,ccmar,0.2558505160746848,cc,0.23626615343482618,0.023657949476465122,0.18989742451288633,0.28263488235676604,1
57,2500,5,stress,ccmar,0.2558505160746848,seq,0.2392504810616966,0.023803876513779004,0.19259574040225091,0.2859052217211423,1
58,2500,5,stress,ccmar,0.2558505160746848,full,0.24670472922771924,0.010887170442734195,0.22536626726641124,0.26804319118902725,1
58,2500,5,stress,ccmar,0.2558505160746848,cc,0.2709310249229779,0.022824193319985343,0.22619642803962692,0.31566562180632884,1
58,2500,5,stress,ccmar,0.2558505160746848,seq,0.2670815784423201,0.022085150925155266,0.22379547803588434,0.3103676788487559,1
59,2500,5,stress,ccmar,0.2558505160746848,full,0.25494137505032477,0.009432690345705907,0.23645364169542252,0.273429108405227,1
59,2500,5,stress,ccmar,0.2558505160746848,cc,0.2653743720154444,0.0223061117197263,0.22165519640965403,0.30909354762123475,1
59,2500,5,stress,ccmar,0.2558505160746848,seq,0.2674845846162476,0.023190256167214485,0.22203251773624932,0.31293665149624583,1
60,2500,5,stress,ccmar,0.2558505160746848,full,0.2584212422375592,0.00906760793935485,0.24064905725049424,0.27619342722462414,1
60,2500,5,stress,ccmar,0.2558505160746848,cc,0.2670465933788781,0.019311724240535087,0.22919630938806018,0.304896877369696,1
60,2500,5,stress,ccmar,0.2558505160746848,seq,0.26081926649752074,0.020482045578833503,0.22067519483329923,0.30096333816174226,1
61,2500,5,stress,ccmar,0.2558505160746848,full,0.2550288983529214,0.009194986864958137,0.23700705525928462,0.2730507414465582,1
61,2500,5,stress,ccmar,0.2558505160746848,cc,0.2875050530252889,0.021078251362619805,0.24619243949747177,0.328817666553106,1
61,2500,5,stress,ccmar,0.2558505160746848,seq,0.2916639565347632,0.020538507530168025,0.2514092214794291,0.33191869159009724,1
62,2500,5,stress,ccmar,0.2558505160746848,full,0.24552440856357763,0.0091683431193673,0.2275547862517121,0.26349403087544315,1
62,2500,5,stress,ccmar,0.2558505160746848,cc,0.25227508961018064,0.043244039942486864,0.16751832877689482,0.33703185044346645,1
62,2500,5,stress,ccmar,0.2558505160746848,seq,0.26811733771194635,0.060948058466858655,0.14866133818926186,0.38757333723463083,1
63,2500,5,stress,ccmar,0.2558505160746848,full,0.2566652032161107,0.008579407132145507,0.23984987422839943,0.27348053220382196,1
63,2500,5,stress,ccmar,0.2558505160746848,cc,0.2598137078290348,0.02111611335918131,0.21842688615157432,0.30120052950649523,1
63,2500,5,stress,ccmar,0.2558505160746848,seq,0.25320284584918246,0.022175469219498197,0.20973972483868944,0.29666596685967545,1
64,2500,5,stress,ccmar,0.2558505160746848,full,0.23579395360598168,0.011549706305475948,0.21315694521523365,0.2584309619967297,1
64,2500,5,stress,ccmar,0.2558505160746848,cc,0.3203580474159623,0.025570610528629543,0.27024057171714766,0.37047552311477694,0
64,2500,5,stress,ccmar,0.2558505160746848,seq,0.3167099992780049,0.02801558322205519,0.26180046515689215,0.3716195333991177,0
65,2500,5,stress,ccmar,0.2558505160746848,full,0.2570340833112716,0.010353437834287773,0.2367417180398932,0.27732644858265,1
65,2500,5,stress,ccmar,0.2558505160746848,cc,0.23915906023264744,0.023280669994623367,0.19352978550722333,0.28478833495807154,1
65,2500,5,stress,ccmar,0.2558505160746848,seq,0.23629029518446024,0.02494341094975461,0.18740210807135918,0.2851784822975613,1
66,2500,5,stress,ccmar,0.2558505160746848,full,0.23704817180087995,0.009258143840589223,0.21890254330963374,0.2551938002921262,0
66,2500,5,stress,ccmar,0.2558505160746848,cc,0.20830281771909231,0.020473366537345966,0.1681757566636067,0.24842987877457792,0
66,2500,5,stress,ccmar,0.2558505160746848,seq,0.21630317998851248,0.020117938194066265,0.17687274568493982,0.25573361429208513,0
67,2500,5,stress,ccmar,0.2558505160746848,full,0.24063646194225466,0.008850827682398076,0.2232891584513843,0.257983765433125,1
67,2500,5,stress,ccmar,0.2558505160746848,cc,0.1900224507803207,0.044077353088963954,0.10363242619209606,0.27641247536854535,1
67,2500,5,stress,ccmar,0.2558505160746848,seq,0.2050783963732239,0.037872589669073004,0.13084948462057708,0.2793073081258707,1
68,2500,5,stress,ccmar,0.2558505160746848,full,0.25630611462766567,0.009973090759069395,0.23675921592534044,0.2758530133299909,1
68,2500,5,stress,ccmar,0.2558505160746848,cc,0.274737000966125,0.018914556369828438,0.23766515169770863,0.3118088502345414,1
68,2500,5,stress,ccmar,0.2558505160746848,seq,0.2746973377909437,0.019508689227261036,0.23646100951992752,0.3129336660619598,1
69,2500,5,stress,ccmar,0.2558505160746848,full,0.26390796558237856,0.009126531456128757,0.2460202926245943,0.2817956385401628,1
69,2500,5,stress,ccmar,0.2558505160746848,cc,0.29019056174926666,0.030033471686679226,0.23132603891267195,0.3490550845858614,1
69,2500,5,stress,ccmar,0.2558505160746848,seq,0.28264257900845835,0.028754894012802953,0.22628402236409811,0.3390011356528186,1
70,2500,5,stress,ccmar,0.2558505160746848,full,0.24248454192605454,0.008412533881407306,0.22599627849977327,0.2589728053523358,1
70,2500,5,stress,ccmar,0.2558505160746848,cc,0.24421507210694549,0.015147726026449825,0.2145260746474238,0.2739040695664672,1
70,2500,5,stress,ccmar,0.2558505160746848,seq,0.23649065736084454,0.015530825519461302,0.20605079869252482,0.2669305160291643,1
71,2500,5,stress,ccmar,0.2558505160746848,full,0.2551685236268368,0.008786665340645622,0.237946976014965,0.27239007123870856,1
71,2500,5,stress,ccmar,0.2558505160746848,cc,0.226697058071508,0.030580516554784984,0.16676034699549852,0.2866337691475175,1
71,2500,5,stress,ccmar,0.2558505160746848,seq,0.2224106867350276,0.032053426993036954,0.15958712424759114,0.28523424922246404,1
72,2500,5,stress,ccmar,0.2558505160746848,full,0.2472505339578971,0.010114982154302721,0.22742553323119838,0.2670755346845958,1
72,2500,5,stress,ccmar,0.2558505160746848,cc,0.24148144705959265,0.030826651150041923,0.18106232104153025,0.30190057307765505,1
72,2500,5,stress,ccmar,0.2558505160746848,seq,0.24733997704385607,0.0318641185072485,0.18488745237053283,0.3097925017171793,1
73,2500,5,stress,ccmar,0.2558505160746848,full,0.24760146004634562,0.008849589268165507,0.23025658380276906,0.2649463362899222,1
73,2500,5,stress,ccmar,0.2558505160746848,cc,0.25885853234723216,0.028390281836841398,0.20321460243608136,0.31450246225838296,1
73,2500,5,stress,ccmar,0.2558505160746848,seq,0.2541402795199375,0.029332193791068398,0.19665023610189405,0.311630322937981,1
74,2500,5,stress,ccmar,0.2558505160746848,full,0.2654912044736599,0.011340678165296506,0.24326388370941898,0.28771852523790087,1
74,2500,5,stress,ccmar,0.2558505160746848,cc,0.27092704090272957,0.016960769165056025,0.23768454418912227,0.30416953761633686,1
74,2500,5,stress,ccmar,0.2558505160746848,seq,0.2690745341415735,0.01750085671793847,0.23477348527581826,0.30337558300732875,1
75,2500,5,stress,ccmar,0.2558505160746848,full,0.24085878709294548,0.009405300128224946,0.22242473757783462,0.2592928366080563,1
75,2500,5,stress,ccmar,0.2558505160746848,cc,0.2426589277865666,0.016914508418881865,0.2095071004693586,0.27581075510377456,1
75,2500,5,stress,ccmar,0.2558505160746848,seq,0.24634024502349638,0.017076759537162502,0.212870411358007,0.2798100786889858,1
76,2500,5,stress,ccmar,0.2558505160746848,full,0.2570512358593361,0.01167424124933053,0.23417014346381637,0.2799323282548558,1
76,2500,5,stress,ccmar,0.2558505160746848,cc,0.2629040922147552,0.028672080519762187,0.20670784703418882,0.31910033739532156,1
76,2500,5,stress,ccmar,0.2558505160746848,seq,0.24804771831765976,0.033911771598810064,0.18158186733204373,0.3145135693032758,1
77,2500,5,stress,ccmar,0.2558505160746848,full,0.2648568275819305,0.00904918372284614,0.247120753395666,0.282592901768195,1
77,2500,5,stress,ccmar,0.2558505160746848,cc,0.3127882683424111,0.051705932923387155,0.21144650202552842,0.41413003465929377,1
77,2500,5,stress,ccmar,0.2558505160746848,seq,0.2999264263078046,0.053348400843548124,0.19536548202164403,0.4044873705939651,1
78,2500,5,stress,ccmar,0.2558505160746848,full,0.2665519371218277,0.009912910212471657,0.24712299012340394,0.2859808841202514,1
78,2500,5,stress,ccmar,0.2558505160746848,cc,0.2488236659920016,0.01888339526517044,0.21181289136643333,0.28583444061756985,1
78,2500,5,stress,ccmar,0.2558505160746848,seq,0.25897034137018893,0.019624307225051752,0.22050740598753832,0.29743327675283954,1
79,2500,5,stress,ccmar,0.2558505160746848,full,0.27795073829950395,0.009125240499919097,0.26006559556939624,0.29583588102961167,0
79,2500,5,stress,ccmar,0.2558505160746848,cc,0.31041224412224044,0.1012857535046467,0.11189581510613134,0.5089286731383496,1
79,2500,5,stress,ccmar,0.2558505160746848,seq,0.3067096165821999,0.09621411418170629,0.11813341798163113,0.4952858151827687,1
80,2500,5,stress,ccmar,0.2558505160746848,full,0.2504295646188504,0.009438159165724432,0.2319311125736739,0.2689280166640269,1
80,2500,5,stress,ccmar,0.2558505160746848,cc,0.25996329383759414,0.019893801700680874,0.22097215898867795,0.29895442868651034,1
80,2500,5,stress,ccmar,0.2558505160746848,seq,0.2658147620092519,0.019321921631466364,0.22794449149947243,0.3036850325190314,1
81,2500,5,stress,ccmar,0.2558505160746848,full,0.2420797046995083,0.011534584932060358,0.2194723336560516,0.26468707574296496,1
81,2500,5,stress,ccmar,0.2558505160746848,cc,0.2656158328906835,0.034670823872831956,0.1976622667856014,0.33356939899576565,1
81,2500,5,stress,ccmar,0.2558505160746848,seq,0.27342170846403435,0.03610309449983701,0.2026609435139077,0.34418247341416097,1
82,2500,5,stress,ccmar,0.2558505160746848,full,0.23173348185284895,0.008817768484189416,0.21445097319982534,0.24901599050587256,0
82,2500,5,stress,ccmar,0.2558505160746848,cc,0.23096206279636172,0.01618322823981088,0.19924351829274087,0.2626806072999826,1
82,2500,5,stress,ccmar,0.2558505160746848,seq,0.23174831158352144,0.01566985992669589,0.20103595048441003,0.26246067268263285,1
83,2500,5,stress,ccmar,0.2558505160746848,full,0.26560073975069637,0.009529890725615173,0.24692249715188835,0.2842789823495044,1
83,2500,5,stress,ccmar,0.2558505160746848,cc,0.2873852261636986,0.01946901210165559,0.24922666362987916,0.32554378869751804,1
83,2500,5,stress,ccmar,0.2558505160746848,seq,0.28372996386366706,0.018532468390465396,0.2474069932737279,0.3200529344536062,1
84,2500,5,stress,ccmar,0.2558505160746848,full,0.2642410902934158,0.009099524762569996,0.2464063494823482,0.28207583110448337,1
84,2500,5,stress,ccmar,0.2558505160746848,cc,0.31579255593987504,0.015475313423230408,0.2854614989808742,0.3461236128988759,0
84,2500,5,stress,ccmar,0.2558505160746848,seq,0.3116106695636886,0.015663543074000683,0.28091068926835544,0.34231064985902177,0
85,2500,5,stress,ccmar,0.2558505160746848,full,0.2656078416113881,0.0088988085244634,0.24816649739812183,0.2830491858246544,1
85,2500,5,stress,ccmar,0.2558505160746848,cc,0.19549374032258243,0.018032429139004224,0.16015082865636354,0.23083665198880132,0
85,2500,5,stress,ccmar,0.2558505160746848,seq,0.19566548068894649,0.017416820653705964,0.16152913948248943,0.22980182189540355,0
86,2500,5,stress,ccmar,0.2558505160746848,full,0.24989203881225813,0.00968382720644363,0.2309120862551195,0.26887199136939677,1
86,2500,5,stress,ccmar,0.2558505160746848,cc,0.25046319782148396,0.019582410032790286,0.21208237942671918,0.2888440162162487,1
86,2500,5,stress,ccmar,0.2558505160746848,seq,0.2513561467407865,0.02106460411394926,0.2100702813288517,0.2926420121527213,1
87,2500,5,stress,ccmar,0.2558505160746848,full,0.2501186692340893,0.008903150092194178,0.23266881570443426,0.2675685227637444,1
87,2500,5,stress,ccmar,0.2558505160746848,cc,0.21095643136629832,0.018631787112163626,0.17443879965884007,0.24747406307375658,0
87,2500,5,stress,ccmar,0.2558505160746848,seq,0.20743276348438952,0.020183727004229834,0.1678733854823105,0.24699214148646853,0
88,2500,5,stress,ccmar,0.2558505160746848,full,0.24900341494043177,0.010617629552091456,0.22819324341714436,0.26981358646371917,1
88,2500,5,stress,ccmar,0.2558505160746848,cc,0.26298201816698413,0.06724545065506714,0.13118335675888715,0.3947806795750811,1
88,2500,5,stress,ccmar,0.2558505160746848,seq,0.2691999731537511,0.07789754407893545,0.11652359227491627,0.42187635403258594,1
89,2500,5,stress,ccmar,0.2558505160746848,full,0.25726810403304545,0.008836607520663547,0.23994867154702912,0.27458753651906176,1
89,2500,5,stress,ccmar,0.2558505160746848,cc,0.20441926329198573,0.02341118576322239,0.158534182360693,0.25030434422327846,0
89,2500,5,stress,ccmar,0.2558505160746848,seq,0.2140008990609006,0.02282207426774216,0.16927045544362765,0.25873134267817355,1
90,2500,5,stress,ccmar,0.2558505160746848,full,0.2643555187615365,0.009370255572071927,0.24599015531433976,0.28272088220873326,1
90,2500,5,stress,ccmar,0.2558505160746848,cc,0.2597970185382511,0.022168133279249814,0.21634827570643766,0.30324576137006454,1
90,2500,5,stress,ccmar,0.2558505160746848,seq,0.26267078910124486,0.02160224637741553,0.22033116421634957,0.30501041398614015,1
91,2500,5,stress,ccmar,0.2558505160746848,full,0.24404696073336826,0.008893611408941023,0.22661580267934933,0.2614781187873872,1
91,2500,5,stress,ccmar,0.2558505160746848,cc,0.2611323785325556,0.018224492795212502,0.2254130290174294,0.2968517280476818,1
91,2500,5,stress,ccmar,0.2558505160746848,seq,0.25919596485655255,0.018067119114138858,0.22378506208844517,0.29460686762465993,1
92,2500,5,stress,ccmar,0.2558505160746848,full,0.25493980225935065,0.011024386606541307,0.23333240155888393,0.27654720295981733,1
92,2500,5,stress,ccmar,0.2558505160746848,cc,0.19394587190824256,0.021715542306129872,0.15138419108347215,0.23650755273301297,0
92,2500,5,stress,ccmar,0.2558505160746848,seq,0.18142731642039261,0.022870725483220354,0.1366015181729783,0.22625311466780693,0
93,2500,5,stress,ccmar,0.2558505160746848,full,0.25393494435195724,0.010421596807346951,0.2335089899481596,0.27436089875575487,1
93,2500,5,stress,ccmar,0.2558505160746848,cc,0.2310375110183504,0.020126020959822202,0.19159123478500065,0.2704837872517002,1
93,2500,5,stress,ccmar,0.2558505160746848,seq,0.22920008753366938,0.019850209986219808,0.19029439087512123,0.26810578419221753,1
94,2500,5,stress,ccmar,0.2558505160746848,full,0.24143597732964067,0.008826419733252176,0.22413651254003278,0.2587354421192486,1
94,2500,5,stress,ccmar,0.2558505160746848,cc,0.25718832487337334,0.016832328857051295,0.22419756653761855,0.2901790832091281,1
94,2500,5,stress,ccmar,0.2558505160746848,seq,0.25232685238997615,0.017243018100302026,0.2185311579286119,0.28612254685134036,1
95,2500,5,stress,ccmar,0.2558505160746848,full,0.24654992899601894,0.008757158112120621,0.22938621448933974,0.2637136435026981,1
95,2500,5,stress,ccmar,0.2558505160746848,cc,0.24803932836900222,0.02433362123895225,0.20034630712721688,0.29573234961078754,1
95,2500,5,stress,ccmar,0.2558505160746848,seq,0.25025556658531267,0.024953684666680246,0.20134724335705,0.29916388981357533,1
96,2500,5,stress,ccmar,0.2558505160746848,full,0.27728541796830924,0.009731826737865218,0.2582113880583095,0.296359447878309,0
96,2500,5,stress,ccmar,0.2558505160746848,cc,0.2885445405325748,0.022864786137730086,0.2437303831884131,0.33335869787673644,1
96,2500,5,stress,ccmar,0.2558505160746848,seq,0.2899752074502601,0.02274671131221605,0.24539247251158683,0.33455794238893344,1
97,2500,5,stress,ccmar,0.2558505160746848,full,0.24769846157755518,0.009359716079703855,0.2293537551558152,0.26604316799929517,1
97,2500,5,stress,ccmar,0.2558505160746848,cc,0.29052869901457007,0.04175614662494021,0.20868815549651354,0.3723692425326266,1
97,2500,5,stress,ccmar,0.2558505160746848,seq,0.27518822794493847,0.03497953392765783,0.2066296012507322,0.3437468546391447,1
98,2500,5,stress,ccmar,0.2558505160746848,full,0.2421507996208827,0.009278026314443138,0.22396620219695926,0.2603353970448061,1
98,2500,5,stress,ccmar,0.2558505160746848,cc,0.19106184474175247,0.021290595329218363,0.1493330446870678,0.23279064479643716,0
98,2500,5,stress,ccmar,0.2558505160746848,seq,0.18893208793714975,0.020756610492639518,0.1482498789304501,0.22961429694384938,0
99,2500,5,stress,ccmar,0.2558505160746848,full,0.24470890336056386,0.008710412619971237,0.22763680833493707,0.2617809983861907,1
99,2500,5,stress,ccmar,0.2558505160746848,cc,0.21348483179678393,0.045255644531142926,0.12478539841859673,0.3021842651749711,1
99,2500,5,stress,ccmar,0.2558505160746848,seq,0.21986638849279497,0.04959811205831403,0.12265587515731771,0.3170769018282722,1
100,2500,5,stress,ccmar,0.2558505160746848,full,0.27873298954827735,0.009687928026410856,0.2597449995316959,0.2977209795648588,0
100,2500,5,stress,ccmar,0.2558505160746848,cc,0.3165649276429669,0.04028361980973751,0.2376104836489771,0.3955193716369567,1
100,2500,5,stress,ccmar,0.2558505160746848,seq,0.31788465102175834,0.039389258940567606,0.2406831221205235,0.39508617992299316,1
101,2500,5,stress,ccmar,0.2558505160746848,full,0.2639494910739183,0.010483900679433921,0.2434014233247328,0.2844975588231038,1
101,2500,5,stress,ccmar,0.2558505160746848,cc,0.22591016376339165,0.02001748943173757,0.18667660541627487,0.26514372211050846,1
101,2500,5,stress,ccmar,0.2558505160746848,seq,0.23590369088759872,0.01680751125984704,0.2029615741485471,0.26884580762665033,1
102,2500,5,stress,ccmar,0.2558505160746848,full,0.24138305098727406,0.00910471600245965,0.22353813553298765,0.2592279664415605,1
102,2500,5,stress,ccmar,0.2558505160746848,cc,0.30907902198941645,0.022296986336748995,0.26537773180560675,0.35278031217322614,0
102,2500,5,stress,ccmar,0.2558505160746848,seq,0.3091807741158068,0.022492025355321,0.26509721448001594,0.35326433375159766,0
103,2500,5,stress,ccmar,0.2558505160746848,full,0.2574616109878222,0.00864154849388506,0.24052448716915115,0.2743987348064933,1
103,2500,5,stress,ccmar,0.2558505160746848,cc,0.27364594017191474,0.016328744377873117,0.24164218927852255,0.3056496910653069,1
103,2500,5,stress,ccmar,0.2558505160746848,seq,0.275571792216824,0.01600571437137229,0.24420116850209914,0.3069424159315488,1
104,2500,5,stress,ccmar,0.2558505160746848,full,0.2724499119079705,0.010181352563631292,0.25249482756934866,0.2924049962465924,1
104,2500,5,stress,ccmar,0.2558505160746848,cc,0.22063921084780377,0.018491300283788484,0.18439692826426307,0.2568814934313445,1
104,2500,5,stress,ccmar,0.2558505160746848,seq,0.20877357782209302,0.017822781244617083,0.17384156847830756,0.24370558716587848,0
105,2500,5,stress,ccmar,0.2558505160746848,full,0.26354452438745357,0.009573040988400396,0.24478170882766306,0.28230733994724405,1
105,2500,5,stress,ccmar,0.2558505160746848,cc,0.2216459397223362,0.020297282409207695,0.18186399721625074,0.26142788222842167,1
105,2500,5,stress,ccmar,0.2558505160746848,seq,0.2200634815785244,0.020907900397657636,0.17908474980676475,0.26104221335028405,1
106,2500,5,stress,ccmar,0.2558505160746848,full,0.24839237173391207,0.00944373274338362,0.22988299567725853,0.26690174779056564,1
106,2500,5,stress,ccmar,0.2558505160746848,cc,0.2210137900188038,0.0477416670505007,0.12744184203791986,0.31458573799968775,1
106,2500,5,stress,ccmar,0.2558505160746848,seq,0.21364279696929228,0.054823756399156286,0.10619020892974865,0.32109538500883594,1
107,2500,5,stress,ccmar,0.2558505160746848,full,0.26419040064236965,0.00923377581644251,0.2460925326008254,0.2822882686839139,1
107,2500,5,stress,ccmar,0.2558505160746848,cc,0.24374478955261958,0.022118755982903075,0.2003928244432997,0.28709675466193946,1
107,2500,5,stress,ccmar,0.2558505160746848,seq,0.2508124713247854,0.020241732384657075,0.21113940486615948,0.29048553778341135,1
108,2500,5,stress,ccmar,0.2558505160746848,full,0.25108838611545325,0.010850067027297985,0.22982264551210363,0.2723541267188029,1
108,2500,5,stress,ccmar,0.2558505160746848,cc,0.22989699872161262,0.019275929404794348,0.19211687131967908,0.26767712612354616,1
108,2500,5,stress,ccmar,0.2558505160746848,seq,0.23007924712711006,0.019850541515228814,0.19117290068364443,0.26898559357057567,1
109,2500,5,stress,ccmar,0.2558505160746848,full,0.2511199934583607,0.00932066927967749,0.23285181735838395,0.2693881695583375,1
109,2500,5,stress,ccmar,0.2558505160746848,cc,0.24249173833348855,0.01450593382623236,0.21406063047195184,0.27092284619502527,1
109,2500,5,stress,ccmar,0.2558505160746848,seq,0.2318077987181564,0.013666119896146639,0.20502269591330274,0.25859290152301007,1
110,2500,5,stress,ccmar,0.2558505160746848,full,0.24665447755547598,0.008834930682562197,0.2293383316117462,0.26397062349920575,1
110,2500,5,stress,ccmar,0.2558505160746848,cc,0.22372298214298145,0.018139400238444375,0.1881704109744732,0.2592755533114897,1
110,2500,5,stress,ccmar,0.2558505160746848,seq,0.22120510550011932,0.01796777017881221,0.1859889230671546,0.25642128793308405,1
111,2500,5,stress,ccmar,0.2558505160746848,full,0.25568026145425116,0.009259823419286406,0.23753134104924928,0.27382918185925303,1
111,2500,5,stress,ccmar,0.2558505160746848,cc,0.2178313237314907,0.01772119365095534,0.18309842241255836,0.25256422505042303,0
111,2500,5,stress,ccmar,0.2558505160746848,seq,0.21717898823445572,0.017116992335404504,0.18363029973341474,0.2507276767354967,0
112,2500,5,stress,ccmar,0.2558505160746848,full,0.24410182240386208,0.009804683569151653,0.2248849957285132,0.26331864907921093,1
112,2500,5,stress,ccmar,0.2558505160746848,cc,0.2808352591615725,0.024909441696071236,0.23201365056227252,0.32965686776087244,1
112,2500,5,stress,ccmar,0.2558505160746848,seq,0.2853570247445411,0.026991053002471673,0.23245553295488494,0.33825851653419725,1
113,2500,5,stress,ccmar,0.2558505160746848,full,0.2357196998096449,0.008645439939377917,0.21877494889796004,0.25266445072132976,0
113,2500,5,stress,ccmar,0.2558505160746848,cc,0.26968736374998065,0.019122828010450444,0.23220730956694405,0.3071674179330173,1
113,2500,5,stress,ccmar,0.2558505160746848,seq,0.2767507948288323,0.019147045186155523,0.23922327585360648,0.31427831380405813,1
114,2500,5,stress,ccmar,0.2558505160746848,full,0.2539616506489645,0.009332028445928639,0.23567121099224106,0.2722520903056879,1
114,2500,5,stress,ccmar,0.2558505160746848,cc,0.2315569639885321,0.0443177585953007,0.1446957532662023,0.31841817471086187,1
114,2500,5,stress,ccmar,0.2558505160746848,seq,0.22238602474033609,0.04580255595178013,0.13261466467496635,0.3121573848057058,1
115,2500,5,stress,ccmar,0.2558505160746848,full,0.25926946501227666,0.009151486647947314,0.24133288077730075,0.27720604924725256,1
115,2500,5,stress,ccmar,0.2558505160746848,cc,0.2402874115754349,0.018896856810861645,0.20325025280513564,0.27732457034573416,1
115,2500,5,stress,ccmar,0.2558505160746848,seq,0.2465950157998488,0.02044311312413205,0.20652725034467187,0.28666278125502576,1
116,2500,5,stress,ccmar,0.2558505160746848,full,0.2695423296531881,0.009214441559706939,0.2514823560585134,0.2876023032478628,1
116,2500,5,stress,ccmar,0.2558505160746848,cc,0.17002854976384618,0.02946453475769264,0.11227912281754,0.22777797671015237,0
116,2500,5,stress,ccmar,0.2558505160746848,seq,0.1644889167920542,0.03054007959194552,0.10463146070685428,0.22434637287725415,0
117,2500,5,stress,ccmar,0.2558505160746848,full,0.26799547527456596,0.0106802589878111,0.247062552312896,0.28892839823623595,1
117,2500,5,stress,ccmar,0.2558505160746848,cc,0.3298357969496822,0.0732922278966007,0.18618566992564298,0.47348592397372136,1
117,2500,5,stress,ccmar,0.2558505160746848,seq,0.3462205963803284,0.08609403214392702,0.17747939409439772,0.5149617986662591,1
118,2500,5,stress,ccmar,0.2558505160746848,full,0.22928535003630487,0.030575605436453716,0.16935826457534853,0.2892124354972612,1
118,2500,5,stress,ccmar,0.2558505160746848,cc,0.17892820602238277,0.08362984687033029,0.015016718123935652,0.3428396939208299,1
118,2500,5,stress,ccmar,0.2558505160746848,seq,0.18013244294862152,0.07820565475972445,0.026852176232188135,0.3334127096650549,1
119,2500,5,stress,ccmar,0.2558505160746848,full,0.24654146781434275,0.009062030154063476,0.22878021508556237,0.2643027205431231,1
119,2500,5,stress,ccmar,0.2558505160746848,cc,0.24062370200155675,0.024017483194465825,0.19355029994110773,0.28769710406200577,1
119,2500,5,stress,ccmar,0.2558505160746848,seq,0.2527481756817226,0.024581410115209628,0.20456949716670314,0.30092685419674203,1
120,2500,5,stress,ccmar,0.2558505160746848,full,0.24378727013252055,0.008727253227887309,0.2266821681219005,0.2608923721431406,1
120,2500,5,stress,ccmar,0.2558505160746848,cc,0.22722084023006395,0.040916042222303474,0.14702687108442894,0.307414809375699,1
120,2500,5,stress,ccmar,0.2558505160746848,seq,0.22786481175534254,0.05384224786305503,0.12233594509707599,0.3333936784136091,1
121,2500,5,stress,ccmar,0.2558505160746848,full,0.2689429780462281,0.008917954715858245,0.2514641079873868,0.2864218481050694,1
121,2500,5,stress,ccmar,0.2558505160746848,cc,0.2962620538404527,0.01645659351743216,0.2640077232380703,0.32851638444283504,0
121,2500,5,stress,ccmar,0.2558505160746848,seq,0.29858777379655294,0.0161513827795819,0.26693164524805196,0.3302439023450539,0
122,2500,5,stress,ccmar,0.2558505160746848,full,0.24898617909651694,0.009662887653864112,0.23004726730828653,0.26792509088474736,1
122,2500,5,stress,ccmar,0.2558505160746848,cc,0.2624487307927373,0.015523704918673411,0.2320228282455101,0.29287463333996444,1
122,2500,5,stress,ccmar,0.2558505160746848,seq,0.25731622714498875,0.015835425679785183,0.2262793631327491,0.2883530911572284,1
123,2500,5,stress,ccmar,0.2558505160746848,full,0.2829385366288999,0.010240318413160419,0.2628678813488831,0.3030091919089167,0
123,2500,5,stress,ccmar,0.2558505160746848,cc,0.32788241465510853,0.05019829604726431,0.22949556231719115,0.4262692669930259,1
123,2500,5,stress,ccmar,0.2558505160746848,seq,0.30559505121180636,0.04525442414965302,0.21689800973738677,0.39429209268622595,1
124,2500,5,stress,ccmar,0.2558505160746848,full,0.2738698779591631,0.009286977699175141,0.2556677361435532,0.29207201977477304,1
124,2500,5,stress,ccmar,0.2558505160746848,cc,0.2659417278501954,0.018804780182837846,0.22908503595464066,0.30279841974575006,1
124,2500,5,stress,ccmar,0.2558505160746848,seq,0.25831833095339063,0.01964238130627557,0.21981997102248768,0.2968166908842936,1
125,2500,5,stress,ccmar,0.2558505160746848,full,0.24962970187633304,0.008535939518662092,0.23289956784554317,0.2663598359071229,1
125,2500,5,stress,ccmar,0.2558505160746848,cc,0.2436683118900819,0.019697008384218617,0.20506288485382992,0.2822737389263339,1
125,2500,5,stress,ccmar,0.2558505160746848,seq,0.25039838335226267,0.0183282548836338,0.21447566388087005,0.2863211028236553,1
126,2500,5,stress,ccmar,0.2558505160746848,full,0.2614196551849873,0.00945171616046685,0.24289463191837704,0.2799446784515975,1
126,2500,5,stress,ccmar,0.2558505160746848,cc,0.20242620794287378,0.05889370492598223,0.08699666737181942,0.3178557485139281,1
126,2500,5,stress,ccmar,0.2558505160746848,seq,0.20579424975001312,0.06133416734118124,0.08558149073954509,0.32600700876048117,1
127,2500,5,stress,ccmar,0.2558505160746848,full,0.2628912697459601,0.012233652383972081,0.23891375167399226,0.28686878781792796,1
127,2500,5,stress,ccmar,0.2558505160746848,cc,0.2801587752293417,0.049816702547042235,0.18251983240859412,0.3777977180500892,1
127,2500,5,stress,ccmar,0.2558505160746848,seq,0.2653205371660806,0.0607180812211131,0.14631528476232114,0.3843257895698401,1
128,2500,5,stress,ccmar,0.2558505160746848,full,0.2506859260303796,0.009106969322104842,0.23283659415074295,0.26853525791001626,1
128,2500,5,stress,ccmar,0.2558505160746848,cc,0.237606104413474,0.020646625797137143,0.19713946144880962,0.27807274737813836,1
128,2500,5,stress,ccmar,0.2558505160746848,seq,0.23620769768002411,0.02136248968172858,0.1943379872837276,0.27807740807632064,1
129,2500,5,stress,ccmar,0.2558505160746848,full,0.267422227581467,0.009716906477642603,0.24837744084414354,0.28646701431879046,1
129,2500,5,stress,ccmar,0.2558505160746848,cc,0.29974164605405257,0.021122838158833236,0.2583416440114711,0.34114164809663405,0
129,2500,5,stress,ccmar,0.2558505160746848,seq,0.29735124938673424,0.020775913461173755,0.2566312072569128,0.3380712915165557,0
130,2500,5,stress,ccmar,0.2558505160746848,full,0.2663535368561034,0.008512242838752663,0.2496698474644892,0.2830372262477176,1
130,2500,5,stress,ccmar,0.2558505160746848,cc,0.2979246648061984,0.02522110460526437,0.24849220812956294,0.3473571214828339,1
130,2500,5,stress,ccmar,0.2558505160746848,seq,0.30614474207851483,0.02538561016798377,0.25638986042369283,0.35589962373333683,0
131,2500,5,stress,ccmar,0.2558505160746848,full,0.2682267699113194,0.009940945718008142,0.24874287433175576,0.28771066549088303,1
131,2500,5,stress,ccmar,0.2558505160746848,cc,0.23230730847181152,0.01985660163931823,0.1933890844033888,0.27122553254023424,1
131,2500,5,stress,ccmar,0.2558505160746848,seq,0.22147918492008112,0.01931998538092214,0.18361270939163338,0.25934566044852886,1
132,2500,5,stress,ccmar,0.2558505160746848,full,0.2614130961430847,0.009250077970781955,0.24328327646616474,0.2795429158200047,1
132,2500,5,stress,ccmar,0.2558505160746848,cc,0.2719346536060192,0.016022984362798903,0.24053018133008489,0.3033391258819535,1
132,2500,5,stress,ccmar,0.2558505160746848,seq,0.2725608917361722,0.016582983258366536,0.24005884179354312,0.30506294167880127,1
133,2500,5,stress,ccmar,0.2558505160746848,full,0.24279118899591304,0.009024897111823707,0.22510271569255902,0.26047966229926706,1
133,2500,5,stress,ccmar,0.2558505160746848,cc,0.25139818396648844,0.014709830696248405,0.22256744558315983,0.28022892234981706,1
133,2500,5,stress,ccmar,0.2558505160746848,seq,0.24836297948832722,0.014921147438524695,0.21911806790080673,0.2776078910758477,1
134,2500,5,stress,ccmar,0.2558505160746848,full,0.2536649604434222,0.009112232342721169,0.23580531323292764,0.2715246076539167,1
134,2500,5,stress,ccmar,0.2558505160746848,cc,0.2580043634549447,0.016531036584941906,0.22560412712134456,0.2904045997885448,1
134,2500,5,stress,ccmar,0.2558505160746848,seq,0.2592335309594581,0.015666088652383694,0.22852856142217445,0.2899385004967418,1
135,2500,5,stress,ccmar,0.2558505160746848,full,0.25366426073669646,0.012584757288061714,0.22899858969791753,0.2783299317754754,1
135,2500,5,stress,ccmar,0.2558505160746848,cc,0.2648392970300522,0.024742589010758955,0.21634471368468813,0.3133338803754163,1
135,2500,5,stress,ccmar,0.2558505160746848,seq,0.2539784780217956,0.024507656863322732,0.20594435322421714,0.302012602819374,1
136,2500,5,stress,ccmar,0.2558505160746848,full,0.2518099985206798,0.009618008603651761,0.232959048054526,0.2706609489868336,1
136,2500,5,stress,ccmar,0.2558505160746848,cc,0.2880196288313844,0.0204534755418159,0.24793155341075435,0.3281077042520144,1
136,2500,5,stress,ccmar,0.2558505160746848,seq,0.28099096900101816,0.01992919315801293,0.24193046817037075,0.32005146983166555,1
137,2500,5,stress,ccmar,0.2558505160746848,full,0.2756969748400906,0.009065070205896995,0.2579297637192054,0.2934641859609758,0
137,2500,5,stress,ccmar,0.2558505160746848,cc,0.2088910572511845,0.026494791856632564,0.15696221943429958,0.26081989506806946,1
137,2500,5,stress,ccmar,0.2558505160746848,seq,0.21211190536332056,0.029342497355289897,0.15460166733049058,0.26962214339615054,1
138,2500,5,stress,ccmar,0.2558505160746848,full,0.23612482188074263,0.008999044164960971,0.2184870194221338,0.2537626243393515,0
138,2500,5,stress,ccmar,0.2558505160746848,cc,0.3728744088380003,0.0240894378516896,0.3256599782408728,0.42008883943512787,0
138,2500,5,stress,ccmar,0.2558505160746848,seq,0.36083024225450844,0.02183421484540176,0.3180359675268112,0.4036245169822057,0
139,2500,5,stress,ccmar,0.2558505160746848,full,0.25430839152247847,0.00927711111443667,0.23612558785760634,0.2724911951873506,1
139,2500,5,stress,ccmar,0.2558505160746848,cc,0.31043846374736517,0.023630452749294956,0.26412362742037154,0.3567533000743588,0
139,2500,5,stress,ccmar,0.2558505160746848,seq,0.305565709730253,0.022229054641277394,0.26199756322297635,0.3491338562375296,0
140,2500,5,stress,ccmar,0.2558505160746848,full,0.25350896080505175,0.010002148393224912,0.23390511018630575,0.27311281142379773,1
140,2500,5,stress,ccmar,0.2558505160746848,cc,0.25030719828639647,0.024446304707159666,0.20239332150527153,0.2982210750675214,1
140,2500,5,stress,ccmar,0.2558505160746848,seq,0.24320369785512316,0.02418441408287596,0.195803117265483,0.29060427844476333,1
141,2500,5,stress,ccmar,0.2558505160746848,full,0.26346231947054244,0.009827860703461599,0.2442000664466812,0.28272457249440364,1
141,2500,5,stress,ccmar,0.2558505160746848,cc,0.27907319443870504,0.013394469319658042,0.25282051698014857,0.3053258718972615,1
141,2500,5,stress,ccmar,0.2558505160746848,seq,0.2888665093570779,0.013151394205259752,0.26309025036828004,0.3146427683458758,0
142,2500,5,stress,ccmar,0.2558505160746848,full,0.2368625969547552,0.00942785879002267,0.21838433327498138,0.255340860634529,0
142,2500,5,stress,ccmar,0.2558505160746848,cc,0.1939767767757418,0.03338111155657252,0.12855100036094586,0.25940255319053773,1
142,2500,5,stress,ccmar,0.2558505160746848,seq,0.18608292080287098,0.03807245381358697,0.11146228252517588,0.2607035590805661,1
143,2500,5,stress,ccmar,0.2558505160746848,full,0.24653002876776842,0.00831232967273905,0.23023816198157626,0.26282189555396057,1
143,2500,5,stress,ccmar,0.2558505160746848,cc,0.268520219970548,0.01526539525405499,0.23860059506283154,0.2984398448782644,1
143,2500,5,stress,ccmar,0.2558505160746848,seq,0.2651974575532587,0.015998674400685243,0.23384063192753268,0.2965542831789847,1
144,2500,5,stress,ccmar,0.2558505160746848,full,0.25781043184457153,0.008982235801404819,0.24020557317317182,0.27541529051597125,1
144,2500,5,stress,ccmar,0.2558505160746848,cc,0.21243831950144523,0.018890354283658834,0.175413905450272,0.24946273355261847,0
144,2500,5,stress,ccmar,0.2558505160746848,seq,0.21262334858428938,0.01791110315731413,0.17751823147257204,0.24772846569600673,0
145,2500,5,stress,ccmar,0.2558505160746848,full,0.25981027479061786,0.008796263145280016,0.242569915827332,0.2770506337539037,1
145,2500,5,stress,ccmar,0.2558505160746848,cc,0.25120400928738684,0.0256992382324185,0.20083442792173178,0.3015735906530419,1
145,2500,5,stress,ccmar,0.2558505160746848,seq,0.26026914479933405,0.02861211623979658,0.20419042744785915,0.31634786215080896,1
146,2500,5,stress,ccmar,0.2558505160746848,full,0.2568328521788929,0.008656275969609876,0.239866863038218,0.2737988413195678,1
146,2500,5,stress,ccmar,0.2558505160746848,cc,0.27980683996918765,0.015229383668827836,0.24995779647154262,0.3096558834668327,1
146,2500,5,stress,ccmar,0.2558505160746848,seq,0.2855128073422082,0.016014502212316456,0.2541249597757309,0.31690065490868546,1
147,2500,5,stress,ccmar,0.2558505160746848,full,0.26749363340646576,0.010593035178167958,0.24673166597029073,0.2882556008426408,1
147,2500,5,stress,ccmar,0.2558505160746848,cc,0.26707950824913157,0.021624797018505143,0.22469568491987235,0.3094633315783908,1
147,2500,5,stress,ccmar,0.2558505160746848,seq,0.26633446489913626,0.022293362363609136,0.22264027757216162,0.31002865222611087,1
148,2500,5,stress,ccmar,0.2558505160746848,full,0.250147579173834,0.008715676416028006,0.23306516729751398,0.26722999105015405,1
148,2500,5,stress,ccmar,0.2558505160746848,cc,0.22872172841286187,0.029338502311744032,0.17121932052149846,0.2862241363042253,1
148,2500,5,stress,ccmar,0.2558505160746848,seq,0.229730797278714,0.02780469802812342,0.17523459054258025,0.2842270040148478,1
149,2500,5,stress,ccmar,0.2558505160746848,full,0.24911443253151638,0.008868017814720179,0.23173343700040525,0.26649542806262755,1
149,2500,5,stress,ccmar,0.2558505160746848,cc,0.335463538914849,0.03207545830687217,0.27259679584576346,0.3983302819839345,0
149,2500,5,stress,ccmar,0.2558505160746848,seq,0.33217572747579804,0.029944885369494995,0.27348483063040746,0.3908666243211886,0
150,2500,5,stress,ccmar,0.2558505160746848,full,0.23020681882735117,0.009070855924738606,0.21242826790591174,0.2479853697487906,0
150,2500,5,stress,ccmar,0.2558505160746848,cc,0.2471358998932591,0.020664754491029568,0.2066337253414788,0.2876380744450394,1
150,2500,5,stress,ccmar,0.2558505160746848,seq,0.24343119487427056,0.02261602559109941,0.19910459924227952,0.2877577905062616,1
151,2500,5,stress,ccmar,0.2558505160746848,full,0.2656932565419814,0.010971754164019956,0.2441890135332749,0.28719749955068785,1
151,2500,5,stress,ccmar,0.2558505160746848,cc,0.2790744844705873,0.02668980973831013,0.22676341862927304,0.33138555031190153,1
151,2500,5,stress,ccmar,0.2558505160746848,seq,0.27113984081951625,0.027510291976556314,0.21722065934128465,0.32505902229774786,1
152,2500,5,stress,ccmar,0.2558505160746848,full,0.25165634502562423,0.008610406739654644,0.23478025792366017,0.26853243212758826,1
152,2500,5,stress,ccmar,0.2558505160746848,cc,0.25491272554635624,0.01976711593124315,0.21616989024289174,0.29365556084982075,1
152,2500,5,stress,ccmar,0.2558505160746848,seq,0.2543046408985933,0.018644717417527178,0.21776166625831336,0.29084761553887317,1
153,2500,5,stress,ccmar,0.2558505160746848,full,0.2531033729955453,0.009422965371557894,0.23463470023972374,0.27157204575136684,1
153,2500,5,stress,ccmar,0.2558505160746848,cc,0.22520708772814754,0.01618995415959549,0.19347536066398596,0.2569388147923091,1
153,2500,5,stress,ccmar,0.2558505160746848,seq,0.22992579061742,0.01591332759939338,0.19873624164842174,0.26111533958641825,1
154,2500,5,stress,ccmar,0.2558505160746848,full,0.2925075592635889,0.00947483160182499,0.27393723056443,0.3110778879627478,0
154,2500,5,stress,ccmar,0.2558505160746848,cc,0.343511571609796,0.037486311972387054,0.2700397502306847,0.4169833929889073,0
154,2500,5,stress,ccmar,0.2558505160746848,seq,0.3434425162487746,0.03701186531171957,0.2709005932371569,0.4159844392603923,0
155,2500,5,stress,ccmar,0.2558505160746848,full,0.2510482582406913,0.008745699200923267,0.23390700278726098,0.26818951369412164,1
155,2500,5,stress,ccmar,0.2558505160746848,cc,0.2034223242419662,0.02150692507899588,0.16126952566893304,0.24557512281499938,0
155,2500,5,stress,ccmar,0.2558505160746848,seq,0.20342298668576064,0.021502611933452,0.16127864172265355,0.24556733164886774,0
156,2500,5,stress,ccmar,0.2558505160746848,full,0.2677640142501616,0.008881874770817538,0.2503558595841643,0.28517216891615893,1
156,2500,5,stress,ccmar,0.2558505160746848,cc,0.26223735556624206,0.02187371581327752,0.21936566036415386,0.3051090507683303,1
156,2500,5,stress,ccmar,0.2558505160746848,seq,0.2661243785198258,0.021330792651064544,0.2243167931620476,0.30793196387760396,1
157,2500,5,stress,ccmar,0.2558505160746848,full,0.24043574831436326,0.009291575625236762,0.22222459472926898,0.25864690189945755,1
157,2500,5,stress,ccmar,0.2558505160746848,cc,0.20534623907367636,0.02408547816811984,0.1581395693137357,0.25255290883361703,0
157,2500,5,stress,ccmar,0.2558505160746848,seq,0.21283979285477989,0.024628762934317875,0.16456830451974183,0.26111128118981797,1
158,2500,5,stress,ccmar,0.2558505160746848,full,0.2644269219176596,0.010230509196916138,0.24437549234819816,0.28447835148712103,1
158,2500,5,stress,ccmar,0.2558505160746848,cc,0.4249247248032103,0.18759328892025376,0.057248634778096164,0.7926008148283245,1
158,2500,5,stress,ccmar,0.2558505160746848,seq,0.4032101359877157,0.16354010664221577,0.08267741694113312,0.7237428550342984,1
159,2500,5,stress,ccmar,0.2558505160746848,full,0.2639831053241314,0.00971342312367834,0.24494514583512328,0.2830210648131395,1
159,2500,5,stress,ccmar,0.2558505160746848,cc,0.2726575221651917,0.019444036798572373,0.23454791032591832,0.31076713400446504,1
159,2500,5,stress,ccmar,0.2558505160746848,seq,0.2669235363568595,0.020904257367283848,0.22595194479342706,0.30789512792029194,1
160,2500,5,stress,ccmar,0.2558505160746848,full,0.2557565495900215,0.009083315596372623,0.23795357816092017,0.2735595210191228,1
160,2500,5,stress,ccmar,0.2558505160746848,cc,0.28957296990992853,0.017316084345572903,0.2556340682393478,0.32351187158050926,1
160,2500,5,stress,ccmar,0.2558505160746848,seq,0.29275105426663534,0.01751609881859636,0.2584201314325419,0.3270819771007288,0
161,2500,5,stress,ccmar,0.2558505160746848,full,0.24728253049973556,0.010452133392995529,0.2267967254878559,0.2677683355116152,1
161,2500,5,stress,ccmar,0.2558505160746848,cc,0.24327338075890775,0.039579205003573974,0.16569956441517525,0.32084719710264026,1
161,2500,5,stress,ccmar,0.2558505160746848,seq,0.22169450794259574,0.051533219947125994,0.12069125283884768,0.3226977630463438,1
162,2500,5,stress,ccmar,0.2558505160746848,full,0.25710219545271273,0.009477649124641434,0.23852634451030796,0.2756780463951175,1
162,2500,5,stress,ccmar,0.2558505160746848,cc,0.38943477085611494,0.12201346414909675,0.15029277549491624,0.6285767662173136,1
162,2500,5,stress,ccmar,0.2558505160746848,seq,0.3465976293167447,0.09548279193192143,0.15945479598684706,0.5337404626466423,1
163,2500,5,stress,ccmar,0.2558505160746848,full,0.2347216352759864,0.009248739169748457,0.21659443960087454,0.2528488309510983,0
163,2500,5,stress,ccmar,0.2558505160746848,cc,0.2944971742597242,0.03741761167612753,0.22116000298700883,0.3678343455324396,1
163,2500,5,stress,ccmar,0.2558505160746848,seq,0.28885444106281905,0.036264661146416036,0.21777701130429458,0.3599318708213435,1
164,2500,5,stress,ccmar,0.2558505160746848,full,0.23995526168040218,0.009186317788990858,0.22195040966344048,0.2579601136973639,1
164,2500,5,stress,ccmar,0.2558505160746848,cc,0.23013851790188242,0.017865197360388663,0.1951233744988206,0.2651536613049442,1
164,2500,5,stress,ccmar,0.2558505160746848,seq,0.22525070553077184,0.01771400370075895,0.19053189625527506,0.2599695148062686,1
165,2500,5,stress,ccmar,0.2558505160746848,full,0.25177795427481414,0.009120281974729458,0.23390253007549455,0.26965337847413373,1
165,2500,5,stress,ccmar,0.2558505160746848,cc,0.28103928725045835,0.020419620764509826,0.24101756597405283,0.32106100852686387,1
165,2500,5,stress,ccmar,0.2558505160746848,seq,0.27741790799184485,0.021023240674955902,0.23621311343061374,0.31862270255307595,1
166,2500,5,stress,ccmar,0.2558505160746848,full,0.26052199162541817,0.008607613536460031,0.24365137910111706,0.2773926041497193,1
166,2500,5,stress,ccmar,0.2558505160746848,cc,0.2544322279690464,0.013941600547178492,0.22710719300973264,0.2817572629283602,1
166,2500,5,stress,ccmar,0.2558505160746848,seq,0.25556597256289587,0.015336789062469665,0.2255064183619675,0.28562552676382424,1
167,2500,5,stress,ccmar,0.2558505160746848,full,0.2606187743623841,0.00948661112938457,0.24202535821345353,0.27921219051131474,1
167,2500,5,stress,ccmar,0.2558505160746848,cc,0.24659021131215808,0.014742383049815622,0.2176956714882257,0.27548475113609044,1
167,2500,5,stress,ccmar,0.2558505160746848,seq,0.24306115657992017,0.014483197370313807,0.21467461135311988,0.27144770180672045,1
168,2500,5,stress,ccmar,0.2558505160746848,full,0.26539565664186254,0.009054938804647573,0.24764830270253912,0.28314301058118596,1
168,2500,5,stress,ccmar,0.2558505160746848,cc,0.2734658540702706,0.028397826158851794,0.21780713755969164,0.32912457058084954,1
168,2500,5,stress,ccmar,0.2558505160746848,seq,0.28542168855627875,0.029298611235820955,0.22799746573702911,0.3428459113755284,1
169,2500,5,stress,ccmar,0.2558505160746848,full,0.2434569679719702,0.009677564438005343,0.2244892902154141,0.26242464572852625,1
169,2500,5,stress,ccmar,0.2558505160746848,cc,0.2332607930471283,0.027688350701919398,0.17899262288005197,0.2875289632142046,1
169,2500,5,stress,ccmar,0.2558505160746848,seq,0.2381890527786004,0.029724332568383933,0.17993043148007692,0.29644767407712386,1
170,2500,5,stress,ccmar,0.2558505160746848,full,0.2695742248903564,0.009317968464942683,0.25131134228998875,0.287837107490724,1
170,2500,5,stress,ccmar,0.2558505160746848,cc,0.2885785123241355,0.030017425550550817,0.2297454393364435,0.34741158531182753,1
170,2500,5,stress,ccmar,0.2558505160746848,seq,0.2995961379564119,0.029294685356457958,0.24217960971932137,0.3570126661935024,1
171,2500,5,stress,ccmar,0.2558505160746848,full,0.26183178576773525,0.00858969657710169,0.24499628983848895,0.2786672816969815,1
171,2500,5,stress,ccmar,0.2558505160746848,cc,0.19760829298582525,0.022531287484429726,0.1534477809910249,0.24176880498062558,0
171,2500,5,stress,ccmar,0.2558505160746848,seq,0.19311344381937087,0.02396613423423076,0.14614068387162615,0.2400862037671156,0
172,2500,5,stress,ccmar,0.2558505160746848,full,0.2362861782668914,0.009676829441797522,0.21731994107643143,0.2552524154573514,0
172,2500,5,stress,ccmar,0.2558505160746848,cc,0.17885052892732378,0.024618609470286653,0.13059894101610525,0.2271021168385423,0
172,2500,5,stress,ccmar,0.2558505160746848,seq,0.1780485302428711,0.024842079250672108,0.12935894961046399,0.2267381108752782,0
173,2500,5,stress,ccmar,0.2558505160746848,full,0.2682948377073282,0.00938159691742897,0.24990724563169542,0.286682429782961,1
173,2500,5,stress,ccmar,0.2558505160746848,cc,0.2339296722145048,0.027659248423305048,0.17971854146538063,0.288140802963629,1
173,2500,5,stress,ccmar,0.2558505160746848,seq,0.22431193864354765,0.034026750411581326,0.1576207333259148,0.2910031439611805,1
174,2500,5,stress,ccmar,0.2558505160746848,full,0.25553349391106706,0.010438598683973255,0.23507421644141227,0.27599277138072187,1
174,2500,5,stress,ccmar,0.2558505160746848,cc,0.2511233955307474,0.03552357042640781,0.18149847689271592,0.3207483141687789,1
174,2500,5,stress,ccmar,0.2558505160746848,seq,0.2457959281163876,0.03814332033617961,0.17103639400670134,0.32055546222607384,1
175,2500,5,stress,ccmar,0.2558505160746848,full,0.2755508825643089,0.0089825373628853,0.2579454328432683,0.29315633228534943,0
175,2500,5,stress,ccmar,0.2558505160746848,cc,0.2737254163899602,0.03188011485770187,0.21124153944586424,0.33620929333405614,1
175,2500,5,stress,ccmar,0.2558505160746848,seq,0.24972632982424112,0.042156022117095085,0.1671020447432608,0.33235061490522144,1
176,2500,5,stress,ccmar,0.2558505160746848,full,0.24553979217724017,0.008809942209234258,0.22827262274126178,0.26280696161321854,1
176,2500,5,stress,ccmar,0.2558505160746848,cc,0.2189643991913277,0.04556938438653429,0.12965004699605864,0.30827875138659677,1
176,2500,5,stress,ccmar,0.2558505160746848,seq,0.2318462288293469,0.035456963068270654,0.16235185821436962,0.30134059944432423,1
177,2500,5,stress,ccmar,0.2558505160746848,full,0.2456538642025572,0.009682452364008706,0.22667660628707542,0.26463112211803896,1
177,2500,5,stress,ccmar,0.2558505160746848,cc,0.35813135498218523,0.05487356303472596,0.2505811477307339,0.46568156223363655,1
177,2500,5,stress,ccmar,0.2558505160746848,seq,0.3712949737836619,0.05943574752276926,0.2548030492448184,0.4877868983225054,1
178,2500,5,stress,ccmar,0.2558505160746848,full,0.25849030544249674,0.009118350432780545,0.24061866699583165,0.2763619438891618,1
178,2500,5,stress,ccmar,0.2558505160746848,cc,0.28816935337095856,0.018488224382853274,0.2519330994424709,0.32440560729944623,1
178,2500,5,stress,ccmar,0.2558505160746848,seq,0.29306573124647084,0.019033299893006384,0.25576114894922825,0.33037031354371343,1
179,2500,5,stress,ccmar,0.2558505160746848,full,0.258369376460979,0.008879760146981254,0.24096536638154167,0.2757733865404164,1
179,2500,5,stress,ccmar,0.2558505160746848,cc,0.25340616113744846,0.019168029018649713,0.21583751460627637,0.29097480766862055,1
179,2500,5,stress,ccmar,0.2558505160746848,seq,0.26202955030868996,0.01956184508229439,0.223689038476241,0.3003700621411389,1
180,2500,5,stress,ccmar,0.2558505160746848,full,0.26392394779443396,0.009858194936217616,0.2446022407668723,0.2832456548219956,1
180,2500,5,stress,ccmar,0.2558505160746848,cc,0.2590745312407881,0.0168641674136353,0.22602137048080892,0.29212769200076727,1
180,2500,5,stress,ccmar,0.2558505160746848,seq,0.25655532739425346,0.018164262380633584,0.22095402732247585,0.29215662746603105,1
181,2500,5,stress,ccmar,0.2558505160746848,full,0.24939376072071381,0.009864235066678684,0.23006021525498654,0.2687273061864411,1
181,2500,5,stress,ccmar,0.2558505160746848,cc,0.259220525921712,0.030223658324651535,0.1999832441243508,0.3184578077190732,1
181,2500,5,stress,ccmar,0.2558505160746848,seq,0.2707607696156748,0.030019890885018885,0.21192286466121554,0.3295986745701341,1
182,2500,5,stress,ccmar,0.2558505160746848,full,0.24620245950448963,0.009139324511531864,0.22828971261886305,0.2641152063901162,1
182,2500,5,stress,ccmar,0.2558505160746848,cc,0.23038079204792544,0.01825941986965661,0.19459298672480344,0.2661685973710474,1
182,2500,5,stress,ccmar,0.2558505160746848,seq,0.22447064781365753,0.017970641334619102,0.18924883801871728,0.25969245760859777,1
183,2500,5,stress,ccmar,0.2558505160746848,full,0.2494731439571492,0.008970188332557073,0.23189189789079595,0.26705439002350245,1
183,2500,5,stress,ccmar,0.2558505160746848,cc,0.19731444178301014,0.042724582878698875,0.11357579808626371,0.28105308547975655,1
183,2500,5,stress,ccmar,0.2558505160746848,seq,0.1957407710457198,0.03887337329386095,0.11955035943217115,0.2719311826592684,1
184,2500,5,stress,ccmar,0.2558505160746848,full,0.25753662547260103,0.00921966032168035,0.23946642329241458,0.2756068276527875,1
184,2500,5,stress,ccmar,0.2558505160746848,cc,0.21713606848419645,0.040748177223944665,0.13727110868960957,0.29700102827878333,1
184,2500,5,stress,ccmar,0.2558505160746848,seq,0.2148403991454759,0.04778049048663128,0.12119235862801991,0.3084884396629319,1
185,2500,5,stress,ccmar,0.2558505160746848,full,0.2567871633793863,0.00885586463563132,0.23942998764158696,0.2741443391171856,1
185,2500,5,stress,ccmar,0.2558505160746848,cc,0.21081358708691014,0.022774868657277788,0.16617566476601559,0.2554515094078047,0
185,2500,5,stress,ccmar,0.2558505160746848,seq,0.2161766688458088,0.022879392646447717,0.1713338832706207,0.2610194544209969,1
186,2500,5,stress,ccmar,0.2558505160746848,full,0.2571664763827136,0.009793528931666929,0.2379715123950954,0.27636144037033183,1
186,2500,5,stress,ccmar,0.2558505160746848,cc,0.25433446478944816,0.024485117206814882,0.20634451690684902,0.3023244126720473,1
186,2500,5,stress,ccmar,0.2558505160746848,seq,0.26213619581167225,0.022966174737549427,0.21712332046342175,0.30714907115992274,1
187,2500,5,stress,ccmar,0.2558505160746848,full,0.25084722028195383,0.009491257252428848,0.2322446978991887,0.26944974266471894,1
187,2500,5,stress,ccmar,0.2558505160746848,cc,0.20000894172089193,0.021015720942879294,0.15881888556370435,0.2411989978780795,0
187,2500,5,stress,ccmar,0.2558505160746848,seq,0.19141647714265622,0.02035298355867557,0.15152536238971626,0.2313075918955962,0
188,2500,5,stress,ccmar,0.2558505160746848,full,0.2717132166792807,0.009108410422560206,0.25386106029465344,0.289565373063908,1
188,2500,5,stress,ccmar,0.2558505160746848,cc,0.25935154356572754,0.013149118913347736,0.23357974406713153,0.2851233430643236,1
188,2500,5,stress,ccmar,0.2558505160746848,seq,0.25690172124937294,0.013242193513592728,0.23094749888642127,0.2828559436123246,1
189,2500,5,stress,ccmar,0.2558505160746848,full,0.2568652650123544,0.010494411831631346,0.23629659578342593,0.2774339342412829,1
189,2500,5,stress,ccmar,0.2558505160746848,cc,0.30900126561120866,0.02186776613409766,0.26614123156603253,0.3518612996563848,0
189,2500,5,stress,ccmar,0.2558505160746848,seq,0.3086197888623748,0.02160720276052724,0.26627044964508695,0.35096912807966263,0
190,2500,5,stress,ccmar,0.2558505160746848,full,0.2849944845454371,0.009103548304121625,0.267151857737838,0.30283711135303615,0
190,2500,5,stress,ccmar,0.2558505160746848,cc,0.2624854729548526,0.025486849163229755,0.21253216651551746,0.31243877939418774,1
190,2500,5,stress,ccmar,0.2558505160746848,seq,0.2580162586888482,0.025718912944089466,0.20760811559691184,0.30842440178078456,1
191,2500,5,stress,ccmar,0.2558505160746848,full,0.24578113194287024,0.008941597919625802,0.2282559220561654,0.2633063418295751,1
191,2500,5,stress,ccmar,0.2558505160746848,cc,0.25942235514977946,0.02525339267286453,0.20992661502351728,0.30891809527604164,1
191,2500,5,stress,ccmar,0.2558505160746848,seq,0.2513138452403102,0.025937489677078943,0.20047729962385602,0.3021503908567644,1
192,2500,5,stress,ccmar,0.2558505160746848,full,0.23320408935245818,0.009363454939429652,0.2148520549003124,0.25155612380460396,0
192,2500,5,stress,ccmar,0.2558505160746848,cc,0.1705135908245091,0.0538846455886915,0.06490162615096866,0.2761255554980495,1
192,2500,5,stress,ccmar,0.2558505160746848,seq,0.14491260488254654,0.06959824782650809,0.008502545755497581,0.2813226640095955,1
193,2500,5,stress,ccmar,0.2558505160746848,full,0.24676443351476915,0.008597166896549146,0.22991429602845284,0.2636145710010855,1
193,2500,5,stress,ccmar,0.2558505160746848,cc,0.2771132355349,0.01910086755457678,0.23967622305445987,0.31455024801534015,1
193,2500,5,stress,ccmar,0.2558505160746848,seq,0.2746711183672151,0.019979825960982026,0.23551137906631192,0.31383085766811825,1
194,2500,5,stress,ccmar,0.2558505160746848,full,0.26689508157622294,0.009525083720751162,0.24822626053382188,0.28556390261862397,1
194,2500,5,stress,ccmar,0.2558505160746848,cc,0.29325136167327015,0.017822576133166776,0.2583197543405401,0.3281829690060002,0
194,2500,5,stress,ccmar,0.2558505160746848,seq,0.2905627665886242,0.01764108342025066,0.25598687843666623,0.3251386547405821,0
195,2500,5,stress,ccmar,0.2558505160746848,full,0.25052257769709374,0.010165173939739197,0.2305992028786198,0.2704459525155677,1
195,2500,5,stress,ccmar,0.2558505160746848,cc,0.2711898194015437,0.012650286369109394,0.24639571372397132,0.2959839250791161,1
195,2500,5,stress,ccmar,0.2558505160746848,seq,0.26721666872559,0.012853240153659667,0.242024780939773,0.29240855651140707,1
196,2500,5,stress,ccmar,0.2558505160746848,full,0.2589159558094867,0.015277633995406966,0.22897234340950426,0.2888595682094691,1
196,2500,5,stress,ccmar,0.2558505160746848,cc,0.2980649108665304,0.035684203575243476,0.22812515704205777,0.36800466469100307,1
196,2500,5,stress,ccmar,0.2558505160746848,seq,0.27862307832817435,0.036440140855582386,0.20720171465966628,0.3500444419966824,1
197,2500,5,stress,ccmar,0.2558505160746848,full,0.23460829206912995,0.009513922429832256,0.21596134675495093,0.25325523738330896,0
197,2500,5,stress,ccmar,0.2558505160746848,cc,0.2509927384267358,0.02784506575960044,0.19641741239076949,0.3055680644627021,1
197,2500,5,stress,ccmar,0.2558505160746848,seq,0.25280073481030557,0.0430979904252449,0.1683302257707735,0.33727124384983764,1
198,2500,5,stress,ccmar,0.2558505160746848,full,0.2609782077529997,0.009551474329365007,0.2422576620681854,0.279698753437814,1
198,2500,5,stress,ccmar,0.2558505160746848,cc,0.3006914252721509,0.02411155462700654,0.253433646591948,0.34794920395235385,1
198,2500,5,stress,ccmar,0.2558505160746848,seq,0.2989222476241385,0.021559374923062976,0.25666664924573906,0.3411778460025379,0
199,2500,5,stress,ccmar,0.2558505160746848,full,0.2411110891220026,0.009720475504323112,0.22205930722092548,0.2601628710230797,1
199,2500,5,stress,ccmar,0.2558505160746848,cc,0.21873767329197458,0.016004459645113902,0.18736950879552663,0.25010583778842255,0
199,2500,5,stress,ccmar,0.2558505160746848,seq,0.21455686976349997,0.016588349045919656,0.18204430307051808,0.24706943645648186,0
200,2500,5,stress,ccmar,0.2558505160746848,full,0.24641708985302302,0.00917421711692402,0.22843595471750106,0.264398224988545,1
200,2500,5,stress,ccmar,0.2558505160746848,cc,0.2216024751894509,0.04452538780919041,0.1343343186857589,0.3088706316931429,1
200,2500,5,stress,ccmar,0.2558505160746848,seq,0.18349785492630455,0.06191748063863667,0.06214182286112058,0.3048538869914885,1
201,2500,5,stress,ccmar,0.2558505160746848,full,0.23824987923670068,0.01026925454646136,0.2181225101775622,0.25837724829583913,1
201,2500,5,stress,ccmar,0.2558505160746848,cc,0.261896424768872,0.03016647002782288,0.20277122997363214,0.32102161956411185,1
201,2500,5,stress,ccmar,0.2558505160746848,seq,0.2473547447385211,0.02213668371475495,0.20396764192044706,0.29074184755659516,1
202,2500,5,stress,ccmar,0.2558505160746848,full,0.2723717374132022,0.009163905890293044,0.25441081191051335,0.29033266291589105,1
202,2500,5,stress,ccmar,0.2558505160746848,cc,0.2868414235916,0.020306573452308584,0.24704127097565798,0.326641576207542,1
202,2500,5,stress,ccmar,0.2558505160746848,seq,0.27561505964779287,0.021525872784135286,0.23342512425509676,0.317804995040489,1
203,2500,5,stress,ccmar,0.2558505160746848,full,0.27598947145396685,0.009347779590604484,0.2576681601209635,0.2943107827869702,0
203,2500,5,stress,ccmar,0.2558505160746848,cc,0.26090874085365356,0.021798081322237785,0.21818528652999225,0.3036321951773149,1
203,2500,5,stress,ccmar,0.2558505160746848,seq,0.2644100669377828,0.020194793639960157,0.22482899872824236,0.30399113514732323,1
204,2500,5,stress,ccmar,0.2558505160746848,full,0.24800347570434783,0.009009310210586817,0.2303455521660487,0.265661399242647,1
204,2500,5,stress,ccmar,0.2558505160746848,cc,0.22806470083635733,0.016403602318175295,0.19591423107601602,0.26021517059669863,1
204,2500,5,stress,ccmar,0.2558505160746848,seq,0.23276326900446184,0.01579339324573646,0.20180878704914024,0.26371775095978345,1
205,2500,5,stress,ccmar,0.2558505160746848,full,0.2702482583107444,0.011306471834899048,0.24808798072212576,0.292408535899363,1
205,2500,5,stress,ccmar,0.2558505160746848,cc,0.2407693912492163,0.02630522369816327,0.18921210019554677,0.29232668230288583,1
205,2500,5,stress,ccmar,0.2558505160746848,seq,0.24708330109583895,0.027623654585103245,0.19294193298766188,0.301224669204016,1
206,2500,5,stress,ccmar,0.2558505160746848,full,0.2637724172025512,0.00989565341492659,0.24437729290580426,0.28316754149929807,1
206,2500,5,stress,ccmar,0.2558505160746848,cc,0.2805286361221524,0.028929787174518516,0.22382729517968733,0.33722997706461744,1
206,2500,5,stress,ccmar,0.2558505160746848,seq,0.2656594999576096,0.031674425286313215,0.20357876716543094,0.3277402327497883,1
207,2500,5,stress,ccmar,0.2558505160746848,full,0.23482242135984585,0.009008629685658602,0.2171658316258966,0.2524790110937951,0
207,2500,5,stress,ccmar,0.2558505160746848,cc,0.24905240276643917,0.019584479348610462,0.2106675285871942,0.2874372769456841,1
207,2500,5,stress,ccmar,0.2558505160746848,seq,0.25458955099203184,0.019148796359088848,0.21705859978092598,0.2921205022031377,1
208,2500,5,stress,ccmar,0.2558505160746848,full,0.2675404172985217,0.009166837545558306,0.24957374585709785,0.2855070887399455,1
208,2500,5,stress,ccmar,0.2558505160746848,cc,0.25420884116581016,0.015913000248993548,0.2230199337918059,0.2853977485398144,1
208,2500,5,stress,ccmar,0.2558505160746848,seq,0.2586018508889982,0.014977276551164398,0.22924692826221968,0.28795677351577664,1
209,2500,5,stress,ccmar,0.2558505160746848,full,0.2496784709403307,0.009702210905909682,0.23066248699433597,0.2686944548863254,1
209,2500,5,stress,ccmar,0.2558505160746848,cc,0.1456506064286161,0.030690431740233,0.08549846554777449,0.20580274730945772,0
209,2500,5,stress,ccmar,0.2558505160746848,seq,0.13436995080717634,0.03134732877462936,0.07293031539736669,0.195809586216986,0
210,2500,5,stress,ccmar,0.2558505160746848,full,0.2799243851015297,0.008689908813598254,0.26289247679794,0.2969562934051195,0
210,2500,5,stress,ccmar,0.2558505160746848,cc,0.2933201486920074,0.0179694793645163,0.25810061631661974,0.32853968106739506,0
210,2500,5,stress,ccmar,0.2558505160746848,seq,0.30127345216684137,0.018528645546487327,0.2649579742134177,0.33758893012026503,0
211,2500,5,stress,ccmar,0.2558505160746848,full,0.2495598153435963,0.00906065526381555,0.23180125735018456,0.26731837333700803,1
211,2500,5,stress,ccmar,0.2558505160746848,cc,0.2220267062750293,0.016079306672546055,0.19051184430046444,0.2535415682495941,0
211,2500,5,stress,ccmar,0.2558505160746848,seq,0.22877421066117623,0.01597322655190394,0.1974672619025456,0.26008115941980686,1
212,2500,5,stress,ccmar,0.2558505160746848,full,0.27676793814627454,0.010081998933421512,0.2570075833445971,0.29652829294795197,0
212,2500,5,stress,ccmar,0.2558505160746848,cc,0.3106304387270136,0.016137624301752803,0.2790012762995398,0.34225960115448745,0
212,2500,5,stress,ccmar,0.2558505160746848,seq,0.3060688043168393,0.016769808088347236,0.27320058443603024,0.3389370241976484,0
213,2500,5,stress,ccmar,0.2558505160746848,full,0.25592482933559807,0.009204375116577644,0.23788458560690923,0.2739650730642869,1
213,2500,5,stress,ccmar,0.2558505160746848,cc,0.3294116196273638,0.06323779536182507,0.2054678182564726,0.45335542099825504,1
213,2500,5,stress,ccmar,0.2558505160746848,seq,0.3163976444869346,0.06426165081671989,0.19044712329907465,0.4423481656747945,1
214,2500,5,stress,ccmar,0.2558505160746848,full,0.2739326100583185,0.00862630310467781,0.2570253666534239,0.29083985346321306,0
214,2500,5,stress,ccmar,0.2558505160746848,cc,0.24278428558068255,0.01618133238589683,0.21106945688245318,0.27449911427891194,1
214,2500,5,stress,ccmar,0.2558505160746848,seq,0.24515219856892223,0.01659714424257188,0.21262239360726504,0.2776820035305794,1
215,2500,5,stress,ccmar,0.2558505160746848,full,0.25611320604682386,0.009161451587784761,0.23815709088865844,0.2740693212049893,1
215,2500,5,stress,ccmar,0.2558505160746848,cc,0.1939553234730748,0.0597812491129526,0.07678622826087064,0.31112441868527896,1
215,2500,5,stress,ccmar,0.2558505160746848,seq,0.1877224710002746,0.059030388237222065,0.0720250360619025,0.30341990593864665,1
216,2500,5,stress,ccmar,0.2558505160746848,full,0.24146481788349566,0.00928302626479497,0.22327042073695813,0.2596592150300332,1
216,2500,5,stress,ccmar,0.2558505160746848,cc,0.21664837816431853,0.01971975759709459,0.17799836349015302,0.25529839283848405,0
216,2500,5,stress,ccmar,0.2558505160746848,seq,0.2220092894301598,0.01897471595873828,0.18481952953415537,0.2591990493261642,1
217,2500,5,stress,ccmar,0.2558505160746848,full,0.22591514705944074,0.00964999852349479,0.20700149750252625,0.24482879661635523,0
217,2500,5,stress,ccmar,0.2558505160746848,cc,0.18460580115187844,0.06734194832208797,0.052618007791828514,0.31659359451192837,1
217,2500,5,stress,ccmar,0.2558505160746848,seq,0.17208467824699492,0.06593977163649167,0.04284510069067546,0.30132425580331434,1
218,2500,5,stress,ccmar,0.2558505160746848,full,0.2594990910731847,0.009005265040400352,0.24184909592276238,0.277149086223607,1
218,2500,5,stress,ccmar,0.2558505160746848,cc,0.27490155580825304,0.020566605539069242,0.23459174966743535,0.31521136194907073,1
218,2500,5,stress,ccmar,0.2558505160746848,seq,0.28563526746885365,0.02152497518078981,0.2434470913463871,0.3278234435913202,1
219,2500,5,stress,ccmar,0.2558505160746848,full,0.2755435388646572,0.00928510957506376,0.25734505850502426,0.29374201922429016,0
219,2500,5,stress,ccmar,0.2558505160746848,cc,0.2469365107050822,0.04488368838696997,0.1589660979733024,0.334906923436862,1
219,2500,5,stress,ccmar,0.2558505160746848,seq,0.2493488787040702,0.04378872409442347,0.1635245565500389,0.3351732008581015,1
220,2500,5,stress,ccmar,0.2558505160746848,full,0.2654881053477835,0.012839966929712485,0.2403222326028617,0.2906539780927053,1
220,2500,5,stress,ccmar,0.2558505160746848,cc,0.2032044246936669,0.031007953446754794,0.14242995270373288,0.2639788966836009,1
220,2500,5,stress,ccmar,0.2558505160746848,seq,0.1907661790395533,0.03394718511809629,0.12423091883157049,0.2573014392475361,1
221,2500,5,stress,ccmar,0.2558505160746848,full,0.25682329657317066,0.010087662644054935,0.2370518411026329,0.2765947520437084,1
221,2500,5,stress,ccmar,0.2558505160746848,cc,0.33321189768828324,0.053255342153009345,0.22883334508402714,0.43759045029253935,1
221,2500,5,stress,ccmar,0.2558505160746848,seq,0.34733638453490856,0.0564756588050094,0.23664612727391776,0.45802664179589936,1
222,2500,5,stress,ccmar,0.2558505160746848,full,0.26092035907184075,0.009823563598349351,0.24166652821923731,0.28017418992444415,1
222,2500,5,stress,ccmar,0.2558505160746848,cc,0.26439062866770047,0.018688099558878714,0.22776262659279933,0.3010186307426016,1
222,2500,5,stress,ccmar,0.2558505160746848,seq,0.26205472886701564,0.01902026643510996,0.22477569167784406,0.2993337660561872,1
223,2500,5,stress,ccmar,0.2558505160746848,full,0.25539381082546503,0.009104889342663158,0.23754855563062266,0.2732390660203074,1
223,2500,5,stress,ccmar,0.2558505160746848,cc,0.2665254779881577,0.02806731462852756,0.21151455217348947,0.3215364038028259,1
223,2500,5,stress,ccmar,0.2558505160746848,seq,0.26157473388858454,0.03190056577998055,0.19905077387337178,0.3240986939037973,1
224,2500,5,stress,ccmar,0.2558505160746848,full,0.261646154113721,0.009316056882028065,0.2433870181470195,0.27990529008042253,1
224,2500,5,stress,ccmar,0.2558505160746848,cc,0.24792630679476269,0.02686854176554,0.19526493261719405,0.30058768097233135,1
224,2500,5,stress,ccmar,0.2558505160746848,seq,0.24891016774947075,0.02698211879333991,0.1960261866879432,0.3017941488109983,1
225,2500,5,stress,ccmar,0.2558505160746848,full,0.25656084369428644,0.008708736076421565,0.23949203463363553,0.2736296527549374,1
225,2500,5,stress,ccmar,0.2558505160746848,cc,0.25773628700043477,0.06582940988167611,0.12871301450882444,0.3867595594920451,1
225,2500,5,stress,ccmar,0.2558505160746848,seq,0.2624803011922692,0.08055049893959552,0.10460422433393018,0.42035637805060827,1
226,2500,5,stress,ccmar,0.2558505160746848,full,0.2366581725225136,0.009527351512123396,0.2179849066906985,0.25533143835432864,0
226,2500,5,stress,ccmar,0.2558505160746848,cc,0.17756628379872247,0.03543491082725813,0.10811513478190812,0.2470174328155368,0
226,2500,5,stress,ccmar,0.2558505160746848,seq,0.17995613482398487,0.03406493201278886,0.11319009494311318,0.24672217470485658,0
227,2500,5,stress,ccmar,0.2558505160746848,full,0.2561602345801594,0.008865469176968992,0.23878423428725024,0.2735362348730686,1
227,2500,5,stress,ccmar,0.2558505160746848,cc,0.2173484803201381,0.028379107954591466,0.16172645081576464,0.27297050982451154,1
227,2500,5,stress,ccmar,0.2558505160746848,seq,0.2257878500210873,0.026284520817194207,0.17427113586849335,0.27730456417368127,1
228,2500,5,stress,ccmar,0.2558505160746848,full,0.24500392213852137,0.009473653296010161,0.2264359028763223,0.2635719414007205,1
228,2500,5,stress,ccmar,0.2558505160746848,cc,0.2531277071583852,0.01770228687088677,0.21843186244745086,0.2878235518693195,1
228,2500,5,stress,ccmar,0.2558505160746848,seq,0.25500099991619174,0.0175791637111423,0.22054647216401935,0.28945552766836413,1
229,2500,5,stress,ccmar,0.2558505160746848,full,0.2554194990928765,0.008897327443581916,0.23798105774479608,0.27285794044095685,1
229,2500,5,stress,ccmar,0.2558505160746848,cc,0.2600774528869036,0.01511784789939483,0.23044701548033522,0.289707890293472,1
229,2500,5,stress,ccmar,0.2558505160746848,seq,0.26391433506863343,0.014481972601962902,0.23553019034369033,0.29229847979357654,1
230,2500,5,stress,ccmar,0.2558505160746848,full,0.25410188469845796,0.009222293868117232,0.2360265208621036,0.2721772485348123,1
230,2500,5,stress,ccmar,0.2558505160746848,cc,0.23676265900094204,0.021883008395354224,0.19387275067266013,0.27965256732922394,1
230,2500,5,stress,ccmar,0.2558505160746848,seq,0.23934309494106784,0.022813974772147697,0.19462852604345296,0.2840576638386827,1
231,2500,5,stress,ccmar,0.2558505160746848,full,0.2547540394599164,0.008541736451328786,0.23801254364987903,0.2714955352699538,1
231,2500,5,stress,ccmar,0.2558505160746848,cc,0.3500884305304986,0.05610539546270803,0.2401238760852139,0.4600529849757833,1
231,2500,5,stress,ccmar,0.2558505160746848,seq,0.35008359409680667,0.060375746243989684,0.23174930591885745,0.4684178822747559,1
232,2500,5,stress,ccmar,0.2558505160746848,full,0.25078020116152444,0.009343131364831477,0.23246800018362818,0.2690924021394207,1
232,2500,5,stress,ccmar,0.2558505160746848,cc,0.26979511047875787,0.01581541635493112,0.23879746402258714,0.30079275693492863,1
232,2500,5,stress,ccmar,0.2558505160746848,seq,0.27441778843019365,0.015701597813701212,0.24364322221560641,0.3051923546447809,1
233,2500,5,stress,ccmar,0.2558505160746848,full,0.25554003820051124,0.00930319180775682,0.2373061173160398,0.2737739590849827,1
233,2500,5,stress,ccmar,0.2558505160746848,cc,0.2625448240001745,0.028156714894469075,0.20735867688405257,0.3177309711162964,1
233,2500,5,stress,ccmar,0.2558505160746848,seq,0.2662649526860569,0.025900913017289567,0.21550009600546466,0.3170298093666491,1
234,2500,5,stress,ccmar,0.2558505160746848,full,0.27123920460127904,0.009838080243690272,0.2519569216466311,0.290521487555927,1
234,2500,5,stress,ccmar,0.2558505160746848,cc,0.25635338767874416,0.043897914207578624,0.17031505683546092,0.34239171852202743,1
234,2500,5,stress,ccmar,0.2558505160746848,seq,0.2526511865046357,0.045552055617407584,0.16337079807275137,0.34193157493652004,1
235,2500,5,stress,ccmar,0.2558505160746848,full,0.26469931397339996,0.009776996100533876,0.245536753739365,0.2838618742074349,1
235,2500,5,stress,ccmar,0.2558505160746848,cc,0.23242044370717618,0.03243064275468046,0.16885755191251764,0.29598333550183475,1
235,2500,5,stress,ccmar,0.2558505160746848,seq,0.23127811522198102,0.032758620174504406,0.16707239949672517,0.29548383094723685,1
236,2500,5,stress,ccmar,0.2558505160746848,full,0.2607485112775007,0.009158108598077627,0.24279894825876194,0.27869807429623944,1
236,2500,5,stress,ccmar,0.2558505160746848,cc,0.27003000163350427,0.017727036311760962,0.235285648909819,0.3047743543571895,1
236,2500,5,stress,ccmar,0.2558505160746848,seq,0.2748285056135216,0.0172585610847194,0.24100234746248705,0.3086546637645562,1
237,2500,5,stress,ccmar,0.2558505160746848,full,0.27172024191856425,0.008919048197163026,0.25423922867574783,0.2892012551613807,1
237,2500,5,stress,ccmar,0.2558505160746848,cc,0.25819075370519073,0.0197358410063169,0.21950921612820087,0.2968722912821806,1
237,2500,5,stress,ccmar,0.2558505160746848,seq,0.26254482015298697,0.019589731855236093,0.2241496512499272,0.30093998905604674,1
238,2500,5,stress,ccmar,0.2558505160746848,full,0.26076912353699344,0.00868781055669491,0.24374132774136453,0.27779691933262235,1
238,2500,5,stress,ccmar,0.2558505160746848,cc,0.2270126145461367,0.03993992339527187,0.14873180314611512,0.30529342594615827,1
238,2500,5,stress,ccmar,0.2558505160746848,seq,0.23195391577509175,0.0327995275381176,0.16766802309045153,0.29623980845973197,1
239,2500,5,stress,ccmar,0.2558505160746848,full,0.2412826438654391,0.009763474131239068,0.22214658620422204,0.26041870152665614,1
239,2500,5,stress,ccmar,0.2558505160746848,cc,0.3080138265383467,0.03245271167062441,0.24440768046326017,0.3716199726134332,1
239,2500,5,stress,ccmar,0.2558505160746848,seq,0.3056237332371633,0.033287611385103645,0.2403812137909947,0.3708662526833319,1
240,2500,5,stress,ccmar,0.2558505160746848,full,0.2508105051979027,0.00921614432826219,0.23274719423818574,0.2688738161576197,1
240,2500,5,stress,ccmar,0.2558505160746848,cc,0.2913358083330612,0.01867117748199372,0.2547409729193983,0.32793064374672415,1
240,2500,5,stress,ccmar,0.2558505160746848,seq,0.2882285812415266,0.019756138804339133,0.24950726071144771,0.32694990177160554,1
241,2500,5,stress,ccmar,0.2558505160746848,full,0.25417782641937053,0.01093693080492192,0.23274183594031692,0.2756138168984242,1
241,2500,5,stress,ccmar,0.2558505160746848,cc,0.23984766714966071,0.021841482146650267,0.1970391487732516,0.2826561855260698,1
241,2500,5,stress,ccmar,0.2558505160746848,seq,0.24117539997812937,0.02105583079435218,0.1999067299566297,0.282444069999629,1
242,2500,5,stress,ccmar,0.2558505160746848,full,0.2624767247967866,0.009618418739354952,0.24362497047942572,0.28132847911414743,1
242,2500,5,stress,ccmar,0.2558505160746848,cc,0.2690608550917011,0.02411105088861863,0.2218040637205961,0.3163176464628061,1
242,2500,5,stress,ccmar,0.2558505160746848,seq,0.26361865398526196,0.026639794795957242,0.2114056156296482,0.3158316923408757,1
243,2500,5,stress,ccmar,0.2558505160746848,full,0.2672413881138079,0.008652162836226268,0.2502834605664285,0.2841993156611873,1
243,2500,5,stress,ccmar,0.2558505160746848,cc,0.24560146714123912,0.02775165158702191,0.19120922951917235,0.2999937047633059,1
243,2500,5,stress,ccmar,0.2558505160746848,seq,0.2464196624066556,0.032467656088963785,0.18278422580985398,0.31005509900345724,1
244,2500,5,stress,ccmar,0.2558505160746848,full,0.2547171009735693,0.009385718374493339,0.23632143099052655,0.27311277095661207,1
244,2500,5,stress,ccmar,0.2558505160746848,cc,0.21258065776501966,0.01949102990649218,0.17437894112670188,0.25078237440333745,0
244,2500,5,stress,ccmar,0.2558505160746848,seq,0.21022992006337363,0.01923945864690215,0.17252127403339768,0.24793856609334958,0
245,2500,5,stress,ccmar,0.2558505160746848,full,0.23431254735522936,0.008805445453220347,0.2170541913990855,0.2515709033113732,0
245,2500,5,stress,ccmar,0.2558505160746848,cc,0.238524667441335,0.034727461810516204,0.1704600930182331,0.3065892418644369,1
245,2500,5,stress,ccmar,0.2558505160746848,seq,0.23068091728065793,0.03473962663738996,0.1625925002350053,0.2987693343263106,1
246,2500,5,stress,ccmar,0.2558505160746848,full,0.24726022818897025,0.012639788153532425,0.22248669863583068,0.27203375774210986,1
246,2500,5,stress,ccmar,0.2558505160746848,cc,0.21282082263173943,0.039853404881677726,0.1347095844023583,0.29093206086112056,1
246,2500,5,stress,ccmar,0.2558505160746848,seq,0.2275342173011564,0.030156165855300357,0.16842921831295116,0.2866392162893616,1
247,2500,5,stress,ccmar,0.2558505160746848,full,0.25722890190379977,0.00963120991609715,0.23835207734070432,0.27610572646689524,1
247,2500,5,stress,ccmar,0.2558505160746848,cc,0.23639482307634366,0.013070349818391249,0.21077740816695717,0.26201223798573015,1
247,2500,5,stress,ccmar,0.2558505160746848,seq,0.2388155918472312,0.01307537453672471,0.21318832867087867,0.2644428550235837,1
248,2500,5,stress,ccmar,0.2558505160746848,full,0.26936174418435876,0.008715706204005594,0.2522792739246755,0.28644421444404206,1
248,2500,5,stress,ccmar,0.2558505160746848,cc,0.3046246277665543,0.025659576542950525,0.25433278188382247,0.35491647364928613,1
248,2500,5,stress,ccmar,0.2558505160746848,seq,0.29807001577789677,0.02784749742709652,0.24348992376121575,0.3526501077945778,1
249,2500,5,stress,ccmar,0.2558505160746848,full,0.24660184180906008,0.010063445825062028,0.22687785043156855,0.2663258331865516,1
249,2500,5,stress,ccmar,0.2558505160746848,cc,0.3934329103338727,0.14245878082381824,0.1142188306377036,0.6726469900300418,1
249,2500,5,stress,ccmar,0.2558505160746848,seq,0.4425330385839854,0.19784524096513142,0.05476349177967926,0.8303025853882915,1
250,2500,5,stress,ccmar,0.2558505160746848,full,0.27862375777109255,0.00917905889389591,0.2606331329270845,0.2966143826151006,0
250,2500,5,stress,ccmar,0.2558505160746848,cc,0.3278363232859315,0.035249349120224274,0.2587488685318133,0.3969237780400497,0
250,2500,5,stress,ccmar,0.2558505160746848,seq,0.3442960266268768,0.03630670171508785,0.273136198867866,0.4154558543858876,0
251,2500,5,stress,ccmar,0.2558505160746848,full,0.2543057655912824,0.009595868744678432,0.23549820845133906,0.2731133227312257,1
251,2500,5,stress,ccmar,0.2558505160746848,cc,0.3284147741351264,0.029668668324359073,0.27026525275011826,0.3865642955201345,0
251,2500,5,stress,ccmar,0.2558505160746848,seq,0.3213543193996284,0.031792131470993995,0.25904288672471776,0.383665752074539,0
252,2500,5,stress,ccmar,0.2558505160746848,full,0.2625471878592584,0.009117408444255374,0.2446773956761765,0.2804169800423403,1
252,2500,5,stress,ccmar,0.2558505160746848,cc,0.26162924496228546,0.02299860716265139,0.2165528032289038,0.3067056866956671,1
252,2500,5,stress,ccmar,0.2558505160746848,seq,0.256890953989687,0.024895502534954556,0.2080966656441504,0.30568524233522354,1
253,2500,5,stress,ccmar,0.2558505160746848,full,0.24045861649173303,0.010646153920851387,0.21959253823299443,0.26132469475047165,1
253,2500,5,stress,ccmar,0.2558505160746848,cc,0.17482913959983404,0.043020198826639246,0.09051109929186882,0.25914717990779923,1
253,2500,5,stress,ccmar,0.2558505160746848,seq,0.18098922767439848,0.0390281177485572,0.1044955225028379,0.2574829328459591,1
254,2500,5,stress,ccmar,0.2558505160746848,full,0.23726559284433402,0.00910523904639163,0.2194196522427786,0.25511153344588944,0
254,2500,5,stress,ccmar,0.2558505160746848,cc,0.23689174310167538,0.024777055178159323,0.18832960730952145,0.2854538788938293,1
254,2500,5,stress,ccmar,0.2558505160746848,seq,0.23746978328206297,0.024645880854632027,0.18916474443971895,0.28577482212440697,1
255,2500,5,stress,ccmar,0.2558505160746848,full,0.27068419514273845,0.009489510377527337,0.2520850965718658,0.2892832937136111,1
255,2500,5,stress,ccmar,0.2558505160746848,cc,0.29984928029581454,0.01917465103274022,0.26226765485551995,0.3374309057361091,0
255,2500,5,stress,ccmar,0.2558505160746848,seq,0.29737624522959816,0.020031877999302745,0.2581144858082645,0.3366380046509318,0
256,2500,5,stress,ccmar,0.2558505160746848,full,0.2600591195298591,0.009155325688456782,0.24211501091374943,0.2780032281459688,1
256,2500,5,stress,ccmar,0.2558505160746848,cc,0.2852598863802647,0.023791566441470815,0.23862927301919015,0.33189049974133933,1
256,2500,5,stress,ccmar,0.2558505160746848,seq,0.2867173096316553,0.022827866478491835,0.24197551348992213,0.3314591057733885,1
257,2500,5,stress,ccmar,0.2558505160746848,full,0.26017291319388947,0.008442583688363954,0.24362575322823077,0.27672007315954816,1
257,2500,5,stress,ccmar,0.2558505160746848,cc,0.26381592296557993,0.0165412800959611,0.23139560971930692,0.2962362362118529,1
257,2500,5,stress,ccmar,0.2558505160746848,seq,0.268377117628823,0.01651860738287544,0.2360012420836297,0.30075299317401627,1
258,2500,5,stress,ccmar,0.2558505160746848,full,0.27075529728277686,0.009091137657279117,0.25293699489601396,0.28857359966953977,1
258,2500,5,stress,ccmar,0.2558505160746848,cc,0.2383415717843111,0.02779060313061228,0.18387299053966494,0.29281015302895724,1
258,2500,5,stress,ccmar,0.2558505160746848,seq,0.23659520441362966,0.026887724453544745,0.18389623285844506,0.28929417596881424,1
259,2500,5,stress,ccmar,0.2558505160746848,full,0.268849639241795,0.009095420109347888,0.2510229434032118,0.2866763350803782,1
259,2500,5,stress,ccmar,0.2558505160746848,cc,0.25656686424466435,0.031227947527142877,0.19536121178035767,0.31777251670897105,1
259,2500,5,stress,ccmar,0.2558505160746848,seq,0.25112699104051933,0.032987161897242205,0.18647334176973265,0.31578064031130604,1
260,2500,5,stress,ccmar,0.2558505160746848,full,0.25671451706365317,0.009634828189412043,0.23783060081517432,0.275598433312132,1
260,2500,5,stress,ccmar,0.2558505160746848,cc,0.17966542125855847,0.03003729586067668,0.12079340317865814,0.2385374393384588,0
260,2500,5,stress,ccmar,0.2558505160746848,seq,0.18447031030836133,0.03067771600277006,0.12434309181498396,0.2445975288017387,0
261,2500,5,stress,ccmar,0.2558505160746848,full,0.26112457987812543,0.009964169828682444,0.2415951658780672,0.2806539938781837,1
261,2500,5,stress,ccmar,0.2558505160746848,cc,0.2619546668067601,0.014884606891821696,0.2327813733747529,0.2911279602387673,1
261,2500,5,stress,ccmar,0.2558505160746848,seq,0.2612922927383305,0.014312817075960027,0.23323968675213896,0.289344898724522,1
262,2500,5,stress,ccmar,0.2558505160746848,full,0.2439991129183656,0.01038045375568331,0.22365379741404276,0.2643444284226884,1
262,2500,5,stress,ccmar,0.2558505160746848,cc,0.2933379968211113,0.038661767926534536,0.2175623241064578,0.36911366953576474,1
262,2500,5,stress,ccmar,0.2558505160746848,seq,0.29370476234572646,0.03636053850017682,0.22243941642689785,0.36497010826455506,1
263,2500,5,stress,ccmar,0.2558505160746848,full,0.24456905368922072,0.010272356661293568,0.2244356045967352,0.2647025027817062,1
263,2500,5,stress,ccmar,0.2558505160746848,cc,0.3290134804258891,0.025703114577260096,0.27863630156395286,0.3793906592878254,0
263,2500,5,stress,ccmar,0.2558505160746848,seq,0.33367884797434166,0.0254726059141378,0.2837534577902496,0.38360423815843375,0
264,2500,5,stress,ccmar,0.2558505160746848,full,0.25939637110767527,0.009342681462830344,0.24108505192149782,0.2777076902938527,1
264,2500,5,stress,ccmar,0.2558505160746848,cc,0.27103201423938783,0.019922202767578324,0.23198521432223013,0.31007881415654553,1
264,2500,5,stress,ccmar,0.2558505160746848,seq,0.28081059919167467,0.02069234626372758,0.24025434575913668,0.32136685262421266,1
265,2500,5,stress,ccmar,0.2558505160746848,full,0.25443827274033354,0.009615347389268473,0.2355925381585261,0.273284007322141,1
265,2500,5,stress,ccmar,0.2558505160746848,cc,0.24819532210523088,0.022389381068835434,0.20431294157417051,0.29207770263629124,1
265,2500,5,stress,ccmar,0.2558505160746848,seq,0.2493300619299679,0.023317284355262816,0.20362902437637354,0.29503109948356226,1
266,2500,5,stress,ccmar,0.2558505160746848,full,0.2590100104314234,0.009210324591143673,0.2409581059468582,0.2770619149159886,1
266,2500,5,stress,ccmar,0.2558505160746848,cc,0.2709868541886617,0.031397583327888355,0.20944872166440526,0.33252498671291814,1
266,2500,5,stress,ccmar,0.2558505160746848,seq,0.26588388758773335,0.034132388308054616,0.19898563579761025,0.33278213937785645,1
267,2500,5,stress,ccmar,0.2558505160746848,full,0.230860034566939,0.009633797366320423,0.21197813869459414,0.24974193043928383,0
267,2500,5,stress,ccmar,0.2558505160746848,cc,0.23389665915026936,0.016236610178933145,0.20207348796854396,0.26571983033199476,1
267,2500,5,stress,ccmar,0.2558505160746848,seq,0.24059325073470572,0.016134472964425578,0.2089702648148964,0.27221623665451505,1
268,2500,5,stress,ccmar,0.2558505160746848,full,0.2594550274675574,0.010348481256639692,0.2391723769098558,0.279737678025259,1
268,2500,5,stress,ccmar,0.2558505160746848,cc,0.2670984506394479,0.04285696101353574,0.18310035056608065,0.3510965507128152,1
268,2500,5,stress,ccmar,0.2558505160746848,seq,0.2735449241649367,0.04718339893093216,0.181067161592124,0.3660226867377494,1
269,2500,5,stress,ccmar,0.2558505160746848,full,0.2603489648810232,0.010138132229430285,0.2404785908408351,0.2802193389212113,1
269,2500,5,stress,ccmar,0.2558505160746848,cc,0.28586811233426096,0.042001316159738795,0.20354704535789275,0.36818917931062917,1
269,2500,5,stress,ccmar,0.2558505160746848,seq,0.2945147265025913,0.05062161101532828,0.1952981920731518,0.3937312609320308,1
270,2500,5,stress,ccmar,0.2558505160746848,full,0.24730537335106045,0.008869391878831338,0.229921684703779,0.2646890619983419,1
270,2500,5,stress,ccmar,0.2558505160746848,cc,0.2480532018215008,0.01321747436490443,0.2221474280997067,0.2739589755432949,1
270,2500,5,stress,ccmar,0.2558505160746848,seq,0.24763700273109177,0.01407232690322182,0.22005574882210294,0.2752182566400806,1
271,2500,5,stress,ccmar,0.2558505160746848,full,0.25992455109859347,0.008661355603408893,0.24294860605861784,0.2769004961385691,1
271,2500,5,stress,ccmar,0.2558505160746848,cc,0.3051350004873369,0.02316515309606535,0.2597321347226923,0.35053786625198147,0
271,2500,5,stress,ccmar,0.2558505160746848,seq,0.3015455919524381,0.025106896257292597,0.25233697952456113,0.350754204380315,1
272,2500,5,stress,ccmar,0.2558505160746848,full,0.26840419477651356,0.009954319926769529,0.24889408622945589,0.2879143033235712,1
272,2500,5,stress,ccmar,0.2558505160746848,cc,0.19290262981521755,0.07185677190226858,0.05206594484146143,0.3337393147889737,1
272,2500,5,stress,ccmar,0.2558505160746848,seq,0.1856212108589782,0.07972055658766687,0.029371791119663787,0.3418706305982926,1
273,2500,5,stress,ccmar,0.2558505160746848,full,0.24567776994169718,0.008831692207457307,0.2283679712925378,0.26298756859085654,1
273,2500,5,stress,ccmar,0.2558505160746848,cc,0.1993201189512849,0.021736158221201726,0.15671803167546533,0.24192220622710447,0
273,2500,5,stress,ccmar,0.2558505160746848,seq,0.20059121384118417,0.02032801946471287,0.16074902781331774,0.2404333998690506,0
274,2500,5,stress,ccmar,0.2558505160746848,full,0.2575283071452085,0.008808510496125164,0.24026394381536015,0.2747926704750569,1
274,2500,5,stress,ccmar,0.2558505160746848,cc,0.2374990419077445,0.028941586268615312,0.18077457516579953,0.2942235086496895,1
274,2500,5,stress,ccmar,0.2558505160746848,seq,0.24146414947869208,0.02941244764663537,0.18381681139411687,0.2991114875632673,1
275,2500,5,stress,ccmar,0.2558505160746848,full,0.2443110189598293,0.00868337572259702,0.22729191527930967,0.26133012264034894,1
275,2500,5,stress,ccmar,0.2558505160746848,cc,0.10598898756208482,0.1670831798236444,-0.22148802731468764,0.43346600243885725,1
275,2500,5,stress,ccmar,0.2558505160746848,seq,0.14183635631759503,0.13379930066000875,-0.12040545413266843,0.40407816676785846,1
276,2500,5,stress,ccmar,0.2558505160746848,full,0.2680931013576734,0.009293932883139852,0.24987732763198678,0.28630887508336,1
276,2500,5,stress,ccmar,0.2558505160746848,cc,0.27069290709098476,0.024740893536979645,0.22220164681316487,0.31918416736880467,1
276,2500,5,stress,ccmar,0.2558505160746848,seq,0.27223731342591034,0.02485802866118236,0.2235164725233285,0.3209581543284922,1
277,2500,5,stress,ccmar,0.2558505160746848,full,0.26382258131517644,0.009539317659992618,0.245125862264504,0.2825193003658489,1
277,2500,5,stress,ccmar,0.2558505160746848,cc,0.28083667486786534,0.018272179316770196,0.24502386148793806,0.3166494882477926,1
277,2500,5,stress,ccmar,0.2558505160746848,seq,0.27960648159468265,0.018688591597502958,0.242977515141799,0.3162354480475663,1
278,2500,5,stress,ccmar,0.2558505160746848,full,0.23587392318462402,0.013822571125244563,0.20878218160540138,0.26296566476384664,1
278,2500,5,stress,ccmar,0.2558505160746848,cc,0.2492777469639918,0.019550811383962304,0.21095886078289,0.2875966331450936,1
278,2500,5,stress,ccmar,0.2558505160746848,seq,0.23770705147111015,0.01875131513303905,0.20095514914759272,0.2744589537946276,1
279,2500,5,stress,ccmar,0.2558505160746848,full,0.26063484899934886,0.008363918899020703,0.2442418691876544,0.2770278288110433,1
279,2500,5,stress,ccmar,0.2558505160746848,cc,0.30141852449010575,0.03396907684385588,0.2348403572880747,0.3679966916921368,1
279,2500,5,stress,ccmar,0.2558505160746848,seq,0.30398105990401675,0.03630040882258256,0.2328335659876749,0.3751285538203586,1
280,2500,5,stress,ccmar,0.2558505160746848,full,0.257492796124696,0.009559132923046694,0.23875723987209338,0.2762283523772986,1
280,2500,5,stress,ccmar,0.2558505160746848,cc,0.2737771344266552,0.02179203234867212,0.23106553587332604,0.31648873297998437,1
280,2500,5,stress,ccmar,0.2558505160746848,seq,0.27193522397141046,0.02232194433188885,0.2281850170160003,0.3156854309268206,1
281,2500,5,stress,ccmar,0.2558505160746848,full,0.25385439135090726,0.00945508260086027,0.23532276998236984,0.2723860127194447,1
281,2500,5,stress,ccmar,0.2558505160746848,cc,0.2589138828575509,0.02244527407493066,0.21492195404755624,0.3029058116675456,1
281,2500,5,stress,ccmar,0.2558505160746848,seq,0.25515226749897557,0.02334438766904585,0.20939810842650475,0.3009064265714464,1
282,2500,5,stress,ccmar,0.2558505160746848,full,0.2352765190289384,0.009538234250965286,0.21658192342094007,0.2539711146369367,0
282,2500,5,stress,ccmar,0.2558505160746848,cc,0.22698611056047943,0.04114687941890453,0.14633970882321418,0.3076325122977447,1
282,2500,5,stress,ccmar,0.2558505160746848,seq,0.22083537603970327,0.04210464296186131,0.13831179225253723,0.30335895982686933,1
283,2500,5,stress,ccmar,0.2558505160746848,full,0.23449987368080694,0.009726400983748378,0.21543647805346516,0.2535632693081487,0
283,2500,5,stress,ccmar,0.2558505160746848,cc,0.2559719006299363,0.013074946572457703,0.23034547624813378,0.2815983250117388,1
283,2500,5,stress,ccmar,0.2558505160746848,seq,0.2524740533084587,0.013106407256945259,0.22678596711813157,0.27816213949878577,1
284,2500,5,stress,ccmar,0.2558505160746848,full,0.24948136262220197,0.008235016691502338,0.2333410264947712,0.26562169874963276,1
284,2500,5,stress,ccmar,0.2558505160746848,cc,0.24789998602004137,0.014959651501621178,0.21857960785559333,0.2772203641844894,1
284,2500,5,stress,ccmar,0.2558505160746848,seq,0.24986983767669935,0.014974747892149833,0.22051987113051857,0.2792198042228801,1
285,2500,5,stress,ccmar,0.2558505160746848,full,0.2610356164144088,0.008302126045526699,0.24476374837006454,0.2773074844587531,1
285,2500,5,stress,ccmar,0.2558505160746848,cc,0.25386835623262166,0.01888636818080586,0.2168517547994789,0.2908849576657644,1
285,2500,5,stress,ccmar,0.2558505160746848,seq,0.25048075034423917,0.019361159188532606,0.21253357563576852,0.2884279250527098,1
286,2500,5,stress,ccmar,0.2558505160746848,full,0.23869522480966263,0.009758740924800344,0.21956844406259685,0.2578220055567284,1
286,2500,5,stress,ccmar,0.2558505160746848,cc,0.278991915578151,0.031374106653999714,0.2174997964891931,0.3404840346671089,1
286,2500,5,stress,ccmar,0.2558505160746848,seq,0.267697444674418,0.0302128058900077,0.20848143325810325,0.3269134560907327,1
287,2500,5,stress,ccmar,0.2558505160746848,full,0.256612768454243,0.008947586205778367,0.23907582174235004,0.274149715166136,1
287,2500,5,stress,ccmar,0.2558505160746848,cc,0.293192326219401,0.01627785015338334,0.2612883261730299,0.3250963262657721,0
287,2500,5,stress,ccmar,0.2558505160746848,seq,0.28346493958453994,0.017026557544210133,0.25009350001718933,0.31683637915189056,1
288,2500,5,stress,ccmar,0.2558505160746848,full,0.25329971792654815,0.008978761633172166,0.23570166849976068,0.27089776735333565,1
288,2500,5,stress,ccmar,0.2558505160746848,cc,0.24826134559207536,0.023324619994959505,0.20254593044887192,0.2939767607352788,1
288,2500,5,stress,ccmar,0.2558505160746848,seq,0.2342716311845922,0.02781015358102336,0.17976473176125882,0.2887785306079256,1
289,2500,5,stress,ccmar,0.2558505160746848,full,0.22928481824926802,0.010140505672750965,0.20940979234565202,0.24915984415288403,0
289,2500,5,stress,ccmar,0.2558505160746848,cc,0.14801055045499653,0.025394370449604225,0.09823849896370404,0.19778260194628902,0
289,2500,5,stress,ccmar,0.2558505160746848,seq,0.150624040716112,0.02456813289723185,0.10247138507014386,0.19877669636208012,0
290,2500,5,stress,ccmar,0.2558505160746848,full,0.25315957802982514,0.009446057226953347,0.23464564606909227,0.271673509990558,1
290,2500,5,stress,ccmar,0.2558505160746848,cc,0.24688899621402965,0.014648122097194618,0.21817920446238287,0.27559878796567644,1
290,2500,5,stress,ccmar,0.2558505160746848,seq,0.2485418335697398,0.014319645208355863,0.22047584468997075,0.2766078224495089,1
291,2500,5,stress,ccmar,0.2558505160746848,full,0.2462509582239783,0.008494945851923228,0.22960117030359084,0.26290074614436576,1
291,2500,5,stress,ccmar,0.2558505160746848,cc,0.22643335480455504,0.04985001530194569,0.1287291201839709,0.32413758942513915,1
291,2500,5,stress,ccmar,0.2558505160746848,seq,0.20800039446440288,0.05235057526863846,0.10539515236791823,0.3106056365608875,1
292,2500,5,stress,ccmar,0.2558505160746848,full,0.2595971039796283,0.010149096515639812,0.23970524033335333,0.2794889676259033,1
292,2500,5,stress,ccmar,0.2558505160746848,cc,0.23996950054997906,0.022775566780667188,0.1953302099323845,0.2846087911675736,1
292,2500,5,stress,ccmar,0.2558505160746848,seq,0.2293438627309066,0.022301929407889564,0.18563288430568836,0.27305484115612483,1
293,2500,5,stress,ccmar,0.2558505160746848,full,0.2506103535309634,0.00916537491760005,0.23264654878766053,0.26857415827426623,1
293,2500,5,stress,ccmar,0.2558505160746848,cc,0.26460757379623656,0.021295651626804562,0.22286886358038782,0.3063462840120853,1
293,2500,5,stress,ccmar,0.2558505160746848,seq,0.26240874675837744,0.02194508541530469,0.21939716970672504,0.30542032381002987,1
294,2500,5,stress,ccmar,0.2558505160746848,full,0.26483099834720736,0.009957900084132965,0.24531387282065836,0.28434812387375635,1
294,2500,5,stress,ccmar,0.2558505160746848,cc,0.09579478798342893,0.029545835439761015,0.03788601462835019,0.15370356133850765,0
294,2500,5,stress,ccmar,0.2558505160746848,seq,0.0753482382145004,0.028477696561778624,0.019532978590754174,0.13116349783824663,0
295,2500,5,stress,ccmar,0.2558505160746848,full,0.2550070560445086,0.009248777015125671,0.23687978619382039,0.27313432589519676,1
295,2500,5,stress,ccmar,0.2558505160746848,cc,0.26232351129443077,0.01599121346024588,0.2309813088432567,0.29366571374560485,1
295,2500,5,stress,ccmar,0.2558505160746848,seq,0.2624312578408856,0.015294360854497894,0.2324548613995105,0.29240765428226073,1
296,2500,5,stress,ccmar,0.2558505160746848,full,0.255656753975766,0.009669903173495946,0.23670409202172435,0.2746094159298076,1
296,2500,5,stress,ccmar,0.2558505160746848,cc,0.12819435882013885,0.12915775222870454,-0.12495018387226997,0.3813389015125477,1
296,2500,5,stress,ccmar,0.2558505160746848,seq,0.11785128232828875,0.1389561746594613,-0.15449781543371272,0.3902003800902902,1
297,2500,5,stress,ccmar,0.2558505160746848,full,0.2455963608978921,0.010074056329182212,0.2258515733144672,0.265341148481317,1
297,2500,5,stress,ccmar,0.2558505160746848,cc,0.23572870313336852,0.016051706819072878,0.20426793587758968,0.26718947038914737,1
297,2500,5,stress,ccmar,0.2558505160746848,seq,0.2287047804334664,0.016060573153177063,0.19722663548216846,0.26018292538476434,1
298,2500,5,stress,ccmar,0.2558505160746848,full,0.2927084697678152,0.009173794505298974,0.2747281629358578,0.3106887765997727,0
298,2500,5,stress,ccmar,0.2558505160746848,cc,0.29399248080600004,0.026651918420957446,0.24175568058202382,0.34622928102997624,1
298,2500,5,stress,ccmar,0.2558505160746848,seq,0.2946217567176973,0.02669256538410744,0.24230528990986616,0.34693822352552844,1
299,2500,5,stress,ccmar,0.2558505160746848,full,0.24497844061976184,0.010517059609711952,0.22436538256146554,0.26559149867805815,1
299,2500,5,stress,ccmar,0.2558505160746848,cc,0.23591118802180452,0.01972877476761866,0.19724350001816937,0.2745788760254397,1
299,2500,5,stress,ccmar,0.2558505160746848,seq,0.23602941970769228,0.018525856544803286,0.1997194080971222,0.2723394313182624,1
300,2500,5,stress,ccmar,0.2558505160746848,full,0.257636984898992,0.009672935041210966,0.23867838059342306,0.27659558920456095,1
300,2500,5,stress,ccmar,0.2558505160746848,cc,0.2836907982938813,0.033681825070415186,0.21767563422228925,0.3497059623654733,1
300,2500,5,stress,ccmar,0.2558505160746848,seq,0.26149836545283794,0.033095494741767,0.19663238770843988,0.326364343197236,1
301,2500,5,stress,ccmar,0.2558505160746848,full,0.2545272385749844,0.009686462692296845,0.23554212056049167,0.2735123565894771,1
301,2500,5,stress,ccmar,0.2558505160746848,cc,0.28990750418169225,0.021086330135497367,0.24857905654999582,0.3312359518133887,1
301,2500,5,stress,ccmar,0.2558505160746848,seq,0.2928560415786679,0.021631142549583034,0.2504597812370332,0.3352523019203026,1
302,2500,5,stress,ccmar,0.2558505160746848,full,0.26190386159065854,0.009714402304711295,0.2428639829420915,0.2809437402392256,1
302,2500,5,stress,ccmar,0.2558505160746848,cc,0.28701525450966126,0.021131277874596552,0.24559871092814392,0.3284317980911786,1
302,2500,5,stress,ccmar,0.2558505160746848,seq,0.28868565536440915,0.019552838889688128,0.2503627953451063,0.327008515383712,1
303,2500,5,stress,ccmar,0.2558505160746848,full,0.26054928119545806,0.009298940228010266,0.24232369325416725,0.27877486913674887,1
303,2500,5,stress,ccmar,0.2558505160746848,cc,0.2009860683623828,0.04050675376538806,0.12159428985158999,0.28037784687317563,1
303,2500,5,stress,ccmar,0.2558505160746848,seq,0.21016822068298985,0.037255337617436685,0.13714910072093367,0.283187340645046,1
304,2500,5,stress,ccmar,0.2558505160746848,full,0.24955831424359048,0.009196267361091342,0.23153396142365024,0.26758266706353073,1
304,2500,5,stress,ccmar,0.2558505160746848,cc,0.2324357521599672,0.017818149844601516,0.19751282019341027,0.26735868412652414,1
304,2500,5,stress,ccmar,0.2558505160746848,seq,0.23635991703076675,0.019077771674659107,0.1989681716431565,0.273751662418377,1
305,2500,5,stress,ccmar,0.2558505160746848,full,0.2756706448314019,0.008402967478022721,0.259201131211216,0.2921401584515878,0
305,2500,5,stress,ccmar,0.2558505160746848,cc,0.26036236156756093,0.01938720198158248,0.2223641439226557,0.29836057921246617,1
305,2500,5,stress,ccmar,0.2558505160746848,seq,0.2729665679531733,0.018458374740106073,0.23678881824942152,0.30914431765692507,1
306,2500,5,stress,ccmar,0.2558505160746848,full,0.2717084378789492,0.009087412268318072,0.2538974371203784,0.28951943863752005,1
306,2500,5,stress,ccmar,0.2558505160746848,cc,0.2511705811479681,0.020057028216852357,0.21185952820603385,0.29048163408990235,1
306,2500,5,stress,ccmar,0.2558505160746848,seq,0.2507422236408257,0.020334545840633336,0.21088724615120563,0.2905972011304458,1
307,2500,5,stress,ccmar,0.2558505160746848,full,0.22937654013835818,0.008913542938346371,0.21190631700454796,0.2468467632721684,0
307,2500,5,stress,ccmar,0.2558505160746848,cc,0.20823440886877376,0.03396183282766153,0.14167043967758708,0.27479837805996044,1
307,2500,5,stress,ccmar,0.2558505160746848,seq,0.22576452988600085,0.032437080151432034,0.16218902102555502,0.28934003874644665,1
308,2500,5,stress,ccmar,0.2558505160746848,full,0.2577120982220711,0.009886184031897892,0.23833553357501625,0.2770886628691259,1
308,2500,5,stress,ccmar,0.2558505160746848,cc,0.2663536207077872,0.050731566378593135,0.16692157772644153,0.3657856636891328,1
308,2500,5,stress,ccmar,0.2558505160746848,seq,0.2560457528108188,0.04860407016053911,0.16078352579410424,0.35130797982753337,1
309,2500,5,stress,ccmar,0.2558505160746848,full,0.23950355389090963,0.009408821169386874,0.22106260326193333,0.25794450451988593,1
309,2500,5,stress,ccmar,0.2558505160746848,cc,0.25781499897038285,0.02771236227715248,0.2034997669806376,0.3121302309601281,1
309,2500,5,stress,ccmar,0.2558505160746848,seq,0.24926691189560807,0.028312666612650746,0.19377510502852296,0.30475871876269317,1
310,2500,5,stress,ccmar,0.2558505160746848,full,0.24597938784685702,0.0097322847052193,0.2269044603373372,0.26505431535637686,1
310,2500,5,stress,ccmar,0.2558505160746848,cc,0.19815871737479993,0.03771198594850134,0.1242445831302567,0.27207285161934314,1
310,2500,5,stress,ccmar,0.2558505160746848,seq,0.17742831331841374,0.050267978649658616,0.07890488558945448,0.275951741047373,1
311,2500,5,stress,ccmar,0.2558505160746848,full,0.26204686785748116,0.009114877360554318,0.2441820365072952,0.2799116992076671,1
311,2500,5,stress,ccmar,0.2558505160746848,cc,0.22280433139149486,0.0168317687880546,0.18981467077080244,0.2557939920121873,0
311,2500,5,stress,ccmar,0.2558505160746848,seq,0.22477827042295093,0.01659453017250781,0.19225358894447236,0.2573029519014295,1
312,2500,5,stress,ccmar,0.2558505160746848,full,0.24834769658104638,0.009856761935304737,0.22902879818366378,0.267666594978429,1
312,2500,5,stress,ccmar,0.2558505160746848,cc,0.2036325293301578,0.02038748136776249,0.1636738001138619,0.2435912585464537,0
312,2500,5,stress,ccmar,0.2558505160746848,seq,0.211709893177634,0.018913189678957755,0.17464072257410213,0.24877906378116588,0
313,2500,5,stress,ccmar,0.2558505160746848,full,0.2628095336389718,0.008723035993108398,0.24571269725663275,0.27990637002131086,1
313,2500,5,stress,ccmar,0.2558505160746848,cc,0.2727992621973575,0.01298901006114105,0.24734127028269265,0.29825725411202236,1
313,2500,5,stress,ccmar,0.2558505160746848,seq,0.268892248950072,0.013026534727383703,0.24336071004103968,0.2944237878591044,1
314,2500,5,stress,ccmar,0.2558505160746848,full,0.2502648441032433,0.009365084980149678,0.23190961482999292,0.2686200733764937,1
314,2500,5,stress,ccmar,0.2558505160746848,cc,0.23387161921576935,0.040068777910354826,0.1553382576069398,0.3124049808245989,1
314,2500,5,stress,ccmar,0.2558505160746848,seq,0.2420607260122615,0.03898431358797216,0.16565287541782062,0.31846857660670236,1
315,2500,5,stress,ccmar,0.2558505160746848,full,0.2507787390166916,0.009418502267762306,0.23231881378356867,0.2692386642498146,1
315,2500,5,stress,ccmar,0.2558505160746848,cc,0.27056381577998156,0.02493307668893244,0.2216958834458988,0.31943174811406433,1
315,2500,5,stress,ccmar,0.2558505160746848,seq,0.26701789442940344,0.024645743364727503,0.21871312506232052,0.3153226637964863,1
316,2500,5,stress,ccmar,0.2558505160746848,full,0.2543526789589877,0.00939178064036799,0.23594512715316593,0.2727602307648095,1
316,2500,5,stress,ccmar,0.2558505160746848,cc,0.23537683175309357,0.018059888257030806,0.19998010120449533,0.2707735623016918,1
316,2500,5,stress,ccmar,0.2558505160746848,seq,0.23069999141140116,0.017680165613276077,0.19604750356867653,0.2653524792541258,1
317,2500,5,stress,ccmar,0.2558505160746848,full,0.23650409275204765,0.008973985578662478,0.21891540422008735,0.2540927812840079,0
317,2500,5,stress,ccmar,0.2558505160746848,cc,0.23966409992581938,0.01898912865923827,0.202446091655915,0.2768821081957238,1
317,2500,5,stress,ccmar,0.2558505160746848,seq,0.2386083960804125,0.019462260049869774,0.20046306732491503,0.27675372483591,1
318,2500,5,stress,ccmar,0.2558505160746848,full,0.2540486460618422,0.00998749588343988,0.23447351383455797,0.27362377828912643,1
318,2500,5,stress,ccmar,0.2558505160746848,cc,0.21169926706223305,0.022568969858452848,0.1674648989714954,0.2559336351529707,1
318,2500,5,stress,ccmar,0.2558505160746848,seq,0.22137276296152217,0.02206255712887038,0.17813094558207881,0.2646145803409655,1
319,2500,5,stress,ccmar,0.2558505160746848,full,0.2675127453616167,0.00861701519925913,0.2506237059168345,0.2844017848063988,1
319,2500,5,stress,ccmar,0.2558505160746848,cc,0.25817020530886436,0.03054975357926397,0.1982937885569334,0.31804662206079537,1
319,2500,5,stress,ccmar,0.2558505160746848,seq,0.2575215217947748,0.03193582798197971,0.19492844913362806,0.3201145944559215,1
320,2500,5,stress,ccmar,0.2558505160746848,full,0.25504133199649615,0.008898966256827961,0.2375996786334761,0.27248298535951615,1
320,2500,5,stress,ccmar,0.2558505160746848,cc,0.22972494955049533,0.017008958181904666,0.19638800409941432,0.26306189500157634,1
320,2500,5,stress,ccmar,0.2558505160746848,seq,0.22886687120366633,0.017775127053169706,0.19402826235883014,0.2637054800485025,1
321,2500,5,stress,ccmar,0.2558505160746848,full,0.24877787744412416,0.009727538719260109,0.22971225189615546,0.26784350299209286,1
321,2500,5,stress,ccmar,0.2558505160746848,cc,0.2581980468326963,0.01662669702743179,0.22561031947707083,0.2907857741883218,1
321,2500,5,stress,ccmar,0.2558505160746848,seq,0.2567583527825788,0.017117307915224103,0.22320904575645717,0.29030765980870044,1
322,2500,5,stress,ccmar,0.2558505160746848,full,0.24939332439891232,0.008781905031136092,0.23218110682223447,0.26660554197559017,1
322,2500,5,stress,ccmar,0.2558505160746848,cc,0.24925641395115325,0.018658507152615036,0.21268641192674478,0.2858264159755617,1
322,2500,5,stress,ccmar,0.2558505160746848,seq,0.22683138362717778,0.01963910578795097,0.18833944359422178,0.2653233236601338,1
323,2500,5,stress,ccmar,0.2558505160746848,full,0.25842488093014443,0.01196463259197825,0.23497463196161295,0.2818751298986759,1
323,2500,5,stress,ccmar,0.2558505160746848,cc,0.22228880089550299,0.022588785678436994,0.1780155945112723,0.26656200727973367,1
323,2500,5,stress,ccmar,0.2558505160746848,seq,0.2290639979856388,0.023638498524211248,0.18273339222958154,0.27539460374169605,1
324,2500,5,stress,ccmar,0.2558505160746848,full,0.2603480916756393,0.011535764167123201,0.23773840937393015,0.2829577739773485,1
324,2500,5,stress,ccmar,0.2558505160746848,cc,0.3422826005362308,0.05626835833457768,0.23199864473126436,0.4525665563411972,1
324,2500,5,stress,ccmar,0.2558505160746848,seq,0.3236737555252506,0.04986416118773364,0.22594179547799265,0.4214057155725085,1
325,2500,5,stress,ccmar,0.2558505160746848,full,0.2588386986100882,0.009138609691903466,0.2409273527451887,0.27675004447498763,1
325,2500,5,stress,ccmar,0.2558505160746848,cc,0.2434561744351599,0.022068877148980332,0.20020197004391946,0.2867103788264003,1
325,2500,5,stress,ccmar,0.2558505160746848,seq,0.23844449632924297,0.021280081975472143,0.1967363020692576,0.2801526905892283,1
326,2500,5,stress,ccmar,0.2558505160746848,full,0.25447406753729823,0.009029888681354743,0.23677581093743705,0.2721723241371594,1
326,2500,5,stress,ccmar,0.2558505160746848,cc,0.19601889773536996,0.027100863870266386,0.14290218059972506,0.24913561487101485,0
326,2500,5,stress,ccmar,0.2558505160746848,seq,0.1921381909609726,0.02793813612822145,0.13738045035448124,0.24689593156746395,0
327,2500,5,stress,ccmar,0.2558505160746848,full,0.25601650330591336,0.008893034350335467,0.2385864762659783,0.2734465303458484,1
327,2500,5,stress,ccmar,0.2558505160746848,cc,0.2413845330340679,0.026342015266053377,0.189755131832399,0.2930139342357368,1
327,2500,5,stress,ccmar,0.2558505160746848,seq,0.2504606198745686,0.028279781825767916,0.1950332660054131,0.30588797374372406,1
328,2500,5,stress,ccmar,0.2558505160746848,full,0.2570717845189958,0.008857011937370558,0.2397123601111082,0.27443120892688344,1
328,2500,5,stress,ccmar,0.2558505160746848,cc,0.22677050023306228,0.018067471918868202,0.19135890598039182,0.2621820944857327,1
328,2500,5,stress,ccmar,0.2558505160746848,seq,0.22765968535856895,0.01892549016255769,0.19056640625018878,0.2647529644669491,1
329,2500,5,stress,ccmar,0.2558505160746848,full,0.2539189555030108,0.008301949371547886,0.23764743373330202,0.2701904772727196,1
329,2500,5,stress,ccmar,0.2558505160746848,cc,0.2358547778133743,0.023535142819834362,0.1897267455154925,0.2819828101112561,1
329,2500,5,stress,ccmar,0.2558505160746848,seq,0.24398574845123325,0.023156529743986874,0.19859978414608845,0.289371712756378,1
330,2500,5,stress,ccmar,0.2558505160746848,full,0.2513997392005187,0.010432150549711519,0.23095309984178441,0.27184637855925303,1
330,2500,5,stress,ccmar,0.2558505160746848,cc,0.3048757625843635,0.026169199091609755,0.2535850748605501,0.3561664503081769,1
330,2500,5,stress,ccmar,0.2558505160746848,seq,0.3079213877138753,0.02580637226537842,0.2573418275021003,0.3585009479256503,0
331,2500,5,stress,ccmar,0.2558505160746848,full,0.25976718271565535,0.008271148595549244,0.2435560293575998,0.2759783360737109,1
331,2500,5,stress,ccmar,0.2558505160746848,cc,0.28073024341582,0.02699146965905357,0.22782793499426937,0.3336325518373706,1
331,2500,5,stress,ccmar,0.2558505160746848,seq,0.27133789329606745,0.026119391487052942,0.2201448266833416,0.3225309599087933,1
332,2500,5,stress,ccmar,0.2558505160746848,full,0.237970357471631,0.00913879181672011,0.2200586546486502,0.2558820602946118,1
332,2500,5,stress,ccmar,0.2558505160746848,cc,0.22262975054944165,0.017483810874411424,0.1883621109230855,0.25689739017579777,1
332,2500,5,stress,ccmar,0.2558505160746848,seq,0.22014308665451846,0.017036075048128315,0.18675299312226548,0.2535331801867714,0
333,2500,5,stress,ccmar,0.2558505160746848,full,0.26458533244820376,0.008389533232966699,0.24814214946448715,0.28102851543192037,1
333,2500,5,stress,ccmar,0.2558505160746848,cc,0.2961732524943134,0.018613859237406268,0.2596907587756989,0.3326557462129279,0
333,2500,5,stress,ccmar,0.2558505160746848,seq,0.2932493995106598,0.01768656319916864,0.2585843726299978,0.32791442639132184,0
334,2500,5,stress,ccmar,0.2558505160746848,full,0.24536958928774139,0.009484376503292556,0.22678055292547003,0.2639586256500127,1
334,2500,5,stress,ccmar,0.2558505160746848,cc,0.1395801718540371,0.11512937563279711,-0.08606925794882855,0.36522960165690277,1
334,2500,5,stress,ccmar,0.2558505160746848,seq,0.1378962461608304,0.11285374141837118,-0.0832930225397733,0.35908551486143414,1
335,2500,5,stress,ccmar,0.2558505160746848,full,0.2713060217302592,0.009255610311073534,0.25316535886561753,0.28944668459490086,1
335,2500,5,stress,ccmar,0.2558505160746848,cc,0.25223499476302497,0.033103627767478855,0.18735307658114633,0.31711691294490363,1
335,2500,5,stress,ccmar,0.2558505160746848,seq,0.25643799458098354,0.02896870768559098,0.19966037083855656,0.3132156183234105,1
336,2500,5,stress,ccmar,0.2558505160746848,full,0.2520570322297417,0.009325859210493715,0.23377868405228286,0.2703353804072005,1
336,2500,5,stress,ccmar,0.2558505160746848,cc,0.19012647993911705,0.03171915820737986,0.12795807223272446,0.25229488764550967,0
336,2500,5,stress,ccmar,0.2558505160746848,seq,0.20017074568369833,0.030634080294605036,0.14012905160676428,0.26021243976063235,1
337,2500,5,stress,ccmar,0.2558505160746848,full,0.26900460156118433,0.009295926735086594,0.2507849199574916,0.2872242831648771,1
337,2500,5,stress,ccmar,0.2558505160746848,cc,0.1524623617697915,0.07935038072010842,-0.003061526601162462,0.30798625014074543,1
337,2500,5,stress,ccmar,0.2558505160746848,seq,0.15833017964254043,0.07167647657462455,0.017846867017547452,0.2988134922675334,1
338,2500,5,stress,ccmar,0.2558505160746848,full,0.2581062429004719,0.0086011547487848,0.24124828936739803,0.27496419643354575,1
338,2500,5,stress,ccmar,0.2558505160746848,cc,0.2553293227651124,0.026384979815388968,0.20361571259413372,0.30704293293609103,1
338,2500,5,stress,ccmar,0.2558505160746848,seq,0.25505344126677,0.027407794844637998,0.20133515047561695,0.308771732057923,1
339,2500,5,stress,ccmar,0.2558505160746848,full,0.25939084648983296,0.009896993911896263,0.2399930948673041,0.27878859811236184,1
339,2500,5,stress,ccmar,0.2558505160746848,cc,0.27965843640334176,0.017137320721383898,0.24606990499791734,0.31324696780876615,1
339,2500,5,stress,ccmar,0.2558505160746848,seq,0.2761340029519838,0.016685133303433065,0.2434317426000052,0.3088362633039624,1
340,2500,5,stress,ccmar,0.2558505160746848,full,0.2532412405860794,0.008660551904700518,0.2362668707666266,0.27021561040553216,1
340,2500,5,stress,ccmar,0.2558505160746848,cc,0.2458273067028819,0.023594287639305683,0.19958335268896418,0.2920712607167996,1
340,2500,5,stress,ccmar,0.2558505160746848,seq,0.2498997672833171,0.024888486277202894,0.20111923055028005,0.29868030401635415,1
341,2500,5,stress,ccmar,0.2558505160746848,full,0.2575537352814012,0.009068202817763767,0.23978038435407956,0.2753270862087228,1
341,2500,5,stress,ccmar,0.2558505160746848,cc,0.2602963975789507,0.02003639521623833,0.2210257845751129,0.29956701058278845,1
341,2500,5,stress,ccmar,0.2558505160746848,seq,0.2675435587049584,0.01905634688596492,0.23019380513156512,0.30489331227835165,1
342,2500,5,stress,ccmar,0.2558505160746848,full,0.2734658175079948,0.008883578940322913,0.2560543227311434,0.2908773122848462,0
342,2500,5,stress,ccmar,0.2558505160746848,cc,0.3659662421165173,0.06490489880609741,0.2387549780363496,0.493177506196685,1
342,2500,5,stress,ccmar,0.2558505160746848,seq,0.3355584966073401,0.05491352692937741,0.22792996156169,0.4431870316529902,1
343,2500,5,stress,ccmar,0.2558505160746848,full,0.2625799537549675,0.009823421821749008,0.2433264007793946,0.2818335067305404,1
343,2500,5,stress,ccmar,0.2558505160746848,cc,0.2673515640737396,0.028760572548606027,0.21098187770372046,0.32372125044375877,1
343,2500,5,stress,ccmar,0.2558505160746848,seq,0.28814060863117275,0.03741208169389136,0.21481427592447544,0.36146694133787005,1
344,2500,5,stress,ccmar,0.2558505160746848,full,0.25717119192671417,0.008981377044090326,0.23956801638872233,0.274774367464706,1
344,2500,5,stress,ccmar,0.2558505160746848,cc,0.22841280777124448,0.021276908066419655,0.1867108342586922,0.27011478128379673,1
344,2500,5,stress,ccmar,0.2558505160746848,seq,0.21934721967129034,0.022279471035734928,0.1756802588466466,0.2630141804959341,1
345,2500,5,stress,ccmar,0.2558505160746848,full,0.2541817427158318,0.008840743830978161,0.23685420321056996,0.27150928222109366,1
345,2500,5,stress,ccmar,0.2558505160746848,cc,0.22736230036563465,0.024486542576172395,0.17936955881043012,0.27535504192083915,1
345,2500,5,stress,ccmar,0.2558505160746848,seq,0.2180003365837233,0.027549551134846126,0.16400420856918033,0.2719964645982663,1
346,2500,5,stress,ccmar,0.2558505160746848,full,0.2617233083463986,0.008869891843724921,0.2443386397859322,0.27910797690686506,1
346,2500,5,stress,ccmar,0.2558505160746848,cc,0.21231957123651718,0.027591350228265622,0.15824151850428556,0.2663976239687488,1
346,2500,5,stress,ccmar,0.2558505160746848,seq,0.20491386804551456,0.028632332501011874,0.14879552755015563,0.2610322085408735,1
347,2500,5,stress,ccmar,0.2558505160746848,full,0.2397770649040859,0.009052834495658496,0.22203383533459342,0.2575202944735784,1
347,2500,5,stress,ccmar,0.2558505160746848,cc,0.015381691024774841,0.22277316640711153,-0.421245691855112,0.45200907390466166,1
347,2500,5,stress,ccmar,0.2558505160746848,seq,-0.02531526851163976,0.26673304370478584,-0.5481024276597682,0.49747189063648867,1
348,2500,5,stress,ccmar,0.2558505160746848,full,0.24268621958847292,0.009331415429057998,0.22439698142273787,0.260975457754208,1
348,2500,5,stress,ccmar,0.2558505160746848,cc,0.20612112677052682,0.02968525733181456,0.1479390915283667,0.26430316201268694,1
348,2500,5,stress,ccmar,0.2558505160746848,seq,0.20506209779701784,0.03431684928230945,0.1378023091408021,0.2723218864532336,1
349,2500,5,stress,ccmar,0.2558505160746848,full,0.2597361981690296,0.009518661886496112,0.24107996369048312,0.27839243264757607,1
349,2500,5,stress,ccmar,0.2558505160746848,cc,0.2728858348213956,0.024517545408442764,0.22483232883152243,0.3209393408112688,1
349,2500,5,stress,ccmar,0.2558505160746848,seq,0.2763848743116479,0.024134860574106964,0.22908141681450253,0.3236883318087932,1
350,2500,5,stress,ccmar,0.2558505160746848,full,0.2718313764737374,0.009011844282629954,0.2541684862454995,0.2894942667019753,1
350,2500,5,stress,ccmar,0.2558505160746848,cc,0.23609545623287248,0.01933482683259525,0.19819989199366714,0.2739910204720778,1
350,2500,5,stress,ccmar,0.2558505160746848,seq,0.2337053713514815,0.020072014333533436,0.19436494616058425,0.27304579654237876,1
351,2500,5,stress,ccmar,0.2558505160746848,full,0.2607196979859237,0.009101061910282976,0.24288194442069977,0.27855745155114764,1
351,2500,5,stress,ccmar,0.2558505160746848,cc,0.23343297230374124,0.028808149349745883,0.17697003711698833,0.28989590749049415,1
351,2500,5,stress,ccmar,0.2558505160746848,seq,0.2255829291567727,0.028795235414250206,0.16914530481849,0.2820205534950554,1
352,2500,5,stress,ccmar,0.2558505160746848,full,0.24956386592834529,0.009825333084991632,0.23030656694565185,0.2688211649110387,1
352,2500,5,stress,ccmar,0.2558505160746848,cc,0.2545058264665671,0.06645026600042762,0.1242656983426225,0.38474595459051175,1
352,2500,5,stress,ccmar,0.2558505160746848,seq,0.28630887894133766,0.07780540377236346,0.13381308974490844,0.43880466813776686,1
353,2500,5,stress,ccmar,0.2558505160746848,full,0.26579231132486547,0.00922293749281899,0.24771568600727611,0.2838689366424548,1
353,2500,5,stress,ccmar,0.2558505160746848,cc,0.24713284865420337,0.021403550063089246,0.20518266138924846,0.2890830359191583,1
353,2500,5,stress,ccmar,0.2558505160746848,seq,0.24030535756725677,0.02172843785232997,0.1977184019363732,0.28289231319814034,1
354,2500,5,stress,ccmar,0.2558505160746848,full,0.24213354893379127,0.009730657583183207,0.22306181052486063,0.2612052873427219,1
354,2500,5,stress,ccmar,0.2558505160746848,cc,0.22071716581412992,0.03024190011157955,0.16144413077137615,0.2799902008568837,1
354,2500,5,stress,ccmar,0.2558505160746848,seq,0.22103482697534932,0.030480716617221352,0.16129372018262392,0.28077593376807475,1
355,2500,5,stress,ccmar,0.2558505160746848,full,0.23057002539289256,0.009683847359070906,0.21159003333733029,0.24955001744845484,0
355,2500,5,stress,ccmar,0.2558505160746848,cc,0.18421386561198674,0.02831762108789385,0.12871234815186286,0.23971538307211063,0
355,2500,5,stress,ccmar,0.2558505160746848,seq,0.18366368605993152,0.029455248718986273,0.12593245941504888,0.24139491270481417,0
356,2500,5,stress,ccmar,0.2558505160746848,full,0.26533197014711685,0.010223069477257606,0.2452951221602412,0.28536881813399245,1
356,2500,5,stress,ccmar,0.2558505160746848,cc,0.220259958215046,0.021565637752607242,0.17799208491629848,0.2625278315137935,1
356,2500,5,stress,ccmar,0.2558505160746848,seq,0.22710603000255677,0.021142159550377005,0.1856681587284183,0.26854390127669525,1
357,2500,5,stress,ccmar,0.2558505160746848,full,0.248038724135999,0.009612299803699074,0.2291989627121474,0.2668784855598506,1
357,2500,5,stress,ccmar,0.2558505160746848,cc,0.25986874707442703,0.026254999512327352,0.20840989361614876,0.3113276005327053,1
357,2500,5,stress,ccmar,0.2558505160746848,seq,0.26703368853951853,0.02877403106340232,0.21063762396521324,0.3234297531138238,1
358,2500,5,stress,ccmar,0.2558505160746848,full,0.2719827319953359,0.009358066294456931,0.25364125909326213,0.2903242048974097,1
358,2500,5,stress,ccmar,0.2558505160746848,cc,0.28608731133658377,0.019201215720488798,0.24845362006504143,0.32372100260812614,1
358,2500,5,stress,ccmar,0.2558505160746848,seq,0.2839068926219748,0.020708985048195468,0.24331802777113323,0.32449575747281645,1
359,2500,5,stress,ccmar,0.2558505160746848,full,0.25735025851362053,0.009375001641021938,0.23897559294221363,0.2757249240850274,1
359,2500,5,stress,ccmar,0.2558505160746848,cc,0.2653654516016712,0.02169720894163196,0.22283970351103213,0.30789119969231027,1
359,2500,5,stress,ccmar,0.2558505160746848,seq,0.24724398830341138,0.025806959961544907,0.1966632762283162,0.29782470037850656,1
360,2500,5,stress,ccmar,0.2558505160746848,full,0.24593299681098238,0.009254565304493667,0.22779438212160083,0.2640716115003639,1
360,2500,5,stress,ccmar,0.2558505160746848,cc,0.24118885261151346,0.05477844948882841,0.13382506448446324,0.3485526407385637,1
360,2500,5,stress,ccmar,0.2558505160746848,seq,0.2446493049573991,0.050576579140882726,0.1455210313800292,0.343777578534769,1
361,2500,5,stress,ccmar,0.2558505160746848,full,0.23092606268942265,0.009212880128998506,0.21286914944270086,0.24898297593614444,0
361,2500,5,stress,ccmar,0.2558505160746848,cc,0.29851384539411535,0.022884061682165016,0.25366190867707883,0.3433657821111519,1
361,2500,5,stress,ccmar,0.2558505160746848,seq,0.28573968598790817,0.02274856889015459,0.24115331026337686,0.33032606171243944,1
362,2500,5,stress,ccmar,0.2558505160746848,full,0.2608533242038464,0.00985437825727279,0.24153909772955712,0.28016755067813565,1
362,2500,5,stress,ccmar,0.2558505160746848,cc,0.2638085398052731,0.017928211147564987,0.22866989164881618,0.29894718796173,1
362,2500,5,stress,ccmar,0.2558505160746848,seq,0.26297896661357334,0.0185792775298642,0.22656425179626521,0.29939368143088146,1
363,2500,5,stress,ccmar,0.2558505160746848,full,0.24118589493378068,0.010352105618687223,0.22089614075699898,0.26147564911056237,1
363,2500,5,stress,ccmar,0.2558505160746848,cc,0.28350859325583744,0.08832352816741054,0.11039765906020377,0.4566195274514711,1
363,2500,5,stress,ccmar,0.2558505160746848,seq,0.25720903135084827,0.0816586902108705,0.09716093951282864,0.4172571231888679,1
364,2500,5,stress,ccmar,0.2558505160746848,full,0.2614501230244532,0.009283005785587104,0.2432557660164255,0.2796444800324809,1
364,2500,5,stress,ccmar,0.2558505160746848,cc,0.23775692691251998,0.02744791935414348,0.18395999352783887,0.2915538602972011,1
364,2500,5,stress,ccmar,0.2558505160746848,seq,0.24749402150116412,0.025486494421187812,0.197541410343455,0.2974466326588732,1
365,2500,5,stress,ccmar,0.2558505160746848,full,0.26031287677472337,0.009110923939490208,0.24245579398743877,0.27816995956200796,1
365,2500,5,stress,ccmar,0.2558505160746848,cc,0.2731456823606333,0.018895948265844145,0.23611030430584667,0.31018106041541993,1
365,2500,5,stress,ccmar,0.2558505160746848,seq,0.2734337122182167,0.01845873674806944,0.23725525299189462,0.3096121714445388,1
366,2500,5,stress,ccmar,0.2558505160746848,full,0.2632980282057678,0.009510690463682468,0.24465741742884162,0.281938638982694,1
366,2500,5,stress,ccmar,0.2558505160746848,cc,0.1871233741102783,0.019546028839087303,0.14881386154488593,0.22543288667567066,0
366,2500,5,stress,ccmar,0.2558505160746848,seq,0.18748723389859534,0.01908541660678741,0.15008050471934936,0.22489396307784132,0
367,2500,5,stress,ccmar,0.2558505160746848,full,0.23964426853277737,0.008123672801604842,0.2237221624194443,0.2555663746461105,0
367,2500,5,stress,ccmar,0.2558505160746848,cc,0.22761962473393302,0.016791224432134984,0.19470942959061943,0.2605298198772466,1
367,2500,5,stress,ccmar,0.2558505160746848,seq,0.2281714063435895,0.017261418555191463,0.19433964765334283,0.2620031650338362,1
368,2500,5,stress,ccmar,0.2558505160746848,full,0.2502455062604109,0.009009609248989315,0.2325869966176129,0.26790401590320895,1
368,2500,5,stress,ccmar,0.2558505160746848,cc,0.2751892197478403,0.022701396634248475,0.23069529994595445,0.3196831395497261,1
368,2500,5,stress,ccmar,0.2558505160746848,seq,0.2758110646423427,0.022704464547712574,0.23131113184055954,0.32031099744412583,1
369,2500,5,stress,ccmar,0.2558505160746848,full,0.2611739818508805,0.010832709133393516,0.2399422620944311,0.28240570160732986,1
369,2500,5,stress,ccmar,0.2558505160746848,cc,0.25907460520181463,0.017487408654934616,0.22479991405520877,0.2933492963484205,1
369,2500,5,stress,ccmar,0.2558505160746848,seq,0.25757376915294916,0.017500856819433197,0.2232727200882679,0.29187481821763045,1
370,2500,5,stress,ccmar,0.2558505160746848,full,0.24910595592073514,0.0090012376513752,0.23146385430775385,0.26674805753371644,1
370,2500,5,stress,ccmar,0.2558505160746848,cc,0.2345998730955439,0.019385879118813946,0.19660424821402148,0.2725954979770663,1
370,2500,5,stress,ccmar,0.2558505160746848,seq,0.2365933350077044,0.018651409849336196,0.20003724344210982,0.273149426573299,1
371,2500,5,stress,ccmar,0.2558505160746848,full,0.24293624038229145,0.00930876183256542,0.22469140244980215,0.26118107831478077,1
371,2500,5,stress,ccmar,0.2558505160746848,cc,0.2680952104039238,0.036572764703922095,0.1964139087691788,0.3397765120386688,1
371,2500,5,stress,ccmar,0.2558505160746848,seq,0.29353027847831503,0.04180703331604639,0.21158999887839797,0.3754705580782321,1
372,2500,5,stress,ccmar,0.2558505160746848,full,0.2599026739508937,0.008800449736958826,0.24265410941869944,0.27715123848308804,1
372,2500,5,stress,ccmar,0.2558505160746848,cc,0.25631600757078116,0.016577484443974836,0.22382473510631748,0.28880728003524486,1
372,2500,5,stress,ccmar,0.2558505160746848,seq,0.2576546204668537,0.01623970291318193,0.22582538763738694,0.2894838532963205,1
373,2500,5,stress,ccmar,0.2558505160746848,full,0.25811270780562146,0.00994898309658043,0.23861305925352602,0.27761235635771686,1
373,2500,5,stress,ccmar,0.2558505160746848,cc,0.25264488765206633,0.024648090466415015,0.20433551805020783,0.30095425725392483,1
373,2500,5,stress,ccmar,0.2558505160746848,seq,0.25652001549219583,0.024808247483419987,0.20789674390513624,0.3051432870792554,1
374,2500,5,stress,ccmar,0.2558505160746848,full,0.24494638327514623,0.009085379621454533,0.22713936643122118,0.2627534001190713,1
374,2500,5,stress,ccmar,0.2558505160746848,cc,0.24877322738918423,0.018806843517089236,0.21191249143280871,0.28563396334555974,1
374,2500,5,stress,ccmar,0.2558505160746848,seq,0.2526973216881416,0.01878758540888829,0.2158743309302503,0.2895203124460328,1
375,2500,5,stress,ccmar,0.2558505160746848,full,0.26873288732606854,0.008656806077121512,0.25176585919376293,0.28569991545837414,1
375,2500,5,stress,ccmar,0.2558505160746848,cc,0.32287749465467847,0.018120591277513188,0.28736178837218196,0.35839320093717497,0
375,2500,5,stress,ccmar,0.2558505160746848,seq,0.32414138198103754,0.018532652127917243,0.28781805127231014,0.36046471268976493,0
376,2500,5,stress,ccmar,0.2558505160746848,full,0.2477589596478497,0.00914455329929493,0.22983596452652472,0.26568195476917467,1
376,2500,5,stress,ccmar,0.2558505160746848,cc,0.3134038302210887,0.023460683536123527,0.2674217354375948,0.3593859250045826,0
376,2500,5,stress,ccmar,0.2558505160746848,seq,0.3107956907526712,0.022139692625373644,0.26740269057815186,0.3541886909271906,0
377,2500,5,stress,ccmar,0.2558505160746848,full,0.23463085929104355,0.00873740595494112,0.21750585830105315,0.2517558602810339,0
377,2500,5,stress,ccmar,0.2558505160746848,cc,0.31033503822939246,0.017136946258831123,0.276747240757085,0.3439228357016999,0
377,2500,5,stress,ccmar,0.2558505160746848,seq,0.3064585523666224,0.017010741534833063,0.27311811160803,0.3397989931252148,0
378,2500,5,stress,ccmar,0.2558505160746848,full,0.2516973206559408,0.010272835727075314,0.23156293261177685,0.27183170870010476,1
378,2500,5,stress,ccmar,0.2558505160746848,cc,0.2760560556971018,0.024617306354150867,0.22780702184657706,0.3243050895476265,1
378,2500,5,stress,ccmar,0.2558505160746848,seq,0.2684782468381229,0.026843540182264626,0.21586587486333045,0.3210906188129153,1
379,2500,5,stress,ccmar,0.2558505160746848,full,0.2483102139491074,0.009282377865236236,0.23011708764235259,0.2665033402558622,1
379,2500,5,stress,ccmar,0.2558505160746848,cc,0.29660681040936004,0.01971334510007106,0.25796936399841164,0.33524425682030845,0
379,2500,5,stress,ccmar,0.2558505160746848,seq,0.29737330683432167,0.021621923021669612,0.2549951164353518,0.33975149723329157,1
380,2500,5,stress,ccmar,0.2558505160746848,full,0.23389359199007814,0.0101522703938901,0.21399550765674127,0.253791676323415,0
380,2500,5,stress,ccmar,0.2558505160746848,cc,0.2542814244845035,0.027183330901150438,0.20100307493841393,0.3075597740305931,1
380,2500,5,stress,ccmar,0.2558505160746848,seq,0.25570823056323044,0.02790237093594098,0.20102058844550896,0.3103958726809519,1
381,2500,5,stress,ccmar,0.2558505160746848,full,0.24248349376137412,0.009956251876863912,0.22296959866171154,0.2619973888610367,1
381,2500,5,stress,ccmar,0.2558505160746848,cc,0.22393840402904985,0.020951205473757204,0.1828747958677873,0.2650020121903124,1
381,2500,5,stress,ccmar,0.2558505160746848,seq,0.2215749059745489,0.02091862416385631,0.18057515600726123,0.2625746559418366,1
382,2500,5,stress,ccmar,0.2558505160746848,full,0.2563688128981987,0.009187764297420666,0.23836112577681123,0.27437650001958613,1
382,2500,5,stress,ccmar,0.2558505160746848,cc,0.2941431427380696,0.02112779837685467,0.2527334188468106,0.33555286662932854,1
382,2500,5,stress,ccmar,0.2558505160746848,seq,0.29443805789689814,0.02160464366111478,0.2520937344222916,0.3367823813715047,1
383,2500,5,stress,ccmar,0.2558505160746848,full,0.24655265939326693,0.009074332763253841,0.22876729399355758,0.2643380247929763,1
383,2500,5,stress,ccmar,0.2558505160746848,cc,0.29029829451709455,0.025511009890544098,0.240297633922383,0.3402989551118061,1
383,2500,5,stress,ccmar,0.2558505160746848,seq,0.28396804675196274,0.02672252454156254,0.23159286107451243,0.33634323242941305,1
384,2500,5,stress,ccmar,0.2558505160746848,full,0.24830278271567796,0.009249597806495778,0.23017390414346556,0.26643166128789036,1
384,2500,5,stress,ccmar,0.2558505160746848,cc,0.2260764646299811,0.04262781198227069,0.14252748840498558,0.3096254408549766,1
384,2500,5,stress,ccmar,0.2558505160746848,seq,0.21729259072410392,0.04709086149721164,0.12499619818860519,0.30958898325960266,1
385,2500,5,stress,ccmar,0.2558505160746848,full,0.2620041619314559,0.009063275719941862,0.24424046793841356,0.2797678559244983,1
385,2500,5,stress,ccmar,0.2558505160746848,cc,0.2083797846057928,0.018229434501614,0.17265074952409748,0.2441088196874881,0
385,2500,5,stress,ccmar,0.2558505160746848,seq,0.21259303090332787,0.017565418115104103,0.1781654440243364,0.24702061778231935,0
386,2500,5,stress,ccmar,0.2558505160746848,full,0.26786927539381267,0.00859563196643179,0.25102214631524516,0.28471640447238017,1
386,2500,5,stress,ccmar,0.2558505160746848,cc,0.22396108956859961,0.022917555948711685,0.17904350529544305,0.2688786738417562,1
386,2500,5,stress,ccmar,0.2558505160746848,seq,0.22455188982147528,0.025499171301229303,0.1745744324354485,0.27452934720750205,1
387,2500,5,stress,ccmar,0.2558505160746848,full,0.2728185601288673,0.010187263654511733,0.2528518902650104,0.29278522999272416,1
387,2500,5,stress,ccmar,0.2558505160746848,cc,0.3609829016354903,0.024317783840211646,0.31332092112484533,0.40864488214613526,0
387,2500,5,stress,ccmar,0.2558505160746848,seq,0.3591801488700553,0.02295050036868537,0.3141979947202587,0.40416230301985184,0
388,2500,5,stress,ccmar,0.2558505160746848,full,0.2798216647558284,0.008890638797129365,0.26239633291390035,0.2972469965977565,0
388,2500,5,stress,ccmar,0.2558505160746848,cc,0.2507821255572684,0.01804496932498658,0.21541463557816468,0.2861496155363722,1
388,2500,5,stress,ccmar,0.2558505160746848,seq,0.23910217112819265,0.019190277929553835,0.20148991753295326,0.27671442472343205,1
389,2500,5,stress,ccmar,0.2558505160746848,full,0.25376919976640083,0.008850715596572504,0.2364221159597118,0.27111628357308987,1
389,2500,5,stress,ccmar,0.2558505160746848,cc,0.26046634410767544,0.01811384344191701,0.22496386333992105,0.29596882487542986,1
389,2500,5,stress,ccmar,0.2558505160746848,seq,0.2627341468317099,0.02072733981019812,0.22210930730839834,0.3033589863550215,1
390,2500,5,stress,ccmar,0.2558505160746848,full,0.2695444592549637,0.012216861629893832,0.24559985045626245,0.29348906805366487,1
390,2500,5,stress,ccmar,0.2558505160746848,cc,0.2996185880890348,0.038719664215675305,0.22372944073282688,0.37550773544524274,1
390,2500,5,stress,ccmar,0.2558505160746848,seq,0.29045561458067276,0.03775420052584753,0.21645874128490844,0.3644524878764371,1
391,2500,5,stress,ccmar,0.2558505160746848,full,0.24661661119397713,0.008867286349299102,0.22923704930874722,0.26399617307920703,1
391,2500,5,stress,ccmar,0.2558505160746848,cc,0.2989705591634198,0.019696292477299746,0.2603665352789451,0.3375745830478945,0
391,2500,5,stress,ccmar,0.2558505160746848,seq,0.3003338114386616,0.01978313157336856,0.26155958605344204,0.3391080368238812,0
392,2500,5,stress,ccmar,0.2558505160746848,full,0.26855150765493374,0.009327778309730798,0.2502693981120875,0.28683361719778,1
392,2500,5,stress,ccmar,0.2558505160746848,cc,0.281254987231933,0.018807485490155814,0.24439299303146794,0.318116981432398,1
392,2500,5,stress,ccmar,0.2558505160746848,seq,0.27454881818016535,0.019345201358497283,0.23663292024383537,0.31246471611649534,1
393,2500,5,stress,ccmar,0.2558505160746848,full,0.2667282056854691,0.00928281633913084,0.2485342199856727,0.28492219138526553,1
393,2500,5,stress,ccmar,0.2558505160746848,cc,0.2830016121211668,0.02317001882649331,0.23758920970012493,0.3284140145422087,1
393,2500,5,stress,ccmar,0.2558505160746848,seq,0.2913434838192969,0.025082000509626855,0.242183666160213,0.3405033014783808,1
394,2500,5,stress,ccmar,0.2558505160746848,full,0.2788882353710767,0.010411483318701073,0.25848210304078306,0.29929436770137036,0
394,2500,5,stress,ccmar,0.2558505160746848,cc,0.2689002370717013,0.01495277784333887,0.2395933310299286,0.29820714311347396,1
394,2500,5,stress,ccmar,0.2558505160746848,seq,0.2718238475880781,0.015568119587301229,0.2413108938899551,0.30233680128620105,1
395,2500,5,stress,ccmar,0.2558505160746848,full,0.26598144743186747,0.009286364216752873,0.24778050801971033,0.2841823868440246,1
395,2500,5,stress,ccmar,0.2558505160746848,cc,0.2586451841264637,0.016575680662046097,0.22615744700961632,0.2911329212433111,1
395,2500,5,stress,ccmar,0.2558505160746848,seq,0.2551424285288906,0.017369948335471966,0.22109795537804405,0.2891869016797371,1
396,2500,5,stress,ccmar,0.2558505160746848,full,0.2603047941219895,0.009682105691296912,0.24132821567253726,0.2792813725714417,1
396,2500,5,stress,ccmar,0.2558505160746848,cc,0.2488993606542644,0.016498178027501146,0.21656352590983208,0.28123519539869674,1
396,2500,5,stress,ccmar,0.2558505160746848,seq,0.24334409715037986,0.0151510819731898,0.2136485221561138,0.2730396721446459,1
397,2500,5,stress,ccmar,0.2558505160746848,full,0.266778197015872,0.008909118301714002,0.24931664601050593,0.28423974802123814,1
397,2500,5,stress,ccmar,0.2558505160746848,cc,0.29774999661896456,0.017671316601378467,0.26311485252085803,0.3323851407170711,0
397,2500,5,stress,ccmar,0.2558505160746848,seq,0.29470244526142125,0.018637270964652067,0.2581740654005891,0.3312308251222534,0
398,2500,5,stress,ccmar,0.2558505160746848,full,0.2587949913586959,0.009070431136671126,0.24101727300656978,0.276572709710822,1
398,2500,5,stress,ccmar,0.2558505160746848,cc,0.20304451894036776,0.0670211950229145,0.07168539049462022,0.3344036473861153,1
398,2500,5,stress,ccmar,0.2558505160746848,seq,0.18686139681533603,0.07636841152058216,0.03718206067846125,0.3365407329522108,1
399,2500,5,stress,ccmar,0.2558505160746848,full,0.25109904280573225,0.01210823128089316,0.22736734557870036,0.27483074003276414,1
399,2500,5,stress,ccmar,0.2558505160746848,cc,0.24456722908315734,0.01669578793588354,0.21184408603530727,0.2772903721310074,1
399,2500,5,stress,ccmar,0.2558505160746848,seq,0.24627367290147203,0.016347265360441118,0.21423362154928827,0.2783137242536558,1
400,2500,5,stress,ccmar,0.2558505160746848,full,0.25927460677941283,0.010592624782748956,0.23851344370347846,0.28003576985534717,1
400,2500,5,stress,ccmar,0.2558505160746848,cc,0.27657332125606054,0.020863678722434838,0.2356812623750736,0.3174653801370475,1
400,2500,5,stress,ccmar,0.2558505160746848,seq,0.25567165633829747,0.023518472689893773,0.20957629689471682,0.3017670157818781,1
401,2500,5,stress,ccmar,0.2558505160746848,full,0.25385190086369913,0.009273421391948766,0.23567632892201626,0.27202747280538203,1
401,2500,5,stress,ccmar,0.2558505160746848,cc,0.28603778578810946,0.015577209946126006,0.2555070153140834,0.31656855626213554,1
401,2500,5,stress,ccmar,0.2558505160746848,seq,0.28350376468644684,0.015873182364571498,0.25239289893185035,0.3146146304410433,1
402,2500,5,stress,ccmar,0.2558505160746848,full,0.24045034740582624,0.009710540724447672,0.2214180373154993,0.2594826574961532,1
402,2500,5,stress,ccmar,0.2558505160746848,cc,0.215457482098888,0.022362698271657017,0.17162739888930412,0.25928756530847186,1
402,2500,5,stress,ccmar,0.2558505160746848,seq,0.21212739933934263,0.02288069069203034,0.1672820696415623,0.2569727290371229,1
403,2500,5,stress,ccmar,0.2558505160746848,full,0.26833651568804145,0.009420040393533915,0.24987357578380245,0.28679945559228043,1
403,2500,5,stress,ccmar,0.2558505160746848,cc,0.25418407633420737,0.03133338490344496,0.1927717704097242,0.3155963822586905,1
403,2500,5,stress,ccmar,0.2558505160746848,seq,0.26102341243490634,0.028141805583696056,0.20586648703093388,0.3161803378388788,1
404,2500,5,stress,ccmar,0.2558505160746848,full,0.25111047397232744,0.00963257637666819,0.23223097119572647,0.26998997674892844,1
404,2500,5,stress,ccmar,0.2558505160746848,cc,0.23448571251688027,0.024214736963757675,0.18702570017280445,0.2819457248609561,1
404,2500,5,stress,ccmar,0.2558505160746848,seq,0.23101665092249823,0.025872989431303752,0.18030652346475742,0.2817267783802391,1
405,2500,5,stress,ccmar,0.2558505160746848,full,0.25735419194819287,0.008896489151055662,0.23991739362327244,0.27479099027311327,1
405,2500,5,stress,ccmar,0.2558505160746848,cc,0.31342790135480547,0.017944283376982093,0.2782577522075398,0.34859805050207116,0
405,2500,5,stress,ccmar,0.2558505160746848,seq,0.3096713108757196,0.01688950378068126,0.27656849174883125,0.3427741300026079,0
406,2500,5,stress,ccmar,0.2558505160746848,full,0.2659601909605836,0.009959404807375003,0.24644011623067352,0.2854802656904937,1
406,2500,5,stress,ccmar,0.2558505160746848,cc,0.19870987298828013,0.04944170771305359,0.1018059065365389,0.2956138394400214,1
406,2500,5,stress,ccmar,0.2558505160746848,seq,0.19843340593468603,0.05093682682698795,0.09859905986703602,0.298267752002336,1
407,2500,5,stress,ccmar,0.2558505160746848,full,0.24320372036965932,0.010087717537617868,0.22343215730971522,0.2629752834296034,1
407,2500,5,stress,ccmar,0.2558505160746848,cc,0.27426411193938677,0.038090834663178245,0.19960744785848752,0.34892077602028604,1
407,2500,5,stress,ccmar,0.2558505160746848,seq,0.2764893466292979,0.04059173628676122,0.1969310054372983,0.35604768782129753,1
408,2500,5,stress,ccmar,0.2558505160746848,full,0.27237460666570196,0.009142440545415294,0.25445575246588925,0.29029346086551466,1
408,2500,5,stress,ccmar,0.2558505160746848,cc,0.2333692648731185,0.01782698696999414,0.19842901245906513,0.26830951728717184,1
408,2500,5,stress,ccmar,0.2558505160746848,seq,0.23468814962116186,0.01751685526691143,0.2003557441756147,0.269020555066709,1
409,2500,5,stress,ccmar,0.2558505160746848,full,0.2622846095792339,0.00960421300220422,0.24346069799506231,0.28110852116340546,1
409,2500,5,stress,ccmar,0.2558505160746848,cc,0.2559689352571936,0.020366904034909487,0.2160505368721875,0.2958873336421997,1
409,2500,5,stress,ccmar,0.2558505160746848,seq,0.25398673825071477,0.020927662941897487,0.21296927260400214,0.29500420389742743,1
410,2500,5,stress,ccmar,0.2558505160746848,full,0.26427964933166287,0.010222816157297022,0.24424329784278656,0.2843160008205392,1
410,2500,5,stress,ccmar,0.2558505160746848,cc,0.274547885593866,0.01772149951763986,0.23981438478724793,0.3092813864004841,1
410,2500,5,stress,ccmar,0.2558505160746848,seq,0.2742450224395064,0.01874832288332793,0.2374989848176555,0.31099106006135724,1
411,2500,5,stress,ccmar,0.2558505160746848,full,0.26573297906592364,0.010360900846332512,0.24542598655972134,0.2860399715721259,1
411,2500,5,stress,ccmar,0.2558505160746848,cc,0.2803306141218183,0.028688520479009574,0.22410214721321978,0.3365590810304169,1
411,2500,5,stress,ccmar,0.2558505160746848,seq,0.27220316825925844,0.027386541040587253,0.21852653415857934,0.3258798023599376,1
412,2500,5,stress,ccmar,0.2558505160746848,full,0.2532249300745474,0.009391150347945855,0.23481861361917272,0.27163124652992204,1
412,2500,5,stress,ccmar,0.2558505160746848,cc,0.29878810718223875,0.11859256387375088,0.06635095315542111,0.5312252612090564,1
412,2500,5,stress,ccmar,0.2558505160746848,seq,0.3320937572121356,0.11987983400305038,0.09713360009351668,0.5670539143307545,1
413,2500,5,stress,ccmar,0.2558505160746848,full,0.24380623870725004,0.008492011837864003,0.22716220134874882,0.2604502760657513,1
413,2500,5,stress,ccmar,0.2558505160746848,cc,0.2353232852473082,0.02431532075044049,0.1876661323039054,0.282980438190711,1
413,2500,5,stress,ccmar,0.2558505160746848,seq,0.23837239844417768,0.0236474176593435,0.19202431150448795,0.2847204853838674,1
414,2500,5,stress,ccmar,0.2558505160746848,full,0.2602159938861231,0.009290265773043174,0.24200740756415332,0.2784245802080929,1
414,2500,5,stress,ccmar,0.2558505160746848,cc,0.3011858162375192,0.023558942776527328,0.2550111368816856,0.34736049559335286,1
414,2500,5,stress,ccmar,0.2558505160746848,seq,0.2936113479150225,0.025008224760945358,0.24459612806628683,0.3426265677637582,1
415,2500,5,stress,ccmar,0.2558505160746848,full,0.23635083552433703,0.009171638198647388,0.21837475497575634,0.25432691607291774,0
415,2500,5,stress,ccmar,0.2558505160746848,cc,0.24357257730522905,0.02211199157429279,0.20023387019316205,0.2869112844172961,1
415,2500,5,stress,ccmar,0.2558505160746848,seq,0.2486992148128914,0.021865436356018723,0.20584374704884198,0.29155468257694084,1
416,2500,5,stress,ccmar,0.2558505160746848,full,0.24842290516488702,0.008745457054618289,0.23128212430949344,0.26556368602028063,1
416,2500,5,stress,ccmar,0.2558505160746848,cc,0.22752978941865104,0.01897178077349195,0.19034578238001737,0.2647137964572847,1
416,2500,5,stress,ccmar,0.2558505160746848,seq,0.2216018771876625,0.019394397830957512,0.18358955593714404,0.25961419843818095,1
417,2500,5,stress,ccmar,0.2558505160746848,full,0.25212216910889135,0.008778102912945993,0.23491740354693105,0.2693269346708516,1
417,2500,5,stress,ccmar,0.2558505160746848,cc,0.28800973817968833,0.028814488629828078,0.2315343782322864,0.3444850981270903,1
417,2500,5,stress,ccmar,0.2558505160746848,seq,0.2889399033990666,0.02663906177600479,0.2367283017361596,0.3411515050619736,1
418,2500,5,stress,ccmar,0.2558505160746848,full,0.24680809713401883,0.009467928848649537,0.22825129758247795,0.2653648966855597,1
418,2500,5,stress,ccmar,0.2558505160746848,cc,0.2792560734793218,0.02260836224779536,0.23494449772420786,0.3235676492344357,1
418,2500,5,stress,ccmar,0.2558505160746848,seq,0.27707357259751353,0.02153672209210413,0.23486237295194132,0.31928477224308577,1
419,2500,5,stress,ccmar,0.2558505160746848,full,0.25076177343760975,0.014957328472343307,0.22144594832688136,0.28007759854833814,1
419,2500,5,stress,ccmar,0.2558505160746848,cc,0.1905964139425304,0.02731463573773109,0.13706071164574682,0.244132116239314,0
419,2500,5,stress,ccmar,0.2558505160746848,seq,0.2047738008925631,0.028285586373589057,0.14933507031873164,0.26021253146639456,1
420,2500,5,stress,ccmar,0.2558505160746848,full,0.27542254530448207,0.010077115373406604,0.2556717621045502,0.2951733285044139,1
420,2500,5,stress,ccmar,0.2558505160746848,cc,0.27041673441291353,0.01609143690186626,0.23887809762575687,0.3019553712000702,1
420,2500,5,stress,ccmar,0.2558505160746848,seq,0.2670582940964684,0.016209234012651584,0.23528877921468966,0.2988278089782472,1
421,2500,5,stress,ccmar,0.2558505160746848,full,0.27053325565397174,0.009183600706224555,0.252533729021375,0.2885327822865685,1
421,2500,5,stress,ccmar,0.2558505160746848,cc,0.1176594419649615,0.03394707169412972,0.05112440406386813,0.18419447986605486,0
421,2500,5,stress,ccmar,0.2558505160746848,seq,0.13736549598577374,0.027986763784784444,0.08251244692376634,0.19221854504778113,0
422,2500,5,stress,ccmar,0.2558505160746848,full,0.2711763670317975,0.009474238240487893,0.2526072012994891,0.28974553276410586,1
422,2500,5,stress,ccmar,0.2558505160746848,cc,0.28731689588926873,0.030093664846849066,0.22833439662662547,0.346299395151912,1
422,2500,5,stress,ccmar,0.2558505160746848,seq,0.2938567948640556,0.028742119432414018,0.2375232759371753,0.3501903137909359,1
423,2500,5,stress,ccmar,0.2558505160746848,full,0.2704224107289394,0.0092050152427745,0.25238091237595917,0.28846390908191966,1
423,2500,5,stress,ccmar,0.2558505160746848,cc,0.28718009843049597,0.02000368543582868,0.24797359541820335,0.3263866014427886,1
423,2500,5,stress,ccmar,0.2558505160746848,seq,0.28261654101226474,0.01924863332174741,0.24488991295002221,0.3203431690745073,1
424,2500,5,stress,ccmar,0.2558505160746848,full,0.2652568371338477,0.00846168507847524,0.24867223913151623,0.28184143513617915,1
424,2500,5,stress,ccmar,0.2558505160746848,cc,0.2954967237470985,0.0180275457022976,0.26016338344094536,0.33083006405325166,0
424,2500,5,stress,ccmar,0.2558505160746848,seq,0.2920908158013831,0.017380504778713345,0.2580256524019786,0.32615597920078754,0
425,2500,5,stress,ccmar,0.2558505160746848,full,0.27165942333831594,0.010538619083347207,0.25100410948816887,0.292314737188463,1
425,2500,5,stress,ccmar,0.2558505160746848,cc,0.30985297877858087,0.05541373646934038,0.20124405104988,0.41846190650728177,1
425,2500,5,stress,ccmar,0.2558505160746848,seq,0.28051210146325495,0.04838783010705578,0.18567369716338272,0.3753505057631272,1
426,2500,5,stress,ccmar,0.2558505160746848,full,0.275254802268915,0.009676077610086178,0.2562900386415317,0.29421956589629833,0
426,2500,5,stress,ccmar,0.2558505160746848,cc,0.28672121264395956,0.019049032100769064,0.2493857957861048,0.3240566295018143,1
426,2500,5,stress,ccmar,0.2558505160746848,seq,0.2928301706926968,0.018053607341723264,0.2574457505118913,0.3282145908735023,0
427,2500,5,stress,ccmar,0.2558505160746848,full,0.2619329308600466,0.009073401613405849,0.24414939048050352,0.2797164712395897,1
427,2500,5,stress,ccmar,0.2558505160746848,cc,0.22434557495386342,0.049770008864470826,0.12679815006926137,0.3218929998384655,1
427,2500,5,stress,ccmar,0.2558505160746848,seq,0.22678667585007342,0.03564232870998032,0.15692899525337403,0.2966443564467728,1
428,2500,5,stress,ccmar,0.2558505160746848,full,0.2609248701837285,0.009735032929167997,0.24184455625424778,0.28000518411320924,1
428,2500,5,stress,ccmar,0.2558505160746848,cc,0.2631259258898212,0.023099357760320727,0.21785201661358677,0.3083998351660556,1
428,2500,5,stress,ccmar,0.2558505160746848,seq,0.27066412497337633,0.024655130186072835,0.22234095777452725,0.31898729217222543,1
429,2500,5,stress,ccmar,0.2558505160746848,full,0.250774330898882,0.009511457567928506,0.2321322166252612,0.2694164451725028,1
429,2500,5,stress,ccmar,0.2558505160746848,cc,0.22979534917474279,0.020074483391112164,0.19045008471991545,0.2691406136295701,1
429,2500,5,stress,ccmar,0.2558505160746848,seq,0.23149820400401144,0.02286841794578217,0.18667692844686895,0.27631947956115394,1
430,2500,5,stress,ccmar,0.2558505160746848,full,0.2593635748040124,0.009685352411434665,0.2403806329000223,0.2783465167080025,1
430,2500,5,stress,ccmar,0.2558505160746848,cc,0.24548228314890888,0.015268797272472689,0.215555990407619,0.27540857589019874,1
430,2500,5,stress,ccmar,0.2558505160746848,seq,0.2455758829591403,0.015762111299918974,0.21468271249098728,0.2764690534272933,1
431,2500,5,stress,ccmar,0.2558505160746848,full,0.26720230954974283,0.00913397334882537,0.2493000507502964,0.2851045683491893,1
431,2500,5,stress,ccmar,0.2558505160746848,cc,0.2003481029586818,0.018257325686659873,0.16456440215881044,0.23613180375855317,0
431,2500,5,stress,ccmar,0.2558505160746848,seq,0.19545727564093074,0.01770753056790957,0.1607511534726859,0.23016339780917558,0
432,2500,5,stress,ccmar,0.2558505160746848,full,0.25760966453413586,0.009371922307475758,0.23924103434557586,0.27597829472269586,1
432,2500,5,stress,ccmar,0.2558505160746848,cc,0.26910133705456496,0.015288181787685387,0.23913705136160043,0.2990656227475295,1
432,2500,5,stress,ccmar,0.2558505160746848,seq,0.2689262698104776,0.016063548860136424,0.2374422925807108,0.30041024704024444,1
433,2500,5,stress,ccmar,0.2558505160746848,full,0.2601625018223852,0.008775307399921684,0.24296321536527088,0.27736178827949953,1
433,2500,5,stress,ccmar,0.2558505160746848,cc,0.28416236582881377,0.014364921991189774,0.25600763608535443,0.3123170955722731,0
433,2500,5,stress,ccmar,0.2558505160746848,seq,0.2827035749734644,0.01414889099239635,0.25497225820718433,0.3104348917397444,1
434,2500,5,stress,ccmar,0.2558505160746848,full,0.23413683443659805,0.0094093656359446,0.21569481667277782,0.2525788522004183,0
434,2500,5,stress,ccmar,0.2558505160746848,cc,0.15853530580774242,0.019931980951036817,0.11946934100317183,0.197601270612313,0
434,2500,5,stress,ccmar,0.2558505160746848,seq,0.14841634596689401,0.020551124750631443,0.10813688161386668,0.18869581031992133,0
435,2500,5,stress,ccmar,0.2558505160746848,full,0.2479016404202457,0.00998958319375702,0.22832241713991533,0.26748086370057605,1
435,2500,5,stress,ccmar,0.2558505160746848,cc,0.18441696104056535,0.03046182454175732,0.12471288203534267,0.24412104004578802,0
435,2500,5,stress,ccmar,0.2558505160746848,seq,0.193459037925682,0.030033238931573777,0.13459497128071118,0.2523231045706528,0
436,2500,5,stress,ccmar,0.2558505160746848,full,0.26650735517365,0.008841502679593048,0.24917832835243323,0.2838363819948667,1
436,2500,5,stress,ccmar,0.2558505160746848,cc,0.05910266900582169,0.13662727295942056,-0.20868186530056582,0.32688720331220916,1
436,2500,5,stress,ccmar,0.2558505160746848,seq,0.06777802784876094,0.12908923201880854,-0.1852322177000386,0.32078827339756044,1
437,2500,5,stress,ccmar,0.2558505160746848,full,0.2550925718803788,0.009451856880178654,0.23656727280820153,0.2736178709525561,1
437,2500,5,stress,ccmar,0.2558505160746848,cc,0.2605067864486407,0.01896790926165485,0.2233303674337735,0.29768320546350796,1
437,2500,5,stress,ccmar,0.2558505160746848,seq,0.25891422605251163,0.018192086380090847,0.2232583919438919,0.29457006016113135,1
438,2500,5,stress,ccmar,0.2558505160746848,full,0.23017827461200513,0.009227886780401057,0.2120919488690058,0.24826460035500447,0
438,2500,5,stress,ccmar,0.2558505160746848,cc,0.2820954816842864,0.02140550171595894,0.24014146924999655,0.32404949411857625,1
438,2500,5,stress,ccmar,0.2558505160746848,seq,0.2731707195731981,0.022262840308856835,0.22953635437427214,0.3168050847721241,1
439,2500,5,stress,ccmar,0.2558505160746848,full,0.25638315624059205,0.008780419541944555,0.23917385016922904,0.27359246231195505,1
439,2500,5,stress,ccmar,0.2558505160746848,cc,0.2238859330303045,0.02943036313943253,0.16620348122508158,0.2815683848355274,1
439,2500,5,stress,ccmar,0.2558505160746848,seq,0.21541534435759405,0.030398857460885633,0.1558346785630915,0.2749960101520966,1
440,2500,5,stress,ccmar,0.2558505160746848,full,0.25490324854573704,0.009489043390570415,0.23630506525248118,0.2735014318389929,1
440,2500,5,stress,ccmar,0.2558505160746848,cc,0.29073078882852665,0.01825092433821262,0.2549596344410644,0.3265019432159889,1
440,2500,5,stress,ccmar,0.2558505160746848,seq,0.2803403546209352,0.019721899914730726,0.2416861410813594,0.31899456816051097,1
441,2500,5,stress,ccmar,0.2558505160746848,full,0.24620337736811926,0.009441676158118001,0.22769803214451748,0.26470872259172107,1
441,2500,5,stress,ccmar,0.2558505160746848,cc,0.20626124680032554,0.04369638498412172,0.12061790597685014,0.29190458762380095,1
441,2500,5,stress,ccmar,0.2558505160746848,seq,0.20358541381777415,0.04432731005560495,0.11670548257724826,0.2904653450583,1
442,2500,5,stress,ccmar,0.2558505160746848,full,0.24066069337233506,0.008726585393780663,0.22355690029251168,0.25776448645215844,1
442,2500,5,stress,ccmar,0.2558505160746848,cc,0.2582486743602404,0.01722484185826244,0.22448860467864803,0.29200874404183275,1
442,2500,5,stress,ccmar,0.2558505160746848,seq,0.26798795461956004,0.018661891145501163,0.23141132009097082,0.30456458914814927,1
443,2500,5,stress,ccmar,0.2558505160746848,full,0.2751805256046873,0.009174814567068128,0.2571982194884003,0.2931628317209743,0
443,2500,5,stress,ccmar,0.2558505160746848,cc,0.25061882642399824,0.016263776198677977,0.21874241082196966,0.2824952420260268,1
443,2500,5,stress,ccmar,0.2558505160746848,seq,0.24443381233095535,0.017016868292217754,0.21108136334854694,0.27778626131336376,1
444,2500,5,stress,ccmar,0.2558505160746848,full,0.2581215036723212,0.013121332995038293,0.23240416357288904,0.2838388437717533,1
444,2500,5,stress,ccmar,0.2558505160746848,cc,0.2286418350303288,0.03984854360639138,0.15054012472542788,0.30674354533522974,1
444,2500,5,stress,ccmar,0.2558505160746848,seq,0.23123759618562909,0.04467891969353301,0.14366852271814703,0.3188066696531111,1
445,2500,5,stress,ccmar,0.2558505160746848,full,0.25810406010224907,0.010425959113144985,0.23766955573619775,0.2785385644683004,1
445,2500,5,stress,ccmar,0.2558505160746848,cc,0.31518481366070655,0.03468090793546991,0.2472114831560362,0.3831581441653769,1
445,2500,5,stress,ccmar,0.2558505160746848,seq,0.312355184376987,0.032704478137707514,0.24825558509390272,0.3764547836600713,1
446,2500,5,stress,ccmar,0.2558505160746848,full,0.2520911035041509,0.008807146433661263,0.23482941368760446,0.2693527933206974,1
446,2500,5,stress,ccmar,0.2558505160746848,cc,0.24753914776514965,0.022749097712460687,0.20295173556794419,0.29212655996235515,1
446,2500,5,stress,ccmar,0.2558505160746848,seq,0.24574485747960065,0.023812225830948358,0.1990737524592075,0.2924159624999938,1
447,2500,5,stress,ccmar,0.2558505160746848,full,0.2517897370619775,0.009472892406996279,0.23322320911484185,0.27035626500911314,1
447,2500,5,stress,ccmar,0.2558505160746848,cc,0.293572140721494,0.031999961647416655,0.23085336838589435,0.3562909130570937,1
447,2500,5,stress,ccmar,0.2558505160746848,seq,0.2860799625546897,0.03083978652073059,0.22563509168315393,0.3465248334262255,1
448,2500,5,stress,ccmar,0.2558505160746848,full,0.24939986049502758,0.010238566454621602,0.2293326389906493,0.2694670819994059,1
448,2500,5,stress,ccmar,0.2558505160746848,cc,0.25308281189954207,0.015769536159458853,0.22217508897410063,0.2839905348249835,1
448,2500,5,stress,ccmar,0.2558505160746848,seq,0.24167173989525037,0.017435008056574997,0.20749975203419768,0.27584372775630306,1
449,2500,5,stress,ccmar,0.2558505160746848,full,0.26978341652093824,0.009723226294463273,0.2507262431702574,0.2888405898716191,1
449,2500,5,stress,ccmar,0.2558505160746848,cc,0.25731886023162653,0.016376782094664092,0.2252209571434245,0.2894167633198286,1
449,2500,5,stress,ccmar,0.2558505160746848,seq,0.251361536435648,0.01694496829240649,0.2181500088633581,0.2845730640079379,1
450,2500,5,stress,ccmar,0.2558505160746848,full,0.24794625151361574,0.008937419029272567,0.23042923210149857,0.2654632709257329,1
450,2500,5,stress,ccmar,0.2558505160746848,cc,0.25477513182101524,0.013750130265296884,0.22782537171829917,0.2817248919237313,1
450,2500,5,stress,ccmar,0.2558505160746848,seq,0.25221912933347257,0.013713739853996352,0.22534069312628813,0.279097565540657,1
451,2500,5,stress,ccmar,0.2558505160746848,full,0.2669609264678573,0.009172623938634935,0.24898291390440289,0.28493893903131173,1
451,2500,5,stress,ccmar,0.2558505160746848,cc,0.22192205195945058,0.018841290687905785,0.18499380078890534,0.2588503031299958,1
451,2500,5,stress,ccmar,0.2558505160746848,seq,0.21470456265152743,0.019372802757761317,0.17673456696671702,0.25267455833633784,0
452,2500,5,stress,ccmar,0.2558505160746848,full,0.24265528063493189,0.008692835811007802,0.22561763552183656,0.2596929257480272,1
452,2500,5,stress,ccmar,0.2558505160746848,cc,0.21880522184851078,0.022496880293195284,0.17471214670933913,0.2628982969876824,1
452,2500,5,stress,ccmar,0.2558505160746848,seq,0.21436288035409906,0.023979567297432412,0.16736379208627705,0.26136196862192107,1
453,2500,5,stress,ccmar,0.2558505160746848,full,0.2441762403456737,0.009476490334904752,0.22560266058941847,0.26274982010192893,1
453,2500,5,stress,ccmar,0.2558505160746848,cc,0.28263952744832865,0.03296389653119292,0.2180314774570857,0.3472475774395716,1
453,2500,5,stress,ccmar,0.2558505160746848,seq,0.2726117546439012,0.03056169117466756,0.21271194063491716,0.3325115686528852,1
454,2500,5,stress,ccmar,0.2558505160746848,full,0.2603765846543926,0.01088512809078702,0.23904212562934482,0.28171104367944044,1
454,2500,5,stress,ccmar,0.2558505160746848,cc,0.27171355375721923,0.017094510335155518,0.23820892916696668,0.3052181783474718,1
454,2500,5,stress,ccmar,0.2558505160746848,seq,0.28053239113065176,0.019513661908509082,0.24228631658348282,0.3187784656778207,1
455,2500,5,stress,ccmar,0.2558505160746848,full,0.2663464948458769,0.009439749511033067,0.2478449257811725,0.2848480639105813,1
455,2500,5,stress,ccmar,0.2558505160746848,cc,0.33432477756660156,0.04143947938201195,0.253104890439768,0.4155446646934351,1
455,2500,5,stress,ccmar,0.2558505160746848,seq,0.33853621509673637,0.038013754402503624,0.26403062555067836,0.4130418046427944,0
456,2500,5,stress,ccmar,0.2558505160746848,full,0.2552828303034299,0.009244476175896348,0.2371639899427345,0.2734016706641253,1
456,2500,5,stress,ccmar,0.2558505160746848,cc,0.4381163256381359,0.195708664948898,0.05453439087587936,0.8216982604003924,1
456,2500,5,stress,ccmar,0.2558505160746848,seq,0.4622320885158968,0.2161662016095154,0.038554118686422334,0.8859100583453713,1
457,2500,5,stress,ccmar,0.2558505160746848,full,0.24886018726631423,0.009783393767991989,0.22968508783447633,0.26803528669815213,1
457,2500,5,stress,ccmar,0.2558505160746848,cc,0.26336547519161857,0.02681900133037086,0.21080119848275988,0.31592975190047723,1
457,2500,5,stress,ccmar,0.2558505160746848,seq,0.26191603851340195,0.03181644930017989,0.19955694376910477,0.32427513325769913,1
458,2500,5,stress,ccmar,0.2558505160746848,full,0.2612611438651296,0.009016356369789114,0.24358941010856464,0.27893287762169455,1
458,2500,5,stress,ccmar,0.2558505160746848,cc,0.3016202746084834,0.03306057018345805,0.23682274774054685,0.36641780147641995,1
458,2500,5,stress,ccmar,0.2558505160746848,seq,0.3054185825120157,0.0331452970845424,0.24045499396943215,0.37038217105459925,1
459,2500,5,stress,ccmar,0.2558505160746848,full,0.2404423685320804,0.009130574349423473,0.22254677164904516,0.25833796541511567,1
459,2500,5,stress,ccmar,0.2558505160746848,cc,0.2764638549507165,0.01914102619767387,0.2389481329761381,0.31397957692529493,1
459,2500,5,stress,ccmar,0.2558505160746848,seq,0.2818626519210723,0.01916170802548446,0.24430639430885065,0.31941890953329394,1
460,2500,5,stress,ccmar,0.2558505160746848,full,0.24785025699551558,0.009013942292557439,0.23018325474338058,0.26551725924765057,1
460,2500,5,stress,ccmar,0.2558505160746848,cc,0.2160035871026239,0.031125042260147527,0.15499962525544758,0.27700754894980023,1
460,2500,5,stress,ccmar,0.2558505160746848,seq,0.205963742033993,0.038202230739565066,0.13108874565535653,0.2808387384126295,1
461,2500,5,stress,ccmar,0.2558505160746848,full,0.2436204663502449,0.009731922119247033,0.224546249496172,0.26269468320431777,1
461,2500,5,stress,ccmar,0.2558505160746848,cc,0.2587562827159344,0.03570957665009105,0.1887667985785835,0.3287457668532854,1
461,2500,5,stress,ccmar,0.2558505160746848,seq,0.243677198297194,0.03402464603600462,0.17699011747990143,0.3103642791144866,1
462,2500,5,stress,ccmar,0.2558505160746848,full,0.2550970687575603,0.008933509551252005,0.23758771178156177,0.2726064257335588,1
462,2500,5,stress,ccmar,0.2558505160746848,cc,0.22906786885582323,0.017780114485672925,0.19421948482290538,0.26391625288874104,1
462,2500,5,stress,ccmar,0.2558505160746848,seq,0.2296755550554052,0.01762888951627885,0.19512356651606294,0.2642275435947475,1
463,2500,5,stress,ccmar,0.2558505160746848,full,0.24035928253283245,0.011085321009585501,0.21863245259697967,0.26208611246868524,1
463,2500,5,stress,ccmar,0.2558505160746848,cc,0.29480547003691493,0.020588610180149347,0.25445253559208747,0.3351584044817424,1
463,2500,5,stress,ccmar,0.2558505160746848,seq,0.2919329740542471,0.020863678013508545,0.2510409165627302,0.33282503154576404,1
464,2500,5,stress,ccmar,0.2558505160746848,full,0.2632642869263116,0.01030839146427853,0.24306021091778557,0.2834683629348376,1
464,2500,5,stress,ccmar,0.2558505160746848,cc,0.21511121016495255,0.029218579364092084,0.15784384693190684,0.27237857339799826,1
464,2500,5,stress,ccmar,0.2558505160746848,seq,0.21351037488472094,0.029996042509525,0.15471921188731946,0.2723015378821224,1
465,2500,5,stress,ccmar,0.2558505160746848,full,0.28987417296946716,0.009223153109152225,0.2717971250516302,0.30795122088730414,0
465,2500,5,stress,ccmar,0.2558505160746848,cc,0.24498126061183625,0.019624025403575496,0.20651887758912918,0.28344364363454333,1
465,2500,5,stress,ccmar,0.2558505160746848,seq,0.24125620769383432,0.02015980719103557,0.20174371166413302,0.28076870372353563,1
466,2500,5,stress,ccmar,0.2558505160746848,full,0.24588069521235484,0.008346075756431598,0.22952268731750602,0.26223870310720365,1
466,2500,5,stress,ccmar,0.2558505160746848,cc,0.21447631930671868,0.020956030694792797,0.1734032538860089,0.25554938472742844,0
466,2500,5,stress,ccmar,0.2558505160746848,seq,0.21170703310788958,0.02046951635119663,0.17158751827859042,0.2518265479371887,0
467,2500,5,stress,ccmar,0.2558505160746848,full,0.23882365145271298,0.008947861554239139,0.22128616506775367,0.2563611378376723,1
467,2500,5,stress,ccmar,0.2558505160746848,cc,0.22757109837428116,0.02227650604649822,0.1839099488217559,0.27123224792680645,1
467,2500,5,stress,ccmar,0.2558505160746848,seq,0.23477925008650283,0.021985995969425923,0.19168748982218523,0.2778710103508204,1
468,2500,5,stress,ccmar,0.2558505160746848,full,0.2675208032272197,0.009153782761434833,0.24957971869250384,0.2854618877619356,1
468,2500,5,stress,ccmar,0.2558505160746848,cc,0.32243341241619894,0.01791880037713234,0.28731320903085683,0.35755361580154105,0
468,2500,5,stress,ccmar,0.2558505160746848,seq,0.3192731300372524,0.0181385997392183,0.2837221278183969,0.35482413225610787,0
469,2500,5,stress,ccmar,0.2558505160746848,full,0.2633555962649637,0.008791711626869196,0.24612415811383803,0.28058703441608934,1
469,2500,5,stress,ccmar,0.2558505160746848,cc,0.23811346018700924,0.02844983368709519,0.18235281079414828,0.2938741095798702,1
469,2500,5,stress,ccmar,0.2558505160746848,seq,0.2436916284715945,0.019782146844144043,0.2049193331201895,0.2824639238229995,1
470,2500,5,stress,ccmar,0.2558505160746848,full,0.25279020877448805,0.009290402069061258,0.23458135531723157,0.2709990622317445,1
470,2500,5,stress,ccmar,0.2558505160746848,cc,0.303258939368468,0.020877653164961655,0.26233949108342447,0.3441783876535115,0
470,2500,5,stress,ccmar,0.2558505160746848,seq,0.3027681595741988,0.019699429922341926,0.2641579864104379,0.34137833273795964,0
471,2500,5,stress,ccmar,0.2558505160746848,full,0.2774962097514654,0.009726012920430717,0.25843357471424994,0.29655884478868083,0
471,2500,5,stress,ccmar,0.2558505160746848,cc,0.2687585510147935,0.01880202204743163,0.23190726496529945,0.30560983706428757,1
471,2500,5,stress,ccmar,0.2558505160746848,seq,0.2652896973644487,0.023619120013146165,0.218997072792153,0.3115823219367444,1
472,2500,5,stress,ccmar,0.2558505160746848,full,0.2591752740908257,0.00908206467344886,0.2413747544256024,0.27697579375604897,1
472,2500,5,stress,ccmar,0.2558505160746848,cc,0.30741284501557853,0.018048992808341977,0.2720374691540058,0.3427882208771513,0
472,2500,5,stress,ccmar,0.2558505160746848,seq,0.3114500568467366,0.018309851196387478,0.27556340793952955,0.34733670575394365,0
473,2500,5,stress,ccmar,0.2558505160746848,full,0.27025250471870094,0.008634095767998598,0.25332998797435397,0.2871750214630479,1
473,2500,5,stress,ccmar,0.2558505160746848,cc,0.2143990909246837,0.026985655220059145,0.16150817859415248,0.26729000325521496,1
473,2500,5,stress,ccmar,0.2558505160746848,seq,0.20503001866197987,0.030116410532868825,0.14600293867393424,0.2640570986500255,1
474,2500,5,stress,ccmar,0.2558505160746848,full,0.27778661011356426,0.008712304893108576,0.26071080630073934,0.2948624139263892,0
474,2500,5,stress,ccmar,0.2558505160746848,cc,0.2577033039373171,0.03447648502657458,0.1901306349716965,0.32527597290293775,1
474,2500,5,stress,ccmar,0.2558505160746848,seq,0.25104270560069464,0.03533145559359697,0.18179432511586835,0.3202910860855209,1
475,2500,5,stress,ccmar,0.2558505160746848,full,0.2732553315442021,0.009414818876170376,0.2548026256259403,0.29170803746246393,1
475,2500,5,stress,ccmar,0.2558505160746848,cc,0.24118219824188436,0.018341174599512275,0.20523415659267946,0.27713023989108926,1
475,2500,5,stress,ccmar,0.2558505160746848,seq,0.23903110831137006,0.018544404839889582,0.20268474271045622,0.2753774739122839,1
476,2500,5,stress,ccmar,0.2558505160746848,full,0.2738213978920712,0.009149762240828713,0.25588819343294245,0.2917546023512,0
476,2500,5,stress,ccmar,0.2558505160746848,cc,0.2688481229159483,0.01844617210084557,0.23269428994566344,0.30500195588623313,1
476,2500,5,stress,ccmar,0.2558505160746848,seq,0.26954115709922105,0.018228991021293873,0.23381299122298105,0.30526932297546105,1
477,2500,5,stress,ccmar,0.2558505160746848,full,0.25967263491388765,0.008667951515668544,0.24268376212343792,0.2766615077043374,1
477,2500,5,stress,ccmar,0.2558505160746848,cc,0.2061987327069327,0.029668074590857497,0.14805037501820412,0.2643470903956613,1
477,2500,5,stress,ccmar,0.2558505160746848,seq,0.20070610869139927,0.03403622059854279,0.13399634214839506,0.26741587523440347,1
478,2500,5,stress,ccmar,0.2558505160746848,full,0.2525120489093579,0.009751104615401063,0.23340023505368954,0.2716238627650263,1
478,2500,5,stress,ccmar,0.2558505160746848,cc,0.24876575425715614,0.016257743942557537,0.21690116165986914,0.2806303468544431,1
478,2500,5,stress,ccmar,0.2558505160746848,seq,0.25175331441413007,0.01684760614043449,0.21873261315316261,0.2847740156750975,1
479,2500,5,stress,ccmar,0.2558505160746848,full,0.2627228112034062,0.008707213091653457,0.24565698713804976,0.27978863526876263,1
479,2500,5,stress,ccmar,0.2558505160746848,cc,0.26761689329790656,0.017225189369826845,0.23385614250616377,0.30137764408964934,1
479,2500,5,stress,ccmar,0.2558505160746848,seq,0.2709599497305346,0.017398849297566788,0.2368588317348637,0.30506106772620556,1
480,2500,5,stress,ccmar,0.2558505160746848,full,0.27144530632001757,0.008890342708701952,0.2540205548007435,0.28887005783929165,1
480,2500,5,stress,ccmar,0.2558505160746848,cc,0.23430416699210702,0.019108917956887593,0.19685137601307662,0.2717569579711374,1
480,2500,5,stress,ccmar,0.2558505160746848,seq,0.2503267283437292,0.01759006266087095,0.21585083904261937,0.28480261764483905,1
481,2500,5,stress,ccmar,0.2558505160746848,full,0.2804017017523474,0.009371422596031746,0.2620340509802203,0.2987693525244745,0
481,2500,5,stress,ccmar,0.2558505160746848,cc,0.307734649827782,0.02589940103920071,0.25697275656978935,0.3584965430857746,0
481,2500,5,stress,ccmar,0.2558505160746848,seq,0.30428882474938423,0.026750474185291667,0.2518588587768441,0.35671879072192436,1
482,2500,5,stress,ccmar,0.2558505160746848,full,0.26840437808016354,0.008589364272088843,0.2515695334567743,0.2852392227035528,1
482,2500,5,stress,ccmar,0.2558505160746848,cc,0.27508536841831194,0.017771634379722047,0.2402536050876429,0.30991713174898095,1
482,2500,5,stress,ccmar,0.2558505160746848,seq,0.2727068645754658,0.01748746505611348,0.23843206288458063,0.3069816662663509,1
483,2500,5,stress,ccmar,0.2558505160746848,full,0.25976045564592204,0.008386722419124608,0.24332278175610317,0.2761981295357409,1
483,2500,5,stress,ccmar,0.2558505160746848,cc,0.2528839245192456,0.014922549758446986,0.22363626443518259,0.28213158460330856,1
483,2500,5,stress,ccmar,0.2558505160746848,seq,0.2546126394862047,0.014041291215137742,0.2270922144080961,0.28213306456431336,1
484,2500,5,stress,ccmar,0.2558505160746848,full,0.25927043351854334,0.009876143202701094,0.23991354853508914,0.27862731850199757,1
484,2500,5,stress,ccmar,0.2558505160746848,cc,0.2602338323187959,0.013840216157481641,0.23310750711188252,0.2873601575257092,1
484,2500,5,stress,ccmar,0.2558505160746848,seq,0.2677308053101969,0.013717605029685847,0.24084479349786714,0.29461681712252663,1
485,2500,5,stress,ccmar,0.2558505160746848,full,0.2720422072973525,0.008700540487867912,0.25498946129509886,0.28909495329960616,1
485,2500,5,stress,ccmar,0.2558505160746848,cc,0.2621317001058042,0.018082710332081316,0.22669023911205452,0.2975731610995539,1
485,2500,5,stress,ccmar,0.2558505160746848,seq,0.2656898249132456,0.018256398804662448,0.22990794076870713,0.3014717090577841,1
486,2500,5,stress,ccmar,0.2558505160746848,full,0.23411838570504892,0.009688469405095988,0.21512933460574257,0.25310743680435527,0
486,2500,5,stress,ccmar,0.2558505160746848,cc,0.20435339379239523,0.03521121818647491,0.13534067429512264,0.2733661132896678,1
486,2500,5,stress,ccmar,0.2558505160746848,seq,0.2108738197133868,0.03379532327625403,0.14463620324604073,0.27711143618073286,1
487,2500,5,stress,ccmar,0.2558505160746848,full,0.2509898456207352,0.009128047517476052,0.23309920123731187,0.2688804900041585,1
487,2500,5,stress,ccmar,0.2558505160746848,cc,0.22881169392556117,0.036019196730915574,0.1582153655809038,0.29940802227021857,1
487,2500,5,stress,ccmar,0.2558505160746848,seq,0.25025866754442605,0.042411765234120775,0.16713313516478134,0.33338419992407076,1
488,2500,5,stress,ccmar,0.2558505160746848,full,0.26893049950612896,0.010171735592140437,0.2489942640852695,0.28886673492698844,1
488,2500,5,stress,ccmar,0.2558505160746848,cc,0.3262283873476749,0.015529244693689407,0.2957916270409339,0.35666514765441587,0
488,2500,5,stress,ccmar,0.2558505160746848,seq,0.329815838574849,0.014968801530256209,0.3004775266838188,0.3591541504658792,0
489,2500,5,stress,ccmar,0.2558505160746848,full,0.25379424073342005,0.00928141986966907,0.23560299206347424,0.27198548940336587,1
489,2500,5,stress,ccmar,0.2558505160746848,cc,0.18866152297944494,0.0360277432123948,0.11804844383889375,0.25927460211999614,1
489,2500,5,stress,ccmar,0.2558505160746848,seq,0.1990589900641875,0.03329560760175916,0.1338007983213615,0.2643171818070135,1
490,2500,5,stress,ccmar,0.2558505160746848,full,0.23842410361722646,0.008916467952146042,0.2209481475617146,0.2559000596727383,1
490,2500,5,stress,ccmar,0.2558505160746848,cc,0.2735612863038026,0.024796764069908394,0.2249605217936453,0.32216205081395993,1
490,2500,5,stress,ccmar,0.2558505160746848,seq,0.2778710890256788,0.02440980289822479,0.2300287544754368,0.3257134235759208,1
491,2500,5,stress,ccmar,0.2558505160746848,full,0.2660556466748073,0.009426504875930877,0.24758003661789157,0.284531256731723,1
491,2500,5,stress,ccmar,0.2558505160746848,cc,0.22617175134210865,0.046127843934331336,0.13576283854633484,0.31658066413788244,1
491,2500,5,stress,ccmar,0.2558505160746848,seq,0.21782107438342727,0.047382086215592326,0.12495389188849457,0.31068825687836,1
492,2500,5,stress,ccmar,0.2558505160746848,full,0.2423425659351118,0.00889102660148201,0.2249164740106195,0.2597686578596041,1
492,2500,5,stress,ccmar,0.2558505160746848,cc,0.1781673632733307,0.03365310246884887,0.11220849446635094,0.24412623208031042,0
492,2500,5,stress,ccmar,0.2558505160746848,seq,0.18298730024184626,0.033657404223828555,0.117020000150036,0.24895460033365652,0
493,2500,5,stress,ccmar,0.2558505160746848,full,0.25895112313799534,0.0092095800419659,0.2409006779430033,0.2770015683329874,1
493,2500,5,stress,ccmar,0.2558505160746848,cc,0.26057185133781313,0.02030197647993056,0.22078070862216997,0.3003629940534563,1
493,2500,5,stress,ccmar,0.2558505160746848,seq,0.2613464223731005,0.02056532883843137,0.2210391185195521,0.30165372622664893,1
494,2500,5,stress,ccmar,0.2558505160746848,full,0.2659573375376741,0.00983248044885061,0.24668602997923267,0.2852286450961155,1
494,2500,5,stress,ccmar,0.2558505160746848,cc,0.26016578403544716,0.02224872167395608,0.21655909085243752,0.3037724772184568,1
494,2500,5,stress,ccmar,0.2558505160746848,seq,0.25831139763252514,0.024355409241353418,0.21057567269073846,0.3060471225743118,1
495,2500,5,stress,ccmar,0.2558505160746848,full,0.2485940078818021,0.012749345813578939,0.22360574926074087,0.2735822665028633,1
495,2500,5,stress,ccmar,0.2558505160746848,cc,0.3386573577747506,0.08335575818201885,0.17528307383396372,0.5020316417155375,1
495,2500,5,stress,ccmar,0.2558505160746848,seq,0.366136221810628,0.11237619629952614,0.14588292434395347,0.5863895192773025,1
496,2500,5,stress,ccmar,0.2558505160746848,full,0.2738528691077437,0.009092464975274656,0.2560319652255135,0.2916737729899739,0
496,2500,5,stress,ccmar,0.2558505160746848,cc,0.2800372750362399,0.0222660244777796,0.2363966689809046,0.32367788109157514,1
496,2500,5,stress,ccmar,0.2558505160746848,seq,0.28370040016674086,0.023608487799826085,0.23742861434962848,0.32997218598385325,1
497,2500,5,stress,ccmar,0.2558505160746848,full,0.2717876014063343,0.009728461278325417,0.25272016767582395,0.29085503513684463,1
497,2500,5,stress,ccmar,0.2558505160746848,cc,0.2338549498711503,0.017573108247866627,0.19941229060890794,0.2682976091333927,1
497,2500,5,stress,ccmar,0.2558505160746848,seq,0.23162191135171756,0.016758456552367195,0.19877594007259858,0.26446788263083654,1
498,2500,5,stress,ccmar,0.2558505160746848,full,0.25257316325565,0.008759224786040135,0.23540539814252076,0.2697409283687792,1
498,2500,5,stress,ccmar,0.2558505160746848,cc,0.2806715256092733,0.020164207277518838,0.2411504055685359,0.32019264565001065,1
498,2500,5,stress,ccmar,0.2558505160746848,seq,0.2766342365540936,0.02186601106790538,0.23377764237544482,0.3194908307327423,1
499,2500,5,stress,ccmar,0.2558505160746848,full,0.24426421016829153,0.009401034543696554,0.22583852104522933,0.2626898992913537,1
499,2500,5,stress,ccmar,0.2558505160746848,cc,0.11709988908970051,0.056983230376122816,0.005414809829750997,0.22878496834965,0
499,2500,5,stress,ccmar,0.2558505160746848,seq,0.11456541188153795,0.05730718452865295,0.0022453941499871732,0.22688542961308872,0
500,2500,5,stress,ccmar,0.2558505160746848,full,0.23716460144091284,0.008745638441164378,0.22002346507442164,0.25430573780740406,0
500,2500,5,stress,ccmar,0.2558505160746848,cc,0.29700487317299007,0.045100402736598266,0.20860970812100577,0.3854000382249744,1
500,2500,5,stress,ccmar,0.2558505160746848,seq,0.2922652328162734,0.04716944266600554,0.19981482402007555,0.3847156416124713,1
501,2500,5,stress,ccmar,0.2558505160746848,full,0.2638862398672647,0.008522235160989228,0.24718296588394492,0.2805895138505845,1
501,2500,5,stress,ccmar,0.2558505160746848,cc,0.2845708014336189,0.02104474335481838,0.24332386239428624,0.32581774047295153,1
501,2500,5,stress,ccmar,0.2558505160746848,seq,0.2817497476957307,0.021381419601641017,0.23984293533817555,0.3236565600532858,1
502,2500,5,stress,ccmar,0.2558505160746848,full,0.2502496239285248,0.008659492187110785,0.23327733111738166,0.2672219167396679,1
502,2500,5,stress,ccmar,0.2558505160746848,cc,0.2013423229485384,0.017401882690079046,0.16723525961279248,0.23544938628428433,0
502,2500,5,stress,ccmar,0.2558505160746848,seq,0.20943959089529418,0.01761338985790233,0.17491798112814255,0.2439612006624458,0
503,2500,5,stress,ccmar,0.2558505160746848,full,0.2663519756337688,0.008669034302139798,0.24936098062083245,0.2833429706467051,1
503,2500,5,stress,ccmar,0.2558505160746848,cc,0.27309434426621276,0.03143454905456107,0.21148376024901547,0.3347049282834101,1
503,2500,5,stress,ccmar,0.2558505160746848,seq,0.2712041113724581,0.031768578463176614,0.2089388417445971,0.3334693810003191,1
504,2500,5,stress,ccmar,0.2558505160746848,full,0.2595177512502311,0.010219452306819386,0.2394879927871403,0.2795475097133219,1
504,2500,5,stress,ccmar,0.2558505160746848,cc,0.3231801519798653,0.03866711030889413,0.2473940083881954,0.3989662955715353,1
504,2500,5,stress,ccmar,0.2558505160746848,seq,0.3195050862441569,0.037045662510309774,0.24689692194052407,0.3921132505477898,1
505,2500,5,stress,ccmar,0.2558505160746848,full,0.2446046334999156,0.009799611849907248,0.22539774721162545,0.2638115197882057,1
505,2500,5,stress,ccmar,0.2558505160746848,cc,0.1512572451316057,0.05790441870841324,0.03776666991738846,0.26474782034582295,1
505,2500,5,stress,ccmar,0.2558505160746848,seq,0.1442120750082073,0.0633938145479727,0.01996248165156947,0.2684616683648451,1
506,2500,5,stress,ccmar,0.2558505160746848,full,0.25107925932375175,0.014684723717328221,0.2222977297148673,0.2798607889326362,1
506,2500,5,stress,ccmar,0.2558505160746848,cc,0.22746786549634235,0.023950997767420715,0.1805247724783985,0.2744109585142862,1
506,2500,5,stress,ccmar,0.2558505160746848,seq,0.21954727328776225,0.026190409597875757,0.1682150137355736,0.2708795328399509,1
507,2500,5,stress,ccmar,0.2558505160746848,full,0.2566153856772937,0.00911831187738707,0.23874382279781123,0.27448694855677613,1
507,2500,5,stress,ccmar,0.2558505160746848,cc,0.22369959298115577,0.020955987523158363,0.18262661217529463,0.2647725737870169,1
507,2500,5,stress,ccmar,0.2558505160746848,seq,0.23278588342598733,0.018803057189285658,0.1959325685357405,0.2696391983162342,1
508,2500,5,stress,ccmar,0.2558505160746848,full,0.2482275192874448,0.00946109346081868,0.22968411684987278,0.2667709217250168,1
508,2500,5,stress,ccmar,0.2558505160746848,cc,0.1965055603778063,0.017055188807873493,0.16307800456484364,0.22993311619076898,0
508,2500,5,stress,ccmar,0.2558505160746848,seq,0.19529067082582416,0.016758378780470602,0.1624448519768215,0.2281364896748268,0
509,2500,5,stress,ccmar,0.2558505160746848,full,0.25903614101591516,0.008661403628196767,0.24206010184908494,0.27601218018274537,1
509,2500,5,stress,ccmar,0.2558505160746848,cc,0.2244664696581138,0.029569847668836476,0.16651063319885862,0.28242230611736896,1
509,2500,5,stress,ccmar,0.2558505160746848,seq,0.21738389020207086,0.03323243681924871,0.15224951091784056,0.28251826948630115,1
510,2500,5,stress,ccmar,0.2558505160746848,full,0.28665666869257317,0.009388335164892337,0.26825586989459327,0.30505746749055307,0
510,2500,5,stress,ccmar,0.2558505160746848,cc,0.2948031294889825,0.0165344040644368,0.2623962930168537,0.32720996596111135,0
510,2500,5,stress,ccmar,0.2558505160746848,seq,0.29285854136702455,0.016212209761511248,0.2610831941246538,0.3246338886093953,0
511,2500,5,stress,ccmar,0.2558505160746848,full,0.2529731944717911,0.00934872649598516,0.23465002723834485,0.27129636170523735,1
511,2500,5,stress,ccmar,0.2558505160746848,cc,0.20464685692147094,0.03828575435476268,0.12960815726518854,0.27968555657775335,1
511,2500,5,stress,ccmar,0.2558505160746848,seq,0.18608513574427762,0.05418026833193576,0.07989376114096751,0.2922765103475877,1
512,2500,5,stress,ccmar,0.2558505160746848,full,0.26391681623499863,0.009415086792698759,0.24546358520999034,0.2823700472600069,1
512,2500,5,stress,ccmar,0.2558505160746848,cc,0.23773909835261156,0.08135654874514596,0.07828319290564814,0.39719500379957495,1
512,2500,5,stress,ccmar,0.2558505160746848,seq,0.24748738414148694,0.07175035753978466,0.1068592674856371,0.3881155007973368,1
513,2500,5,stress,ccmar,0.2558505160746848,full,0.26290853884671367,0.009747176137828668,0.24380442466560126,0.2820126530278261,1
513,2500,5,stress,ccmar,0.2558505160746848,cc,0.21276234557256749,0.05067247805085314,0.11344611358549893,0.31207857755963603,1
513,2500,5,stress,ccmar,0.2558505160746848,seq,0.22537648486635953,0.04615944384965318,0.1349056373746404,0.31584733235807866,1
514,2500,5,stress,ccmar,0.2558505160746848,full,0.24829373069936408,0.0080469250930422,0.23252204733070975,0.2640654140680184,1
514,2500,5,stress,ccmar,0.2558505160746848,cc,0.2584752050494978,0.015393126230850884,0.22830523202755126,0.2886451780714443,1
514,2500,5,stress,ccmar,0.2558505160746848,seq,0.25961636405823235,0.01548420420601876,0.22926788148517196,0.28996484663129274,1
515,2500,5,stress,ccmar,0.2558505160746848,full,0.2503448039976222,0.00869255464178081,0.23330770996608535,0.26738189802915907,1
515,2500,5,stress,ccmar,0.2558505160746848,cc,0.25207231853868917,0.013736667847263039,0.22514894429046425,0.27899569278691405,1
515,2500,5,stress,ccmar,0.2558505160746848,seq,0.25493366282691915,0.013486257283165548,0.22850108426567367,0.28136624138816463,1
516,2500,5,stress,ccmar,0.2558505160746848,full,0.2638942787652682,0.009691793459918626,0.24489871263822688,0.28288984489230956,1
516,2500,5,stress,ccmar,0.2558505160746848,cc,0.27518624312284296,0.023273168614248375,0.22957167083278818,0.32080081541289773,1
516,2500,5,stress,ccmar,0.2558505160746848,seq,0.2659901818526046,0.024981660932635447,0.2170270261506478,0.31495333755456134,1
517,2500,5,stress,ccmar,0.2558505160746848,full,0.2674894247290815,0.009570943389695169,0.24873072038720725,0.2862481290709557,1
517,2500,5,stress,ccmar,0.2558505160746848,cc,0.20441389275420915,0.025479662750563823,0.15447467142487728,0.254353114083541,0
517,2500,5,stress,ccmar,0.2558505160746848,seq,0.18730603986328848,0.027927234150756233,0.1325696667399892,0.24204241298658774,0
518,2500,5,stress,ccmar,0.2558505160746848,full,0.25685317857295276,0.009227421402160756,0.2387677649545436,0.2749385921913619,1
518,2500,5,stress,ccmar,0.2558505160746848,cc,0.23342507301142232,0.03392330535937329,0.16693661627049608,0.29991352975234853,1
518,2500,5,stress,ccmar,0.2558505160746848,seq,0.2331120905908243,0.03729862936038974,0.16000812037175216,0.30621606080989644,1
519,2500,5,stress,ccmar,0.2558505160746848,full,0.25567038973900774,0.009555473681102268,0.23694200546882693,0.27439877400918855,1
519,2500,5,stress,ccmar,0.2558505160746848,cc,0.2242811134909636,0.04803839223904796,0.13012759482722114,0.3184346321547061,1
519,2500,5,stress,ccmar,0.2558505160746848,seq,0.2239120384853538,0.04335544935856425,0.13893691920901768,0.3088871577616899,1
520,2500,5,stress,ccmar,0.2558505160746848,full,0.25223279985962505,0.009143620986686161,0.23431163203743557,0.27015396768181454,1
520,2500,5,stress,ccmar,0.2558505160746848,cc,0.27324356782292214,0.022418966860994215,0.2293032002047765,0.3171839354410678,1
520,2500,5,stress,ccmar,0.2558505160746848,seq,0.2736714008449204,0.026265017638206056,0.2221929122207273,0.32514988946911355,1
521,2500,5,stress,ccmar,0.2558505160746848,full,0.2497165758211184,0.009321458563842382,0.23144685275260488,0.26798629888963194,1
521,2500,5,stress,ccmar,0.2558505160746848,cc,0.2777711670825901,0.018190264635900205,0.24211890352697307,0.3134234306382071,1
521,2500,5,stress,ccmar,0.2558505160746848,seq,0.27443513198179226,0.017712579188049173,0.23971911469990217,0.30915114926368237,1
522,2500,5,stress,ccmar,0.2558505160746848,full,0.24604735830712884,0.009673411564667249,0.2270878200327478,0.2650068965815099,1
522,2500,5,stress,ccmar,0.2558505160746848,cc,0.21099967030587458,0.08012659890753854,0.0539544222434126,0.3680449183683365,1
522,2500,5,stress,ccmar,0.2558505160746848,seq,0.20052819002629962,0.07967774260257425,0.044362684155801385,0.3566936958967979,1
523,2500,5,stress,ccmar,0.2558505160746848,full,0.25307820944049253,0.009894949812683917,0.2336844641788007,0.2724719547021844,1
523,2500,5,stress,ccmar,0.2558505160746848,cc,0.25176950624791655,0.020992491708911466,0.21062497855269438,0.2929140339431387,1
523,2500,5,stress,ccmar,0.2558505160746848,seq,0.248158752489234,0.019462499904988315,0.21001295362634267,0.2863045513521253,1
524,2500,5,stress,ccmar,0.2558505160746848,full,0.23365833251414178,0.010480235772513202,0.2131174478505276,0.25419921717775595,0
524,2500,5,stress,ccmar,0.2558505160746848,cc,0.24987598530023675,0.014457105635379901,0.2215405789342011,0.2782113916662724,1
524,2500,5,stress,ccmar,0.2558505160746848,seq,0.24361346191951097,0.014674307324218873,0.21485234806596964,0.2723745757730523,1
525,2500,5,stress,ccmar,0.2558505160746848,full,0.25697353361787967,0.010094565318961581,0.2371885491531279,0.27675851808263147,1
525,2500,5,stress,ccmar,0.2558505160746848,cc,0.2995537798194198,0.03593275532271748,0.2291268735216036,0.36998068611723595,1
525,2500,5,stress,ccmar,0.2558505160746848,seq,0.2846849950336559,0.03841496566701414,0.2093930458589655,0.3599769442083463,1
526,2500,5,stress,ccmar,0.2558505160746848,full,0.23054497924100256,0.008497765156554947,0.2138896655850755,0.24720029289692963,0
526,2500,5,stress,ccmar,0.2558505160746848,cc,0.2410914930048903,0.016777654278633126,0.20820789487370503,0.27397509113607554,1
526,2500,5,stress,ccmar,0.2558505160746848,seq,0.23589925434518055,0.017187672179869135,0.202212035894556,0.2695864727958051,1
527,2500,5,stress,ccmar,0.2558505160746848,full,0.2578426724089628,0.009456778647039261,0.23930772685099844,0.27637761796692717,1
527,2500,5,stress,ccmar,0.2558505160746848,cc,0.2705220228594263,0.020470568570651118,0.23040044571789253,0.31064360000096003,1
527,2500,5,stress,ccmar,0.2558505160746848,seq,0.26408634023154964,0.020474766869069114,0.22395653457632025,0.30421614588677903,1
528,2500,5,stress,ccmar,0.2558505160746848,full,0.2531469607667847,0.009787207916908314,0.23396438574043915,0.2723295357931303,1
528,2500,5,stress,ccmar,0.2558505160746848,cc,0.2523541002005012,0.020327808671037565,0.21251232732064657,0.29219587308035583,1
528,2500,5,stress,ccmar,0.2558505160746848,seq,0.2482993267624489,0.021361371980852834,0.2064318070196143,0.29016684650528346,1
529,2500,5,stress,ccmar,0.2558505160746848,full,0.25953705101378527,0.008431415325415857,0.24301178063727114,0.2760623213902994,1
529,2500,5,stress,ccmar,0.2558505160746848,cc,0.22735700356354419,0.016320105687991103,0.19537018419119434,0.25934382293589403,1
529,2500,5,stress,ccmar,0.2558505160746848,seq,0.2276688466096688,0.015677085566994094,0.19694232351580768,0.25839536970352994,1
530,2500,5,stress,ccmar,0.2558505160746848,full,0.2485129732694635,0.009348882345559464,0.23018950057646462,0.2668364459624624,1
530,2500,5,stress,ccmar,0.2558505160746848,cc,0.20852562184296752,0.03687973940025902,0.13624266085923703,0.280808582826698,1
530,2500,5,stress,ccmar,0.2558505160746848,seq,0.20920630276531996,0.03979683601239921,0.1312059374823709,0.287206668048269,1
531,2500,5,stress,ccmar,0.2558505160746848,full,0.2609360621004266,0.008958341513569031,0.24337803537262123,0.2784940888282319,1
531,2500,5,stress,ccmar,0.2558505160746848,cc,0.2556912269653609,0.018711472920872965,0.2190174139427534,0.29236503998796837,1
531,2500,5,stress,ccmar,0.2558505160746848,seq,0.2599546828059937,0.018061088096349372,0.22455560061554386,0.29535376499644356,1
532,2500,5,stress,ccmar,0.2558505160746848,full,0.2492739586019175,0.00966742023518058,0.23032616311754983,0.2682217540862852,1
532,2500,5,stress,ccmar,0.2558505160746848,cc,0.2169409698473804,0.018429667894580972,0.18081948452696756,0.25306245516779324,0
532,2500,5,stress,ccmar,0.2558505160746848,seq,0.22278020197791912,0.016464443624128154,0.19051048544913782,0.25504991850670045,0
533,2500,5,stress,ccmar,0.2558505160746848,full,0.2753656429294009,0.00840098014262553,0.2589000244150187,0.29183126144378313,0
533,2500,5,stress,ccmar,0.2558505160746848,cc,0.26229593991469047,0.014332671499930581,0.23420441997258284,0.2903874598567981,1
533,2500,5,stress,ccmar,0.2558505160746848,seq,0.257995232218869,0.014279777689921874,0.23000738223938355,0.28598308219835444,1
534,2500,5,stress,ccmar,0.2558505160746848,full,0.2517488045887825,0.009610136617619208,0.2329132829317393,0.27058432624582573,1
534,2500,5,stress,ccmar,0.2558505160746848,cc,0.15621505484314002,0.02087913443720495,0.11529270331784836,0.1971374063684317,0
534,2500,5,stress,ccmar,0.2558505160746848,seq,0.16203161587915527,0.019785648932597922,0.12325245656050998,0.20081077519780055,0
535,2500,5,stress,ccmar,0.2558505160746848,full,0.2699462093336879,0.009311333086619588,0.2516963318358573,0.2881960868315185,1
535,2500,5,stress,ccmar,0.2558505160746848,cc,0.26805180989757393,0.022050775092194944,0.22483308488567896,0.31127053490946893,1
535,2500,5,stress,ccmar,0.2558505160746848,seq,0.26245727566145977,0.02264715893656171,0.2180696597936444,0.30684489152927513,1
536,2500,5,stress,ccmar,0.2558505160746848,full,0.26408299355903603,0.008843393537720514,0.24675026072398956,0.28141572639408247,1
536,2500,5,stress,ccmar,0.2558505160746848,cc,0.26265401283897993,0.015861921445591735,0.23156521808001662,0.29374280759794325,1
536,2500,5,stress,ccmar,0.2558505160746848,seq,0.26252018333139876,0.015896714259668432,0.23136319590992432,0.2936771707528732,1
537,2500,5,stress,ccmar,0.2558505160746848,full,0.24452161824998797,0.008496476831637984,0.22786882966449853,0.26117440683547744,1
537,2500,5,stress,ccmar,0.2558505160746848,cc,0.28158617037345857,0.032770082857499716,0.2173579882023657,0.3458143525445514,1
537,2500,5,stress,ccmar,0.2558505160746848,seq,0.26358076848703405,0.025899369852055636,0.21281893635472254,0.31434260061934555,1
538,2500,5,stress,ccmar,0.2558505160746848,full,0.2666291956454572,0.008917877460843927,0.24915047700366158,0.2841079142872528,1
538,2500,5,stress,ccmar,0.2558505160746848,cc,0.2786988393730428,0.02391723801763225,0.23182191424881143,0.32557576449727416,1
538,2500,5,stress,ccmar,0.2558505160746848,seq,0.2788817734105038,0.02595178872835668,0.22801720216853216,0.32974634465247543,1
539,2500,5,stress,ccmar,0.2558505160746848,full,0.25065647445289824,0.010377090387687886,0.23031775102871319,0.27099519787708326,1
539,2500,5,stress,ccmar,0.2558505160746848,cc,0.2597008213572337,0.019709561606385234,0.22107079045764524,0.2983308522568222,1
539,2500,5,stress,ccmar,0.2558505160746848,seq,0.26414541077418696,0.019944575759364865,0.22505476059890123,0.3032360609494727,1
540,2500,5,stress,ccmar,0.2558505160746848,full,0.27221881337895926,0.008670938472797348,0.2552240862601137,0.2892135404978048,1
540,2500,5,stress,ccmar,0.2558505160746848,cc,0.2767914269150589,0.022075698537647123,0.23352385284770702,0.3200590009824108,1
540,2500,5,stress,ccmar,0.2558505160746848,seq,0.2652405021085634,0.024225435478756618,0.2177595210604016,0.3127214831567252,1
541,2500,5,stress,ccmar,0.2558505160746848,full,0.2649883204025754,0.009105202568235958,0.24714245129689133,0.2828341895082595,1
541,2500,5,stress,ccmar,0.2558505160746848,cc,0.27828279557761243,0.015385620789244693,0.24812753295090212,0.30843805820432274,1
541,2500,5,stress,ccmar,0.2558505160746848,seq,0.2737473492203293,0.016086724263455702,0.24221794903472949,0.3052767494059291,1
542,2500,5,stress,ccmar,0.2558505160746848,full,0.2363492208619039,0.009525207304393962,0.21768015760001388,0.2550182841237939,0
542,2500,5,stress,ccmar,0.2558505160746848,cc,0.28251810195733434,0.02403961610821724,0.23540132018305962,0.3296348837316091,1
542,2500,5,stress,ccmar,0.2558505160746848,seq,0.2681170767759327,0.024383044521456773,0.22032718768044077,0.31590696587142464,1
543,2500,5,stress,ccmar,0.2558505160746848,full,0.2624432108055392,0.0095573682462357,0.24371111325593045,0.28117530835514787,1
543,2500,5,stress,ccmar,0.2558505160746848,cc,0.21212750544064848,0.018963587290709075,0.1749595573331772,0.24929545354811977,0
543,2500,5,stress,ccmar,0.2558505160746848,seq,0.2096399407532858,0.020496753272652962,0.1694670425388825,0.24981283896768908,0
544,2500,5,stress,ccmar,0.2558505160746848,full,0.2614940957704735,0.008374994657512867,0.2450794078710329,0.27790878366991406,1
544,2500,5,stress,ccmar,0.2558505160746848,cc,0.25529782788510574,0.02851012799132843,0.19941900382747474,0.31117665194273675,1
544,2500,5,stress,ccmar,0.2558505160746848,seq,0.2539056010923687,0.03049021943128186,0.19414586912633292,0.3136653330584045,1
545,2500,5,stress,ccmar,0.2558505160746848,full,0.259096493583231,0.010363545137039203,0.23878431836247893,0.2794086688039831,1
545,2500,5,stress,ccmar,0.2558505160746848,cc,0.2476585073233956,0.015417731920007166,0.21744030803688796,0.2778767066099032,1
545,2500,5,stress,ccmar,0.2558505160746848,seq,0.24406458599499092,0.015414723842768272,0.21385228243153426,0.2742768895584476,1
546,2500,5,stress,ccmar,0.2558505160746848,full,0.25930418746445905,0.010632633503289008,0.23846460873719866,0.28014376619171943,1
546,2500,5,stress,ccmar,0.2558505160746848,cc,0.25102026493788737,0.02267262380767434,0.20658273883982028,0.2954577910359545,1
546,2500,5,stress,ccmar,0.2558505160746848,seq,0.2465850109254696,0.029195228355239102,0.18936341482877841,0.3038066070221608,1
547,2500,5,stress,ccmar,0.2558505160746848,full,0.2625981513620453,0.00919389338934632,0.2445784514412256,0.280617851282865,1
547,2500,5,stress,ccmar,0.2558505160746848,cc,0.23607075755034967,0.01599429981873795,0.2047225059476878,0.2674190091530116,1
547,2500,5,stress,ccmar,0.2558505160746848,seq,0.24372768592010852,0.01577672656625367,0.21280587005631504,0.27464950178390196,1
548,2500,5,stress,ccmar,0.2558505160746848,full,0.25115882410167173,0.008591529993434918,0.23431973474244364,0.2679979134608998,1
548,2500,5,stress,ccmar,0.2558505160746848,cc,0.2674421798915224,0.015534255847292814,0.23699559790419775,0.29788876187884705,1
548,2500,5,stress,ccmar,0.2558505160746848,seq,0.26094513757486987,0.01700825396513038,0.22760957236330376,0.294280702786436,1
549,2500,5,stress,ccmar,0.2558505160746848,full,0.25715559599130544,0.009185994126512017,0.23915137834114542,0.27515981364146547,1
549,2500,5,stress,ccmar,0.2558505160746848,cc,0.24929890001262198,0.016944035651692474,0.21608920038254206,0.2825085996427019,1
549,2500,5,stress,ccmar,0.2558505160746848,seq,0.24812732830644182,0.019630368147513396,0.2096525137340533,0.28660214287883035,1
550,2500,5,stress,ccmar,0.2558505160746848,full,0.2592522916120244,0.010275769446915344,0.23911215358263327,0.27939242964141553,1
550,2500,5,stress,ccmar,0.2558505160746848,cc,0.264532392111313,0.028904811614182176,0.2078800023676009,0.32118478185502514,1
550,2500,5,stress,ccmar,0.2558505160746848,seq,0.26735469334856526,0.03223775175801749,0.20416986096030817,0.3305395257368223,1
551,2500,5,stress,ccmar,0.2558505160746848,full,0.24253926451708954,0.009191478873378841,0.22452429696060622,0.26055423207357287,1
551,2500,5,stress,ccmar,0.2558505160746848,cc,0.2760557514203195,0.02762404553988486,0.22191361705485088,0.3301978857857881,1
551,2500,5,stress,ccmar,0.2558505160746848,seq,0.28135872995280287,0.029022014557647413,0.22447662666101678,0.3382408332445889,1
552,2500,5,stress,ccmar,0.2558505160746848,full,0.24083705838067435,0.008735064085520909,0.22371664737040406,0.2579574693909446,1
552,2500,5,stress,ccmar,0.2558505160746848,cc,0.2405837515251113,0.019318619672788123,0.20271995273541962,0.278447550314803,1
552,2500,5,stress,ccmar,0.2558505160746848,seq,0.2393342355883699,0.021868933040731026,0.19647191444821907,0.28219655672852073,1
553,2500,5,stress,ccmar,0.2558505160746848,full,0.24814596839316,0.009482041325361202,0.22956150889553162,0.2667304278907884,1
553,2500,5,stress,ccmar,0.2558505160746848,cc,0.28176127791879224,0.05767554842055964,0.16871928022589933,0.39480327561168516,1
553,2500,5,stress,ccmar,0.2558505160746848,seq,0.3009742309148704,0.06422106982485262,0.17510324700952723,0.4268452148202136,1
554,2500,5,stress,ccmar,0.2558505160746848,full,0.268721336456824,0.009366077275222578,0.2503641623209687,0.2870785105926793,1
554,2500,5,stress,ccmar,0.2558505160746848,cc,0.343895533635837,0.029184233511602438,0.28669548703668934,0.4010955802349847,0
554,2500,5,stress,ccmar,0.2558505160746848,seq,0.3477713691627517,0.029201752916881735,0.290536985160226,0.40500575316527737,0
555,2500,5,stress,ccmar,0.2558505160746848,full,0.23406184523113133,0.009394245489734195,0.21564946240932448,0.2524742280529382,0
555,2500,5,stress,ccmar,0.2558505160746848,cc,0.22956308046640353,0.026357138922782783,0.17790403744223043,0.2812221234905766,1
555,2500,5,stress,ccmar,0.2558505160746848,seq,0.21658444231371413,0.025509974280262884,0.16658581147785578,0.26658307314957247,1
556,2500,5,stress,ccmar,0.2558505160746848,full,0.2891584645880729,0.010493920781319268,0.26859075780007075,0.3097261713760751,0
556,2500,5,stress,ccmar,0.2558505160746848,cc,0.3322437013690741,0.04365521277106388,0.24668105660035589,0.41780634613779233,1
556,2500,5,stress,ccmar,0.2558505160746848,seq,0.3123552032523079,0.03559615166245587,0.24258802800566887,0.382122378498947,1
557,2500,5,stress,ccmar,0.2558505160746848,full,0.25135117151742487,0.009061352652158607,0.23359124666797748,0.26911109636687225,1
557,2500,5,stress,ccmar,0.2558505160746848,cc,0.262768333557085,0.020241135446733845,0.22309643707528962,0.30244023003888043,1
557,2500,5,stress,ccmar,0.2558505160746848,seq,0.27267132853373505,0.01911861316368597,0.23519953529855717,0.3101431217689129,1
558,2500,5,stress,ccmar,0.2558505160746848,full,0.2639142797998651,0.008873807150386473,0.2465219373793536,0.2813066222203766,1
558,2500,5,stress,ccmar,0.2558505160746848,cc,0.2820481941029805,0.021111180923760787,0.2406710398213003,0.32342534838466064,1
558,2500,5,stress,ccmar,0.2558505160746848,seq,0.286442993972494,0.021499039175967752,0.24430565148538153,0.3285803364596065,1
559,2500,5,stress,ccmar,0.2558505160746848,full,0.25908451749852707,0.008614241021202947,0.24220091534282176,0.2759681196542324,1
559,2500,5,stress,ccmar,0.2558505160746848,cc,0.24951298154959659,0.016686730396054714,0.21680759095359955,0.28221837214559364,1
559,2500,5,stress,ccmar,0.2558505160746848,seq,0.2552656773758471,0.016816871187019928,0.22230521551663868,0.2882261392350555,1
560,2500,5,stress,ccmar,0.2558505160746848,full,0.24275652281983484,0.009911225964146685,0.22333087688746905,0.26218216875220063,1
560,2500,5,stress,ccmar,0.2558505160746848,cc,0.23809636821214927,0.02057846598766515,0.1977633160192431,0.27842942040505547,1
560,2500,5,stress,ccmar,0.2558505160746848,seq,0.24487736021683854,0.020163635978038264,0.20535735990250747,0.2843973605311696,1
561,2500,5,stress,ccmar,0.2558505160746848,full,0.25067376226937915,0.01080263665158551,0.22950098349419917,0.27184654104455913,1
561,2500,5,stress,ccmar,0.2558505160746848,cc,0.2760886814348759,0.01886813230911521,0.23910782165347355,0.3130695412162783,1
561,2500,5,stress,ccmar,0.2558505160746848,seq,0.27006865025280896,0.016267611401647515,0.2381847177910867,0.30195258271453124,1
562,2500,5,stress,ccmar,0.2558505160746848,full,0.26343264433589586,0.008698851152876925,0.24638320936938235,0.28048207930240937,1
562,2500,5,stress,ccmar,0.2558505160746848,cc,0.20011700293991902,0.021621568025933634,0.1577395083198063,0.24249449756003175,0
562,2500,5,stress,ccmar,0.2558505160746848,seq,0.19412897259343653,0.021126819409315708,0.15272116744329597,0.2355367777435771,0
563,2500,5,stress,ccmar,0.2558505160746848,full,0.23343909306680843,0.010771814011851432,0.2123267255554157,0.25455146057820116,0
563,2500,5,stress,ccmar,0.2558505160746848,cc,0.23993064439091386,0.016267650972024584,0.20804663437267767,0.27181465440915004,1
563,2500,5,stress,ccmar,0.2558505160746848,seq,0.24754816629983775,0.016820531717830246,0.21458052993207682,0.2805158026675987,1
564,2500,5,stress,ccmar,0.2558505160746848,full,0.24920993105374364,0.009967558755425515,0.22967387487932275,0.26874598722816456,1
564,2500,5,stress,ccmar,0.2558505160746848,cc,0.24430282757981459,0.020037775502916858,0.20502950926379856,0.2835761458958306,1
564,2500,5,stress,ccmar,0.2558505160746848,seq,0.23383755052895203,0.02038811671635973,0.19387757605228792,0.2737975250056161,1
565,2500,5,stress,ccmar,0.2558505160746848,full,0.2448089856054504,0.009062894007216852,0.22704603975560148,0.26257193145529933,1
565,2500,5,stress,ccmar,0.2558505160746848,cc,0.22455785773049766,0.01797410338726232,0.1893292624370641,0.2597864530239312,1
565,2500,5,stress,ccmar,0.2558505160746848,seq,0.22460670411897873,0.01833414036381921,0.188672449318391,0.26054095891956647,1
566,2500,5,stress,ccmar,0.2558505160746848,full,0.24985764981204417,0.008199604117840929,0.23378672105358964,0.26592857857049873,1
566,2500,5,stress,ccmar,0.2558505160746848,cc,0.19353824600808678,0.025417116548652245,0.14372161298187136,0.2433548790343022,0
566,2500,5,stress,ccmar,0.2558505160746848,seq,0.1848532421347915,0.02511977334448097,0.13561939107979956,0.23408709318978346,0
567,2500,5,stress,ccmar,0.2558505160746848,full,0.24280904912972104,0.009158297949630224,0.22485911498875877,0.2607589832706833,1
567,2500,5,stress,ccmar,0.2558505160746848,cc,0.22409227650964075,0.022422831017058914,0.18014433528477763,0.26804021773450387,1
567,2500,5,stress,ccmar,0.2558505160746848,seq,0.22640505517075635,0.022047808880747612,0.18319214382646867,0.26961796651504405,1
568,2500,5,stress,ccmar,0.2558505160746848,full,0.24119607683542135,0.009417663121479335,0.22273779629879079,0.2596543573720519,1
568,2500,5,stress,ccmar,0.2558505160746848,cc,0.2018895218988155,0.022206488477237094,0.1583656042603271,0.24541343953730393,0
568,2500,5,stress,ccmar,0.2558505160746848,seq,0.20281119195601102,0.022125034855131606,0.1594469204832597,0.24617546342876234,0
569,2500,5,stress,ccmar,0.2558505160746848,full,0.22851985084049178,0.009396738712734602,0.2101025813913987,0.24693712028958487,0
569,2500,5,stress,ccmar,0.2558505160746848,cc,0.19827864852669141,0.026316066676434477,0.14670010562612518,0.24985719142725765,0
569,2500,5,stress,ccmar,0.2558505160746848,seq,0.21137816880756258,0.025018795073043915,0.16234223152780836,0.2604141060873168,1
570,2500,5,stress,ccmar,0.2558505160746848,full,0.2514713451062349,0.009242508541668042,0.23335636123776174,0.2695863289747081,1
570,2500,5,stress,ccmar,0.2558505160746848,cc,0.24085611937010926,0.020960936113016332,0.19977343950635226,0.2819387992338663,1
570,2500,5,stress,ccmar,0.2558505160746848,seq,0.24399071777791445,0.02193849245573699,0.20099206268956626,0.28698937286626264,1
571,2500,5,stress,ccmar,0.2558505160746848,full,0.26089055817285456,0.01003146815747296,0.24122924187214717,0.28055187447356195,1
571,2500,5,stress,ccmar,0.2558505160746848,cc,0.2916152411274341,0.020067710115524086,0.25228325204881674,0.33094723020605143,1
571,2500,5,stress,ccmar,0.2558505160746848,seq,0.27959009451625616,0.020966986501239925,0.23849555610948842,0.3206846329230239,1
572,2500,5,stress,ccmar,0.2558505160746848,full,0.2610765969111227,0.00867546245451214,0.24407300295104947,0.27808019087119595,1
572,2500,5,stress,ccmar,0.2558505160746848,cc,0.2337305837375745,0.01870277101845623,0.19707382613030078,0.2703873413448482,1
572,2500,5,stress,ccmar,0.2558505160746848,seq,0.2320151884844881,0.01811315673328812,0.1965140536409142,0.26751632332806197,1
573,2500,5,stress,ccmar,0.2558505160746848,full,0.2577895783849063,0.008994309314660727,0.24016105606235813,0.2754181007074544,1
573,2500,5,stress,ccmar,0.2558505160746848,cc,0.25583646260640114,0.02789015002780889,0.20117277302847691,0.31050015218432536,1
573,2500,5,stress,ccmar,0.2558505160746848,seq,0.25681368461021103,0.02976171514319601,0.19848179481140651,0.3151455744090156,1
574,2500,5,stress,ccmar,0.2558505160746848,full,0.2536667856902368,0.009944540348841032,0.234175844763703,0.2731577266167706,1
574,2500,5,stress,ccmar,0.2558505160746848,cc,0.23389413952465457,0.017187480210748663,0.2002072973265923,0.2675809817227168,1
574,2500,5,stress,ccmar,0.2558505160746848,seq,0.2355306159211613,0.017211961562737795,0.20179579115490748,0.26926544068741515,1
575,2500,5,stress,ccmar,0.2558505160746848,full,0.2767849736359699,0.008874375653176404,0.25939151697046503,0.2941784303014747,0
575,2500,5,stress,ccmar,0.2558505160746848,cc,0.2598226496942964,0.026359212014779122,0.20815954348447385,0.311485755904119,1
575,2500,5,stress,ccmar,0.2558505160746848,seq,0.25137939116656305,0.03117425746673327,0.19027896928698698,0.31247981304613914,1
576,2500,5,stress,ccmar,0.2558505160746848,full,0.2559727888143694,0.010273202955127347,0.23583768101644936,0.27610789661228946,1
576,2500,5,stress,ccmar,0.2558505160746848,cc,0.26137485008187344,0.025486069225618326,0.2114230722921669,0.31132662787158,1
576,2500,5,stress,ccmar,0.2558505160746848,seq,0.27113836185957146,0.028842075987616234,0.21460893168447615,0.3276677920346668,1
577,2500,5,stress,ccmar,0.2558505160746848,full,0.2652339819130515,0.008730147288320991,0.24812320764821233,0.2823447561778906,1
577,2500,5,stress,ccmar,0.2558505160746848,cc,0.15437838070281368,0.15140654668219505,-0.14237299781787105,0.4511297592234984,1
577,2500,5,stress,ccmar,0.2558505160746848,seq,0.1380308826256546,0.18105895176108158,-0.2168381419046403,0.4928999071559495,1
578,2500,5,stress,ccmar,0.2558505160746848,full,0.2618887144234394,0.009794968818166803,0.24269092831013964,0.2810865005367392,1
578,2500,5,stress,ccmar,0.2558505160746848,cc,0.3091946407527289,0.020607643331671307,0.26880440201640615,0.34958487948905165,0
578,2500,5,stress,ccmar,0.2558505160746848,seq,0.30255830971586195,0.02057851523185422,0.26222516100611876,0.34289145842560514,0
579,2500,5,stress,ccmar,0.2558505160746848,full,0.24786071770063145,0.009835771151274127,0.2285829604839561,0.2671384749173068,1
579,2500,5,stress,ccmar,0.2558505160746848,cc,0.24068535268234842,0.04884152347712558,0.14495772571711477,0.3364129796475821,1
579,2500,5,stress,ccmar,0.2558505160746848,seq,0.23421588480774544,0.05397959464431568,0.1284178234048155,0.3400139462106754,1
580,2500,5,stress,ccmar,0.2558505160746848,full,0.2588595796708678,0.010029034803906121,0.2392030326555131,0.27851612668622255,1
580,2500,5,stress,ccmar,0.2558505160746848,cc,0.27981978276429503,0.022256353517813635,0.23619813144218899,0.3234414340864011,1
580,2500,5,stress,ccmar,0.2558505160746848,seq,0.2838985168322848,0.02106521375562914,0.24261145654461394,0.32518557711995566,1
581,2500,5,stress,ccmar,0.2558505160746848,full,0.26607805794778544,0.008748714391515634,0.24893089282938755,0.28322522306618336,1
581,2500,5,stress,ccmar,0.2558505160746848,cc,0.3011313462860798,0.015937513582028807,0.2698943936621854,0.3323682989099742,0
581,2500,5,stress,ccmar,0.2558505160746848,seq,0.29443022262301904,0.01601411306802884,0.2630431377653303,0.3258173074807078,0
582,2500,5,stress,ccmar,0.2558505160746848,full,0.25078226426267264,0.008646600623955883,0.23383523845101756,0.2677292900743277,1
582,2500,5,stress,ccmar,0.2558505160746848,cc,0.2809969044741678,0.019618624993689875,0.2425451060603383,0.3194487028879973,1
582,2500,5,stress,ccmar,0.2558505160746848,seq,0.2829318736196392,0.01918313074568275,0.24533362824737798,0.32053011899190037,1
583,2500,5,stress,ccmar,0.2558505160746848,full,0.23852930126710767,0.011274478443461484,0.21643172957344994,0.26062687296076537,1
583,2500,5,stress,ccmar,0.2558505160746848,cc,0.20394820998508997,0.057032266026519327,0.0921670226164048,0.31572939735377514,1
583,2500,5,stress,ccmar,0.2558505160746848,seq,0.17124128734097535,0.07693488093813507,0.02045169154735349,0.3220308831345972,1
584,2500,5,stress,ccmar,0.2558505160746848,full,0.2623217450964269,0.00917959619037703,0.24433006717066685,0.280313423022187,1
584,2500,5,stress,ccmar,0.2558505160746848,cc,0.16694886968748332,0.02279599082661416,0.1222695486754141,0.21162819069955252,0
584,2500,5,stress,ccmar,0.2558505160746848,seq,0.17400474939041835,0.021763600101309698,0.13134887701791909,0.21666062176291762,0
585,2500,5,stress,ccmar,0.2558505160746848,full,0.24814801467810643,0.008664560220377072,0.23116578870428894,0.2651302406519239,1
585,2500,5,stress,ccmar,0.2558505160746848,cc,0.32345615951976714,0.0633661082262364,0.19926086955587657,0.4476514494836577,1
585,2500,5,stress,ccmar,0.2558505160746848,seq,0.31007761469300577,0.05901464897912109,0.19441102813365496,0.42574420125235657,1
586,2500,5,stress,ccmar,0.2558505160746848,full,0.26783336157479254,0.009648651345279691,0.2489223524386604,0.2867443707109247,1
586,2500,5,stress,ccmar,0.2558505160746848,cc,0.25622280554423243,0.027730833983157618,0.2018713696759841,0.3105742414124808,1
586,2500,5,stress,ccmar,0.2558505160746848,seq,0.2567909644064306,0.027792260487717435,0.20231913480154884,0.3112627940113124,1
587,2500,5,stress,ccmar,0.2558505160746848,full,0.23859836438771095,0.009270201660980089,0.22042910300276658,0.25676762577265533,1
587,2500,5,stress,ccmar,0.2558505160746848,cc,0.22619187601897348,0.017922486910968108,0.19106444716008547,0.2613193048778615,1
587,2500,5,stress,ccmar,0.2558505160746848,seq,0.23721010332241022,0.018183227423550677,0.20157163244954984,0.2728485741952706,1
588,2500,5,stress,ccmar,0.2558505160746848,full,0.2680680451279538,0.009186634757083097,0.25006257186494707,0.2860735183909605,1
588,2500,5,stress,ccmar,0.2558505160746848,cc,0.09033471282984873,0.034330857818735266,0.02304746794676228,0.1576219577129352,0
588,2500,5,stress,ccmar,0.2558505160746848,seq,0.11280783039763033,0.03081067726664274,0.052420012615723564,0.1731956481795371,0
589,2500,5,stress,ccmar,0.2558505160746848,full,0.26926561407728633,0.00877138993276682,0.2520740057147062,0.2864572224398665,1
589,2500,5,stress,ccmar,0.2558505160746848,cc,0.24488224854350474,0.020250669036828435,0.2051916665684806,0.2845728305185289,1
589,2500,5,stress,ccmar,0.2558505160746848,seq,0.24576744436985937,0.01998549960471546,0.20659658493157756,0.28493830380814117,1
590,2500,5,stress,ccmar,0.2558505160746848,full,0.24491784741125347,0.009217288406178789,0.22685229410002444,0.2629834007224825,1
590,2500,5,stress,ccmar,0.2558505160746848,cc,0.19513961289871445,0.04705618252559303,0.10291118989860908,0.2873680358988198,1
590,2500,5,stress,ccmar,0.2558505160746848,seq,0.19659343687587114,0.03662922674471453,0.12480147167467934,0.26838540207706296,1
591,2500,5,stress,ccmar,0.2558505160746848,full,0.2551094006480351,0.008832713139761316,0.23779760100832922,0.27242120028774097,1
591,2500,5,stress,ccmar,0.2558505160746848,cc,0.2840066432813873,0.014549719455037554,0.255489717164352,0.31252356939842263,1
591,2500,5,stress,ccmar,0.2558505160746848,seq,0.2861646690989418,0.015128142426234866,0.2565140547905291,0.3158152834073545,0
592,2500,5,stress,ccmar,0.2558505160746848,full,0.25117294907872645,0.009003185524610064,0.23352702970435837,0.26881886845309455,1
592,2500,5,stress,ccmar,0.2558505160746848,cc,0.2791398638256832,0.019566668181057935,0.24078989889336377,0.3174898287580026,1
592,2500,5,stress,ccmar,0.2558505160746848,seq,0.2756070490859623,0.01951905244544285,0.23735040928054582,0.3138636888913787,1
593,2500,5,stress,ccmar,0.2558505160746848,full,0.2361384586171082,0.009147484952718773,0.21820971756065732,0.25406719967355906,0
593,2500,5,stress,ccmar,0.2558505160746848,cc,0.26422178638117166,0.01983268136846456,0.22535044518212258,0.3030931275802208,1
593,2500,5,stress,ccmar,0.2558505160746848,seq,0.2601305456963933,0.019121178782250992,0.22265372394122993,0.2976073674515567,1
594,2500,5,stress,ccmar,0.2558505160746848,full,0.24876344880155316,0.009270222655449956,0.230594146268204,0.26693275133490235,1
594,2500,5,stress,ccmar,0.2558505160746848,cc,0.25587859079261793,0.016324025028762366,0.22388408965351328,0.2878730919317226,1
594,2500,5,stress,ccmar,0.2558505160746848,seq,0.25378128356699864,0.017670474365680276,0.21914779022052705,0.2884147769134702,1
595,2500,5,stress,ccmar,0.2558505160746848,full,0.25971731237339024,0.010154047536794917,0.23981574490396457,0.2796188798428159,1
595,2500,5,stress,ccmar,0.2558505160746848,cc,0.22946728668490246,0.0270447882102886,0.17646047582322333,0.2824740975465816,1
595,2500,5,stress,ccmar,0.2558505160746848,seq,0.23394528594278913,0.024919739443375916,0.1851034941296501,0.28278707775592815,1
596,2500,5,stress,ccmar,0.2558505160746848,full,0.25364582803438873,0.008928028605189172,0.23614721351527457,0.2711444425535029,1
596,2500,5,stress,ccmar,0.2558505160746848,cc,0.2566548622248378,0.018971330852266353,0.2194717370156022,0.2938379874340734,1
596,2500,5,stress,ccmar,0.2558505160746848,seq,0.25509951957889826,0.022737002060321265,0.21053581442425556,0.29966322473354096,1
597,2500,5,stress,ccmar,0.2558505160746848,full,0.25874506062497843,0.009503516470293641,0.24011851061671968,0.2773716106332372,1
597,2500,5,stress,ccmar,0.2558505160746848,cc,0.2611398844416137,0.015159911934038539,0.23142700304209918,0.2908527658411282,1
597,2500,5,stress,ccmar,0.2558505160746848,seq,0.2577202283077343,0.01473249725494482,0.22884506428570722,0.28659539232976133,1
598,2500,5,stress,ccmar,0.2558505160746848,full,0.24158900680284615,0.00854337815490766,0.22484429331292088,0.2583337202927714,1
598,2500,5,stress,ccmar,0.2558505160746848,cc,0.2624111807360297,0.016204302527328972,0.23065133138787353,0.2941710300841859,1
598,2500,5,stress,ccmar,0.2558505160746848,seq,0.26170186123134365,0.016951674443700934,0.22847718984404175,0.29492653261864554,1
599,2500,5,stress,ccmar,0.2558505160746848,full,0.2596261898202524,0.009571710456671052,0.24086598205473167,0.27838639758577305,1
599,2500,5,stress,ccmar,0.2558505160746848,cc,0.31845940989035115,0.050225433147866566,0.2200193698126085,0.4168994499680938,1
599,2500,5,stress,ccmar,0.2558505160746848,seq,0.310875195093698,0.049266956542527066,0.21431373464244496,0.407436655544951,1
600,2500,5,stress,ccmar,0.2558505160746848,full,0.2575418644835202,0.009000427706432322,0.2399013503334564,0.27518237863358397,1
600,2500,5,stress,ccmar,0.2558505160746848,cc,0.22383530458338446,0.03435519213642116,0.15650036531404532,0.2911702438527236,1
600,2500,5,stress,ccmar,0.2558505160746848,seq,0.2254739606959372,0.035220237133738834,0.15644356438684887,0.29450435700502553,1
601,2500,5,stress,ccmar,0.2558505160746848,full,0.2646269679769031,0.009787182813299487,0.2454444421527267,0.2838094938010795,1
601,2500,5,stress,ccmar,0.2558505160746848,cc,0.3099129276900487,0.017510439089717555,0.27559309772071994,0.34423275765937744,0
601,2500,5,stress,ccmar,0.2558505160746848,seq,0.30516510050487616,0.017333677100678794,0.27119171766789907,0.33913848334185326,0
602,2500,5,stress,ccmar,0.2558505160746848,full,0.2433217964715102,0.008292607137245575,0.22706858514456907,0.25957500779845133,1
602,2500,5,stress,ccmar,0.2558505160746848,cc,0.24612372974133068,0.016738907365953477,0.21331607416350964,0.27893138531915174,1
602,2500,5,stress,ccmar,0.2558505160746848,seq,0.24596475617607075,0.015566949378907511,0.21545409604425386,0.27647541630788763,1
603,2500,5,stress,ccmar,0.2558505160746848,full,0.25980230845718305,0.00887165114801111,0.24241419172367784,0.27719042519068826,1
603,2500,5,stress,ccmar,0.2558505160746848,cc,0.25159282500039143,0.028441417592787274,0.1958486708492645,0.30733697915151836,1
603,2500,5,stress,ccmar,0.2558505160746848,seq,0.2461385598799767,0.031459346938656554,0.18447937290305946,0.307797746856894,1
604,2500,5,stress,ccmar,0.2558505160746848,full,0.2729377656732191,0.00866571101578507,0.2559532841818484,0.2899222471645898,0
604,2500,5,stress,ccmar,0.2558505160746848,cc,0.265283497751553,0.018349261872538686,0.2293196053384832,0.3012473901646228,1
604,2500,5,stress,ccmar,0.2558505160746848,seq,0.2689199650652751,0.019065878722843307,0.2315515294348937,0.3062884006956565,1
605,2500,5,stress,ccmar,0.2558505160746848,full,0.2543774673106232,0.00929696951093394,0.23615574190382574,0.2725991927174207,1
605,2500,5,stress,ccmar,0.2558505160746848,cc,0.22400517357691768,0.029647284791777452,0.1658975631456318,0.28211278400820355,1
605,2500,5,stress,ccmar,0.2558505160746848,seq,0.21958948083140759,0.028173900185832698,0.16436965116314917,0.274809310499666,1
606,2500,5,stress,ccmar,0.2558505160746848,full,0.2504592430463608,0.00861036169911008,0.23358324422224194,0.26733524187047963,1
606,2500,5,stress,ccmar,0.2558505160746848,cc,0.2827334670319495,0.021113597910493973,0.24135157554332118,0.3241153585205778,1
606,2500,5,stress,ccmar,0.2558505160746848,seq,0.2787899531373488,0.020034668588079688,0.23952272426251664,0.3180571820121809,1
607,2500,5,stress,ccmar,0.2558505160746848,full,0.23888823985652233,0.008494494681513165,0.22223933621388947,0.2555371434991552,0
607,2500,5,stress,ccmar,0.2558505160746848,cc,0.2505684083550171,0.024500858021222562,0.20254760904309158,0.29858920766694264,1
607,2500,5,stress,ccmar,0.2558505160746848,seq,0.25445971440174564,0.024724954661672332,0.20599969374548216,0.3029197350580091,1
608,2500,5,stress,ccmar,0.2558505160746848,full,0.2671378604450645,0.008485724791007081,0.2505061454719719,0.28376957541815706,1
608,2500,5,stress,ccmar,0.2558505160746848,cc,0.2689318954539656,0.021317649558664883,0.22715007008393628,0.31071372082399495,1
608,2500,5,stress,ccmar,0.2558505160746848,seq,0.26932775211703053,0.019347377376060623,0.23140758926464666,0.3072479149694144,1
609,2500,5,stress,ccmar,0.2558505160746848,full,0.24085130050842207,0.010482741235212607,0.22030550522815245,0.2613970957886917,1
609,2500,5,stress,ccmar,0.2558505160746848,cc,0.20814467812516668,0.02158526504878322,0.16583833603280035,0.250451020217533,0
609,2500,5,stress,ccmar,0.2558505160746848,seq,0.20344564367466356,0.02134795959432578,0.16160441172636872,0.2452868756229584,0
610,2500,5,stress,ccmar,0.2558505160746848,full,0.24971276465346132,0.010554082087711383,0.2290271438716677,0.2703983854352549,1
610,2500,5,stress,ccmar,0.2558505160746848,cc,0.23154955189661372,0.01756738027423405,0.1971181192563956,0.26598098453683183,1
610,2500,5,stress,ccmar,0.2558505160746848,seq,0.23620223551850958,0.017520182079483707,0.20186330964013743,0.2705411613968817,1
611,2500,5,stress,ccmar,0.2558505160746848,full,0.28107759166622137,0.00961139196003242,0.26223960958326,0.29991557374918276,0
611,2500,5,stress,ccmar,0.2558505160746848,cc,0.25715165935978046,0.026671705406974527,0.20487607735584817,0.30942724136371275,1
611,2500,5,stress,ccmar,0.2558505160746848,seq,0.26191125315543057,0.027784553477113914,0.20745452901376016,0.316367977297101,1
612,2500,5,stress,ccmar,0.2558505160746848,full,0.2677260770667492,0.010105739692265261,0.24791919123277242,0.28753296290072605,1
612,2500,5,stress,ccmar,0.2558505160746848,cc,0.2893305385315833,0.043589989482764435,0.20389572905888526,0.37476534800428135,1
612,2500,5,stress,ccmar,0.2558505160746848,seq,0.2883578969661263,0.04441402031923771,0.20130801673179022,0.37540777720046237,1
613,2500,5,stress,ccmar,0.2558505160746848,full,0.2604882339709698,0.010123103891127121,0.24064731493260338,0.28032915300933625,1
613,2500,5,stress,ccmar,0.2558505160746848,cc,0.2524690809364849,0.018408611362496025,0.2163888656605979,0.2885492962123719,1
613,2500,5,stress,ccmar,0.2558505160746848,seq,0.2550165991355084,0.02064839106662046,0.21454649630623368,0.2954867019647831,1
614,2500,5,stress,ccmar,0.2558505160746848,full,0.25051442910920113,0.00914049778285233,0.23259938265404234,0.2684294755643599,1
614,2500,5,stress,ccmar,0.2558505160746848,cc,0.2687228797975091,0.020786761443176757,0.22798157601365682,0.30946418358136135,1
614,2500,5,stress,ccmar,0.2558505160746848,seq,0.27336771014205913,0.020037643102423838,0.23409465132624097,0.3126407689578773,1
615,2500,5,stress,ccmar,0.2558505160746848,full,0.26160270540702113,0.00918205685278304,0.24360620467156718,0.2795992061424751,1
615,2500,5,stress,ccmar,0.2558505160746848,cc,0.23458845738185954,0.016703011586589732,0.20185115623878844,0.2673257585249306,1
615,2500,5,stress,ccmar,0.2558505160746848,seq,0.2387461040826191,0.015422539821973993,0.20851848148141527,0.2689737266838229,1
616,2500,5,stress,ccmar,0.2558505160746848,full,0.2728145223853559,0.00953942554951989,0.2541175918750957,0.29151145289561614,1
616,2500,5,stress,ccmar,0.2558505160746848,cc,0.29095709278820925,0.017635832596175835,0.2563914960623271,0.3255226895140914,0
616,2500,5,stress,ccmar,0.2558505160746848,seq,0.2899744830422493,0.017456399185089358,0.2557605693397198,0.32418839674477884,1
617,2500,5,stress,ccmar,0.2558505160746848,full,0.264531386032221,0.009474889154644483,0.24596094453160863,0.2831018275328333,1
617,2500,5,stress,ccmar,0.2558505160746848,cc,0.25189203652594044,0.0147899572588612,0.22290425296568575,0.28087982008619516,1
617,2500,5,stress,ccmar,0.2558505160746848,seq,0.25413106693847787,0.01535808748369516,0.22402976859901996,0.2842323652779358,1
618,2500,5,stress,ccmar,0.2558505160746848,full,0.2675837556632335,0.009490710168695817,0.24898230554488165,0.28618520578158535,1
618,2500,5,stress,ccmar,0.2558505160746848,cc,0.26611209346737447,0.037621637089176006,0.19237503973315317,0.33984914720159576,1
618,2500,5,stress,ccmar,0.2558505160746848,seq,0.27522314106051526,0.03241206736256439,0.2116966563654029,0.3387496257556276,1
619,2500,5,stress,ccmar,0.2558505160746848,full,0.25610256798005204,0.00950152685751643,0.2374799175411798,0.2747252184189243,1
619,2500,5,stress,ccmar,0.2558505160746848,cc,0.26574990898150297,0.03503970684809481,0.19707334553039563,0.3344264724326103,1
619,2500,5,stress,ccmar,0.2558505160746848,seq,0.24502986013143654,0.04331904041975952,0.160126101063873,0.3299336191990001,1
620,2500,5,stress,ccmar,0.2558505160746848,full,0.2678237913810893,0.00885082591747117,0.25047649134941213,0.2851710914127665,1
620,2500,5,stress,ccmar,0.2558505160746848,cc,0.27617454462615626,0.01649539617284322,0.24384416221666372,0.3085049270356488,1
620,2500,5,stress,ccmar,0.2558505160746848,seq,0.27744602104524363,0.017804071206137025,0.24255068270302846,0.3123413593874588,1
621,2500,5,stress,ccmar,0.2558505160746848,full,0.2622159455566019,0.008717878171129208,0.24512921831958073,0.27930267279362303,1
621,2500,5,stress,ccmar,0.2558505160746848,cc,0.25194876415780043,0.015831627970420505,0.22091934351913928,0.2829781847964616,1
621,2500,5,stress,ccmar,0.2558505160746848,seq,0.2567472172993101,0.015216440263828538,0.22692354240930102,0.2865708921893192,1
622,2500,5,stress,ccmar,0.2558505160746848,full,0.25194953328943076,0.008275440426905757,0.23572996809648872,0.2681690984823728,1
622,2500,5,stress,ccmar,0.2558505160746848,cc,0.2753364470001704,0.042278405720084095,0.1924722944650334,0.3582005995353074,1
622,2500,5,stress,ccmar,0.2558505160746848,seq,0.2941564578436465,0.04918776133755274,0.19775021714189145,0.3905626985454016,1
623,2500,5,stress,ccmar,0.2558505160746848,full,0.28011720500173626,0.009431519992368097,0.2616317654972253,0.29860264450624724,0
623,2500,5,stress,ccmar,0.2558505160746848,cc,0.2917370178239064,0.025723820369787775,0.24131925635434454,0.3421547792934682,1
623,2500,5,stress,ccmar,0.2558505160746848,seq,0.2995890134367614,0.02560851942470217,0.2493972376669508,0.3497807892065721,1
624,2500,5,stress,ccmar,0.2558505160746848,full,0.25741790779467827,0.008710621230258135,0.24034540390040235,0.2744904116889542,1
624,2500,5,stress,ccmar,0.2558505160746848,cc,0.31208372509047827,0.031821886786093836,0.24971397306962329,0.37445347711133325,1
624,2500,5,stress,ccmar,0.2558505160746848,seq,0.3102995003392594,0.03142329556500707,0.24871097275628834,0.37188802792223047,1
625,2500,5,stress,ccmar,0.2558505160746848,full,0.2594667526317469,0.009055057073216148,0.24171916689028858,0.2772143383732052,1
625,2500,5,stress,ccmar,0.2558505160746848,cc,0.24915169267284637,0.029724362069897627,0.19089301355241856,0.3074103717932742,1
625,2500,5,stress,ccmar,0.2558505160746848,seq,0.26360437063482295,0.02933898865390485,0.20610100953034016,0.32110773173930574,1
626,2500,5,stress,ccmar,0.2558505160746848,full,0.25556501426324485,0.008735069455572822,0.23844459272786622,0.2726854357986235,1
626,2500,5,stress,ccmar,0.2558505160746848,cc,0.037110313338780294,0.14718290810307752,-0.25136288568312015,0.3255835123606807,1
626,2500,5,stress,ccmar,0.2558505160746848,seq,0.03323166018008103,0.15028884305005638,-0.2613290594762223,0.3277923798363843,1
627,2500,5,stress,ccmar,0.2558505160746848,full,0.24239242522353907,0.009231040026603719,0.22429991923154813,0.26048493121553,1
627,2500,5,stress,ccmar,0.2558505160746848,cc,0.22955365707057318,0.028459305382209407,0.17377444349641583,0.28533287064473056,1
627,2500,5,stress,ccmar,0.2558505160746848,seq,0.2269551942111778,0.025600532958372252,0.17677907162773754,0.27713131679461805,1
628,2500,5,stress,ccmar,0.2558505160746848,full,0.2580519417390764,0.009675111811254751,0.239089071042619,0.27701481243553383,1
628,2500,5,stress,ccmar,0.2558505160746848,cc,0.2781237082537699,0.03730600204995893,0.205005287828673,0.35124212867886684,1
628,2500,5,stress,ccmar,0.2558505160746848,seq,0.2764374446089666,0.0395079311151169,0.19900332251964808,0.35387156669828507,1
629,2500,5,stress,ccmar,0.2558505160746848,full,0.25342159168391415,0.0086334052845754,0.2365004282622086,0.2703427551056197,1
629,2500,5,stress,ccmar,0.2558505160746848,cc,0.23804168286287078,0.030271597572773888,0.17871044186574384,0.2973729238599977,1
629,2500,5,stress,ccmar,0.2558505160746848,seq,0.2393862166428723,0.026945117985535658,0.18657475583203995,0.2921976774537046,1
630,2500,5,stress,ccmar,0.2558505160746848,full,0.25431343503110054,0.009082962708336209,0.23651115524984118,0.2721157148123599,1
630,2500,5,stress,ccmar,0.2558505160746848,cc,0.28384008372879793,0.10208269294622209,0.08376168210934162,0.4839184853482542,1
630,2500,5,stress,ccmar,0.2558505160746848,seq,0.2846795207917099,0.09951757420596126,0.08962865951923354,0.4797303820641862,1
631,2500,5,stress,ccmar,0.2558505160746848,full,0.2649682154096861,0.009425046782581777,0.24649546316322074,0.2834409676561515,1
631,2500,5,stress,ccmar,0.2558505160746848,cc,0.25659591645111984,0.015962378828265532,0.22531022884013474,0.28788160406210495,1
631,2500,5,stress,ccmar,0.2558505160746848,seq,0.2643744292837347,0.01857449299224273,0.22796909198784734,0.3007797665796221,1
632,2500,5,stress,ccmar,0.2558505160746848,full,0.2584312667866655,0.009030647183263928,0.24073152355038013,0.2761310100229509,1
632,2500,5,stress,ccmar,0.2558505160746848,cc,0.26028362764268115,0.023895289337420175,0.21344972114117364,0.3071175341441887,1
632,2500,5,stress,ccmar,0.2558505160746848,seq,0.2615916457535179,0.02576272971739433,0.21109762336398524,0.31208566814305055,1
633,2500,5,stress,ccmar,0.2558505160746848,full,0.250446337943969,0.009008903611205137,0.23278921132581407,0.26810346456212386,1
633,2500,5,stress,ccmar,0.2558505160746848,cc,0.2311151962813441,0.018413383586263248,0.19502562761874717,0.2672047649439411,1
633,2500,5,stress,ccmar,0.2558505160746848,seq,0.22749073412107887,0.01979359555692427,0.18869599970495526,0.2662854685372025,1
634,2500,5,stress,ccmar,0.2558505160746848,full,0.2635696598574808,0.009192071913330295,0.24555352996405125,0.28158578975091036,1
634,2500,5,stress,ccmar,0.2558505160746848,cc,0.2984460772106969,0.03456865818002458,0.23069275218397278,0.366199402237421,1
634,2500,5,stress,ccmar,0.2558505160746848,seq,0.30055696477091515,0.02859836545633617,0.24450519845978186,0.35660873108204844,1
635,2500,5,stress,ccmar,0.2558505160746848,full,0.24658028723446537,0.008786412441817883,0.2293592352951877,0.26380133917374304,1
635,2500,5,stress,ccmar,0.2558505160746848,cc,0.2903936705612389,0.017647529844125397,0.25580514765065737,0.3249821934718204,1
635,2500,5,stress,ccmar,0.2558505160746848,seq,0.2997938068574548,0.01730766482724981,0.26587140713955454,0.3337162065753551,0
636,2500,5,stress,ccmar,0.2558505160746848,full,0.2646115640543674,0.008898648199560745,0.24717053407213616,0.28205259403659866,1
636,2500,5,stress,ccmar,0.2558505160746848,cc,0.2324275831574886,0.01983684454488033,0.1935480822826033,0.2713070840323739,1
636,2500,5,stress,ccmar,0.2558505160746848,seq,0.24219369166998245,0.02006067133623054,0.20287549834527557,0.2815118849946893,1
637,2500,5,stress,ccmar,0.2558505160746848,full,0.26986520436570144,0.009697219959991777,0.2508590024939546,0.2888714062374483,1
637,2500,5,stress,ccmar,0.2558505160746848,cc,0.2477880907978276,0.027181629838578174,0.1945130752731151,0.3010631063225401,1
637,2500,5,stress,ccmar,0.2558505160746848,seq,0.24100956551173036,0.028129844841411396,0.1858760827318642,0.29614304829159654,1
638,2500,5,stress,ccmar,0.2558505160746848,full,0.22960641054649833,0.008973626312429343,0.21201842616341585,0.2471943949295808,0
638,2500,5,stress,ccmar,0.2558505160746848,cc,0.2291380263529953,0.016831982174506037,0.19614794750254327,0.2621281052034473,1
638,2500,5,stress,ccmar,0.2558505160746848,seq,0.2286441875134777,0.016867997313341234,0.1955835202880105,0.2617048547389449,1
639,2500,5,stress,ccmar,0.2558505160746848,full,0.2627265098495881,0.009786440731713333,0.24354543847859417,0.28190758122058207,1
639,2500,5,stress,ccmar,0.2558505160746848,cc,0.24907966460550546,0.027783280726074486,0.19462543501003363,0.3035338942009773,1
639,2500,5,stress,ccmar,0.2558505160746848,seq,0.2660581898220511,0.024393357674071085,0.21824808731886802,0.31386829232523417,1
640,2500,5,stress,ccmar,0.2558505160746848,full,0.2668958947854768,0.009169318053371128,0.2489243616380765,0.28486742793287717,1
640,2500,5,stress,ccmar,0.2558505160746848,cc,0.2958292993250622,0.04029124593326355,0.2168599084036197,0.3747986902465047,1
640,2500,5,stress,ccmar,0.2558505160746848,seq,0.2917698082373199,0.039078470475894855,0.21517741353365416,0.36836220294098565,1
641,2500,5,stress,ccmar,0.2558505160746848,full,0.2584235316558976,0.009515466342257788,0.23977356032896924,0.27707350298282596,1
641,2500,5,stress,ccmar,0.2558505160746848,cc,0.25652085263866997,0.020987102439125525,0.21538688771813122,0.29765481755920875,1
641,2500,5,stress,ccmar,0.2558505160746848,seq,0.27010868689551765,0.020111751209689995,0.2306903788584954,0.3095269949325399,1
642,2500,5,stress,ccmar,0.2558505160746848,full,0.25685092748845983,0.008826797966430787,0.23955072137544411,0.2741511336014756,1
642,2500,5,stress,ccmar,0.2558505160746848,cc,0.2700929423812988,0.036830071992548556,0.19790732772788627,0.3422785570347113,1
642,2500,5,stress,ccmar,0.2558505160746848,seq,0.2760011761102224,0.03782912158707707,0.20185746023276466,0.3501448919876802,1
643,2500,5,stress,ccmar,0.2558505160746848,full,0.25190325262936225,0.010567181568229379,0.23119195733753717,0.27261454792118733,1
643,2500,5,stress,ccmar,0.2558505160746848,cc,0.2460743184628735,0.017289102942396474,0.21218829937077094,0.27996033755497607,1
643,2500,5,stress,ccmar,0.2558505160746848,seq,0.24306795175182214,0.01843335602354156,0.20693923783147622,0.27919666567216805,1
644,2500,5,stress,ccmar,0.2558505160746848,full,0.23265266004145252,0.008619237507640997,0.21575926495227937,0.24954605513062567,0
644,2500,5,stress,ccmar,0.2558505160746848,cc,0.24487058727529312,0.016897050570628593,0.21175297671190912,0.2779881978386771,1
644,2500,5,stress,ccmar,0.2558505160746848,seq,0.24414012397069523,0.016638169306276616,0.21152991136171329,0.2767503365796772,1
645,2500,5,stress,ccmar,0.2558505160746848,full,0.2670236146711623,0.00931855616076667,0.24875958020814581,0.2852876491341788,1
645,2500,5,stress,ccmar,0.2558505160746848,cc,0.2633002220040651,0.019992168368454112,0.22411629202903416,0.30248415197909606,1
645,2500,5,stress,ccmar,0.2558505160746848,seq,0.27332233670606704,0.01821011886215332,0.23763115958205303,0.309013513830081,1
646,2500,5,stress,ccmar,0.2558505160746848,full,0.2755301089643251,0.008997792159855593,0.2578947603906313,0.2931654575380189,0
646,2500,5,stress,ccmar,0.2558505160746848,cc,0.24351011637949777,0.047645376938750775,0.15012689354971098,0.33689333920928455,1
646,2500,5,stress,ccmar,0.2558505160746848,seq,0.2459533895328092,0.04448291568466343,0.158768476863537,0.3331383022020814,1
647,2500,5,stress,ccmar,0.2558505160746848,full,0.24785244776811788,0.010466442673412084,0.22733859708197707,0.2683662984542587,1
647,2500,5,stress,ccmar,0.2558505160746848,cc,0.19938363728299383,0.01854663859865963,0.16303289359534054,0.2357343809706471,0
647,2500,5,stress,ccmar,0.2558505160746848,seq,0.1954911817634509,0.018484141497912786,0.1592629301423996,0.2317194333845022,0
648,2500,5,stress,ccmar,0.2558505160746848,full,0.24303877533977475,0.009026964845192423,0.2253462493534884,0.2607313013260611,1
648,2500,5,stress,ccmar,0.2558505160746848,cc,0.27495169420615034,0.022122501615715048,0.2315923877914197,0.31831100062088097,1
648,2500,5,stress,ccmar,0.2558505160746848,seq,0.26820479652008866,0.023852135919813233,0.22145546916290057,0.3149541238772767,1
649,2500,5,stress,ccmar,0.2558505160746848,full,0.2700887738371175,0.009561060957646018,0.25134943870613924,0.28882810896809574,1
649,2500,5,stress,ccmar,0.2558505160746848,cc,0.35991150467606264,0.08317320401521573,0.1968950203274376,0.5229279890246876,1
649,2500,5,stress,ccmar,0.2558505160746848,seq,0.357806311927256,0.07136133214290145,0.21794067103836862,0.49767195281614335,1
650,2500,5,stress,ccmar,0.2558505160746848,full,0.2536221665363155,0.009432698610614373,0.2351344169824903,0.2721099160901407,1
650,2500,5,stress,ccmar,0.2558505160746848,cc,0.23279200303621575,0.016574536925625816,0.2003065076015599,0.26527749847087156,1
650,2500,5,stress,ccmar,0.2558505160746848,seq,0.23967019986584065,0.019577912978945355,0.20129819553464848,0.27804220419703285,1
651,2500,5,stress,ccmar,0.2558505160746848,full,0.2661450750368176,0.009873670663427031,0.24679303614129094,0.2854971139323443,1
651,2500,5,stress,ccmar,0.2558505160746848,cc,0.284020273984886,0.015481628824620858,0.2536768390666119,0.31436370890316007,1
651,2500,5,stress,ccmar,0.2558505160746848,seq,0.28463191382129005,0.015572350575717393,0.2541106675382524,0.3151531601043277,1
652,2500,5,stress,ccmar,0.2558505160746848,full,0.262559814831757,0.00965275398451033,0.24364076467049126,0.28147886499302277,1
652,2500,5,stress,ccmar,0.2558505160746848,cc,0.24722181690054745,0.025018934513930134,0.19818560632167825,0.29625802747941665,1
652,2500,5,stress,ccmar,0.2558505160746848,seq,0.25480059971129304,0.024868888989314303,0.2060584729567123,0.30354272646587377,1
653,2500,5,stress,ccmar,0.2558505160746848,full,0.2616798013081355,0.009738543076374171,0.24259260761655022,0.2807669949997208,1
653,2500,5,stress,ccmar,0.2558505160746848,cc,0.24760802341197996,0.02267080906431473,0.20317405414553888,0.292041992678421,1
653,2500,5,stress,ccmar,0.2558505160746848,seq,0.24250548788368664,0.023538042334660295,0.1963717726411734,0.2886392031261999,1
654,2500,5,stress,ccmar,0.2558505160746848,full,0.24599548405786217,0.009129422009066846,0.22810214572042387,0.2638888223953005,1
654,2500,5,stress,ccmar,0.2558505160746848,cc,0.25640820426772365,0.026134539375004876,0.20518544834017016,0.30763096019527714,1
654,2500,5,stress,ccmar,0.2558505160746848,seq,0.25928212668975276,0.02568348189405252,0.20894342717982323,0.3096208261996823,1
655,2500,5,stress,ccmar,0.2558505160746848,full,0.27147000754418343,0.012434832476344011,0.24709818373676015,0.2958418313516067,1
655,2500,5,stress,ccmar,0.2558505160746848,cc,0.2764496837928374,0.01796481259080034,0.24123929812585704,0.3116600694598178,1
655,2500,5,stress,ccmar,0.2558505160746848,seq,0.2890319444379023,0.018573014691379258,0.25262950455846567,0.32543438431733895,1
656,2500,5,stress,ccmar,0.2558505160746848,full,0.25537286031169376,0.00925475982329068,0.23723386437247576,0.2735118562509118,1
656,2500,5,stress,ccmar,0.2558505160746848,cc,0.32304585423215004,0.02330667840418109,0.27736560396069765,0.36872610450360244,0
656,2500,5,stress,ccmar,0.2558505160746848,seq,0.3251361483475936,0.022799043447616713,0.2804508443083009,0.36982145238688624,0
657,2500,5,stress,ccmar,0.2558505160746848,full,0.25397656434192123,0.009189700640053105,0.23596508205871247,0.27198804662513,1
657,2500,5,stress,ccmar,0.2558505160746848,cc,0.26837084793836574,0.04609094037564367,0.1780342647885211,0.35870743108821035,1
657,2500,5,stress,ccmar,0.2558505160746848,seq,0.28257500574043143,0.038988556229276945,0.20615883972183385,0.358991171759029,1
658,2500,5,stress,ccmar,0.2558505160746848,full,0.2589273137106419,0.008658999193058755,0.24195598715008537,0.2758986402711985,1
658,2500,5,stress,ccmar,0.2558505160746848,cc,0.18884568909736557,0.02717774062290554,0.13557829629529955,0.2421130818994316,0
658,2500,5,stress,ccmar,0.2558505160746848,seq,0.19790388655800167,0.026331126222917875,0.14629582748870446,0.2495119456272989,0
659,2500,5,stress,ccmar,0.2558505160746848,full,0.2702458276214903,0.009355105154905136,0.2519101584462912,0.2885814967966894,1
659,2500,5,stress,ccmar,0.2558505160746848,cc,0.3172189609979345,0.01921842903448625,0.27955153225090257,0.35488638974496645,0
659,2500,5,stress,ccmar,0.2558505160746848,seq,0.31927925462798024,0.018568050093907176,0.2828865451807866,0.3556719640751739,0
660,2500,5,stress,ccmar,0.2558505160746848,full,0.24419548387288018,0.008992696284525486,0.22657012303130306,0.26182084471445727,1
660,2500,5,stress,ccmar,0.2558505160746848,cc,0.21536567071091767,0.02514175340031364,0.16608873953811548,0.26464260188371985,1
660,2500,5,stress,ccmar,0.2558505160746848,seq,0.20538448516737917,0.025919396866818795,0.154583400807414,0.25618556952734434,1
661,2500,5,stress,ccmar,0.2558505160746848,full,0.2635743272649318,0.009198214471596517,0.24554615817852748,0.2816024963513361,1
661,2500,5,stress,ccmar,0.2558505160746848,cc,0.25772144566467653,0.01939477135303485,0.21970839232433906,0.29573449900501403,1
661,2500,5,stress,ccmar,0.2558505160746848,seq,0.2579221921406641,0.018433495904200507,0.2217932040592645,0.29405118022206367,1
662,2500,5,stress,ccmar,0.2558505160746848,full,0.2629945756286182,0.011128047698565197,0.2411840029211866,0.28480514833604986,1
662,2500,5,stress,ccmar,0.2558505160746848,cc,0.27306679102610604,0.01922176860084151,0.2353928168492938,0.31074076520291827,1
662,2500,5,stress,ccmar,0.2558505160746848,seq,0.27703486052908954,0.019824654128302685,0.23817925243165297,0.3158904686265261,1
663,2500,5,stress,ccmar,0.2558505160746848,full,0.255301638224433,0.009573531255126241,0.23653786175951705,0.274065414689349,1
663,2500,5,stress,ccmar,0.2558505160746848,cc,0.2679634974248802,0.02127346416213448,0.22626827384069303,0.30965872100906733,1
663,2500,5,stress,ccmar,0.2558505160746848,seq,0.2611292752519361,0.022877663961161344,0.21628987783764989,0.30596867266622224,1
664,2500,5,stress,ccmar,0.2558505160746848,full,0.26720801391228755,0.008937447057366753,0.2496909395661152,0.2847250882584599,1
664,2500,5,stress,ccmar,0.2558505160746848,cc,0.27553999497689524,0.02285233342187449,0.23075024450732026,0.3203297454464702,1
664,2500,5,stress,ccmar,0.2558505160746848,seq,0.2693962300766599,0.023183420409666575,0.2239575610352626,0.31483489911805723,1
665,2500,5,stress,ccmar,0.2558505160746848,full,0.2627615674411319,0.008668887246614408,0.24577086065172904,0.2797522742305347,1
665,2500,5,stress,ccmar,0.2558505160746848,cc,0.25874687380411,0.019693405666642117,0.22014850796455443,0.29734523964366555,1
665,2500,5,stress,ccmar,0.2558505160746848,seq,0.25672412469800465,0.02199764856028073,0.21360952577528505,0.2998387236207243,1
666,2500,5,stress,ccmar,0.2558505160746848,full,0.2543780326435108,0.009479707399823685,0.23579814755587852,0.27295791773114303,1
666,2500,5,stress,ccmar,0.2558505160746848,cc,0.24068746269813546,0.03590782909235846,0.1703094109140933,0.3110655144821776,1
666,2500,5,stress,ccmar,0.2558505160746848,seq,0.24602654888412498,0.032135773257442525,0.18304159068419223,0.3090115070840577,1
667,2500,5,stress,ccmar,0.2558505160746848,full,0.25753414450516054,0.009596244602555749,0.2387258506973144,0.2763424383130067,1
667,2500,5,stress,ccmar,0.2558505160746848,cc,0.27221923035502443,0.017767108973174416,0.23739633665820414,0.3070421240518447,1
667,2500,5,stress,ccmar,0.2558505160746848,seq,0.26763544616701274,0.0179413935579127,0.23247096096104491,0.30279993137298056,1
668,2500,5,stress,ccmar,0.2558505160746848,full,0.24123673388565736,0.009536067700881086,0.22254638463779475,0.25992708313352,1
668,2500,5,stress,ccmar,0.2558505160746848,cc,0.29419265397564104,0.019608147418454146,0.2557613912319189,0.3326239167193632,1
668,2500,5,stress,ccmar,0.2558505160746848,seq,0.2907063516119676,0.019026235992893593,0.2534156143045365,0.3279970889193987,1
669,2500,5,stress,ccmar,0.2558505160746848,full,0.2633630141341948,0.009739562141507167,0.2442738231116509,0.28245220515673863,1
669,2500,5,stress,ccmar,0.2558505160746848,cc,0.2865685462783915,0.027217202078160616,0.23322381044524798,0.33991328211153504,1
669,2500,5,stress,ccmar,0.2558505160746848,seq,0.29022164731172817,0.03016044952529403,0.2311082524846137,0.34933504213884264,1
670,2500,5,stress,ccmar,0.2558505160746848,full,0.253539118269198,0.010283215493010827,0.2333843862576325,0.27369385028076354,1
670,2500,5,stress,ccmar,0.2558505160746848,cc,0.29514577313546114,0.03335334013985042,0.2297744276972402,0.36051711857368207,1
670,2500,5,stress,ccmar,0.2558505160746848,seq,0.29311834913520823,0.035869968929248125,0.22281450190731114,0.36342219636310535,1
671,2500,5,stress,ccmar,0.2558505160746848,full,0.2614276504881588,0.008431836945142325,0.2449015537521656,0.277953747224152,1
671,2500,5,stress,ccmar,0.2558505160746848,cc,0.26585399337008236,0.01833071839603849,0.2299264455031011,0.30178154123706363,1
671,2500,5,stress,ccmar,0.2558505160746848,seq,0.25962197522361347,0.017850656382094852,0.2246353316143075,0.29460861883291944,1
672,2500,5,stress,ccmar,0.2558505160746848,full,0.242124360145024,0.00933856927559473,0.22382110069772604,0.26042761959232197,1
672,2500,5,stress,ccmar,0.2558505160746848,cc,0.27783689963227737,0.01979159618000828,0.2390460839229006,0.3166277153416541,1
672,2500,5,stress,ccmar,0.2558505160746848,seq,0.27172678799129724,0.01979224062113463,0.2329347092005227,0.3105188667820718,1
673,2500,5,stress,ccmar,0.2558505160746848,full,0.26369770906564327,0.009920867691931663,0.24425316569407018,0.28314225243721636,1
673,2500,5,stress,ccmar,0.2558505160746848,cc,0.2548849227629637,0.02260215556802674,0.21058551187665986,0.29918433364926755,1
673,2500,5,stress,ccmar,0.2558505160746848,seq,0.2528792926657813,0.024053939749435177,0.20573443707059194,0.3000241482609707,1
674,2500,5,stress,ccmar,0.2558505160746848,full,0.2478974761614527,0.010718422504135737,0.22688975408226303,0.26890519824064235,1
674,2500,5,stress,ccmar,0.2558505160746848,cc,0.2542983156323561,0.017871707040873562,0.21927041348999302,0.2893262177747192,1
674,2500,5,stress,ccmar,0.2558505160746848,seq,0.24795095078977175,0.020927964845682556,0.2069328934225136,0.2889690081570299,1
675,2500,5,stress,ccmar,0.2558505160746848,full,0.2475364194309199,0.010659456593598116,0.22664426841269958,0.2684285704491402,1
675,2500,5,stress,ccmar,0.2558505160746848,cc,0.24458887916756744,0.01750381676315697,0.21028202871979132,0.2788957296153436,1
675,2500,5,stress,ccmar,0.2558505160746848,seq,0.25097415982651705,0.017650266881397533,0.2163802724214578,0.2855680472315763,1
676,2500,5,stress,ccmar,0.2558505160746848,full,0.26691610683162764,0.008906168195845728,0.24946033792751393,0.28437187573574135,1
676,2500,5,stress,ccmar,0.2558505160746848,cc,0.251420794672138,0.018272183155322915,0.21560797376878565,0.2872336155754904,1
676,2500,5,stress,ccmar,0.2558505160746848,seq,0.26054379206807926,0.018872368531897773,0.22355462944259258,0.29753295469356594,1
677,2500,5,stress,ccmar,0.2558505160746848,full,0.2596750598752831,0.009443063078394391,0.24116699633789018,0.27818312341267604,1
677,2500,5,stress,ccmar,0.2558505160746848,cc,0.2504515438311308,0.014652331487842831,0.22173350182541665,0.2791695858368449,1
677,2500,5,stress,ccmar,0.2558505160746848,seq,0.25184129946261063,0.014570877160803176,0.22328290500427916,0.2803996939209421,1
678,2500,5,stress,ccmar,0.2558505160746848,full,0.24006808249716738,0.008957448960724458,0.22251180514079172,0.25762435985354304,1
678,2500,5,stress,ccmar,0.2558505160746848,cc,0.31459459649387334,0.01928072285380325,0.27680507410452065,0.352384118883226,0
678,2500,5,stress,ccmar,0.2558505160746848,seq,0.31971011331425153,0.01765349372337729,0.28510990141512815,0.3543103252133749,0
679,2500,5,stress,ccmar,0.2558505160746848,full,0.24924994742088366,0.008761219097104957,0.2320782735298934,0.2664216213118739,1
679,2500,5,stress,ccmar,0.2558505160746848,cc,0.27240078343482294,0.015777606672847187,0.24147724259380363,0.30332432427584227,1
679,2500,5,stress,ccmar,0.2558505160746848,seq,0.2659240151125224,0.015863868452552842,0.23483140429003765,0.2970166259350071,1
680,2500,5,stress,ccmar,0.2558505160746848,full,0.2649448253293869,0.008528839564208765,0.24822860695361743,0.2816610437051564,1
680,2500,5,stress,ccmar,0.2558505160746848,cc,0.25561414608121885,0.02179341271409723,0.21289984206137097,0.29832845010106673,1
680,2500,5,stress,ccmar,0.2558505160746848,seq,0.26203912976580485,0.024595679053059455,0.2138324846465021,0.31024577488510763,1
681,2500,5,stress,ccmar,0.2558505160746848,full,0.25599723627577914,0.009266994790167698,0.23783426024213014,0.27416021230942816,1
681,2500,5,stress,ccmar,0.2558505160746848,cc,0.25096201026697984,0.02071066446559856,0.21036985381851317,0.2915541667154465,1
681,2500,5,stress,ccmar,0.2558505160746848,seq,0.25637496170786,0.020786789166790873,0.21563360358672254,0.29711631982899744,1
682,2500,5,stress,ccmar,0.2558505160746848,full,0.23980566753615748,0.01113323891730903,0.21798492022695207,0.26162641484536286,1
682,2500,5,stress,ccmar,0.2558505160746848,cc,0.23271624706714866,0.018579970027738205,0.1963001749789481,0.2691323191553492,1
682,2500,5,stress,ccmar,0.2558505160746848,seq,0.2360956579553556,0.019316235218131302,0.19823653261091403,0.2739547832997971,1
683,2500,5,stress,ccmar,0.2558505160746848,full,0.23842925702394419,0.009333121662056416,0.220136674702983,0.2567218393449054,1
683,2500,5,stress,ccmar,0.2558505160746848,cc,0.26036619615625406,0.015551307065255801,0.2298861943958294,0.2908461979166787,1
683,2500,5,stress,ccmar,0.2558505160746848,seq,0.2590633929867896,0.015516672607117518,0.22865127351694003,0.28947551245663916,1
684,2500,5,stress,ccmar,0.2558505160746848,full,0.2510119242912175,0.009667970357693248,0.2320630505865379,0.26996079799589706,1
684,2500,5,stress,ccmar,0.2558505160746848,cc,0.2531599456834905,0.07420368835329233,0.10772338899100325,0.3985965023759777,1
684,2500,5,stress,ccmar,0.2558505160746848,seq,0.2637998887367116,0.0862212733489278,0.0948092982716299,0.43279047920179337,1
685,2500,5,stress,ccmar,0.2558505160746848,full,0.26161653796241546,0.008895357119127879,0.24418195837930284,0.2790511175455281,1
685,2500,5,stress,ccmar,0.2558505160746848,cc,0.24695532374823687,0.01744511337984339,0.212763529817526,0.28114711767894773,1
685,2500,5,stress,ccmar,0.2558505160746848,seq,0.24371556187687837,0.01698045719319643,0.21043447733718929,0.27699664641656746,1
686,2500,5,stress,ccmar,0.2558505160746848,full,0.23459433857369144,0.009215800746037681,0.21653170102276023,0.2526569761246227,0
686,2500,5,stress,ccmar,0.2558505160746848,cc,0.1717264327473156,0.029502938089101368,0.11390173665456196,0.22955112884006926,0
686,2500,5,stress,ccmar,0.2558505160746848,seq,0.17316315990642617,0.02887054536742554,0.1165779307722424,0.22974838904060993,0
687,2500,5,stress,ccmar,0.2558505160746848,full,0.27765481594591634,0.010386367822794085,0.2572979090830542,0.29801172280877847,0
687,2500,5,stress,ccmar,0.2558505160746848,cc,0.24938710361217423,0.017724908254611857,0.21464692180385828,0.28412728542049015,1
687,2500,5,stress,ccmar,0.2558505160746848,seq,0.26432517648087084,0.018449408832636186,0.22816499963284875,0.3004853533288929,1
688,2500,5,stress,ccmar,0.2558505160746848,full,0.24455004290314172,0.009651155218142405,0.2256341262663768,0.26346595953990665,1
688,2500,5,stress,ccmar,0.2558505160746848,cc,0.17224631752679403,0.02869703956883645,0.11600115350895375,0.22849148154463433,0
688,2500,5,stress,ccmar,0.2558505160746848,seq,0.17234553630363136,0.02946371758164561,0.11459771099294638,0.23009336161431634,0
689,2500,5,stress,ccmar,0.2558505160746848,full,0.26912250105580177,0.008598398846219052,0.25226994899250166,0.2859750531191019,1
689,2500,5,stress,ccmar,0.2558505160746848,cc,0.3354250616291389,0.027056372852945196,0.28239554528507904,0.3884545779731987,0
689,2500,5,stress,ccmar,0.2558505160746848,seq,0.3421599318890724,0.0244841546401169,0.294171870602534,0.3901479931756108,0
690,2500,5,stress,ccmar,0.2558505160746848,full,0.274665374268267,0.008747875098921698,0.25751985413312567,0.2918108944034083,0
690,2500,5,stress,ccmar,0.2558505160746848,cc,0.22430473414162802,0.021503447463371076,0.18215875156997152,0.2664507167132845,1
690,2500,5,stress,ccmar,0.2558505160746848,seq,0.22088396510592861,0.02166942374010234,0.1784126750095908,0.26335525520226644,1
691,2500,5,stress,ccmar,0.2558505160746848,full,0.2882523336905251,0.009439812421985144,0.2697506413226204,0.30675402605842983,0
691,2500,5,stress,ccmar,0.2558505160746848,cc,0.2694706680733614,0.024519425071509927,0.22141347801157352,0.3175278581351493,1
691,2500,5,stress,ccmar,0.2558505160746848,seq,0.2630770970145608,0.02398436165837579,0.21606861197196087,0.3100855820571607,1
692,2500,5,stress,ccmar,0.2558505160746848,full,0.2346596585839659,0.009890661641846456,0.21527431798267505,0.25404499918525675,0
692,2500,5,stress,ccmar,0.2558505160746848,cc,0.33607039589869125,0.08105652004059918,0.17720253590696775,0.49493825589041474,1
692,2500,5,stress,ccmar,0.2558505160746848,seq,0.320226615215125,0.06549380027992072,0.1918611254558211,0.4485921049744289,1
693,2500,5,stress,ccmar,0.2558505160746848,full,0.2650782746616146,0.008775968555946166,0.24787769236250412,0.2822788569607251,1
693,2500,5,stress,ccmar,0.2558505160746848,cc,0.226430890255597,0.018150469317167527,0.19085662409144935,0.26200515641974464,1
693,2500,5,stress,ccmar,0.2558505160746848,seq,0.2291852538674625,0.018525950189834085,0.19287505871600472,0.2654954490189203,1
694,2500,5,stress,ccmar,0.2558505160746848,full,0.2541464024812573,0.00889172070065717,0.23671895014738,0.27157385481513463,1
694,2500,5,stress,ccmar,0.2558505160746848,cc,0.31040819608598613,0.04202486953800008,0.22804096533651155,0.39277542683546074,1
694,2500,5,stress,ccmar,0.2558505160746848,seq,0.30992481861191157,0.03927679725457294,0.23294371056486693,0.3869059266589562,1
695,2500,5,stress,ccmar,0.2558505160746848,full,0.24516067283014303,0.009644997112657665,0.2262568258583412,0.2640645198019449,1
695,2500,5,stress,ccmar,0.2558505160746848,cc,0.2608842772021813,0.02426462279329643,0.21332649042887064,0.308442063975492,1
695,2500,5,stress,ccmar,0.2558505160746848,seq,0.2673224043175382,0.020296555903354965,0.22754188573675863,0.30710292289831775,1
696,2500,5,stress,ccmar,0.2558505160746848,full,0.26005911373877955,0.008360983896898752,0.24367188642553864,0.27644634105202043,1
696,2500,5,stress,ccmar,0.2558505160746848,cc,0.25970212845942015,0.020070766131934512,0.22036414969870222,0.2990401072201381,1
696,2500,5,stress,ccmar,0.2558505160746848,seq,0.26516206370483,0.020237303847518286,0.22549767701950027,0.30482645039015965,1
697,2500,5,stress,ccmar,0.2558505160746848,full,0.26917818392180304,0.00922088752273346,0.2511055764717507,0.2872507913718554,1
697,2500,5,stress,ccmar,0.2558505160746848,cc,0.24898415161297527,0.022901118160209413,0.20409878481326865,0.2938695184126819,1
697,2500,5,stress,ccmar,0.2558505160746848,seq,0.246462555188875,0.02489080496687247,0.19767747390759427,0.2952476364701557,1
698,2500,5,stress,ccmar,0.2558505160746848,full,0.2555328066025414,0.008821876945709467,0.23824224551290663,0.2728233676921762,1
698,2500,5,stress,ccmar,0.2558505160746848,cc,0.2328330978214071,0.023182507488556655,0.18739621807250595,0.27826997757030825,1
698,2500,5,stress,ccmar,0.2558505160746848,seq,0.23587700122521327,0.01871283438141319,0.19920051978898057,0.27255348266144597,1
699,2500,5,stress,ccmar,0.2558505160746848,full,0.2649100713791684,0.009880362198076035,0.24554491731672837,0.28427522544160844,1
699,2500,5,stress,ccmar,0.2558505160746848,cc,0.2798701955658149,0.024718197142424233,0.2314234194039025,0.3283169717277273,1
699,2500,5,stress,ccmar,0.2558505160746848,seq,0.28334250459604554,0.023281222677961743,0.23771214663118337,0.3289728625609077,1
700,2500,5,stress,ccmar,0.2558505160746848,full,0.24995625864454069,0.008730403927367087,0.23284498137641416,0.26706753591266724,1
700,2500,5,stress,ccmar,0.2558505160746848,cc,0.2454587610876583,0.028277285161789404,0.1900363005899822,0.3008812215853344,1
700,2500,5,stress,ccmar,0.2558505160746848,seq,0.24368262248715228,0.02908569974863027,0.18667569851469124,0.3006895464596133,1
701,2500,5,stress,ccmar,0.2558505160746848,full,0.26096264438905525,0.009676193027813597,0.24199765454708302,0.27992763423102746,1
701,2500,5,stress,ccmar,0.2558505160746848,cc,0.41445429153688346,0.15980724835338123,0.1012378402958084,0.7276707427779585,1
701,2500,5,stress,ccmar,0.2558505160746848,seq,0.43351652555808406,0.1774402729936372,0.08573998108359993,0.7812930700325682,1
702,2500,5,stress,ccmar,0.2558505160746848,full,0.2344486882401477,0.01652920274805796,0.2020520461607936,0.2668453303195018,1
702,2500,5,stress,ccmar,0.2558505160746848,cc,0.1677238229865285,0.06624819696022366,0.037879742903774244,0.2975679030692827,1
702,2500,5,stress,ccmar,0.2558505160746848,seq,0.16966923139643722,0.06006191891370387,0.051950033483212546,0.2873884293096619,1
703,2500,5,stress,ccmar,0.2558505160746848,full,0.2651497452381493,0.00912882259318199,0.24725758173425708,0.28304190874204155,1
703,2500,5,stress,ccmar,0.2558505160746848,cc,0.2928109619483967,0.03388381990542911,0.22639989527511423,0.3592220286216791,1
703,2500,5,stress,ccmar,0.2558505160746848,seq,0.285537644716494,0.03548252225202962,0.2159931790218749,0.35508211041111315,1
704,2500,5,stress,ccmar,0.2558505160746848,full,0.2580343331917182,0.009014110249894543,0.24036700174925155,0.27570166463418483,1
704,2500,5,stress,ccmar,0.2558505160746848,cc,0.2800805251611701,0.030398594884610802,0.2205003740067094,0.3396606763156308,1
704,2500,5,stress,ccmar,0.2558505160746848,seq,0.2836653388837851,0.03497559620889369,0.2151144299765378,0.3522162477910324,1
705,2500,5,stress,ccmar,0.2558505160746848,full,0.25472418553351406,0.009302146494324084,0.23649231342572333,0.27295605764130476,1
705,2500,5,stress,ccmar,0.2558505160746848,cc,0.2555046225458889,0.014525711659810526,0.22703475084284674,0.28397449424893106,1
705,2500,5,stress,ccmar,0.2558505160746848,seq,0.2456281526298878,0.015266780609892155,0.21570581247462473,0.27555049278515087,1
706,2500,5,stress,ccmar,0.2558505160746848,full,0.25813632454625424,0.009231477803676393,0.24004296052696758,0.27622968856554087,1
706,2500,5,stress,ccmar,0.2558505160746848,cc,0.28988996006100276,0.03177078830930699,0.22762035921431487,0.3521595609076906,1
706,2500,5,stress,ccmar,0.2558505160746848,seq,0.30637411271072656,0.04749550884861908,0.21328462594002973,0.3994635994814234,1
707,2500,5,stress,ccmar,0.2558505160746848,full,0.26498475284659956,0.009025045387966465,0.24729598892734597,0.28267351676585317,1
707,2500,5,stress,ccmar,0.2558505160746848,cc,0.08627973270061173,0.14784328500160598,-0.20348778125862677,0.37604724665985023,1
707,2500,5,stress,ccmar,0.2558505160746848,seq,0.10484981848511322,0.13055892242087,-0.15104096732015093,0.36074060429037735,1
708,2500,5,stress,ccmar,0.2558505160746848,full,0.2711503548274235,0.01334845427271504,0.24498786520362223,0.2973128444512248,1
708,2500,5,stress,ccmar,0.2558505160746848,cc,0.2584300872346761,0.031861930559962476,0.19598185085923353,0.32087832361011864,1
708,2500,5,stress,ccmar,0.2558505160746848,seq,0.27144936245744583,0.03238981678419292,0.20796648809457674,0.3349322368203149,1
709,2500,5,stress,ccmar,0.2558505160746848,full,0.2293034343955818,0.009301389416153405,0.21107304613373906,0.24753382265742452,0
709,2500,5,stress,ccmar,0.2558505160746848,cc,0.2230848456093826,0.017169956970874204,0.1894323483303667,0.2567373428883985,1
709,2500,5,stress,ccmar,0.2558505160746848,seq,0.21929780291518727,0.017426515959567023,0.18514245925842343,0.2534531465719511,0
710,2500,5,stress,ccmar,0.2558505160746848,full,0.24336259236335253,0.008711830420103294,0.22628771850052962,0.2604374662261754,1
710,2500,5,stress,ccmar,0.2558505160746848,cc,0.25469338929641644,0.015695314243963268,0.22393113865220993,0.28545563994062295,1
710,2500,5,stress,ccmar,0.2558505160746848,seq,0.2485160604769143,0.016833658215028677,0.21552269664740129,0.28150942430642734,1
711,2500,5,stress,ccmar,0.2558505160746848,full,0.25921802048112214,0.0090118489535565,0.24155512109803642,0.2768809198642079,1
711,2500,5,stress,ccmar,0.2558505160746848,cc,0.2811140597017096,0.03203128492036819,0.21833389487924704,0.3438942245241722,1
711,2500,5,stress,ccmar,0.2558505160746848,seq,0.2885779342122357,0.034791790714336274,0.22038727745448153,0.3567685909699899,1
712,2500,5,stress,ccmar,0.2558505160746848,full,0.2591877703479988,0.009454199001178816,0.24065788080301376,0.2777176598929838,1
712,2500,5,stress,ccmar,0.2558505160746848,cc,0.2941169945362714,0.01497823356452061,0.264760196197782,0.32347379287476075,0
712,2500,5,stress,ccmar,0.2558505160746848,seq,0.2924471341546238,0.015142601174545592,0.2627681812202605,0.3221260870889871,0
713,2500,5,stress,ccmar,0.2558505160746848,full,0.2552096680921734,0.008916093714087275,0.23773444552977835,0.2726848906545684,1
713,2500,5,stress,ccmar,0.2558505160746848,cc,0.2522337914959092,0.020591768269402413,0.21187466730988577,0.2925929156819326,1
713,2500,5,stress,ccmar,0.2558505160746848,seq,0.25468356431784545,0.0193891780046472,0.21668147373890073,0.29268565489679016,1
714,2500,5,stress,ccmar,0.2558505160746848,full,0.25685581401562835,0.0091893478102668,0.23884502326609341,0.2748666047651633,1
714,2500,5,stress,ccmar,0.2558505160746848,cc,0.3319157604948634,0.02054522302371486,0.29164786331403914,0.3721836576756876,0
714,2500,5,stress,ccmar,0.2558505160746848,seq,0.3254046377707051,0.0227456417003309,0.28082399923280416,0.36998527630860606,0
715,2500,5,stress,ccmar,0.2558505160746848,full,0.2428946693155054,0.00901558075774864,0.22522445573060573,0.2605648829004051,1
715,2500,5,stress,ccmar,0.2558505160746848,cc,0.29318466363618634,0.021236667598238758,0.25156155999198965,0.33480776728038303,1
715,2500,5,stress,ccmar,0.2558505160746848,seq,0.29306133834375614,0.02060809699004787,0.252670210453354,0.33345246623415825,1
716,2500,5,stress,ccmar,0.2558505160746848,full,0.2777304799019142,0.009890612655146994,0.25834523531279,0.29711572449103835,0
716,2500,5,stress,ccmar,0.2558505160746848,cc,0.32148244883190225,0.034441666734411805,0.25397802246492385,0.38898687519888064,1
716,2500,5,stress,ccmar,0.2558505160746848,seq,0.34605862506721785,0.05097875470959584,0.24614210185970833,0.4459751482747274,1
717,2500,5,stress,ccmar,0.2558505160746848,full,0.2533667780047664,0.009336229714509441,0.23506810401293526,0.2716654519965976,1
717,2500,5,stress,ccmar,0.2558505160746848,cc,0.34802878712748325,0.024232513672477928,0.30053393307455206,0.39552364118041444,0
717,2500,5,stress,ccmar,0.2558505160746848,seq,0.35114749144334373,0.026417610345040463,0.29936992660945166,0.4029250562772358,0
718,2500,5,stress,ccmar,0.2558505160746848,full,0.2414941740508893,0.01021690573809465,0.22146940677078317,0.2615189413309954,1
718,2500,5,stress,ccmar,0.2558505160746848,cc,0.2556772621260633,0.021357504086175875,0.21381732331749154,0.29753720093463504,1
718,2500,5,stress,ccmar,0.2558505160746848,seq,0.2540588702352581,0.019898093187848985,0.21505932422605228,0.2930584162444639,1
719,2500,5,stress,ccmar,0.2558505160746848,full,0.2578316396853061,0.008843043255425289,0.24049959339094268,0.2751636859796695,1
719,2500,5,stress,ccmar,0.2558505160746848,cc,0.3019253272450692,0.03579961271963452,0.23175937565410354,0.3720912788360349,1
719,2500,5,stress,ccmar,0.2558505160746848,seq,0.29693088811620416,0.03279452191746057,0.23265480626777202,0.3612069699646363,1
720,2500,5,stress,ccmar,0.2558505160746848,full,0.2217217211490294,0.008979404434722046,0.20412241185435495,0.23932103044370387,0
720,2500,5,stress,ccmar,0.2558505160746848,cc,0.17410104566502563,0.030003806182390232,0.11529466614842056,0.2329074251816307,0
720,2500,5,stress,ccmar,0.2558505160746848,seq,0.17892411164839014,0.03178338508696365,0.11662982157117394,0.24121840172560635,0
721,2500,5,stress,ccmar,0.2558505160746848,full,0.26600081268261044,0.00916643668879834,0.2480349269059991,0.2839666984592218,1
721,2500,5,stress,ccmar,0.2558505160746848,cc,0.24747127249385925,0.020051234442257267,0.20817157514146595,0.28677096984625255,1
721,2500,5,stress,ccmar,0.2558505160746848,seq,0.246604073735976,0.020696023826240535,0.20604061241336172,0.2871675350585903,1
722,2500,5,stress,ccmar,0.2558505160746848,full,0.2513973908546759,0.009399940479197176,0.23297384605862925,0.2698209356507225,1
722,2500,5,stress,ccmar,0.2558505160746848,cc,0.273401414223299,0.02308945422632017,0.22814691551702532,0.3186559129295727,1
722,2500,5,stress,ccmar,0.2558505160746848,seq,0.27140569183156465,0.024791612416650337,0.22281502437625397,0.3199963592868753,1
723,2500,5,stress,ccmar,0.2558505160746848,full,0.27842351535985027,0.009090918514307777,0.2606056424854187,0.29624138823428187,0
723,2500,5,stress,ccmar,0.2558505160746848,cc,0.2726132432208652,0.040578088240567585,0.19308165170786445,0.352144834733866,1
723,2500,5,stress,ccmar,0.2558505160746848,seq,0.29169241242875676,0.04706291191362372,0.19945080007047325,0.3839340247870403,1
724,2500,5,stress,ccmar,0.2558505160746848,full,0.26075060487612384,0.008711445581800236,0.2436764852825148,0.2778247244697329,1
724,2500,5,stress,ccmar,0.2558505160746848,cc,0.26583689530134086,0.015567561322601288,0.2353250357819236,0.2963487548207581,1
724,2500,5,stress,ccmar,0.2558505160746848,seq,0.2707913528692484,0.016777773754909388,0.23790752056886463,0.3036751851696321,1
725,2500,5,stress,ccmar,0.2558505160746848,full,0.27143323874205516,0.009529862945565121,0.2527550505911447,0.2901114268929656,1
725,2500,5,stress,ccmar,0.2558505160746848,cc,0.2304464028247304,0.031021105815992468,0.16964615266477914,0.2912466529846816,1
725,2500,5,stress,ccmar,0.2558505160746848,seq,0.2287727317347321,0.03210885468117599,0.16584053297479684,0.29170493049466734,1
726,2500,5,stress,ccmar,0.2558505160746848,full,0.256963440311426,0.00894531420290154,0.23943094664334436,0.2744959339795076,1
726,2500,5,stress,ccmar,0.2558505160746848,cc,0.28084327881978405,0.017718526328255556,0.24611560535727844,0.31557095228228965,1
726,2500,5,stress,ccmar,0.2558505160746848,seq,0.2814575205735485,0.017492486137198685,0.24717287774457292,0.3157421634025241,1
727,2500,5,stress,ccmar,0.2558505160746848,full,0.24651664255267947,0.008630336346655183,0.22960149413876832,0.26343179096659064,1
727,2500,5,stress,ccmar,0.2558505160746848,cc,0.21714444687203813,0.03677325799839912,0.1450701856009764,0.28921870814309986,1
727,2500,5,stress,ccmar,0.2558505160746848,seq,0.21749464998411214,0.03866682676242419,0.14170906213331125,0.293280237834913,1
728,2500,5,stress,ccmar,0.2558505160746848,full,0.25849624290482814,0.008398253031041492,0.24203596943093247,0.2749565163787238,1
728,2500,5,stress,ccmar,0.2558505160746848,cc,0.22211184692060004,0.023390374647636904,0.17626755502633296,0.26795613881486713,1
728,2500,5,stress,ccmar,0.2558505160746848,seq,0.2212933866737194,0.022182931298846454,0.17781564025645402,0.26477113309098477,1
729,2500,5,stress,ccmar,0.2558505160746848,full,0.22704179534385321,0.009866899667864986,0.20770302735576762,0.2463805633319388,0
729,2500,5,stress,ccmar,0.2558505160746848,cc,0.24533126012915196,0.014707619438535975,0.21650485573130024,0.2741576645270037,1
729,2500,5,stress,ccmar,0.2558505160746848,seq,0.24548981681315063,0.016465308207710135,0.21321840573168702,0.2777612278946142,1
730,2500,5,stress,ccmar,0.2558505160746848,full,0.2679337623182686,0.00909400570284115,0.2501098386654981,0.2857576859710391,1
730,2500,5,stress,ccmar,0.2558505160746848,cc,0.2688912640142796,0.02268999317200268,0.2244196945876946,0.3133628334408646,1
730,2500,5,stress,ccmar,0.2558505160746848,seq,0.2719861516032293,0.02207925912347246,0.22871159891589588,0.31526070429056274,1
731,2500,5,stress,ccmar,0.2558505160746848,full,0.2662191760272463,0.009202577835695152,0.24818245490435725,0.2842558971501354,1
731,2500,5,stress,ccmar,0.2558505160746848,cc,0.2517568788012063,0.021520188848977953,0.20957808371670902,0.2939356738857036,1
731,2500,5,stress,ccmar,0.2558505160746848,seq,0.2580732405627246,0.023204598088719372,0.21259306403310768,0.30355341709234157,1
732,2500,5,stress,ccmar,0.2558505160746848,full,0.25961691751905663,0.008950771963333744,0.24207372683709164,0.27716010820102166,1
732,2500,5,stress,ccmar,0.2558505160746848,cc,0.014725596888211885,0.16162562946565986,-0.3020548158430972,0.331506009619521,1
732,2500,5,stress,ccmar,0.2558505160746848,seq,-0.05123679963272052,0.2138847809445257,-0.47044326712522977,0.3679696678597887,1
733,2500,5,stress,ccmar,0.2558505160746848,full,0.2414859159189905,0.009249962895732048,0.22335632178502385,0.25961551005295713,1
733,2500,5,stress,ccmar,0.2558505160746848,cc,0.22882352795675007,0.02511556180252429,0.17959793137231256,0.2780491245411876,1
733,2500,5,stress,ccmar,0.2558505160746848,seq,0.2306225413325225,0.025597856350285473,0.18045166480453306,0.28079341786051193,1
734,2500,5,stress,ccmar,0.2558505160746848,full,0.24175378827171257,0.008346414925715508,0.22539511561728262,0.2581124609261425,1
734,2500,5,stress,ccmar,0.2558505160746848,cc,0.22687846431741313,0.022667684138243393,0.18245061979352623,0.2713063088413,1
734,2500,5,stress,ccmar,0.2558505160746848,seq,0.23278019618456924,0.02554024006427746,0.18272224550207847,0.28283814686706,1
735,2500,5,stress,ccmar,0.2558505160746848,full,0.24360774268770174,0.0087871259052962,0.22638529238570226,0.2608301929897012,1
735,2500,5,stress,ccmar,0.2558505160746848,cc,0.22140595312160777,0.020097161771763974,0.1820162398574752,0.26079566638574037,1
735,2500,5,stress,ccmar,0.2558505160746848,seq,0.2231543104383708,0.022252993618242446,0.17953924439841595,0.26676937647832566,1
736,2500,5,stress,ccmar,0.2558505160746848,full,0.25421578994465244,0.009339036544832636,0.2359116146664771,0.2725199652228278,1
736,2500,5,stress,ccmar,0.2558505160746848,cc,0.2621084155183702,0.02216063826073814,0.21867436265290313,0.3055424683838373,1
736,2500,5,stress,ccmar,0.2558505160746848,seq,0.2622235100068088,0.023027195827308628,0.2170910355203329,0.3073559844932848,1
737,2500,5,stress,ccmar,0.2558505160746848,full,0.2497106580912824,0.00873872907596281,0.23258306383174232,0.2668382523508225,1
737,2500,5,stress,ccmar,0.2558505160746848,cc,0.2752759350266469,0.014934859030904241,0.2460041492118918,0.30454772084140197,1
737,2500,5,stress,ccmar,0.2558505160746848,seq,0.2710635298704547,0.016176514283814523,0.23935814447878045,0.3027689152621289,1
738,2500,5,stress,ccmar,0.2558505160746848,full,0.27385626999489143,0.008940514658180434,0.25633318326160537,0.2913793567281775,0
738,2500,5,stress,ccmar,0.2558505160746848,cc,0.2517598539199573,0.021310855151473507,0.20999134534331937,0.29352836249659525,1
738,2500,5,stress,ccmar,0.2558505160746848,seq,0.23909119772192008,0.021038780560866447,0.19785594554398045,0.2803264498998597,1
739,2500,5,stress,ccmar,0.2558505160746848,full,0.2525137093424511,0.010057702758865607,0.23280097416786538,0.2722264445170368,1
739,2500,5,stress,ccmar,0.2558505160746848,cc,0.15561824767769175,0.04214045878679436,0.07302446616358035,0.23821202919180315,0
739,2500,5,stress,ccmar,0.2558505160746848,seq,0.14083769563229184,0.04583517486365224,0.05100240367443787,0.23067298759014582,0
740,2500,5,stress,ccmar,0.2558505160746848,full,0.2528919472447809,0.009724045202563073,0.2338331688637178,0.27195072562584405,1
740,2500,5,stress,ccmar,0.2558505160746848,cc,0.28993748718306034,0.02179161553664661,0.2472267055662895,0.33264826879983117,1
740,2500,5,stress,ccmar,0.2558505160746848,seq,0.28300971949345577,0.02274721678513936,0.23842599384605762,0.3275934451408539,1
741,2500,5,stress,ccmar,0.2558505160746848,full,0.26424079215466045,0.0084449310993727,0.24768903134796771,0.2807925529613532,1
741,2500,5,stress,ccmar,0.2558505160746848,cc,0.27700078007908074,0.020347314183793166,0.23712077709672513,0.31688078306143636,1
741,2500,5,stress,ccmar,0.2558505160746848,seq,0.27671144107010814,0.01932589377709449,0.2388333852979562,0.3145894968422601,1
742,2500,5,stress,ccmar,0.2558505160746848,full,0.25370508458335506,0.010240229404455285,0.23363460375719464,0.2737755654095155,1
742,2500,5,stress,ccmar,0.2558505160746848,cc,0.24202903701944714,0.03127053593096613,0.18073991281748783,0.3033181612214064,1
742,2500,5,stress,ccmar,0.2558505160746848,seq,0.25010139011018656,0.030863482768407616,0.18961007544663508,0.31059270477373807,1
743,2500,5,stress,ccmar,0.2558505160746848,full,0.255771842484429,0.009339886326361495,0.23746600166506238,0.27407768330379567,1
743,2500,5,stress,ccmar,0.2558505160746848,cc,0.285441660874458,0.015406151763482125,0.2552461582776748,0.3156371634712412,1
743,2500,5,stress,ccmar,0.2558505160746848,seq,0.2923215836494481,0.01585579407640661,0.26124479831340763,0.32339836898548857,0
744,2500,5,stress,ccmar,0.2558505160746848,full,0.2472012847423036,0.009542199963176684,0.22849891648119786,0.26590365300340935,1
744,2500,5,stress,ccmar,0.2558505160746848,cc,0.27126753829398165,0.01681675613012806,0.23830730194213748,0.30422777464582584,1
744,2500,5,stress,ccmar,0.2558505160746848,seq,0.26943847504306007,0.016281283598134223,0.2375277455686343,0.30134920451748587,1
745,2500,5,stress,ccmar,0.2558505160746848,full,0.2608564778289565,0.00957957553841199,0.24208085478648808,0.27963210087142487,1
745,2500,5,stress,ccmar,0.2558505160746848,cc,0.23679227618562482,0.015402318982749009,0.20660428570103917,0.26698026667021046,1
745,2500,5,stress,ccmar,0.2558505160746848,seq,0.23678190617133824,0.015782066061411745,0.20584962508933932,0.2677141872533372,1
746,2500,5,stress,ccmar,0.2558505160746848,full,0.2610661893984015,0.010096538319821801,0.2412773379230222,0.28085504087378077,1
746,2500,5,stress,ccmar,0.2558505160746848,cc,0.22189105731915537,0.02568700883040585,0.17154544514099757,0.2722366694973132,1
746,2500,5,stress,ccmar,0.2558505160746848,seq,0.22677614915045177,0.028363090703100648,0.17118551288213166,0.28236678541877186,1
747,2500,5,stress,ccmar,0.2558505160746848,full,0.25211544064093816,0.010807289069431568,0.2309335432943389,0.2732973379875374,1
747,2500,5,stress,ccmar,0.2558505160746848,cc,0.24361301205932614,0.01890863405426005,0.20655277031612887,0.28067325380252345,1
747,2500,5,stress,ccmar,0.2558505160746848,seq,0.24280193363876615,0.019345938518128013,0.20488459089610905,0.28071927638142324,1
748,2500,5,stress,ccmar,0.2558505160746848,full,0.2624613442846353,0.014726613821419614,0.23359771158042308,0.2913249769888475,1
748,2500,5,stress,ccmar,0.2558505160746848,cc,0.3166565009730741,0.035664572869564384,0.24675522262472355,0.3865577793214246,1
748,2500,5,stress,ccmar,0.2558505160746848,seq,0.31156790373933213,0.035122930975971745,0.24272822399494126,0.380407583483723,1
749,2500,5,stress,ccmar,0.2558505160746848,full,0.2658147499602762,0.008881947364014712,0.2484064530142269,0.2832230469063255,1
749,2500,5,stress,ccmar,0.2558505160746848,cc,0.2135204587580763,0.02106682372767741,0.17223024298317471,0.25481067453297784,0
749,2500,5,stress,ccmar,0.2558505160746848,seq,0.2180782365355491,0.02057241007644308,0.17775705371053177,0.25839941936056643,1
750,2500,5,stress,ccmar,0.2558505160746848,full,0.2538661077107876,0.008604978160909448,0.2370006604276514,0.2707315549939238,1
750,2500,5,stress,ccmar,0.2558505160746848,cc,0.2485810149161157,0.025959152669407088,0.197702010614901,0.2994600192173304,1
750,2500,5,stress,ccmar,0.2558505160746848,seq,0.25244453994722826,0.025461460759831352,0.20254099386417898,0.3023480860302776,1
751,2500,5,stress,ccmar,0.2558505160746848,full,0.24878938939338938,0.008530877182366866,0.2320691773594158,0.26550960142736296,1
751,2500,5,stress,ccmar,0.2558505160746848,cc,0.23718478181388797,0.024426999579249667,0.18930874238818357,0.28506082123959237,1
751,2500,5,stress,ccmar,0.2558505160746848,seq,0.22932749212397713,0.026691919718645474,0.1770122907971975,0.28164269345075676,1
752,2500,5,stress,ccmar,0.2558505160746848,full,0.2523151969046116,0.008865623197194509,0.23493889473760754,0.2696914990716157,1
752,2500,5,stress,ccmar,0.2558505160746848,cc,0.22109425190154888,0.040612289444123074,0.14149562726135145,0.3006928765417463,1
752,2500,5,stress,ccmar,0.2558505160746848,seq,0.22396139903893403,0.036338849524453536,0.15273856273138464,0.2951842353464834,1
753,2500,5,stress,ccmar,0.2558505160746848,full,0.2596939752098562,0.010078857114672156,0.2399397782597735,0.27944817215993895,1
753,2500,5,stress,ccmar,0.2558505160746848,cc,0.35831852793503083,0.03282823475779724,0.29397637013372224,0.4226606857363394,0
753,2500,5,stress,ccmar,0.2558505160746848,seq,0.3571550098730842,0.033213430765430006,0.2920578817698268,0.4222521379763416,0
754,2500,5,stress,ccmar,0.2558505160746848,full,0.2666450643564281,0.010369202251446908,0.2463218013951805,0.2869683273176757,1
754,2500,5,stress,ccmar,0.2558505160746848,cc,0.03237047143749137,0.21611187054026249,-0.3912010114530058,0.45594195432798856,1
754,2500,5,stress,ccmar,0.2558505160746848,seq,-0.020116918676886326,0.2544110299633761,-0.5187533746748441,0.47851953732107144,1
755,2500,5,stress,ccmar,0.2558505160746848,full,0.23272671192482358,0.009287324134012573,0.21452389110940928,0.2509295327402379,0
755,2500,5,stress,ccmar,0.2558505160746848,cc,0.22770858142219735,0.015402320008605136,0.19752058892697064,0.2578965739174241,1
755,2500,5,stress,ccmar,0.2558505160746848,seq,0.21865720539412428,0.014747120376767968,0.1897533805799823,0.24756103020826625,0
756,2500,5,stress,ccmar,0.2558505160746848,full,0.26348981400146315,0.010773990239363007,0.24237318116252557,0.2846064468404007,1
756,2500,5,stress,ccmar,0.2558505160746848,cc,0.30947177056652897,0.04010748692706452,0.23086254067907147,0.38808100045398647,1
756,2500,5,stress,ccmar,0.2558505160746848,seq,0.31057158476124885,0.041742816944269324,0.22875716693723266,0.392386002585265,1
757,2500,5,stress,ccmar,0.2558505160746848,full,0.2602599264952044,0.00987653523048372,0.24090227315141532,0.2796175798389935,1
757,2500,5,stress,ccmar,0.2558505160746848,cc,0.30110108830829735,0.04597987802289753,0.21098218336987346,0.39121999324672124,1
757,2500,5,stress,ccmar,0.2558505160746848,seq,0.2959939111710273,0.04763584065949544,0.20262937910512752,0.3893584432369271,1
758,2500,5,stress,ccmar,0.2558505160746848,full,0.2444601267757202,0.008917574860901977,0.22698200121891254,0.2619382523325279,1
758,2500,5,stress,ccmar,0.2558505160746848,cc,0.23429374588431948,0.020230583414628026,0.1946425310054152,0.2739449607632238,1
758,2500,5,stress,ccmar,0.2558505160746848,seq,0.23385419466031998,0.0194158436583867,0.19579984036042164,0.2719085489602183,1
759,2500,5,stress,ccmar,0.2558505160746848,full,0.24024202397989583,0.009085066611863068,0.2224356206234969,0.2580484273362948,1
759,2500,5,stress,ccmar,0.2558505160746848,cc,0.23032943619502652,0.058510713054719485,0.11565054589801876,0.3450083264920343,1
759,2500,5,stress,ccmar,0.2558505160746848,seq,0.22574758091185312,0.05928296177778529,0.10955511093052935,0.3419400508931769,1
760,2500,5,stress,ccmar,0.2558505160746848,full,0.2828289795813762,0.00949150036756033,0.2642259807017093,0.30143197846104314,0
760,2500,5,stress,ccmar,0.2558505160746848,cc,0.32798934891220327,0.017024649203281682,0.2946216496243427,0.36135704820006387,0
760,2500,5,stress,ccmar,0.2558505160746848,seq,0.3139853578980322,0.017170821312587365,0.2803311665403882,0.34763954925567625,0
761,2500,5,stress,ccmar,0.2558505160746848,full,0.2428803225971762,0.008892579172951906,0.2254511876885195,0.2603094575058329,1
761,2500,5,stress,ccmar,0.2558505160746848,cc,0.26321261333408186,0.015439947685390375,0.23295087194753417,0.29347435472062955,1
761,2500,5,stress,ccmar,0.2558505160746848,seq,0.26849077546941363,0.015164135844042614,0.23876961535841723,0.29821193558041004,1
762,2500,5,stress,ccmar,0.2558505160746848,full,0.25355998356710796,0.009625026811546441,0.23469527766624454,0.2724246894679714,1
762,2500,5,stress,ccmar,0.2558505160746848,cc,0.29877669749184343,0.045614560412864984,0.20937380191200156,0.3881795930716853,1
762,2500,5,stress,ccmar,0.2558505160746848,seq,0.30509710680398955,0.05179904724420747,0.20357283977185417,0.40662137383612496,1
763,2500,5,stress,ccmar,0.2558505160746848,full,0.26336290695203435,0.010234141258850029,0.24330435867199288,0.2834214552320758,1
763,2500,5,stress,ccmar,0.2558505160746848,cc,0.29673100728604684,0.012711113266880897,0.271817683079551,0.3216443314925427,0
763,2500,5,stress,ccmar,0.2558505160746848,seq,0.2936565220624072,0.012942576787414051,0.2682895376919316,0.31902350643288285,0
764,2500,5,stress,ccmar,0.2558505160746848,full,0.25790698353307095,0.009544353972839394,0.23920039349060396,0.27661357357553795,1
764,2500,5,stress,ccmar,0.2558505160746848,cc,0.30239962747374405,0.02496546325585989,0.2534682186349006,0.3513310363125875,1
764,2500,5,stress,ccmar,0.2558505160746848,seq,0.298040613659443,0.024628475844074654,0.249769688010942,0.34631153930794406,1
765,2500,5,stress,ccmar,0.2558505160746848,full,0.2739335086623105,0.009053755081348163,0.2561884747780216,0.29167854254659936,0
765,2500,5,stress,ccmar,0.2558505160746848,cc,0.21524267262954316,0.053914579507523056,0.10957203855317674,0.32091330670590956,1
765,2500,5,stress,ccmar,0.2558505160746848,seq,0.22840511117552473,0.049074290454868746,0.13222126931712425,0.3245889530339252,1
766,2500,5,stress,ccmar,0.2558505160746848,full,0.248986101578937,0.009017433820840224,0.23131225605711675,0.26665994710075724,1
766,2500,5,stress,ccmar,0.2558505160746848,cc,0.261258058329674,0.014943679923736004,0.2319689838826572,0.29054713277669086,1
766,2500,5,stress,ccmar,0.2558505160746848,seq,0.2560248319574588,0.014983280549196731,0.22665814171077367,0.2853915222041439,1
767,2500,5,stress,ccmar,0.2558505160746848,full,0.2319141436940403,0.009672720530548243,0.21295595982164456,0.250872327566436,0
767,2500,5,stress,ccmar,0.2558505160746848,cc,0.24456008043060423,0.026063794349705596,0.1934759822047227,0.29564417865648573,1
767,2500,5,stress,ccmar,0.2558505160746848,seq,0.24452769726521573,0.025070089183632738,0.19539122537608838,0.29366416915434307,1
768,2500,5,stress,ccmar,0.2558505160746848,full,0.2767480885696253,0.008862614730085795,0.25937768288980295,0.29411849424944764,0
768,2500,5,stress,ccmar,0.2558505160746848,cc,0.2887481560047361,0.028842375413088792,0.23221813896649848,0.3452781730429737,1
768,2500,5,stress,ccmar,0.2558505160746848,seq,0.30200549613526456,0.03588558019634382,0.23167105138610689,0.37233994088442224,1
769,2500,5,stress,ccmar,0.2558505160746848,full,0.26477454961595415,0.009070254353774166,0.24699717775193916,0.28255192147996916,1
769,2500,5,stress,ccmar,0.2558505160746848,cc,0.1862364809091381,0.022031875698722826,0.14305479802777812,0.2294181637904981,0
769,2500,5,stress,ccmar,0.2558505160746848,seq,0.20924261629251373,0.02199084489198663,0.16614135231461333,0.25234388027041416,0
770,2500,5,stress,ccmar,0.2558505160746848,full,0.2529200373131919,0.0089694844200482,0.2353401708900043,0.2704999037363795,1
770,2500,5,stress,ccmar,0.2558505160746848,cc,0.28176293116491435,0.023608665990652433,0.23549079610019996,0.32803506622962875,1
770,2500,5,stress,ccmar,0.2558505160746848,seq,0.27285321243705024,0.023390483135461215,0.22700870791055475,0.31869771696354576,1
771,2500,5,stress,ccmar,0.2558505160746848,full,0.25794834226782537,0.009341408248781387,0.23963951853532847,0.27625716600032224,1
771,2500,5,stress,ccmar,0.2558505160746848,cc,0.2662550819635255,0.024250469842923353,0.218725034463221,0.31378512946382997,1
771,2500,5,stress,ccmar,0.2558505160746848,seq,0.2653117155828604,0.026205876123492854,0.21394914219749625,0.31667428896822447,1
772,2500,5,stress,ccmar,0.2558505160746848,full,0.2687767278678234,0.009049854358778286,0.2510393392592852,0.28651411647636166,1
772,2500,5,stress,ccmar,0.2558505160746848,cc,0.32795843730772783,0.07568692224760663,0.17961479560173546,0.47630207901372024,1
772,2500,5,stress,ccmar,0.2558505160746848,seq,0.31807426132652333,0.06838171278042174,0.18404856707573441,0.45209995557731225,1
773,2500,5,stress,ccmar,0.2558505160746848,full,0.26168212968488735,0.009291013138211936,0.2434720785541035,0.2798921808156712,1
773,2500,5,stress,ccmar,0.2558505160746848,cc,0.2665617766422045,0.02218181684377869,0.22308621451673433,0.31003733876767464,1
773,2500,5,stress,ccmar,0.2558505160746848,seq,0.25269600265650854,0.025025271487086755,0.2036473718384814,0.30174463347453573,1
774,2500,5,stress,ccmar,0.2558505160746848,full,0.26785012953700815,0.009174804026544716,0.24986784407976745,0.2858324149942489,1
774,2500,5,stress,ccmar,0.2558505160746848,cc,0.29438408364986063,0.024270616870009944,0.24681454870207087,0.3419536185976504,1
774,2500,5,stress,ccmar,0.2558505160746848,seq,0.2916211756881652,0.02186604390836488,0.2487645171433986,0.3344778342329318,1
775,2500,5,stress,ccmar,0.2558505160746848,full,0.24769392434517695,0.00977066747876966,0.22854376798187165,0.26684408070848226,1
775,2500,5,stress,ccmar,0.2558505160746848,cc,0.27112376304236574,0.06927871647818529,0.135339973849961,0.4069075522347705,1
775,2500,5,stress,ccmar,0.2558505160746848,seq,0.3090002929201554,0.09767360098283605,0.11756355275346073,0.5004370330868501,1
776,2500,5,stress,ccmar,0.2558505160746848,full,0.26272611881903396,0.009955508918120687,0.2432136798917501,0.28223855774631784,1
776,2500,5,stress,ccmar,0.2558505160746848,cc,0.30502112737574616,0.05262999501518882,0.2018682326394535,0.4081740221120388,1
776,2500,5,stress,ccmar,0.2558505160746848,seq,0.31074720682525947,0.052225391905450974,0.2083873196120859,0.41310709403843304,1
777,2500,5,stress,ccmar,0.2558505160746848,full,0.2604560606144195,0.009776968177185647,0.2412935551091414,0.2796185661196976,1
777,2500,5,stress,ccmar,0.2558505160746848,cc,0.2776169601370847,0.02010858755391328,0.2382048527514443,0.3170290675227251,1
777,2500,5,stress,ccmar,0.2558505160746848,seq,0.2664357937688398,0.02537060415367558,0.21671032336161336,0.3161612641760662,1
778,2500,5,stress,ccmar,0.2558505160746848,full,0.24737757242228325,0.009945724255891835,0.22788431108056884,0.2668708337639977,1
778,2500,5,stress,ccmar,0.2558505160746848,cc,0.13625021606112897,0.03205704454862755,0.07341956329502289,0.19908086882723505,0
778,2500,5,stress,ccmar,0.2558505160746848,seq,0.1328076551934988,0.03073805610495263,0.07256217227302011,0.19305313811397748,0
779,2500,5,stress,ccmar,0.2558505160746848,full,0.23647669261471013,0.010027389647937042,0.21682337004580376,0.2561300151836165,1
779,2500,5,stress,ccmar,0.2558505160746848,cc,0.2272833171880202,0.022937712596160283,0.1823262266118153,0.2722404077642251,1
779,2500,5,stress,ccmar,0.2558505160746848,seq,0.23578228645933713,0.02270007051767234,0.19129096579817984,0.28027360712049443,1
780,2500,5,stress,ccmar,0.2558505160746848,full,0.26394892211178056,0.009626284550396842,0.2450817510880684,0.2828160931354927,1
780,2500,5,stress,ccmar,0.2558505160746848,cc,0.2759357400556473,0.020143429435653247,0.23645534383664296,0.31541613627465165,1
780,2500,5,stress,ccmar,0.2558505160746848,seq,0.276252122525084,0.019905484331243367,0.23723809014102065,0.3152661549091474,1
781,2500,5,stress,ccmar,0.2558505160746848,full,0.263909253782693,0.00846935722854235,0.247309618642546,0.2805088889228399,1
781,2500,5,stress,ccmar,0.2558505160746848,cc,0.26973127022029797,0.015394171135070604,0.2395592492237135,0.2999032912168824,1
781,2500,5,stress,ccmar,0.2558505160746848,seq,0.2742229747866436,0.015256809010227574,0.24432017860759137,0.3041257709656958,1
782,2500,5,stress,ccmar,0.2558505160746848,full,0.25346935995425246,0.00908091107620102,0.2356711012980876,0.2712676186104173,1
782,2500,5,stress,ccmar,0.2558505160746848,cc,0.2997581033698705,0.024268146073420406,0.2521934110944094,0.34732279564533164,1
782,2500,5,stress,ccmar,0.2558505160746848,seq,0.30585323809047316,0.02616913796982034,0.25456267016316564,0.3571438060177807,1
783,2500,5,stress,ccmar,0.2558505160746848,full,0.247962547014919,0.010047585205878562,0.22826964187979953,0.26765545215003844,1
783,2500,5,stress,ccmar,0.2558505160746848,cc,0.22562764379685235,0.02924927357320438,0.1683001210194126,0.2829551665742921,1
783,2500,5,stress,ccmar,0.2558505160746848,seq,0.2241287658500355,0.031603679648836966,0.16218669195937357,0.2860708397406974,1
784,2500,5,stress,ccmar,0.2558505160746848,full,0.2641298914371748,0.010267447219305576,0.24400606467416994,0.28425371820017964,1
784,2500,5,stress,ccmar,0.2558505160746848,cc,0.30075723891080014,0.016301213168198346,0.26880744819682134,0.33270702962477894,0
784,2500,5,stress,ccmar,0.2558505160746848,seq,0.290429456211852,0.015691166157859756,0.2596753356670132,0.32118357675669085,0
785,2500,5,stress,ccmar,0.2558505160746848,full,0.2582728667667321,0.009151899336538403,0.24033547367698083,0.2762102598564834,1
785,2500,5,stress,ccmar,0.2558505160746848,cc,0.2883122012049454,0.018089341486672243,0.25285774338702155,0.3237666590228692,1
785,2500,5,stress,ccmar,0.2558505160746848,seq,0.29100536824209866,0.018114681946270247,0.25550124403601104,0.3265094924481863,1
786,2500,5,stress,ccmar,0.2558505160746848,full,0.25719578374527696,0.008602032557103753,0.2403361097395126,0.2740554577510413,1
786,2500,5,stress,ccmar,0.2558505160746848,cc,0.26393767963672043,0.016771084904454225,0.2310669572423268,0.2968084020311141,1
786,2500,5,stress,ccmar,0.2558505160746848,seq,0.2708660339879676,0.01569154695821189,0.24011116708815328,0.30162090088778193,1
787,2500,5,stress,ccmar,0.2558505160746848,full,0.25829285013841424,0.009229101125133284,0.24020414432347492,0.27638155595335356,1
787,2500,5,stress,ccmar,0.2558505160746848,cc,0.2122846258597021,0.01917362191770917,0.1747050174478043,0.24986423427159987,0
787,2500,5,stress,ccmar,0.2558505160746848,seq,0.20070044706351778,0.019584675357375566,0.16231518871415257,0.239085705412883,0
788,2500,5,stress,ccmar,0.2558505160746848,full,0.25800271468278807,0.010264125377540614,0.23788539861000488,0.27812003075557123,1
788,2500,5,stress,ccmar,0.2558505160746848,cc,0.1874454952791188,0.04844016448928246,0.09250451747492912,0.2823864730833085,1
788,2500,5,stress,ccmar,0.2558505160746848,seq,0.13674128593324011,0.07467817836424946,-0.00962525409174711,0.28310782595822737,1
789,2500,5,stress,ccmar,0.2558505160746848,full,0.24134088344519555,0.009148717473135289,0.2234097266931181,0.259272040197273,1
789,2500,5,stress,ccmar,0.2558505160746848,cc,0.2672775455978943,0.03656844373422467,0.19560471290813453,0.33895037828765406,1
789,2500,5,stress,ccmar,0.2558505160746848,seq,0.26036882615499435,0.033428241365349824,0.19485067701239667,0.32588697529759203,1
790,2500,5,stress,ccmar,0.2558505160746848,full,0.2659272001680009,0.009076611721580852,0.24813736809204837,0.2837170322439535,1
790,2500,5,stress,ccmar,0.2558505160746848,cc,0.37692960671723164,0.03656922818850893,0.3052552365253272,0.44860397690913606,0
790,2500,5,stress,ccmar,0.2558505160746848,seq,0.36912016432475325,0.03727439283357912,0.2960636968253403,0.4421766318241662,0
791,2500,5,stress,ccmar,0.2558505160746848,full,0.2560164242715343,0.009905247709619255,0.2366024955027327,0.2754303530403359,1
791,2500,5,stress,ccmar,0.2558505160746848,cc,0.2326092748913199,0.024625184487190338,0.18434480018377242,0.2808737495988674,1
791,2500,5,stress,ccmar,0.2558505160746848,seq,0.23450793313585164,0.024180061995331435,0.18711588248105632,0.28189998379064696,1
792,2500,5,stress,ccmar,0.2558505160746848,full,0.2730121186220948,0.010182090162319801,0.2530555886166084,0.2929686486275812,1
792,2500,5,stress,ccmar,0.2558505160746848,cc,0.2040222674732754,0.039802443169652355,0.1260109123640545,0.2820336225824963,1
792,2500,5,stress,ccmar,0.2558505160746848,seq,0.20210705800605658,0.04253556883829658,0.11873887502107106,0.2854752409910421,1
793,2500,5,stress,ccmar,0.2558505160746848,full,0.26325970831398643,0.009387217992759822,0.2448610991331508,0.28165831749482206,1
793,2500,5,stress,ccmar,0.2558505160746848,cc,0.27296413222937016,0.019491675103319724,0.23476115102850748,0.31116711343023284,1
793,2500,5,stress,ccmar,0.2558505160746848,seq,0.2656316520525141,0.025579604165667954,0.21549654914901417,0.31576675495601403,1
794,2500,5,stress,ccmar,0.2558505160746848,full,0.26103395772510757,0.009031949287033082,0.2433316624123305,0.27873625303788463,1
794,2500,5,stress,ccmar,0.2558505160746848,cc,0.2965604077417549,0.025630752520561368,0.24632505590479542,0.3467957595787144,1
794,2500,5,stress,ccmar,0.2558505160746848,seq,0.30035393635099433,0.02594291331354465,0.24950676060240215,0.35120111209958654,1
795,2500,5,stress,ccmar,0.2558505160746848,full,0.26606733531894483,0.010662902993545576,0.2451684294809512,0.2869662411569385,1
795,2500,5,stress,ccmar,0.2558505160746848,cc,0.2478481567394308,0.019336388084862627,0.20994953250201062,0.28574678097685097,1
795,2500,5,stress,ccmar,0.2558505160746848,seq,0.23806205527385263,0.01999783155117833,0.19886702566464434,0.2772570848830609,1
796,2500,5,stress,ccmar,0.2558505160746848,full,0.2620836775581577,0.010535240990070329,0.24143498464916976,0.28273237046714567,1
796,2500,5,stress,ccmar,0.2558505160746848,cc,0.3054011762782841,0.056743227219078304,0.19418649456231774,0.4166158579942505,1
796,2500,5,stress,ccmar,0.2558505160746848,seq,0.30902128380425037,0.05907197644697667,0.19324233747257774,0.424800230135923,1
797,2500,5,stress,ccmar,0.2558505160746848,full,0.258799968468086,0.009889940704841215,0.23941604087736054,0.27818389605881144,1
797,2500,5,stress,ccmar,0.2558505160746848,cc,0.2656354341680846,0.021763335056139664,0.22298008127457286,0.30829078706159635,1
797,2500,5,stress,ccmar,0.2558505160746848,seq,0.2620196356618273,0.02092801105176004,0.2210014877323214,0.30303778359133315,1
798,2500,5,stress,ccmar,0.2558505160746848,full,0.2613528785483556,0.009755615542745101,0.24223222343755602,0.28047353365915517,1
798,2500,5,stress,ccmar,0.2558505160746848,cc,0.27909160185698695,0.025877937095205677,0.22837177715619075,0.3298114265577831,1
798,2500,5,stress,ccmar,0.2558505160746848,seq,0.27960806550627026,0.02764679738959697,0.22542133833478423,0.3337947926777563,1
799,2500,5,stress,ccmar,0.2558505160746848,full,0.2530019479078341,0.009055987307790142,0.23525253894011355,0.2707513568755546,1
799,2500,5,stress,ccmar,0.2558505160746848,cc,0.2965135256674287,0.016721524594191038,0.26373993969621357,0.3292871116386439,0
799,2500,5,stress,ccmar,0.2558505160746848,seq,0.3065052758014579,0.021156114447364174,0.26504005343181664,0.3479704981710992,0
800,2500,5,stress,ccmar,0.2558505160746848,full,0.2422516858447935,0.009571697697261725,0.22349150308725557,0.26101186860233144,1
800,2500,5,stress,ccmar,0.2558505160746848,cc,0.1054067560568392,0.18132426552618405,-0.24998227389765926,0.46079578601133764,1
800,2500,5,stress,ccmar,0.2558505160746848,seq,0.11579663327815842,0.17927344432576553,-0.23557286098478852,0.46716612754110537,1
801,2500,5,stress,ccmar,0.2558505160746848,full,0.252177625820728,0.008922237686209365,0.23469036129425166,0.26966489034720437,1
801,2500,5,stress,ccmar,0.2558505160746848,cc,0.17732518402198202,0.10156715108414639,-0.02174277411528322,0.37639314215924724,1
801,2500,5,stress,ccmar,0.2558505160746848,seq,0.1764499572830096,0.1069161734115392,-0.03310189196844615,0.38600180653446536,1
802,2500,5,stress,ccmar,0.2558505160746848,full,0.2621544135011238,0.008549456816224732,0.24539778605394283,0.2789110409483047,1
802,2500,5,stress,ccmar,0.2558505160746848,cc,0.2855597633848647,0.034633198265505795,0.21767994211503827,0.35343958465469116,1
802,2500,5,stress,ccmar,0.2558505160746848,seq,0.2696184570490729,0.03760211563622047,0.19591966465957034,0.34331724943857544,1
803,2500,5,stress,ccmar,0.2558505160746848,full,0.28778095199008374,0.01001565994059308,0.26815061922512073,0.30741128475504675,0
803,2500,5,stress,ccmar,0.2558505160746848,cc,0.3429966355477749,0.040264730592208524,0.26407921373983806,0.4219140573557117,0
803,2500,5,stress,ccmar,0.2558505160746848,seq,0.33771582293486563,0.041227336892087,0.2569117274478756,0.41851991842185565,0
804,2500,5,stress,ccmar,0.2558505160746848,full,0.2692639035322177,0.00957858527460205,0.25049022137115196,0.2880375856932834,1
804,2500,5,stress,ccmar,0.2558505160746848,cc,0.29835856215389434,0.02371051653330374,0.25188680369377753,0.34483032061401114,1
804,2500,5,stress,ccmar,0.2558505160746848,seq,0.29468755819943737,0.02367628431447224,0.24828289365534117,0.34109222274353357,1
805,2500,5,stress,ccmar,0.2558505160746848,full,0.237977622999088,0.008790654260201248,0.22074825724854996,0.25520698874962605,0
805,2500,5,stress,ccmar,0.2558505160746848,cc,0.25276611704622953,0.021619998761102436,0.21039169812866818,0.2951405359637909,1
805,2500,5,stress,ccmar,0.2558505160746848,seq,0.2553704658154979,0.018623761756590723,0.21886856351592565,0.2918723681150701,1
806,2500,5,stress,ccmar,0.2558505160746848,full,0.2553379010922554,0.012631341190077814,0.23058092728326557,0.28009487490124524,1
806,2500,5,stress,ccmar,0.2558505160746848,cc,0.2902937549567187,0.014597463743920576,0.26168325175300516,0.3189042581604323,0
806,2500,5,stress,ccmar,0.2558505160746848,seq,0.28538973950928864,0.014336747918997134,0.2572902299326247,0.3134892490859526,0
807,2500,5,stress,ccmar,0.2558505160746848,full,0.25587961077739707,0.009588046144570185,0.23708738565193138,0.27467183590286276,1
807,2500,5,stress,ccmar,0.2558505160746848,cc,0.23408949474680335,0.01813515960648164,0.19854523506421376,0.26963375442939297,1
807,2500,5,stress,ccmar,0.2558505160746848,seq,0.22989197106881085,0.018709352473258053,0.19322231404715967,0.266561628090462,1
808,2500,5,stress,ccmar,0.2558505160746848,full,0.24023698907233443,0.010251595749188611,0.22014423061986083,0.26032974752480803,1
808,2500,5,stress,ccmar,0.2558505160746848,cc,0.255920626976765,0.01741513835770125,0.22178758300988852,0.2900536709436415,1
808,2500,5,stress,ccmar,0.2558505160746848,seq,0.24994281783606875,0.016956631767115784,0.21670843027341405,0.2831772053987235,1
809,2500,5,stress,ccmar,0.2558505160746848,full,0.2675143163473737,0.010088040116734174,0.2477421210439795,0.28728651165076796,1
809,2500,5,stress,ccmar,0.2558505160746848,cc,0.24506737229596542,0.022897001376202417,0.20019007424464463,0.2899446703472862,1
809,2500,5,stress,ccmar,0.2558505160746848,seq,0.24750601274178588,0.02274453577490096,0.20292754177789718,0.2920844837056746,1
810,2500,5,stress,ccmar,0.2558505160746848,full,0.25622522358271,0.011744296179932586,0.2332068260462708,0.2792436211191492,1
810,2500,5,stress,ccmar,0.2558505160746848,cc,0.2937611030099683,0.028838118709828334,0.2372394289568141,0.35028277706312255,1
810,2500,5,stress,ccmar,0.2558505160746848,seq,0.2985687836729429,0.032431728794027746,0.23500376328027783,0.3621338040656079,1
811,2500,5,stress,ccmar,0.2558505160746848,full,0.24105876468527268,0.009454096793679817,0.22252907546330464,0.2595884539072407,1
811,2500,5,stress,ccmar,0.2558505160746848,cc,0.2592677835353991,0.018966937147002327,0.22209326983023964,0.29644229724055854,1
811,2500,5,stress,ccmar,0.2558505160746848,seq,0.2490357363746337,0.01901178058044086,0.21177333115499158,0.2862981415942758,1
812,2500,5,stress,ccmar,0.2558505160746848,full,0.24730874171522163,0.009156883277155943,0.2293615802813589,0.26525590314908437,1
812,2500,5,stress,ccmar,0.2558505160746848,cc,0.3071380249336766,0.030238702859793118,0.24787125638927374,0.3664047934780794,1
812,2500,5,stress,ccmar,0.2558505160746848,seq,0.3034043110193413,0.029753590095101038,0.24508834602217558,0.361720276016507,1
813,2500,5,stress,ccmar,0.2558505160746848,full,0.24815498094996896,0.009368884358353442,0.22979230503227557,0.2665176568676624,1
813,2500,5,stress,ccmar,0.2558505160746848,cc,0.2675989236426196,0.02676573992879997,0.215139037362606,0.32005880992263325,1
813,2500,5,stress,ccmar,0.2558505160746848,seq,0.26018105904738237,0.027836878371931887,0.2056217799963739,0.31474033809839086,1
814,2500,5,stress,ccmar,0.2558505160746848,full,0.2639415602017746,0.008641301184080522,0.24700492110141348,0.28087819930213576,1
814,2500,5,stress,ccmar,0.2558505160746848,cc,0.26514976355863645,0.014435214998568546,0.2368572620523497,0.2934422650649232,1
814,2500,5,stress,ccmar,0.2558505160746848,seq,0.2572692370244575,0.01440676337919606,0.22903249966744263,0.2855059743814723,1
815,2500,5,stress,ccmar,0.2558505160746848,full,0.2435297438453357,0.008744947579253653,0.22638996154330782,0.2606695261473636,1
815,2500,5,stress,ccmar,0.2558505160746848,cc,0.26282009666847045,0.020465778897455912,0.222707907113897,0.3029322862230439,1
815,2500,5,stress,ccmar,0.2558505160746848,seq,0.25780104290225053,0.020916252404789795,0.21680594149731325,0.2987961443071878,1
816,2500,5,stress,ccmar,0.2558505160746848,full,0.25509902986291744,0.008745177537412385,0.2379587968511805,0.2722392628746544,1
816,2500,5,stress,ccmar,0.2558505160746848,cc,0.22942212244802654,0.018399363242492587,0.19336003315427097,0.2654842117417821,1
816,2500,5,stress,ccmar,0.2558505160746848,seq,0.22085190765774068,0.02196957374110675,0.17779233436947456,0.2639114809460068,1
817,2500,5,stress,ccmar,0.2558505160746848,full,0.2506835850676747,0.00939906472575573,0.2322617567168326,0.26910541341851674,1
817,2500,5,stress,ccmar,0.2558505160746848,cc,0.25120545244612785,0.02442703988477701,0.20332933402304149,0.2990815708692142,1
817,2500,5,stress,ccmar,0.2558505160746848,seq,0.2535708593814925,0.024183135149257292,0.20617278545568352,0.30096893330730146,1
818,2500,5,stress,ccmar,0.2558505160746848,full,0.2433858375276652,0.009385325496352896,0.22499093757162802,0.2617807374837024,1
818,2500,5,stress,ccmar,0.2558505160746848,cc,0.28684618333464884,0.070414782714374,0.14883574523526225,0.42485662143403546,1
818,2500,5,stress,ccmar,0.2558505160746848,seq,0.28492098972167934,0.06328134993423062,0.1608918229575112,0.4089501564858475,1
819,2500,5,stress,ccmar,0.2558505160746848,full,0.2559924883765083,0.009304708373944119,0.23775559507692956,0.274229381676087,1
819,2500,5,stress,ccmar,0.2558505160746848,cc,0.25355756306077526,0.025405653716763097,0.20376339677222344,0.3033517293493271,1
819,2500,5,stress,ccmar,0.2558505160746848,seq,0.258436021360978,0.023386713891155163,0.2125989044175713,0.3042731383043847,1
820,2500,5,stress,ccmar,0.2558505160746848,full,0.26291414138385916,0.009472346557487831,0.24434868328210105,0.2814795994856173,1
820,2500,5,stress,ccmar,0.2558505160746848,cc,0.2726032070128775,0.026298926845552288,0.22105825756354144,0.32414815646221357,1
820,2500,5,stress,ccmar,0.2558505160746848,seq,0.27238242294214776,0.027992162940734987,0.21751879172893038,0.3272460541553651,1
821,2500,5,stress,ccmar,0.2558505160746848,full,0.2599242972007365,0.009580204145509452,0.24114744211099665,0.2787011522904764,1
821,2500,5,stress,ccmar,0.2558505160746848,cc,0.32201976584736874,0.02178689562015653,0.2793182350969285,0.364721296597809,0
821,2500,5,stress,ccmar,0.2558505160746848,seq,0.32184860311607333,0.023229007522063246,0.27632058497621936,0.3673766212559273,0
822,2500,5,stress,ccmar,0.2558505160746848,full,0.2416146455329134,0.008975507969738119,0.22402297316927447,0.25920631789655235,1
822,2500,5,stress,ccmar,0.2558505160746848,cc,0.34065460727634067,0.03301474253905792,0.27594690094092467,0.4053623136117567,0
822,2500,5,stress,ccmar,0.2558505160746848,seq,0.33051388801986703,0.03322903526149872,0.26538617566631806,0.395641600373416,0
823,2500,5,stress,ccmar,0.2558505160746848,full,0.23937763543546406,0.0086687725841957,0.22238715338027226,0.25636811749065586,1
823,2500,5,stress,ccmar,0.2558505160746848,cc,0.26265450058109224,0.014052083686498431,0.23511292264781247,0.290196078514372,1
823,2500,5,stress,ccmar,0.2558505160746848,seq,0.2609889771270561,0.014395147000569864,0.23277500745377938,0.2892029468003328,1
824,2500,5,stress,ccmar,0.2558505160746848,full,0.27191054465897,0.009745424048931866,0.25280986450899307,0.291011224808947,1
824,2500,5,stress,ccmar,0.2558505160746848,cc,0.25583138273118294,0.034863547728578276,0.18750008480987632,0.32416268065248954,1
824,2500,5,stress,ccmar,0.2558505160746848,seq,0.24967006921679372,0.03370476030137192,0.18360995291854937,0.31573018551503806,1
825,2500,5,stress,ccmar,0.2558505160746848,full,0.25110504563984615,0.009088811762229677,0.23329130192361197,0.2689187893560803,1
825,2500,5,stress,ccmar,0.2558505160746848,cc,0.22808551016515666,0.021464682744437996,0.18601550504647982,0.2701555152838335,1
825,2500,5,stress,ccmar,0.2558505160746848,seq,0.2351006743225489,0.020478907464947148,0.19496275324852405,0.2752385953965738,1
826,2500,5,stress,ccmar,0.2558505160746848,full,0.2742842721716267,0.009678867614385285,0.25531404023630044,0.293254504106953,1
826,2500,5,stress,ccmar,0.2558505160746848,cc,0.3092343401565099,0.017136416264741595,0.27564758145352997,0.34282109885948986,0
826,2500,5,stress,ccmar,0.2558505160746848,seq,0.30452114198181185,0.017726551559062657,0.2697777393559567,0.339264544607667,0
827,2500,5,stress,ccmar,0.2558505160746848,full,0.2512872648076627,0.009649072275669331,0.23237543066312688,0.27019909895219857,1
827,2500,5,stress,ccmar,0.2558505160746848,cc,0.23449353342185128,0.019740425902229797,0.19580300961399927,0.2731840572297033,1
827,2500,5,stress,ccmar,0.2558505160746848,seq,0.2233344680851746,0.020079075587146566,0.1839802030915099,0.26268873307883933,1
828,2500,5,stress,ccmar,0.2558505160746848,full,0.2702703586092018,0.009033406386847994,0.2525652074332656,0.287975509785138,1
828,2500,5,stress,ccmar,0.2558505160746848,cc,0.21282927940863552,0.02264895208324498,0.16843814903790194,0.2572204097793691,1
828,2500,5,stress,ccmar,0.2558505160746848,seq,0.20425573328333824,0.022826659979598575,0.15951630183598323,0.24899516473069325,0
829,2500,5,stress,ccmar,0.2558505160746848,full,0.2551036006285954,0.009414724296292152,0.23665108008348856,0.2735561211737022,1
829,2500,5,stress,ccmar,0.2558505160746848,cc,0.3041760392997723,0.027902728546464063,0.2494876962783051,0.3588643823212395,1
829,2500,5,stress,ccmar,0.2558505160746848,seq,0.3013242907881001,0.030924041496478035,0.240714283198581,0.36193429837761915,1
830,2500,5,stress,ccmar,0.2558505160746848,full,0.25657607494131474,0.01070685079226276,0.23559103300063558,0.27756111688199386,1
830,2500,5,stress,ccmar,0.2558505160746848,cc,0.2841595133426455,0.02060208331231325,0.24378017204401786,0.32453885464127313,1
830,2500,5,stress,ccmar,0.2558505160746848,seq,0.2841598528578972,0.020911157389110827,0.24317473750019133,0.325144968215603,1
831,2500,5,stress,ccmar,0.2558505160746848,full,0.2496517227936396,0.00892101960108823,0.2321668456701308,0.2671365999171484,1
831,2500,5,stress,ccmar,0.2558505160746848,cc,0.22069879616058238,0.022939273492321357,0.17573864628411817,0.2656589460370466,1
831,2500,5,stress,ccmar,0.2558505160746848,seq,0.22068224239916498,0.023603769889852994,0.17441970351568215,0.2669447812826478,1
832,2500,5,stress,ccmar,0.2558505160746848,full,0.2572117917753264,0.009889882383123346,0.23782797849306747,0.2765956050575853,1
832,2500,5,stress,ccmar,0.2558505160746848,cc,0.22238766495837559,0.018194764714387978,0.18672658141099496,0.2580487485057562,1
832,2500,5,stress,ccmar,0.2558505160746848,seq,0.22308413621165138,0.018991169681982487,0.18586212761067672,0.26030614481262604,1
833,2500,5,stress,ccmar,0.2558505160746848,full,0.2599406267050781,0.009246221052509598,0.24181836644906327,0.27806288696109294,1
833,2500,5,stress,ccmar,0.2558505160746848,cc,0.23047687688777063,0.015596170602624651,0.19990894420988398,0.2610448095656573,1
833,2500,5,stress,ccmar,0.2558505160746848,seq,0.23544756205494796,0.016138375043115116,0.2038169282014423,0.2670781959084536,1
834,2500,5,stress,ccmar,0.2558505160746848,full,0.27011421627409704,0.00891699271618062,0.25263723169997704,0.28759120084821704,1
834,2500,5,stress,ccmar,0.2558505160746848,cc,0.2753823618818987,0.02621380747397276,0.22400424333524518,0.3267604804285522,1
834,2500,5,stress,ccmar,0.2558505160746848,seq,0.27840686347563315,0.027730271657774978,0.22405652974488238,0.3327571972063839,1
835,2500,5,stress,ccmar,0.2558505160746848,full,0.2877037027341966,0.010044723056632976,0.2680164073085169,0.3073909981598763,0
835,2500,5,stress,ccmar,0.2558505160746848,cc,0.2834616862247319,0.017178228760126556,0.2497929765366937,0.3171303959127701,1
835,2500,5,stress,ccmar,0.2558505160746848,seq,0.2778827260594862,0.01925342026478851,0.2401467157612871,0.31561873635768534,1
836,2500,5,stress,ccmar,0.2558505160746848,full,0.26141631217054967,0.00887997930263814,0.24401187255391782,0.2788207517871815,1
836,2500,5,stress,ccmar,0.2558505160746848,cc,0.2399982892196579,0.02298996990341161,0.19493877620331138,0.28505780223600446,1
836,2500,5,stress,ccmar,0.2558505160746848,seq,0.2453406733024297,0.021636657770864563,0.20293360332571647,0.28774774327914293,1
837,2500,5,stress,ccmar,0.2558505160746848,full,0.28517131589514394,0.00966234253154568,0.26623347252702484,0.30410915926326304,0
837,2500,5,stress,ccmar,0.2558505160746848,cc,0.30937750980670436,0.021610484384954845,0.26702173872372764,0.3517332808896811,0
837,2500,5,stress,ccmar,0.2558505160746848,seq,0.30935929900447245,0.024934516306240762,0.26048854507231384,0.35823005293663107,0
838,2500,5,stress,ccmar,0.2558505160746848,full,0.25608471133004335,0.010777127427370574,0.2349619297155982,0.2772074929444885,1
838,2500,5,stress,ccmar,0.2558505160746848,cc,0.2987033169947026,0.019836620805491666,0.25982425464096104,0.33758237934844415,0
838,2500,5,stress,ccmar,0.2558505160746848,seq,0.278552053738705,0.02059834735676188,0.2381800347784059,0.31892407269900414,1
839,2500,5,stress,ccmar,0.2558505160746848,full,0.25169604741615387,0.009029584119001012,0.23399838774753706,0.2693937070847707,1
839,2500,5,stress,ccmar,0.2558505160746848,cc,0.3315400905246681,0.01763093522358227,0.2969840924726882,0.366096088576648,0
839,2500,5,stress,ccmar,0.2558505160746848,seq,0.3293143795792895,0.01800297669295279,0.294029193646588,0.36459956551199096,0
840,2500,5,stress,ccmar,0.2558505160746848,full,0.2802626726536956,0.009041974725635019,0.2625407278423295,0.29798461746506166,0
840,2500,5,stress,ccmar,0.2558505160746848,cc,0.3048314459166431,0.019112570549092052,0.26737149598844173,0.3422913958448444,0
840,2500,5,stress,ccmar,0.2558505160746848,seq,0.2988265055528254,0.019518474673539923,0.26057099815953,0.33708201294612083,0
841,2500,5,stress,ccmar,0.2558505160746848,full,0.2676553654077689,0.008743636892806418,0.25051815200397265,0.28479257881156517,1
841,2500,5,stress,ccmar,0.2558505160746848,cc,0.22348241359808016,0.022224964026653415,0.17992228454814116,0.26704254264801913,1
841,2500,5,stress,ccmar,0.2558505160746848,seq,0.21987680226277498,0.021783594886208485,0.17718174083199545,0.2625718636935545,1
842,2500,5,stress,ccmar,0.2558505160746848,full,0.2490996275788335,0.011172590771477656,0.22720175205273271,0.27099750310493426,1
842,2500,5,stress,ccmar,0.2558505160746848,cc,0.2388129743422871,0.024358088407232793,0.19107199833186822,0.286553950352706,1
842,2500,5,stress,ccmar,0.2558505160746848,seq,0.23956566747443908,0.024918349166677182,0.19072660055355814,0.28840473439532,1
843,2500,5,stress,ccmar,0.2558505160746848,full,0.26383573193399645,0.00936972974362996,0.24547139909160803,0.2822000647763849,1
843,2500,5,stress,ccmar,0.2558505160746848,cc,0.35243521434717795,0.016544239902671894,0.3200090999863506,0.3848613287080053,0
843,2500,5,stress,ccmar,0.2558505160746848,seq,0.34668058677173247,0.016841413252728712,0.3136720233476286,0.3796891501958363,0
844,2500,5,stress,ccmar,0.2558505160746848,full,0.25584454194262624,0.00888456695650662,0.23843111068963863,0.27325797319561385,1
844,2500,5,stress,ccmar,0.2558505160746848,cc,0.33848250541209973,0.01884978460268222,0.30153760647450495,0.3754274043496945,0
844,2500,5,stress,ccmar,0.2558505160746848,seq,0.3433866341909037,0.018993655809558217,0.30615975286941965,0.38061351551238776,0
845,2500,5,stress,ccmar,0.2558505160746848,full,0.2557048211416902,0.009029532380256625,0.23800726287914897,0.2734023794042314,1
845,2500,5,stress,ccmar,0.2558505160746848,cc,0.25970703056980066,0.01861065202845888,0.22323082286521395,0.29618323827438736,1
845,2500,5,stress,ccmar,0.2558505160746848,seq,0.26238637131132836,0.017940968062399806,0.2272227200612414,0.29755002256141533,1
846,2500,5,stress,ccmar,0.2558505160746848,full,0.2323259265660454,0.010322039821294392,0.21209510026932013,0.2525567528627707,0
846,2500,5,stress,ccmar,0.2558505160746848,cc,0.2655669100118918,0.05633213628952769,0.15515795171221575,0.3759758683115679,1
846,2500,5,stress,ccmar,0.2558505160746848,seq,0.2821218819744433,0.03711573204836554,0.20937638389980784,0.3548673800490788,1
847,2500,5,stress,ccmar,0.2558505160746848,full,0.2646477133647101,0.008857200104295453,0.2472879201564266,0.2820075065729936,1
847,2500,5,stress,ccmar,0.2558505160746848,cc,0.2717904333938822,0.02617104459527155,0.22049612854935832,0.32308473823840606,1
847,2500,5,stress,ccmar,0.2558505160746848,seq,0.2682302239609928,0.029598693928011715,0.21021784987266542,0.3262425980493201,1
848,2500,5,stress,ccmar,0.2558505160746848,full,0.272443357329833,0.009734762283651444,0.25336357385581726,0.2915231408038487,1
848,2500,5,stress,ccmar,0.2558505160746848,cc,0.25191433080290326,0.01868270548854173,0.21529690091159268,0.2885317606942138,1
848,2500,5,stress,ccmar,0.2558505160746848,seq,0.25694275093045615,0.019432261352435313,0.21885621854151333,0.295029283319399,1
849,2500,5,stress,ccmar,0.2558505160746848,full,0.24030472184975368,0.013185927972372724,0.2144607779211639,0.2661486657783435,1
849,2500,5,stress,ccmar,0.2558505160746848,cc,0.16829123286825312,0.04251339635883282,0.08496650714446452,0.2516159585920417,0
849,2500,5,stress,ccmar,0.2558505160746848,seq,0.15599789322129085,0.042952633496090936,0.07181227852780386,0.24018350791477783,0
850,2500,5,stress,ccmar,0.2558505160746848,full,0.25927879314512575,0.01010493548352983,0.23947348353130646,0.2790841027589451,1
850,2500,5,stress,ccmar,0.2558505160746848,cc,0.2696727363414141,0.02575705723298411,0.21918983181702834,0.32015564086579984,1
850,2500,5,stress,ccmar,0.2558505160746848,seq,0.27496847603853675,0.023281825083075507,0.2293369373813475,0.32060001469572597,1
851,2500,5,stress,ccmar,0.2558505160746848,full,0.2540687335236826,0.009080707756268796,0.2362708733672622,0.27186659368010296,1
851,2500,5,stress,ccmar,0.2558505160746848,cc,0.296496039777086,0.040229323865719306,0.2176480138778785,0.3753440656762935,1
851,2500,5,stress,ccmar,0.2558505160746848,seq,0.3024681120829585,0.039434686519289296,0.22517754676352428,0.37975867740239266,1
852,2500,5,stress,ccmar,0.2558505160746848,full,0.25706189977737476,0.009092293880507828,0.2392413312347255,0.27488246832002405,1
852,2500,5,stress,ccmar,0.2558505160746848,cc,0.19176282474478842,0.027976620476606175,0.13692965620149453,0.24659599328808232,0
852,2500,5,stress,ccmar,0.2558505160746848,seq,0.19847749302404585,0.024739661775158447,0.14998864695503303,0.24696633909305868,0
853,2500,5,stress,ccmar,0.2558505160746848,full,0.2357531100960186,0.009188791151694143,0.21774341037723777,0.25376280981479943,0
853,2500,5,stress,ccmar,0.2558505160746848,cc,0.4096084660760117,0.12710819709782206,0.16048097762446184,0.6587359545275615,1
853,2500,5,stress,ccmar,0.2558505160746848,seq,0.4119754276897619,0.12483148507716464,0.16731021280187,0.6566406425776539,1
854,2500,5,stress,ccmar,0.2558505160746848,full,0.2667449896898101,0.008288292566587701,0.25050023476596717,0.282989744613653,1
854,2500,5,stress,ccmar,0.2558505160746848,cc,0.2534919078699684,0.020283966294959325,0.21373606446822374,0.29324775127171304,1
854,2500,5,stress,ccmar,0.2558505160746848,seq,0.2369869331466232,0.028054263270074417,0.18200158752447246,0.29197227876877396,1
855,2500,5,stress,ccmar,0.2558505160746848,full,0.2673902459256744,0.009905388977177645,0.24797604027754616,0.28680445157380263,1
855,2500,5,stress,ccmar,0.2558505160746848,cc,0.18953905903421792,0.09385236602212854,0.005591801766975268,0.37348631630146056,1
855,2500,5,stress,ccmar,0.2558505160746848,seq,0.18020710110006566,0.10232380379431151,-0.02034386909792782,0.38075807129805916,1
856,2500,5,stress,ccmar,0.2558505160746848,full,0.2802945945284687,0.009201704239272102,0.26225958562310586,0.2983296034338316,0
856,2500,5,stress,ccmar,0.2558505160746848,cc,0.338286780843019,0.03492019994075967,0.26984444662619234,0.40672911505984566,0
856,2500,5,stress,ccmar,0.2558505160746848,seq,0.3314487867013391,0.04082491206565022,0.25143342938064994,0.41146414402202824,1
857,2500,5,stress,ccmar,0.2558505160746848,full,0.24815267562109924,0.008813150485709903,0.23087921807877615,0.26542613316342234,1
857,2500,5,stress,ccmar,0.2558505160746848,cc,0.22968165122908418,0.019467866745742152,0.1915253335516046,0.2678379689065638,1
857,2500,5,stress,ccmar,0.2558505160746848,seq,0.21512636566630364,0.020142001821698417,0.17564876751923458,0.2546039638133727,0
858,2500,5,stress,ccmar,0.2558505160746848,full,0.23402589545265104,0.009349568535819766,0.21570107785145543,0.25235071305384665,0
858,2500,5,stress,ccmar,0.2558505160746848,cc,0.22172147525666763,0.02497084944861625,0.1727795096740079,0.27066344083932736,1
858,2500,5,stress,ccmar,0.2558505160746848,seq,0.233286640829494,0.024908075514306464,0.18446770989724934,0.28210557176173867,1
859,2500,5,stress,ccmar,0.2558505160746848,full,0.24094921277059606,0.009195466731515207,0.22292642915579,0.25897199638540214,1
859,2500,5,stress,ccmar,0.2558505160746848,cc,0.2983252452556547,0.030726388298916003,0.2381026308147864,0.358547859696523,1
859,2500,5,stress,ccmar,0.2558505160746848,seq,0.2920738102888484,0.03079911218794067,0.23170865964467605,0.35243896093302074,1
860,2500,5,stress,ccmar,0.2558505160746848,full,0.23121019926237946,0.011412577589688307,0.20884195821582144,0.2535784403089375,0
860,2500,5,stress,ccmar,0.2558505160746848,cc,0.25365966626916864,0.02472126601591162,0.20520687522574788,0.3021124573125894,1
860,2500,5,stress,ccmar,0.2558505160746848,seq,0.24122410980985634,0.03071654482971435,0.18102078821410622,0.30142743140560646,1
861,2500,5,stress,ccmar,0.2558505160746848,full,0.2492494197923439,0.009352265873506283,0.23091931550642858,0.26757952407825925,1
861,2500,5,stress,ccmar,0.2558505160746848,cc,0.28720464110380944,0.018188544725075202,0.25155574851146606,0.32285353369615283,1
861,2500,5,stress,ccmar,0.2558505160746848,seq,0.2844710687532669,0.017400258376897647,0.25036718901285615,0.3185749484936776,1
862,2500,5,stress,ccmar,0.2558505160746848,full,0.2571618545555008,0.009031214240738238,0.23946099990698858,0.27486270920401296,1
862,2500,5,stress,ccmar,0.2558505160746848,cc,0.26542033747135374,0.015529618367135244,0.23498284477811693,0.29585783016459055,1
862,2500,5,stress,ccmar,0.2558505160746848,seq,0.27096020754071043,0.016404275792315768,0.23880841779530926,0.3031119972861116,1
863,2500,5,stress,ccmar,0.2558505160746848,full,0.27337176148874626,0.008630837700594182,0.2564556304391712,0.2902878925383213,0
863,2500,5,stress,ccmar,0.2558505160746848,cc,0.28835597034366844,0.015493331589362527,0.2579895984279812,0.3187223422593557,0
863,2500,5,stress,ccmar,0.2558505160746848,seq,0.28961521068086243,0.016407100864885452,0.257457883894971,0.3217725374667539,0
864,2500,5,stress,ccmar,0.2558505160746848,full,0.23890039679007968,0.009383808158950773,0.22050847076070307,0.2572923228194563,1
864,2500,5,stress,ccmar,0.2558505160746848,cc,0.14033734006746554,0.05318424611797063,0.036098133131328924,0.24457654700360215,0
864,2500,5,stress,ccmar,0.2558505160746848,seq,0.14207084230725114,0.049468966747791956,0.04511344912916938,0.23902823548533292,0
865,2500,5,stress,ccmar,0.2558505160746848,full,0.2638983468814025,0.010546112535515982,0.2432283461348848,0.2845683476279202,1
865,2500,5,stress,ccmar,0.2558505160746848,cc,0.24806825507479288,0.01931330180017109,0.21021487912390496,0.2859216310256808,1
865,2500,5,stress,ccmar,0.2558505160746848,seq,0.25009017105079684,0.018971978067486163,0.21290577732304014,0.2872745647785535,1
866,2500,5,stress,ccmar,0.2558505160746848,full,0.2772966274250034,0.010112784282019947,0.25747593444882155,0.2971173204011852,0
866,2500,5,stress,ccmar,0.2558505160746848,cc,0.25117125874803686,0.03829796191646718,0.1761086327104746,0.3262338847855991,1
866,2500,5,stress,ccmar,0.2558505160746848,seq,0.24601552381872857,0.04201675939327556,0.16366418866082347,0.32836685897663365,1
867,2500,5,stress,ccmar,0.2558505160746848,full,0.25172850312811496,0.009246233562186758,0.23360621835358342,0.2698507879026465,1
867,2500,5,stress,ccmar,0.2558505160746848,cc,0.2157620657033278,0.02186243921672226,0.1729124722243561,0.2586116591822995,1
867,2500,5,stress,ccmar,0.2558505160746848,seq,0.22272909969927893,0.02083421350600922,0.18189479158128288,0.26356340781727494,1
868,2500,5,stress,ccmar,0.2558505160746848,full,0.25277158832362606,0.009096095847250997,0.23494356806308975,0.2705996085841624,1
868,2500,5,stress,ccmar,0.2558505160746848,cc,0.28280956834610776,0.018671389745216226,0.24621431690417347,0.3194048197880421,1
868,2500,5,stress,ccmar,0.2558505160746848,seq,0.28375671572090594,0.019122138953561154,0.24627801206455563,0.32123541937725625,1
869,2500,5,stress,ccmar,0.2558505160746848,full,0.24906854246612792,0.009628257866192974,0.23019750381452522,0.26793958111773064,1
869,2500,5,stress,ccmar,0.2558505160746848,cc,0.26358170430778494,0.020380986246852483,0.2236357052945479,0.30352770332102197,1
869,2500,5,stress,ccmar,0.2558505160746848,seq,0.2706790150342099,0.02271846153321004,0.22615164864495957,0.3152063814234602,1
870,2500,5,stress,ccmar,0.2558505160746848,full,0.26931544796799556,0.008704966046332228,0.25225402803054037,0.28637686790545075,1
870,2500,5,stress,ccmar,0.2558505160746848,cc,-0.01718762317367416,0.3133890907572625,-0.6314189542056631,0.5970437078583147,1
870,2500,5,stress,ccmar,0.2558505160746848,seq,-0.011028999034794219,0.2960364061611205,-0.5912496932232618,0.5691916951536733,1
871,2500,5,stress,ccmar,0.2558505160746848,full,0.24632158226995915,0.008700513951138371,0.22926888827873965,0.26337427626117865,1
871,2500,5,stress,ccmar,0.2558505160746848,cc,0.2737125317415177,0.03583022209838033,0.2034865868706211,0.34393847661241433,1
871,2500,5,stress,ccmar,0.2558505160746848,seq,0.2786519731048109,0.03888969289435726,0.2024295756620474,0.35487437054757437,1
872,2500,5,stress,ccmar,0.2558505160746848,full,0.2424645495000374,0.010064472761887697,0.22273854536335314,0.26219055363672167,1
872,2500,5,stress,ccmar,0.2558505160746848,cc,0.2990829106309642,0.025877302582655855,0.2483643295519134,0.349801491710015,1
872,2500,5,stress,ccmar,0.2558505160746848,seq,0.2899050489714181,0.026988832615011647,0.23700790906121533,0.3428021888816209,1
873,2500,5,stress,ccmar,0.2558505160746848,full,0.24692220110977978,0.009726189691315192,0.22785921960799727,0.2659851826115623,1
873,2500,5,stress,ccmar,0.2558505160746848,cc,0.22608801460305367,0.03265823266070539,0.1620790547893414,0.29009697441676596,1
873,2500,5,stress,ccmar,0.2558505160746848,seq,0.21161312733653195,0.031106505630066953,0.1506454966167083,0.2725807580563556,1
874,2500,5,stress,ccmar,0.2558505160746848,full,0.24026822684323498,0.010740417855811282,0.21921739466693396,0.261319059019536,1
874,2500,5,stress,ccmar,0.2558505160746848,cc,0.2810014527944093,0.04296051396618847,0.19680039266334992,0.3652025129254687,1
874,2500,5,stress,ccmar,0.2558505160746848,seq,0.28013243423540174,0.04543732714973511,0.19107690946815692,0.36918795900264656,1
875,2500,5,stress,ccmar,0.2558505160746848,full,0.2518828649298733,0.009340946145161682,0.23357494690382813,0.2701907829559184,1
875,2500,5,stress,ccmar,0.2558505160746848,cc,0.2874227816842056,0.028906425175438667,0.23076722941854388,0.3440783339498673,1
875,2500,5,stress,ccmar,0.2558505160746848,seq,0.2828112699655722,0.02779700644345958,0.2283301384583636,0.33729240147278083,1
876,2500,5,stress,ccmar,0.2558505160746848,full,0.2627209567159184,0.008581174895591886,0.24590216297551903,0.27953975045631774,1
876,2500,5,stress,ccmar,0.2558505160746848,cc,0.23031363828787188,0.022339985542367335,0.1865280712096864,0.27409920536605736,1
876,2500,5,stress,ccmar,0.2558505160746848,seq,0.2316415713085062,0.020459600690551253,0.19154149081695493,0.2717416518000575,1
877,2500,5,stress,ccmar,0.2558505160746848,full,0.24351134411251033,0.009402206393317881,0.22508335820639505,0.2619393300186256,1
877,2500,5,stress,ccmar,0.2558505160746848,cc,0.27775404993700836,0.020517099242929125,0.23754127435363326,0.31796682552038347,1
877,2500,5,stress,ccmar,0.2558505160746848,seq,0.2836833005239624,0.021146502961617495,0.2422369163202225,0.32512968472770226,1
878,2500,5,stress,ccmar,0.2558505160746848,full,0.2410154571362609,0.008942665242550297,0.22348815533506416,0.25854275893745765,1
878,2500,5,stress,ccmar,0.2558505160746848,cc,0.19737756029484896,0.046361181710450304,0.1065113138616493,0.2882438067280486,1
878,2500,5,stress,ccmar,0.2558505160746848,seq,0.19416667037833846,0.050626076598658226,0.09494138356640229,0.2933919571902746,1
879,2500,5,stress,ccmar,0.2558505160746848,full,0.25158175993272247,0.010449214152619866,0.23110167652684133,0.2720618433386036,1
879,2500,5,stress,ccmar,0.2558505160746848,cc,0.24545140916262018,0.039541725526630295,0.1679510512438567,0.3229517670813836,1
879,2500,5,stress,ccmar,0.2558505160746848,seq,0.2440159816511253,0.03870378053811947,0.16815796573086889,0.31987399757138174,1
880,2500,5,stress,ccmar,0.2558505160746848,full,0.2735534025263898,0.008574376190109425,0.2567479340038776,0.29035887104890207,0
880,2500,5,stress,ccmar,0.2558505160746848,cc,0.19865530045414642,0.05501949613647916,0.09081906957910661,0.3064915313291862,1
880,2500,5,stress,ccmar,0.2558505160746848,seq,0.18197187579908933,0.06848825278180766,0.04773736698267114,0.31620638461550754,1
881,2500,5,stress,ccmar,0.2558505160746848,full,0.24502165952535088,0.008401171232647511,0.2285556664814078,0.26148765256929396,1
881,2500,5,stress,ccmar,0.2558505160746848,cc,0.2563636639323795,0.02204803237492571,0.213150314547552,0.29957701331720704,1
881,2500,5,stress,ccmar,0.2558505160746848,seq,0.2592161307145271,0.02206006447321212,0.2159791988503998,0.3024530625786544,1
882,2500,5,stress,ccmar,0.2558505160746848,full,0.2689688019928801,0.00868524622858959,0.25194603218798217,0.285991571797778,1
882,2500,5,stress,ccmar,0.2558505160746848,cc,0.3193282180289174,0.0151085954729359,0.2897159150449782,0.34894052101285666,0
882,2500,5,stress,ccmar,0.2558505160746848,seq,0.31262121681513017,0.01729741492192959,0.2787189065425025,0.34652352708775785,0
883,2500,5,stress,ccmar,0.2558505160746848,full,0.20873895936056333,0.009617881371493091,0.18988825826485817,0.2275896604562685,0
883,2500,5,stress,ccmar,0.2558505160746848,cc,0.2301168852580563,0.04586665680417803,0.14021988983060835,0.32001388068550424,1
883,2500,5,stress,ccmar,0.2558505160746848,seq,0.2179101315047285,0.049487924975399424,0.12091558088332538,0.3149046821261316,1
884,2500,5,stress,ccmar,0.2558505160746848,full,0.27246078827133297,0.009508765428371818,0.25382395049428463,0.2910976260483813,1
884,2500,5,stress,ccmar,0.2558505160746848,cc,0.2821262082448577,0.015867344186045365,0.2510267851099077,0.31322563137980763,1
884,2500,5,stress,ccmar,0.2558505160746848,seq,0.28538959279018866,0.016301640999005995,0.25343896354323536,0.31734022203714196,1
885,2500,5,stress,ccmar,0.2558505160746848,full,0.251252579003997,0.009021726085511243,0.23357032079800943,0.26893483720998457,1
885,2500,5,stress,ccmar,0.2558505160746848,cc,0.2688067377248419,0.03222565001105983,0.20564562432477188,0.331967851124912,1
885,2500,5,stress,ccmar,0.2558505160746848,seq,0.2775985356929867,0.036422627607275604,0.20621149736041222,0.3489855740255612,1
886,2500,5,stress,ccmar,0.2558505160746848,full,0.25659897655643943,0.008740358477275575,0.23946818872900996,0.2737297643838689,1
886,2500,5,stress,ccmar,0.2558505160746848,cc,0.25248877975210987,0.019673030684990635,0.2139303481427769,0.29104721136144285,1
886,2500,5,stress,ccmar,0.2558505160746848,seq,0.2593406198497715,0.01896208165366052,0.2221756227366892,0.2965056169628539,1
887,2500,5,stress,ccmar,0.2558505160746848,full,0.27581055256999043,0.009122286442868095,0.257931199685311,0.2936899054546699,0
887,2500,5,stress,ccmar,0.2558505160746848,cc,0.250454723377313,0.022386199374561017,0.20657857885244033,0.29433086790218566,1
887,2500,5,stress,ccmar,0.2558505160746848,seq,0.23640554775372244,0.02202008183996003,0.1932469804107763,0.27956411509666856,1
888,2500,5,stress,ccmar,0.2558505160746848,full,0.2657013152632366,0.009994278987721313,0.24611288839585738,0.2852897421306158,1
888,2500,5,stress,ccmar,0.2558505160746848,cc,0.22239675614997337,0.0245763158848736,0.17422806214294148,0.2705654501570053,1
888,2500,5,stress,ccmar,0.2558505160746848,seq,0.2279399509434701,0.022668341297165977,0.1835108184117628,0.2723690834751774,1
889,2500,5,stress,ccmar,0.2558505160746848,full,0.24877848191421717,0.0090218728407193,0.23109593607330728,0.2664610277551271,1
889,2500,5,stress,ccmar,0.2558505160746848,cc,0.3089928252764603,0.035715047181572646,0.23899261909442918,0.3789930314584915,1
889,2500,5,stress,ccmar,0.2558505160746848,seq,0.3133249727856236,0.03704876663141858,0.24071072451641384,0.38593922105483336,1
890,2500,5,stress,ccmar,0.2558505160746848,full,0.24769033902442852,0.009426517024410956,0.22921470515692938,0.26616597289192767,1
890,2500,5,stress,ccmar,0.2558505160746848,cc,0.3277158506251078,0.08866586848836451,0.15393394172994845,0.5014977595202671,1
890,2500,5,stress,ccmar,0.2558505160746848,seq,0.3377475485530994,0.09992121443890747,0.14190556696133713,0.5335895301448617,1
891,2500,5,stress,ccmar,0.2558505160746848,full,0.24474513280899918,0.009285945412089037,0.22654501423889972,0.26294525137909863,1
891,2500,5,stress,ccmar,0.2558505160746848,cc,0.26845050671440096,0.026708072263628778,0.21610364698119539,0.32079736644760654,1
891,2500,5,stress,ccmar,0.2558505160746848,seq,0.2756878644977589,0.02532896087590375,0.22604401341516345,0.32533171558035434,1
892,2500,5,stress,ccmar,0.2558505160746848,full,0.26784812676731506,0.011642947783634174,0.24502836843751163,0.2906678850971185,1
892,2500,5,stress,ccmar,0.2558505160746848,cc,0.29694957972267505,0.018114936804931002,0.2614449560027912,0.3324542034425589,0
892,2500,5,stress,ccmar,0.2558505160746848,seq,0.2892951553828252,0.017687753300684925,0.2546277959460533,0.3239625148195971,1
893,2500,5,stress,ccmar,0.2558505160746848,full,0.24670806822461244,0.008617132138886928,0.22981879958237145,0.26359733686685344,1
893,2500,5,stress,ccmar,0.2558505160746848,cc,0.20969275634722917,0.026427606044525688,0.15789560030234578,0.26148991239211256,1
893,2500,5,stress,ccmar,0.2558505160746848,seq,0.20920220838481476,0.025675243594486506,0.1588796556453285,0.259524761124301,1
894,2500,5,stress,ccmar,0.2558505160746848,full,0.24163163642201252,0.009214962826176372,0.2235706411638314,0.25969263168019363,1
894,2500,5,stress,ccmar,0.2558505160746848,cc,0.30516940111386986,0.06628670581931759,0.17524984505420577,0.43508895717353396,1
894,2500,5,stress,ccmar,0.2558505160746848,seq,0.29374332817455207,0.061854307820628424,0.17251111255746615,0.414975543791638,1
895,2500,5,stress,ccmar,0.2558505160746848,full,0.24822018094859896,0.008563489210550952,0.23143605051392174,0.2650043113832762,1
895,2500,5,stress,ccmar,0.2558505160746848,cc,0.24295416557735144,0.031075035537794452,0.18204821510497204,0.30386011604973084,1
895,2500,5,stress,ccmar,0.2558505160746848,seq,0.24166936322774787,0.029433112133124713,0.18398152349389454,0.2993572029616012,1
896,2500,5,stress,ccmar,0.2558505160746848,full,0.24377164766845608,0.008855807919974095,0.22641458309130227,0.26112871224560985,1
896,2500,5,stress,ccmar,0.2558505160746848,cc,0.21951409696887764,0.043526054288806126,0.13420459817368247,0.3048235957640728,1
896,2500,5,stress,ccmar,0.2558505160746848,seq,0.23662728932231372,0.032597284990156926,0.17273778474781806,0.3005167938968094,1
897,2500,5,stress,ccmar,0.2558505160746848,full,0.2709876630997823,0.009684217548359558,0.2520069454865468,0.2899683807130178,1
897,2500,5,stress,ccmar,0.2558505160746848,cc,0.2666604933668496,0.026311377170240298,0.21509114172952923,0.31822984500417,1
897,2500,5,stress,ccmar,0.2558505160746848,seq,0.2769245349223781,0.026600514042882006,0.22478848542807744,0.3290605844166788,1
898,2500,5,stress,ccmar,0.2558505160746848,full,0.24840747221837256,0.011806515472405514,0.22526712710954286,0.2715478173272023,1
898,2500,5,stress,ccmar,0.2558505160746848,cc,0.24560933682209396,0.016531938900360876,0.21320733198276995,0.278011341661418,1
898,2500,5,stress,ccmar,0.2558505160746848,seq,0.24327775228698342,0.017302623301751537,0.2093652337774869,0.27719027079647995,1
899,2500,5,stress,ccmar,0.2558505160746848,full,0.2415681887054857,0.008957683117683735,0.2240114524099031,0.25912492500106826,1
899,2500,5,stress,ccmar,0.2558505160746848,cc,0.18856994782465344,0.035064119057823945,0.11984553732169398,0.25729435832761294,1
899,2500,5,stress,ccmar,0.2558505160746848,seq,0.17771885908583482,0.040091117108366756,0.09914171345345839,0.25629600471821123,1
900,2500,5,stress,ccmar,0.2558505160746848,full,0.27313266297728533,0.011886506478947451,0.24983553837654632,0.29642978757802435,1
900,2500,5,stress,ccmar,0.2558505160746848,cc,0.2491451320662482,0.019901232293102256,0.2101394335238023,0.28815083060869406,1
900,2500,5,stress,ccmar,0.2558505160746848,seq,0.24198042002439074,0.02134447292210877,0.20014602182806715,0.28381481822071436,1
901,2500,5,stress,ccmar,0.2558505160746848,full,0.28662285169080687,0.008815002372660368,0.2693457645167574,0.30389993886485633,0
901,2500,5,stress,ccmar,0.2558505160746848,cc,0.2327349585279474,0.05182639731182626,0.13115708634830445,0.3343128307075903,1
901,2500,5,stress,ccmar,0.2558505160746848,seq,0.22233907531597633,0.060873475986047296,0.10302925476955978,0.3416488958623929,1
902,2500,5,stress,ccmar,0.2558505160746848,full,0.26875324430375586,0.009631438530271947,0.24987597166511144,0.28763051694240027,1
902,2500,5,stress,ccmar,0.2558505160746848,cc,0.20125069538326223,0.04669047044013668,0.10973905489936234,0.29276233586716216,1
902,2500,5,stress,ccmar,0.2558505160746848,seq,0.21155695695611954,0.04083993345756895,0.13151215824827203,0.29160175566396707,1
903,2500,5,stress,ccmar,0.2558505160746848,full,0.2354093059155295,0.009236587556942318,0.21730592696387174,0.25351268486718725,0
903,2500,5,stress,ccmar,0.2558505160746848,cc,0.23197593102954606,0.022534733157691895,0.18780866563924936,0.27614319641984275,1
903,2500,5,stress,ccmar,0.2558505160746848,seq,0.23650416654606615,0.019591259153762162,0.19810600419290164,0.27490232889923066,1
904,2500,5,stress,ccmar,0.2558505160746848,full,0.24054370440689818,0.008977070960236444,0.22294896863817434,0.258138440175622,1
904,2500,5,stress,ccmar,0.2558505160746848,cc,0.24958692607945732,0.05972538598816888,0.13252732057989314,0.3666465315790215,1
904,2500,5,stress,ccmar,0.2558505160746848,seq,0.24950915245285882,0.05222564909989544,0.14714876114783706,0.3518695437578806,1
905,2500,5,stress,ccmar,0.2558505160746848,full,0.24548209999747095,0.009272283489649251,0.22730875830331304,0.26365544169162886,1
905,2500,5,stress,ccmar,0.2558505160746848,cc,0.3124057077355081,0.015697570940197872,0.2816390340479577,0.34317238142305845,0
905,2500,5,stress,ccmar,0.2558505160746848,seq,0.3166375073791031,0.01566773437016012,0.28592931229424895,0.3473457024639573,0
906,2500,5,stress,ccmar,0.2558505160746848,full,0.2713977680570408,0.008668597253407207,0.25440762964387986,0.28838790647020174,1
906,2500,5,stress,ccmar,0.2558505160746848,cc,0.24758081447719416,0.014710213325042102,0.21874932615521045,0.2764123027991779,1
906,2500,5,stress,ccmar,0.2558505160746848,seq,0.2521883724954503,0.01390415444586881,0.22493673054606494,0.2794400144448356,1
907,2500,5,stress,ccmar,0.2558505160746848,full,0.2517287366786271,0.00880535429210232,0.23447055939499137,0.2689869139622628,1
907,2500,5,stress,ccmar,0.2558505160746848,cc,0.2764368178701373,0.029359628095826942,0.2188930042028262,0.3339806315374484,1
907,2500,5,stress,ccmar,0.2558505160746848,seq,0.2848660735389447,0.031441764796326876,0.2232413469277647,0.34649080015012473,1
908,2500,5,stress,ccmar,0.2558505160746848,full,0.24984425602181126,0.010180198347544505,0.22989143390514985,0.26979707813847265,1
908,2500,5,stress,ccmar,0.2558505160746848,cc,0.19845348617372746,0.02069135221229488,0.15789918104619632,0.2390077913012586,0
908,2500,5,stress,ccmar,0.2558505160746848,seq,0.21238965913895172,0.020230440733295968,0.17273872391031952,0.2520405943675839,0
909,2500,5,stress,ccmar,0.2558505160746848,full,0.26246836120185907,0.009094154078800038,0.24464414673755297,0.28029257566616517,1
909,2500,5,stress,ccmar,0.2558505160746848,cc,0.24427407922706343,0.01692459373178716,0.21110248505978824,0.2774456733943386,1
909,2500,5,stress,ccmar,0.2558505160746848,seq,0.2437226867675845,0.017655380413808083,0.20911877702316678,0.2783265965120022,1
910,2500,5,stress,ccmar,0.2558505160746848,full,0.2470974591299202,0.009646693020805593,0.22819028823922735,0.2660046300206131,1
910,2500,5,stress,ccmar,0.2558505160746848,cc,0.26316391943374073,0.049500419638288405,0.16614487972307623,0.36018295914440523,1
910,2500,5,stress,ccmar,0.2558505160746848,seq,0.27647595883029386,0.05551677688584682,0.16766507559628835,0.38528684206429936,1
911,2500,5,stress,ccmar,0.2558505160746848,full,0.24981282471250332,0.01019932168086439,0.2298225215512706,0.26980312787373606,1
911,2500,5,stress,ccmar,0.2558505160746848,cc,0.2731818858425805,0.017424253414821136,0.23903097669203205,0.307332794993129,1
911,2500,5,stress,ccmar,0.2558505160746848,seq,0.2754616467204698,0.018328570296524994,0.23953830905117018,0.3113849843897694,1
912,2500,5,stress,ccmar,0.2558505160746848,full,0.25992348220177003,0.009717994873475326,0.2408765622478135,0.27897040215572655,1
912,2500,5,stress,ccmar,0.2558505160746848,cc,0.27685329491056504,0.01762916439308995,0.24230076762257283,0.3114058221985573,1
912,2500,5,stress,ccmar,0.2558505160746848,seq,0.27443083492486264,0.018490880728078495,0.23818937465540302,0.31067229519432227,1
913,2500,5,stress,ccmar,0.2558505160746848,full,0.2883792903686666,0.008918798224365095,0.2708987670635312,0.305859813673802,0
913,2500,5,stress,ccmar,0.2558505160746848,cc,0.3296403842932087,0.0324608134858488,0.26601835895207293,0.39326240963434445,0
913,2500,5,stress,ccmar,0.2558505160746848,seq,0.32018995935321093,0.029825386858843225,0.261733275284904,0.3786466434215179,0
914,2500,5,stress,ccmar,0.2558505160746848,full,0.2577136772979221,0.008620950269329039,0.24081692525752632,0.2746104293383179,1
914,2500,5,stress,ccmar,0.2558505160746848,cc,0.235925254072429,0.01872599903959644,0.19922297038028836,0.27262753776456966,1
914,2500,5,stress,ccmar,0.2558505160746848,seq,0.23166671717571966,0.01905799401055901,0.19431373529744395,0.26901969905399536,1
915,2500,5,stress,ccmar,0.2558505160746848,full,0.2573025497475636,0.009223006815063321,0.23922578856087204,0.2753793109342552,1
915,2500,5,stress,ccmar,0.2558505160746848,cc,0.2240561431236353,0.01923499104944242,0.18635625342377787,0.26175603282349275,1
915,2500,5,stress,ccmar,0.2558505160746848,seq,0.20842526769441228,0.021040635913415016,0.16718637909229883,0.24966415629652572,0
916,2500,5,stress,ccmar,0.2558505160746848,full,0.2525488915340264,0.009018176159581922,0.23487359105500807,0.2702241920130447,1
916,2500,5,stress,ccmar,0.2558505160746848,cc,0.28532419776942547,0.01940929493215098,0.24728267873709375,0.3233657168017572,1
916,2500,5,stress,ccmar,0.2558505160746848,seq,0.2862385792565153,0.018773426819335855,0.24944333882421868,0.3230338196888119,1
917,2500,5,stress,ccmar,0.2558505160746848,full,0.26132318913384267,0.00989525900123922,0.24192883787371802,0.28071754039396735,1
917,2500,5,stress,ccmar,0.2558505160746848,cc,0.2840755145209889,0.020195019509524945,0.24449400361523627,0.3236570254267415,1
917,2500,5,stress,ccmar,0.2558505160746848,seq,0.29169666800076177,0.0198422345216939,0.2528066029654444,0.33058673303607916,1
918,2500,5,stress,ccmar,0.2558505160746848,full,0.26082494253287386,0.009393798379103806,0.24241343603179966,0.27923644903394806,1
918,2500,5,stress,ccmar,0.2558505160746848,cc,0.2813447912667656,0.02649553805115539,0.22941449093549046,0.33327509159804075,1
918,2500,5,stress,ccmar,0.2558505160746848,seq,0.2789842380833928,0.02822555617717422,0.22366316453251928,0.3343053116342663,1
919,2500,5,stress,ccmar,0.2558505160746848,full,0.23231912275751102,0.010674654015183945,0.2113971853403246,0.25324106017469744,0
919,2500,5,stress,ccmar,0.2558505160746848,cc,0.22529454167314417,0.02228052910329168,0.18162550707419597,0.2689635762720924,1
919,2500,5,stress,ccmar,0.2558505160746848,seq,0.22253429751995946,0.02258808542850554,0.1782624636003746,0.2668061314395443,1
920,2500,5,stress,ccmar,0.2558505160746848,full,0.2439211143517544,0.009073673081462843,0.22613704190459666,0.26170518679891214,1
920,2500,5,stress,ccmar,0.2558505160746848,cc,0.23184154248808658,0.02325391638031945,0.18626470388315444,0.27741838109301875,1
920,2500,5,stress,ccmar,0.2558505160746848,seq,0.2340979573238852,0.02403025231600047,0.18699952824511404,0.2811963864026563,1
921,2500,5,stress,ccmar,0.2558505160746848,full,0.2634222790375554,0.00905610471105464,0.24567263996366479,0.281171918111446,1
921,2500,5,stress,ccmar,0.2558505160746848,cc,0.23073507732339693,0.032455527312015835,0.16712341269258985,0.294346741954204,1
921,2500,5,stress,ccmar,0.2558505160746848,seq,0.23124345042906963,0.03365531033907429,0.1652802542759655,0.2972066465821738,1
922,2500,5,stress,ccmar,0.2558505160746848,full,0.25789751425162405,0.010646615134535999,0.23703053203067442,0.2787644964725737,1
922,2500,5,stress,ccmar,0.2558505160746848,cc,0.3238607418921426,0.03868901831026336,0.2480316594068157,0.39968982437746947,1
922,2500,5,stress,ccmar,0.2558505160746848,seq,0.3189981868298682,0.04020438984206659,0.24019903071900967,0.3977973429407267,1
923,2500,5,stress,ccmar,0.2558505160746848,full,0.27572827175723347,0.009799227926794083,0.25652213794441797,0.29493440557004896,0
923,2500,5,stress,ccmar,0.2558505160746848,cc,0.4213135878777347,0.11029664453908629,0.20513613696550914,0.6374910387899603,1
923,2500,5,stress,ccmar,0.2558505160746848,seq,0.44805035923925396,0.14188287033308522,0.16996504336324042,0.7261356751152674,1
924,2500,5,stress,ccmar,0.2558505160746848,full,0.25781322908783766,0.009607618871733798,0.23898264212205206,0.27664381605362326,1
924,2500,5,stress,ccmar,0.2558505160746848,cc,0.36973021650345356,0.056389977708603795,0.25920789110557363,0.4802525419013335,0
924,2500,5,stress,ccmar,0.2558505160746848,seq,0.37641684249196666,0.05910062550402225,0.2605817450402937,0.49225193994363964,0
925,2500,5,stress,ccmar,0.2558505160746848,full,0.2577142273046593,0.009411468304298743,0.23926808838659352,0.2761603662227251,1
925,2500,5,stress,ccmar,0.2558505160746848,cc,0.24596669751193712,0.023831070654805383,0.1992586573154892,0.29267473770838504,1
925,2500,5,stress,ccmar,0.2558505160746848,seq,0.2526229085460233,0.023811032037970064,0.20595414331687262,0.299291673775174,1
926,2500,5,stress,ccmar,0.2558505160746848,full,0.25899139920786446,0.009183813740167208,0.24099145503641264,0.2769913433793163,1
926,2500,5,stress,ccmar,0.2558505160746848,cc,0.33332362323148457,0.06357929917597446,0.2087104866842775,0.45793675977869164,1
926,2500,5,stress,ccmar,0.2558505160746848,seq,0.3299167009892535,0.0638043993763935,0.2048623761563124,0.4549710258221946,1
927,2500,5,stress,ccmar,0.2558505160746848,full,0.25104767155701013,0.00936311685639183,0.23269629973544226,0.269399043378578,1
927,2500,5,stress,ccmar,0.2558505160746848,cc,0.24922699420889594,0.017256129039332845,0.2154056027792278,0.28304838563856405,1
927,2500,5,stress,ccmar,0.2558505160746848,seq,0.2533863346699418,0.018083110620710385,0.2179440891248957,0.2888285802149879,1
928,2500,5,stress,ccmar,0.2558505160746848,full,0.24548655236989922,0.009969079278024949,0.22594751602594576,0.2650255887138527,1
928,2500,5,stress,ccmar,0.2558505160746848,cc,0.2783406041811724,0.016697561302510294,0.24561398539860252,0.3110672229637423,1
928,2500,5,stress,ccmar,0.2558505160746848,seq,0.2754000432459066,0.0163034794841433,0.2434458106342981,0.3073542758575151,1
929,2500,5,stress,ccmar,0.2558505160746848,full,0.23636366009576218,0.009158867258263573,0.21841261013038246,0.25431471006114187,0
929,2500,5,stress,ccmar,0.2558505160746848,cc,0.23454380651946344,0.019857967889121485,0.19562290465063245,0.27346470838829445,1
929,2500,5,stress,ccmar,0.2558505160746848,seq,0.23296083426595027,0.02119845158864674,0.19141263262418676,0.27450903590771375,1
930,2500,5,stress,ccmar,0.2558505160746848,full,0.24729166543230807,0.008757548056987783,0.2301271866477333,0.26445614421688285,1
930,2500,5,stress,ccmar,0.2558505160746848,cc,0.23671017689363438,0.017265685521023862,0.20287005510403294,0.2705502986832358,1
930,2500,5,stress,ccmar,0.2558505160746848,seq,0.24078383057663078,0.017318668579788726,0.20683986390005943,0.2747277972532021,1
931,2500,5,stress,ccmar,0.2558505160746848,full,0.2506753035387779,0.009539962947880915,0.23197731974708477,0.26937328733047106,1
931,2500,5,stress,ccmar,0.2558505160746848,cc,0.21576134479517242,0.03744864644207461,0.14236334649893218,0.28915934309141267,1
931,2500,5,stress,ccmar,0.2558505160746848,seq,0.1882387672421051,0.05116880708001003,0.0879497482334073,0.2885277862508029,1
932,2500,5,stress,ccmar,0.2558505160746848,full,0.2757889537897199,0.008935858350927965,0.2582749932509496,0.2933029143284902,0
932,2500,5,stress,ccmar,0.2558505160746848,cc,0.20486792406168197,0.020684294730161267,0.16432745134495425,0.2454083967784097,0
932,2500,5,stress,ccmar,0.2558505160746848,seq,0.20357828250360785,0.020697880490096732,0.16301118218670402,0.24414538282051168,0
933,2500,5,stress,ccmar,0.2558505160746848,full,0.26948522962870874,0.008921307008291062,0.2519997891974335,0.286970670059984,1
933,2500,5,stress,ccmar,0.2558505160746848,cc,0.22104223114547203,0.0262620398210509,0.16956957893565555,0.2725148833552885,1
933,2500,5,stress,ccmar,0.2558505160746848,seq,0.22878871717504434,0.025866436202914705,0.17809143380892853,0.27948600054116013,1
934,2500,5,stress,ccmar,0.2558505160746848,full,0.2487691197366154,0.00891317272362016,0.2312996222103351,0.26623861726289566,1
934,2500,5,stress,ccmar,0.2558505160746848,cc,0.2878130042639164,0.040228102396044234,0.20896737240128027,0.3666586361265526,1
934,2500,5,stress,ccmar,0.2558505160746848,seq,0.277044320884271,0.04476824067211255,0.18930018151570918,0.36478846025283285,1
935,2500,5,stress,ccmar,0.2558505160746848,full,0.2630864085189802,0.009321538720500152,0.2448165283463043,0.2813562886916561,1
935,2500,5,stress,ccmar,0.2558505160746848,cc,0.28366597126032117,0.021430055175573413,0.2416638349294911,0.3256681075911512,1
935,2500,5,stress,ccmar,0.2558505160746848,seq,0.2907345010146157,0.021500398144163917,0.24859449499878258,0.33287450703044874,1
936,2500,5,stress,ccmar,0.2558505160746848,full,0.2640029449416282,0.009030155025163624,0.24630416631749408,0.2817017235657623,1
936,2500,5,stress,ccmar,0.2558505160746848,cc,0.2558776893307045,0.014673466940105717,0.2271182225997581,0.28463715606165085,1
936,2500,5,stress,ccmar,0.2558505160746848,seq,0.2520200701811174,0.014083081151076154,0.22441773833365325,0.2796224020285815,1
937,2500,5,stress,ccmar,0.2558505160746848,full,0.25722718376350456,0.00994650248569936,0.2377323971193957,0.2767219704076134,1
937,2500,5,stress,ccmar,0.2558505160746848,cc,0.25675886700886014,0.016899579858873526,0.22363629913160954,0.28988143488611073,1
937,2500,5,stress,ccmar,0.2558505160746848,seq,0.2632185246626899,0.017037477461150558,0.2298256824514219,0.29661136687395795,1
938,2500,5,stress,ccmar,0.2558505160746848,full,0.23185364061157698,0.010829671503832006,0.21062787449966652,0.25307940672348744,0
938,2500,5,stress,ccmar,0.2558505160746848,cc,0.17941802193053868,0.03927377977308253,0.10244282803853927,0.2563932158225381,1
938,2500,5,stress,ccmar,0.2558505160746848,seq,0.1833493022943228,0.03559826210042006,0.11357799066528232,0.25312061392336327,0
939,2500,5,stress,ccmar,0.2558505160746848,full,0.2523388992775028,0.00847042024271157,0.2357371806678691,0.2689406178871365,1
939,2500,5,stress,ccmar,0.2558505160746848,cc,0.5397197551681068,0.19661769214725058,0.15435615983611184,0.9250833505001017,1
939,2500,5,stress,ccmar,0.2558505160746848,seq,0.5357179220507571,0.19489913942368148,0.15372262816249077,0.9177132159390233,1
940,2500,5,stress,ccmar,0.2558505160746848,full,0.25192291112800347,0.008728467163282579,0.23481542984772913,0.2690303924082778,1
940,2500,5,stress,ccmar,0.2558505160746848,cc,0.24212131340281284,0.019194293710115065,0.20450118902230363,0.27974143778332206,1
940,2500,5,stress,ccmar,0.2558505160746848,seq,0.22696722655683152,0.026039634483534316,0.175930480798517,0.278003972315146,1
941,2500,5,stress,ccmar,0.2558505160746848,full,0.24951336398579751,0.009100856912589172,0.23167601220867035,0.2673507157629247,1
941,2500,5,stress,ccmar,0.2558505160746848,cc,0.22943392961616418,0.0395647293442309,0.15188848504339658,0.3069793741889318,1
941,2500,5,stress,ccmar,0.2558505160746848,seq,0.23688308346977238,0.04113703936381772,0.15625596788608315,0.3175101990534616,1
942,2500,5,stress,ccmar,0.2558505160746848,full,0.2633020460347319,0.008974193775724497,0.24571294944402836,0.2808911426254354,1
942,2500,5,stress,ccmar,0.2558505160746848,cc,0.25579760102658927,0.04089338381338768,0.1756480415463762,0.33594716050680234,1
942,2500,5,stress,ccmar,0.2558505160746848,seq,0.2561625889252333,0.038530453988327745,0.18064428680013322,0.3316808910503334,1
943,2500,5,stress,ccmar,0.2558505160746848,full,0.24292557356049646,0.009163285911591813,0.22496586319373324,0.2608852839272597,1
943,2500,5,stress,ccmar,0.2558505160746848,cc,0.22533012341950284,0.018153328116355418,0.18975025411190788,0.2609099927270978,1
943,2500,5,stress,ccmar,0.2558505160746848,seq,0.22342768492291024,0.016635810167763145,0.19082209614044923,0.2560332737053712,1
944,2500,5,stress,ccmar,0.2558505160746848,full,0.22779216918748058,0.008929187844266342,0.2102912826015257,0.24529305577343546,0
944,2500,5,stress,ccmar,0.2558505160746848,cc,0.2260783161096912,0.016306597976148317,0.19411797136606676,0.2580386608533156,1
944,2500,5,stress,ccmar,0.2558505160746848,seq,0.22648316806548766,0.01631609752409658,0.19450420455001521,0.2584621315809601,1
945,2500,5,stress,ccmar,0.2558505160746848,full,0.2515373757307377,0.009153196493660299,0.23359744025974521,0.2694773112017302,1
945,2500,5,stress,ccmar,0.2558505160746848,cc,0.2504251518074031,0.022013744400409013,0.20727900561773116,0.29357129799707504,1
945,2500,5,stress,ccmar,0.2558505160746848,seq,0.2553083778068569,0.02150535470276655,0.21315865711467538,0.2974580984990384,1
946,2500,5,stress,ccmar,0.2558505160746848,full,0.25335572545985924,0.009409960905226828,0.23491254098968473,0.27179890993003375,1
946,2500,5,stress,ccmar,0.2558505160746848,cc,0.23562172480626606,0.019454963335119715,0.19749069734888416,0.2737527522636479,1
946,2500,5,stress,ccmar,0.2558505160746848,seq,0.23819060718388718,0.019302499177991195,0.20035840398341043,0.27602281038436394,1
947,2500,5,stress,ccmar,0.2558505160746848,full,0.27732674394328566,0.00863311942200341,0.2604061408019257,0.2942473470846456,0
947,2500,5,stress,ccmar,0.2558505160746848,cc,0.2847308295049025,0.013811233137675693,0.25766130997297204,0.311800349036833,0
947,2500,5,stress,ccmar,0.2558505160746848,seq,0.28429568735220845,0.01340818865679236,0.2580161204869769,0.31057525421744,0
948,2500,5,stress,ccmar,0.2558505160746848,full,0.23627963922638529,0.009127225358690615,0.21839060624457102,0.25416867220819955,0
948,2500,5,stress,ccmar,0.2558505160746848,cc,0.20842762529288603,0.02371429551576462,0.16194846016324765,0.2549067904225244,0
948,2500,5,stress,ccmar,0.2558505160746848,seq,0.20766006201085302,0.023894268177825993,0.16082815694537256,0.2544919670763335,0
949,2500,5,stress,ccmar,0.2558505160746848,full,0.24996293496745467,0.009625314811105961,0.23109766459782705,0.2688282053370823,1
949,2500,5,stress,ccmar,0.2558505160746848,cc,0.2723452318928588,0.016089288599458185,0.24081080570104987,0.3038796580846677,1
949,2500,5,stress,ccmar,0.2558505160746848,seq,0.27040327543303994,0.017033257865941773,0.23701870347641046,0.3037878473896694,1
950,2500,5,stress,ccmar,0.2558505160746848,full,0.25253140989174777,0.008349881173453023,0.23616594351659081,0.2688968762669047,1
950,2500,5,stress,ccmar,0.2558505160746848,cc,0.23786333695207398,0.015304596790736624,0.20786687844432292,0.2678597954598251,1
950,2500,5,stress,ccmar,0.2558505160746848,seq,0.2456020402406095,0.014897815915638705,0.21640285759765002,0.27480122288356895,1
951,2500,5,stress,ccmar,0.2558505160746848,full,0.25167342330459397,0.009184903380378792,0.23367134347757135,0.2696755031316166,1
951,2500,5,stress,ccmar,0.2558505160746848,cc,0.2872531384580445,0.03267498377214556,0.22321134706920848,0.35129492984688054,1
951,2500,5,stress,ccmar,0.2558505160746848,seq,0.2796981659718469,0.02609985240543961,0.22854339525537415,0.3308529366883196,1
952,2500,5,stress,ccmar,0.2558505160746848,full,0.26439180036730137,0.008622012046083125,0.24749296728270795,0.2812906334518948,1
952,2500,5,stress,ccmar,0.2558505160746848,cc,0.30964622211210674,0.01979280509018381,0.27085303698232543,0.34843940724188804,0
952,2500,5,stress,ccmar,0.2558505160746848,seq,0.3003265870257068,0.0200999872141722,0.2609313359962137,0.3397218380551999,0
953,2500,5,stress,ccmar,0.2558505160746848,full,0.2513986637888944,0.009157890423887042,0.23344952838371158,0.26934779919407725,1
953,2500,5,stress,ccmar,0.2558505160746848,cc,0.2316856972065824,0.03949907922147193,0.154268924510003,0.3091024699031618,1
953,2500,5,stress,ccmar,0.2558505160746848,seq,0.24003605094763383,0.041230695414971166,0.1592253728767496,0.3208467290185181,1
954,2500,5,stress,ccmar,0.2558505160746848,full,0.2810006390712975,0.00941026237955672,0.26255686372229414,0.2994444144203009,0
954,2500,5,stress,ccmar,0.2558505160746848,cc,0.22436483395715845,0.07237032610320902,0.0825216012454498,0.36620806666886707,1
954,2500,5,stress,ccmar,0.2558505160746848,seq,0.24611920790614691,0.055075019192311316,0.13817415384136447,0.35406426197092933,1
955,2500,5,stress,ccmar,0.2558505160746848,full,0.25281362932067497,0.009462401919074086,0.23426766235204707,0.2713595962893029,1
955,2500,5,stress,ccmar,0.2558505160746848,cc,0.19454170276531055,0.12982325989366067,-0.05990721098184762,0.44899061651246874,1
955,2500,5,stress,ccmar,0.2558505160746848,seq,0.18750455017863915,0.12166576746493804,-0.050955972204064476,0.42596507256134275,1
956,2500,5,stress,ccmar,0.2558505160746848,full,0.2562251822905196,0.00930533388645678,0.23798706300894418,0.27446330157209503,1
956,2500,5,stress,ccmar,0.2558505160746848,cc,0.22501267210066808,0.01746003831243908,0.19079162583959797,0.2592337183617382,1
956,2500,5,stress,ccmar,0.2558505160746848,seq,0.22598219414259874,0.017437093901547414,0.19180611810052278,0.2601582701846747,1
957,2500,5,stress,ccmar,0.2558505160746848,full,0.25489311523470687,0.008389655785220383,0.2384496920529868,0.2713365384164269,1
957,2500,5,stress,ccmar,0.2558505160746848,cc,0.25073237401325493,0.018440855516470293,0.2145889613568664,0.2868757866696435,1
957,2500,5,stress,ccmar,0.2558505160746848,seq,0.24813816380646445,0.018724377345514104,0.21143905857631912,0.2848372690366098,1
958,2500,5,stress,ccmar,0.2558505160746848,full,0.24482633820198244,0.00895149502844549,0.22728173033843993,0.2623709460655249,1
958,2500,5,stress,ccmar,0.2558505160746848,cc,0.30626167041843855,0.026274301148312834,0.254764986448786,0.3577583543880911,1
958,2500,5,stress,ccmar,0.2558505160746848,seq,0.2963492523407049,0.027103977385692053,0.2432264328269604,0.34947207185444945,1
959,2500,5,stress,ccmar,0.2558505160746848,full,0.2615693610856185,0.009118020421150145,0.2436983694498635,0.2794403527213735,1
959,2500,5,stress,ccmar,0.2558505160746848,cc,0.2578077298783881,0.01669751248038027,0.22508120678543472,0.2905342529713415,1
959,2500,5,stress,ccmar,0.2558505160746848,seq,0.26648369637008984,0.016118886893592168,0.2348912585877745,0.2980761341524052,1
960,2500,5,stress,ccmar,0.2558505160746848,full,0.24707801713095523,0.00855674139216253,0.23030711217729355,0.2638489220846169,1
960,2500,5,stress,ccmar,0.2558505160746848,cc,0.247416415310105,0.016893248735680506,0.2143062562062944,0.2805265744139156,1
960,2500,5,stress,ccmar,0.2558505160746848,seq,0.2475587430236262,0.016706720241129968,0.21481417305122513,0.2803033129960273,1
961,2500,5,stress,ccmar,0.2558505160746848,full,0.2634295507492075,0.00901624224448298,0.24575804067413226,0.2811010608242827,1
961,2500,5,stress,ccmar,0.2558505160746848,cc,0.2788364857502629,0.026261937592024824,0.22736403390565568,0.33030893759487007,1
961,2500,5,stress,ccmar,0.2558505160746848,seq,0.2707709980626895,0.025580485112799936,0.2206341685345386,0.3209078275908404,1
962,2500,5,stress,ccmar,0.2558505160746848,full,0.26690904243079105,0.009661443049635711,0.24797296201482025,0.2858451228467619,1
962,2500,5,stress,ccmar,0.2558505160746848,cc,0.2999899665906777,0.029222000166721333,0.24271589870768046,0.357264034473675,1
962,2500,5,stress,ccmar,0.2558505160746848,seq,0.29661091066795137,0.030841005370980806,0.23616365089382263,0.3570581704420801,1
963,2500,5,stress,ccmar,0.2558505160746848,full,0.25167339986055437,0.009333169795439203,0.23338072319989647,0.2699660765212123,1
963,2500,5,stress,ccmar,0.2558505160746848,cc,0.2662274495422522,0.018840783024432536,0.22930019337383079,0.3031547057106736,1
963,2500,5,stress,ccmar,0.2558505160746848,seq,0.26839521793792726,0.01817773008967543,0.23276752164147335,0.30402291423438116,1
964,2500,5,stress,ccmar,0.2558505160746848,full,0.2526148421150469,0.00878820834060103,0.23539027027883438,0.26983941395125943,1
964,2500,5,stress,ccmar,0.2558505160746848,cc,0.28477811473951703,0.015906502000763253,0.25360194369800676,0.3159542857810273,1
964,2500,5,stress,ccmar,0.2558505160746848,seq,0.28426287621256535,0.01594251978011645,0.2530161116207197,0.315509640804411,1
965,2500,5,stress,ccmar,0.2558505160746848,full,0.24984687494729083,0.010507365542645496,0.2292528169113085,0.27044093298327315,1
965,2500,5,stress,ccmar,0.2558505160746848,cc,0.26802111042574933,0.033764048676401474,0.20184479104774516,0.3341974298037535,1
965,2500,5,stress,ccmar,0.2558505160746848,seq,0.2781465217100269,0.0318381999642492,0.21574479644751404,0.34054824697253977,1
966,2500,5,stress,ccmar,0.2558505160746848,full,0.25846376327633663,0.009144581546398457,0.24054071279170608,0.2763868137609672,1
966,2500,5,stress,ccmar,0.2558505160746848,cc,0.30430717829229037,0.01820708852148059,0.2686219405268558,0.33999241605772496,0
966,2500,5,stress,ccmar,0.2558505160746848,seq,0.3096059283938431,0.0184288275869947,0.2734860900460353,0.3457257667416509,0
967,2500,5,stress,ccmar,0.2558505160746848,full,0.2481039120587875,0.009059001263682975,0.23034859584606604,0.265859228271509,1
967,2500,5,stress,ccmar,0.2558505160746848,cc,0.21634344908658773,0.01735911724855012,0.18232020447602146,0.25036669369715403,0
967,2500,5,stress,ccmar,0.2558505160746848,seq,0.21531181774832886,0.01784427993754711,0.18033767174068588,0.25028596375597184,0
968,2500,5,stress,ccmar,0.2558505160746848,full,0.2503278849166065,0.008806166009029875,0.23306811669702715,0.2675876531361859,1
968,2500,5,stress,ccmar,0.2558505160746848,cc,0.24180063209929886,0.0336435696972982,0.17586044718123126,0.30774081701736644,1
968,2500,5,stress,ccmar,0.2558505160746848,seq,0.25118258968263174,0.02873898075447729,0.1948552224514665,0.30750995691379696,1
969,2500,5,stress,ccmar,0.2558505160746848,full,0.2547549840384357,0.010863152645943947,0.23346359609382458,0.2760463719830468,1
969,2500,5,stress,ccmar,0.2558505160746848,cc,0.24044893900330994,0.03905341991938848,0.16390564248818937,0.3169922355184305,1
969,2500,5,stress,ccmar,0.2558505160746848,seq,0.23691562993619714,0.03816068309776791,0.16212206543912566,0.3117091944332686,1
970,2500,5,stress,ccmar,0.2558505160746848,full,0.22899270940389901,0.009471892957052256,0.210428140342658,0.24755727846514003,0
970,2500,5,stress,ccmar,0.2558505160746848,cc,0.23729461548614464,0.01852824743428576,0.20097991781829788,0.2736093131539914,1
970,2500,5,stress,ccmar,0.2558505160746848,seq,0.24235214843455424,0.01938394362563287,0.20436031704995905,0.28034397981914944,1
971,2500,5,stress,ccmar,0.2558505160746848,full,0.279956390313882,0.008974969512174814,0.2623657733076743,0.29754700732008965,0
971,2500,5,stress,ccmar,0.2558505160746848,cc,0.276999266445463,0.032088166816524204,0.2141076151551623,0.33989091773576374,1
971,2500,5,stress,ccmar,0.2558505160746848,seq,0.26709091917569167,0.03518208386847845,0.19813530189240627,0.3360465364589771,1
972,2500,5,stress,ccmar,0.2558505160746848,full,0.265252631252835,0.008324934062040655,0.24893606031756457,0.28156920218810544,1
972,2500,5,stress,ccmar,0.2558505160746848,cc,0.1922916797670603,0.01966648801678833,0.15374607155176662,0.23083728798235398,0
972,2500,5,stress,ccmar,0.2558505160746848,seq,0.19739017413488322,0.019349492060984574,0.15946586657620976,0.23531448169355668,0
973,2500,5,stress,ccmar,0.2558505160746848,full,0.2620272809756584,0.009179385649553473,0.2440360157023298,0.28001854624898703,1
973,2500,5,stress,ccmar,0.2558505160746848,cc,0.33367399327902375,0.016426521989770387,0.30147860178781855,0.36586938477022896,0
973,2500,5,stress,ccmar,0.2558505160746848,seq,0.3315546912294184,0.016892259112997333,0.2984464717504251,0.36466291070841167,0
974,2500,5,stress,ccmar,0.2558505160746848,full,0.26468239814442557,0.009192263005806079,0.24666589371662576,0.2826989025722254,1
974,2500,5,stress,ccmar,0.2558505160746848,cc,0.2530359205148405,0.05206069442546436,0.15099883443078516,0.3550730065988958,1
974,2500,5,stress,ccmar,0.2558505160746848,seq,0.2619555694795431,0.04721476990268906,0.16941632093192688,0.3544948180271594,1
975,2500,5,stress,ccmar,0.2558505160746848,full,0.2604319188280314,0.010050277584061164,0.2407337367286413,0.2801301009274215,1
975,2500,5,stress,ccmar,0.2558505160746848,cc,0.2662301512987126,0.029647050591444447,0.20812299989164457,0.3243373027057806,1
975,2500,5,stress,ccmar,0.2558505160746848,seq,0.2582954001258554,0.031841129614791096,0.19588793285379313,0.32070286739791765,1
976,2500,5,stress,ccmar,0.2558505160746848,full,0.25940884655908614,0.009825231379273403,0.24015174691593746,0.2786659462022348,1
976,2500,5,stress,ccmar,0.2558505160746848,cc,0.27410413201718253,0.015071149712807503,0.24456522137446865,0.3036430426598964,1
976,2500,5,stress,ccmar,0.2558505160746848,seq,0.2733490857720903,0.01485223785755582,0.24423923448145854,0.30245893706272203,1
977,2500,5,stress,ccmar,0.2558505160746848,full,0.2534271903850245,0.008977100217322299,0.23583239727346608,0.2710219834965829,1
977,2500,5,stress,ccmar,0.2558505160746848,cc,0.23319834726879682,0.030332911653195863,0.17374693288229762,0.292649761655296,1
977,2500,5,stress,ccmar,0.2558505160746848,seq,0.22521001378921146,0.030637757385956275,0.16516111274566114,0.2852589148327618,1
978,2500,5,stress,ccmar,0.2558505160746848,full,0.28577752747490076,0.009718299886729172,0.2667300097059519,0.3048250452438496,0
978,2500,5,stress,ccmar,0.2558505160746848,cc,0.2348472517723988,0.018655572530913614,0.19828300150083336,0.27141150204396425,1
978,2500,5,stress,ccmar,0.2558505160746848,seq,0.23677197033406747,0.018458678874584727,0.20059362453769106,0.27295031613044385,1
979,2500,5,stress,ccmar,0.2558505160746848,full,0.25689399290318266,0.009816030354536497,0.2376549269371392,0.2761330588692261,1
979,2500,5,stress,ccmar,0.2558505160746848,cc,0.178221383356637,0.02110704418457213,0.13685233693478005,0.21959042977849397,0
979,2500,5,stress,ccmar,0.2558505160746848,seq,0.18533787934892257,0.01951992203789882,0.1470795351736112,0.22359622352423394,0
980,2500,5,stress,ccmar,0.2558505160746848,full,0.23136106661447867,0.009006901569236676,0.21370786392647748,0.24901426930247986,0
980,2500,5,stress,ccmar,0.2558505160746848,cc,0.2744423575192201,0.020112857947753065,0.2350218803154539,0.31386283472298626,1
980,2500,5,stress,ccmar,0.2558505160746848,seq,0.2632208437577142,0.022574605747603126,0.21897542952722118,0.30746625798820726,1
981,2500,5,stress,ccmar,0.2558505160746848,full,0.2529404634042036,0.009735448610077939,0.23385933475511034,0.2720215920532969,1
981,2500,5,stress,ccmar,0.2558505160746848,cc,0.2719358698345835,0.036849460910522394,0.19971225360024308,0.34415948606892394,1
981,2500,5,stress,ccmar,0.2558505160746848,seq,0.26754916894325076,0.03530336816274915,0.19835583881130445,0.33674249907519704,1
982,2500,5,stress,ccmar,0.2558505160746848,full,0.26814115936994415,0.008883824275317366,0.2507291837453395,0.2855531349945488,1
982,2500,5,stress,ccmar,0.2558505160746848,cc,0.28733383553833336,0.018349609523737417,0.25136926174143487,0.32329840933523185,1
982,2500,5,stress,ccmar,0.2558505160746848,seq,0.2878853339721409,0.01882390685028147,0.2509911544972524,0.3247795134470294,1
983,2500,5,stress,ccmar,0.2558505160746848,full,0.2773074641525,0.009424665214259113,0.2588354597662047,0.29577946853879533,0
983,2500,5,stress,ccmar,0.2558505160746848,cc,0.2662576957574704,0.028486776941544615,0.21042463891641686,0.3220907525985239,1
983,2500,5,stress,ccmar,0.2558505160746848,seq,0.2651054649619002,0.028595630712375225,0.20905905865043728,0.3211518712733631,1
984,2500,5,stress,ccmar,0.2558505160746848,full,0.2605333635648901,0.008978603118212875,0.24293562482171382,0.27813110230806637,1
984,2500,5,stress,ccmar,0.2558505160746848,cc,0.23629936927761128,0.02786977704851704,0.18167561000535687,0.2909231285498657,1
984,2500,5,stress,ccmar,0.2558505160746848,seq,0.2453996164804027,0.02342440625168023,0.19948862386787458,0.29131060909293083,1
985,2500,5,stress,ccmar,0.2558505160746848,full,0.2716376523780546,0.009440930064936341,0.253133769470218,0.2901415352858912,1
985,2500,5,stress,ccmar,0.2558505160746848,cc,0.34875591777637266,0.02356358731709899,0.30257213528829385,0.39493970026445147,0
985,2500,5,stress,ccmar,0.2558505160746848,seq,0.34680936055798983,0.022147600271724292,0.3034008616814207,0.39021785943455894,0
986,2500,5,stress,ccmar,0.2558505160746848,full,0.2607483711550969,0.008613461170050622,0.24386629747956345,0.2776304448306304,1
986,2500,5,stress,ccmar,0.2558505160746848,cc,0.25657356502132844,0.015574724619368353,0.22604766569823717,0.28709946434441974,1
986,2500,5,stress,ccmar,0.2558505160746848,seq,0.2529580120759767,0.01601032259242152,0.22157835641396256,0.2843376677379908,1
987,2500,5,stress,ccmar,0.2558505160746848,full,0.25323795115676034,0.009013558303888558,0.23557170150858683,0.2709042008049338,1
987,2500,5,stress,ccmar,0.2558505160746848,cc,0.23893236990796057,0.04748824333831456,0.14585712327578987,0.3320076165401313,1
987,2500,5,stress,ccmar,0.2558505160746848,seq,0.24502205639538197,0.04284748763564836,0.16104252380148593,0.329001588989278,1
988,2500,5,stress,ccmar,0.2558505160746848,full,0.267563232171607,0.009392000840102154,0.24915524878223683,0.28597121556097715,1
988,2500,5,stress,ccmar,0.2558505160746848,cc,0.2707697946664764,0.017764564797368102,0.2359518874626068,0.30558770187034595,1
988,2500,5,stress,ccmar,0.2558505160746848,seq,0.27180307941979365,0.017875412355478362,0.23676791499425376,0.30683824384533354,1
989,2500,5,stress,ccmar,0.2558505160746848,full,0.2560418946529412,0.009006822861606366,0.23838884622906073,0.27369494307682163,1
989,2500,5,stress,ccmar,0.2558505160746848,cc,0.18206799734376028,0.08538937762863616,0.014707892529343208,0.3494281021581773,1
989,2500,5,stress,ccmar,0.2558505160746848,seq,0.16747973446157827,0.10309882420213082,-0.03459024782302461,0.36954971674618114,1
990,2500,5,stress,ccmar,0.2558505160746848,full,0.25127840816569413,0.009822948281017381,0.23202578331290044,0.27053103301848785,1
990,2500,5,stress,ccmar,0.2558505160746848,cc,0.23959580712804476,0.04982827656330371,0.14193417965226823,0.3372574346038213,1
990,2500,5,stress,ccmar,0.2558505160746848,seq,0.24063442296555282,0.051866503458903805,0.1389779441820792,0.34229090174902643,1
991,2500,5,stress,ccmar,0.2558505160746848,full,0.24946842041977466,0.008832424552830098,0.23215718640006036,0.2667796544394889,1
991,2500,5,stress,ccmar,0.2558505160746848,cc,0.28185856410269017,0.019288466952512576,0.24405386355877445,0.3196632646466059,1
991,2500,5,stress,ccmar,0.2558505160746848,seq,0.2881701313103123,0.01926202934934213,0.2504172475164483,0.3259230151041764,1
992,2500,5,stress,ccmar,0.2558505160746848,full,0.2651228374732941,0.01048766480193145,0.24456739217958007,0.2856782827670082,1
992,2500,5,stress,ccmar,0.2558505160746848,cc,0.345095974798733,0.05231459301175002,0.24256125662983216,0.4476306929676338,1
992,2500,5,stress,ccmar,0.2558505160746848,seq,0.3394474472324622,0.05031307152452931,0.24083563909279698,0.43805925537212737,1
993,2500,5,stress,ccmar,0.2558505160746848,full,0.25602757674955157,0.008700849796038634,0.23897422451442316,0.27308092898467995,1
993,2500,5,stress,ccmar,0.2558505160746848,cc,0.26950591430834586,0.04907941544817937,0.17331202764763554,0.3656998009690562,1
993,2500,5,stress,ccmar,0.2558505160746848,seq,0.2644040746805734,0.0501288277513731,0.16615337770067015,0.36265477166047666,1
994,2500,5,stress,ccmar,0.2558505160746848,full,0.2534871721174446,0.00990615609109265,0.23407146295367093,0.27290288128121826,1
994,2500,5,stress,ccmar,0.2558505160746848,cc,0.30461662261579364,0.019692080400078055,0.26602085425097355,0.34321239098061374,0
994,2500,5,stress,ccmar,0.2558505160746848,seq,0.3105473023766823,0.019784873114162223,0.27176966363422955,0.3493249411191351,0
995,2500,5,stress,ccmar,0.2558505160746848,full,0.2721832163002463,0.010523532136880835,0.25155747232181,0.29280896027868253,1
995,2500,5,stress,ccmar,0.2558505160746848,cc,0.14058568946076083,0.11628359894241147,-0.08732597645906556,0.36849735538058725,1
995,2500,5,stress,ccmar,0.2558505160746848,seq,0.1622729232106304,0.09669420318233522,-0.02724423254054492,0.3517900789618057,1
996,2500,5,stress,ccmar,0.2558505160746848,full,0.25514142316253385,0.008440306783820918,0.23859872584777575,0.27168412047729196,1
996,2500,5,stress,ccmar,0.2558505160746848,cc,0.26928916398908753,0.01705571466914715,0.23586057750696765,0.3027177504712074,1
996,2500,5,stress,ccmar,0.2558505160746848,seq,0.26605583977915065,0.01597480902035504,0.23474578943934918,0.2973658901189521,1
997,2500,5,stress,ccmar,0.2558505160746848,full,0.2796319030269396,0.009080974368550314,0.2618335203200496,0.29743028573382957,0
997,2500,5,stress,ccmar,0.2558505160746848,cc,0.28213335119491656,0.014404344538206073,0.25390135467912645,0.3103653477107067,1
997,2500,5,stress,ccmar,0.2558505160746848,seq,0.282076057177043,0.013613333213314021,0.2553944143694046,0.3087576999846814,1
998,2500,5,stress,ccmar,0.2558505160746848,full,0.27460826792571813,0.009595554772756937,0.25580132615943313,0.29341520969200313,1
998,2500,5,stress,ccmar,0.2558505160746848,cc,0.2954835335863747,0.018478018139165765,0.25926728352793194,0.33169978364481745,0
998,2500,5,stress,ccmar,0.2558505160746848,seq,0.2876224835083449,0.018191653558778473,0.2519674977139092,0.3232774693027806,1
999,2500,5,stress,ccmar,0.2558505160746848,full,0.27192437672597275,0.008615197279700837,0.25503890033805166,0.28880985311389384,1
999,2500,5,stress,ccmar,0.2558505160746848,cc,0.31500376520188356,0.023623333967527485,0.268702881430768,0.36130464897299913,0
999,2500,5,stress,ccmar,0.2558505160746848,seq,0.31384198160822946,0.022330741352529642,0.27007453280919214,0.3576094304072668,0
1000,2500,5,stress,ccmar,0.2558505160746848,full,0.24457181313002913,0.00854075397192848,0.22783224294423188,0.2613113833158264,1
1000,2500,5,stress,ccmar,0.2558505160746848,cc,0.2855713232277536,0.021040766923281856,0.24433217785101952,0.32681046860448765,1
1000,2500,5,stress,ccmar,0.2558505160746848,seq,0.29295266379941065,0.020777470329079718,0.25222957026456483,0.3336757573342565,1
