replicate,n,folds,design,scenario,psi,estimator,estimate,se,ci_lo,ci_hi,covered
1,2500,5,bounded,seqmar,0.15,full,0.14479903734153377,0.006667230392386059,0.13173150589582625,0.15786656878724128,1
1,2500,5,bounded,seqmar,0.15,cc,0.1461675816531299,0.008050920117346724,0.13038806818072135,0.16194709512553845,1
1,2500,5,bounded,seqmar,0.15,seq,0.15335837930072826,0.009511368765481493,0.13471643907670533,0.1720003195247512,1
2,2500,5,bounded,seqmar,0.15,full,0.15593935221371286,0.006825037809978346,0.14256252391303117,0.16931618051439454,1
2,2500,5,bounded,seqmar,0.15,cc,0.16044271720660053,0.009006828495027293,0.14278965774141794,0.1780957766717831,1
2,2500,5,bounded,seqmar,0.15,seq,0.15310380309895785,0.009556335918159572,0.13437372887519858,0.17183387732271713,1
3,2500,5,bounded,seqmar,0.15,full,0.1509688303814639,0.006613152637158598,0.13800728938836695,0.16393037137456082,1
3,2500,5,bounded,seqmar,0.15,cc,0.1486710225388024,0.010485246519469922,0.1281203169916174,0.1692217280859874,1
3,2500,5,bounded,seqmar,0.15,seq,0.11599682969513238,0.016931681237450428,0.08281134427201697,0.14918231511824778,0
4,2500,5,bounded,seqmar,0.15,full,0.1440912781679564,0.006546903353735268,0.13125958338437077,0.156922972951542,1
4,2500,5,bounded,seqmar,0.15,cc,0.15019399581155793,0.008147125233119694,0.13422592377710585,0.16616206784601,1
4,2500,5,bounded,seqmar,0.15,seq,0.15012961409296968,0.009096386702656212,0.13230102376631445,0.16795820441962492,1
5,2500,5,bounded,seqmar,0.15,full,0.15146202444681137,0.006654187819487988,0.1384200559742498,0.16450399291937293,1
5,2500,5,bounded,seqmar,0.15,cc,0.14825933350795228,0.00856418708245936,0.13147383526946876,0.1650448317464358,1
5,2500,5,bounded,seqmar,0.15,seq,0.1525334849142234,0.010975942222124939,0.13102103346246596,0.1740459363659808,1
6,2500,5,bounded,seqmar,0.15,full,0.1525663662036723,0.006624951726367546,0.13958169942067547,0.16555103298666915,1
6,2500,5,bounded,seqmar,0.15,cc,0.15833849375743347,0.007976041734555515,0.1427057392185163,0.17397124829635066,1
6,2500,5,bounded,seqmar,0.15,seq,0.15397081572952512,0.00970705700830015,0.1349453335973797,0.17299629786167053,1
7,2500,5,bounded,seqmar,0.15,full,0.1522042005692625,0.006598084836613345,0.13927219192256052,0.1651362092159645,1
7,2500,5,bounded,seqmar,0.15,cc,0.1614029909466657,0.008902095817218611,0.14395520375799253,0.17885077813533884,1
7,2500,5,bounded,seqmar,0.15,seq,0.1435183841070308,0.01189161150136442,0.12021125384621426,0.16682551436784734,1
8,2500,5,bounded,seqmar,0.15,full,0.14515718684899634,0.006460081233112519,0.1324956602948927,0.15781871340309997,1
8,2500,5,bounded,seqmar,0.15,cc,0.15534327624990577,0.008151766319027899,0.13936610785422443,0.1713204446455871,1
8,2500,5,bounded,seqmar,0.15,seq,0.15204772712618292,0.008980002776830052,0.13444724510252634,0.1696482091498395,1
9,2500,5,bounded,seqmar,0.15,full,0.15208047100478958,0.006723168036677346,0.1389033037908911,0.16525763821868805,1
9,2500,5,bounded,seqmar,0.15,cc,0.15678136025326092,0.008830304960666448,0.1394742805578493,0.17408843994867254,1
9,2500,5,bounded,seqmar,0.15,seq,0.1476062020114272,0.011529197698479854,0.12500938975176462,0.1702030142710898,1
10,2500,5,bounded,seqmar,0.15,full,0.14274262957643,0.006551931600969738,0.12990107960935945,0.15558417954350054,1
10,2500,5,bounded,seqmar,0.15,cc,0.14718427336578102,0.008255326267218872,0.13100413120140456,0.1633644155301575,1
10,2500,5,bounded,seqmar,0.15,seq,0.150480186484939,0.008988691307676967,0.1328626752537439,0.1680976977161341,1
11,2500,5,bounded,seqmar,0.15,full,0.15720659673177864,0.006710689731577797,0.1440538865464634,0.1703593069170939,1
11,2500,5,bounded,seqmar,0.15,cc,0.16507828644504624,0.008574741412748737,0.14827210209931463,0.18188447079077785,1
11,2500,5,bounded,seqmar,0.15,seq,0.1569504569821364,0.008278346563548656,0.1407251958660401,0.17317571809823268,1
12,2500,5,bounded,seqmar,0.15,full,0.14162975288316923,0.006595064624916431,0.12870366374261885,0.1545558420237196,1
12,2500,5,bounded,seqmar,0.15,cc,0.1441061050049029,0.008021297902755194,0.12838465000623606,0.15982756000356974,1
12,2500,5,bounded,seqmar,0.15,seq,0.14911711427896132,0.009583195813391497,0.13033439562791896,0.16789983293000368,1
13,2500,5,bounded,seqmar,0.15,full,0.15437443819670923,0.006540060010574504,0.14155615611925257,0.1671927202741659,1
13,2500,5,bounded,seqmar,0.15,cc,0.1545647261186979,0.008017809321979806,0.13885010861270797,0.17027934362468783,1
13,2500,5,bounded,seqmar,0.15,seq,0.14721981265307146,0.00892997131855093,0.129717390485736,0.16472223482040693,1
14,2500,5,bounded,seqmar,0.15,full,0.1579133075656721,0.006871631198277888,0.14444515790200563,0.17138145722933856,1
14,2500,5,bounded,seqmar,0.15,cc,0.15621008294091362,0.008802763943199869,0.1389569826478341,0.17346318323399315,1
14,2500,5,bounded,seqmar,0.15,seq,0.15306244549488837,0.011569816727408755,0.13038602140143815,0.1757388695883386,1
15,2500,5,bounded,seqmar,0.15,full,0.14155100080055122,0.006579873662740646,0.1286546853987559,0.15444731620234653,1
15,2500,5,bounded,seqmar,0.15,cc,0.15003442884719143,0.0075352315725448,0.1352656463498345,0.16480321134454834,1
15,2500,5,bounded,seqmar,0.15,seq,0.15121748935421792,0.008874629876982138,0.1338235344192098,0.16861144428922603,1
16,2500,5,bounded,seqmar,0.15,full,0.14183317210454716,0.00666164260255976,0.12877659252565235,0.15488975168344196,1
16,2500,5,bounded,seqmar,0.15,cc,0.1597953174204732,0.00839621148803947,0.14333904529733438,0.17625158954361203,1
16,2500,5,bounded,seqmar,0.15,seq,0.15863653383888254,0.009552736653220031,0.1399135140447756,0.1773595536329895,1
17,2500,5,bounded,seqmar,0.15,full,0.14498346036165444,0.006764893051522107,0.13172451362140583,0.15824240710190304,1
17,2500,5,bounded,seqmar,0.15,cc,0.14731301553422665,0.008468023233353016,0.13071599497660633,0.16391003609184698,1
17,2500,5,bounded,seqmar,0.15,seq,0.13365327065897686,0.010899701269402467,0.11229024872870252,0.1550162925892512,1
18,2500,5,bounded,seqmar,0.15,full,0.14734501942849243,0.006649857803816444,0.13431153763069958,0.16037850122628527,1
18,2500,5,bounded,seqmar,0.15,cc,0.14222233580904473,0.009759070905060585,0.12309490831255326,0.1613497633055362,1
18,2500,5,bounded,seqmar,0.15,seq,0.14069885656347372,0.012512279016705858,0.116175240326214,0.16522247280073343,1
19,2500,5,bounded,seqmar,0.15,full,0.14704083663819548,0.006672078108930724,0.13396380384265313,0.16011786943373782,1
19,2500,5,bounded,seqmar,0.15,cc,0.145789724136761,0.010374756472411454,0.12545557510246072,0.16612387317106128,1
19,2500,5,bounded,seqmar,0.15,seq,0.14944863109223888,0.02068771067047726,0.10890146325551847,0.1899957989289593,1
20,2500,5,bounded,seqmar,0.15,full,0.15509886750560334,0.006539707282483111,0.14228127676250213,0.16791645824870455,1
20,2500,5,bounded,seqmar,0.15,cc,0.15379015941276866,0.008828580894315798,0.13648645882531127,0.17109386000022606,1
20,2500,5,bounded,seqmar,0.15,seq,0.14754872490707735,0.013589051982120959,0.12091467243807763,0.17418277737607707,1
21,2500,5,bounded,seqmar,0.15,full,0.15502379164013874,0.006837490343059304,0.1416225568231021,0.1684250264571754,1
21,2500,5,bounded,seqmar,0.15,cc,0.1577657553492726,0.008378408754543772,0.1413443759426117,0.17418713475593348,1
21,2500,5,bounded,seqmar,0.15,seq,0.14645525627975212,0.013640162172847968,0.1197210296776845,0.17318948288181973,1
22,2500,5,bounded,seqmar,0.15,full,0.1526695602291186,0.006705879726206201,0.1395262774810971,0.16581284297714008,1
22,2500,5,bounded,seqmar,0.15,cc,0.15595983560664625,0.008921854226021129,0.13847332264832835,0.17344634856496416,1
22,2500,5,bounded,seqmar,0.15,seq,0.1568493576912832,0.008964647244077681,0.1392789719587847,0.1744197434237817,1
23,2500,5,bounded,seqmar,0.15,full,0.15455937184955396,0.006732221118529731,0.14136446092127572,0.1677542827778322,1
23,2500,5,bounded,seqmar,0.15,cc,0.16132533689862588,0.008814575663050536,0.14404908606004357,0.1786015877372082,1
23,2500,5,bounded,seqmar,0.15,seq,0.1623663594726048,0.012272679402652016,0.1383123498496003,0.1864203690956093,1
24,2500,5,bounded,seqmar,0.15,full,0.14256397306777585,0.006700574187304689,0.12943108898491992,0.15569685715063178,1
24,2500,5,bounded,seqmar,0.15,cc,0.14281588339272513,0.00846919808505289,0.12621656016808588,0.15941520661736439,1
24,2500,5,bounded,seqmar,0.15,seq,0.14710724755338758,0.010247086532000993,0.1270233270042002,0.16719116810257498,1
25,2500,5,bounded,seqmar,0.15,full,0.15656192315950515,0.006629037667515852,0.14356924807901467,0.16955459823999564,1
25,2500,5,bounded,seqmar,0.15,cc,0.1612430050614219,0.008454935051903964,0.14467163686806483,0.17781437325477895,1
25,2500,5,bounded,seqmar,0.15,seq,0.1474763863225639,0.010140618689046749,0.1276011389110785,0.16735163373404932,1
26,2500,5,bounded,seqmar,0.15,full,0.1509413205960976,0.0066642211921106,0.13787968707455225,0.16400295411764296,1
26,2500,5,bounded,seqmar,0.15,cc,0.1581515894358841,0.008770335252238652,0.1409620482091543,0.17534113066261386,1
26,2500,5,bounded,seqmar,0.15,seq,0.16127848800584543,0.0112448775077382,0.13923893308011404,0.18331804293157683,1
27,2500,5,bounded,seqmar,0.15,full,0.14696875699138173,0.006647717684735287,0.13393946974991058,0.15999804423285288,1
27,2500,5,bounded,seqmar,0.15,cc,0.15441101028896223,0.00790034783621293,0.13892661306464593,0.16989540751327853,1
27,2500,5,bounded,seqmar,0.15,seq,0.1576399665982275,0.008793320161931675,0.1404053757763115,0.1748745574201435,1
28,2500,5,bounded,seqmar,0.15,full,0.14566096532483194,0.006624152496798815,0.13267786500300519,0.1586440656466587,1
28,2500,5,bounded,seqmar,0.15,cc,0.15537753929799872,0.007971083521498758,0.13975450267810044,0.171000575917897,1
28,2500,5,bounded,seqmar,0.15,seq,0.15468091968865474,0.00968190341889791,0.13570473768581962,0.17365710169148987,1
29,2500,5,bounded,seqmar,0.15,full,0.1466325189378211,0.006586604964266657,0.1337230104274657,0.15954202744817647,1
29,2500,5,bounded,seqmar,0.15,cc,0.15510828893666648,0.007890612882280672,0.13964297187144858,0.17057360600188437,1
29,2500,5,bounded,seqmar,0.15,seq,0.15218056309115946,0.008774493424068688,0.13498287199740128,0.16937825418491764,1
30,2500,5,bounded,seqmar,0.15,full,0.15457087742969128,0.006791470312295641,0.14125984021551882,0.16788191464386373,1
30,2500,5,bounded,seqmar,0.15,cc,0.15435950878535945,0.008334043331922836,0.1380250840091945,0.1706939335615244,1
30,2500,5,bounded,seqmar,0.15,seq,0.15183274280190887,0.009463251654890271,0.13328511038168486,0.17038037522213287,1
31,2500,5,bounded,seqmar,0.15,full,0.15994709002139715,0.006733587203511424,0.14674950161575498,0.17314467842703932,1
31,2500,5,bounded,seqmar,0.15,cc,0.17336560337890575,0.009620906956394799,0.15450897224576107,0.19222223451205042,0
31,2500,5,bounded,seqmar,0.15,seq,0.17054474895771568,0.014797747904461998,0.1415416960126671,0.19954780190276425,1
32,2500,5,bounded,seqmar,0.15,full,0.14906013132765866,0.006647588820949215,0.1360310966545671,0.1620891660007502,1
32,2500,5,bounded,seqmar,0.15,cc,0.15668808353413874,0.008248854507083117,0.14052062578654492,0.17285554128173256,1
32,2500,5,bounded,seqmar,0.15,seq,0.1390072452262345,0.008756296840593474,0.12184521878072943,0.15616927167173958,1
33,2500,5,bounded,seqmar,0.15,full,0.1528519158093205,0.006812515251732887,0.1394996312717942,0.1662042003468468,1
33,2500,5,bounded,seqmar,0.15,cc,0.16668696969087024,0.008607073613813753,0.14981741539551027,0.1835565239862302,1
33,2500,5,bounded,seqmar,0.15,seq,0.15863278377586115,0.00934386483902278,0.14031914521496636,0.17694642233675595,1
34,2500,5,bounded,seqmar,0.15,full,0.1433503211560828,0.006636817484163908,0.13034239791515578,0.1563582443970098,1
34,2500,5,bounded,seqmar,0.15,cc,0.1477851760684297,0.008363256077558877,0.13139349536292858,0.16417685677393082,1
34,2500,5,bounded,seqmar,0.15,seq,0.14557887289244986,0.012423907377356387,0.12122846188556986,0.16992928389932987,1
35,2500,5,bounded,seqmar,0.15,full,0.15507439323940375,0.006765129968918891,0.14181498214959015,0.16833380432921735,1
35,2500,5,bounded,seqmar,0.15,cc,0.16492937897423005,0.0077731361177071885,0.14969431213659645,0.18016444581186364,1
35,2500,5,bounded,seqmar,0.15,seq,0.1596770635605903,0.009017272098871956,0.14200353500800336,0.17735059211317725,1
36,2500,5,bounded,seqmar,0.15,full,0.13825523636105885,0.006688162922131111,0.12514667791094572,0.151363794811172,1
36,2500,5,bounded,seqmar,0.15,cc,0.14051010671899458,0.008239511267861096,0.12436096138377488,0.1566592520542143,1
36,2500,5,bounded,seqmar,0.15,seq,0.13918350784152625,0.009460412280674934,0.12064144049250294,0.15772557519054956,1
37,2500,5,bounded,seqmar,0.15,full,0.15501025074124103,0.006783968452075151,0.1417139169029178,0.16830658457956427,1
37,2500,5,bounded,seqmar,0.15,cc,0.16445906276560887,0.008125704007719772,0.14853297556144535,0.1803851499697724,1
37,2500,5,bounded,seqmar,0.15,seq,0.16398632945087047,0.00940708978895157,0.1455487722651909,0.18242388663655004,1
38,2500,5,bounded,seqmar,0.15,full,0.14124264141059004,0.006613705030779662,0.12828001774589054,0.15420526507528953,1
38,2500,5,bounded,seqmar,0.15,cc,0.14614325605164266,0.008054571064364314,0.13035658685457016,0.16192992524871516,1
38,2500,5,bounded,seqmar,0.15,seq,0.14267064367037113,0.009371339833180956,0.12430315511045087,0.1610381322302914,1
39,2500,5,bounded,seqmar,0.15,full,0.15233821688234542,0.006446086497424251,0.13970411950616393,0.1649723142585269,1
39,2500,5,bounded,seqmar,0.15,cc,0.16086279167785525,0.007959318842237101,0.1452628134055995,0.176462769950111,1
39,2500,5,bounded,seqmar,0.15,seq,0.15423705717667235,0.008645943835043248,0.13729131864763147,0.17118279570571324,1
40,2500,5,bounded,seqmar,0.15,full,0.14717495053548243,0.0065711548454704775,0.13429572370152443,0.16005417736944044,1
40,2500,5,bounded,seqmar,0.15,cc,0.1479986271885231,0.008115603459010936,0.132092336696053,0.16390491768099322,1
40,2500,5,bounded,seqmar,0.15,seq,0.15520357881145133,0.009458749871664262,0.1366647697242165,0.17374238789868615,1
41,2500,5,bounded,seqmar,0.15,full,0.16009918551851005,0.006678705075759451,0.14700916410665668,0.1731892069303634,1
41,2500,5,bounded,seqmar,0.15,cc,0.16857672225101009,0.008660550271589499,0.15160235563239607,0.1855510888696241,0
41,2500,5,bounded,seqmar,0.15,seq,0.17525406486220144,0.011627669147196856,0.15246425210954803,0.19804387761485484,0
42,2500,5,bounded,seqmar,0.15,full,0.16204254923337685,0.006666744948813348,0.14897596923958836,0.17510912922716534,1
42,2500,5,bounded,seqmar,0.15,cc,0.1667561262274408,0.00821947839083155,0.15064624460970572,0.18286600784517587,0
42,2500,5,bounded,seqmar,0.15,seq,0.17079914659277728,0.0080075666368681,0.15510460438071128,0.1864936888048433,0
43,2500,5,bounded,seqmar,0.15,full,0.1490774022514093,0.006629938584414348,0.1360829614062447,0.1620718430965739,1
43,2500,5,bounded,seqmar,0.15,cc,0.1547609229948745,0.0087130603020731,0.13768363860768554,0.17183820738206348,1
43,2500,5,bounded,seqmar,0.15,seq,0.14995069411195955,0.012937342059880716,0.12459396961891811,0.175307418605001,1
44,2500,5,bounded,seqmar,0.15,full,0.14416840583285828,0.0069319784094154105,0.13058197780879482,0.15775483385692174,1
44,2500,5,bounded,seqmar,0.15,cc,0.1535507267064989,0.008770248771205408,0.13636135497947965,0.17074009843351817,1
44,2500,5,bounded,seqmar,0.15,seq,0.13131360786693175,0.01195492495299745,0.10788238552117754,0.15474483021268595,1
45,2500,5,bounded,seqmar,0.15,full,0.15177101535331514,0.006901416710444066,0.13824448715854187,0.1652975435480884,1
45,2500,5,bounded,seqmar,0.15,cc,0.15480497293251516,0.008275794359221579,0.13858471404498113,0.1710252318200492,1
45,2500,5,bounded,seqmar,0.15,seq,0.15592522979320242,0.009495389413501998,0.1373146085235556,0.17453585106284925,1
46,2500,5,bounded,seqmar,0.15,full,0.14297917012755174,0.00672337326150883,0.12980160068037483,0.15615673957472864,1
46,2500,5,bounded,seqmar,0.15,cc,0.1390227427182856,0.009040507635326395,0.1213036733510865,0.1567418120854847,1
46,2500,5,bounded,seqmar,0.15,seq,0.15262437801759604,0.013599752719168008,0.12596935248937607,0.179279403545816,1
47,2500,5,bounded,seqmar,0.15,full,0.1461423259065425,0.006799769932167795,0.13281502173633525,0.15946963007674975,1
47,2500,5,bounded,seqmar,0.15,cc,0.15352576490253578,0.008968654250746803,0.13594752558127998,0.17110400422379157,1
47,2500,5,bounded,seqmar,0.15,seq,0.13883667228077215,0.013656930826373863,0.11206957972172454,0.16560376483981976,1
48,2500,5,bounded,seqmar,0.15,full,0.15200881101870847,0.006567201189284354,0.13913733320848254,0.1648802888289344,1
48,2500,5,bounded,seqmar,0.15,cc,0.15871885192658752,0.008386058166271403,0.14228247994843757,0.17515522390473748,1
48,2500,5,bounded,seqmar,0.15,seq,0.15311970012635617,0.008057929157349111,0.13732644918797673,0.1689129510647356,1
49,2500,5,bounded,seqmar,0.15,full,0.15546303706687703,0.006679815420291915,0.14237083941972958,0.16855523471402448,1
49,2500,5,bounded,seqmar,0.15,cc,0.1558716898105293,0.008933059077248492,0.13836321574735364,0.17338016387370495,1
49,2500,5,bounded,seqmar,0.15,seq,0.15948058468656326,0.010537793402518071,0.13882688914110405,0.18013428023202246,1
50,2500,5,bounded,seqmar,0.15,full,0.1399488750179702,0.006700514938642515,0.12681610706035826,0.15308164297558216,1
50,2500,5,bounded,seqmar,0.15,cc,0.13971212404525662,0.008111105789263363,0.1238146488235061,0.15560959926700715,1
50,2500,5,bounded,seqmar,0.15,seq,0.14468250818287537,0.008295734510461606,0.1284231673170646,0.16094184904868614,1
51,2500,5,bounded,seqmar,0.15,full,0.14576704411863955,0.006459495361520323,0.13310666585175618,0.15842742238552293,1
51,2500,5,bounded,seqmar,0.15,cc,0.15723737505832322,0.007523104866474522,0.14249236046811514,0.1719823896485313,1
51,2500,5,bounded,seqmar,0.15,seq,0.14779056926079528,0.008207208746565635,0.13170473570392452,0.16387640281766605,1
52,2500,5,bounded,seqmar,0.15,full,0.14747113742718035,0.006754365258963852,0.13423282478118265,0.16070945007317805,1
52,2500,5,bounded,seqmar,0.15,cc,0.15760865544913,0.008348181304319264,0.14124652075625363,0.17397079014200637,1
52,2500,5,bounded,seqmar,0.15,seq,0.15445061432858215,0.008829809405504917,0.1371445059034395,0.1717567227537248,1
53,2500,5,bounded,seqmar,0.15,full,0.1318762314921688,0.006612048975031355,0.11891685363709235,0.1448356093472452,0
53,2500,5,bounded,seqmar,0.15,cc,0.13476047149019596,0.007980455283220557,0.11911906655485127,0.15040187642554065,1
53,2500,5,bounded,seqmar,0.15,seq,0.1350273421864856,0.01089307546319882,0.11367730659773895,0.15637737777523225,1
54,2500,5,bounded,seqmar,0.15,full,0.15243443221403213,0.006596917141541901,0.1395047122076151,0.16536415222044917,1
54,2500,5,bounded,seqmar,0.15,cc,0.16206573382890682,0.008352648233134781,0.14569484411643052,0.17843662354138312,1
54,2500,5,bounded,seqmar,0.15,seq,0.15749945531624507,0.01071189186209667,0.1365045330602479,0.17849437757224224,1
55,2500,5,bounded,seqmar,0.15,full,0.14570701150403398,0.006825266237062303,0.13232973549449464,0.1590842875135733,1
55,2500,5,bounded,seqmar,0.15,cc,0.14578807191510146,0.00919732836639111,0.12776163956298628,0.16381450426721664,1
55,2500,5,bounded,seqmar,0.15,seq,0.14458821942511949,0.014738809715825705,0.11570068320711208,0.1734757556431269,1
56,2500,5,bounded,seqmar,0.15,full,0.14541994068031028,0.0066502697810649335,0.13238565142194794,0.1584542299386726,1
56,2500,5,bounded,seqmar,0.15,cc,0.15583750032124935,0.008274263237359938,0.13962024237742007,0.17205475826507863,1
56,2500,5,bounded,seqmar,0.15,seq,0.14159989197845785,0.010637042876456877,0.12075167103859402,0.16244811291832167,1
57,2500,5,bounded,seqmar,0.15,full,0.16088204782196616,0.00658013030471983,0.14798522941113473,0.1737788662327976,1
57,2500,5,bounded,seqmar,0.15,cc,0.16973825046721217,0.008823251443065205,0.1524449954122633,0.18703150552216102,0
57,2500,5,bounded,seqmar,0.15,seq,0.1651998151246698,0.011046700191145984,0.14354868060201195,0.18685094964732765,1
58,2500,5,bounded,seqmar,0.15,full,0.1622121139245003,0.006473480968236172,0.14952432437215193,0.17489990347684867,1
58,2500,5,bounded,seqmar,0.15,cc,0.16785208169087382,0.007811255881511076,0.15254230148908543,0.1831618618926622,0
58,2500,5,bounded,seqmar,0.15,seq,0.18073172373905896,0.011370136850843789,0.15844666501211346,0.20301678246600446,0
59,2500,5,bounded,seqmar,0.15,full,0.15039524899096962,0.006397427380298641,0.13785652173187385,0.1629339762500654,1
59,2500,5,bounded,seqmar,0.15,cc,0.155787838864956,0.007631256376280068,0.14083085121065542,0.1707448265192566,1
59,2500,5,bounded,seqmar,0.15,seq,0.15669957046982103,0.008270060264281332,0.1404905502018538,0.17290859073778825,1
60,2500,5,bounded,seqmar,0.15,full,0.1488801913658851,0.006435271602221506,0.13626729079479757,0.16149309193697262,1
60,2500,5,bounded,seqmar,0.15,cc,0.15388157189740453,0.008186778741500846,0.13783578041466474,0.16992736338014433,1
60,2500,5,bounded,seqmar,0.15,seq,0.15433376285895853,0.008162274471553554,0.13833599886278286,0.1703315268551342,1
61,2500,5,bounded,seqmar,0.15,full,0.14911263615124998,0.006610184457685357,0.13615691268302024,0.1620683596194797,1
61,2500,5,bounded,seqmar,0.15,cc,0.15474806922787537,0.008068926538658027,0.1389332638182062,0.17056287463754455,1
61,2500,5,bounded,seqmar,0.15,seq,0.1400860669117536,0.009804071802771768,0.12087043927647625,0.15930169454703094,1
62,2500,5,bounded,seqmar,0.15,full,0.14623362116981353,0.006721224027566749,0.13306026414375746,0.1594069781958696,1
62,2500,5,bounded,seqmar,0.15,cc,0.14986245969591555,0.009012144655556812,0.13219898074755906,0.16752593864427204,1
62,2500,5,bounded,seqmar,0.15,seq,0.14406029999877706,0.014262091518882058,0.11610711427755407,0.17201348572000005,1
63,2500,5,bounded,seqmar,0.15,full,0.15516825487421523,0.0067263477116525925,0.14198485561188273,0.16835165413654773,1
63,2500,5,bounded,seqmar,0.15,cc,0.16170045806425304,0.00793086171839395,0.14615625472983346,0.17724466139867262,1
63,2500,5,bounded,seqmar,0.15,seq,0.15625625833781234,0.008518658938275754,0.13955999362221166,0.17295252305341302,1
64,2500,5,bounded,seqmar,0.15,full,0.1514130642339965,0.0065607558139564644,0.13855421912728005,0.16427190934071295,1
64,2500,5,bounded,seqmar,0.15,cc,0.15500416976889328,0.007930517930003416,0.13946064024733745,0.1705476992904491,1
64,2500,5,bounded,seqmar,0.15,seq,0.15075006331577434,0.009728802784895406,0.13168196024468637,0.1698181663868623,1
65,2500,5,bounded,seqmar,0.15,full,0.15086366713095212,0.0064655139174858945,0.1381914927111373,0.16353584155076695,1
65,2500,5,bounded,seqmar,0.15,cc,0.14384831948215773,0.008571639200065538,0.12704821536155755,0.1606484236027579,1
65,2500,5,bounded,seqmar,0.15,seq,0.1348383975003666,0.010978479743203887,0.11332097259868446,0.15635582240204876,1
66,2500,5,bounded,seqmar,0.15,full,0.15026155390399307,0.006568662496013173,0.13738721198520829,0.16313589582277785,1
66,2500,5,bounded,seqmar,0.15,cc,0.15768523670814344,0.008132590822094195,0.14174565159583782,0.17362482182044905,1
66,2500,5,bounded,seqmar,0.15,seq,0.1505550401039522,0.00896213421669502,0.13298957981461587,0.16812050039328855,1
67,2500,5,bounded,seqmar,0.15,full,0.14776069424859647,0.006707262827106753,0.13461470067262293,0.16090668782457002,1
67,2500,5,bounded,seqmar,0.15,cc,0.1416379049521155,0.009103092902275003,0.1237961707157343,0.1594796391884967,1
67,2500,5,bounded,seqmar,0.15,seq,0.14895489893892722,0.011750791158855377,0.125923771477719,0.17198602640013544,1
68,2500,5,bounded,seqmar,0.15,full,0.1422760889105084,0.006653173353426689,0.12923610875489053,0.1553160690661263,1
68,2500,5,bounded,seqmar,0.15,cc,0.14007868861508546,0.008810046565249675,0.12281131464507529,0.15734606258509565,1
68,2500,5,bounded,seqmar,0.15,seq,0.12346140123349651,0.009725902705812337,0.10439898221296368,0.14252382025402935,0
69,2500,5,bounded,seqmar,0.15,full,0.14686523657565345,0.006726625054858989,0.13368129373062507,0.16004917942068184,1
69,2500,5,bounded,seqmar,0.15,cc,0.1578321501955817,0.008459002310917176,0.14125281032104295,0.17441149007012044,1
69,2500,5,bounded,seqmar,0.15,seq,0.16458427508271517,0.010091920492011752,0.1448044743835304,0.18436407578189995,1
70,2500,5,bounded,seqmar,0.15,full,0.1525195794862053,0.006558369047951381,0.13966541235489835,0.16537374661751222,1
70,2500,5,bounded,seqmar,0.15,cc,0.15501421044124078,0.007581482506878409,0.14015477777833865,0.1698736431041429,1
70,2500,5,bounded,seqmar,0.15,seq,0.1528733051061307,0.007456112354434214,0.1382595934267555,0.1674870167855059,1
71,2500,5,bounded,seqmar,0.15,full,0.1453498235259444,0.006602016598061585,0.13241010876840803,0.15828953828348075,1
71,2500,5,bounded,seqmar,0.15,cc,0.15571353697791737,0.008550210425646134,0.13895543248341208,0.17247164147242267,1
71,2500,5,bounded,seqmar,0.15,seq,0.1513395257138029,0.010152794959897302,0.1314404132499844,0.17123863817762142,1
72,2500,5,bounded,seqmar,0.15,full,0.14626793669406496,0.006744883260805467,0.13304820842295917,0.15948766496517075,1
72,2500,5,bounded,seqmar,0.15,cc,0.16142537954277633,0.008105823307889063,0.14553825779426843,0.17731250129128423,1
72,2500,5,bounded,seqmar,0.15,seq,0.15964467033829322,0.00912970711220856,0.14175077320896526,0.17753856746762117,1
73,2500,5,bounded,seqmar,0.15,full,0.14961108281001415,0.0066879813445209725,0.13650288024547727,0.16271928537455102,1
73,2500,5,bounded,seqmar,0.15,cc,0.1570473256603757,0.008992163749897692,0.13942300856748957,0.1746716427532618,1
73,2500,5,bounded,seqmar,0.15,seq,0.1480870169073195,0.00917832223811528,0.1300978358821105,0.16607619793252854,1
74,2500,5,bounded,seqmar,0.15,full,0.14265814372284322,0.006772071311800834,0.12938512785097667,0.15593115959470977,1
74,2500,5,bounded,seqmar,0.15,cc,0.1406154812665018,0.009215705979703274,0.12255302945417297,0.15867793307883063,1
74,2500,5,bounded,seqmar,0.15,seq,0.14503373686378263,0.009278134139386022,0.1268489281068545,0.16321854562071075,1
75,2500,5,bounded,seqmar,0.15,full,0.14759855964092594,0.006621806182648377,0.13462005801033047,0.1605770612715214,1
75,2500,5,bounded,seqmar,0.15,cc,0.15029539357943641,0.008425134063571382,0.13378243424991493,0.1668083529089579,1
75,2500,5,bounded,seqmar,0.15,seq,0.15591766330987816,0.009724880248693417,0.13685724826847415,0.17497807835128218,1
76,2500,5,bounded,seqmar,0.15,full,0.14600946957694347,0.006822003037988279,0.13263858932006362,0.15938034983382332,1
76,2500,5,bounded,seqmar,0.15,cc,0.1520955456318404,0.008662497296056735,0.1351173629153936,0.1690737283482872,1
76,2500,5,bounded,seqmar,0.15,seq,0.12465048835984385,0.010418966044372766,0.10422969015672748,0.14507128656296023,0
77,2500,5,bounded,seqmar,0.15,full,0.15076440933733778,0.006421349615774624,0.1381787953582794,0.16335002331639617,1
77,2500,5,bounded,seqmar,0.15,cc,0.1539909020398905,0.008144102162765912,0.13802875511445453,0.16995304896532645,1
77,2500,5,bounded,seqmar,0.15,seq,0.15830721921530813,0.01023221824352742,0.1382524399760407,0.17836199845457557,1
78,2500,5,bounded,seqmar,0.15,full,0.1418336908906342,0.006540329700356121,0.12901488023091856,0.15465250155034982,1
78,2500,5,bounded,seqmar,0.15,cc,0.14092230540885123,0.009115534524976453,0.12305618604006595,0.1587884247776365,1
78,2500,5,bounded,seqmar,0.15,seq,0.13804255591790116,0.012097780377518573,0.11433134208508938,0.16175376975071293,1
79,2500,5,bounded,seqmar,0.15,full,0.14433338477384558,0.006671330821153098,0.13125781663543348,0.15740895291225768,1
79,2500,5,bounded,seqmar,0.15,cc,0.15812190638788548,0.008565255038708868,0.14133431499361587,0.1749094977821551,1
79,2500,5,bounded,seqmar,0.15,seq,0.15654667752876744,0.013188070070154658,0.1306985351656737,0.18239481989186118,1
80,2500,5,bounded,seqmar,0.15,full,0.14773747364863465,0.006707283813402612,0.13459143894027706,0.16088350835699225,1
80,2500,5,bounded,seqmar,0.15,cc,0.15211600093400499,0.008848384913283276,0.1347734851826222,0.16945851668538778,1
80,2500,5,bounded,seqmar,0.15,seq,0.15606861161034175,0.010410640472011866,0.13566413122920343,0.17647309199148006,1
81,2500,5,bounded,seqmar,0.15,full,0.15289221234631137,0.006882680130212752,0.13940240717398492,0.16638201751863782,1
81,2500,5,bounded,seqmar,0.15,cc,0.15201332123987818,0.009212471253598767,0.13395720937421404,0.17006943310554232,1
81,2500,5,bounded,seqmar,0.15,seq,0.15541827989020068,0.010487851315882545,0.13486246903585988,0.17597409074454148,1
82,2500,5,bounded,seqmar,0.15,full,0.14622035012794235,0.006723146888430136,0.13304322436384675,0.15939747589203795,1
82,2500,5,bounded,seqmar,0.15,cc,0.14063887327922406,0.008578656590486766,0.12382501532613283,0.1574527312323153,1
82,2500,5,bounded,seqmar,0.15,seq,0.13506624966556524,0.010657598815505327,0.11417773982549806,0.15595475950563242,1
83,2500,5,bounded,seqmar,0.15,full,0.15071568240335986,0.006630946823721644,0.13771926544546517,0.16371209936125455,1
83,2500,5,bounded,seqmar,0.15,cc,0.1576289663831475,0.008075633316845464,0.14180101592977865,0.17345691683651634,1
83,2500,5,bounded,seqmar,0.15,seq,0.15878466875234462,0.009940098515130218,0.13930243365990932,0.17826690384477992,1
84,2500,5,bounded,seqmar,0.15,full,0.1361500238456031,0.006524147249318591,0.1233629302071026,0.1489371174841036,0
84,2500,5,bounded,seqmar,0.15,cc,0.14137824435994675,0.008433199229659715,0.12484947759536279,0.15790701112453073,1
84,2500,5,bounded,seqmar,0.15,seq,0.13973810305353626,0.01163669888330644,0.11693059234331818,0.16254561376375434,1
85,2500,5,bounded,seqmar,0.15,full,0.15308712951242423,0.006472515664706817,0.14040123192022755,0.1657730271046209,1
85,2500,5,bounded,seqmar,0.15,cc,0.15424146217125653,0.007973832547323414,0.13861303755974935,0.1698698867827637,1
85,2500,5,bounded,seqmar,0.15,seq,0.14386417560198753,0.010887685325249459,0.12252470448949332,0.16520364671448173,1
86,2500,5,bounded,seqmar,0.15,full,0.14587525245919142,0.006618446989676365,0.1329033347258382,0.15884717019254463,1
86,2500,5,bounded,seqmar,0.15,cc,0.13795720257752037,0.008569494896089646,0.12116130121548485,0.15475310393955588,1
86,2500,5,bounded,seqmar,0.15,seq,0.14297300548915323,0.009335361081234705,0.12467603398725631,0.16126997699105014,1
87,2500,5,bounded,seqmar,0.15,full,0.14498859156410326,0.006649237053104703,0.1319563264153488,0.15802085671285773,1
87,2500,5,bounded,seqmar,0.15,cc,0.13821305860625033,0.00971607627696301,0.1191698990323588,0.15725621818014185,1
87,2500,5,bounded,seqmar,0.15,seq,0.13804108547058358,0.012176506979033783,0.11417557033417675,0.16190660060699041,1
88,2500,5,bounded,seqmar,0.15,full,0.15015563755296216,0.00661769085392636,0.13718520181844637,0.16312607328747794,1
88,2500,5,bounded,seqmar,0.15,cc,0.1554035551016801,0.007873887789831275,0.13997101861530112,0.1708360915880591,1
88,2500,5,bounded,seqmar,0.15,seq,0.1545211968045926,0.009914898934759867,0.1350883519821087,0.17395404162707648,1
89,2500,5,bounded,seqmar,0.15,full,0.15985674642615458,0.006645470337476394,0.1468318639043716,0.17288162894793754,1
89,2500,5,bounded,seqmar,0.15,cc,0.1561271102273832,0.00883729355940179,0.13880633313014792,0.1734478873246185,1
89,2500,5,bounded,seqmar,0.15,seq,0.14268916472035623,0.011586497414825663,0.11998004708033148,0.16539828236038095,1
90,2500,5,bounded,seqmar,0.15,full,0.1546766461854851,0.006633344405709964,0.14167553005324332,0.16767776231772688,1
90,2500,5,bounded,seqmar,0.15,cc,0.16023020552857692,0.008208001769144897,0.14414281767601186,0.17631759338114197,1
90,2500,5,bounded,seqmar,0.15,seq,0.1438350994582718,0.010668596336969365,0.1229250348722159,0.1647451640443277,1
91,2500,5,bounded,seqmar,0.15,full,0.1484601422842698,0.006684675711638274,0.13535841864112913,0.16156186592741045,1
91,2500,5,bounded,seqmar,0.15,cc,0.15625914481680692,0.00791188449299291,0.14075213616069987,0.17176615347291396,1
91,2500,5,bounded,seqmar,0.15,seq,0.15445083414860455,0.008453337086739806,0.1378825979094178,0.17101907038779132,1
92,2500,5,bounded,seqmar,0.15,full,0.1587557128112041,0.006547266821954573,0.1459233056429991,0.1715881199794091,1
92,2500,5,bounded,seqmar,0.15,cc,0.16888527901818412,0.008225478141434917,0.1527636381053502,0.18500691993101803,0
92,2500,5,bounded,seqmar,0.15,seq,0.17330324787673063,0.009290887734677716,0.15509344253235738,0.19151305322110387,0
93,2500,5,bounded,seqmar,0.15,full,0.1456559624796385,0.006445537150785608,0.1330229418030838,0.1582889831561932,1
93,2500,5,bounded,seqmar,0.15,cc,0.14596688298964486,0.008500378827243806,0.12930644663330018,0.16262731934598953,1
93,2500,5,bounded,seqmar,0.15,seq,0.14357339515352635,0.00962128906331659,0.12471601510457672,0.16243077520247598,1
94,2500,5,bounded,seqmar,0.15,full,0.1454775061129228,0.006625104869296978,0.13249253917529977,0.1584624730505458,1
94,2500,5,bounded,seqmar,0.15,cc,0.14261971661498227,0.008516701930380838,0.12592728756437307,0.15931214566559146,1
94,2500,5,bounded,seqmar,0.15,seq,0.14144627483606706,0.011526954600247559,0.11885385896815355,0.16403869070398058,1
95,2500,5,bounded,seqmar,0.15,full,0.15051821585443234,0.006647119056969858,0.13749010190182157,0.16354632980704312,1
95,2500,5,bounded,seqmar,0.15,cc,0.15842202552645698,0.00807877884455728,0.1425879099520606,0.17425614110085336,1
95,2500,5,bounded,seqmar,0.15,seq,0.15072399797063107,0.009334408276588296,0.1324288939315254,0.16901910200973674,1
96,2500,5,bounded,seqmar,0.15,full,0.15384017837513797,0.006589017982193947,0.14092594043655104,0.1667544163137249,1
96,2500,5,bounded,seqmar,0.15,cc,0.16750417806849507,0.008236349000766717,0.15136123066288984,0.1836471254741003,0
96,2500,5,bounded,seqmar,0.15,seq,0.1567005941396863,0.008539066391744945,0.1399643315502698,0.17343685672910278,1
97,2500,5,bounded,seqmar,0.15,full,0.15708443206679154,0.006834956679403473,0.14368816313926924,0.17048070099431384,1
97,2500,5,bounded,seqmar,0.15,cc,0.15851070196289088,0.008943038813704535,0.14098266797568618,0.1760387359500956,1
97,2500,5,bounded,seqmar,0.15,seq,0.15007549003783108,0.009108228373434935,0.13222369046293275,0.1679272896127294,1
98,2500,5,bounded,seqmar,0.15,full,0.14976724046381096,0.006607816298713237,0.13681615850187626,0.16271832242574566,1
98,2500,5,bounded,seqmar,0.15,cc,0.1634368272501761,0.009668421157686312,0.1444870699937459,0.18238658450660633,1
98,2500,5,bounded,seqmar,0.15,seq,0.1498862184905594,0.01799552808226646,0.11461563156653798,0.1851568054145808,1
99,2500,5,bounded,seqmar,0.15,full,0.15777967725085887,0.0064700992503448065,0.14509851574378343,0.1704608387579343,1
99,2500,5,bounded,seqmar,0.15,cc,0.16398689313758982,0.007827159342381259,0.14864594272526635,0.1793278435499133,1
99,2500,5,bounded,seqmar,0.15,seq,0.160988642793233,0.007818931382251221,0.14566381888643062,0.17631346670003537,1
100,2500,5,bounded,seqmar,0.15,full,0.14400244103616122,0.006441317316505849,0.13137769108281558,0.15662719098950686,1
100,2500,5,bounded,seqmar,0.15,cc,0.1554769056192701,0.007801832904178212,0.14018559411368128,0.17076821712485893,1
100,2500,5,bounded,seqmar,0.15,seq,0.14713071039872133,0.009037911449462935,0.12941672946231178,0.16484469133513088,1
101,2500,5,bounded,seqmar,0.15,full,0.148242114816883,0.006768998392268659,0.1349751217566269,0.16150910787713912,1
101,2500,5,bounded,seqmar,0.15,cc,0.14861980676467146,0.008778020044222701,0.13141520362242426,0.16582440990691866,1
101,2500,5,bounded,seqmar,0.15,seq,0.13812974650507573,0.010882048546187646,0.11680132327653149,0.15945816973361998,1
102,2500,5,bounded,seqmar,0.15,full,0.15139258317933585,0.006636207276627199,0.1383858559232039,0.1643993104354678,1
102,2500,5,bounded,seqmar,0.15,cc,0.15789495359090105,0.008206912389231517,0.1418097008837317,0.1739802062980704,1
102,2500,5,bounded,seqmar,0.15,seq,0.1554124449802261,0.009258216254989137,0.1372666745593641,0.17355821540108812,1
103,2500,5,bounded,seqmar,0.15,full,0.15169360592113518,0.006596748111434117,0.13876421720764168,0.16462299463462868,1
103,2500,5,bounded,seqmar,0.15,cc,0.14997226581997833,0.008807059524012362,0.13271074634321361,0.16723378529674304,1
103,2500,5,bounded,seqmar,0.15,seq,0.14031608250859168,0.013614550234596042,0.11363205438307208,0.16700011063411127,1
104,2500,5,bounded,seqmar,0.15,full,0.14892313923490214,0.006741126577605649,0.1357107739275693,0.16213550454223496,1
104,2500,5,bounded,seqmar,0.15,cc,0.15442957167561144,0.008470938899051126,0.13782683651823185,0.17103230683299103,1
104,2500,5,bounded,seqmar,0.15,seq,0.14963831338569974,0.012432039807003583,0.12527196310960445,0.17400466366179504,1
105,2500,5,bounded,seqmar,0.15,full,0.1489276315566453,0.00660972318808326,0.13597281216022283,0.16188245095306775,1
105,2500,5,bounded,seqmar,0.15,cc,0.15526772352017731,0.008599494606917656,0.1384130238053723,0.17212242323498234,1
105,2500,5,bounded,seqmar,0.15,seq,0.15972902003335712,0.01057980604839114,0.13899298121509146,0.18046505885162278,1
106,2500,5,bounded,seqmar,0.15,full,0.14860553311924105,0.006597796742701437,0.13567408912623055,0.16153697711225154,1
106,2500,5,bounded,seqmar,0.15,cc,0.15075070718954908,0.00797209950452358,0.13512567927951324,0.16637573509958492,1
106,2500,5,bounded,seqmar,0.15,seq,0.13328081687842172,0.008954701874450851,0.11572992371220474,0.1508317100446387,1
107,2500,5,bounded,seqmar,0.15,full,0.13884914361607376,0.006739573878537496,0.12563982154299333,0.15205846568915418,1
107,2500,5,bounded,seqmar,0.15,cc,0.14237558735219868,0.00931172717793597,0.12412493744958139,0.16062623725481598,1
107,2500,5,bounded,seqmar,0.15,seq,0.12772465273909553,0.01616609616795582,0.09603968647929115,0.1594096189988999,1
108,2500,5,bounded,seqmar,0.15,full,0.16935524854275255,0.006627703374461466,0.1563651886285935,0.1823453084569116,0
108,2500,5,bounded,seqmar,0.15,cc,0.17308265006591245,0.008319502303461564,0.15677672518182975,0.18938857494999514,0
108,2500,5,bounded,seqmar,0.15,seq,0.16893329587622904,0.012255190294480873,0.14491356427536173,0.19295302747709636,1
109,2500,5,bounded,seqmar,0.15,full,0.15709172070737204,0.006486163491052768,0.14437907386707002,0.16980436754767406,1
109,2500,5,bounded,seqmar,0.15,cc,0.1588653697201003,0.007920333389348312,0.14334180153142753,0.17438893790877305,1
109,2500,5,bounded,seqmar,0.15,seq,0.15867090863076905,0.008459830906135392,0.14208994473944483,0.17525187252209326,1
110,2500,5,bounded,seqmar,0.15,full,0.15365900055957768,0.006570407282043215,0.14078123892301328,0.16653676219614208,1
110,2500,5,bounded,seqmar,0.15,cc,0.16030242426900468,0.008324967820886538,0.14398578716761218,0.17661906137039718,1
110,2500,5,bounded,seqmar,0.15,seq,0.14798937720031657,0.008801602895144402,0.13073855251961009,0.16524020188102306,1
111,2500,5,bounded,seqmar,0.15,full,0.14357609927304157,0.00661190166116716,0.1306170101478334,0.15653518839824976,1
111,2500,5,bounded,seqmar,0.15,cc,0.14692295632874142,0.00824639807474813,0.13076031310005465,0.16308559955742818,1
111,2500,5,bounded,seqmar,0.15,seq,0.1382376667686223,0.009132571532855207,0.12033815547799036,0.15613717805925428,1
112,2500,5,bounded,seqmar,0.15,full,0.15132843780936236,0.006701478102459322,0.13819378208535826,0.16446309353336647,1
112,2500,5,bounded,seqmar,0.15,cc,0.1567936536467579,0.009120006449644683,0.13891876946668133,0.17466853782683447,1
112,2500,5,bounded,seqmar,0.15,seq,0.16524428846113437,0.012407629007048416,0.140925782473785,0.18956279444848373,1
113,2500,5,bounded,seqmar,0.15,full,0.15018786834282172,0.006523647950329377,0.1374017533123576,0.16297398337328584,1
113,2500,5,bounded,seqmar,0.15,cc,0.1596321578969636,0.007883088237921037,0.14418158886368707,0.17508272693024016,1
113,2500,5,bounded,seqmar,0.15,seq,0.15184119687316402,0.009374833256097314,0.13346686133014493,0.17021553241618312,1
114,2500,5,bounded,seqmar,0.15,full,0.14398825435023235,0.006781162527447041,0.13069742002312354,0.15727908867734117,1
114,2500,5,bounded,seqmar,0.15,cc,0.15083380490404683,0.008963034863901544,0.13326657937862293,0.16840103042947072,1
114,2500,5,bounded,seqmar,0.15,seq,0.14855416514062186,0.009340309148589288,0.13024749560491689,0.16686083467632684,1
115,2500,5,bounded,seqmar,0.15,full,0.13880383248676917,0.006697839269971474,0.12567630874338703,0.1519313562301513,1
115,2500,5,bounded,seqmar,0.15,cc,0.15600593057157844,0.008999082954032962,0.13836805208778552,0.17364380905537136,1
115,2500,5,bounded,seqmar,0.15,seq,0.15512771466915823,0.012411251193052697,0.13080210932769518,0.17945332001062128,1
116,2500,5,bounded,seqmar,0.15,full,0.15130317831836568,0.006620374035233607,0.1383274836451237,0.16427887299160765,1
116,2500,5,bounded,seqmar,0.15,cc,0.15523609913729775,0.008745683543021139,0.13809487437279166,0.17237732390180383,1
116,2500,5,bounded,seqmar,0.15,seq,0.13580997791019728,0.010331736600272924,0.11556014627590805,0.1560598095444865,1
117,2500,5,bounded,seqmar,0.15,full,0.14963665761105976,0.006486758422307691,0.13692284472692484,0.1623504704951947,1
117,2500,5,bounded,seqmar,0.15,cc,0.15647003623711184,0.008309778675877,0.14018316931289398,0.1727569031613297,1
117,2500,5,bounded,seqmar,0.15,seq,0.15962252568468963,0.011173235841950825,0.13772338584369395,0.1815216655256853,1
118,2500,5,bounded,seqmar,0.15,full,0.15588145338002218,0.0067843277948173505,0.14258441524286614,0.16917849151717823,1
118,2500,5,bounded,seqmar,0.15,cc,0.16226985470439326,0.008657555201504885,0.14530135831527627,0.17923835109351025,1
118,2500,5,bounded,seqmar,0.15,seq,0.16822942165749327,0.011108843095090961,0.14645648928120852,0.19000235403377802,1
119,2500,5,bounded,seqmar,0.15,full,0.14412913247871578,0.006719548124598289,0.13095906016211947,0.1572992047953121,1
119,2500,5,bounded,seqmar,0.15,cc,0.1443987151723819,0.008312105153516401,0.12810728843577998,0.1606901419089838,1
119,2500,5,bounded,seqmar,0.15,seq,0.14496086853091247,0.009211148040433319,0.12690735011539647,0.16301438694642847,1
120,2500,5,bounded,seqmar,0.15,full,0.15377708268966236,0.006683102430164883,0.14067844262154708,0.16687572275777765,1
120,2500,5,bounded,seqmar,0.15,cc,0.15388989745365456,0.008504847405532256,0.13722070284480242,0.1705590920625067,1
120,2500,5,bounded,seqmar,0.15,seq,0.1500431993997734,0.01450991013610028,0.12160429811410417,0.17848210068544262,1
121,2500,5,bounded,seqmar,0.15,full,0.15282700279064237,0.006442801460294676,0.14019934396892275,0.165454661612362,1
121,2500,5,bounded,seqmar,0.15,cc,0.15821355962687836,0.007980489775997869,0.14257208708693242,0.1738550321668243,1
121,2500,5,bounded,seqmar,0.15,seq,0.15981596949015342,0.007717873589133267,0.14468921521821934,0.1749427237620875,1
122,2500,5,bounded,seqmar,0.15,full,0.148901630729569,0.006539132571330553,0.1360851663996283,0.16171809505950968,1
122,2500,5,bounded,seqmar,0.15,cc,0.15103260164337098,0.008380218538947212,0.1346076751244596,0.16745752816228238,1
122,2500,5,bounded,seqmar,0.15,seq,0.14312669664168734,0.01139757219795007,0.12078786562251018,0.1654655276608645,1
123,2500,5,bounded,seqmar,0.15,full,0.1478240620879763,0.006676890494587725,0.13473759718986653,0.16091052698608607,1
123,2500,5,bounded,seqmar,0.15,cc,0.14827591600661585,0.008635904894183206,0.13134985344010358,0.16520197857312813,1
123,2500,5,bounded,seqmar,0.15,seq,0.14597639649942318,0.009659169654116869,0.12704477185679192,0.16490802114205444,1
124,2500,5,bounded,seqmar,0.15,full,0.15279789289733225,0.006713911400227181,0.1396388683574941,0.16595691743717042,1
124,2500,5,bounded,seqmar,0.15,cc,0.15354654521846486,0.009290351356268893,0.135337791156455,0.17175529928047473,1
124,2500,5,bounded,seqmar,0.15,seq,0.15047669789975535,0.014062692752469129,0.1229143265792634,0.1780390692202473,1
125,2500,5,bounded,seqmar,0.15,full,0.14712617787016602,0.006565809423401878,0.13425742787094463,0.1599949278693874,1
125,2500,5,bounded,seqmar,0.15,cc,0.14327389534398216,0.008288110012030331,0.1270294982204969,0.15951829246746743,1
125,2500,5,bounded,seqmar,0.15,seq,0.1453508236090932,0.009047241841832906,0.1276185554396769,0.16308309177850952,1
126,2500,5,bounded,seqmar,0.15,full,0.16058409080305436,0.006718455459223913,0.14741616007123898,0.17375202153486974,1
126,2500,5,bounded,seqmar,0.15,cc,0.16005706143501355,0.008223697933688563,0.1439389096652475,0.1761752132047796,1
126,2500,5,bounded,seqmar,0.15,seq,0.1437508886092641,0.010680780979058967,0.12281694256354807,0.16468483465498013,1
127,2500,5,bounded,seqmar,0.15,full,0.15811647738121137,0.0065275718017449216,0.1453226717432921,0.17091028301913064,1
127,2500,5,bounded,seqmar,0.15,cc,0.15959828801303486,0.008187558381265518,0.14355096846443538,0.17564560756163433,1
127,2500,5,bounded,seqmar,0.15,seq,0.15257260891409463,0.010003027425335924,0.1329670354240698,0.17217818240411947,1
128,2500,5,bounded,seqmar,0.15,full,0.13308944639219938,0.006580213072545737,0.12019246575941009,0.14598642702498868,0
128,2500,5,bounded,seqmar,0.15,cc,0.13391937984528773,0.008246776556679509,0.11775599480564666,0.1500827648849288,1
128,2500,5,bounded,seqmar,0.15,seq,0.12745465160617486,0.010417698734979426,0.10703633728382671,0.147872965928523,0
129,2500,5,bounded,seqmar,0.15,full,0.1487969124825527,0.0068364596826871035,0.13539769772272583,0.16219612724237956,1
129,2500,5,bounded,seqmar,0.15,cc,0.15502238854757716,0.008375199467485472,0.1386072992279666,0.17143747786718772,1
129,2500,5,bounded,seqmar,0.15,seq,0.14374781368040276,0.011479671286785193,0.12124807140394521,0.16624755595686033,1
130,2500,5,bounded,seqmar,0.15,full,0.15441714086715883,0.006644217792240297,0.1413947132889276,0.16743956844539004,1
130,2500,5,bounded,seqmar,0.15,cc,0.16364156019865572,0.008728070004933038,0.14653485733444263,0.1807482630628688,1
130,2500,5,bounded,seqmar,0.15,seq,0.16162527965639242,0.012200343478897112,0.13771304583873598,0.18553751347404887,1
131,2500,5,bounded,seqmar,0.15,full,0.15510785005682948,0.006719498825601475,0.1419378743644914,0.16827782574916755,1
131,2500,5,bounded,seqmar,0.15,cc,0.16512573336328892,0.0077861217861131815,0.14986521508326442,0.18038625164331343,1
131,2500,5,bounded,seqmar,0.15,seq,0.15727460105400934,0.011393267352957495,0.13494420737597665,0.17960499473204203,1
132,2500,5,bounded,seqmar,0.15,full,0.15176240896986892,0.006542442568267267,0.13893945716514333,0.1645853607745945,1
132,2500,5,bounded,seqmar,0.15,cc,0.1553022691620302,0.008421810808693926,0.13879582329237994,0.17180871503168044,1
132,2500,5,bounded,seqmar,0.15,seq,0.15571951095637976,0.008846799180847728,0.13838010318345975,0.17305891872929977,1
133,2500,5,bounded,seqmar,0.15,full,0.15607585050334136,0.006776962808035085,0.14279324747502517,0.16935845353165754,1
133,2500,5,bounded,seqmar,0.15,cc,0.1695792276244962,0.008834085625949912,0.1522647379612914,0.18689371728770102,0
133,2500,5,bounded,seqmar,0.15,seq,0.15667216556109712,0.00973266444969862,0.13759649376607447,0.17574783735611976,1
134,2500,5,bounded,seqmar,0.15,full,0.1474547615413986,0.006641279164806344,0.13443809356710193,0.1604714295156953,1
134,2500,5,bounded,seqmar,0.15,cc,0.15192625081109845,0.008832737171148028,0.1346144040707401,0.1692380975514568,1
134,2500,5,bounded,seqmar,0.15,seq,0.13482388145828905,0.011390073478210905,0.11249974765973081,0.1571480152568473,1
135,2500,5,bounded,seqmar,0.15,full,0.14594678497903374,0.006543958647231482,0.1331208617141406,0.1587727082439269,1
135,2500,5,bounded,seqmar,0.15,cc,0.14522210567149646,0.009518641690472625,0.12656591077642865,0.16387830056656427,1
135,2500,5,bounded,seqmar,0.15,seq,0.12258141519532069,0.022217387829373124,0.07903613521919084,0.16612669517145054,1
136,2500,5,bounded,seqmar,0.15,full,0.1474650500812207,0.006618063771067964,0.13449388344253815,0.16043621671990327,1
136,2500,5,bounded,seqmar,0.15,cc,0.1451544228478078,0.008601242761501579,0.12829629681297888,0.16201254888263672,1
136,2500,5,bounded,seqmar,0.15,seq,0.12770747433556234,0.014000915498245668,0.10026618420841217,0.15514876446271253,1
137,2500,5,bounded,seqmar,0.15,full,0.1593158376865079,0.006691597713513356,0.14620054716899114,0.17243112820402465,1
137,2500,5,bounded,seqmar,0.15,cc,0.1639711332340513,0.008210740095855519,0.14787837835975554,0.18006388810834706,1
137,2500,5,bounded,seqmar,0.15,seq,0.16574201256855603,0.00870392684009297,0.14868262943790228,0.18280139569920978,1
138,2500,5,bounded,seqmar,0.15,full,0.14403398563402794,0.006659368154974683,0.1309818638904846,0.15708610737757128,1
138,2500,5,bounded,seqmar,0.15,cc,0.14800035992244026,0.008213188870606293,0.13190280553782674,0.16409791430705378,1
138,2500,5,bounded,seqmar,0.15,seq,0.155434824921109,0.008478482904716443,0.13881730378432622,0.17205234605789177,1
139,2500,5,bounded,seqmar,0.15,full,0.1419778504440014,0.006782210241909721,0.12868496263427967,0.15527073825372315,1
139,2500,5,bounded,seqmar,0.15,cc,0.1426464216335302,0.009614071590616785,0.1238031875711316,0.1614896556959288,1
139,2500,5,bounded,seqmar,0.15,seq,0.1510226722558626,0.01389449675974071,0.12378995902346233,0.1782553854882629,1
140,2500,5,bounded,seqmar,0.15,full,0.13675202844664858,0.006634400044189049,0.1237488433010071,0.14975521359229005,0
140,2500,5,bounded,seqmar,0.15,cc,0.14562893195946336,0.007904314614482873,0.13013675999260332,0.1611211039263234,1
140,2500,5,bounded,seqmar,0.15,seq,0.13729440418746985,0.009359354502884786,0.1189504064432729,0.1556384019316668,1
141,2500,5,bounded,seqmar,0.15,full,0.14758119482743634,0.0064151963622899235,0.13500764100359572,0.16015474865127696,1
141,2500,5,bounded,seqmar,0.15,cc,0.1545477043062418,0.007556342085691202,0.13973754596342275,0.16935786264906083,1
141,2500,5,bounded,seqmar,0.15,seq,0.14007407222047308,0.009705925657004165,0.12105080749612165,0.1590973369448245,1
142,2500,5,bounded,seqmar,0.15,full,0.14716902784014446,0.006617186188449849,0.13419958123178688,0.16013847444850204,1
142,2500,5,bounded,seqmar,0.15,cc,0.1562256660995475,0.00834991061844459,0.13986014201326752,0.17259119018582747,1
142,2500,5,bounded,seqmar,0.15,seq,0.1442389983211057,0.010023383485932475,0.12459352768544452,0.1638844689567669,1
143,2500,5,bounded,seqmar,0.15,full,0.14386903731410922,0.006656671317004399,0.13082220127585978,0.15691587335235865,1
143,2500,5,bounded,seqmar,0.15,cc,0.1478042388162089,0.009004002610550059,0.13015671798282616,0.16545175964959166,1
143,2500,5,bounded,seqmar,0.15,seq,0.16252234718742786,0.013591433406883393,0.1358836272116619,0.18916106716319384,1
144,2500,5,bounded,seqmar,0.15,full,0.14431414522293406,0.006647288149649933,0.1312856998547603,0.15734259059110783,1
144,2500,5,bounded,seqmar,0.15,cc,0.14774143312574178,0.00802049612417713,0.13202154958421153,0.16346131666727204,1
144,2500,5,bounded,seqmar,0.15,seq,0.1418205908628611,0.010265129994042905,0.12170130577791516,0.16193987594780707,1
145,2500,5,bounded,seqmar,0.15,full,0.1622480128942124,0.006491252150673117,0.14952539246432492,0.17497063332409987,1
145,2500,5,bounded,seqmar,0.15,cc,0.1662731457607087,0.007990794364928304,0.15061147659758362,0.1819348149238338,0
145,2500,5,bounded,seqmar,0.15,seq,0.1656538815575114,0.008364544167963624,0.14925967624120814,0.18204808687381466,1
146,2500,5,bounded,seqmar,0.15,full,0.1532522245860081,0.006764740796889554,0.1399935762593558,0.1665108729126604,1
146,2500,5,bounded,seqmar,0.15,cc,0.16052753640558093,0.008498840997469946,0.14387011414020737,0.1771849586709545,1
146,2500,5,bounded,seqmar,0.15,seq,0.1607003588396913,0.011410740416081446,0.1383357185872361,0.18306499909214652,1
147,2500,5,bounded,seqmar,0.15,full,0.14851577470948601,0.006568026498767888,0.13564267932239624,0.1613888700965758,1
147,2500,5,bounded,seqmar,0.15,cc,0.15581715975589505,0.008427355028852805,0.13929984741441104,0.17233447209737907,1
147,2500,5,bounded,seqmar,0.15,seq,0.15234691339243545,0.010539218671648731,0.13169042437081185,0.17300340241405904,1
148,2500,5,bounded,seqmar,0.15,full,0.15567727632450357,0.0067032445316977055,0.142539158462811,0.16881539418619612,1
148,2500,5,bounded,seqmar,0.15,cc,0.15915685209336405,0.010164759559430024,0.13923428944537197,0.17907941474135614,1
148,2500,5,bounded,seqmar,0.15,seq,0.1577893502778557,0.011229684105911656,0.13577957387250697,0.17979912668320444,1
149,2500,5,bounded,seqmar,0.15,full,0.15352966238740431,0.00665705856469928,0.1404820673576198,0.16657725741718882,1
149,2500,5,bounded,seqmar,0.15,cc,0.15616280787425427,0.009163296912288068,0.13820307594652256,0.17412253980198597,1
149,2500,5,bounded,seqmar,0.15,seq,0.14976284922070887,0.013054022365951413,0.12417743553006376,0.175348262911354,1
150,2500,5,bounded,seqmar,0.15,full,0.1459998774767839,0.006689315411643966,0.13288906018873298,0.1591106947648348,1
150,2500,5,bounded,seqmar,0.15,cc,0.15453011857023102,0.007648375151102897,0.13953957873381825,0.1695206584066438,1
150,2500,5,bounded,seqmar,0.15,seq,0.1457862760035909,0.00892709293191719,0.12828949537039114,0.16328305663679066,1
151,2500,5,bounded,seqmar,0.15,full,0.1536435715910532,0.006842925029740348,0.14023168498385447,0.16705545819825196,1
151,2500,5,bounded,seqmar,0.15,cc,0.15927398192805606,0.008398373670057612,0.14281347200603367,0.17573449185007844,1
151,2500,5,bounded,seqmar,0.15,seq,0.16215802267664395,0.010469507150566255,0.14163816572564952,0.18267787962763837,1
152,2500,5,bounded,seqmar,0.15,full,0.1481463573064631,0.006742009055306832,0.1349322623746188,0.16136045223830742,1
152,2500,5,bounded,seqmar,0.15,cc,0.15740805003732594,0.00938989678292558,0.1390041905242433,0.1758119095504086,1
152,2500,5,bounded,seqmar,0.15,seq,0.15627572285444735,0.011930866420835646,0.1328916543652512,0.17965979134364352,1
153,2500,5,bounded,seqmar,0.15,full,0.15371071024181507,0.006739670224594906,0.14050119933393207,0.16692022114969807,1
153,2500,5,bounded,seqmar,0.15,cc,0.1502930745092942,0.010260559605043658,0.1301827472221821,0.17040340179640628,1
153,2500,5,bounded,seqmar,0.15,seq,0.11451091623127573,0.023175216580592645,0.06908832639939863,0.15993350606315282,1
154,2500,5,bounded,seqmar,0.15,full,0.1463087547879713,0.006663632174367567,0.13324827571998854,0.15936923385595408,1
154,2500,5,bounded,seqmar,0.15,cc,0.15194801287777326,0.007979535406736406,0.13630841086720774,0.1675876148883388,1
154,2500,5,bounded,seqmar,0.15,seq,0.15715442948856434,0.008730292662582658,0.14004337029540803,0.17426548868172065,1
155,2500,5,bounded,seqmar,0.15,full,0.14619316538816637,0.006559194386820656,0.1333373806224006,0.15904895015393214,1
155,2500,5,bounded,seqmar,0.15,cc,0.15251155820465548,0.008322946769759611,0.13619888229068267,0.1688242341186283,1
155,2500,5,bounded,seqmar,0.15,seq,0.14113617628359135,0.009952528557676808,0.12162957875543844,0.16064277381174427,1
156,2500,5,bounded,seqmar,0.15,full,0.15729164140081722,0.006505803252066512,0.1445405013362633,0.17004278146537113,1
156,2500,5,bounded,seqmar,0.15,cc,0.16349547800688718,0.007434166963466164,0.148924778503436,0.17806617751033837,1
156,2500,5,bounded,seqmar,0.15,seq,0.1585366031856216,0.007625276320847957,0.14359133622459352,0.17348187014664967,1
157,2500,5,bounded,seqmar,0.15,full,0.14151536636932277,0.006562323080150095,0.12865344947731264,0.1543772832613329,1
157,2500,5,bounded,seqmar,0.15,cc,0.1528729957306589,0.007928608288294416,0.13733320903807608,0.16841278242324173,1
157,2500,5,bounded,seqmar,0.15,seq,0.1518058467219501,0.01199822588237613,0.12828975611411658,0.17532193732978363,1
158,2500,5,bounded,seqmar,0.15,full,0.14134861498707604,0.006556914476580159,0.12849729876326962,0.15419993121088246,1
158,2500,5,bounded,seqmar,0.15,cc,0.13367007741266074,0.009117975110411809,0.11579917458432097,0.1515409802410005,1
158,2500,5,bounded,seqmar,0.15,seq,0.1239484227208904,0.017188603424578418,0.09025937906417487,0.15763746637760595,1
159,2500,5,bounded,seqmar,0.15,full,0.14611403032677375,0.0067658958275342365,0.13285311818165682,0.15937494247189068,1
159,2500,5,bounded,seqmar,0.15,cc,0.15955196439766173,0.008403825724794749,0.1430807686447128,0.17602316015061065,1
159,2500,5,bounded,seqmar,0.15,seq,0.15607507625462366,0.010542133713176605,0.135412873856592,0.17673727865265532,1
160,2500,5,bounded,seqmar,0.15,full,0.15404475135863005,0.006652982852754763,0.14100514457746816,0.16708435813979194,1
160,2500,5,bounded,seqmar,0.15,cc,0.1610352308049794,0.008062807301119242,0.1452324188804991,0.1768380427294597,1
160,2500,5,bounded,seqmar,0.15,seq,0.1556300851337415,0.011728902867265498,0.13264185793573255,0.17861831233175043,1
161,2500,5,bounded,seqmar,0.15,full,0.17235429177394204,0.006409936032408783,0.15979104800721525,0.18491753554066884,0
161,2500,5,bounded,seqmar,0.15,cc,0.17553929115204586,0.007657181544238644,0.16053149110225332,0.1905470912018384,0
161,2500,5,bounded,seqmar,0.15,seq,0.17922839407560756,0.009441185917941557,0.16072400970509537,0.19773277844611975,0
162,2500,5,bounded,seqmar,0.15,full,0.149052402503269,0.00655337689831941,0.13620801980544617,0.16189678520109185,1
162,2500,5,bounded,seqmar,0.15,cc,0.15125898757058046,0.008142042380522237,0.1353008777441581,0.1672170973970028,1
162,2500,5,bounded,seqmar,0.15,seq,0.15239515605406379,0.010161365259428292,0.13247924611182782,0.17231106599629975,1
163,2500,5,bounded,seqmar,0.15,full,0.14955264034461258,0.006612945782344404,0.1365915047795015,0.16251377590972366,1
163,2500,5,bounded,seqmar,0.15,cc,0.14680829629300168,0.008804024734945298,0.1295527248935091,0.16406386769249426,1
163,2500,5,bounded,seqmar,0.15,seq,0.1358402485770032,0.011485683349026348,0.11332872287508015,0.15835177427892622,1
164,2500,5,bounded,seqmar,0.15,full,0.15421825353978405,0.00669044153157242,0.1411052290972311,0.167331277982337,1
164,2500,5,bounded,seqmar,0.15,cc,0.1565052299231639,0.00797056413656555,0.14088321127902884,0.17212724856729897,1
164,2500,5,bounded,seqmar,0.15,seq,0.14426567870080134,0.008642657894135663,0.12732638049759465,0.16120497690400803,1
165,2500,5,bounded,seqmar,0.15,full,0.1596334982635212,0.0067594699091773035,0.14638518068695144,0.17288181584009094,1
165,2500,5,bounded,seqmar,0.15,cc,0.16945280132533125,0.008257114915941622,0.1532691534738772,0.1856364491767853,0
165,2500,5,bounded,seqmar,0.15,seq,0.1663261337442748,0.009726781096880991,0.14726199310888305,0.18539027437966654,1
166,2500,5,bounded,seqmar,0.15,full,0.13279040543198023,0.006507843283517261,0.12003526697925551,0.14554554388470495,0
166,2500,5,bounded,seqmar,0.15,cc,0.16158736033774043,0.013156243398685447,0.13580159710447412,0.18737312357100674,1
166,2500,5,bounded,seqmar,0.15,seq,0.22124221333120203,0.04250556478907263,0.13793283720208582,0.30455158946031824,1
167,2500,5,bounded,seqmar,0.15,full,0.14816815676513956,0.00677250840478918,0.13489428420675795,0.16144202932352117,1
167,2500,5,bounded,seqmar,0.15,cc,0.14386290345643837,0.009657020874165496,0.1249354903451225,0.16279031656775425,1
167,2500,5,bounded,seqmar,0.15,seq,0.1398659574905102,0.013013729587430311,0.1143595161946035,0.1653723987864169,1
168,2500,5,bounded,seqmar,0.15,full,0.15873531969368984,0.006826733631801219,0.14535516764331113,0.17211547174406855,1
168,2500,5,bounded,seqmar,0.15,cc,0.16501918613461775,0.009343826539458392,0.14670562263948977,0.18333274962974572,1
168,2500,5,bounded,seqmar,0.15,seq,0.15697943811435403,0.014673444951169803,0.12822001448093012,0.18573886174777793,1
169,2500,5,bounded,seqmar,0.15,full,0.15963331515301166,0.006649991288945216,0.14659957172917393,0.17266705857684939,1
169,2500,5,bounded,seqmar,0.15,cc,0.16353659826354325,0.008624057105161015,0.1466337569368109,0.18043943959027559,1
169,2500,5,bounded,seqmar,0.15,seq,0.16081770583061716,0.010977586937345804,0.13930203079626202,0.1823333808649723,1
170,2500,5,bounded,seqmar,0.15,full,0.16371924326761408,0.006711199178365784,0.15056553458494235,0.17687295195028582,0
170,2500,5,bounded,seqmar,0.15,cc,0.16092422420299932,0.00817022557376748,0.14491087633284697,0.17693757207315167,1
170,2500,5,bounded,seqmar,0.15,seq,0.15801941753053633,0.008536095067902455,0.14128897862883755,0.17474985643223512,1
171,2500,5,bounded,seqmar,0.15,full,0.16165469303626268,0.006925583815620879,0.14808079818573228,0.17522858788679307,1
171,2500,5,bounded,seqmar,0.15,cc,0.16180069529492935,0.00935688206381611,0.14346154344226097,0.18013984714759773,1
171,2500,5,bounded,seqmar,0.15,seq,0.1545836376200784,0.009718215697816049,0.13553628485836716,0.17363099038178964,1
172,2500,5,bounded,seqmar,0.15,full,0.13823077143406476,0.006767515814487795,0.12496668417286343,0.15149485869526608,1
172,2500,5,bounded,seqmar,0.15,cc,0.14805168337806726,0.008491263105746319,0.13140911350755075,0.16469425324858378,1
172,2500,5,bounded,seqmar,0.15,seq,0.1434056684248802,0.00902121154301203,0.1257244187036596,0.1610869181461008,1
173,2500,5,bounded,seqmar,0.15,full,0.15445108804412092,0.006579870756306037,0.14155477833883276,0.16734739774940907,1
173,2500,5,bounded,seqmar,0.15,cc,0.16172685530019454,0.007680173474333832,0.14667399189548036,0.17677971870490872,1
173,2500,5,bounded,seqmar,0.15,seq,0.1610139333482933,0.009204245371437735,0.14297394391540585,0.17905392278118076,1
174,2500,5,bounded,seqmar,0.15,full,0.1523513189838964,0.006547760094322324,0.13951794501961606,0.16518469294817673,1
174,2500,5,bounded,seqmar,0.15,cc,0.14688436250900716,0.008190767626182517,0.13083075295595278,0.16293797206206154,1
174,2500,5,bounded,seqmar,0.15,seq,0.14040080099106336,0.008465335617943274,0.12380904806285042,0.1569925539192763,1
175,2500,5,bounded,seqmar,0.15,full,0.15189996573902176,0.006714245606588581,0.13874028616675185,0.16505964531129166,1
175,2500,5,bounded,seqmar,0.15,cc,0.15875301245899823,0.008753440984897495,0.14159658338780232,0.17590944153019414,1
175,2500,5,bounded,seqmar,0.15,seq,0.15835034308011517,0.009976384373140832,0.13879698901283094,0.1779036971473994,1
176,2500,5,bounded,seqmar,0.15,full,0.15253122306483102,0.006646908269690484,0.13950352224769622,0.16555892388196583,1
176,2500,5,bounded,seqmar,0.15,cc,0.15316990026330268,0.008834408074012153,0.135854778613509,0.17048502191309636,1
176,2500,5,bounded,seqmar,0.15,seq,0.14808919709842486,0.01165775252762607,0.12524042200359697,0.17093797219325274,1
177,2500,5,bounded,seqmar,0.15,full,0.1500969666226315,0.00671574105340808,0.13693435602845458,0.16325957721680842,1
177,2500,5,bounded,seqmar,0.15,cc,0.15401871917317309,0.008405241835090595,0.13754474789504617,0.1704926904513,1
177,2500,5,bounded,seqmar,0.15,seq,0.1554887465844318,0.010016849692862827,0.13585608194786955,0.17512141122099403,1
178,2500,5,bounded,seqmar,0.15,full,0.14862676937314126,0.006562264374562678,0.13576496754196815,0.16148857120431437,1
178,2500,5,bounded,seqmar,0.15,cc,0.15404307928146424,0.007956694820611869,0.1384482439970886,0.16963791456583988,1
178,2500,5,bounded,seqmar,0.15,seq,0.15458513100755708,0.009543553673725023,0.1358801095225311,0.17329015249258306,1
179,2500,5,bounded,seqmar,0.15,full,0.14159556175947974,0.006461403717236299,0.12893144318412336,0.1542596803348361,1
179,2500,5,bounded,seqmar,0.15,cc,0.1443553392619298,0.008156903953579186,0.12836810128756224,0.16034257723629738,1
179,2500,5,bounded,seqmar,0.15,seq,0.13842017031367365,0.008926571325459175,0.12092441201034569,0.1559159286170016,1
180,2500,5,bounded,seqmar,0.15,full,0.13634087622839455,0.006772544310514676,0.12306693329608413,0.14961481916070496,0
180,2500,5,bounded,seqmar,0.15,cc,0.13907901462814223,0.00855201565552999,0.12231737194808076,0.1558406573082037,1
180,2500,5,bounded,seqmar,0.15,seq,0.14982901079055047,0.014262652528030268,0.121874725511602,0.17778329606949894,1
181,2500,5,bounded,seqmar,0.15,full,0.15316287961008762,0.00665218841677246,0.14012482989483907,0.16620092932533617,1
181,2500,5,bounded,seqmar,0.15,cc,0.15996741232659864,0.008397125484968881,0.14350934880239619,0.1764254758508011,1
181,2500,5,bounded,seqmar,0.15,seq,0.16816460027061636,0.014479841093326375,0.1397846332258336,0.19654456731539913,1
182,2500,5,bounded,seqmar,0.15,full,0.1476331430471538,0.006684682117725739,0.1345314068483124,0.1607348792459952,1
182,2500,5,bounded,seqmar,0.15,cc,0.14445815987744254,0.008699281880049018,0.12740788070118458,0.1615084390537005,1
182,2500,5,bounded,seqmar,0.15,seq,0.15044774155420573,0.011317067950884122,0.12826669595988036,0.1726287871485311,1
183,2500,5,bounded,seqmar,0.15,full,0.15614910354582232,0.0065716917590451914,0.14326882438059507,0.16902938271104956,1
183,2500,5,bounded,seqmar,0.15,cc,0.14614621395172772,0.010892598972626955,0.1247971122673409,0.16749531563611456,1
183,2500,5,bounded,seqmar,0.15,seq,0.13735915447571623,0.016547545780112492,0.10492656071416799,0.16979174823726445,1
184,2500,5,bounded,seqmar,0.15,full,0.1427129786535031,0.006646710842149799,0.12968566478723761,0.1557402925197686,1
184,2500,5,bounded,seqmar,0.15,cc,0.14880858650021234,0.008163211481750435,0.13280898599779764,0.16480818700262703,1
184,2500,5,bounded,seqmar,0.15,seq,0.14853616563598293,0.009410562376333089,0.13009180230410242,0.16698052896786345,1
185,2500,5,bounded,seqmar,0.15,full,0.13693964695403216,0.0065771223373552856,0.12404872405090189,0.14983056985716242,0
185,2500,5,bounded,seqmar,0.15,cc,0.15194760916418018,0.008034258822009943,0.1362007512305675,0.16769446709779287,1
185,2500,5,bounded,seqmar,0.15,seq,0.15573413492594212,0.009109100914248755,0.13788062520247368,0.17358764464941057,1
186,2500,5,bounded,seqmar,0.15,full,0.14804441926572096,0.006693143373031815,0.13492609931121566,0.16116273922022625,1
186,2500,5,bounded,seqmar,0.15,cc,0.15546131123168888,0.008797936750062603,0.13821767206330482,0.17270495040007294,1
186,2500,5,bounded,seqmar,0.15,seq,0.1475680403510642,0.010488147545459096,0.1270116488974222,0.16812443180470618,1
187,2500,5,bounded,seqmar,0.15,full,0.14736677677209803,0.006650428524102112,0.13433217638310002,0.16040137716109604,1
187,2500,5,bounded,seqmar,0.15,cc,0.16294558381291321,0.008191354044853503,0.14689082490038385,0.17900034272544257,1
187,2500,5,bounded,seqmar,0.15,seq,0.15467014646820948,0.009178912401061726,0.13667980874488042,0.17266048419153854,1
188,2500,5,bounded,seqmar,0.15,full,0.14441639819053254,0.006750242634542023,0.1311861657399234,0.15764663064114168,1
188,2500,5,bounded,seqmar,0.15,cc,0.15322116369984037,0.008385357116926818,0.1367861657531572,0.16965616164652356,1
188,2500,5,bounded,seqmar,0.15,seq,0.1453539844970376,0.00971105178522969,0.12632067274598402,0.16438729624809117,1
189,2500,5,bounded,seqmar,0.15,full,0.15197814209845886,0.0064585720044760975,0.13931957357812705,0.16463671061879068,1
189,2500,5,bounded,seqmar,0.15,cc,0.16278008363858548,0.0081150329034565,0.14687491141445325,0.17868525586271772,1
189,2500,5,bounded,seqmar,0.15,seq,0.1623888346893956,0.01073765723776599,0.14134341322503843,0.18343425615375278,1
190,2500,5,bounded,seqmar,0.15,full,0.1505571817911308,0.006828543158173295,0.13717348313423375,0.16394088044802788,1
190,2500,5,bounded,seqmar,0.15,cc,0.16283137691415156,0.008273797858059264,0.14661503109699076,0.17904772273131236,1
190,2500,5,bounded,seqmar,0.15,seq,0.15614958579699892,0.00970042008622047,0.13713711179309787,0.17516205980089997,1
191,2500,5,bounded,seqmar,0.15,full,0.155325693539854,0.006539074949956222,0.14250934214573177,0.16814204493397625,1
191,2500,5,bounded,seqmar,0.15,cc,0.16282798964023756,0.008003028264574856,0.14714234247441477,0.17851363680606036,1
191,2500,5,bounded,seqmar,0.15,seq,0.16027359017353052,0.010263333868879716,0.14015782542921615,0.18038935491784489,1
192,2500,5,bounded,seqmar,0.15,full,0.15094683660120814,0.006597659540217183,0.13801566152012537,0.1638780116822909,1
192,2500,5,bounded,seqmar,0.15,cc,0.15408265030894944,0.008373646229992942,0.13767060527888367,0.1704946953390152,1
192,2500,5,bounded,seqmar,0.15,seq,0.15683787968278073,0.010062632312201685,0.13711548276119642,0.17656027660436505,1
193,2500,5,bounded,seqmar,0.15,full,0.16090572595289832,0.006483010656392139,0.14819925855498034,0.1736121933508163,1
193,2500,5,bounded,seqmar,0.15,cc,0.15808448466749897,0.008073225467796815,0.14226125351154567,0.17390771582345227,1
193,2500,5,bounded,seqmar,0.15,seq,0.14519099661046786,0.009820231329645374,0.12594369688451104,0.16443829633642468,1
194,2500,5,bounded,seqmar,0.15,full,0.1533281040591924,0.006745993166105186,0.1401062004136729,0.1665500077047119,1
194,2500,5,bounded,seqmar,0.15,cc,0.15965290916651684,0.00862145956095811,0.14275515893287044,0.17655065940016323,1
194,2500,5,bounded,seqmar,0.15,seq,0.15528172126725648,0.012040675965044758,0.13168243002625168,0.17888101250826127,1
195,2500,5,bounded,seqmar,0.15,full,0.16055806221307836,0.006667822389747341,0.1474893704738638,0.17362675395229293,1
195,2500,5,bounded,seqmar,0.15,cc,0.16057359412535588,0.008984918022106774,0.14296347839798174,0.17818370985273002,1
195,2500,5,bounded,seqmar,0.15,seq,0.16362751273577927,0.00991110937343187,0.14420209531701547,0.18305293015454308,1
196,2500,5,bounded,seqmar,0.15,full,0.14539854898911228,0.006744938904894305,0.1321787116575964,0.15861838632062816,1
196,2500,5,bounded,seqmar,0.15,cc,0.15011278248980997,0.00876178288072528,0.13294000360322883,0.1672855613763911,1
196,2500,5,bounded,seqmar,0.15,seq,0.15081990766775819,0.01364674192733368,0.12407278498387145,0.17756703035164492,1
197,2500,5,bounded,seqmar,0.15,full,0.1615058014897126,0.006504052623144847,0.14875809259479544,0.17425351038462977,1
197,2500,5,bounded,seqmar,0.15,cc,0.16417711140206656,0.009219344173670853,0.1461075288605925,0.18224669394354062,1
197,2500,5,bounded,seqmar,0.15,seq,0.16293281800554793,0.013818317065020019,0.13584941423115346,0.1900162217799424,1
198,2500,5,bounded,seqmar,0.15,full,0.1486067983397726,0.006745110390202459,0.1353866249032289,0.16182697177631633,1
198,2500,5,bounded,seqmar,0.15,cc,0.15708703244122754,0.008294864684936752,0.14082939640211833,0.17334466848033675,1
198,2500,5,bounded,seqmar,0.15,seq,0.14212706849579945,0.011566913529060268,0.11945633456655223,0.16479780242504666,1
199,2500,5,bounded,seqmar,0.15,full,0.143093799520051,0.006659840323342892,0.13004075234351134,0.15614684669659065,1
199,2500,5,bounded,seqmar,0.15,cc,0.15060889744908146,0.008769956958310076,0.13342009766482726,0.16779769723333565,1
199,2500,5,bounded,seqmar,0.15,seq,0.14207917188708247,0.009153329235315566,0.1241389762472264,0.16001936752693852,1
200,2500,5,bounded,seqmar,0.15,full,0.14714252125795382,0.006997528761483306,0.13342761690466337,0.16085742561124428,1
200,2500,5,bounded,seqmar,0.15,cc,0.15512909058105914,0.008768319728999252,0.1379434997072886,0.17231468145482967,1
200,2500,5,bounded,seqmar,0.15,seq,0.15367010046800558,0.01034244362889133,0.13339928344324284,0.17394091749276833,1
201,2500,5,bounded,seqmar,0.15,full,0.15175252664530123,0.006612289311536778,0.13879267773933,0.16471237555127247,1
201,2500,5,bounded,seqmar,0.15,cc,0.15483517864871105,0.00798164704115367,0.13919143791073918,0.17047891938668291,1
201,2500,5,bounded,seqmar,0.15,seq,0.1544155132650204,0.009180382492985929,0.13642229421446594,0.17240873231557485,1
202,2500,5,bounded,seqmar,0.15,full,0.16650367834411944,0.006679255913628852,0.15341257730988073,0.17959477937835816,0
202,2500,5,bounded,seqmar,0.15,cc,0.165289990875966,0.008436435016692768,0.1487548820853356,0.18182509966659638,1
202,2500,5,bounded,seqmar,0.15,seq,0.15853424135765196,0.009541837083036225,0.13983258432855222,0.1772358983867517,1
203,2500,5,bounded,seqmar,0.15,full,0.1545604292968981,0.006693883262688897,0.14144065918531237,0.1676801994084838,1
203,2500,5,bounded,seqmar,0.15,cc,0.16147525125817377,0.008443862281099689,0.14492558529680216,0.1780249172195454,1
203,2500,5,bounded,seqmar,0.15,seq,0.1577308546875244,0.00888640443883487,0.1403138220353512,0.1751478873396976,1
204,2500,5,bounded,seqmar,0.15,full,0.14709307190151225,0.006533444772198411,0.13428775545302185,0.15989838835000264,1
204,2500,5,bounded,seqmar,0.15,cc,0.154659217281341,0.010082786706558912,0.1348973184726863,0.1744211160899957,1
204,2500,5,bounded,seqmar,0.15,seq,0.14499032244138563,0.010268532422396521,0.12486436871940661,0.16511627616336463,1
205,2500,5,bounded,seqmar,0.15,full,0.14912711355275468,0.006519352811464506,0.1363494168397743,0.16190481026573506,1
205,2500,5,bounded,seqmar,0.15,cc,0.15798813004372272,0.008283576540420655,0.14175261836131733,0.17422364172612811,1
205,2500,5,bounded,seqmar,0.15,seq,0.13613916075374177,0.011068970818931807,0.1144443766027106,0.15783394490477293,1
206,2500,5,bounded,seqmar,0.15,full,0.14866684158387933,0.0067045541774638185,0.13552615686365269,0.16180752630410597,1
206,2500,5,bounded,seqmar,0.15,cc,0.15577403331647638,0.008039354319822074,0.14001718839066862,0.17153087824228413,1
206,2500,5,bounded,seqmar,0.15,seq,0.15407030084419035,0.008093585139717942,0.1382071654645346,0.1699334362238461,1
207,2500,5,bounded,seqmar,0.15,full,0.15467211744805934,0.006436980863087714,0.14205586678723386,0.1672883681088848,1
207,2500,5,bounded,seqmar,0.15,cc,0.15842748644314256,0.008015383327733322,0.14271762379850245,0.17413734908778267,1
207,2500,5,bounded,seqmar,0.15,seq,0.15722286281463493,0.008220785150406456,0.14111041999519658,0.1733353056340733,1
208,2500,5,bounded,seqmar,0.15,full,0.1547359587821867,0.006644120224462058,0.1417137224332869,0.16775819513108653,1
208,2500,5,bounded,seqmar,0.15,cc,0.15861923953195647,0.008130870635117258,0.14268302592417234,0.1745554531397406,1
208,2500,5,bounded,seqmar,0.15,seq,0.14658381779270413,0.008972154005780879,0.12899871907762683,0.16416891650778143,1
209,2500,5,bounded,seqmar,0.15,full,0.14770710766610923,0.006828544673455153,0.1343234060393143,0.16109080929290415,1
209,2500,5,bounded,seqmar,0.15,cc,0.1470661076419096,0.009201881965465307,0.12903075039960896,0.16510146488421026,1
209,2500,5,bounded,seqmar,0.15,seq,0.13717509836497066,0.011233295432247279,0.1151582438900677,0.15919195283987364,1
210,2500,5,bounded,seqmar,0.15,full,0.14074329001941624,0.006651361143942459,0.12770686172911988,0.1537797183097126,1
210,2500,5,bounded,seqmar,0.15,cc,0.1467913247474494,0.007849281010169223,0.13140701666298354,0.16217563283191527,1
210,2500,5,bounded,seqmar,0.15,seq,0.13409203512533008,0.008779448324658006,0.11688463260486986,0.1512994376457903,1
211,2500,5,bounded,seqmar,0.15,full,0.1606858637498256,0.006638755915246402,0.14767414125379041,0.1736975862458608,1
211,2500,5,bounded,seqmar,0.15,cc,0.16402160980040548,0.00795985827102092,0.1484205742671612,0.17962264533364974,1
211,2500,5,bounded,seqmar,0.15,seq,0.15731346641464117,0.009678563791749082,0.13834382996073954,0.1762831028685428,1
212,2500,5,bounded,seqmar,0.15,full,0.14552316086982256,0.0065121454378213725,0.13275959034960585,0.15828673139003926,1
212,2500,5,bounded,seqmar,0.15,cc,0.14922678134095338,0.007915754797092505,0.1337121870282019,0.16474137565370486,1
212,2500,5,bounded,seqmar,0.15,seq,0.13675515274944267,0.009841100351883996,0.11746695049150557,0.15604335500737976,1
213,2500,5,bounded,seqmar,0.15,full,0.1388575879092716,0.006475130134445847,0.12616656605054774,0.15154860976799547,1
213,2500,5,bounded,seqmar,0.15,cc,0.14842291472068828,0.00816439012059355,0.1324210041285903,0.16442482531278627,1
213,2500,5,bounded,seqmar,0.15,seq,0.1442636859779434,0.010473363896523456,0.12373626994377535,0.16479110201211145,1
214,2500,5,bounded,seqmar,0.15,full,0.1446616233194095,0.006468463298073538,0.13198366821986618,0.1573395784189528,1
214,2500,5,bounded,seqmar,0.15,cc,0.1532296567056719,0.007795735371985174,0.137950296143576,0.1685090172677678,1
214,2500,5,bounded,seqmar,0.15,seq,0.1548023988519505,0.008857536438214395,0.1374419464412991,0.1721628512626019,1
215,2500,5,bounded,seqmar,0.15,full,0.14339494945904233,0.006416844416859929,0.13081816550759995,0.1559717334104847,1
215,2500,5,bounded,seqmar,0.15,cc,0.13184554757786526,0.00865272498203019,0.1148865182449561,0.14880457691077442,0
215,2500,5,bounded,seqmar,0.15,seq,0.1319489247909288,0.010118237313955013,0.11211754406854767,0.1517803055133099,1
216,2500,5,bounded,seqmar,0.15,full,0.14504442036399873,0.00675751087057727,0.13179994243252938,0.15828889829546808,1
216,2500,5,bounded,seqmar,0.15,cc,0.15597163047636825,0.008312753933207063,0.13967893215493873,0.17226432879779777,1
216,2500,5,bounded,seqmar,0.15,seq,0.13819156042571712,0.010848106548704549,0.1169296622898031,0.15945345856163115,1
217,2500,5,bounded,seqmar,0.15,full,0.1455355801912744,0.006727578844272691,0.13234976795334633,0.1587213924292025,1
217,2500,5,bounded,seqmar,0.15,cc,0.14706994736646611,0.008489192014280712,0.13043143676063088,0.16370845797230135,1
217,2500,5,bounded,seqmar,0.15,seq,0.13832464273754871,0.010407455304911937,0.11792640516921099,0.15872288030588644,1
218,2500,5,bounded,seqmar,0.15,full,0.15640391517480998,0.006452562259169078,0.14375712553883618,0.16905070481078377,1
218,2500,5,bounded,seqmar,0.15,cc,0.16427543957052176,0.009299787795767208,0.1460481904269529,0.18250268871409062,1
218,2500,5,bounded,seqmar,0.15,seq,0.1838609932382973,0.02202904357856128,0.14068486121045384,0.22703712526614075,1
219,2500,5,bounded,seqmar,0.15,full,0.15639351807637344,0.0064670520821541785,0.1437183289092065,0.1690687072435404,1
219,2500,5,bounded,seqmar,0.15,cc,0.16714870640824897,0.008348061537719572,0.15078680645359455,0.1835106063629034,0
219,2500,5,bounded,seqmar,0.15,seq,0.16271971910243896,0.01024363789904301,0.14264255774964513,0.1827968804552328,1
220,2500,5,bounded,seqmar,0.15,full,0.15581951091944116,0.006742256829723158,0.14260493035866456,0.16903409148021775,1
220,2500,5,bounded,seqmar,0.15,cc,0.15557705649531126,0.009001195249910722,0.13793503798767323,0.17321907500294928,1
220,2500,5,bounded,seqmar,0.15,seq,0.1518890824628832,0.01125664107323774,0.12982647137244294,0.1739516935533235,1
221,2500,5,bounded,seqmar,0.15,full,0.15459721986950076,0.006619217367545666,0.14162379222326923,0.16757064751573228,1
221,2500,5,bounded,seqmar,0.15,cc,0.1537694421843628,0.008609832675157582,0.1368944802281378,0.17064440414058782,1
221,2500,5,bounded,seqmar,0.15,seq,0.14936212466133053,0.011258973348651178,0.12729494239507788,0.17142930692758318,1
222,2500,5,bounded,seqmar,0.15,full,0.13874870119366134,0.0065731986184931635,0.1258654686381863,0.1516319337491364,1
222,2500,5,bounded,seqmar,0.15,cc,0.15209327536837813,0.00798009538259491,0.13645257582529774,0.16773397491145853,1
222,2500,5,bounded,seqmar,0.15,seq,0.14615739679701978,0.0106265326457173,0.12532977553087474,0.16698501806316482,1
223,2500,5,bounded,seqmar,0.15,full,0.15856788565345764,0.006618621851031316,0.14559562519814645,0.17154014610876883,1
223,2500,5,bounded,seqmar,0.15,cc,0.1671000698244272,0.007920373703591973,0.15157642262128881,0.1826237170275656,0
223,2500,5,bounded,seqmar,0.15,seq,0.1689684769301521,0.009412238111067924,0.15052082921854365,0.18741612464176055,0
224,2500,5,bounded,seqmar,0.15,full,0.16002751100808651,0.006481428892386002,0.14732414381065262,0.1727308782055204,1
224,2500,5,bounded,seqmar,0.15,cc,0.1661505641786336,0.008298201869929842,0.1498863873771282,0.18241474098013902,1
224,2500,5,bounded,seqmar,0.15,seq,0.16082889657738036,0.011628404400633738,0.13803764275447117,0.18362015040028956,1
225,2500,5,bounded,seqmar,0.15,full,0.15129803000130881,0.006423319857560219,0.13870855441930985,0.16388750558330778,1
225,2500,5,bounded,seqmar,0.15,cc,0.15222252563120242,0.008800137402715827,0.13497457326287554,0.1694704779995293,1
225,2500,5,bounded,seqmar,0.15,seq,0.1444329147496365,0.011973827077079906,0.12096464492144937,0.1679011845778236,1
226,2500,5,bounded,seqmar,0.15,full,0.14346104729099202,0.00662291024461387,0.13048038173870746,0.15644171284327657,1
226,2500,5,bounded,seqmar,0.15,cc,0.15240362097951937,0.00866150612243756,0.1354273809276686,0.16937986103137015,1
226,2500,5,bounded,seqmar,0.15,seq,0.14282889019514358,0.01248882061684719,0.11835125157674178,0.16730652881354538,1
227,2500,5,bounded,seqmar,0.15,full,0.15441407543758054,0.006730444882679206,0.1412226458675974,0.1676055050075637,1
227,2500,5,bounded,seqmar,0.15,cc,0.16141721055300845,0.008128426081506619,0.14548578818225943,0.17734863292375747,1
227,2500,5,bounded,seqmar,0.15,seq,0.14095984817862064,0.010936011547017656,0.11952565941195188,0.16239403694528942,1
228,2500,5,bounded,seqmar,0.15,full,0.14843230196249713,0.0066490918047490185,0.13540032149528863,0.16146428242970562,1
228,2500,5,bounded,seqmar,0.15,cc,0.15812591753047645,0.008308203417321565,0.1418421380562936,0.1744096970046593,1
228,2500,5,bounded,seqmar,0.15,seq,0.16271962508820736,0.010361419165775898,0.14241161669456354,0.1830276334818512,1
229,2500,5,bounded,seqmar,0.15,full,0.1548762531408418,0.00671956654363271,0.1417061447236014,0.1680463615580822,1
229,2500,5,bounded,seqmar,0.15,cc,0.15624227373626212,0.008130799753618582,0.14030619905366257,0.17217834841886168,1
229,2500,5,bounded,seqmar,0.15,seq,0.14966214285523832,0.010426122554811396,0.12922731814940724,0.1700969675610694,1
230,2500,5,bounded,seqmar,0.15,full,0.15628352794319922,0.006721203619328431,0.14311021091655524,0.1694568449698432,1
230,2500,5,bounded,seqmar,0.15,cc,0.15884419773410186,0.008448378454569156,0.14228568023538216,0.17540271523282155,1
230,2500,5,bounded,seqmar,0.15,seq,0.14852151233615268,0.01253255228104476,0.12395816123093965,0.1730848634413657,1
231,2500,5,bounded,seqmar,0.15,full,0.15494654396267116,0.006441654287328683,0.14232113355864892,0.1675719543666934,1
231,2500,5,bounded,seqmar,0.15,cc,0.16343110474877817,0.008964911208467083,0.14586020165558325,0.1810020078419731,1
231,2500,5,bounded,seqmar,0.15,seq,0.1637324046209793,0.010573800155033553,0.1430081371373895,0.1844566721045691,1
232,2500,5,bounded,seqmar,0.15,full,0.14564899861575442,0.006891916153373562,0.1321410911706724,0.15915690606083643,1
232,2500,5,bounded,seqmar,0.15,cc,0.15835557382945226,0.008294126447554537,0.14209938470902422,0.1746117629498803,1
232,2500,5,bounded,seqmar,0.15,seq,0.14733108798964517,0.00916892192436166,0.12936033124083662,0.16530184473845372,1
233,2500,5,bounded,seqmar,0.15,full,0.15432189627734205,0.0068473032245499575,0.14090142856599916,0.16774236398868494,1
233,2500,5,bounded,seqmar,0.15,cc,0.15829362110562162,0.008701062422497931,0.14123985213029083,0.1753473900809524,1
233,2500,5,bounded,seqmar,0.15,seq,0.15051862561560994,0.010994952133443082,0.12896891542231967,0.1720683358089002,1
234,2500,5,bounded,seqmar,0.15,full,0.15355208254402383,0.0065553267679545335,0.14070387817194158,0.1664002869161061,1
234,2500,5,bounded,seqmar,0.15,cc,0.16190471955201516,0.007948650684778182,0.1463256504841603,0.17748378861987002,1
234,2500,5,bounded,seqmar,0.15,seq,0.16327565736680025,0.00769716957842606,0.14818948221018782,0.17836183252341267,1
235,2500,5,bounded,seqmar,0.15,full,0.14665400534827777,0.006499950524048376,0.1339143364198507,0.15939367427670484,1
235,2500,5,bounded,seqmar,0.15,cc,0.1459545192124315,0.007919284810102744,0.13043300620131498,0.161476032223548,1
235,2500,5,bounded,seqmar,0.15,seq,0.13334108210366344,0.011328780038864412,0.11113708123871291,0.15554508296861397,1
236,2500,5,bounded,seqmar,0.15,full,0.150491331001159,0.006519966079656211,0.13771243230461,0.163270229697708,1
236,2500,5,bounded,seqmar,0.15,cc,0.15238521134127753,0.008617008982801627,0.13549618408052821,0.16927423860202684,1
236,2500,5,bounded,seqmar,0.15,seq,0.13615476293269252,0.014591031643835373,0.10755686641349092,0.1647526594518941,1
237,2500,5,bounded,seqmar,0.15,full,0.14438217621526173,0.006750705500120116,0.13115103656478985,0.1576133158657336,1
237,2500,5,bounded,seqmar,0.15,cc,0.14814013277745441,0.008478323948728404,0.13152292318868333,0.1647573423662255,1
237,2500,5,bounded,seqmar,0.15,seq,0.14352416748608787,0.008612865493259826,0.1266432613156108,0.16040507365656495,1
238,2500,5,bounded,seqmar,0.15,full,0.14713023804597228,0.006572643487755181,0.1342480935267504,0.16001238256519415,1
238,2500,5,bounded,seqmar,0.15,cc,0.15361949018376872,0.008777818267627836,0.13641528251638038,0.17082369785115706,1
238,2500,5,bounded,seqmar,0.15,seq,0.14273707570516236,0.00955444857091121,0.1240107006140362,0.16146345079628852,1
239,2500,5,bounded,seqmar,0.15,full,0.1524867537153696,0.006668810950399206,0.13941612443288082,0.16555738299785838,1
239,2500,5,bounded,seqmar,0.15,cc,0.1594083541252253,0.007850870067022502,0.14402093154655765,0.17479577670389296,1
239,2500,5,bounded,seqmar,0.15,seq,0.15449863893785387,0.00910637412352476,0.13665047362599783,0.1723468042497099,1
240,2500,5,bounded,seqmar,0.15,full,0.15441026062438137,0.006708365363471933,0.14126210611684042,0.16755841513192232,1
240,2500,5,bounded,seqmar,0.15,cc,0.15360344925264927,0.008925297796848955,0.13611018701953062,0.1710967114857679,1
240,2500,5,bounded,seqmar,0.15,seq,0.16838747326394188,0.009771886712009247,0.14923492724739823,0.18754001928048553,1
241,2500,5,bounded,seqmar,0.15,full,0.16371934620878878,0.006709222043804236,0.15056951263865026,0.1768691797789273,0
241,2500,5,bounded,seqmar,0.15,cc,0.16776831016637356,0.008509932913674054,0.1510891481447204,0.1844474721880267,0
241,2500,5,bounded,seqmar,0.15,seq,0.16527494922355668,0.009393101137015818,0.14686480929186344,0.18368508915524992,1
242,2500,5,bounded,seqmar,0.15,full,0.14762331086187475,0.006585963804089637,0.13471505900237465,0.16053156272137484,1
242,2500,5,bounded,seqmar,0.15,cc,0.155062812138337,0.008369402995029453,0.13865908369597763,0.17146654058069638,1
242,2500,5,bounded,seqmar,0.15,seq,0.15944618025250307,0.010312618735114005,0.1392338189453866,0.17965854155961952,1
243,2500,5,bounded,seqmar,0.15,full,0.15912620634460226,0.006743191633028677,0.1459097936030142,0.1723426190861903,1
243,2500,5,bounded,seqmar,0.15,cc,0.15911032087513036,0.008104581509442176,0.14322563300685442,0.1749950087434063,1
243,2500,5,bounded,seqmar,0.15,seq,0.16004108027654543,0.010978152311967526,0.13852429712829395,0.1815578634247969,1
244,2500,5,bounded,seqmar,0.15,full,0.14688678937933286,0.006591520609111254,0.13396764638212127,0.15980593237654445,1
244,2500,5,bounded,seqmar,0.15,cc,0.15509794542927843,0.007872854726950252,0.13966743370894003,0.17052845714961684,1
244,2500,5,bounded,seqmar,0.15,seq,0.1522572501743121,0.008718002716345092,0.13517027883315336,0.16934422151547085,1
245,2500,5,bounded,seqmar,0.15,full,0.14902449482742222,0.006550049453097178,0.13618663380239548,0.16186235585244896,1
245,2500,5,bounded,seqmar,0.15,cc,0.15678870494939373,0.007861119539917064,0.14138119377299221,0.17219621612579525,1
245,2500,5,bounded,seqmar,0.15,seq,0.14739176650634891,0.008831757385693756,0.13008184011019353,0.1647016929025043,1
246,2500,5,bounded,seqmar,0.15,full,0.16044486970850602,0.006591078214254617,0.1475265937892804,0.17336314562773164,1
246,2500,5,bounded,seqmar,0.15,cc,0.16662501234249796,0.007738117071884637,0.15145858157344955,0.18179144311154638,0
246,2500,5,bounded,seqmar,0.15,seq,0.15995150230646032,0.008135557393866562,0.14400610282032333,0.17589690179259732,1
247,2500,5,bounded,seqmar,0.15,full,0.1526561670444788,0.00653191064228903,0.1398538574353584,0.1654584766535992,1
247,2500,5,bounded,seqmar,0.15,cc,0.14699708372045944,0.008033091795470071,0.1312525131168339,0.162741654324085,1
247,2500,5,bounded,seqmar,0.15,seq,0.14671244615250204,0.007983597792298703,0.1310648820125431,0.16236001029246097,1
248,2500,5,bounded,seqmar,0.15,full,0.15055445394513486,0.00660754390123913,0.1376039058724389,0.16350500201783083,1
248,2500,5,bounded,seqmar,0.15,cc,0.15426172126348447,0.008310013509495277,0.13797439407383244,0.1705490484531365,1
248,2500,5,bounded,seqmar,0.15,seq,0.15565671211674947,0.009017659846267448,0.13798242359323226,0.17333100064026669,1
249,2500,5,bounded,seqmar,0.15,full,0.14831034187211975,0.006556397316849911,0.13546003926275887,0.16116064448148062,1
249,2500,5,bounded,seqmar,0.15,cc,0.1468628753212705,0.008894990532620575,0.12942901423450942,0.16429673640803155,1
249,2500,5,bounded,seqmar,0.15,seq,0.14734272024925274,0.0134061018191906,0.12106724351056226,0.1736181969879432,1
250,2500,5,bounded,seqmar,0.15,full,0.14512298195991025,0.006641355793963041,0.13210616379522627,0.15813980012459422,1
250,2500,5,bounded,seqmar,0.15,cc,0.1507896540611045,0.008301823776182791,0.13451837845378792,0.1670609296684211,1
250,2500,5,bounded,seqmar,0.15,seq,0.1396964808508258,0.009445342521182617,0.12118394968766313,0.1582090120139885,1
251,2500,5,bounded,seqmar,0.15,full,0.15047497527400516,0.0067132850827430245,0.13731717829387885,0.16363277225413148,1
251,2500,5,bounded,seqmar,0.15,cc,0.16560631807836815,0.009035421809108048,0.14789721674738865,0.18331541940934765,1
251,2500,5,bounded,seqmar,0.15,seq,0.15769801762581626,0.010219804000841493,0.13766756985510858,0.17772846539652393,1
252,2500,5,bounded,seqmar,0.15,full,0.14310938529240394,0.006675893017924575,0.13002487541262936,0.15619389517217852,1
252,2500,5,bounded,seqmar,0.15,cc,0.1459869601695585,0.008289894897175798,0.12973906473547156,0.16223485560364545,1
252,2500,5,bounded,seqmar,0.15,seq,0.14691645340678647,0.01266534760556124,0.12209282824820583,0.1717400785653671,1
253,2500,5,bounded,seqmar,0.15,full,0.14862939309778286,0.00658529221916011,0.1357224575205572,0.16153632867500853,1
253,2500,5,bounded,seqmar,0.15,cc,0.14604583326258935,0.008603073852342921,0.12918411835565896,0.16290754816951974,1
253,2500,5,bounded,seqmar,0.15,seq,0.14428313470191298,0.013536381715918368,0.11775231405772649,0.17081395534609947,1
254,2500,5,bounded,seqmar,0.15,full,0.13949513887607778,0.006657750386509613,0.1264461879004613,0.15254408985169426,1
254,2500,5,bounded,seqmar,0.15,cc,0.14483308188275068,0.008218171154261218,0.12872576240161274,0.16094040136388862,1
254,2500,5,bounded,seqmar,0.15,seq,0.1459125878024864,0.00882942580042802,0.12860723122947873,0.16321794437549406,1
255,2500,5,bounded,seqmar,0.15,full,0.15063735138609508,0.006674514148198006,0.13755554404132395,0.1637191587308662,1
255,2500,5,bounded,seqmar,0.15,cc,0.15427421339579658,0.008191374670382699,0.13821941405797283,0.17032901273362033,1
255,2500,5,bounded,seqmar,0.15,seq,0.14291514054260848,0.011821667566572866,0.11974509787492041,0.16608518321029656,1
256,2500,5,bounded,seqmar,0.15,full,0.13970955784849712,0.006728589708715399,0.12652176435266807,0.15289735134432617,1
256,2500,5,bounded,seqmar,0.15,cc,0.15233741484033297,0.008381011276686008,0.13591093458400433,0.16876389509666162,1
256,2500,5,bounded,seqmar,0.15,seq,0.14546239950261625,0.011188911467045428,0.12353253600099999,0.16739226300423252,1
257,2500,5,bounded,seqmar,0.15,full,0.1642823899530834,0.0067278128860228685,0.1510961190017541,0.17746866090441268,0
257,2500,5,bounded,seqmar,0.15,cc,0.16971842188903416,0.008544556639356021,0.15297139861203377,0.18646544516603455,0
257,2500,5,bounded,seqmar,0.15,seq,0.16219873146799357,0.011288190546302828,0.14007428454661452,0.18432317838937262,1
258,2500,5,bounded,seqmar,0.15,full,0.15321624730612993,0.006676446449267608,0.1401306527208551,0.16630184189140476,1
258,2500,5,bounded,seqmar,0.15,cc,0.15138804351492044,0.009113365911624375,0.13352617455020163,0.16924991247963925,1
258,2500,5,bounded,seqmar,0.15,seq,0.1304670972165395,0.01972710171452408,0.09180268833671397,0.16913150609636507,1
259,2500,5,bounded,seqmar,0.15,full,0.14877671812752788,0.006678910614143846,0.13568629386784364,0.16186714238721212,1
259,2500,5,bounded,seqmar,0.15,cc,0.15701687072344847,0.008016388553335394,0.14130503787283194,0.172728703574065,1
259,2500,5,bounded,seqmar,0.15,seq,0.15167413484249423,0.009184296160614232,0.13367324514434084,0.16967502454064762,1
260,2500,5,bounded,seqmar,0.15,full,0.13948131344315287,0.0067197135576678255,0.12631091688369842,0.15265171000260733,1
260,2500,5,bounded,seqmar,0.15,cc,0.15004409602831206,0.00796407238565316,0.13443480098216187,0.16565339107446225,1
260,2500,5,bounded,seqmar,0.15,seq,0.15207200606776752,0.00892716450926312,0.1345750851455476,0.16956892698998743,1
261,2500,5,bounded,seqmar,0.15,full,0.15279118020888188,0.006788941059011662,0.1394851002400538,0.16609726017770995,1
261,2500,5,bounded,seqmar,0.15,cc,0.15682835585161198,0.008843457208915738,0.13949549822331603,0.17416121347990793,1
261,2500,5,bounded,seqmar,0.15,seq,0.1518065300970429,0.008743335612163262,0.13466990719245645,0.16894315300162935,1
262,2500,5,bounded,seqmar,0.15,full,0.13957044451541253,0.006697112244779982,0.12644434571522156,0.1526965433156035,1
262,2500,5,bounded,seqmar,0.15,cc,0.14296736969780335,0.00868074705050183,0.12595341811991748,0.15998132127568923,1
262,2500,5,bounded,seqmar,0.15,seq,0.13491798696055576,0.010872550203152037,0.11360818014227413,0.15622779377883741,1
263,2500,5,bounded,seqmar,0.15,full,0.15702072226750646,0.006540503888378062,0.14420157020554128,0.16983987432947165,1
263,2500,5,bounded,seqmar,0.15,cc,0.15596236756236256,0.008237404248970015,0.13981735190828412,0.172107383216441,1
263,2500,5,bounded,seqmar,0.15,seq,0.14022106970403317,0.010196402699688176,0.12023648764077736,0.16020565176728896,1
264,2500,5,bounded,seqmar,0.15,full,0.15106269394382751,0.006592109007085889,0.1381423977077771,0.16398299017987794,1
264,2500,5,bounded,seqmar,0.15,cc,0.1537381190543183,0.007978307218853675,0.13810092424776918,0.16937531386086743,1
264,2500,5,bounded,seqmar,0.15,seq,0.1592318670497617,0.00940245212860747,0.14080339951132909,0.1776603345881943,1
265,2500,5,bounded,seqmar,0.15,full,0.14905620997184083,0.006907719216010285,0.1355173290931454,0.16259509085053625,1
265,2500,5,bounded,seqmar,0.15,cc,0.1550719541364096,0.008808421125877151,0.1378077659690286,0.17233614230379057,1
265,2500,5,bounded,seqmar,0.15,seq,0.15037572574143956,0.010156057083759164,0.1304702196323387,0.17028123185054042,1
266,2500,5,bounded,seqmar,0.15,full,0.14641822616509123,0.00664352514893094,0.13339715614280048,0.15943929618738198,1
266,2500,5,bounded,seqmar,0.15,cc,0.1525331613838932,0.008223913735272018,0.13641458665079578,0.1686517361169906,1
266,2500,5,bounded,seqmar,0.15,seq,0.1481924627518324,0.008225543268229989,0.13207069419282574,0.16431423131083905,1
267,2500,5,bounded,seqmar,0.15,full,0.171635809029754,0.006515035444437097,0.1588665742006554,0.18440504385885262,0
267,2500,5,bounded,seqmar,0.15,cc,0.17609995751396576,0.007735458076438987,0.16093873828022587,0.19126117674770565,0
267,2500,5,bounded,seqmar,0.15,seq,0.16714715161769172,0.009230142769289473,0.14905640421772157,0.18523789901766188,1
268,2500,5,bounded,seqmar,0.15,full,0.15518831327162444,0.00661547536492289,0.1422222198157636,0.16815440672748527,1
268,2500,5,bounded,seqmar,0.15,cc,0.15380169459429707,0.009786028053617878,0.13462143205750743,0.17298195713108672,1
268,2500,5,bounded,seqmar,0.15,seq,0.13759340523980373,0.0199287549794368,0.09853376322338434,0.17665304725622313,1
269,2500,5,bounded,seqmar,0.15,full,0.15744650078276476,0.006596090760531601,0.1445184004533654,0.17037460111216413,1
269,2500,5,bounded,seqmar,0.15,cc,0.1637338205009126,0.008534387749510788,0.1470067278817716,0.18046091312005358,1
269,2500,5,bounded,seqmar,0.15,seq,0.1625461790076919,0.01076774811699138,0.1414417805037898,0.18365057751159397,1
270,2500,5,bounded,seqmar,0.15,full,0.14253590508604477,0.006743605860048628,0.1293186804744162,0.15575312969767335,1
270,2500,5,bounded,seqmar,0.15,cc,0.13752484836853876,0.00888688254973932,0.12010687863621221,0.1549428181008653,1
270,2500,5,bounded,seqmar,0.15,seq,0.13392160089681795,0.012023024621876504,0.1103569056527017,0.1574862961409342,1
271,2500,5,bounded,seqmar,0.15,full,0.14168292132123478,0.0068119150475186045,0.12833181316235187,0.15503402948011769,1
271,2500,5,bounded,seqmar,0.15,cc,0.1432678754733378,0.008778546743345897,0.12606224001977845,0.16047351092689716,1
271,2500,5,bounded,seqmar,0.15,seq,0.13898732050193285,0.009585111543047411,0.12020084708976078,0.15777379391410493,1
272,2500,5,bounded,seqmar,0.15,full,0.14872812161885157,0.006627419300376592,0.1357386184796678,0.16171762475803533,1
272,2500,5,bounded,seqmar,0.15,cc,0.15639033336509323,0.00798659481819196,0.14073689516232277,0.17204377156786368,1
272,2500,5,bounded,seqmar,0.15,seq,0.1429703691245418,0.009189279872883744,0.12495971152983086,0.16098102671925274,1
273,2500,5,bounded,seqmar,0.15,full,0.15064888929459155,0.006800468261641505,0.1373202164237665,0.16397756216541662,1
273,2500,5,bounded,seqmar,0.15,cc,0.14133122038682527,0.009121003803442771,0.12345438142922459,0.15920805934442595,1
273,2500,5,bounded,seqmar,0.15,seq,0.14197211446121377,0.009879649141581084,0.12260835796382279,0.16133587095860474,1
274,2500,5,bounded,seqmar,0.15,full,0.14887340109597957,0.006520277592693128,0.13609389184509751,0.16165291034686163,1
274,2500,5,bounded,seqmar,0.15,cc,0.15650269902305097,0.008081998334572937,0.1406622733641753,0.17234312468192664,1
274,2500,5,bounded,seqmar,0.15,seq,0.16065767432791195,0.009579579790194326,0.1418820429521033,0.1794333057037206,1
275,2500,5,bounded,seqmar,0.15,full,0.1551259618153716,0.006569312856892034,0.14225034521268728,0.16800157841805594,1
275,2500,5,bounded,seqmar,0.15,cc,0.15626679785868786,0.008474813059828345,0.1396564694857146,0.1728771262316611,1
275,2500,5,bounded,seqmar,0.15,seq,0.14924534335885647,0.010646793317127687,0.1283780119064445,0.17011267481126846,1
276,2500,5,bounded,seqmar,0.15,full,0.15778089433486595,0.006610388666183893,0.14482477062533375,0.17073701804439814,1
276,2500,5,bounded,seqmar,0.15,cc,0.1548213062614054,0.008367834736900736,0.13842065154849675,0.17122196097431402,1
276,2500,5,bounded,seqmar,0.15,seq,0.15436473095500483,0.00915566137770082,0.13641996440006685,0.17230949750994282,1
277,2500,5,bounded,seqmar,0.15,full,0.15886338376462342,0.006778163291969398,0.14557842783103195,0.1721483396982149,1
277,2500,5,bounded,seqmar,0.15,cc,0.1574881691575641,0.009038096799663132,0.13977382494143764,0.17520251337369058,1
277,2500,5,bounded,seqmar,0.15,seq,0.1642445060885898,0.009361211340997565,0.14589686900856666,0.1825921431686129,1
278,2500,5,bounded,seqmar,0.15,full,0.16026812653209335,0.0066443146109245186,0.14724550919272802,0.17329074387145868,1
278,2500,5,bounded,seqmar,0.15,cc,0.1624192571843049,0.008660842753985726,0.14544431731072816,0.17939419705788162,1
278,2500,5,bounded,seqmar,0.15,seq,0.15853111093036287,0.008898749244385893,0.1410898829039135,0.17597233895681225,1
279,2500,5,bounded,seqmar,0.15,full,0.15962263484511297,0.0066773604433097555,0.14653524886443342,0.1727100208257925,1
279,2500,5,bounded,seqmar,0.15,cc,0.16015103315078882,0.01017467317466913,0.1402090401739715,0.18009302612760614,1
279,2500,5,bounded,seqmar,0.15,seq,0.16134865626519326,0.01628177243128027,0.12943696869540677,0.19326034383497975,1
280,2500,5,bounded,seqmar,0.15,full,0.14959502251486478,0.0065687831003259055,0.13672044421597065,0.1624696008137589,1
280,2500,5,bounded,seqmar,0.15,cc,0.15281500987556815,0.007947934671225683,0.13723734416848862,0.16839267558264767,1
280,2500,5,bounded,seqmar,0.15,seq,0.14223756438082333,0.00993471807549761,0.12276587475628893,0.1617092540053577,1
281,2500,5,bounded,seqmar,0.15,full,0.1422468951359072,0.0065913375058293125,0.12932811101453368,0.1551656792572807,1
281,2500,5,bounded,seqmar,0.15,cc,0.152001302083716,0.008258413346801883,0.13581510935453944,0.16818749481289258,1
281,2500,5,bounded,seqmar,0.15,seq,0.1570574747050138,0.009724817381013362,0.13799718288199847,0.17611776652802913,1
282,2500,5,bounded,seqmar,0.15,full,0.1453937409665092,0.00656665999525663,0.13252332387708624,0.15826415805593216,1
282,2500,5,bounded,seqmar,0.15,cc,0.14392480061237717,0.008352083198664083,0.12755501834711347,0.16029458287764087,1
282,2500,5,bounded,seqmar,0.15,seq,0.1476160940377325,0.010422826059158542,0.1271877303446562,0.16804445773080878,1
283,2500,5,bounded,seqmar,0.15,full,0.14254270059715304,0.0066856954759950986,0.12943897825260028,0.1556464229417058,1
283,2500,5,bounded,seqmar,0.15,cc,0.1570823897903452,0.008099695263091587,0.14120727878893602,0.17295750079175437,1
283,2500,5,bounded,seqmar,0.15,seq,0.15455163811464867,0.011047863728372043,0.13289822310093308,0.17620505312836426,1
284,2500,5,bounded,seqmar,0.15,full,0.14878093742131865,0.0067547030659248185,0.13554196268584373,0.16201991215679357,1
284,2500,5,bounded,seqmar,0.15,cc,0.14982758990421913,0.008212205616058893,0.13373196266310614,0.16592321714533212,1
284,2500,5,bounded,seqmar,0.15,seq,0.1469482389693884,0.011256592383597825,0.1248857233088888,0.16901075462988802,1
285,2500,5,bounded,seqmar,0.15,full,0.15803057760372277,0.006635343469980073,0.1450255433775088,0.17103561182993673,1
285,2500,5,bounded,seqmar,0.15,cc,0.1546629757667361,0.008553570493973124,0.1378982856593243,0.1714276658741479,1
285,2500,5,bounded,seqmar,0.15,seq,0.14503947594030325,0.010513911577405692,0.12443258791194939,0.16564636396865712,1
286,2500,5,bounded,seqmar,0.15,full,0.16377544445872808,0.0066647303380949485,0.15071281302939052,0.17683807588806563,0
286,2500,5,bounded,seqmar,0.15,cc,0.16795570238183702,0.007781315850445404,0.15270460356263338,0.18320680120104066,0
286,2500,5,bounded,seqmar,0.15,seq,0.16559838153169806,0.008426935054369488,0.1490818923250758,0.18211487073832033,1
287,2500,5,bounded,seqmar,0.15,full,0.15811936252772618,0.006768368728895593,0.14485360358500368,0.17138512147044868,1
287,2500,5,bounded,seqmar,0.15,cc,0.1621901328843839,0.00820992863432479,0.1460989684454632,0.17828129732330458,1
287,2500,5,bounded,seqmar,0.15,seq,0.1594511184834867,0.009674902835890372,0.14048865737121713,0.17841357959575627,1
288,2500,5,bounded,seqmar,0.15,full,0.1497630275994748,0.006585295294619744,0.136856085994459,0.1626699692044906,1
288,2500,5,bounded,seqmar,0.15,cc,0.14333673592633062,0.009012920997892632,0.12567173537495624,0.161001736477705,1
288,2500,5,bounded,seqmar,0.15,seq,0.14778138109296077,0.010640353006614678,0.1269266724172035,0.16863608976871802,1
289,2500,5,bounded,seqmar,0.15,full,0.1593604155345936,0.006629658386357743,0.1463665238675285,0.1723543072016587,1
289,2500,5,bounded,seqmar,0.15,cc,0.13787606874692326,0.010877209595902684,0.11655712968666053,0.15919500780718598,1
289,2500,5,bounded,seqmar,0.15,seq,0.12602612031222443,0.014415821578617347,0.09777162921057908,0.15428061141386978,1
290,2500,5,bounded,seqmar,0.15,full,0.146845140597556,0.006957314898197969,0.13320905396798402,0.16048122722712796,1
290,2500,5,bounded,seqmar,0.15,cc,0.1449069994728872,0.008564843571808978,0.12812021453892222,0.1616937844068522,1
290,2500,5,bounded,seqmar,0.15,seq,0.1421270330312658,0.010493608222013857,0.12155993884824526,0.16269412721428636,1
291,2500,5,bounded,seqmar,0.15,full,0.1583260383395699,0.00672669891259154,0.14514195073604574,0.17151012594309406,1
291,2500,5,bounded,seqmar,0.15,cc,0.15604178815009692,0.013795816162707506,0.12900248533385464,0.1830810909663392,1
291,2500,5,bounded,seqmar,0.15,seq,0.1441714879029238,0.03154835079893516,0.08233785656537546,0.20600511924047216,1
292,2500,5,bounded,seqmar,0.15,full,0.14720039202702295,0.006685015722947171,0.13409800197396252,0.1603027820800834,1
292,2500,5,bounded,seqmar,0.15,cc,0.15330580916516207,0.008323397542129204,0.13699224975357963,0.1696193685767445,1
292,2500,5,bounded,seqmar,0.15,seq,0.15864710866111129,0.010007664871465592,0.13903244594369205,0.17826177137853053,1
293,2500,5,bounded,seqmar,0.15,full,0.15097306713860884,0.00677677395153969,0.13769083426222187,0.1642553000149958,1
293,2500,5,bounded,seqmar,0.15,cc,0.1644455196531266,0.008179131449912636,0.14841471658647895,0.18047632271977423,1
293,2500,5,bounded,seqmar,0.15,seq,0.17207513070345892,0.013165018669461143,0.14627216825551767,0.19787809315140018,1
294,2500,5,bounded,seqmar,0.15,full,0.15762978824789328,0.006834747734680275,0.14423392884450323,0.17102564765128334,1
294,2500,5,bounded,seqmar,0.15,cc,0.1460651440975788,0.0086985919608278,0.12901621713814665,0.16311407105701092,1
294,2500,5,bounded,seqmar,0.15,seq,0.14596326792481593,0.009325692582992274,0.12768524633125877,0.16424128951837308,1
295,2500,5,bounded,seqmar,0.15,full,0.14719350550239732,0.006557378888208895,0.13434127904852458,0.16004573195627006,1
295,2500,5,bounded,seqmar,0.15,cc,0.15010052449644173,0.007927420103073173,0.1345630666040995,0.16563798238878397,1
295,2500,5,bounded,seqmar,0.15,seq,0.15333510698016808,0.008713357941871228,0.13625723922969443,0.17041297473064174,1
296,2500,5,bounded,seqmar,0.15,full,0.15285349896296177,0.0065688049813141455,0.13997887777811874,0.1657281201478048,1
296,2500,5,bounded,seqmar,0.15,cc,0.15297301097318988,0.008489533698535869,0.13633383067852045,0.1696121912678593,1
296,2500,5,bounded,seqmar,0.15,seq,0.1415609778078101,0.011735713994557867,0.118559401045614,0.1645625545700062,1
297,2500,5,bounded,seqmar,0.15,full,0.1433678214495636,0.0066592215550882895,0.13031598703651773,0.15641965586260945,1
297,2500,5,bounded,seqmar,0.15,cc,0.15391891699392626,0.008883654759703395,0.13650727361381979,0.17133056037403274,1
297,2500,5,bounded,seqmar,0.15,seq,0.14343047772293546,0.010101618011599239,0.12363167023461984,0.16322928521125107,1
298,2500,5,bounded,seqmar,0.15,full,0.1498144837481257,0.006575976352771995,0.13692580693350553,0.16270316056274586,1
298,2500,5,bounded,seqmar,0.15,cc,0.15427029893169622,0.008053557439032017,0.13848561640376883,0.1700549814596236,1
298,2500,5,bounded,seqmar,0.15,seq,0.15212789700365792,0.010370164473593426,0.13180274812165804,0.1724530458856578,1
299,2500,5,bounded,seqmar,0.15,full,0.15339199052146035,0.006622627671315881,0.14041187880266287,0.16637210224025784,1
299,2500,5,bounded,seqmar,0.15,cc,0.15292759796187505,0.008560493850387678,0.1361493383252386,0.1697058575985115,1
299,2500,5,bounded,seqmar,0.15,seq,0.14101508071467664,0.01218838975768919,0.11712627576006895,0.16490388566928432,1
300,2500,5,bounded,seqmar,0.15,full,0.1539671340236973,0.006550491727536316,0.14112840615669855,0.16680586189069604,1
300,2500,5,bounded,seqmar,0.15,cc,0.16080578197362844,0.00828845816788718,0.14456070247720273,0.17705086147005414,1
300,2500,5,bounded,seqmar,0.15,seq,0.15364459038007844,0.010541793041536993,0.13298305568619098,0.1743061250739659,1
301,2500,5,bounded,seqmar,0.15,full,0.15807873623720298,0.006708817220064806,0.14492969610701384,0.17122777636739211,1
301,2500,5,bounded,seqmar,0.15,cc,0.14946280337592607,0.009581572208659385,0.13068326693168378,0.16824233982016837,1
301,2500,5,bounded,seqmar,0.15,seq,0.1488343495384045,0.01589908216196755,0.11767272111370489,0.1799959779631041,1
302,2500,5,bounded,seqmar,0.15,full,0.16713732935489678,0.006716156673062845,0.15397390416116524,0.18030075454862832,0
302,2500,5,bounded,seqmar,0.15,cc,0.17497382634580763,0.008143304411100928,0.15901324298490366,0.1909344097067116,0
302,2500,5,bounded,seqmar,0.15,seq,0.16867505071829278,0.008460856818073842,0.1520920760765179,0.18525802536006766,0
303,2500,5,bounded,seqmar,0.15,full,0.16901050141684584,0.006673235649992056,0.15593119988251267,0.18208980295117902,0
303,2500,5,bounded,seqmar,0.15,cc,0.1727952398096918,0.00848791660628449,0.15615922895759476,0.18943125066178884,0
303,2500,5,bounded,seqmar,0.15,seq,0.16227758024709252,0.0094071379096095,0.1438399287466565,0.18071523174752854,1
304,2500,5,bounded,seqmar,0.15,full,0.14461669882593287,0.006840237180082361,0.1312100803072596,0.15802331734460612,1
304,2500,5,bounded,seqmar,0.15,cc,0.14119398715739806,0.009642705060677598,0.12229463252492785,0.16009334178986828,1
304,2500,5,bounded,seqmar,0.15,seq,0.13703531775758052,0.009983158078041596,0.11746868747264888,0.15660194804251215,1
305,2500,5,bounded,seqmar,0.15,full,0.15959665243665777,0.006609900053869655,0.14664148638966387,0.17255181848365167,1
305,2500,5,bounded,seqmar,0.15,cc,0.16326185093856335,0.007939973299402046,0.14769978923352567,0.17882391264360104,1
305,2500,5,bounded,seqmar,0.15,seq,0.16069082520021108,0.008637078607943388,0.1437624621970007,0.17761918820342146,1
306,2500,5,bounded,seqmar,0.15,full,0.1543671352755583,0.0066083055549085315,0.1414150943891016,0.16731917616201497,1
306,2500,5,bounded,seqmar,0.15,cc,0.16148116928926207,0.008256948448347054,0.14529784770829796,0.17766449087022618,1
306,2500,5,bounded,seqmar,0.15,seq,0.15549035921183063,0.011433117048351317,0.13308186156603116,0.1778988568576301,1
307,2500,5,bounded,seqmar,0.15,full,0.1435318475134717,0.0066036658275073126,0.13058890032561948,0.15647479470132392,1
307,2500,5,bounded,seqmar,0.15,cc,0.14901661234427754,0.00815525387818451,0.1330326084582553,0.1650006162302998,1
307,2500,5,bounded,seqmar,0.15,seq,0.15881392598724273,0.011008260793759748,0.13723813129904933,0.18038972067543613,1
308,2500,5,bounded,seqmar,0.15,full,0.1532375329698057,0.006635824958474519,0.14023155504348364,0.16624351089612774,1
308,2500,5,bounded,seqmar,0.15,cc,0.1531615995913939,0.008460826157498482,0.13657868504324244,0.16974451413954533,1
308,2500,5,bounded,seqmar,0.15,seq,0.16204932003105582,0.008609171046228348,0.14517565484370323,0.1789229852184084,1
309,2500,5,bounded,seqmar,0.15,full,0.14341022521939814,0.006658808230605094,0.1303592009074533,0.156461249531343,1
309,2500,5,bounded,seqmar,0.15,cc,0.1396617394988259,0.008270707776959377,0.12345145012933019,0.15587202886832163,1
309,2500,5,bounded,seqmar,0.15,seq,0.13796033674608818,0.00867783211847365,0.1209520983299949,0.15496857516218146,1
310,2500,5,bounded,seqmar,0.15,full,0.15051196381473447,0.006538941490762392,0.13769587399582553,0.16332805363364342,1
310,2500,5,bounded,seqmar,0.15,cc,0.1489325274560681,0.008445037134753261,0.1323805588238484,0.16548449608828783,1
310,2500,5,bounded,seqmar,0.15,seq,0.13271515454950308,0.010580794797841186,0.1119771778179256,0.15345313128108057,1
311,2500,5,bounded,seqmar,0.15,full,0.15501181856884858,0.00671772436297582,0.1418453207593487,0.16817831637834846,1
311,2500,5,bounded,seqmar,0.15,cc,0.16291701397014163,0.00876385867631346,0.14574016659896838,0.1800938613413149,1
311,2500,5,bounded,seqmar,0.15,seq,0.15389059774226144,0.014132936056046479,0.1261905520766028,0.18159064340792008,1
312,2500,5,bounded,seqmar,0.15,full,0.16074278987259016,0.0065670776623565985,0.14787155417069375,0.17361402557448657,1
312,2500,5,bounded,seqmar,0.15,cc,0.16856593506492928,0.008186368772029747,0.1525209471075876,0.18461092302227097,0
312,2500,5,bounded,seqmar,0.15,seq,0.1678751174020441,0.011290634799445259,0.14574587983253678,0.19000435497155144,1
313,2500,5,bounded,seqmar,0.15,full,0.13842274454559778,0.006714559445304701,0.1252624498607473,0.15158303923044825,1
313,2500,5,bounded,seqmar,0.15,cc,0.14856892190593204,0.007944027710164033,0.13299891370182235,0.16413893011004174,1
313,2500,5,bounded,seqmar,0.15,seq,0.14782499844905364,0.00872639842949964,0.13072157181248745,0.16492842508561983,1
314,2500,5,bounded,seqmar,0.15,full,0.14006935035103607,0.006670072944771707,0.1269962476050285,0.15314245309704363,1
314,2500,5,bounded,seqmar,0.15,cc,0.1445994627338127,0.00821483419197661,0.12849868357857033,0.16070024188905505,1
314,2500,5,bounded,seqmar,0.15,seq,0.13924484226069983,0.010346326155066936,0.11896641562446386,0.1595232688969358,1
315,2500,5,bounded,seqmar,0.15,full,0.1488362563092498,0.006692815812589902,0.1357185783614134,0.16195393425708618,1
315,2500,5,bounded,seqmar,0.15,cc,0.1487095823555264,0.008082896395725334,0.13286739652913612,0.16455176818191666,1
315,2500,5,bounded,seqmar,0.15,seq,0.16193412543583263,0.011973321461503851,0.1384668465959646,0.18540140427570068,1
316,2500,5,bounded,seqmar,0.15,full,0.14333833066684948,0.006690925095723347,0.13022435845597652,0.15645230287772244,1
316,2500,5,bounded,seqmar,0.15,cc,0.13867585587404538,0.009118463329933543,0.12080399615302646,0.1565477155950643,1
316,2500,5,bounded,seqmar,0.15,seq,0.13637540752226873,0.012067889105354017,0.11272277950635157,0.1600280355381859,1
317,2500,5,bounded,seqmar,0.15,full,0.14119661823392407,0.006480612447787331,0.12849485123849894,0.1538983852293492,1
317,2500,5,bounded,seqmar,0.15,cc,0.1451670416002206,0.00882639475337222,0.12786762577027774,0.16246645743016344,1
317,2500,5,bounded,seqmar,0.15,seq,0.14708258261236548,0.016324171592857553,0.11508779421291283,0.17907737101181814,1
318,2500,5,bounded,seqmar,0.15,full,0.1539333463972185,0.0066331321437047615,0.14093264629086222,0.1669340465035748,1
318,2500,5,bounded,seqmar,0.15,cc,0.159660735085472,0.007796517846890635,0.14437984090074257,0.1749416292702014,1
318,2500,5,bounded,seqmar,0.15,seq,0.15989744204511522,0.008623708199130218,0.1429952845616372,0.17679959952859323,1
319,2500,5,bounded,seqmar,0.15,full,0.14599462809336974,0.006661422834036628,0.13293847925286523,0.15905077693387426,1
319,2500,5,bounded,seqmar,0.15,cc,0.14763248678776666,0.007948465148508374,0.13205378136431845,0.16321119221121488,1
319,2500,5,bounded,seqmar,0.15,seq,0.14623685467598535,0.008433750958449978,0.12970700654284323,0.16276670280912747,1
320,2500,5,bounded,seqmar,0.15,full,0.163326186527188,0.0068803781658649706,0.1498408931220769,0.1768114799322991,1
320,2500,5,bounded,seqmar,0.15,cc,0.1651866361412871,0.008580119298372085,0.14836991133342073,0.18200336094915345,1
320,2500,5,bounded,seqmar,0.15,seq,0.1569223444709204,0.0101969584184274,0.1369366732189502,0.1769080157228906,1
321,2500,5,bounded,seqmar,0.15,full,0.1508471365331342,0.0066830393875572415,0.13774862002625937,0.16394565304000902,1
321,2500,5,bounded,seqmar,0.15,cc,0.1593931986713339,0.008226995795257689,0.14326858321166636,0.17551781413100143,1
321,2500,5,bounded,seqmar,0.15,seq,0.1560378342726773,0.010177123853015146,0.13609103805456413,0.1759846304907905,1
322,2500,5,bounded,seqmar,0.15,full,0.14107720468364743,0.006534536374665476,0.12826974873363617,0.1538846606336587,1
322,2500,5,bounded,seqmar,0.15,cc,0.13938604735939755,0.008154281300055403,0.12340394969148051,0.1553681450273146,1
322,2500,5,bounded,seqmar,0.15,seq,0.12198710356324936,0.0130199142787729,0.09646854049505568,0.14750566663144304,0
323,2500,5,bounded,seqmar,0.15,full,0.15114950195916552,0.006445146234068955,0.1385172474652964,0.16378175645303464,1
323,2500,5,bounded,seqmar,0.15,cc,0.15685344433352827,0.009050031488211008,0.13911570855768127,0.17459118010937527,1
323,2500,5,bounded,seqmar,0.15,seq,0.16011631716769606,0.011290885217614226,0.13798658878759648,0.18224604554779564,1
324,2500,5,bounded,seqmar,0.15,full,0.15951095347836264,0.006608737936234862,0.14655806514007874,0.17246384181664653,1
324,2500,5,bounded,seqmar,0.15,cc,0.16198077382019951,0.008387144070124058,0.1455422735096077,0.17841927413079134,1
324,2500,5,bounded,seqmar,0.15,seq,0.15956041571982274,0.011530850278737905,0.1369603644623728,0.18216046697727267,1
325,2500,5,bounded,seqmar,0.15,full,0.16117718802775863,0.006731411171387762,0.14798386456670803,0.17437051148880922,1
325,2500,5,bounded,seqmar,0.15,cc,0.16388171761661594,0.008393335843004847,0.1474310816541773,0.18033235357905458,1
325,2500,5,bounded,seqmar,0.15,seq,0.1521487468520881,0.011875923508109225,0.12887236449304146,0.17542512921113473,1
326,2500,5,bounded,seqmar,0.15,full,0.15249519703055553,0.006866786389746146,0.13903654301712326,0.1659538510439878,1
326,2500,5,bounded,seqmar,0.15,cc,0.1580477944328831,0.0084924581092261,0.14140288239858484,0.17469270646718138,1
326,2500,5,bounded,seqmar,0.15,seq,0.16391977147503609,0.010094330716581954,0.14413524682249906,0.1837042961275731,1
327,2500,5,bounded,seqmar,0.15,full,0.13941593563834645,0.00652385777808008,0.126629409353048,0.1522024619236449,1
327,2500,5,bounded,seqmar,0.15,cc,0.10588482179681327,0.02381710633670551,0.059204151160909775,0.15256549243271678,1
327,2500,5,bounded,seqmar,0.15,seq,0.07052845057619958,0.04358647056028825,-0.014899461935180741,0.1559563630875799,1
328,2500,5,bounded,seqmar,0.15,full,0.15539370622010018,0.006679624795998476,0.14230188218970247,0.1684855302504979,1
328,2500,5,bounded,seqmar,0.15,cc,0.1598908008725666,0.008005832349727085,0.14419965780083585,0.17558194394429735,1
328,2500,5,bounded,seqmar,0.15,seq,0.16404595897201407,0.009069230655143097,0.146270593520447,0.18182132442358115,1
329,2500,5,bounded,seqmar,0.15,full,0.15452361511939924,0.006547169990566678,0.1416913977372271,0.16735583250157138,1
329,2500,5,bounded,seqmar,0.15,cc,0.15639530258208104,0.008304648744510786,0.14011849013858413,0.17267211502557794,1
329,2500,5,bounded,seqmar,0.15,seq,0.14961271217312072,0.010965957091623808,0.12811983121752646,0.17110559312871498,1
330,2500,5,bounded,seqmar,0.15,full,0.14956719187291928,0.0065142372249936496,0.13679952152518157,0.162334862220657,1
330,2500,5,bounded,seqmar,0.15,cc,0.15063034757484978,0.011129055328391145,0.12881779994924955,0.17244289520045,1
330,2500,5,bounded,seqmar,0.15,seq,0.14135638737574382,0.018886473195312153,0.10433958011795089,0.17837319463353676,1
331,2500,5,bounded,seqmar,0.15,full,0.14568409553249861,0.006514679238745814,0.132915558853726,0.15845263221127123,1
331,2500,5,bounded,seqmar,0.15,cc,0.1388271368425173,0.009540112238575505,0.12012886044643951,0.1575254132385951,1
331,2500,5,bounded,seqmar,0.15,seq,0.1504773670285985,0.013748119228978412,0.12353154848463825,0.1774231855725588,1
332,2500,5,bounded,seqmar,0.15,full,0.14770045100734003,0.006806611910501348,0.134359736806016,0.16104116520866404,1
332,2500,5,bounded,seqmar,0.15,cc,0.15590549767717918,0.008391685425086023,0.13945809647442087,0.1723528988799375,1
332,2500,5,bounded,seqmar,0.15,seq,0.15170887564874316,0.009132493983655503,0.13380951635174965,0.16960823494573668,1
333,2500,5,bounded,seqmar,0.15,full,0.14754597826261343,0.006904295314135894,0.13401380810827843,0.16107814841694842,1
333,2500,5,bounded,seqmar,0.15,cc,0.1479197685658234,0.009476261012299867,0.1293466382736146,0.1664928988580322,1
333,2500,5,bounded,seqmar,0.15,seq,0.141464876330297,0.011158534880434232,0.11959454984441195,0.16333520281618205,1
334,2500,5,bounded,seqmar,0.15,full,0.150220766778874,0.006867444494064758,0.13676082290467917,0.16368071065306883,1
334,2500,5,bounded,seqmar,0.15,cc,0.16125113948450426,0.008524947764820382,0.14454254889537108,0.17795973007363744,1
334,2500,5,bounded,seqmar,0.15,seq,0.1553466922097578,0.011822430495166868,0.1321751542295027,0.1785182301900129,1
335,2500,5,bounded,seqmar,0.15,full,0.15183727587458437,0.006706770284423544,0.13869224766453078,0.16498230408463796,1
335,2500,5,bounded,seqmar,0.15,cc,0.15809731319697803,0.00812431888348668,0.14217394078642548,0.1740206856075306,1
335,2500,5,bounded,seqmar,0.15,seq,0.1607573261948175,0.008801213478856562,0.14350726475601017,0.17800738763362484,1
336,2500,5,bounded,seqmar,0.15,full,0.15455540855621672,0.006736989364776617,0.14135115203702517,0.16775966507540827,1
336,2500,5,bounded,seqmar,0.15,cc,0.16675132471185405,0.00808318188387946,0.15090857933896368,0.18259407008474443,0
336,2500,5,bounded,seqmar,0.15,seq,0.17537200028662467,0.011279905031072117,0.15326379267669116,0.19748020789655818,0
337,2500,5,bounded,seqmar,0.15,full,0.1444862802166455,0.0066570003848286895,0.131438799217312,0.157533761215979,1
337,2500,5,bounded,seqmar,0.15,cc,0.14579807412199325,0.008643295322871699,0.12885752658142122,0.16273862166256528,1
337,2500,5,bounded,seqmar,0.15,seq,0.14777586182470717,0.009455729329950875,0.1292429728904444,0.16630875075896995,1
338,2500,5,bounded,seqmar,0.15,full,0.1576495978104985,0.0064811938708026606,0.14494669124690354,0.17035250437409347,1
338,2500,5,bounded,seqmar,0.15,cc,0.1611372470933335,0.008111698024880784,0.14523861111110248,0.1770358830755645,1
338,2500,5,bounded,seqmar,0.15,seq,0.1592853223208923,0.008563043083518589,0.14250206627913103,0.17606857836265355,1
339,2500,5,bounded,seqmar,0.15,full,0.1473135259193198,0.006545523775234364,0.1344845350599098,0.1601425167787298,1
339,2500,5,bounded,seqmar,0.15,cc,0.15703815480941732,0.0076504283586300015,0.14204359076019865,0.172032718858636,1
339,2500,5,bounded,seqmar,0.15,seq,0.15884822646946045,0.01007462281875009,0.13910232858688487,0.17859412435203603,1
340,2500,5,bounded,seqmar,0.15,full,0.15181187122334494,0.006630361348263181,0.13881660177626268,0.1648071406704272,1
340,2500,5,bounded,seqmar,0.15,cc,0.15546337222344922,0.007832085182452042,0.1401127673419934,0.17081397710490503,1
340,2500,5,bounded,seqmar,0.15,seq,0.15673100441158166,0.009358593960097408,0.13838849730385666,0.17507351151930667,1
341,2500,5,bounded,seqmar,0.15,full,0.14575472280821558,0.0066001224889653655,0.13281872043629062,0.15869072518014055,1
341,2500,5,bounded,seqmar,0.15,cc,0.14586195721880518,0.008218840355563094,0.12975332612721716,0.1619705883103932,1
341,2500,5,bounded,seqmar,0.15,seq,0.15103177317279015,0.009150681900699446,0.13309676621343672,0.16896678013214358,1
342,2500,5,bounded,seqmar,0.15,full,0.15179139002206554,0.006552203479891918,0.13894930718209936,0.16463347286203173,1
342,2500,5,bounded,seqmar,0.15,cc,0.152066446159733,0.007978466081543971,0.1364289399880324,0.1677039523314336,1
342,2500,5,bounded,seqmar,0.15,seq,0.14922797963729767,0.008458258031762738,0.13265009852309606,0.16580586075149928,1
343,2500,5,bounded,seqmar,0.15,full,0.13753872807519593,0.006596976670356611,0.124608891394446,0.15046856475594586,1
343,2500,5,bounded,seqmar,0.15,cc,0.1417717114996425,0.008010566916024807,0.12607128884848579,0.1574721341507992,1
343,2500,5,bounded,seqmar,0.15,seq,0.13522733981674664,0.009581014240648158,0.11644889696971088,0.1540057826637824,1
344,2500,5,bounded,seqmar,0.15,full,0.13636834100042536,0.006693545298714712,0.12324923328605712,0.14948744871479358,0
344,2500,5,bounded,seqmar,0.15,cc,0.14313726377077246,0.008476658652188608,0.12652331810324297,0.15975120943830196,1
344,2500,5,bounded,seqmar,0.15,seq,0.13049234715564698,0.009727454504650993,0.11142688666527911,0.14955780764601484,0
345,2500,5,bounded,seqmar,0.15,full,0.15653030919446953,0.006610818195792655,0.14357334362237387,0.1694872747665652,1
345,2500,5,bounded,seqmar,0.15,cc,0.16407977397396203,0.008257339110896687,0.14789568670847053,0.18026386123945354,1
345,2500,5,bounded,seqmar,0.15,seq,0.1550753334692279,0.011846778807859466,0.13185607367301097,0.1782945932654448,1
346,2500,5,bounded,seqmar,0.15,full,0.15706052592258996,0.00676845509656504,0.1437945977023459,0.170326454142834,1
346,2500,5,bounded,seqmar,0.15,cc,0.15507883341392206,0.009589441780326982,0.13628387289263752,0.1738737939352066,1
346,2500,5,bounded,seqmar,0.15,seq,0.1435645738963357,0.01483137456230683,0.1144956139129908,0.17263353387968058,1
347,2500,5,bounded,seqmar,0.15,full,0.15845387867576352,0.006817457731588199,0.14509190705572653,0.17181585029580052,1
347,2500,5,bounded,seqmar,0.15,cc,0.16926144900399615,0.008201825264900195,0.15318616687730108,0.1853367311306912,0
347,2500,5,bounded,seqmar,0.15,seq,0.16612055159143901,0.009335151352818913,0.1478239911496836,0.18441711203319444,1
348,2500,5,bounded,seqmar,0.15,full,0.15518695091386334,0.006714771274070152,0.1420262410522617,0.16834766077546498,1
348,2500,5,bounded,seqmar,0.15,cc,0.15890264472931812,0.008670757997493906,0.1419082713355674,0.17589701812306882,1
348,2500,5,bounded,seqmar,0.15,seq,0.15302558768224722,0.012695375468261398,0.12814310899424156,0.1779080663702529,1
349,2500,5,bounded,seqmar,0.15,full,0.15364935097817983,0.0065254228774396066,0.14085975715450447,0.1664389448018552,1
349,2500,5,bounded,seqmar,0.15,cc,0.16315954598011395,0.008551449339658677,0.14639901325876412,0.1799200787014638,1
349,2500,5,bounded,seqmar,0.15,seq,0.16251726818698672,0.009491175902815795,0.14391490524653333,0.18111963112744012,1
350,2500,5,bounded,seqmar,0.15,full,0.14817204102466347,0.006785421064220594,0.13487286011885166,0.16147122193047528,1
350,2500,5,bounded,seqmar,0.15,cc,0.1463165525982065,0.009248643184720578,0.12818954505029234,0.16444356014612066,1
350,2500,5,bounded,seqmar,0.15,seq,0.12470801963777994,0.013735537910421737,0.09778686002506878,0.1516291792504911,1
351,2500,5,bounded,seqmar,0.15,full,0.15030954938387175,0.00666410541588744,0.13724814277955405,0.16337095598818946,1
351,2500,5,bounded,seqmar,0.15,cc,0.15495218932161697,0.00844634122790349,0.1383976647137903,0.17150671392944364,1
351,2500,5,bounded,seqmar,0.15,seq,0.15147827599671937,0.010138302825369445,0.1316075675946346,0.17134898439880414,1
352,2500,5,bounded,seqmar,0.15,full,0.1541554965116485,0.006744057743793752,0.1409373862241543,0.1673736067991427,1
352,2500,5,bounded,seqmar,0.15,cc,0.157161535888487,0.008467541180061927,0.14056546013795584,0.17375761163901815,1
352,2500,5,bounded,seqmar,0.15,seq,0.1561732440543989,0.011112644785073266,0.13439286050266844,0.17795362760612934,1
353,2500,5,bounded,seqmar,0.15,full,0.1529644497840936,0.006692281243784184,0.13984781957186368,0.16608107999632352,1
353,2500,5,bounded,seqmar,0.15,cc,0.14755385085508077,0.009814223191094899,0.128318326864297,0.16678937484586454,1
353,2500,5,bounded,seqmar,0.15,seq,0.12332918081119505,0.014140475837483154,0.09561435744546921,0.15104400417692088,1
354,2500,5,bounded,seqmar,0.15,full,0.14233670786489425,0.006565388054583604,0.1294687837333809,0.1552046319964076,1
354,2500,5,bounded,seqmar,0.15,cc,0.1493994082723005,0.00817221200567775,0.13338216706714628,0.1654166494774547,1
354,2500,5,bounded,seqmar,0.15,seq,0.14053709593255673,0.009741964813605387,0.12144319575923371,0.15963099610587975,1
355,2500,5,bounded,seqmar,0.15,full,0.15020335742822657,0.006708212767484124,0.13705550200332592,0.16335121285312723,1
355,2500,5,bounded,seqmar,0.15,cc,0.14771732122994122,0.008235647942462758,0.13157574787336282,0.16385889458651962,1
355,2500,5,bounded,seqmar,0.15,seq,0.13965567293335135,0.012803412066959476,0.11456144640288524,0.16474989946381746,1
356,2500,5,bounded,seqmar,0.15,full,0.15774932096428285,0.006442891492666061,0.14512148568235786,0.17037715624620783,1
356,2500,5,bounded,seqmar,0.15,cc,0.1640622223131798,0.007777524557295796,0.14881855429200422,0.17930589033435537,1
356,2500,5,bounded,seqmar,0.15,seq,0.1554449371115717,0.008533435330286903,0.13871971119980772,0.17217016302333568,1
357,2500,5,bounded,seqmar,0.15,full,0.14688488943791722,0.0067365991330578835,0.13368139775884003,0.16008838111699442,1
357,2500,5,bounded,seqmar,0.15,cc,0.15503237585371654,0.0096133959650209,0.1361904659931529,0.17387428571428018,1
357,2500,5,bounded,seqmar,0.15,seq,0.14546033533289662,0.011993747176331768,0.1219530228276074,0.16896764783818585,1
358,2500,5,bounded,seqmar,0.15,full,0.15443952789662654,0.006633429522180259,0.1414382449391685,0.16744081085408458,1
358,2500,5,bounded,seqmar,0.15,cc,0.16629199303816086,0.008329233138327953,0.14996699606820055,0.18261699000812118,1
358,2500,5,bounded,seqmar,0.15,seq,0.1571596143439287,0.009041067148048948,0.1394394483519445,0.1748797803359129,1
359,2500,5,bounded,seqmar,0.15,full,0.1474016789050133,0.006612939741640614,0.13444055517946407,0.16036280263056252,1
359,2500,5,bounded,seqmar,0.15,cc,0.15170327566064215,0.007929336324626779,0.13616206204306847,0.16724448927821584,1
359,2500,5,bounded,seqmar,0.15,seq,0.14637189981995574,0.008739945439996089,0.12924192153071834,0.16350187810919314,1
360,2500,5,bounded,seqmar,0.15,full,0.14846077046661,0.006745360950283219,0.135240105941332,0.16168143499188797,1
360,2500,5,bounded,seqmar,0.15,cc,0.14994513802623177,0.008358454534621036,0.13356286817195903,0.1663274078805045,1
360,2500,5,bounded,seqmar,0.15,seq,0.14321669573756463,0.00883983766279537,0.12589093228930498,0.16054245918582427,1
361,2500,5,bounded,seqmar,0.15,full,0.15646802003668492,0.006667015063876458,0.14340091062710106,0.16953512944626878,1
361,2500,5,bounded,seqmar,0.15,cc,0.1689890535419717,0.008117728893836561,0.15307859727379186,0.18489950981015152,0
361,2500,5,bounded,seqmar,0.15,seq,0.15324597617109528,0.009422725517554527,0.13477777352048187,0.1717141788217087,1
362,2500,5,bounded,seqmar,0.15,full,0.15119504491231167,0.006648765887427733,0.13816370323131483,0.16422638659330852,1
362,2500,5,bounded,seqmar,0.15,cc,0.15954345826500863,0.00833192091082424,0.14321319335775695,0.1758737231722603,1
362,2500,5,bounded,seqmar,0.15,seq,0.15652575142515826,0.008570098154237364,0.13972866769887984,0.17332283515143668,1
363,2500,5,bounded,seqmar,0.15,full,0.15479928305647195,0.006630790148125843,0.14180317317710228,0.16779539293584161,1
363,2500,5,bounded,seqmar,0.15,cc,0.16586378233237514,0.008442028070123807,0.1493177113584563,0.18240985330629397,1
363,2500,5,bounded,seqmar,0.15,seq,0.1662281655632189,0.01027137933441825,0.14609663199621015,0.18635969913022765,1
364,2500,5,bounded,seqmar,0.15,full,0.144126141067647,0.006463183412813351,0.13145853435305618,0.15679374778223784,1
364,2500,5,bounded,seqmar,0.15,cc,0.13892883842770012,0.008177884168897344,0.12290047998692105,0.1549571968684792,1
364,2500,5,bounded,seqmar,0.15,seq,0.1350024985806077,0.009302659976214404,0.11676962006680523,0.15323537709441015,1
365,2500,5,bounded,seqmar,0.15,full,0.15651433896670305,0.006638622986619717,0.14350287700598868,0.16952580092741742,1
365,2500,5,bounded,seqmar,0.15,cc,0.16413865646814774,0.007921501715485908,0.1486127984023231,0.17966451453397236,1
365,2500,5,bounded,seqmar,0.15,seq,0.1678871143593029,0.009327215025826003,0.1496061088326231,0.1861681198859827,1
366,2500,5,bounded,seqmar,0.15,full,0.15900492099706431,0.006612891763391087,0.14604389130715623,0.1719659506869724,1
366,2500,5,bounded,seqmar,0.15,cc,0.15931031867039647,0.00818874971243142,0.14326066415561817,0.17535997318517477,1
366,2500,5,bounded,seqmar,0.15,seq,0.15355408498506976,0.0100437336896346,0.13386872868307434,0.17323944128706517,1
367,2500,5,bounded,seqmar,0.15,full,0.15308415019510416,0.006671603649673742,0.14000804732261765,0.16616025306759066,1
367,2500,5,bounded,seqmar,0.15,cc,0.15545072804899845,0.008470983300745364,0.13884790586589732,0.1720535502320996,1
367,2500,5,bounded,seqmar,0.15,seq,0.15467221653969818,0.00941007806744902,0.13622880243578783,0.17311563064360852,1
368,2500,5,bounded,seqmar,0.15,full,0.15110760920481425,0.00656714152287266,0.13823624833860632,0.1639789700710222,1
368,2500,5,bounded,seqmar,0.15,cc,0.15556141495887613,0.0079545071932555,0.13997086734533054,0.1711519625724217,1
368,2500,5,bounded,seqmar,0.15,seq,0.14590619715160802,0.009409588092524318,0.1274637433809034,0.16434865092231263,1
369,2500,5,bounded,seqmar,0.15,full,0.144173605298625,0.0066650825617087794,0.13111028352368984,0.15723692707356016,1
369,2500,5,bounded,seqmar,0.15,cc,0.14681422898156973,0.009175606974360281,0.12883036977552906,0.1647980881876104,1
369,2500,5,bounded,seqmar,0.15,seq,0.12560996753504527,0.016772801283158147,0.09273588110020811,0.15848405396988244,1
370,2500,5,bounded,seqmar,0.15,full,0.13928550187158886,0.006775283359150214,0.1260061905026009,0.15256481324057683,1
370,2500,5,bounded,seqmar,0.15,cc,0.13892210152422563,0.009031565450084737,0.12122055851804325,0.156623644530408,1
370,2500,5,bounded,seqmar,0.15,seq,0.14073159418819867,0.009414559732244664,0.12227939618269806,0.15918379219369927,1
371,2500,5,bounded,seqmar,0.15,full,0.14931299023335806,0.006552702833861956,0.13646992867759508,0.16215605178912104,1
371,2500,5,bounded,seqmar,0.15,cc,0.15168845409302392,0.007487955341880545,0.13701233130509374,0.1663645768809541,1
371,2500,5,bounded,seqmar,0.15,seq,0.14846686640493323,0.008369331679954056,0.13206327773755316,0.1648704550723133,1
372,2500,5,bounded,seqmar,0.15,full,0.15596342163695562,0.0065935080898931984,0.14304038324899146,0.16888646002491978,1
372,2500,5,bounded,seqmar,0.15,cc,0.16066753831496444,0.008133404804747345,0.14472635782597462,0.17660871880395426,1
372,2500,5,bounded,seqmar,0.15,seq,0.16047952152124625,0.010130175410218212,0.1406247425601453,0.18033430048234722,1
373,2500,5,bounded,seqmar,0.15,full,0.15850583975148716,0.0066772590685174205,0.14541865246174954,0.17159302704122478,1
373,2500,5,bounded,seqmar,0.15,cc,0.15416281433455417,0.008927286760485193,0.13666565380434195,0.1716599748647664,1
373,2500,5,bounded,seqmar,0.15,seq,0.15139412558075288,0.010568467153998245,0.1306803105871218,0.17210794057438397,1
374,2500,5,bounded,seqmar,0.15,full,0.13979293104705642,0.006576066509784619,0.12690407752793856,0.1526817845661743,1
374,2500,5,bounded,seqmar,0.15,cc,0.1461034790189855,0.008177065204787774,0.13007672571836582,0.16213023231960516,1
374,2500,5,bounded,seqmar,0.15,seq,0.13414768035676047,0.009463189298295198,0.11560017015321702,0.15269519056030392,1
375,2500,5,bounded,seqmar,0.15,full,0.143767913662468,0.00661704194248705,0.13079874977100242,0.15673707755393357,1
375,2500,5,bounded,seqmar,0.15,cc,0.14803559604710428,0.009004130486272606,0.13038782458191084,0.16568336751229773,1
375,2500,5,bounded,seqmar,0.15,seq,0.1450232209850477,0.009373809206034723,0.12665089254326964,0.16339554942682574,1
376,2500,5,bounded,seqmar,0.15,full,0.15594709928547035,0.006356098179489135,0.14348937577147103,0.16840482279946967,1
376,2500,5,bounded,seqmar,0.15,cc,0.16123443615889738,0.007643505835976201,0.14625344000476231,0.17621543231303244,1
376,2500,5,bounded,seqmar,0.15,seq,0.15492714586243567,0.009708708421891822,0.135898427019127,0.17395586470574434,1
377,2500,5,bounded,seqmar,0.15,full,0.14699503120005267,0.006615985528674056,0.13402793784161332,0.159962124558492,1
377,2500,5,bounded,seqmar,0.15,cc,0.15099079110478833,0.008129695384150705,0.13505688094657142,0.16692470126300524,1
377,2500,5,bounded,seqmar,0.15,seq,0.1464318019037134,0.00860629471737468,0.1295637742173217,0.1632998295901051,1
378,2500,5,bounded,seqmar,0.15,full,0.14111958117464501,0.006585706150390674,0.12821183430711536,0.15402732804217467,1
378,2500,5,bounded,seqmar,0.15,cc,0.14124462751649489,0.008351224856415112,0.12487652757112558,0.1576127274618642,1
378,2500,5,bounded,seqmar,0.15,seq,0.15274078494778406,0.009089291810897904,0.13492610035344932,0.1705554695421188,1
379,2500,5,bounded,seqmar,0.15,full,0.12776519792136973,0.00656748189646632,0.11489316993517693,0.14063722590756253,0
379,2500,5,bounded,seqmar,0.15,cc,0.13683806351463418,0.008991739946368104,0.11921457706140258,0.1544615499678658,1
379,2500,5,bounded,seqmar,0.15,seq,0.1305699874757996,0.010882853284605745,0.1092399869889389,0.15189998796266027,1
380,2500,5,bounded,seqmar,0.15,full,0.13756299732651736,0.006673335754936647,0.12448349959009812,0.1506424950629366,1
380,2500,5,bounded,seqmar,0.15,cc,0.1406324926443654,0.008436012173437037,0.12409821261128734,0.15716677267744344,1
380,2500,5,bounded,seqmar,0.15,seq,0.12817269783315097,0.013444454539131798,0.1018220511446666,0.15452334452163535,1
381,2500,5,bounded,seqmar,0.15,full,0.14556155823063133,0.006685732775941836,0.13245776277952634,0.15866535368173632,1
381,2500,5,bounded,seqmar,0.15,cc,0.1604703416659924,0.008074788783531302,0.14464404646750303,0.17629663686448174,1
381,2500,5,bounded,seqmar,0.15,seq,0.157025261474022,0.008645357964957176,0.14008067122924944,0.17396985171879453,1
382,2500,5,bounded,seqmar,0.15,full,0.15224444121201947,0.006711648097827708,0.1390898526633704,0.16539902976066853,1
382,2500,5,bounded,seqmar,0.15,cc,0.15614871961800647,0.008429206554160745,0.13962777835360243,0.1726696608824105,1
382,2500,5,bounded,seqmar,0.15,seq,0.15587071245369621,0.011465562782343857,0.1333986223378194,0.17834280256957302,1
383,2500,5,bounded,seqmar,0.15,full,0.14820557551710553,0.006672233326671583,0.13512823850038136,0.1612829125338297,1
383,2500,5,bounded,seqmar,0.15,cc,0.14049329582675482,0.008444022660568023,0.12394331552740141,0.15704327612610824,1
383,2500,5,bounded,seqmar,0.15,seq,0.13807570567517233,0.009078737785876374,0.12028170658977172,0.15586970476057294,1
384,2500,5,bounded,seqmar,0.15,full,0.14912926969398674,0.006525937347591387,0.13633866752734278,0.1619198718606307,1
384,2500,5,bounded,seqmar,0.15,cc,0.1518653342628236,0.00829065484348257,0.1356159493613452,0.16811471916430198,1
384,2500,5,bounded,seqmar,0.15,seq,0.1553550819144353,0.010372284887087215,0.13502577709835528,0.17568438673051534,1
385,2500,5,bounded,seqmar,0.15,full,0.14114206422068573,0.006655269014059577,0.12809797664570358,0.1541861517956679,1
385,2500,5,bounded,seqmar,0.15,cc,0.1540807672854237,0.007824020817973024,0.13874596826790495,0.16941556630294244,1
385,2500,5,bounded,seqmar,0.15,seq,0.1561262730708541,0.010018536113592975,0.136490303110398,0.17576224303131022,1
386,2500,5,bounded,seqmar,0.15,full,0.15053505554799448,0.006666081896949952,0.13746977511197814,0.16360033598401083,1
386,2500,5,bounded,seqmar,0.15,cc,0.15648967047397258,0.008110347248665859,0.14059368196447397,0.1723856589834712,1
386,2500,5,bounded,seqmar,0.15,seq,0.1502479150082044,0.008845734688208201,0.13291059360251967,0.16758523641388912,1
387,2500,5,bounded,seqmar,0.15,full,0.13843995206157567,0.006586123196422965,0.12553138779884285,0.15134851632430849,1
387,2500,5,bounded,seqmar,0.15,cc,0.14496876292378275,0.008625750003027913,0.12806260357820176,0.16187492226936373,1
387,2500,5,bounded,seqmar,0.15,seq,0.15183679032362976,0.010458729990492098,0.1313380562182363,0.17233552442902322,1
388,2500,5,bounded,seqmar,0.15,full,0.14301798483719944,0.0067548705839357145,0.12977868177245638,0.1562572879019425,1
388,2500,5,bounded,seqmar,0.15,cc,0.14596648095166942,0.008528993826787457,0.12924996022680155,0.1626830016765373,1
388,2500,5,bounded,seqmar,0.15,seq,0.14506449697774193,0.00981862275095675,0.12582035000808112,0.16430864394740274,1
389,2500,5,bounded,seqmar,0.15,full,0.1397780364881381,0.006593013343745657,0.12685596778480462,0.1527001051914716,1
389,2500,5,bounded,seqmar,0.15,cc,0.14792621640667236,0.008345480518085648,0.13156937515754383,0.1642830576558009,1
389,2500,5,bounded,seqmar,0.15,seq,0.1482237293046436,0.009169693161354906,0.13025146095910473,0.16619599765018245,1
390,2500,5,bounded,seqmar,0.15,full,0.14923918356117546,0.006828879785654273,0.13585482512653949,0.16262354199581144,1
390,2500,5,bounded,seqmar,0.15,cc,0.14895163428332936,0.008988056755655985,0.1313353667512417,0.16656790181541703,1
390,2500,5,bounded,seqmar,0.15,seq,0.1431474959364262,0.011651764812283315,0.1203104565480198,0.1659845353248326,1
391,2500,5,bounded,seqmar,0.15,full,0.1428821794919702,0.00667481311924441,0.12979978617471571,0.1559645728092247,1
391,2500,5,bounded,seqmar,0.15,cc,0.14118998187370557,0.00807989556932589,0.12535367755898208,0.15702628618842907,1
391,2500,5,bounded,seqmar,0.15,seq,0.13375962703421368,0.008995384466722729,0.11612899745234609,0.15139025661608127,1
392,2500,5,bounded,seqmar,0.15,full,0.14920817328121608,0.006446989489732895,0.13657230607263135,0.1618440404898008,1
392,2500,5,bounded,seqmar,0.15,cc,0.1585642681622385,0.008024405874095426,0.14283672165167982,0.1742918146727972,1
392,2500,5,bounded,seqmar,0.15,seq,0.15075936245250848,0.008435854957992612,0.13422539055603933,0.16729333434897764,1
393,2500,5,bounded,seqmar,0.15,full,0.14002995461839446,0.0066108366537782105,0.1270729528693119,0.15298695636747703,1
393,2500,5,bounded,seqmar,0.15,cc,0.14337433645293446,0.008789975387182935,0.1261463012690624,0.16060237163680652,1
393,2500,5,bounded,seqmar,0.15,seq,0.14096777319075826,0.009081141150253979,0.12316906359773583,0.1587664827837807,1
394,2500,5,bounded,seqmar,0.15,full,0.1591469442686223,0.0066605584589970014,0.14609248957206458,0.17220139896518002,1
394,2500,5,bounded,seqmar,0.15,cc,0.16301635177944518,0.008060560311900396,0.14721794387290746,0.1788147596859829,1
394,2500,5,bounded,seqmar,0.15,seq,0.16413797908900687,0.008922364961226708,0.1466504651080804,0.18162549306993334,1
395,2500,5,bounded,seqmar,0.15,full,0.1591958805733228,0.006575091599367897,0.14630893784350985,0.17208282330313573,1
395,2500,5,bounded,seqmar,0.15,cc,0.16691448431102718,0.00823878578954599,0.15076676088717664,0.18306220773487772,0
395,2500,5,bounded,seqmar,0.15,seq,0.15670626705988194,0.010733090570024632,0.13566979609982718,0.1777427380199367,1
396,2500,5,bounded,seqmar,0.15,full,0.14839218208833113,0.006630405498953361,0.1353968261074862,0.16138753806917605,1
396,2500,5,bounded,seqmar,0.15,cc,0.14753100346832873,0.008345094191701066,0.13117491940500026,0.1638870875316572,1
396,2500,5,bounded,seqmar,0.15,seq,0.16092213183930243,0.011744435837672443,0.13790346057872294,0.18394080309988192,1
397,2500,5,bounded,seqmar,0.15,full,0.15361076858165776,0.006476182684384804,0.14091768376296163,0.1663038534003539,1
397,2500,5,bounded,seqmar,0.15,cc,0.15221094986975742,0.00834718841813024,0.13585076119805228,0.16857113854146255,1
397,2500,5,bounded,seqmar,0.15,seq,0.14467964374147893,0.008789372175652642,0.1274527908304813,0.16190649665247656,1
398,2500,5,bounded,seqmar,0.15,full,0.15503469372573536,0.00646451960813855,0.14236446811643083,0.1677049193350399,1
398,2500,5,bounded,seqmar,0.15,cc,0.14959200753853039,0.008162858747995631,0.13359309838157124,0.16559091669548953,1
398,2500,5,bounded,seqmar,0.15,seq,0.13926428660499865,0.010960951067296307,0.11778121727679203,0.16074735593320527,1
399,2500,5,bounded,seqmar,0.15,full,0.16191423233478314,0.006576738427758925,0.14902406188063505,0.17480440278893122,1
399,2500,5,bounded,seqmar,0.15,cc,0.16830440693268894,0.007894945735558658,0.15283059763109588,0.183778216234282,0
399,2500,5,bounded,seqmar,0.15,seq,0.16838000230060707,0.008629483209534192,0.15146652600472693,0.1852934785964872,0
400,2500,5,bounded,seqmar,0.15,full,0.14621855998493727,0.006626237160008645,0.13323137379829936,0.15920574617157518,1
400,2500,5,bounded,seqmar,0.15,cc,0.15161618923661443,0.009090480578226276,0.1337991747011301,0.16943320377209878,1
400,2500,5,bounded,seqmar,0.15,seq,0.1470993129780682,0.011084983818653643,0.12537314392429777,0.16882548203183861,1
401,2500,5,bounded,seqmar,0.15,full,0.1489089495431142,0.006632410034606806,0.13590966474458283,0.16190823434164558,1
401,2500,5,bounded,seqmar,0.15,cc,0.15620876649678345,0.00822202576815549,0.1400938921112384,0.1723236408823285,1
401,2500,5,bounded,seqmar,0.15,seq,0.15113459098603022,0.010019826346407055,0.13149609221572683,0.1707730897563336,1
402,2500,5,bounded,seqmar,0.15,full,0.14623801123123478,0.006579721572636053,0.13334199392056686,0.1591340285419027,1
402,2500,5,bounded,seqmar,0.15,cc,0.14984128911340863,0.00833222212645755,0.1335104338343641,0.16617214439245317,1
402,2500,5,bounded,seqmar,0.15,seq,0.1462593802290442,0.008692857705069374,0.1292216922043767,0.16329706825371168,1
403,2500,5,bounded,seqmar,0.15,full,0.1655881352580084,0.006511079133341049,0.15282665465616968,0.1783496158598471,0
403,2500,5,bounded,seqmar,0.15,cc,0.16369879033184434,0.009962385704841693,0.14417287315025795,0.18322470751343073,1
403,2500,5,bounded,seqmar,0.15,seq,0.14705612731973916,0.016030561118409916,0.11563680487568759,0.17847544976379073,1
404,2500,5,bounded,seqmar,0.15,full,0.14560544109844872,0.006562294658579108,0.1327435799116941,0.15846730228520334,1
404,2500,5,bounded,seqmar,0.15,cc,0.14587953354790006,0.008531613387129914,0.12915787857910566,0.16260118851669447,1
404,2500,5,bounded,seqmar,0.15,seq,0.1463837661850597,0.011856283657930395,0.1231458772250253,0.16962165514509409,1
405,2500,5,bounded,seqmar,0.15,full,0.14162697075166764,0.006681959647689279,0.12853057049604671,0.15472337100728856,1
405,2500,5,bounded,seqmar,0.15,cc,0.13474664732058314,0.009670720293409487,0.11579238384093993,0.15370091080022635,1
405,2500,5,bounded,seqmar,0.15,seq,0.10684234533767431,0.029491678346572202,0.04903971793475302,0.16464497274059559,1
406,2500,5,bounded,seqmar,0.15,full,0.15222038585162967,0.006419029928682498,0.13963931837572727,0.16480145332753207,1
406,2500,5,bounded,seqmar,0.15,cc,0.15415427653857283,0.007952057733998034,0.1385685297769535,0.16974002330019217,1
406,2500,5,bounded,seqmar,0.15,seq,0.15113866264466722,0.008316235263624003,0.1348391410410022,0.16743818424833223,1
407,2500,5,bounded,seqmar,0.15,full,0.13968478782137145,0.006738503125788825,0.12647756438511476,0.15289201125762814,1
407,2500,5,bounded,seqmar,0.15,cc,0.1504166970745173,0.008618293287077654,0.13352515262364179,0.1673082415253928,1
407,2500,5,bounded,seqmar,0.15,seq,0.16241503401355212,0.01162908420522473,0.13962244779812805,0.1852076202289762,1
408,2500,5,bounded,seqmar,0.15,full,0.1593916077279348,0.006762917038190241,0.14613653390264963,0.17264668155321994,1
408,2500,5,bounded,seqmar,0.15,cc,0.15780798311924404,0.008372622340642129,0.14139794487543003,0.17421802136305806,1
408,2500,5,bounded,seqmar,0.15,seq,0.14754997056378538,0.012402043761056166,0.12324241145742562,0.17185752967014514,1
409,2500,5,bounded,seqmar,0.15,full,0.14456204324640587,0.006665076814885045,0.13149873273503823,0.1576253537577735,1
409,2500,5,bounded,seqmar,0.15,cc,0.15082955625633584,0.008300337756484678,0.1345611931941079,0.1670979193185638,1
409,2500,5,bounded,seqmar,0.15,seq,0.16171331362004362,0.011288294572086686,0.13958866281187474,0.1838379644282125,1
410,2500,5,bounded,seqmar,0.15,full,0.14983360580368113,0.006844174113805184,0.13641927103670162,0.16324794057066064,1
410,2500,5,bounded,seqmar,0.15,cc,0.15551977107634016,0.008246258022290825,0.13935740234542565,0.17168213980725466,1
410,2500,5,bounded,seqmar,0.15,seq,0.1505157664868346,0.009200562588197075,0.1324829951764617,0.1685485377972075,1
411,2500,5,bounded,seqmar,0.15,full,0.1436734083495611,0.006856936758862615,0.13023405925792156,0.15711275744120065,1
411,2500,5,bounded,seqmar,0.15,cc,0.1511026033883301,0.008329982605339454,0.13477613749001963,0.16742906928664056,1
411,2500,5,bounded,seqmar,0.15,seq,0.15737149186399993,0.012509420170472851,0.13285347886239424,0.18188950486560562,1
412,2500,5,bounded,seqmar,0.15,full,0.15285290780162955,0.006638176683616775,0.13984232057872714,0.16586349502453196,1
412,2500,5,bounded,seqmar,0.15,cc,0.16010515131660003,0.008142995368304843,0.14414517366844606,0.176065128964754,1
412,2500,5,bounded,seqmar,0.15,seq,0.1581544125835359,0.009144803373825719,0.14023092732513712,0.1760778978419347,1
413,2500,5,bounded,seqmar,0.15,full,0.1410288798214386,0.006691845727325649,0.12791310320578209,0.15414465643709513,1
413,2500,5,bounded,seqmar,0.15,cc,0.15174502904430812,0.008301189910406378,0.13547499579108435,0.16801506229753188,1
413,2500,5,bounded,seqmar,0.15,seq,0.1461607519595904,0.010359364585789505,0.1258567704687233,0.16646473345045754,1
414,2500,5,bounded,seqmar,0.15,full,0.13754516831982272,0.006728172443289243,0.12435819264920095,0.1507321439904445,1
414,2500,5,bounded,seqmar,0.15,cc,0.14672123424328487,0.008626367565413951,0.12981386449766905,0.1636286039889007,1
414,2500,5,bounded,seqmar,0.15,seq,0.14434259288195522,0.010108499435680356,0.12453029805027827,0.16415488771363218,1
415,2500,5,bounded,seqmar,0.15,full,0.1609587352241479,0.0066606820687062215,0.14790403825701195,0.17401343219128382,1
415,2500,5,bounded,seqmar,0.15,cc,0.17392353160931506,0.007814695377072814,0.1586070101201007,0.18924005309852943,0
415,2500,5,bounded,seqmar,0.15,seq,0.18452262843291467,0.011216919979309393,0.1625378692560005,0.20650738760982884,0
416,2500,5,bounded,seqmar,0.15,full,0.1536040702004922,0.006622119160485652,0.14062495514460768,0.1665831852563767,1
416,2500,5,bounded,seqmar,0.15,cc,0.15127862242670181,0.008272454138452756,0.13506491025157508,0.16749233460182855,1
416,2500,5,bounded,seqmar,0.15,seq,0.14971839702020243,0.008771844263878604,0.1325258981850061,0.16691089585539876,1
417,2500,5,bounded,seqmar,0.15,full,0.15880049757425277,0.006569998342060089,0.14592353744532713,0.1716774577031784,1
417,2500,5,bounded,seqmar,0.15,cc,0.1540913530602441,0.008038985138447925,0.13833523171663342,0.16984747440385478,1
417,2500,5,bounded,seqmar,0.15,seq,0.16221022919574807,0.016928682462386494,0.1290306212637557,0.19538983712774044,1
418,2500,5,bounded,seqmar,0.15,full,0.15343944327729583,0.006723515566504151,0.14026159491745327,0.1666172916371384,1
418,2500,5,bounded,seqmar,0.15,cc,0.16368476240013544,0.00805694005812547,0.14789345006061147,0.1794760747396594,1
418,2500,5,bounded,seqmar,0.15,seq,0.16239675419507488,0.009395653110907126,0.14398161248646518,0.18081189590368457,1
419,2500,5,bounded,seqmar,0.15,full,0.15146438869074008,0.006598088153003913,0.138532373544032,0.16439640383744816,1
419,2500,5,bounded,seqmar,0.15,cc,0.15522816590510544,0.007899232588726959,0.1397459545256955,0.17071037728451538,1
419,2500,5,bounded,seqmar,0.15,seq,0.14459340037116827,0.008751492318531591,0.1274407906158674,0.16174601012646914,1
420,2500,5,bounded,seqmar,0.15,full,0.161256779778793,0.00648006846514343,0.14855607896975812,0.17395748058782787,1
420,2500,5,bounded,seqmar,0.15,cc,0.17040650736265997,0.007851001739281185,0.15501882671110753,0.1857941880142124,0
420,2500,5,bounded,seqmar,0.15,seq,0.16879090338598232,0.008410772915847818,0.15230609138877566,0.185275715383189,0
421,2500,5,bounded,seqmar,0.15,full,0.15085416065561086,0.006651641283717915,0.13781718330144396,0.16389113800977775,1
421,2500,5,bounded,seqmar,0.15,cc,0.1591914723479322,0.00830456478095658,0.14291482446997755,0.17546812022588687,1
421,2500,5,bounded,seqmar,0.15,seq,0.15436105359073618,0.009638384316178004,0.13547016746187157,0.1732519397196008,1
422,2500,5,bounded,seqmar,0.15,full,0.15488052027044336,0.006529633380699149,0.14208267401202251,0.1676783665288642,1
422,2500,5,bounded,seqmar,0.15,cc,0.15519565415481348,0.008281641339776147,0.13896393539597418,0.1714273729136528,1
422,2500,5,bounded,seqmar,0.15,seq,0.15932756581986796,0.011343761930229228,0.13709420098742212,0.1815609306523138,1
423,2500,5,bounded,seqmar,0.15,full,0.15038517881542676,0.006661302928503,0.1373292649854497,0.16344109264540382,1
423,2500,5,bounded,seqmar,0.15,cc,0.15500018730037185,0.008067315101862104,0.13918854024878605,0.17081183435195765,1
423,2500,5,bounded,seqmar,0.15,seq,0.14916110915405492,0.010419042183014184,0.12874016172194352,0.16958205658616632,1
424,2500,5,bounded,seqmar,0.15,full,0.15203166029884888,0.006695223961317486,0.138909262466237,0.16515405813146075,1
424,2500,5,bounded,seqmar,0.15,cc,0.16907755960195262,0.008421696214904103,0.1525713383320033,0.18558378087190194,0
424,2500,5,bounded,seqmar,0.15,seq,0.16648477393217714,0.01173781395593714,0.14347908132130874,0.18949046654304555,1
425,2500,5,bounded,seqmar,0.15,full,0.14128161638326486,0.00664718748346447,0.12825336831718906,0.15430986444934067,1
425,2500,5,bounded,seqmar,0.15,cc,0.14373109205384982,0.008035605815281295,0.12798159406193788,0.15948059004576176,1
425,2500,5,bounded,seqmar,0.15,seq,0.1421185735305894,0.01074936024001053,0.12105021460332194,0.16318693245785687,1
426,2500,5,bounded,seqmar,0.15,full,0.14454459327710797,0.006644170156690158,0.13152225906283943,0.15756692749137652,1
426,2500,5,bounded,seqmar,0.15,cc,0.15235488247970919,0.008191556758600086,0.13629972625553735,0.16841003870388102,1
426,2500,5,bounded,seqmar,0.15,seq,0.1355095344153192,0.01001031282636333,0.11588968180166773,0.1551293870289707,1
427,2500,5,bounded,seqmar,0.15,full,0.139829829019195,0.006964670226997785,0.12617932621008093,0.15348033182830906,1
427,2500,5,bounded,seqmar,0.15,cc,0.1507216486300279,0.00803667630912047,0.1349700525087455,0.1664732447513103,1
427,2500,5,bounded,seqmar,0.15,seq,0.13807950099237776,0.010100424708360931,0.11828303233543186,0.15787596964932366,1
428,2500,5,bounded,seqmar,0.15,full,0.14618413251657522,0.006706653831688741,0.13303933254968775,0.1593289324834627,1
428,2500,5,bounded,seqmar,0.15,cc,0.14572746054772176,0.008986876036295124,0.12811350718305725,0.16334141391238627,1
428,2500,5,bounded,seqmar,0.15,seq,0.14379154672989522,0.015340330056425037,0.11372505230834484,0.1738580411514456,1
429,2500,5,bounded,seqmar,0.15,full,0.1416982016852411,0.006780784069254371,0.1284081091225596,0.15498829424792263,1
429,2500,5,bounded,seqmar,0.15,cc,0.13314714112788514,0.009005960812671084,0.11549578228887075,0.15079849996689954,1
429,2500,5,bounded,seqmar,0.15,seq,0.12589722177019508,0.010478865236460837,0.10535902330788303,0.1464354202325071,0
430,2500,5,bounded,seqmar,0.15,full,0.14420673193594472,0.006696757915457462,0.13108132760846455,0.15733213626342488,1
430,2500,5,bounded,seqmar,0.15,cc,0.1483682397302655,0.007873274587436491,0.1329369050984955,0.1637995743620355,1
430,2500,5,bounded,seqmar,0.15,seq,0.14937445209509406,0.010994274944563747,0.12782606916761802,0.1709228350225701,1
431,2500,5,bounded,seqmar,0.15,full,0.15998237372586796,0.0066573760328212115,0.14693415646999824,0.17303059098173768,1
431,2500,5,bounded,seqmar,0.15,cc,0.15705543408795827,0.009333235219911844,0.13876262919769028,0.17534823897822627,1
431,2500,5,bounded,seqmar,0.15,seq,0.15346791115292907,0.015524043143239291,0.12304134569773409,0.18389447660812405,1
432,2500,5,bounded,seqmar,0.15,full,0.14877186732150113,0.006567845170926525,0.13589912733044984,0.16164460731255242,1
432,2500,5,bounded,seqmar,0.15,cc,0.15283922885441226,0.008451376807669775,0.1362748346916024,0.16940362301722212,1
432,2500,5,bounded,seqmar,0.15,seq,0.14376774658996413,0.009927184580899048,0.12431082234352064,0.16322467083640763,1
433,2500,5,bounded,seqmar,0.15,full,0.15664578726711267,0.006481096216182233,0.14394307210305668,0.16934850243116867,1
433,2500,5,bounded,seqmar,0.15,cc,0.17272481911416887,0.007651898024304994,0.15772737457315789,0.18772226365517986,0
433,2500,5,bounded,seqmar,0.15,seq,0.17619014028233604,0.008052116221530582,0.16040828248880534,0.19197199807586673,0
434,2500,5,bounded,seqmar,0.15,full,0.13526713668752818,0.006662330677150247,0.12220920850721735,0.14832506486783903,0
434,2500,5,bounded,seqmar,0.15,cc,0.139652705937571,0.008161256086209778,0.12365693793999152,0.1556484739351505,1
434,2500,5,bounded,seqmar,0.15,seq,0.13109909992542293,0.010287201296135424,0.11093655588328373,0.15126164396756211,1
435,2500,5,bounded,seqmar,0.15,full,0.14117584297830071,0.006510768215976714,0.12841497176329825,0.15393671419330318,1
435,2500,5,bounded,seqmar,0.15,cc,0.14221927975932902,0.008071829969653834,0.12639878372947647,0.15803977578918157,1
435,2500,5,bounded,seqmar,0.15,seq,0.14849691503226378,0.011972343656007278,0.12503155265595292,0.17196227740857464,1
436,2500,5,bounded,seqmar,0.15,full,0.14492252845543976,0.0066752884024022215,0.13183920360031348,0.15800585331056605,1
436,2500,5,bounded,seqmar,0.15,cc,0.15259253504844023,0.00935212800271626,0.13426270098430784,0.1709223691125726,1
436,2500,5,bounded,seqmar,0.15,seq,0.15497941883169414,0.009976220791654625,0.1354263853782314,0.17453245228515687,1
437,2500,5,bounded,seqmar,0.15,full,0.13960414255796177,0.006698952789459866,0.1264744363564863,0.15273384875943724,1
437,2500,5,bounded,seqmar,0.15,cc,0.15249867384248664,0.008310115953451182,0.1362111458663706,0.16878620181860268,1
437,2500,5,bounded,seqmar,0.15,seq,0.14106350033049708,0.011206731827533423,0.11909870956413283,0.16302829109686134,1
438,2500,5,bounded,seqmar,0.15,full,0.16283160699066815,0.00674846449822322,0.14960485962320347,0.17605835435813283,1
438,2500,5,bounded,seqmar,0.15,cc,0.17291141314094324,0.008450320832629027,0.15634908865118183,0.18947373763070466,0
438,2500,5,bounded,seqmar,0.15,seq,0.1689809820987037,0.009301972996198999,0.15074945004098955,0.18721251415641788,0
439,2500,5,bounded,seqmar,0.15,full,0.15195792244584264,0.0064135862777876295,0.13938752432963858,0.1645283205620467,1
439,2500,5,bounded,seqmar,0.15,cc,0.15821780219358053,0.007896623229484865,0.14274070506430783,0.17369489932285323,1
439,2500,5,bounded,seqmar,0.15,seq,0.15508003175209686,0.008903226560114948,0.13763002834807114,0.17253003515612259,1
440,2500,5,bounded,seqmar,0.15,full,0.1426616000470353,0.006476410669542034,0.12996806838564195,0.15535513170842863,1
440,2500,5,bounded,seqmar,0.15,cc,0.1525055295016631,0.008143925449630917,0.13654372892760733,0.16846733007571887,1
440,2500,5,bounded,seqmar,0.15,seq,0.14817475732896881,0.00932695035317124,0.12989427055116004,0.1664552441067776,1
441,2500,5,bounded,seqmar,0.15,full,0.1499853240925324,0.006669844997276558,0.1369126681154057,0.1630579800696591,1
441,2500,5,bounded,seqmar,0.15,cc,0.16029813066949763,0.008135327369545043,0.14435318202274638,0.17624307931624889,1
441,2500,5,bounded,seqmar,0.15,seq,0.16595083210878572,0.00981509842660679,0.14671359268792067,0.18518807152965078,1
442,2500,5,bounded,seqmar,0.15,full,0.1454385767380158,0.0066356924761491135,0.13243285847228012,0.15844429500375148,1
442,2500,5,bounded,seqmar,0.15,cc,0.1532235159990797,0.008055188196568275,0.13743563724511373,0.1690113947530457,1
442,2500,5,bounded,seqmar,0.15,seq,0.1487509648177965,0.009050059035624128,0.13101317505001192,0.1664887545855811,1
443,2500,5,bounded,seqmar,0.15,full,0.1346854176956559,0.006884444691263723,0.12119215404722103,0.14817868134409076,0
443,2500,5,bounded,seqmar,0.15,cc,0.14578783992860117,0.008175739452762069,0.1297636850542043,0.16181199480299804,1
443,2500,5,bounded,seqmar,0.15,seq,0.13691111340104403,0.010411043951719245,0.11650584221421076,0.1573163845878773,1
444,2500,5,bounded,seqmar,0.15,full,0.15480020252133944,0.006564512204745561,0.1419339950239645,0.16766641001871438,1
444,2500,5,bounded,seqmar,0.15,cc,0.15110393519018642,0.009280516346226848,0.13291445739364655,0.1692934129867263,1
444,2500,5,bounded,seqmar,0.15,seq,0.15855528582891942,0.010227960306629657,0.13850885199262006,0.1786017196652188,1
445,2500,5,bounded,seqmar,0.15,full,0.15361771077330597,0.006661702803209567,0.1405610132033057,0.16667440834330624,1
445,2500,5,bounded,seqmar,0.15,cc,0.16562426783359574,0.008180154284385658,0.14959146004821883,0.18165707561897265,1
445,2500,5,bounded,seqmar,0.15,seq,0.1616930757280531,0.011101178862647934,0.13993516497132585,0.18345098648478037,1
446,2500,5,bounded,seqmar,0.15,full,0.15654410143718675,0.006693914096044309,0.14342427089333493,0.16966393198103857,1
446,2500,5,bounded,seqmar,0.15,cc,0.15765329874424377,0.008185370279872097,0.14161026779556993,0.17369632969291762,1
446,2500,5,bounded,seqmar,0.15,seq,0.15957056502571473,0.008201333852845764,0.14349624604894792,0.17564488400248154,1
447,2500,5,bounded,seqmar,0.15,full,0.1585594138067034,0.006566998504251484,0.1456883332518421,0.1714304943615647,1
447,2500,5,bounded,seqmar,0.15,cc,0.16033879721943287,0.008120625330978406,0.14442266403877152,0.1762549304000942,1
447,2500,5,bounded,seqmar,0.15,seq,0.16323957063763195,0.009913668345491811,0.1438091377257932,0.1826700035494707,1
448,2500,5,bounded,seqmar,0.15,full,0.14930730378434487,0.006724302483179488,0.13612791309615982,0.16248669447252992,1
448,2500,5,bounded,seqmar,0.15,cc,0.144118998399135,0.008616222439759966,0.12723151273441963,0.16100648406385037,1
448,2500,5,bounded,seqmar,0.15,seq,0.14640001444020959,0.011256931385168924,0.12433683434883991,0.16846319453157926,1
449,2500,5,bounded,seqmar,0.15,full,0.15549187885801638,0.006771828379773909,0.14221933912417328,0.16876441859185948,1
449,2500,5,bounded,seqmar,0.15,cc,0.1492595105651114,0.0087507342266396,0.13210838664261582,0.16641063448760696,1
449,2500,5,bounded,seqmar,0.15,seq,0.1476664915248622,0.010280344533914763,0.12751738648972605,0.16781559655999834,1
450,2500,5,bounded,seqmar,0.15,full,0.1490057359863376,0.006662389526937471,0.1359476924625633,0.1620637795101119,1
450,2500,5,bounded,seqmar,0.15,cc,0.1527390959299788,0.008603751949358966,0.13587605197731895,0.16960213988263867,1
450,2500,5,bounded,seqmar,0.15,seq,0.13924661810710068,0.010387092246232634,0.11888829140038946,0.15960494481381188,1
451,2500,5,bounded,seqmar,0.15,full,0.16566200181730492,0.006434066927701249,0.1530514623648902,0.17827254126971964,0
451,2500,5,bounded,seqmar,0.15,cc,0.17782923933228859,0.008262178430511384,0.16163566717464262,0.19402281148993455,0
451,2500,5,bounded,seqmar,0.15,seq,0.17469257782384484,0.010777304822191483,0.15356944852193968,0.19581570712575,0
452,2500,5,bounded,seqmar,0.15,full,0.14393318470590208,0.006544084254547816,0.13110701525519272,0.15675935415661144,1
452,2500,5,bounded,seqmar,0.15,cc,0.15177735427115407,0.007833184764071828,0.1364245942493254,0.16713011429298275,1
452,2500,5,bounded,seqmar,0.15,seq,0.1472851755863395,0.009524920819405376,0.1286166738247092,0.16595367734796979,1
453,2500,5,bounded,seqmar,0.15,full,0.16459593294476313,0.006653112902199561,0.15155607127137324,0.17763579461815301,0
453,2500,5,bounded,seqmar,0.15,cc,0.15859079354789488,0.008095764789237824,0.14272338613368124,0.1744582009621085,1
453,2500,5,bounded,seqmar,0.15,seq,0.16094323348226514,0.009833584289362372,0.141669762436176,0.18021670452835428,1
454,2500,5,bounded,seqmar,0.15,full,0.15068083721002373,0.006662223768111142,0.13762311856757917,0.1637385558524683,1
454,2500,5,bounded,seqmar,0.15,cc,0.1534407699215658,0.008527786509715772,0.13672661549467635,0.17015492434845525,1
454,2500,5,bounded,seqmar,0.15,seq,0.14844873682693138,0.012407287214518205,0.1241309007406314,0.17276657291323136,1
455,2500,5,bounded,seqmar,0.15,full,0.14835204291319978,0.006461349824162212,0.13568802996632764,0.16101605586007192,1
455,2500,5,bounded,seqmar,0.15,cc,0.1467990197241877,0.008041871477310855,0.1310372412603585,0.16256079818801691,1
455,2500,5,bounded,seqmar,0.15,seq,0.15219002874325274,0.010399846701180009,0.13180670376420223,0.17257335372230326,1
456,2500,5,bounded,seqmar,0.15,full,0.15189168700253197,0.006649937249403552,0.13885804949424965,0.1649253245108143,1
456,2500,5,bounded,seqmar,0.15,cc,0.15323392535219169,0.008138884346267973,0.13728200515916963,0.16918584554521374,1
456,2500,5,bounded,seqmar,0.15,seq,0.14396807821862007,0.01051354588187186,0.12336190694034183,0.1645742494968983,1
457,2500,5,bounded,seqmar,0.15,full,0.15702989081997093,0.006512832884613525,0.1442649729288003,0.16979480871114155,1
457,2500,5,bounded,seqmar,0.15,cc,0.16147171402345448,0.009788079256239918,0.14228743120340065,0.1806559968435083,1
457,2500,5,bounded,seqmar,0.15,seq,0.14376510835216252,0.019024664292126108,0.10647745152163016,0.1810527651826949,1
458,2500,5,bounded,seqmar,0.15,full,0.16295462285370782,0.006473933524262976,0.15026594630784593,0.1756432993995697,0
458,2500,5,bounded,seqmar,0.15,cc,0.170579973545035,0.00830848012928452,0.15429565172537066,0.18686429536469937,0
458,2500,5,bounded,seqmar,0.15,seq,0.1615781980160878,0.01146956927667897,0.1390982553156099,0.1840581407165657,1
459,2500,5,bounded,seqmar,0.15,full,0.15199158164513732,0.006621718314186342,0.1390132522335628,0.16496991105671183,1
459,2500,5,bounded,seqmar,0.15,cc,0.1625049542726219,0.007807893138121611,0.14720176492676612,0.1778081436184777,1
459,2500,5,bounded,seqmar,0.15,seq,0.15427558130773156,0.009104804762460304,0.1364304918870406,0.17212067072842252,1
460,2500,5,bounded,seqmar,0.15,full,0.1564732771850885,0.006682830593679086,0.14337516990669505,0.16957138446348194,1
460,2500,5,bounded,seqmar,0.15,cc,0.14693835898357116,0.008387135892868412,0.13049987470010588,0.16337684326703644,1
460,2500,5,bounded,seqmar,0.15,seq,0.14237736475264878,0.009355820854607878,0.12404029283180859,0.16071443667348898,1
461,2500,5,bounded,seqmar,0.15,full,0.1560270599108941,0.006805157373343878,0.14268919655001291,0.1693649232717753,1
461,2500,5,bounded,seqmar,0.15,cc,0.16042676399872852,0.008398174603558864,0.1439666442398742,0.17688688375758282,1
461,2500,5,bounded,seqmar,0.15,seq,0.16737040461097458,0.009297239319246857,0.14914815038960105,0.1855926588323481,1
462,2500,5,bounded,seqmar,0.15,full,0.1446160246325743,0.006583102966001315,0.1317133799126929,0.1575186693524557,1
462,2500,5,bounded,seqmar,0.15,cc,0.1466629680745516,0.007940765264026763,0.13109935414737245,0.16222658200173073,1
462,2500,5,bounded,seqmar,0.15,seq,0.14662001731528895,0.008543061298176497,0.12987592485314503,0.16336410977743288,1
463,2500,5,bounded,seqmar,0.15,full,0.14278205758451454,0.006707008776200651,0.1296365619391672,0.15592755322986188,1
463,2500,5,bounded,seqmar,0.15,cc,0.14581970751194734,0.009111608532605155,0.1279612829468134,0.1636781320770813,1
463,2500,5,bounded,seqmar,0.15,seq,0.14220586427284915,0.010477569035971777,0.12167020631681241,0.16274152222888588,1
464,2500,5,bounded,seqmar,0.15,full,0.15091635832576858,0.006450703311394087,0.1382732121604829,0.16355950449105425,1
464,2500,5,bounded,seqmar,0.15,cc,0.1437162456451172,0.012712230916388687,0.11880073088583877,0.16863176040439565,1
464,2500,5,bounded,seqmar,0.15,seq,0.12309064583469732,0.022957514159059094,0.07809474490837315,0.1680865467610215,1
465,2500,5,bounded,seqmar,0.15,full,0.143862054432366,0.006656170627389927,0.13081619972772837,0.15690790913700361,1
465,2500,5,bounded,seqmar,0.15,cc,0.15131250114935993,0.007929940154698431,0.135770104046593,0.16685489825212685,1
465,2500,5,bounded,seqmar,0.15,seq,0.14647266613198412,0.009520965438985595,0.12781191677352177,0.16513341549044647,1
466,2500,5,bounded,seqmar,0.15,full,0.15920268093936038,0.006750095952192324,0.14597273598087382,0.17243262589784694,1
466,2500,5,bounded,seqmar,0.15,cc,0.16055770088602225,0.008366596562748595,0.1441594729498584,0.1769559288221861,1
466,2500,5,bounded,seqmar,0.15,seq,0.15049521420245038,0.009091403949297638,0.1326763898929218,0.16831403851197896,1
467,2500,5,bounded,seqmar,0.15,full,0.15555539057881684,0.006693031688338089,0.14243728952228887,0.1686734916353448,1
467,2500,5,bounded,seqmar,0.15,cc,0.16306149831036212,0.00799709364018674,0.1473874827946018,0.17873551382612246,1
467,2500,5,bounded,seqmar,0.15,seq,0.15335500268493857,0.008762980942875285,0.13617987563969217,0.17053012973018497,1
468,2500,5,bounded,seqmar,0.15,full,0.14673679369048304,0.006481707123739807,0.1340328811696163,0.15944070621134976,1
468,2500,5,bounded,seqmar,0.15,cc,0.15956884371310984,0.007998726238671164,0.14389162836311883,0.17524605906310084,1
468,2500,5,bounded,seqmar,0.15,seq,0.14077154011361376,0.01470276260509527,0.11195465493438472,0.1695884252928428,1
469,2500,5,bounded,seqmar,0.15,full,0.14403626346294454,0.006574892744627259,0.1311497104812614,0.1569228164446277,1
469,2500,5,bounded,seqmar,0.15,cc,0.15338340119606686,0.008170556255642359,0.1373694052013494,0.1693973971907843,1
469,2500,5,bounded,seqmar,0.15,seq,0.16012185240584187,0.01651345373883179,0.12775607781736326,0.19248762699432048,1
470,2500,5,bounded,seqmar,0.15,full,0.1410691599840997,0.00641885228032694,0.1284884406925761,0.1536498792756233,1
470,2500,5,bounded,seqmar,0.15,cc,0.14257137158348226,0.007907836049811922,0.1270722977302034,0.15807044543676113,1
470,2500,5,bounded,seqmar,0.15,seq,0.13990397397834822,0.009045964090992958,0.12217421015455941,0.15763373780213702,1
471,2500,5,bounded,seqmar,0.15,full,0.146528582497081,0.006808735732652997,0.13318370568083018,0.15987345931333183,1
471,2500,5,bounded,seqmar,0.15,cc,0.15131355012529374,0.008263877137849492,0.1351166485624448,0.1675104516881427,1
471,2500,5,bounded,seqmar,0.15,seq,0.14774287452892046,0.008939333177652753,0.13022210345491708,0.16526364560292384,1
472,2500,5,bounded,seqmar,0.15,full,0.15101206083577667,0.0067435029581608096,0.13779503790814218,0.16422908376341117,1
472,2500,5,bounded,seqmar,0.15,cc,0.1600521734360599,0.008725124157517403,0.1429512443266854,0.1771531025454344,1
472,2500,5,bounded,seqmar,0.15,seq,0.15695998304708925,0.012136539279963762,0.1331728031614046,0.1807471629327739,1
473,2500,5,bounded,seqmar,0.15,full,0.15251101523448446,0.006735611872642642,0.1393094585502645,0.16571257191870442,1
473,2500,5,bounded,seqmar,0.15,cc,0.14906719546646469,0.008683627763528401,0.1320475977947969,0.16608679313813246,1
473,2500,5,bounded,seqmar,0.15,seq,0.14960717358931755,0.010735418936479859,0.12856613911486775,0.17064820806376735,1
474,2500,5,bounded,seqmar,0.15,full,0.15038426877090272,0.0065298899073779415,0.13758591972943035,0.16318261781237509,1
474,2500,5,bounded,seqmar,0.15,cc,0.15645809382112155,0.008100563068903617,0.1405812819515752,0.1723349056906679,1
474,2500,5,bounded,seqmar,0.15,seq,0.15567236586822356,0.009830636662319784,0.13640467206497772,0.1749400596714694,1
475,2500,5,bounded,seqmar,0.15,full,0.15144155951320992,0.006798507708722561,0.13811672925549578,0.16476638977092406,1
475,2500,5,bounded,seqmar,0.15,cc,0.14988499865849236,0.008671276002938958,0.13288960999272556,0.16688038732425917,1
475,2500,5,bounded,seqmar,0.15,seq,0.14820573696595235,0.010708275290390321,0.12721790306024713,0.16919357087165757,1
476,2500,5,bounded,seqmar,0.15,full,0.16047539388433238,0.006434801520094617,0.14786341465728334,0.17308737311138142,1
476,2500,5,bounded,seqmar,0.15,cc,0.17383924339374807,0.007804418314647243,0.15854286457675468,0.18913562221074146,0
476,2500,5,bounded,seqmar,0.15,seq,0.17323400345661927,0.008903690821241797,0.1557830901175055,0.19068491679573304,0
477,2500,5,bounded,seqmar,0.15,full,0.15026302275959302,0.006659000030966516,0.13721162252584754,0.1633144229933385,1
477,2500,5,bounded,seqmar,0.15,cc,0.15578921725610242,0.0081552600745443,0.13980520122543816,0.1717732332867667,1
477,2500,5,bounded,seqmar,0.15,seq,0.15035033916897717,0.009660098296523117,0.1314168944206751,0.16928378391727922,1
478,2500,5,bounded,seqmar,0.15,full,0.15330324098381515,0.006869036056429012,0.13984017770470725,0.16676630426292305,1
478,2500,5,bounded,seqmar,0.15,cc,0.16277260410572003,0.008679183591246541,0.1457617168516658,0.17978349135977426,1
478,2500,5,bounded,seqmar,0.15,seq,0.1616559347548824,0.008863661816340521,0.14428347682371212,0.1790283926860527,1
479,2500,5,bounded,seqmar,0.15,full,0.16442284728348294,0.006628411264435319,0.1514313999304701,0.17741429463649577,0
479,2500,5,bounded,seqmar,0.15,cc,0.17089368725295812,0.008403421228644632,0.1544232842978953,0.18736409020802092,0
479,2500,5,bounded,seqmar,0.15,seq,0.1525409015727961,0.012756010167723217,0.12753958105763186,0.17754222208796033,1
480,2500,5,bounded,seqmar,0.15,full,0.14035227601189001,0.006725527966327539,0.12717048342087112,0.1535340686029089,1
480,2500,5,bounded,seqmar,0.15,cc,0.13954778184361033,0.00821735313520457,0.12344206565036207,0.15565349803685857,1
480,2500,5,bounded,seqmar,0.15,seq,0.14364407835708895,0.008381240916911946,0.12721714801418807,0.16007100869998983,1
481,2500,5,bounded,seqmar,0.15,full,0.1476729406688848,0.006741104800418547,0.1344606180440544,0.16088526329371522,1
481,2500,5,bounded,seqmar,0.15,cc,0.15049770720400446,0.00814601749233349,0.13453180630159753,0.1664636081064114,1
481,2500,5,bounded,seqmar,0.15,seq,0.15734859955431443,0.009365547615916405,0.1389924635316233,0.17570473557700556,1
482,2500,5,bounded,seqmar,0.15,full,0.15854013539355238,0.006591352028189739,0.14562132280887546,0.1714589479782293,1
482,2500,5,bounded,seqmar,0.15,cc,0.16899087414672878,0.008277273929895248,0.15276771535396177,0.1852140329394958,0
482,2500,5,bounded,seqmar,0.15,seq,0.1745780797163196,0.01105754143182534,0.15290569675238247,0.19625046268025675,0
483,2500,5,bounded,seqmar,0.15,full,0.15739327258029562,0.006640736180671425,0.14437766883534756,0.17040887632524368,1
483,2500,5,bounded,seqmar,0.15,cc,0.15992102015655868,0.008724804048221227,0.14282071844987582,0.17702132186324154,1
483,2500,5,bounded,seqmar,0.15,seq,0.14875018292884473,0.010261159922430518,0.1286386790412751,0.16886168681641436,1
484,2500,5,bounded,seqmar,0.15,full,0.1566585871994317,0.006624234152874231,0.14367532683463802,0.1696418475642254,1
484,2500,5,bounded,seqmar,0.15,cc,0.16097836713446528,0.007989207597215605,0.14531980797890892,0.17663692629002165,1
484,2500,5,bounded,seqmar,0.15,seq,0.15621448376780953,0.009871205956662056,0.13686727560877465,0.1755616919268444,1
485,2500,5,bounded,seqmar,0.15,full,0.15786572879642705,0.006602214517188557,0.14492562612452997,0.17080583146832412,1
485,2500,5,bounded,seqmar,0.15,cc,0.16461016020085625,0.007975920613542256,0.14897764305476283,0.18024267734694968,1
485,2500,5,bounded,seqmar,0.15,seq,0.15207958210130523,0.008752165317989087,0.13492565329130607,0.1692335109113044,1
486,2500,5,bounded,seqmar,0.15,full,0.13707002702289173,0.006634064759665393,0.12406749902284119,0.15007255502294226,1
486,2500,5,bounded,seqmar,0.15,cc,0.14164913914068988,0.008666571071250044,0.12466297197158308,0.1586353063097967,1
486,2500,5,bounded,seqmar,0.15,seq,0.1442605782150097,0.009160266746644906,0.1263067853028058,0.1622143711272136,1
487,2500,5,bounded,seqmar,0.15,full,0.16039338472689155,0.006741974214614148,0.1471793580815501,0.17360741137223298,1
487,2500,5,bounded,seqmar,0.15,cc,0.16084884978648126,0.008282349606566599,0.14461574285024123,0.17708195672272128,1
487,2500,5,bounded,seqmar,0.15,seq,0.15441222678905853,0.010496710817845933,0.13383905162994852,0.17498540194816853,1
488,2500,5,bounded,seqmar,0.15,full,0.14444592613224166,0.006675117065840675,0.13136293709060526,0.15752891517387807,1
488,2500,5,bounded,seqmar,0.15,cc,0.14949760524744501,0.008094509741220095,0.133632657682145,0.16536255281274503,1
488,2500,5,bounded,seqmar,0.15,seq,0.15067270425810292,0.01005267759544871,0.13096981822283074,0.1703755902933751,1
489,2500,5,bounded,seqmar,0.15,full,0.15275444568875549,0.006470354849916386,0.1400727832157253,0.16543610816178567,1
489,2500,5,bounded,seqmar,0.15,cc,0.15422644355453713,0.009141045477309144,0.13631032363796847,0.1721425634711058,1
489,2500,5,bounded,seqmar,0.15,seq,0.14800326253315824,0.017879392021330844,0.11296029810587699,0.18304622696043948,1
490,2500,5,bounded,seqmar,0.15,full,0.14807203253758608,0.0066542712971388975,0.13502990045183522,0.16111416462333694,1
490,2500,5,bounded,seqmar,0.15,cc,0.14652528228130013,0.00854446539377242,0.12977843784235732,0.16327212672024294,1
490,2500,5,bounded,seqmar,0.15,seq,0.1407069700398681,0.00978121154282647,0.12153614769076077,0.15987779238897543,1
491,2500,5,bounded,seqmar,0.15,full,0.15926685093712073,0.006753323668354401,0.14603057977120418,0.17250312210303728,1
491,2500,5,bounded,seqmar,0.15,cc,0.16228740900613378,0.008721073276863734,0.14519441947694614,0.17938039853532142,1
491,2500,5,bounded,seqmar,0.15,seq,0.14474238651782415,0.012338772428578872,0.12055883694437375,0.16892593609127454,1
492,2500,5,bounded,seqmar,0.15,full,0.13947617565197257,0.0065489329224914915,0.1266405029867206,0.15231184831722452,1
492,2500,5,bounded,seqmar,0.15,cc,0.13413055781376268,0.008179309281339869,0.11809940620392234,0.15016170942360302,1
492,2500,5,bounded,seqmar,0.15,seq,0.1339534389282615,0.009279027988183634,0.11576687825988242,0.1521399995966406,1
493,2500,5,bounded,seqmar,0.15,full,0.14482675816454657,0.0065493425156378385,0.13199028271147945,0.1576632336176137,1
493,2500,5,bounded,seqmar,0.15,cc,0.14981660516937992,0.007787790370119615,0.1345528165247976,0.16508039381396222,1
493,2500,5,bounded,seqmar,0.15,seq,0.14675725863098033,0.008696248993491803,0.1297129238031437,0.16380159345881695,1
494,2500,5,bounded,seqmar,0.15,full,0.15358745519812114,0.0065995806513507605,0.14065251480840626,0.16652239558783602,1
494,2500,5,bounded,seqmar,0.15,cc,0.15881395693849512,0.008207830215915812,0.1427269053240805,0.17490100855290974,1
494,2500,5,bounded,seqmar,0.15,seq,0.1662322652927474,0.012921157669058355,0.14090726162282952,0.19155726896266528,1
495,2500,5,bounded,seqmar,0.15,full,0.15335963772026145,0.006621554111880638,0.1403816301392923,0.1663376453012306,1
495,2500,5,bounded,seqmar,0.15,cc,0.16230587338663965,0.008734083541150765,0.1451873842080201,0.1794243625652592,1
495,2500,5,bounded,seqmar,0.15,seq,0.16561637487056344,0.013515267093143822,0.1391269381265622,0.19210581161456466,1
496,2500,5,bounded,seqmar,0.15,full,0.1512085050234041,0.006620198484875055,0.13823315442254236,0.16418385562426585,1
496,2500,5,bounded,seqmar,0.15,cc,0.1489101861445678,0.00823469664029234,0.13277047730598182,0.16504989498315378,1
496,2500,5,bounded,seqmar,0.15,seq,0.14646408141057896,0.009380274746360153,0.12807908074262248,0.16484908207853544,1
497,2500,5,bounded,seqmar,0.15,full,0.14997995107789097,0.006606484845241667,0.13703147871680763,0.16292842343897432,1
497,2500,5,bounded,seqmar,0.15,cc,0.160390983821779,0.008086273565653144,0.14454217886396054,0.17623978877959745,1
497,2500,5,bounded,seqmar,0.15,seq,0.1606318775020458,0.010031979927283663,0.14096955815094106,0.18029419685315054,1
498,2500,5,bounded,seqmar,0.15,full,0.13971231000499532,0.006746804452601466,0.12648881626716196,0.15293580374282867,1
498,2500,5,bounded,seqmar,0.15,cc,0.14033384225161163,0.008715028339263572,0.12325270058240911,0.15741498392081416,1
498,2500,5,bounded,seqmar,0.15,seq,0.1254915407229653,0.014806697433062373,0.0964709470241814,0.15451213442174924,1
499,2500,5,bounded,seqmar,0.15,full,0.14905222125119172,0.006578386740963893,0.13615882016252667,0.16194562233985677,1
499,2500,5,bounded,seqmar,0.15,cc,0.1487892583870271,0.00790850009736823,0.13328888302445388,0.16428963374960034,1
499,2500,5,bounded,seqmar,0.15,seq,0.14808441447098,0.008943813086884373,0.13055486293622862,0.1656139660057314,1
500,2500,5,bounded,seqmar,0.15,full,0.1462366777887103,0.006613940790433408,0.13327359204358044,0.15919976353384016,1
500,2500,5,bounded,seqmar,0.15,cc,0.1555369465996641,0.00805622608964988,0.1397470336126384,0.1713268595866898,1
500,2500,5,bounded,seqmar,0.15,seq,0.15639622080463547,0.008582487675849366,0.13957485406221184,0.1732175875470591,1
501,2500,5,bounded,seqmar,0.15,full,0.1568537294276387,0.006864125025597654,0.14340029159208723,0.17030716726319017,1
501,2500,5,bounded,seqmar,0.15,cc,0.1547962932821441,0.00871341229740749,0.137718318996777,0.17187426756751117,1
501,2500,5,bounded,seqmar,0.15,seq,0.15062384055766928,0.01131346567769391,0.12844985528905917,0.1727978258262794,1
502,2500,5,bounded,seqmar,0.15,full,0.15450470505213743,0.006623762403398835,0.14152236929932524,0.1674870408049496,1
502,2500,5,bounded,seqmar,0.15,cc,0.1529002212717388,0.008175582637560335,0.13687637374948958,0.16892406879398802,1
502,2500,5,bounded,seqmar,0.15,seq,0.14798911610877113,0.009227468962657586,0.12990360927350109,0.16607462294404118,1
503,2500,5,bounded,seqmar,0.15,full,0.1570302891516641,0.006782050818425513,0.14373771380622968,0.1703228644970985,1
503,2500,5,bounded,seqmar,0.15,cc,0.16230357509961657,0.008107847177349036,0.14641248663985773,0.1781946635593754,1
503,2500,5,bounded,seqmar,0.15,seq,0.16428906580125124,0.010288276440536365,0.14412441451480804,0.18445371708769445,1
504,2500,5,bounded,seqmar,0.15,full,0.1513539938052868,0.006557449890591621,0.13850162818930112,0.16420635942127249,1
504,2500,5,bounded,seqmar,0.15,cc,0.15244874250171456,0.008087111989794669,0.13659829426277495,0.16829919074065416,1
504,2500,5,bounded,seqmar,0.15,seq,0.14297767758001637,0.009117596333077653,0.1251075171416097,0.16084783801842303,1
505,2500,5,bounded,seqmar,0.15,full,0.1343743274760406,0.006778026353151789,0.12108963993759973,0.14765901501448148,0
505,2500,5,bounded,seqmar,0.15,cc,0.13508475643820161,0.008747653014644191,0.11793967158024576,0.15222984129615746,1
505,2500,5,bounded,seqmar,0.15,seq,0.1430277008999594,0.011404237272757823,0.12067580657420476,0.16537959522571402,1
506,2500,5,bounded,seqmar,0.15,full,0.15021589775540267,0.006654761555743655,0.13717280478044336,0.16325899073036199,1
506,2500,5,bounded,seqmar,0.15,cc,0.14744543281109346,0.010256396219861881,0.12734326560899142,0.1675476000131955,1
506,2500,5,bounded,seqmar,0.15,seq,0.13620684429770574,0.015832529880151876,0.10517565594845381,0.1672380326469577,1
507,2500,5,bounded,seqmar,0.15,full,0.15088883264701333,0.006680281143691581,0.13779572219877578,0.16398194309525088,1
507,2500,5,bounded,seqmar,0.15,cc,0.1546304148593856,0.008614895273844696,0.1377455303920657,0.17151529932670553,1
507,2500,5,bounded,seqmar,0.15,seq,0.16500371890930873,0.01495680010593663,0.13568892937770807,0.1943185084409094,1
508,2500,5,bounded,seqmar,0.15,full,0.1426769238724082,0.006547053895262386,0.12984493403285127,0.15550891371196515,1
508,2500,5,bounded,seqmar,0.15,cc,0.1490770958571928,0.008230012361800619,0.13294656803574417,0.16520762367864145,1
508,2500,5,bounded,seqmar,0.15,seq,0.13407896167414338,0.01149787024341906,0.11154355009812723,0.15661437325015953,1
509,2500,5,bounded,seqmar,0.15,full,0.14995695717204738,0.006608773556549577,0.13700399901922952,0.16290991532486523,1
509,2500,5,bounded,seqmar,0.15,cc,0.1581776076093321,0.007858179422407697,0.14277585895735925,0.17357935626130497,1
509,2500,5,bounded,seqmar,0.15,seq,0.15980532431176508,0.00899614106527279,0.14217321182398862,0.17743743679954155,1
510,2500,5,bounded,seqmar,0.15,full,0.1524920797189303,0.006606863194109252,0.1395428658076929,0.1654412936301677,1
510,2500,5,bounded,seqmar,0.15,cc,0.1548175688751579,0.007830194566796338,0.13947066953229587,0.17016446821801995,1
510,2500,5,bounded,seqmar,0.15,seq,0.15340129873628372,0.008982734753673508,0.13579546213640736,0.17100713533616008,1
511,2500,5,bounded,seqmar,0.15,full,0.15315891314228097,0.006779256170946451,0.13987181520525502,0.16644601107930693,1
511,2500,5,bounded,seqmar,0.15,cc,0.15276289113970132,0.008635433534745333,0.13583775242071106,0.16968802985869158,1
511,2500,5,bounded,seqmar,0.15,seq,0.1578653304223575,0.009732635444875008,0.13878971547574454,0.17694094536897048,1
512,2500,5,bounded,seqmar,0.15,full,0.15042236156458233,0.0066443835984761656,0.1373996090121004,0.16344511411706425,1
512,2500,5,bounded,seqmar,0.15,cc,0.16022990458977146,0.00816741114650151,0.1442220728956975,0.17623773628384543,1
512,2500,5,bounded,seqmar,0.15,seq,0.1451465804141005,0.011023208606977457,0.12354148855035274,0.16675167227784826,1
513,2500,5,bounded,seqmar,0.15,full,0.15472510996704045,0.006699727312741952,0.1415938857278269,0.16785633420625398,1
513,2500,5,bounded,seqmar,0.15,cc,0.15467206526939162,0.008151604834867042,0.13869521337684965,0.1706489171619336,1
513,2500,5,bounded,seqmar,0.15,seq,0.15142941468741272,0.010361933335918876,0.13112039853880675,0.1717384308360187,1
514,2500,5,bounded,seqmar,0.15,full,0.14510511522212174,0.00670425020539956,0.13196502627619336,0.15824520416805013,1
514,2500,5,bounded,seqmar,0.15,cc,0.14433038020679445,0.008579208775355973,0.12751543999124676,0.16114532042234214,1
514,2500,5,bounded,seqmar,0.15,seq,0.1328170944131771,0.009647277158266476,0.11390877863409889,0.1517254101922553,1
515,2500,5,bounded,seqmar,0.15,full,0.15553101400605343,0.006628018589753839,0.14254033628127394,0.16852169173083292,1
515,2500,5,bounded,seqmar,0.15,cc,0.15735415334175604,0.008065471436680308,0.1415461198075261,0.17316218687598597,1
515,2500,5,bounded,seqmar,0.15,seq,0.15373093445084174,0.00958475506338672,0.13494515972596585,0.17251670917571763,1
516,2500,5,bounded,seqmar,0.15,full,0.14029954761628474,0.0065765453562437425,0.12740975557535286,0.15318933965721662,1
516,2500,5,bounded,seqmar,0.15,cc,0.14396412758496208,0.008671128749108283,0.1269690275314,0.16095922763852416,1
516,2500,5,bounded,seqmar,0.15,seq,0.14055579057185366,0.010176537521499756,0.12061014354239363,0.1605014376013137,1
517,2500,5,bounded,seqmar,0.15,full,0.1675967108016648,0.006712134615235087,0.1544411686964194,0.1807522529069102,0
517,2500,5,bounded,seqmar,0.15,cc,0.17402312688955904,0.007613332730882862,0.15910126893470866,0.1889449848444094,0
517,2500,5,bounded,seqmar,0.15,seq,0.16367700013168454,0.008502299359721806,0.14701279960085184,0.18034120066251724,1
518,2500,5,bounded,seqmar,0.15,full,0.15031881605023614,0.00664358895411735,0.137297620972078,0.16334001112839427,1
518,2500,5,bounded,seqmar,0.15,cc,0.1619142982145575,0.008944891319901277,0.14438263338192603,0.17944596304718896,1
518,2500,5,bounded,seqmar,0.15,seq,0.15803867134692465,0.010193258106737442,0.13806025257259832,0.17801709012125097,1
519,2500,5,bounded,seqmar,0.15,full,0.14667905619092392,0.0065860416431000645,0.1337706517697668,0.15958746061208104,1
519,2500,5,bounded,seqmar,0.15,cc,0.14488692722289911,0.008685318444882118,0.12786401587666874,0.1619098385691295,1
519,2500,5,bounded,seqmar,0.15,seq,0.12327857662109881,0.017069549985308612,0.08982287341758773,0.1567342798246099,1
520,2500,5,bounded,seqmar,0.15,full,0.14297453167557034,0.006563865087060338,0.1301095925055522,0.15583947084558847,1
520,2500,5,bounded,seqmar,0.15,cc,0.14855894492001104,0.008343562412760852,0.13220586308823765,0.16491202675178443,1
520,2500,5,bounded,seqmar,0.15,seq,0.14448520686548075,0.009582341856690336,0.125704161938817,0.1632662517921445,1
521,2500,5,bounded,seqmar,0.15,full,0.15003218679120295,0.0066477245769232226,0.13700288604129165,0.16306148754111424,1
521,2500,5,bounded,seqmar,0.15,cc,0.15539811475271895,0.008020042711134144,0.13967911988442305,0.17111710962101484,1
521,2500,5,bounded,seqmar,0.15,seq,0.1485547052148472,0.0090925072412538,0.13073371849282012,0.1663756919368743,1
522,2500,5,bounded,seqmar,0.15,full,0.15088455219910976,0.006687723179835174,0.13777685562805914,0.1639922487701604,1
522,2500,5,bounded,seqmar,0.15,cc,0.15458823256175055,0.008562995212335693,0.13780507034578368,0.17137139477771743,1
522,2500,5,bounded,seqmar,0.15,seq,0.15204416425976716,0.009527263992514407,0.13337106996323364,0.17071725855630068,1
523,2500,5,bounded,seqmar,0.15,full,0.14664296098724577,0.0068489484294823565,0.1332192687334882,0.16006665324100336,1
523,2500,5,bounded,seqmar,0.15,cc,0.1486298314588887,0.008434029063407726,0.13209943825004547,0.16516022466773192,1
523,2500,5,bounded,seqmar,0.15,seq,0.14166836383799378,0.009792605355413413,0.12247521002656943,0.1608615176494181,1
524,2500,5,bounded,seqmar,0.15,full,0.14332988445146502,0.006575220529529571,0.13044268902317868,0.15621707987975136,1
524,2500,5,bounded,seqmar,0.15,cc,0.15070780850490217,0.008660937720122197,0.13373268250111822,0.16768293450868613,1
524,2500,5,bounded,seqmar,0.15,seq,0.14780383447789364,0.012895342030454076,0.12252942852987804,0.17307824042590925,1
525,2500,5,bounded,seqmar,0.15,full,0.13821701380176915,0.006641908250217744,0.12519911284272292,0.15123491476081538,1
525,2500,5,bounded,seqmar,0.15,cc,0.14804655970329914,0.008757114639184958,0.13088293040200816,0.1652101890045901,1
525,2500,5,bounded,seqmar,0.15,seq,0.13981012272528798,0.010481651174236833,0.11926646392527182,0.16035378152530413,1
526,2500,5,bounded,seqmar,0.15,full,0.15211540969221474,0.006641279121640036,0.13909874180252246,0.165132077581907,1
526,2500,5,bounded,seqmar,0.15,cc,0.16013246104960982,0.008640892064695222,0.14319662380850923,0.1770682982907104,1
526,2500,5,bounded,seqmar,0.15,seq,0.15277409509013415,0.010871234236269775,0.1314668675195466,0.1740813226607217,1
527,2500,5,bounded,seqmar,0.15,full,0.14973688356266987,0.006762595296603096,0.13648244033930784,0.1629913267860319,1
527,2500,5,bounded,seqmar,0.15,cc,0.17278913237769405,0.012405958530264249,0.14847390046467868,0.19710436429070943,1
527,2500,5,bounded,seqmar,0.15,seq,0.19042987059103783,0.029498645487193026,0.1326135878434245,0.24824615333865116,1
528,2500,5,bounded,seqmar,0.15,full,0.15987738339931024,0.006663920258410056,0.1468163396969797,0.17293842710164078,1
528,2500,5,bounded,seqmar,0.15,cc,0.1566369384131305,0.00884667768944102,0.13929776875899208,0.17397610806726893,1
528,2500,5,bounded,seqmar,0.15,seq,0.1433403454907451,0.011415352373860838,0.12096666596714403,0.16571402501434615,1
529,2500,5,bounded,seqmar,0.15,full,0.148331599781237,0.006640876793375865,0.13531572044045245,0.16134747912202155,1
529,2500,5,bounded,seqmar,0.15,cc,0.16396480696845575,0.010535396411693146,0.14331580943868466,0.18461380449822684,1
529,2500,5,bounded,seqmar,0.15,seq,0.20492342668835076,0.035042411826229254,0.13624156157752096,0.2736052917991806,1
530,2500,5,bounded,seqmar,0.15,full,0.15206239298375027,0.006490899311115179,0.13934046410668866,0.16478432186081188,1
530,2500,5,bounded,seqmar,0.15,cc,0.1546087501633903,0.00781822230381524,0.13928531602478464,0.16993218430199594,1
530,2500,5,bounded,seqmar,0.15,seq,0.15290387688734414,0.008785808771573948,0.1356840081200031,0.17012374565468516,1
531,2500,5,bounded,seqmar,0.15,full,0.15895479885683594,0.006747788848467836,0.145729375738558,0.1721802219751139,1
531,2500,5,bounded,seqmar,0.15,cc,0.16503749659485215,0.008353911969223584,0.14866413000515583,0.18141086318454847,1
531,2500,5,bounded,seqmar,0.15,seq,0.16294698456704074,0.0108296191554367,0.14172132105609972,0.18417264807798175,1
532,2500,5,bounded,seqmar,0.15,full,0.14722393789603527,0.006549648894224103,0.13438686195197344,0.1600610138400971,1
532,2500,5,bounded,seqmar,0.15,cc,0.1537397976813353,0.008062428384712972,0.13793772841936444,0.16954186694330617,1
532,2500,5,bounded,seqmar,0.15,seq,0.1446555663817481,0.009680675442582993,0.12568179116826408,0.1636293415952321,1
533,2500,5,bounded,seqmar,0.15,full,0.15208717212500866,0.00682912263420093,0.13870233771596754,0.16547200653404978,1
533,2500,5,bounded,seqmar,0.15,cc,0.16149626356236646,0.008118607651378593,0.1455840849610531,0.17740844216367982,1
533,2500,5,bounded,seqmar,0.15,seq,0.16103583812498445,0.010399420646881864,0.14065334819701378,0.18141832805295513,1
534,2500,5,bounded,seqmar,0.15,full,0.14138938204846463,0.00665586837643856,0.12834411974480597,0.15443464435212328,1
534,2500,5,bounded,seqmar,0.15,cc,0.13336510181608446,0.011171850411942552,0.1114686773680081,0.15526152626416084,1
534,2500,5,bounded,seqmar,0.15,seq,0.12432596147371783,0.013164241412704714,0.09852452242102591,0.15012740052640974,1
535,2500,5,bounded,seqmar,0.15,full,0.15334151507494959,0.0064346310422736565,0.1407298699782898,0.16595316017160938,1
535,2500,5,bounded,seqmar,0.15,cc,0.16275669252849143,0.007794905272661078,0.14747895893117435,0.1780344261258085,1
535,2500,5,bounded,seqmar,0.15,seq,0.1547730253992681,0.009412082578604168,0.13632568252568705,0.17322036827284915,1
536,2500,5,bounded,seqmar,0.15,full,0.14467565057623646,0.006837164598820089,0.13127505420617686,0.15807624694629607,1
536,2500,5,bounded,seqmar,0.15,cc,0.15064698849695216,0.008006370948666524,0.13495478979069797,0.16633918720320634,1
536,2500,5,bounded,seqmar,0.15,seq,0.13591128512555534,0.009985789339224995,0.11633949766347032,0.15548307258764035,1
537,2500,5,bounded,seqmar,0.15,full,0.14028496848097066,0.006584504354886569,0.12737957708934586,0.15319035987259547,1
537,2500,5,bounded,seqmar,0.15,cc,0.13981317036369495,0.008895205201031901,0.12237888853457905,0.15724745219281083,1
537,2500,5,bounded,seqmar,0.15,seq,0.13151934719248284,0.009186282250394712,0.11351456482988964,0.14952412955507605,0
538,2500,5,bounded,seqmar,0.15,full,0.14218196139967396,0.006547288391831525,0.129349511955287,0.15501441084406092,1
538,2500,5,bounded,seqmar,0.15,cc,0.13558911435031235,0.008427417809704544,0.11907167896062001,0.15210654974000468,1
538,2500,5,bounded,seqmar,0.15,seq,0.13526260742491278,0.01585395445763465,0.10418942767541062,0.16633578717441494,1
539,2500,5,bounded,seqmar,0.15,full,0.14200893346315974,0.006538191050247346,0.12919431448063282,0.15482355244568666,1
539,2500,5,bounded,seqmar,0.15,cc,0.15606395332354392,0.009644847406539222,0.1371603997703425,0.17496750687674534,1
539,2500,5,bounded,seqmar,0.15,seq,0.17026812908848743,0.02124119679206927,0.12863614838750392,0.21190010978947094,1
540,2500,5,bounded,seqmar,0.15,full,0.14177138125129163,0.006821799629469703,0.12840089966778231,0.15514186283480094,1
540,2500,5,bounded,seqmar,0.15,cc,0.14607218372093092,0.008343100047343528,0.1297200081087232,0.16242435933313865,1
540,2500,5,bounded,seqmar,0.15,seq,0.13330166031564022,0.011956293593092287,0.10986775548459235,0.1567355651466881,1
541,2500,5,bounded,seqmar,0.15,full,0.1631532061232217,0.006482401956447296,0.15044793175527302,0.1758584804911704,0
541,2500,5,bounded,seqmar,0.15,cc,0.16472539966201122,0.0077539456385732316,0.14952794547232626,0.17992285385169618,1
541,2500,5,bounded,seqmar,0.15,seq,0.16583445953422166,0.008126110395605679,0.149907575824438,0.1817613432440053,1
542,2500,5,bounded,seqmar,0.15,full,0.14667001300040639,0.006526043261713017,0.13387920324589858,0.1594608227549142,1
542,2500,5,bounded,seqmar,0.15,cc,0.14694972646346155,0.008101473802683758,0.13107112958850664,0.16282832333841646,1
542,2500,5,bounded,seqmar,0.15,seq,0.1429226279374853,0.008943525211166498,0.12539364062877298,0.16045161524619764,1
543,2500,5,bounded,seqmar,0.15,full,0.15363962547346197,0.0067416000935158005,0.14042633209199915,0.1668529188549248,1
543,2500,5,bounded,seqmar,0.15,cc,0.1563123990992045,0.008295749849243998,0.14005302816993268,0.17257177002847632,1
543,2500,5,bounded,seqmar,0.15,seq,0.1528910184575621,0.009265627084544177,0.13473072307767664,0.17105131383744754,1
544,2500,5,bounded,seqmar,0.15,full,0.15564105765608527,0.006749946293169566,0.14241140602389327,0.16887070928827727,1
544,2500,5,bounded,seqmar,0.15,cc,0.15466738979938824,0.008621077279107292,0.13777038882440137,0.1715643907743751,1
544,2500,5,bounded,seqmar,0.15,seq,0.14846132559745076,0.010241536993589349,0.12838828194368102,0.1685343692512205,1
545,2500,5,bounded,seqmar,0.15,full,0.15677302584346844,0.0066555406829159405,0.14372840580731208,0.1698176458796248,1
545,2500,5,bounded,seqmar,0.15,cc,0.15661534954909606,0.007917951070700046,0.1410964506191736,0.1721342484790185,1
545,2500,5,bounded,seqmar,0.15,seq,0.1598635950965765,0.007914200215485428,0.14435204770778592,0.17537514248536706,1
546,2500,5,bounded,seqmar,0.15,full,0.14688695100168075,0.006592842477255889,0.13396521719051338,0.15980868481284813,1
546,2500,5,bounded,seqmar,0.15,cc,0.146515512440811,0.008605152892230551,0.12964972269057845,0.16338130219104358,1
546,2500,5,bounded,seqmar,0.15,seq,0.14806323050890072,0.010669791617329503,0.12715082321638752,0.16897563780141392,1
547,2500,5,bounded,seqmar,0.15,full,0.15131208122237047,0.006600661488290587,0.13837502243118038,0.16424914001356056,1
547,2500,5,bounded,seqmar,0.15,cc,0.1562412886178492,0.008197216524892904,0.14017503945558252,0.17230753778011587,1
547,2500,5,bounded,seqmar,0.15,seq,0.1472169005189621,0.008840077500946104,0.1298906669965649,0.1645431340413593,1
548,2500,5,bounded,seqmar,0.15,full,0.15031225391654043,0.00667956034070873,0.13722055621618923,0.16340395161689164,1
548,2500,5,bounded,seqmar,0.15,cc,0.158314453240521,0.008474306263524523,0.14170511817005074,0.17492378831099128,1
548,2500,5,bounded,seqmar,0.15,seq,0.15354966332164785,0.010157148337709426,0.1336420183941065,0.1734573082491892,1
549,2500,5,bounded,seqmar,0.15,full,0.15248316084265356,0.006734826648682998,0.1392831431691143,0.16568317851619282,1
549,2500,5,bounded,seqmar,0.15,cc,0.1596394719681034,0.00809374091452464,0.14377603127543684,0.17550291266076998,1
549,2500,5,bounded,seqmar,0.15,seq,0.15092695015419597,0.008340433721553353,0.13458000044450802,0.1672738998638839,1
550,2500,5,bounded,seqmar,0.15,full,0.14156595105921238,0.0065498353632312024,0.1287285096426124,0.15440339247581236,1
550,2500,5,bounded,seqmar,0.15,cc,0.15094381560613518,0.008163884574910447,0.13494289586536862,0.16694473534690174,1
550,2500,5,bounded,seqmar,0.15,seq,0.1481960189602572,0.00916257076162587,0.13023771026167075,0.16615432765884364,1
551,2500,5,bounded,seqmar,0.15,full,0.149301503585093,0.006577003476465044,0.13641081364502677,0.16219219352515923,1
551,2500,5,bounded,seqmar,0.15,cc,0.15560819754314012,0.007891158790833642,0.14014181051681954,0.1710745845694607,1
551,2500,5,bounded,seqmar,0.15,seq,0.16549857308902802,0.00888997222904325,0.148074547696542,0.18292259848151404,1
552,2500,5,bounded,seqmar,0.15,full,0.15666704306991983,0.006719963846158503,0.1434961559540379,0.16983793018580176,1
552,2500,5,bounded,seqmar,0.15,cc,0.15646136346216816,0.008463015035324394,0.13987415879231138,0.17304856813202493,1
552,2500,5,bounded,seqmar,0.15,seq,0.13919530590654067,0.015955316116061675,0.10792346095710828,0.17046715085597305,1
553,2500,5,bounded,seqmar,0.15,full,0.15670258622992725,0.006477054312081903,0.14400779305233685,0.16939737940751765,1
553,2500,5,bounded,seqmar,0.15,cc,0.1655290981871684,0.007639400517228624,0.15055614830992364,0.18050204806441317,0
553,2500,5,bounded,seqmar,0.15,seq,0.1606494757301247,0.008072962715043833,0.1448267595601041,0.1764721919001453,1
554,2500,5,bounded,seqmar,0.15,full,0.16044717859719396,0.00655698100397902,0.14759573198208178,0.17329862521230613,1
554,2500,5,bounded,seqmar,0.15,cc,0.1668532169235508,0.007646522908087963,0.1518663074167379,0.18184012643036368,0
554,2500,5,bounded,seqmar,0.15,seq,0.16636550527713298,0.009091128724795255,0.14854722039771673,0.18418379015654923,1
555,2500,5,bounded,seqmar,0.15,full,0.14374077737487784,0.006746956515096491,0.13051698560003083,0.15696456914972484,1
555,2500,5,bounded,seqmar,0.15,cc,0.14443804559059772,0.008593065435697819,0.12759594681983402,0.16128014436136143,1
555,2500,5,bounded,seqmar,0.15,seq,0.13217584005940083,0.009701817218468028,0.11316062772661294,0.15119105239218875,1
556,2500,5,bounded,seqmar,0.15,full,0.15003265026205062,0.006768969941898805,0.13676571296349477,0.16329958756060647,1
556,2500,5,bounded,seqmar,0.15,cc,0.14953127635654193,0.009030581557039404,0.13183166174529304,0.1672308909677908,1
556,2500,5,bounded,seqmar,0.15,seq,0.14156760919494235,0.011790895755966545,0.11845787816778175,0.16467734022210295,1
557,2500,5,bounded,seqmar,0.15,full,0.15419187477180277,0.006721245445050337,0.14101847576825022,0.16736527377535532,1
557,2500,5,bounded,seqmar,0.15,cc,0.16352979036714851,0.00829445199327235,0.14727296318883826,0.17978661754545877,1
557,2500,5,bounded,seqmar,0.15,seq,0.15031251664066067,0.009481585635927296,0.13172895027791087,0.16889608300341047,1
558,2500,5,bounded,seqmar,0.15,full,0.144144666157915,0.00665753933682124,0.13109612883208668,0.1571932034837433,1
558,2500,5,bounded,seqmar,0.15,cc,0.1504331884092112,0.008070572906051742,0.134615156178745,0.16625122063967737,1
558,2500,5,bounded,seqmar,0.15,seq,0.14303499996562036,0.008969440053629223,0.12545522049901608,0.16061477943222463,1
559,2500,5,bounded,seqmar,0.15,full,0.1498566413068429,0.006656033613293702,0.13681105514489925,0.16290222746878655,1
559,2500,5,bounded,seqmar,0.15,cc,0.15614577875099397,0.008166823595621583,0.14013909863548377,0.17215245886650418,1
559,2500,5,bounded,seqmar,0.15,seq,0.15864410074103216,0.008518697882820139,0.1419477596955271,0.17534044178653724,1
560,2500,5,bounded,seqmar,0.15,full,0.15118405451872446,0.006615344696040649,0.1382182171691667,0.16414989186828222,1
560,2500,5,bounded,seqmar,0.15,cc,0.15922351031284096,0.00829748658778563,0.14296073543857699,0.17548628518710493,1
560,2500,5,bounded,seqmar,0.15,seq,0.14612807546965795,0.00969710644029023,0.1271220960924377,0.1651340548468782,1
561,2500,5,bounded,seqmar,0.15,full,0.15010868558918333,0.00667045213324664,0.13703483964742155,0.1631825315309451,1
561,2500,5,bounded,seqmar,0.15,cc,0.15449343832581902,0.009639888917380079,0.13559960323278725,0.1733872734188508,1
561,2500,5,bounded,seqmar,0.15,seq,0.1445763688193645,0.014008301435388684,0.11712060252142194,0.17203213511730706,1
562,2500,5,bounded,seqmar,0.15,full,0.15634096381546456,0.006610266621152433,0.14338507930979852,0.1692968483211306,1
562,2500,5,bounded,seqmar,0.15,cc,0.1514197884552606,0.008938147586234962,0.13390134109773646,0.16893823581278475,1
562,2500,5,bounded,seqmar,0.15,seq,0.12005907909743392,0.012516738644601497,0.09552672215011429,0.14459143604475355,0
563,2500,5,bounded,seqmar,0.15,full,0.14031390943168162,0.006667746041352923,0.12724536733257039,0.15338245153079286,1
563,2500,5,bounded,seqmar,0.15,cc,0.1454524116068781,0.009326057829232976,0.12717367414384367,0.16373114906991254,1
563,2500,5,bounded,seqmar,0.15,seq,0.1458764078606448,0.012443126412514998,0.12148832823703631,0.17026448748425327,1
564,2500,5,bounded,seqmar,0.15,full,0.13766228501050568,0.006683724593863279,0.12456242552394906,0.1507621444970623,1
564,2500,5,bounded,seqmar,0.15,cc,0.13415010582054407,0.00844518195118457,0.11759785335333461,0.15070235828775352,1
564,2500,5,bounded,seqmar,0.15,seq,0.12595411578620744,0.010652918479559006,0.10507477923603059,0.14683345233638428,0
565,2500,5,bounded,seqmar,0.15,full,0.1515415763950223,0.006712354982643071,0.1383856023775939,0.1646975504124507,1
565,2500,5,bounded,seqmar,0.15,cc,0.15489145140980373,0.00836678492250563,0.13849285429529995,0.17129004852430751,1
565,2500,5,bounded,seqmar,0.15,seq,0.1472413579383183,0.010085652224356145,0.12747384281798396,0.16700887305865264,1
566,2500,5,bounded,seqmar,0.15,full,0.15402239120130384,0.006445674103445648,0.14138910210246786,0.16665568030013983,1
566,2500,5,bounded,seqmar,0.15,cc,0.1563046931404439,0.00889637135333922,0.13886812569480517,0.17374126058608264,1
566,2500,5,bounded,seqmar,0.15,seq,0.15238504793385813,0.009756464322850048,0.13326272924462207,0.17150736662309418,1
567,2500,5,bounded,seqmar,0.15,full,0.14491044068252348,0.006562816748054711,0.13204755621919997,0.157773325145847,1
567,2500,5,bounded,seqmar,0.15,cc,0.1394831727136147,0.012929287080861494,0.11414223568934717,0.16482410973788225,1
567,2500,5,bounded,seqmar,0.15,seq,0.08032758839558464,0.046445639645616314,-0.01070419254874902,0.1713593693399183,1
568,2500,5,bounded,seqmar,0.15,full,0.1401064469047476,0.006794018374255524,0.1267904155809034,0.1534224782285918,1
568,2500,5,bounded,seqmar,0.15,cc,0.1370234731239034,0.008350639394755291,0.12065652066230168,0.1533904255855051,1
568,2500,5,bounded,seqmar,0.15,seq,0.13821835003383184,0.011433634261037624,0.11580883866979487,0.16062786139786883,1
569,2500,5,bounded,seqmar,0.15,full,0.15378323651937312,0.006676607690970414,0.14069732590616799,0.16686914713257825,1
569,2500,5,bounded,seqmar,0.15,cc,0.15931421927226713,0.008673917520503577,0.14231365332720916,0.1763147852173251,1
569,2500,5,bounded,seqmar,0.15,seq,0.16256866835435554,0.01771090575097249,0.12785593094886616,0.19728140575984493,1
570,2500,5,bounded,seqmar,0.15,full,0.155843176908912,0.006552245849141033,0.1430010110267435,0.1686853427910805,1
570,2500,5,bounded,seqmar,0.15,cc,0.1529094208977481,0.008305358197698237,0.13663121795155506,0.16918762384394112,1
570,2500,5,bounded,seqmar,0.15,seq,0.13802306354967608,0.011380871154662877,0.11571696597384606,0.1603291611255061,1
571,2500,5,bounded,seqmar,0.15,full,0.14160309596569315,0.006713495222506888,0.12844488711919794,0.15476130481218836,1
571,2500,5,bounded,seqmar,0.15,cc,0.1365912782861809,0.009724023077128698,0.11753254327017229,0.1556500133021895,1
571,2500,5,bounded,seqmar,0.15,seq,0.11688342228123734,0.017755364588973664,0.08208354715447114,0.15168329740800354,1
572,2500,5,bounded,seqmar,0.15,full,0.14853559135112807,0.006563492866486554,0.13567138172002885,0.16139980098222728,1
572,2500,5,bounded,seqmar,0.15,cc,0.14946649166600948,0.008313596465537653,0.1331721420115562,0.16576084132046276,1
572,2500,5,bounded,seqmar,0.15,seq,0.13615977271938318,0.010582307557985011,0.11541883103240655,0.1569007144063598,1
573,2500,5,bounded,seqmar,0.15,full,0.15815130426486798,0.006726878295520821,0.14496686507726297,0.171335743452473,1
573,2500,5,bounded,seqmar,0.15,cc,0.16164795703472018,0.007957964199218593,0.1460506338139926,0.17724528025544775,1
573,2500,5,bounded,seqmar,0.15,seq,0.1577069250330505,0.008198904858171418,0.14163736679836406,0.17377648326773695,1
574,2500,5,bounded,seqmar,0.15,full,0.14628670560936197,0.00660482515533685,0.13334148618071756,0.15923192503800637,1
574,2500,5,bounded,seqmar,0.15,cc,0.14648966766633612,0.00789561797469886,0.13101454080023928,0.16196479453243295,1
574,2500,5,bounded,seqmar,0.15,seq,0.15866928575590583,0.010342970629865058,0.13839743582821476,0.1789411356835969,1
575,2500,5,bounded,seqmar,0.15,full,0.14442877561470574,0.006635478360933917,0.1314234770070804,0.15743407422233108,1
575,2500,5,bounded,seqmar,0.15,cc,0.1539489487762854,0.008267919882552523,0.1377441235794198,0.17015377397315098,1
575,2500,5,bounded,seqmar,0.15,seq,0.14040539673663516,0.01037406841194459,0.12007259627606913,0.16073819719720117,1
576,2500,5,bounded,seqmar,0.15,full,0.14563231687964734,0.00677057275357122,0.13236223812793957,0.1589023956313551,1
576,2500,5,bounded,seqmar,0.15,cc,0.14965455807681524,0.008818778897652374,0.13237006904979476,0.16693904710383572,1
576,2500,5,bounded,seqmar,0.15,seq,0.14190213024732234,0.01217939602341091,0.1180309526879866,0.16577330780665808,1
577,2500,5,bounded,seqmar,0.15,full,0.13097182778753128,0.006635182905687136,0.11796710826154866,0.1439765473135139,0
577,2500,5,bounded,seqmar,0.15,cc,0.1384316367394458,0.008197262985933724,0.12236529651521244,0.15449797696367917,1
577,2500,5,bounded,seqmar,0.15,seq,0.11839823901362863,0.014400327594975013,0.0901741155618993,0.14662236246535795,0
578,2500,5,bounded,seqmar,0.15,full,0.14965702938804942,0.006690005031246029,0.13654486047041545,0.1627691983056834,1
578,2500,5,bounded,seqmar,0.15,cc,0.14868030913494643,0.010299786601171465,0.12849309834820213,0.16886751992169072,1
578,2500,5,bounded,seqmar,0.15,seq,0.13852715345871344,0.018182351861621874,0.10289039865569977,0.17416390826172712,1
579,2500,5,bounded,seqmar,0.15,full,0.1539341875005105,0.006639116117908117,0.1409217590202312,0.16694661598078978,1
579,2500,5,bounded,seqmar,0.15,cc,0.1594288365829485,0.008273094338674182,0.1432138696384449,0.17564380352745212,1
579,2500,5,bounded,seqmar,0.15,seq,0.15785218885243962,0.010563744315360031,0.13714763045244424,0.178556747252435,1
580,2500,5,bounded,seqmar,0.15,full,0.14895746716696445,0.006780778570828154,0.1356673853810003,0.16224754895292862,1
580,2500,5,bounded,seqmar,0.15,cc,0.15183185055360265,0.011143825209987628,0.1299903544920174,0.1736733466151879,1
580,2500,5,bounded,seqmar,0.15,seq,0.14109859987607565,0.0185263698856369,0.10478758213595987,0.17740961761619142,1
581,2500,5,bounded,seqmar,0.15,full,0.14956659214221646,0.006919670073029413,0.13600428801417916,0.16312889627025376,1
581,2500,5,bounded,seqmar,0.15,cc,0.15945527541744411,0.009180352660159452,0.1414621148381551,0.17744843599673313,1
581,2500,5,bounded,seqmar,0.15,seq,0.14765848857771452,0.012796703309783709,0.12257741096969395,0.1727395661857351,1
582,2500,5,bounded,seqmar,0.15,full,0.15405004330210104,0.00650758135542272,0.14129541821900815,0.16680466838519392,1
582,2500,5,bounded,seqmar,0.15,cc,0.15965352874885622,0.008029477375491936,0.14391604227821284,0.1753910152194996,1
582,2500,5,bounded,seqmar,0.15,seq,0.1515920378076215,0.009229967756207928,0.133501633426988,0.169682442188255,1
583,2500,5,bounded,seqmar,0.15,full,0.14154149842114624,0.0066211620231420255,0.12856425931998353,0.15451873752230896,1
583,2500,5,bounded,seqmar,0.15,cc,0.14130877306994777,0.008770971348962374,0.12411798511654883,0.15849956102334672,1
583,2500,5,bounded,seqmar,0.15,seq,0.13544821411718572,0.010091088160752024,0.11567004475729321,0.15522638347707823,1
584,2500,5,bounded,seqmar,0.15,full,0.14871214372222843,0.00681165183313232,0.13536155145406284,0.16206273599039403,1
584,2500,5,bounded,seqmar,0.15,cc,0.14031411656695297,0.009372385251180181,0.12194457902540543,0.15868365410850052,1
584,2500,5,bounded,seqmar,0.15,seq,0.1358085057417458,0.013456685182796881,0.10943388743217011,0.1621831240513215,1
585,2500,5,bounded,seqmar,0.15,full,0.15162893304109998,0.006601821471901079,0.13868960072381065,0.1645682653583893,1
585,2500,5,bounded,seqmar,0.15,cc,0.15391875365227214,0.008152912616267032,0.13793933855528653,0.16989816874925776,1
585,2500,5,bounded,seqmar,0.15,seq,0.1471704302883424,0.009489550823731539,0.12857125244436618,0.1657696081323186,1
586,2500,5,bounded,seqmar,0.15,full,0.1585875038537247,0.00684419276245061,0.14517313253607178,0.1720018751713776,1
586,2500,5,bounded,seqmar,0.15,cc,0.15453666120135132,0.008768371994931766,0.13735096788823542,0.1717223545144672,1
586,2500,5,bounded,seqmar,0.15,seq,0.15234739254558535,0.009731517594256481,0.13327396854592477,0.17142081654524594,1
587,2500,5,bounded,seqmar,0.15,full,0.14646737660547737,0.006889548979211529,0.13296410873649808,0.15997064447445666,1
587,2500,5,bounded,seqmar,0.15,cc,0.15618501923750405,0.008901395246679895,0.13873860514185543,0.17363143333315267,1
587,2500,5,bounded,seqmar,0.15,seq,0.16722492995801394,0.021479542634769398,0.12512579998947335,0.20932405992655453,1
588,2500,5,bounded,seqmar,0.15,full,0.14959212949778483,0.006599075738830356,0.13665817871842528,0.16252608027714438,1
588,2500,5,bounded,seqmar,0.15,cc,0.1536417037496128,0.0079180496412386,0.13812261162498485,0.16916079587424077,1
588,2500,5,bounded,seqmar,0.15,seq,0.1482375946061553,0.00932086645642218,0.12996903204686033,0.16650615716545025,1
589,2500,5,bounded,seqmar,0.15,full,0.1513725391087975,0.006833914377652965,0.13797831305516722,0.16476676516242778,1
589,2500,5,bounded,seqmar,0.15,cc,0.1410244962428767,0.012591441179860031,0.1163457250168965,0.16570326746885689,1
589,2500,5,bounded,seqmar,0.15,seq,0.14130393185267287,0.023759381930650237,0.09473639897366667,0.18787146473167907,1
590,2500,5,bounded,seqmar,0.15,full,0.14971727116319494,0.006819032516183226,0.13635221302206826,0.16308232930432162,1
590,2500,5,bounded,seqmar,0.15,cc,0.1591669013923098,0.00828470388942529,0.14292918014645734,0.17540462263816226,1
590,2500,5,bounded,seqmar,0.15,seq,0.15125841133065634,0.008321267718465758,0.13494902629674768,0.167567796364565,1
591,2500,5,bounded,seqmar,0.15,full,0.155423091411339,0.006744890025276383,0.14220334988211383,0.16864283294056417,1
591,2500,5,bounded,seqmar,0.15,cc,0.1591013017047181,0.008392565129727903,0.14265217631254468,0.1755504270968915,1
591,2500,5,bounded,seqmar,0.15,seq,0.15025696049876644,0.011123803361330715,0.12845470653945265,0.17205921445808023,1
592,2500,5,bounded,seqmar,0.15,full,0.1547020029306835,0.006683745048311898,0.14160210335414425,0.16780190250722277,1
592,2500,5,bounded,seqmar,0.15,cc,0.1573351417995388,0.009081827650584897,0.1395350866905924,0.17513519690848522,1
592,2500,5,bounded,seqmar,0.15,seq,0.1576229080934189,0.011573603985003667,0.13493906111148246,0.18030675507535532,1
593,2500,5,bounded,seqmar,0.15,full,0.14939581236693544,0.006591636329724259,0.1364764425614901,0.16231518217238078,1
593,2500,5,bounded,seqmar,0.15,cc,0.15020314557875808,0.00822786186381616,0.1340768326559078,0.16632945850160835,1
593,2500,5,bounded,seqmar,0.15,seq,0.13346701151943952,0.013164410093011867,0.10766524185942067,0.15926878117945836,1
594,2500,5,bounded,seqmar,0.15,full,0.1444741945294942,0.006805040927273937,0.13113655939871624,0.15781182966027216,1
594,2500,5,bounded,seqmar,0.15,cc,0.1552426289477628,0.00844832030966878,0.1386842254109537,0.1718010324845719,1
594,2500,5,bounded,seqmar,0.15,seq,0.14819593934065464,0.00984450936391282,0.1289010555419182,0.1674908231393911,1
595,2500,5,bounded,seqmar,0.15,full,0.15877470149943732,0.00659792827863644,0.14584299970073153,0.1717064032981431,1
595,2500,5,bounded,seqmar,0.15,cc,0.1624650920551731,0.008030964565766026,0.14672469074515432,0.17820549336519187,1
595,2500,5,bounded,seqmar,0.15,seq,0.1534600895835657,0.008557686790704273,0.13668733168281116,0.17023284748432022,1
596,2500,5,bounded,seqmar,0.15,full,0.13904783011417482,0.006753798644406339,0.12581062801230294,0.1522850322160467,1
596,2500,5,bounded,seqmar,0.15,cc,0.14415183680572963,0.009192852390989294,0.12613417720419767,0.16216949640726158,1
596,2500,5,bounded,seqmar,0.15,seq,0.14620946102170457,0.01104155170918824,0.12456841733825894,0.1678505047051502,1
597,2500,5,bounded,seqmar,0.15,full,0.13453174308013371,0.006755616588569099,0.12129097787317694,0.1477725082870905,0
597,2500,5,bounded,seqmar,0.15,cc,0.13281587415181295,0.008128580819744503,0.11688414849969066,0.14874759980393526,0
597,2500,5,bounded,seqmar,0.15,seq,0.13219788981295363,0.008455776535854411,0.11562487234136012,0.14877090728454714,0
598,2500,5,bounded,seqmar,0.15,full,0.14002754989909366,0.0066738263162255005,0.12694709068021606,0.15310800911797126,1
598,2500,5,bounded,seqmar,0.15,cc,0.14542597868116372,0.008329177169710489,0.1291010914076779,0.16175086595464955,1
598,2500,5,bounded,seqmar,0.15,seq,0.1385317012026645,0.009812048610665175,0.11930043931120449,0.15776296309412452,1
599,2500,5,bounded,seqmar,0.15,full,0.1603662403142169,0.00677920114038074,0.14707925023511778,0.173653230393316,1
599,2500,5,bounded,seqmar,0.15,cc,0.1690943263585468,0.008103260502839224,0.153212227615636,0.1849764251014576,0
599,2500,5,bounded,seqmar,0.15,seq,0.16473061367473543,0.008434749296714766,0.14819880883454994,0.18126241851492092,1
600,2500,5,bounded,seqmar,0.15,full,0.1579173494626731,0.006375317955494975,0.1454219558799114,0.1704127430454348,1
600,2500,5,bounded,seqmar,0.15,cc,0.15925501828775113,0.00844563345225969,0.14270188089469546,0.1758081556808068,1
600,2500,5,bounded,seqmar,0.15,seq,0.15897265361823945,0.009571354257405821,0.14021314399044993,0.17773216324602897,1
601,2500,5,bounded,seqmar,0.15,full,0.16265685444744432,0.006518737158371012,0.14988036439235417,0.17543334450253448,1
601,2500,5,bounded,seqmar,0.15,cc,0.17033340114020093,0.008062688658286172,0.15453082175140045,0.1861359805290014,0
601,2500,5,bounded,seqmar,0.15,seq,0.16287984667323718,0.009680798333903378,0.1439058305971912,0.18185386274928317,1
602,2500,5,bounded,seqmar,0.15,full,0.15055935722239494,0.006783855831370459,0.13726324411659682,0.16385547032819306,1
602,2500,5,bounded,seqmar,0.15,cc,0.1560173224012077,0.008289241725826296,0.1397707071594415,0.17226393764297387,1
602,2500,5,bounded,seqmar,0.15,seq,0.15564769952608964,0.008567021630222205,0.1388566456760785,0.1724387533761008,1
603,2500,5,bounded,seqmar,0.15,full,0.14411343905338958,0.006421079806656576,0.13152835389048528,0.15669852421629388,1
603,2500,5,bounded,seqmar,0.15,cc,0.14170525692642508,0.008007194472231714,0.1260114441436427,0.15739906970920745,1
603,2500,5,bounded,seqmar,0.15,seq,0.14107986301127748,0.008744297645561007,0.12394135455587951,0.15821837146667544,1
604,2500,5,bounded,seqmar,0.15,full,0.13830741553565562,0.006790210127931074,0.1249988482374516,0.15161598283385963,1
604,2500,5,bounded,seqmar,0.15,cc,0.1442623879509356,0.008237613299553375,0.12811696256524283,0.16040781333662837,1
604,2500,5,bounded,seqmar,0.15,seq,0.1351691946310513,0.008920864329854282,0.11768462183356884,0.15265376742853373,1
605,2500,5,bounded,seqmar,0.15,full,0.14322635093350805,0.006474715006692122,0.13053614271023048,0.15591655915678562,1
605,2500,5,bounded,seqmar,0.15,cc,0.14599915820046092,0.007777949045061421,0.13075465819855284,0.161243658202369,1
605,2500,5,bounded,seqmar,0.15,seq,0.13883633277130347,0.008704133776029709,0.12177654405366661,0.15589612148894033,1
606,2500,5,bounded,seqmar,0.15,full,0.1565501719168413,0.006723441920777193,0.1433724678999712,0.16972787593371141,1
606,2500,5,bounded,seqmar,0.15,cc,0.1609082154358397,0.008596755928083089,0.14405888343291562,0.17775754743876376,1
606,2500,5,bounded,seqmar,0.15,seq,0.1608796124339815,0.0092511762101885,0.1427476402473783,0.1790115846205847,1
607,2500,5,bounded,seqmar,0.15,full,0.15215954066089699,0.006548991659190925,0.13932375287382956,0.1649953284479644,1
607,2500,5,bounded,seqmar,0.15,cc,0.15780408506784258,0.008304770073876195,0.1415270348231592,0.17408113531252595,1
607,2500,5,bounded,seqmar,0.15,seq,0.15246116336174928,0.010587284867766193,0.13171046632686162,0.17321186039663694,1
608,2500,5,bounded,seqmar,0.15,full,0.165528128250737,0.006689514034991557,0.15241692166807835,0.17863933483339567,0
608,2500,5,bounded,seqmar,0.15,cc,0.17190817581158607,0.00832318769562547,0.15559502769159322,0.18822132393157892,0
608,2500,5,bounded,seqmar,0.15,seq,0.17201404488631195,0.009012287617589635,0.15435028573751997,0.18967780403510393,0
609,2500,5,bounded,seqmar,0.15,full,0.15317805644671934,0.006912684061141932,0.13962944465037708,0.1667266682430616,1
609,2500,5,bounded,seqmar,0.15,cc,0.16150388954311642,0.009231120877552759,0.14341122508617724,0.1795965540000556,1
609,2500,5,bounded,seqmar,0.15,seq,0.1640252052494244,0.011398389913317243,0.14168477153757797,0.18636563896127084,1
610,2500,5,bounded,seqmar,0.15,full,0.1466182713028661,0.006623471064114614,0.13363650656455825,0.15960003604117393,1
610,2500,5,bounded,seqmar,0.15,cc,0.14660180273905,0.00843416307785673,0.1300711468667133,0.16313245861138667,1
610,2500,5,bounded,seqmar,0.15,seq,0.14396697631940383,0.009582823993771156,0.1251849864214261,0.16274896621738158,1
611,2500,5,bounded,seqmar,0.15,full,0.14808088620572696,0.006710273943875229,0.13492899094933397,0.16123278146211995,1
611,2500,5,bounded,seqmar,0.15,cc,0.15376125965908535,0.010134252777764157,0.1338984892044426,0.1736240301137281,1
611,2500,5,bounded,seqmar,0.15,seq,0.15051938886846888,0.009557058745610273,0.1317878979289392,0.16925087980799858,1
612,2500,5,bounded,seqmar,0.15,full,0.15020970817941526,0.0064863637662202385,0.137496668806998,0.1629227475518325,1
612,2500,5,bounded,seqmar,0.15,cc,0.1542262645791165,0.007985892632852038,0.13857420263432277,0.16987832652391024,1
612,2500,5,bounded,seqmar,0.15,seq,0.15516562141995802,0.008413461945665748,0.13867553902115487,0.17165570381876116,1
613,2500,5,bounded,seqmar,0.15,full,0.15241400724443888,0.006615996796682661,0.1394468918011085,0.16538112268776925,1
613,2500,5,bounded,seqmar,0.15,cc,0.15367282509133298,0.008512690905713976,0.13698825750461194,0.17035739267805403,1
613,2500,5,bounded,seqmar,0.15,seq,0.1576695498348119,0.009130486692709617,0.13977412475577883,0.17556497491384498,1
614,2500,5,bounded,seqmar,0.15,full,0.15145888490419557,0.006913787619677231,0.13790811017286927,0.16500965963552186,1
614,2500,5,bounded,seqmar,0.15,cc,0.16155948411688678,0.00823974618000857,0.1454098783623185,0.17770908987145506,1
614,2500,5,bounded,seqmar,0.15,seq,0.1543163282362833,0.008519389163302653,0.13761863230592927,0.17101402416663733,1
615,2500,5,bounded,seqmar,0.15,full,0.14792308787450137,0.006627829263816173,0.13493278122174104,0.1609133945272617,1
615,2500,5,bounded,seqmar,0.15,cc,0.15245281947069989,0.00814423341633145,0.13649041529300265,0.16841522364839712,1
615,2500,5,bounded,seqmar,0.15,seq,0.13604829945416416,0.013569264740684397,0.10945302926573351,0.16264356964259483,1
616,2500,5,bounded,seqmar,0.15,full,0.1545185264243257,0.006854773392979577,0.1410834174519023,0.1679536353967491,1
616,2500,5,bounded,seqmar,0.15,cc,0.16348787430615563,0.008740511518969605,0.1463567865225177,0.18061896208979356,1
616,2500,5,bounded,seqmar,0.15,seq,0.1647256133889326,0.009987004558412388,0.14515144414100697,0.18429978263685823,1
617,2500,5,bounded,seqmar,0.15,full,0.1513826925842312,0.006560159834269227,0.13852501557623728,0.16424036959222513,1
617,2500,5,bounded,seqmar,0.15,cc,0.15459617566529524,0.00896042994074111,0.1370340556954483,0.17215829563514218,1
617,2500,5,bounded,seqmar,0.15,seq,0.1395170582387972,0.013729822485540624,0.11260710065300937,0.16642701582458502,1
618,2500,5,bounded,seqmar,0.15,full,0.1484556887668356,0.006672054703091783,0.13537870184589462,0.16153267568777657,1
618,2500,5,bounded,seqmar,0.15,cc,0.1494059905732908,0.008428269985231024,0.13288688495025805,0.16592509619632353,1
618,2500,5,bounded,seqmar,0.15,seq,0.15480927548388632,0.0099729170514572,0.13526271724222483,0.1743558337255478,1
619,2500,5,bounded,seqmar,0.15,full,0.15919817811021714,0.006751914347166225,0.14596466916307207,0.1724316870573622,1
619,2500,5,bounded,seqmar,0.15,cc,0.14554777370702587,0.009878939215652027,0.12618540863888753,0.16491013877516422,1
619,2500,5,bounded,seqmar,0.15,seq,0.12784934105205012,0.017027031997542588,0.09447697157325555,0.1612217105308447,1
620,2500,5,bounded,seqmar,0.15,full,0.1615395900069444,0.0067071453831489426,0.14839382661689837,0.17468535339699043,1
620,2500,5,bounded,seqmar,0.15,cc,0.17151602799214619,0.007961081762566474,0.15591259445953726,0.18711946152475512,0
620,2500,5,bounded,seqmar,0.15,seq,0.1601143333830627,0.009225478973640538,0.1420327268545957,0.17819593991152968,1
621,2500,5,bounded,seqmar,0.15,full,0.148609562402979,0.006583950620709781,0.1357052563103977,0.16151386849556032,1
621,2500,5,bounded,seqmar,0.15,cc,0.15087335391268908,0.00811855655300534,0.13496127546234696,0.1667854323630312,1
621,2500,5,bounded,seqmar,0.15,seq,0.153911298643779,0.009090087597069162,0.1360950543372092,0.1717275429503488,1
622,2500,5,bounded,seqmar,0.15,full,0.14045754261423493,0.006654663470444614,0.12741464188292917,0.1535004433455407,1
622,2500,5,bounded,seqmar,0.15,cc,0.14404278197377315,0.008454959342498316,0.127471366171726,0.1606141977758203,1
622,2500,5,bounded,seqmar,0.15,seq,0.13360936517664412,0.009382418399672559,0.11522016302539997,0.15199856732788827,1
623,2500,5,bounded,seqmar,0.15,full,0.14354653544407797,0.0066002463740390685,0.13061029026187032,0.15648278062628562,1
623,2500,5,bounded,seqmar,0.15,cc,0.14690493865341622,0.008557960605411764,0.13013164408569658,0.16367823322113587,1
623,2500,5,bounded,seqmar,0.15,seq,0.14542789889379729,0.008788430677290324,0.1282028912856813,0.16265290650191327,1
624,2500,5,bounded,seqmar,0.15,full,0.1502096244800367,0.006504350126185542,0.13746133248987447,0.16295791647019892,1
624,2500,5,bounded,seqmar,0.15,cc,0.1549195425325511,0.0085163621762227,0.13822777938785547,0.17161130567724675,1
624,2500,5,bounded,seqmar,0.15,seq,0.15360605786785425,0.014317310462535458,0.12554464500580625,0.18166747072990225,1
625,2500,5,bounded,seqmar,0.15,full,0.14306707988455428,0.006342072104674346,0.13063684697203642,0.15549731279707213,1
625,2500,5,bounded,seqmar,0.15,cc,0.1433439569044623,0.0075484580068530815,0.12854925107221726,0.15813866273670735,1
625,2500,5,bounded,seqmar,0.15,seq,0.13920242709038333,0.00827991267845025,0.12297409644548427,0.1554307577352824,1
626,2500,5,bounded,seqmar,0.15,full,0.1506813554025955,0.006623206103411633,0.13770010997772283,0.16366260082746817,1
626,2500,5,bounded,seqmar,0.15,cc,0.16193794291173028,0.007789546632917331,0.14667071205531707,0.1772051737681435,1
626,2500,5,bounded,seqmar,0.15,seq,0.1581681748619425,0.008241020988174641,0.14201607052928153,0.1743202791946035,1
627,2500,5,bounded,seqmar,0.15,full,0.14866331305491445,0.0066777450080133215,0.1355751733412662,0.1617514527685627,1
627,2500,5,bounded,seqmar,0.15,cc,0.15663037204079527,0.00786504416308011,0.14121516874434129,0.17204557533724926,1
627,2500,5,bounded,seqmar,0.15,seq,0.15276907463400816,0.009702038359751464,0.13375342887226924,0.17178472039574708,1
628,2500,5,bounded,seqmar,0.15,full,0.14294262031964017,0.006717558208153439,0.129776448167608,0.15610879247167234,1
628,2500,5,bounded,seqmar,0.15,cc,0.14807618849291945,0.008589645642512382,0.1312407923936338,0.16491158459220512,1
628,2500,5,bounded,seqmar,0.15,seq,0.14448871894281543,0.011309894947247063,0.12232173217727965,0.1666557057083512,1
629,2500,5,bounded,seqmar,0.15,full,0.15365850804338899,0.006538606678146842,0.1408430744451481,0.16647394164162987,1
629,2500,5,bounded,seqmar,0.15,cc,0.16225968712577635,0.009084589023050592,0.14445421982624929,0.1800651544253034,1
629,2500,5,bounded,seqmar,0.15,seq,0.15791964465873554,0.012463812030857417,0.13349102196817797,0.1823482673492931,1
630,2500,5,bounded,seqmar,0.15,full,0.14215424825207068,0.006701205697905836,0.12902012643118063,0.15528837007296073,1
630,2500,5,bounded,seqmar,0.15,cc,0.1425818707907302,0.008587287316386267,0.1257510969257155,0.1594126446557449,1
630,2500,5,bounded,seqmar,0.15,seq,0.14231779156087151,0.011474428327130613,0.11982832529650933,0.1648072578252337,1
631,2500,5,bounded,seqmar,0.15,full,0.149287419099912,0.006503786901255478,0.1365402310103279,0.1620346071894961,1
631,2500,5,bounded,seqmar,0.15,cc,0.15137850234557837,0.007970122429815492,0.13575734943076515,0.1669996552603916,1
631,2500,5,bounded,seqmar,0.15,seq,0.14666099509958194,0.009155491881972545,0.1287165607501669,0.16460542944899698,1
632,2500,5,bounded,seqmar,0.15,full,0.15517072680603478,0.006745850225939538,0.1419491033180919,0.16839235029397764,1
632,2500,5,bounded,seqmar,0.15,cc,0.16533704948038222,0.00784141882048729,0.1499681510045326,0.18070594795623185,1
632,2500,5,bounded,seqmar,0.15,seq,0.16306213017557802,0.010032815437824772,0.14339817325390403,0.18272608709725202,1
633,2500,5,bounded,seqmar,0.15,full,0.1469781990823937,0.006721412825791937,0.13380447201861592,0.1601519261461715,1
633,2500,5,bounded,seqmar,0.15,cc,0.1463141663703027,0.008328521591701797,0.12999056400610298,0.16263776873450242,1
633,2500,5,bounded,seqmar,0.15,seq,0.14662285166704983,0.009923395612962306,0.12717335366130095,0.1660723496727987,1
634,2500,5,bounded,seqmar,0.15,full,0.15046348261970005,0.006742145372638428,0.13724912051079535,0.16367784472860475,1
634,2500,5,bounded,seqmar,0.15,cc,0.1504638766801799,0.008244219571395574,0.13430550323960433,0.1666222501207555,1
634,2500,5,bounded,seqmar,0.15,seq,0.1435578476352029,0.011221294180930945,0.12156451518064937,0.16555118008975644,1
635,2500,5,bounded,seqmar,0.15,full,0.15579856690515131,0.006786033486060192,0.14249818567459055,0.16909894813571208,1
635,2500,5,bounded,seqmar,0.15,cc,0.16075406278107035,0.008398726465613942,0.14429286139246364,0.17721526416967706,1
635,2500,5,bounded,seqmar,0.15,seq,0.15482766485871785,0.009922249180608564,0.135380413819093,0.1742749158983427,1
636,2500,5,bounded,seqmar,0.15,full,0.15224022241387716,0.0065217787883172585,0.13945777087363806,0.16502267395411627,1
636,2500,5,bounded,seqmar,0.15,cc,0.15636731715022842,0.0080017636601648,0.140684148563504,0.17205048573695284,1
636,2500,5,bounded,seqmar,0.15,seq,0.15138735748619683,0.008726096869797811,0.13428452189578544,0.16849019307660823,1
637,2500,5,bounded,seqmar,0.15,full,0.1580893586062195,0.006692954422604339,0.14497140898774694,0.17120730822469207,1
637,2500,5,bounded,seqmar,0.15,cc,0.16543037332268137,0.008043197067510756,0.1496659967498021,0.18119474989556064,1
637,2500,5,bounded,seqmar,0.15,seq,0.16384420605880276,0.009920329262612278,0.1444007179893039,0.18328769412830162,1
638,2500,5,bounded,seqmar,0.15,full,0.14604881206491563,0.006581063877430992,0.13315016388519335,0.1589474602446379,1
638,2500,5,bounded,seqmar,0.15,cc,0.15322752109638185,0.008184662770239234,0.1371858768411071,0.1692691653516566,1
638,2500,5,bounded,seqmar,0.15,seq,0.1480317545086955,0.010576139215603774,0.1273029025506304,0.16876060646676058,1
639,2500,5,bounded,seqmar,0.15,full,0.14675785251460277,0.0067244112079162845,0.13357824872984936,0.15993745629935618,1
639,2500,5,bounded,seqmar,0.15,cc,0.1547806746076494,0.008606721112550612,0.1379118112020697,0.17164953801322913,1
639,2500,5,bounded,seqmar,0.15,seq,0.157213814024806,0.010089123300545259,0.1374394957201534,0.1769881323294586,1
640,2500,5,bounded,seqmar,0.15,full,0.15468715000817865,0.006575686326853049,0.14179904163391419,0.1675752583824431,1
640,2500,5,bounded,seqmar,0.15,cc,0.1594960046503114,0.008318372287113997,0.1431922945575719,0.17579971474305092,1
640,2500,5,bounded,seqmar,0.15,seq,0.15213106264505286,0.009832735464716563,0.1328592552646987,0.17140287002540702,1
641,2500,5,bounded,seqmar,0.15,full,0.14295833112639916,0.006718380256334093,0.12979054778953936,0.15612611446325897,1
641,2500,5,bounded,seqmar,0.15,cc,0.14660825727152385,0.008469462580616588,0.13000841564510568,0.16320809889794202,1
641,2500,5,bounded,seqmar,0.15,seq,0.1429619891826272,0.00933274161924463,0.1246701517318897,0.1612538266333647,1
642,2500,5,bounded,seqmar,0.15,full,0.15376160115302012,0.006789420070386398,0.14045458233914937,0.16706861996689087,1
642,2500,5,bounded,seqmar,0.15,cc,0.16786012896699581,0.007746408206433472,0.15267744787284068,0.18304281006115095,0
642,2500,5,bounded,seqmar,0.15,seq,0.16323210987321066,0.009514288871536098,0.14458444634648968,0.18187977339993164,1
643,2500,5,bounded,seqmar,0.15,full,0.1446784251580885,0.006846017244561459,0.13126047792120787,0.1580963723949691,1
643,2500,5,bounded,seqmar,0.15,cc,0.14251743210557857,0.008844946684041843,0.12518165515967958,0.15985320905147757,1
643,2500,5,bounded,seqmar,0.15,seq,0.14369853205445196,0.009440223599163166,0.12519603379408706,0.16220103031481686,1
644,2500,5,bounded,seqmar,0.15,full,0.155595895865481,0.006439260464864301,0.14297517726727432,0.16821661446368769,1
644,2500,5,bounded,seqmar,0.15,cc,0.15795774182655167,0.0077651723801731255,0.1427382836276672,0.17317720002543616,1
644,2500,5,bounded,seqmar,0.15,seq,0.15644226637099168,0.009017945564244718,0.1387674178505293,0.17411711489145407,1
645,2500,5,bounded,seqmar,0.15,full,0.15290174172754692,0.006676865270120744,0.13981532626848397,0.16598815718660986,1
645,2500,5,bounded,seqmar,0.15,cc,0.16306593468753344,0.008290434297722858,0.14681698204780103,0.17931488732726586,1
645,2500,5,bounded,seqmar,0.15,seq,0.1432772044961391,0.01087021206551434,0.12197198034341825,0.16458242864885994,1
646,2500,5,bounded,seqmar,0.15,full,0.14141112180524779,0.006572629528417768,0.12852900464582448,0.1542932389646711,1
646,2500,5,bounded,seqmar,0.15,cc,0.14692408153195324,0.007786110253368039,0.13166358585569385,0.16218457720821264,1
646,2500,5,bounded,seqmar,0.15,seq,0.14975417729664642,0.008797218134229982,0.132511946589413,0.16699640800387983,1
647,2500,5,bounded,seqmar,0.15,full,0.16485381870239138,0.006518408370850646,0.1520779730589997,0.17762966434578306,0
647,2500,5,bounded,seqmar,0.15,cc,0.16788436144419808,0.008789175545984395,0.1506578939202685,0.18511082896812767,0
647,2500,5,bounded,seqmar,0.15,seq,0.16601764809468017,0.010753804526078095,0.14494057852678327,0.18709471766257707,1
648,2500,5,bounded,seqmar,0.15,full,0.15201981503984321,0.006644033018449135,0.13899774961158795,0.16504188046809848,1
648,2500,5,bounded,seqmar,0.15,cc,0.15477222668414764,0.00884400561536117,0.13743829419896975,0.17210615916932553,1
648,2500,5,bounded,seqmar,0.15,seq,0.15940995830198784,0.009346900021466079,0.14109037089281767,0.177729545711158,1
649,2500,5,bounded,seqmar,0.15,full,0.1541680798164568,0.006739136258086411,0.14095961546369942,0.1673765441692142,1
649,2500,5,bounded,seqmar,0.15,cc,0.16250768941922192,0.008920011263494622,0.14502478860108084,0.179990590237363,1
649,2500,5,bounded,seqmar,0.15,seq,0.17217259056941872,0.012630443863339056,0.14741737548851924,0.1969278056503182,1
650,2500,5,bounded,seqmar,0.15,full,0.14925370177534567,0.006748436282097822,0.13602700971047055,0.16248039384022078,1
650,2500,5,bounded,seqmar,0.15,cc,0.1581690234794073,0.008293506175725341,0.14191405006942512,0.1744239968893895,1
650,2500,5,bounded,seqmar,0.15,seq,0.15072770400865926,0.01088086784287485,0.12940159491608452,0.172053813101234,1
651,2500,5,bounded,seqmar,0.15,full,0.15177363080078177,0.0065383144126302485,0.13895877003242732,0.1645884915691362,1
651,2500,5,bounded,seqmar,0.15,cc,0.15268724884148374,0.008394442408332621,0.13623444405085613,0.16914005363211135,1
651,2500,5,bounded,seqmar,0.15,seq,0.13472436603619542,0.013133234533857088,0.10898369934931784,0.160465032723073,1
652,2500,5,bounded,seqmar,0.15,full,0.1400740140089741,0.006602304168628834,0.12713373562348293,0.15301429239446526,1
652,2500,5,bounded,seqmar,0.15,cc,0.1450227010703198,0.0081396163871606,0.129069346103513,0.1609760560371266,1
652,2500,5,bounded,seqmar,0.15,seq,0.14185391945587603,0.009851272456829395,0.122545780238599,0.16116205867315306,1
653,2500,5,bounded,seqmar,0.15,full,0.15463515712788814,0.006660460738624463,0.14158089395974116,0.16768942029603512,1
653,2500,5,bounded,seqmar,0.15,cc,0.16097189659707725,0.008212635611223505,0.14487542658092809,0.17706836661322642,1
653,2500,5,bounded,seqmar,0.15,seq,0.15522170844791308,0.00928436204772846,0.13702469321493477,0.1734187236808914,1
654,2500,5,bounded,seqmar,0.15,full,0.1526927551161319,0.006571699202888993,0.1398124613612389,0.1655730488710249,1
654,2500,5,bounded,seqmar,0.15,cc,0.1621954714623838,0.007915442235416757,0.14668148975925974,0.17770945316550787,1
654,2500,5,bounded,seqmar,0.15,seq,0.15956817113814603,0.008616165583582351,0.1426807969094911,0.17645554536680097,1
655,2500,5,bounded,seqmar,0.15,full,0.143198020479698,0.006521264671216406,0.1304165765904604,0.15597946436893562,1
655,2500,5,bounded,seqmar,0.15,cc,0.14982023152258542,0.007871705856486525,0.1343919715469788,0.16524849149819204,1
655,2500,5,bounded,seqmar,0.15,seq,0.1392309603154924,0.0096709145045679,0.12027631618897329,0.1581856044420115,1
656,2500,5,bounded,seqmar,0.15,full,0.14551222478552928,0.006879428346409401,0.1320287929923429,0.15899565657871564,1
656,2500,5,bounded,seqmar,0.15,cc,0.1518711239243111,0.00875112794238822,0.13471922833312808,0.16902301951549412,1
656,2500,5,bounded,seqmar,0.15,seq,0.1489631141941476,0.010476299600851122,0.12842994428522805,0.16949628410306714,1
657,2500,5,bounded,seqmar,0.15,full,0.15443963148027892,0.006584530252432514,0.14153418933039677,0.16734507363016107,1
657,2500,5,bounded,seqmar,0.15,cc,0.1525418231840783,0.00891567785865599,0.13506741568335137,0.17001623068480523,1
657,2500,5,bounded,seqmar,0.15,seq,0.13526453310524852,0.013811733937580761,0.10819403202354065,0.1623350341869564,1
658,2500,5,bounded,seqmar,0.15,full,0.14140616575595882,0.006683129892045617,0.12830747186354635,0.1545048596483713,1
658,2500,5,bounded,seqmar,0.15,cc,0.1428320376084243,0.008380804643366652,0.1264059623459596,0.159258112870889,1
658,2500,5,bounded,seqmar,0.15,seq,0.14021344017160906,0.008969655932642368,0.12263323758991398,0.15779364275330413,1
659,2500,5,bounded,seqmar,0.15,full,0.16500356998252363,0.006643821386701487,0.15198191934487176,0.1780252206201755,0
659,2500,5,bounded,seqmar,0.15,cc,0.16983743045176733,0.008141758318953883,0.15387987737578834,0.18579498352774632,0
659,2500,5,bounded,seqmar,0.15,seq,0.1667360238313906,0.008743175250513815,0.14959971522986157,0.18387233243291964,1
660,2500,5,bounded,seqmar,0.15,full,0.1429062091348304,0.0068273158779333125,0.12952491590300266,0.15628750236665814,1
660,2500,5,bounded,seqmar,0.15,cc,0.15669699803910767,0.008182952585057707,0.14065870568519562,0.1727352903930197,1
660,2500,5,bounded,seqmar,0.15,seq,0.16831249737566628,0.017579031410905957,0.13385822892719226,0.2027667658241403,1
661,2500,5,bounded,seqmar,0.15,full,0.15115014096501353,0.006496881064228759,0.1384164880672849,0.16388379386274216,1
661,2500,5,bounded,seqmar,0.15,cc,0.1566570427491673,0.00780225031328103,0.14136491313677013,0.17194917236156448,1
661,2500,5,bounded,seqmar,0.15,seq,0.14933901970253516,0.010476407201009438,0.12880563890118057,0.16987240050388974,1
662,2500,5,bounded,seqmar,0.15,full,0.1587308669739578,0.006697565876952425,0.14560387907104663,0.17185785487686897,1
662,2500,5,bounded,seqmar,0.15,cc,0.16972993255401256,0.008206031478998519,0.1536464063991735,0.1858134587088516,0
662,2500,5,bounded,seqmar,0.15,seq,0.15844411023418614,0.008478236424426166,0.1418270721898952,0.17506114827847707,1
663,2500,5,bounded,seqmar,0.15,full,0.15014092911185048,0.006591732245447033,0.13722137131504294,0.16306048690865801,1
663,2500,5,bounded,seqmar,0.15,cc,0.156377166143122,0.007948047252361489,0.14079927978107096,0.17195505250517304,1
663,2500,5,bounded,seqmar,0.15,seq,0.15256588243244198,0.008922787390229482,0.13507754050588405,0.17005422435899992,1
664,2500,5,bounded,seqmar,0.15,full,0.1469438666884448,0.006474101645667804,0.13425486063068442,0.1596328727462052,1
664,2500,5,bounded,seqmar,0.15,cc,0.14780934502467613,0.007778245028137931,0.13256426490659806,0.1630544251427542,1
664,2500,5,bounded,seqmar,0.15,seq,0.1469309723084967,0.008466503994379995,0.13033692940454739,0.163525015212446,1
665,2500,5,bounded,seqmar,0.15,full,0.14736580284993858,0.006533382890598319,0.1345606076871557,0.16017099801272147,1
665,2500,5,bounded,seqmar,0.15,cc,0.148275593734768,0.009379063076034274,0.12989296789701138,0.16665821957252464,1
665,2500,5,bounded,seqmar,0.15,seq,0.13785130510418953,0.011336259599267453,0.11563264457022886,0.1600699656381502,1
666,2500,5,bounded,seqmar,0.15,full,0.14534039327268888,0.006570197306605502,0.13246304318042004,0.15821774336495772,1
666,2500,5,bounded,seqmar,0.15,cc,0.15004008825557044,0.008325785511746337,0.13372184850954225,0.16635832800159864,1
666,2500,5,bounded,seqmar,0.15,seq,0.14486646345408466,0.009241477910346992,0.12675349958588208,0.16297942732228723,1
667,2500,5,bounded,seqmar,0.15,full,0.1482367741208949,0.006586918675767998,0.13532665074729536,0.16114689749449443,1
667,2500,5,bounded,seqmar,0.15,cc,0.155352729238937,0.008430114826080725,0.13883000779428165,0.17187545068359236,1
667,2500,5,bounded,seqmar,0.15,seq,0.16412661823541674,0.030375108516797353,0.10459249951599808,0.2236607369548354,1
668,2500,5,bounded,seqmar,0.15,full,0.15370449940471437,0.006570107631095696,0.14082732507321502,0.16658167373621371,1
668,2500,5,bounded,seqmar,0.15,cc,0.15995075108243317,0.00888543545905357,0.14253561759573305,0.1773658845691333,1
668,2500,5,bounded,seqmar,0.15,seq,0.1450994877746622,0.00927887128875362,0.12691323423152234,0.16328574131780205,1
669,2500,5,bounded,seqmar,0.15,full,0.1552749669690379,0.006643595173921686,0.14225375970028728,0.1682961742377885,1
669,2500,5,bounded,seqmar,0.15,cc,0.16158282582670627,0.008089996502866858,0.14572672404603224,0.1774389276073803,1
669,2500,5,bounded,seqmar,0.15,seq,0.1539757066814447,0.008626116896197179,0.13706882823846578,0.1708825851244236,1
670,2500,5,bounded,seqmar,0.15,full,0.142964336150062,0.006616004994543148,0.1299972046392203,0.15593146766090368,1
670,2500,5,bounded,seqmar,0.15,cc,0.14638943729736775,0.008628311229973208,0.12947825803921775,0.16330061655551775,1
670,2500,5,bounded,seqmar,0.15,seq,0.14615656544021272,0.009739897588971133,0.1270667169527208,0.16524641392770464,1
671,2500,5,bounded,seqmar,0.15,full,0.15035266805868522,0.006656299204007679,0.13730656134850755,0.1633987747688629,1
671,2500,5,bounded,seqmar,0.15,cc,0.15281039240203478,0.008154563264274514,0.13682774209440335,0.16879304270966622,1
671,2500,5,bounded,seqmar,0.15,seq,0.14766164742919988,0.009401458456338097,0.12923512745262766,0.1660881674057721,1
672,2500,5,bounded,seqmar,0.15,full,0.1552781304957933,0.006910324284023378,0.14173414377761495,0.16882211721397167,1
672,2500,5,bounded,seqmar,0.15,cc,0.16992583292475266,0.008101173035592565,0.1540478255424642,0.1858038403070411,0
672,2500,5,bounded,seqmar,0.15,seq,0.16467413189995483,0.009145034695883425,0.14675019325865413,0.18259807054125554,1
673,2500,5,bounded,seqmar,0.15,full,0.1436463085609387,0.006481260025787965,0.13094327233595515,0.15634934478592227,1
673,2500,5,bounded,seqmar,0.15,cc,0.15078493246314825,0.007686485863678462,0.1357196970026622,0.1658501679236343,1
673,2500,5,bounded,seqmar,0.15,seq,0.14578552403582368,0.008083081164011291,0.12994297607024746,0.1616280720013999,1
674,2500,5,bounded,seqmar,0.15,full,0.12790537269903915,0.006720583642921172,0.11473327080382466,0.14107747459425363,0
674,2500,5,bounded,seqmar,0.15,cc,0.1357106864554388,0.00857169426479636,0.1189104744099494,0.1525108985009282,1
674,2500,5,bounded,seqmar,0.15,seq,0.13290912933246196,0.009754418791043176,0.11379081981189659,0.15202743885302733,1
675,2500,5,bounded,seqmar,0.15,full,0.15607955932640113,0.006432954095138377,0.14347120098573046,0.1686879176670718,1
675,2500,5,bounded,seqmar,0.15,cc,0.1610943514198923,0.008121689575611766,0.14517613235807886,0.17701257048170577,1
675,2500,5,bounded,seqmar,0.15,seq,0.15053432437770808,0.01070401114291501,0.12955484804747924,0.17151380070793693,1
676,2500,5,bounded,seqmar,0.15,full,0.14567601952597126,0.006579159539671062,0.13278110377967287,0.15857093527226965,1
676,2500,5,bounded,seqmar,0.15,cc,0.15028962490708406,0.008299488628292656,0.1340229261055307,0.1665563237086374,1
676,2500,5,bounded,seqmar,0.15,seq,0.134683276166686,0.00979262017197016,0.11549009331534404,0.15387645901802793,1
677,2500,5,bounded,seqmar,0.15,full,0.15829815246330803,0.006624467523749106,0.14531443470000455,0.1712818702266115,1
677,2500,5,bounded,seqmar,0.15,cc,0.15403874864361353,0.008273354593852837,0.13782327160833296,0.1702542256788941,1
677,2500,5,bounded,seqmar,0.15,seq,0.15767151071405083,0.008889168441756847,0.14024906071569737,0.1750939607124043,1
678,2500,5,bounded,seqmar,0.15,full,0.15937728967148027,0.00657987294425917,0.14648097567788276,0.17227360366507777,1
678,2500,5,bounded,seqmar,0.15,cc,0.16567561637707653,0.008092980212087207,0.14981366663379028,0.1815375661203628,1
678,2500,5,bounded,seqmar,0.15,seq,0.15408585796709737,0.010051574840763917,0.13438513329129115,0.1737865826429036,1
679,2500,5,bounded,seqmar,0.15,full,0.14705943878311023,0.006610059047863843,0.13410396111361397,0.1600149164526065,1
679,2500,5,bounded,seqmar,0.15,cc,0.15951137008892996,0.00811764489488704,0.14360107845566594,0.17542166172219398,1
679,2500,5,bounded,seqmar,0.15,seq,0.16019320640271326,0.010942534653918505,0.13874623258145152,0.181640180223975,1
680,2500,5,bounded,seqmar,0.15,full,0.15359957896938112,0.006693861525052711,0.14047985146277944,0.1667193064759828,1
680,2500,5,bounded,seqmar,0.15,cc,0.1544817369715201,0.008302173910463199,0.13820977511362417,0.17075369882941602,1
680,2500,5,bounded,seqmar,0.15,seq,0.14678307671841162,0.01029693542402395,0.12660145413619,0.16696469930063323,1
681,2500,5,bounded,seqmar,0.15,full,0.15036919421924036,0.0066981386950150925,0.13724108361355666,0.16349730482492406,1
681,2500,5,bounded,seqmar,0.15,cc,0.1461468861586358,0.00880524368648216,0.12888892565803206,0.16340484665923954,1
681,2500,5,bounded,seqmar,0.15,seq,0.1446692863173318,0.010456723732971754,0.12417448440442194,0.16516408823024167,1
682,2500,5,bounded,seqmar,0.15,full,0.1616554483489837,0.006792383321101104,0.148342621670435,0.17496827502753243,1
682,2500,5,bounded,seqmar,0.15,cc,0.16861514480580012,0.00938628488937221,0.15021836447399806,0.18701192513760218,0
682,2500,5,bounded,seqmar,0.15,seq,0.17487165759778656,0.018064179673550507,0.13946651602736704,0.21027679916820607,1
683,2500,5,bounded,seqmar,0.15,full,0.14092947344915693,0.006642244790092049,0.12791091288407772,0.15394803401423615,1
683,2500,5,bounded,seqmar,0.15,cc,0.1438589637795569,0.008511915765310008,0.1271759154401106,0.1605420121190032,1
683,2500,5,bounded,seqmar,0.15,seq,0.14499041126601686,0.009354033870062794,0.12665684177052597,0.16332398076150775,1
684,2500,5,bounded,seqmar,0.15,full,0.14415560014133194,0.006715569237347512,0.1309933263004457,0.1573178739822182,1
684,2500,5,bounded,seqmar,0.15,cc,0.14921338600422962,0.00804815618562278,0.1334392897384557,0.16498748227000354,1
684,2500,5,bounded,seqmar,0.15,seq,0.14213631901188342,0.008814514414039062,0.12486018821915768,0.15941244980460917,1
685,2500,5,bounded,seqmar,0.15,full,0.15463623253195155,0.006394398978199066,0.14210344083190166,0.16716902423200145,1
685,2500,5,bounded,seqmar,0.15,cc,0.15899471187991265,0.007912141235559295,0.1434872000176222,0.17450222374220312,1
685,2500,5,bounded,seqmar,0.15,seq,0.15434606778684473,0.00831213423683139,0.13805458404799287,0.1706375515256966,1
686,2500,5,bounded,seqmar,0.15,full,0.15087670267281533,0.006660696649142432,0.13782197712854954,0.16393142821708112,1
686,2500,5,bounded,seqmar,0.15,cc,0.1632045208688977,0.008336819558696236,0.14686465478824395,0.17954438694955144,1
686,2500,5,bounded,seqmar,0.15,seq,0.16303437482049463,0.010594224254467639,0.14227007683759735,0.1837986728033919,1
687,2500,5,bounded,seqmar,0.15,full,0.14849455749869075,0.006750285680882242,0.13526424067880513,0.16172487431857638,1
687,2500,5,bounded,seqmar,0.15,cc,0.14891188080573267,0.007896181907406413,0.13343564865183932,0.16438811295962602,1
687,2500,5,bounded,seqmar,0.15,seq,0.15023026240392512,0.009069930924509721,0.13245352444962,0.16800700035823024,1
688,2500,5,bounded,seqmar,0.15,full,0.15593529255656818,0.006633428104871982,0.1429340123769833,0.16893657273615306,1
688,2500,5,bounded,seqmar,0.15,cc,0.15471914658041036,0.009415967512179114,0.13626418937694007,0.17317410378388065,1
688,2500,5,bounded,seqmar,0.15,seq,0.14728684456853472,0.010093516132542234,0.12750391647137793,0.1670697726656915,1
689,2500,5,bounded,seqmar,0.15,full,0.16510208559791567,0.006723502191991146,0.15192426345163693,0.17827990774419442,0
689,2500,5,bounded,seqmar,0.15,cc,0.17417170868894233,0.008150113934126483,0.15819777890815637,0.1901456384697283,0
689,2500,5,bounded,seqmar,0.15,seq,0.15947546280730687,0.010215769211135301,0.13945292307910853,0.1794980025355052,1
690,2500,5,bounded,seqmar,0.15,full,0.15078633235040148,0.006730245455437128,0.13759529365063033,0.16397737105017263,1
690,2500,5,bounded,seqmar,0.15,cc,0.1590994341687178,0.008314567283374083,0.14280318174626955,0.17539568659116606,1
690,2500,5,bounded,seqmar,0.15,seq,0.16115357816322842,0.010148592053208507,0.14126270324515033,0.1810444530813065,1
691,2500,5,bounded,seqmar,0.15,full,0.14721100132017617,0.006617859957496216,0.1342402341487538,0.16018176849159854,1
691,2500,5,bounded,seqmar,0.15,cc,0.16111705654144057,0.0082823995187081,0.14488385177920082,0.1773502613036803,1
691,2500,5,bounded,seqmar,0.15,seq,0.1459242309920109,0.009823167479743272,0.126671176517609,0.1651772854664128,1
692,2500,5,bounded,seqmar,0.15,full,0.14201713223596407,0.006589948917003704,0.12910106969867807,0.15493319477325007,1
692,2500,5,bounded,seqmar,0.15,cc,0.14384972068212262,0.00816885609745968,0.12783905693621123,0.15986038442803402,1
692,2500,5,bounded,seqmar,0.15,seq,0.15035938526617953,0.008221971502881707,0.13424461723861672,0.16647415329374235,1
693,2500,5,bounded,seqmar,0.15,full,0.15675666845600794,0.006578054665783535,0.14386391822273656,0.16964941868927932,1
693,2500,5,bounded,seqmar,0.15,cc,0.17001787255033904,0.007702501869475661,0.1549212462953143,0.18511449880536376,0
693,2500,5,bounded,seqmar,0.15,seq,0.16644451001111932,0.008316206789698313,0.15014504421532315,0.18274397580691548,0
694,2500,5,bounded,seqmar,0.15,full,0.1502483487974066,0.0067635457095346525,0.13699204279892827,0.1635046547958849,1
694,2500,5,bounded,seqmar,0.15,cc,0.1590181427063001,0.008855779666595018,0.14166113350475174,0.17637515190784847,1
694,2500,5,bounded,seqmar,0.15,seq,0.14575419213574023,0.012105246973728693,0.12202834404326951,0.16948004022821095,1
695,2500,5,bounded,seqmar,0.15,full,0.14404554467902614,0.006678637671848247,0.13095565537641113,0.15713543398164115,1
695,2500,5,bounded,seqmar,0.15,cc,0.1376131811682148,0.009612851866541029,0.11877233772107576,0.15645402461535385,1
695,2500,5,bounded,seqmar,0.15,seq,0.1367237055056547,0.012379784954671813,0.11245977285814714,0.1609876381531623,1
696,2500,5,bounded,seqmar,0.15,full,0.14996069356229605,0.006657071594778817,0.13691307299402494,0.16300831413056716,1
696,2500,5,bounded,seqmar,0.15,cc,0.1524135542992277,0.008109205458420225,0.13651980365748845,0.16830730494096696,1
696,2500,5,bounded,seqmar,0.15,seq,0.1490623267161785,0.008638593099794895,0.13213099536348427,0.16599365806887273,1
697,2500,5,bounded,seqmar,0.15,full,0.15061720577364449,0.006626367342379624,0.13762976443424804,0.16360464711304093,1
697,2500,5,bounded,seqmar,0.15,cc,0.1635449344323026,0.007811022681233567,0.14823561129465934,0.17885425756994588,1
697,2500,5,bounded,seqmar,0.15,seq,0.1495158706824044,0.008488164016355288,0.1328793749154792,0.16615236644932962,1
698,2500,5,bounded,seqmar,0.15,full,0.15397014664401068,0.006498175271526204,0.14123395714659054,0.16670633614143082,1
698,2500,5,bounded,seqmar,0.15,cc,0.15770551234149838,0.00802168194387467,0.14198330463606879,0.17342772004692797,1
698,2500,5,bounded,seqmar,0.15,seq,0.1565785845696465,0.0094358252554621,0.13808470690452732,0.17507246223476566,1
699,2500,5,bounded,seqmar,0.15,full,0.14548728386668103,0.006561008665966492,0.1326279431791315,0.15834662455423054,1
699,2500,5,bounded,seqmar,0.15,cc,0.14369034929546773,0.010063090599417297,0.12396705414744624,0.16341364444348921,1
699,2500,5,bounded,seqmar,0.15,seq,0.1165432434228215,0.018635183123618403,0.08001895565522081,0.1530675311904222,1
700,2500,5,bounded,seqmar,0.15,full,0.1478187706565884,0.006584182060596785,0.134914010950164,0.16072353036301282,1
700,2500,5,bounded,seqmar,0.15,cc,0.1560464199389149,0.008466960463655108,0.13945148237162633,0.1726413575062035,1
700,2500,5,bounded,seqmar,0.15,seq,0.16233081474430788,0.010558384801663183,0.14163676079813298,0.1830248686904828,1
701,2500,5,bounded,seqmar,0.15,full,0.14700647348021667,0.006711132457738479,0.13385289556757146,0.16016005139286188,1
701,2500,5,bounded,seqmar,0.15,cc,0.1514461371533657,0.008834426444922999,0.1341309794972484,0.168761294809483,1
701,2500,5,bounded,seqmar,0.15,seq,0.15417135089276068,0.014828246744496565,0.12510852131967412,0.18323418046584725,1
702,2500,5,bounded,seqmar,0.15,full,0.14279962739205848,0.006543956918444009,0.1299737075155265,0.15562554726859046,1
702,2500,5,bounded,seqmar,0.15,cc,0.14286643161057933,0.008058487676667727,0.12707208599445072,0.15866077722670793,1
702,2500,5,bounded,seqmar,0.15,seq,0.14744892649482827,0.008650214524248342,0.13049481756875625,0.1644030354209003,1
703,2500,5,bounded,seqmar,0.15,full,0.1578209302385709,0.006718616864998919,0.14465268315724963,0.1709891773198922,1
703,2500,5,bounded,seqmar,0.15,cc,0.1673390665831248,0.008114402382717812,0.15143513015693189,0.18324300300931773,0
703,2500,5,bounded,seqmar,0.15,seq,0.16387727868045948,0.009026125696276067,0.14618639739582687,0.1815681599650921,1
704,2500,5,bounded,seqmar,0.15,full,0.147529609658517,0.00668598713805568,0.13442531566682983,0.16063390365020416,1
704,2500,5,bounded,seqmar,0.15,cc,0.15730501447926598,0.008010779641837886,0.14160417489317706,0.1730058540653549,1
704,2500,5,bounded,seqmar,0.15,seq,0.14928795298708875,0.010068809338187622,0.12955344931704044,0.16902245665713705,1
705,2500,5,bounded,seqmar,0.15,full,0.16416056856968686,0.006810774191555341,0.1508116964474035,0.17750944069197022,0
705,2500,5,bounded,seqmar,0.15,cc,0.17325236064864188,0.009393536176097134,0.1548413680560174,0.19166335324126638,0
705,2500,5,bounded,seqmar,0.15,seq,0.17590342572814024,0.014904347894168437,0.14669144064251471,0.20511541081376577,1
706,2500,5,bounded,seqmar,0.15,full,0.1440709639943078,0.006546349717411786,0.13124035431797673,0.15690157367063887,1
706,2500,5,bounded,seqmar,0.15,cc,0.1534656612358782,0.0082337458007185,0.13732781600861205,0.16960350646314437,1
706,2500,5,bounded,seqmar,0.15,seq,0.14740289558503306,0.010891935482290935,0.12605509431780892,0.1687506968522572,1
707,2500,5,bounded,seqmar,0.15,full,0.1539074310515317,0.006612107267553101,0.14094793894521207,0.16686692315785134,1
707,2500,5,bounded,seqmar,0.15,cc,0.16042240738678562,0.00815492141012526,0.14443905512618552,0.17640575964738572,1
707,2500,5,bounded,seqmar,0.15,seq,0.1583246388635353,0.009814489185019738,0.13908859353423875,0.17756068419283183,1
708,2500,5,bounded,seqmar,0.15,full,0.14695929148671608,0.006554276015790994,0.13411314655103104,0.1598054364224011,1
708,2500,5,bounded,seqmar,0.15,cc,0.158856162729223,0.007982266784310842,0.14321120731698342,0.1745011181414626,1
708,2500,5,bounded,seqmar,0.15,seq,0.1462250921528731,0.008980653103865633,0.12862333551164862,0.1638268487940976,1
709,2500,5,bounded,seqmar,0.15,full,0.1452112668423726,0.006689050728757172,0.13210096832324714,0.15832156536149805,1
709,2500,5,bounded,seqmar,0.15,cc,0.15099204689559137,0.008333778701463243,0.13465814078559643,0.1673259530055863,1
709,2500,5,bounded,seqmar,0.15,seq,0.14851794642335447,0.011044289516029072,0.1268715367371042,0.17016435610960476,1
710,2500,5,bounded,seqmar,0.15,full,0.14030451510355937,0.006849176165003592,0.12688037649638217,0.15372865371073657,1
710,2500,5,bounded,seqmar,0.15,cc,0.13658563713470576,0.009557064526867727,0.11785413486411968,0.15531713940529185,1
710,2500,5,bounded,seqmar,0.15,seq,0.1325617027654013,0.010351860533582861,0.11227242894659731,0.1528509765842053,1
711,2500,5,bounded,seqmar,0.15,full,0.14562983314979047,0.006571502041087024,0.13274992582492845,0.1585097404746525,1
711,2500,5,bounded,seqmar,0.15,cc,0.13961985016660539,0.008097528236123476,0.12374898646000722,0.15549071387320354,1
711,2500,5,bounded,seqmar,0.15,seq,0.13856373000853064,0.016152783700006838,0.10690485570645161,0.17022260431060968,1
712,2500,5,bounded,seqmar,0.15,full,0.13906111124731663,0.006725060684237243,0.12588023451236535,0.1522419879822679,1
712,2500,5,bounded,seqmar,0.15,cc,0.13583291172499323,0.008774252319444368,0.11863569318761524,0.15303013026237122,1
712,2500,5,bounded,seqmar,0.15,seq,0.1433222475313353,0.010328013836521316,0.12307971237992216,0.16356478268274843,1
713,2500,5,bounded,seqmar,0.15,full,0.13874770896058783,0.006742306148973416,0.12553303173585698,0.15196238618531868,1
713,2500,5,bounded,seqmar,0.15,cc,0.14147033058806768,0.008461382413122024,0.1248863257989279,0.15805433537720748,1
713,2500,5,bounded,seqmar,0.15,seq,0.1331256860613031,0.009593952864377591,0.11432188397774812,0.15192948814485807,1
714,2500,5,bounded,seqmar,0.15,full,0.15766823114108844,0.006675493607722019,0.14458450409092594,0.17075195819125094,1
714,2500,5,bounded,seqmar,0.15,cc,0.16324583624401112,0.008377910382190476,0.14682543362921358,0.17966623885880867,1
714,2500,5,bounded,seqmar,0.15,seq,0.15683933219866916,0.009752745591199404,0.13772430208953654,0.1759543623078018,1
715,2500,5,bounded,seqmar,0.15,full,0.1595069819905091,0.006568960444403888,0.14663205610360927,0.17238190787740895,1
715,2500,5,bounded,seqmar,0.15,cc,0.16179093261722405,0.00789903400877453,0.1463091104473689,0.17727275478707918,1
715,2500,5,bounded,seqmar,0.15,seq,0.16227757525770561,0.009463515842212307,0.14372942503984526,0.18082572547556597,1
716,2500,5,bounded,seqmar,0.15,full,0.15779797194560397,0.006805220498633528,0.14445998486142855,0.17113595902977938,1
716,2500,5,bounded,seqmar,0.15,cc,0.16246087311330729,0.008526512859863904,0.14574921499425642,0.17917253123235816,1
716,2500,5,bounded,seqmar,0.15,seq,0.16677797161646923,0.012040129415572752,0.14317975159274535,0.19037619164019312,1
717,2500,5,bounded,seqmar,0.15,full,0.14436622160145596,0.006916885567559956,0.13080937500385356,0.15792306819905835,1
717,2500,5,bounded,seqmar,0.15,cc,0.14619828004942484,0.009255104124540262,0.12805860929215782,0.16433795080669186,1
717,2500,5,bounded,seqmar,0.15,seq,0.14706006461316506,0.010581069582241098,0.12632154931406023,0.1677985799122699,1
718,2500,5,bounded,seqmar,0.15,full,0.15745296519301488,0.0065684423346285305,0.14457905478261476,0.170326875603415,1
718,2500,5,bounded,seqmar,0.15,cc,0.1620148504457773,0.008239603533315605,0.14586552427358973,0.17816417661796485,1
718,2500,5,bounded,seqmar,0.15,seq,0.15671576405638563,0.013010386446924673,0.13121587519546524,0.18221565291730601,1
719,2500,5,bounded,seqmar,0.15,full,0.14779036384706007,0.006820310844648947,0.13442280022818018,0.16115792746593996,1
719,2500,5,bounded,seqmar,0.15,cc,0.15537577198582825,0.008370408285794623,0.13897007320977514,0.17178147076188136,1
719,2500,5,bounded,seqmar,0.15,seq,0.1438567089876744,0.010066730621656677,0.1241262795271608,0.16358713844818798,1
720,2500,5,bounded,seqmar,0.15,full,0.16406259970674786,0.0066455958129540745,0.15103747125754768,0.17708772815594803,0
720,2500,5,bounded,seqmar,0.15,cc,0.1732501308490765,0.00861610724001265,0.15636287097171692,0.1901373907264361,0
720,2500,5,bounded,seqmar,0.15,seq,0.1650260956953275,0.011121798050947245,0.14322777207214313,0.18682441931851188,1
721,2500,5,bounded,seqmar,0.15,full,0.15450006159893964,0.006770662864092258,0.141229806233856,0.16777031696402328,1
721,2500,5,bounded,seqmar,0.15,cc,0.14994888279903523,0.008616565469436422,0.1330607248085084,0.16683704078956207,1
721,2500,5,bounded,seqmar,0.15,seq,0.14358075338991724,0.01001402482784049,0.12395362538705997,0.16320788139277453,1
722,2500,5,bounded,seqmar,0.15,full,0.13664298357941276,0.006446681092919076,0.12400772081747606,0.14927824634134945,0
722,2500,5,bounded,seqmar,0.15,cc,0.14029181191787157,0.007784647375829109,0.12503418342890227,0.15554944040684088,1
722,2500,5,bounded,seqmar,0.15,seq,0.14022088769600838,0.008553577375283793,0.12345618410147549,0.15698559129054127,1
723,2500,5,bounded,seqmar,0.15,full,0.15053170314167524,0.006626265156166728,0.1375444620835758,0.1635189441997747,1
723,2500,5,bounded,seqmar,0.15,cc,0.15864906418847338,0.008042110636940145,0.14288681698038422,0.17441131139656255,1
723,2500,5,bounded,seqmar,0.15,seq,0.156595377360207,0.010032956020858342,0.13693114490085037,0.17625960981956365,1
724,2500,5,bounded,seqmar,0.15,full,0.157538415908217,0.006551148893678258,0.1446984000192482,0.1703784317971858,1
724,2500,5,bounded,seqmar,0.15,cc,0.1515127682352432,0.008050784757616168,0.1357335200630315,0.16729201640745492,1
724,2500,5,bounded,seqmar,0.15,seq,0.14783120634546812,0.010124141500900964,0.12798825362931493,0.1676741590616213,1
725,2500,5,bounded,seqmar,0.15,full,0.13607934291927537,0.006598688728145028,0.1231461506669207,0.14901253517163005,0
725,2500,5,bounded,seqmar,0.15,cc,0.14035520560776432,0.008522146585882025,0.12365210522846456,0.15705830598706408,1
725,2500,5,bounded,seqmar,0.15,seq,0.1360942706708206,0.011190817278037356,0.11416067184829884,0.15802786949334238,1
726,2500,5,bounded,seqmar,0.15,full,0.14716600306396355,0.0067996388322546335,0.13383895584486447,0.16049305028306263,1
726,2500,5,bounded,seqmar,0.15,cc,0.15804147040886804,0.008324168200989917,0.14172640053367422,0.17435654028406186,1
726,2500,5,bounded,seqmar,0.15,seq,0.14602231275914002,0.009231397158229036,0.1279291068020257,0.16411551871625432,1
727,2500,5,bounded,seqmar,0.15,full,0.13844649068663012,0.006552134101386065,0.12560454382603672,0.15128843754722351,1
727,2500,5,bounded,seqmar,0.15,cc,0.13732857801428588,0.008226113757855187,0.12120569131616027,0.1534514647124115,1
727,2500,5,bounded,seqmar,0.15,seq,0.1385924840605925,0.009256228507806802,0.12045060955261823,0.15673435856856674,1
728,2500,5,bounded,seqmar,0.15,full,0.15234557577228222,0.00688119880654675,0.13885867394099058,0.16583247760357386,1
728,2500,5,bounded,seqmar,0.15,cc,0.15279374416578503,0.008833560674270045,0.1354802833889664,0.17010720494260367,1
728,2500,5,bounded,seqmar,0.15,seq,0.15617554424883542,0.011948919518298828,0.13275609233880203,0.1795949961588688,1
729,2500,5,bounded,seqmar,0.15,full,0.13978046884948092,0.0067791258368998806,0.1264936263624922,0.15306731133646964,1
729,2500,5,bounded,seqmar,0.15,cc,0.15017438091479043,0.00858100018840894,0.1333559295941775,0.16699283223540337,1
729,2500,5,bounded,seqmar,0.15,seq,0.14899678407765013,0.010895693658666144,0.12764161692008302,0.17035195123521724,1
730,2500,5,bounded,seqmar,0.15,full,0.15511828515984652,0.006618822186998196,0.14214563205325542,0.16809093826643762,1
730,2500,5,bounded,seqmar,0.15,cc,0.1600966961806016,0.008055674652124489,0.14430786399126538,0.17588552836993782,1
730,2500,5,bounded,seqmar,0.15,seq,0.16002488015271774,0.007919565175952546,0.14450281763463313,0.17554694267080234,1
731,2500,5,bounded,seqmar,0.15,full,0.15356985567401552,0.00665509617635194,0.14052610685471548,0.16661360449331555,1
731,2500,5,bounded,seqmar,0.15,cc,0.1493537956541271,0.010533587096781896,0.12870834431641875,0.16999924699183544,1
731,2500,5,bounded,seqmar,0.15,seq,0.13803826613592238,0.022251226784440917,0.09442666302658517,0.18164986924525958,1
732,2500,5,bounded,seqmar,0.15,full,0.15147744822058753,0.006720318439139901,0.1383058661152329,0.16464903032594216,1
732,2500,5,bounded,seqmar,0.15,cc,0.16317488549390846,0.008734552532105325,0.1460554771099089,0.18029429387790802,1
732,2500,5,bounded,seqmar,0.15,seq,0.16939425717713114,0.01745073348111601,0.13519144805033648,0.2035970663039258,1
733,2500,5,bounded,seqmar,0.15,full,0.1585175528470594,0.006526178502086224,0.14572647802629085,0.17130862766782795,1
733,2500,5,bounded,seqmar,0.15,cc,0.16511017543453804,0.007707118343584051,0.1500045010565253,0.1802158498125508,0
733,2500,5,bounded,seqmar,0.15,seq,0.15722243145784434,0.008167193956759787,0.14121502544784198,0.1732298374678467,1
734,2500,5,bounded,seqmar,0.15,full,0.14179604561429504,0.006676326036356679,0.1287106870339889,0.15488140419460117,1
734,2500,5,bounded,seqmar,0.15,cc,0.14721657258580106,0.00809731749807447,0.13134612191818912,0.163087023253413,1
734,2500,5,bounded,seqmar,0.15,seq,0.13734743086139528,0.010183534687488269,0.11738806963860392,0.15730679208418663,1
735,2500,5,bounded,seqmar,0.15,full,0.1434487306093082,0.006707505217540965,0.1303022619568134,0.15659519926180301,1
735,2500,5,bounded,seqmar,0.15,cc,0.15120617298912395,0.0080129003610118,0.13550117686983282,0.16691116910841508,1
735,2500,5,bounded,seqmar,0.15,seq,0.15147215773112022,0.009885358493176021,0.13209721111022807,0.17084710435201236,1
736,2500,5,bounded,seqmar,0.15,full,0.15532715157889435,0.006659603580687353,0.14227456840943314,0.16837973474835555,1
736,2500,5,bounded,seqmar,0.15,cc,0.15797209304798376,0.01229221485111893,0.1338797946495623,0.18206439144640524,1
736,2500,5,bounded,seqmar,0.15,seq,0.15282238830586253,0.02658095157803106,0.10072468053811853,0.20492009607360653,1
737,2500,5,bounded,seqmar,0.15,full,0.14022325112249379,0.00655581531931885,0.1273740892073329,0.15307241303765468,1
737,2500,5,bounded,seqmar,0.15,cc,0.14708855314587505,0.008375922040591339,0.13067204760900078,0.1635050586827493,1
737,2500,5,bounded,seqmar,0.15,seq,0.14314212414626576,0.008938331642214773,0.12562331604565005,0.16066093224688147,1
738,2500,5,bounded,seqmar,0.15,full,0.15493143763908584,0.006579262994649309,0.14203631912475606,0.16782655615341563,1
738,2500,5,bounded,seqmar,0.15,cc,0.15867625308479427,0.008843067227190231,0.14134415980663495,0.1760083463629536,1
738,2500,5,bounded,seqmar,0.15,seq,0.15646477300280526,0.01120257107998578,0.13450813715178314,0.17842140885382737,1
739,2500,5,bounded,seqmar,0.15,full,0.1520252216597435,0.006597101843965464,0.13909513964322842,0.16495530367625857,1
739,2500,5,bounded,seqmar,0.15,cc,0.1625232172792381,0.008281895692296056,0.1462909999986204,0.1787554345598558,1
739,2500,5,bounded,seqmar,0.15,seq,0.1636671483818603,0.010587932103655379,0.14291518278794035,0.18441911397578026,1
740,2500,5,bounded,seqmar,0.15,full,0.15191241369332525,0.006407979229005671,0.1393530051907934,0.1644718221958571,1
740,2500,5,bounded,seqmar,0.15,cc,0.16147806034640338,0.008305889600647692,0.14519881586956815,0.17775730482323862,1
740,2500,5,bounded,seqmar,0.15,seq,0.16067844176719862,0.010109524680411161,0.14086413749277393,0.1804927460416233,1
741,2500,5,bounded,seqmar,0.15,full,0.1550648489557972,0.006695813318843642,0.14194129600366004,0.16818840190793435,1
741,2500,5,bounded,seqmar,0.15,cc,0.16292740565199623,0.00851212588196329,0.14624394549147696,0.1796108658125155,1
741,2500,5,bounded,seqmar,0.15,seq,0.1555990358160142,0.010635847014858308,0.13475315872181406,0.17644491291021433,1
742,2500,5,bounded,seqmar,0.15,full,0.1491295321277837,0.006649131480422815,0.1360974738976835,0.1621615903578839,1
742,2500,5,bounded,seqmar,0.15,cc,0.15720588780397415,0.008574129267369966,0.14040090324113821,0.1740108723668101,1
742,2500,5,bounded,seqmar,0.15,seq,0.15077948498241908,0.00991020137778244,0.13135584720242627,0.1702031227624119,1
743,2500,5,bounded,seqmar,0.15,full,0.16007976784929748,0.00661388003997707,0.1471168011728741,0.17304273452572086,1
743,2500,5,bounded,seqmar,0.15,cc,0.1602606450585909,0.008165280852876412,0.1442569886632986,0.17626430145388317,1
743,2500,5,bounded,seqmar,0.15,seq,0.15654694873970798,0.010626277977195448,0.13571982661469376,0.1773740708647222,1
744,2500,5,bounded,seqmar,0.15,full,0.1492425114714293,0.00690036076703952,0.13571805288769867,0.16276697005515994,1
744,2500,5,bounded,seqmar,0.15,cc,0.1553549156707435,0.009020956452071982,0.13767416591857817,0.17303566542290882,1
744,2500,5,bounded,seqmar,0.15,seq,0.14953859954781692,0.011468318963872341,0.12706110741540944,0.17201609168022441,1
745,2500,5,bounded,seqmar,0.15,full,0.14559216983919337,0.006627725658646487,0.13260206624883425,0.1585822734295525,1
745,2500,5,bounded,seqmar,0.15,cc,0.15905115877679837,0.00916914374423295,0.14107996726903105,0.1770223502845657,1
745,2500,5,bounded,seqmar,0.15,seq,0.17080405234874338,0.02325086348998463,0.12523319729891624,0.21637490739857052,1
746,2500,5,bounded,seqmar,0.15,full,0.15757837963914534,0.006679810789546311,0.14448619106809252,0.17067056821019816,1
746,2500,5,bounded,seqmar,0.15,cc,0.1691581394408227,0.0084773148415433,0.15254290766579096,0.18577337121585444,0
746,2500,5,bounded,seqmar,0.15,seq,0.17291938975414003,0.010148726011671716,0.15302825228229866,0.1928105272259814,0
747,2500,5,bounded,seqmar,0.15,full,0.1575263887893547,0.006640760955220994,0.14451073648718177,0.17054204109152765,1
747,2500,5,bounded,seqmar,0.15,cc,0.16449245404725696,0.008234916847374697,0.14835231361072043,0.18063259448379348,1
747,2500,5,bounded,seqmar,0.15,seq,0.15778893818391712,0.008771548573065549,0.14059701889206494,0.1749808574757693,1
748,2500,5,bounded,seqmar,0.15,full,0.13327574293055916,0.006627165662614787,0.12028673691225365,0.14626474894886465,0
748,2500,5,bounded,seqmar,0.15,cc,0.13949532073290646,0.0084203062237389,0.12299182379557975,0.15599881767023316,1
748,2500,5,bounded,seqmar,0.15,seq,0.12668216612481198,0.010416482342142222,0.10626623588861579,0.14709809636100815,0
749,2500,5,bounded,seqmar,0.15,full,0.16264315427593434,0.006793713730848505,0.14932772004219602,0.17595858850967266,1
749,2500,5,bounded,seqmar,0.15,cc,0.17843533563153716,0.007894058318330198,0.16296326563575114,0.19390740562732317,0
749,2500,5,bounded,seqmar,0.15,seq,0.1742174253247338,0.008596736074978907,0.15736813223317891,0.1910667184162887,0
750,2500,5,bounded,seqmar,0.15,full,0.15141316429574087,0.006643922480606028,0.13839131551767703,0.1644350130738047,1
750,2500,5,bounded,seqmar,0.15,cc,0.16041649357699644,0.007864825689936432,0.14500171848003565,0.17583126867395724,1
750,2500,5,bounded,seqmar,0.15,seq,0.16645569926991785,0.010082306952364072,0.14669474076220648,0.18621665777762922,1
751,2500,5,bounded,seqmar,0.15,full,0.13705371564228472,0.006740011370981768,0.12384353609977002,0.1502638951847994,1
751,2500,5,bounded,seqmar,0.15,cc,0.13869291070540668,0.008401328017768682,0.12222661036827279,0.15515921104254057,1
751,2500,5,bounded,seqmar,0.15,seq,0.13023231690937045,0.01067533440236321,0.10930904595781714,0.15115558786092376,1
752,2500,5,bounded,seqmar,0.15,full,0.1572503769006754,0.0065671198081889495,0.14437905859446545,0.17012169520688533,1
752,2500,5,bounded,seqmar,0.15,cc,0.1594976178962417,0.008056732125180424,0.14370671309780123,0.17528852269468218,1
752,2500,5,bounded,seqmar,0.15,seq,0.15208767621735855,0.008556969946076073,0.1353163233062578,0.1688590291284593,1
753,2500,5,bounded,seqmar,0.15,full,0.1506620909360249,0.006597120159652417,0.13773197302142304,0.16359220885062675,1
753,2500,5,bounded,seqmar,0.15,cc,0.155699352292075,0.007678462565521293,0.14064984220701424,0.17074886237713574,1
753,2500,5,bounded,seqmar,0.15,seq,0.15271371637508485,0.008218822435532753,0.1366051204061109,0.1688223123440588,1
754,2500,5,bounded,seqmar,0.15,full,0.15128798080048553,0.0066128755457730325,0.13832698289652473,0.16424897870444632,1
754,2500,5,bounded,seqmar,0.15,cc,0.15686010683224924,0.008696585762807112,0.1398151119486835,0.17390510171581497,1
754,2500,5,bounded,seqmar,0.15,seq,0.15012268836328485,0.011010821810868326,0.12854187417379484,0.17170350255277486,1
755,2500,5,bounded,seqmar,0.15,full,0.1455309226616007,0.006547550974656858,0.13269795856433314,0.15836388675886826,1
755,2500,5,bounded,seqmar,0.15,cc,0.14794326466849247,0.00817993962888557,0.13191087760016482,0.16397565173682013,1
755,2500,5,bounded,seqmar,0.15,seq,0.15417968453350828,0.011259834367013508,0.13211081470227545,0.1762485543647411,1
756,2500,5,bounded,seqmar,0.15,full,0.13966830395810825,0.006741542008485709,0.12645512442121246,0.15288148349500405,1
756,2500,5,bounded,seqmar,0.15,cc,0.15475501721117563,0.009091382395521687,0.13693623514627165,0.1725737992760796,1
756,2500,5,bounded,seqmar,0.15,seq,0.1697089481480176,0.02880247224534733,0.11325713988142233,0.22616075641461286,1
757,2500,5,bounded,seqmar,0.15,full,0.15269433432071372,0.0068721576156545615,0.13922515289794812,0.16616351574347932,1
757,2500,5,bounded,seqmar,0.15,cc,0.1568784619894886,0.008844229931384716,0.1395440898529834,0.1742128341259938,1
757,2500,5,bounded,seqmar,0.15,seq,0.15141209905104164,0.010060260748312561,0.13169435030926704,0.17112984779281623,1
758,2500,5,bounded,seqmar,0.15,full,0.14926852715578076,0.006754879479216258,0.13602920665660823,0.1625078476549533,1
758,2500,5,bounded,seqmar,0.15,cc,0.16618440830505354,0.008595534029699838,0.1493374711789534,0.18303134543115368,1
758,2500,5,bounded,seqmar,0.15,seq,0.1576426171697364,0.011102365184576668,0.13588238126475474,0.17940285307471807,1
759,2500,5,bounded,seqmar,0.15,full,0.15665012252512134,0.0066063690618673185,0.14370187709528173,0.16959836795496094,1
759,2500,5,bounded,seqmar,0.15,cc,0.15467804423902445,0.009311454541868342,0.1364279286932806,0.1729281597847683,1
759,2500,5,bounded,seqmar,0.15,seq,0.13406116389039324,0.015249685048278987,0.10417233042018748,0.163949997360599,1
760,2500,5,bounded,seqmar,0.15,full,0.14910770475200122,0.006597273339144736,0.13617728661111123,0.1620381228928912,1
760,2500,5,bounded,seqmar,0.15,cc,0.15305511893861448,0.008001100700412732,0.13737324972912732,0.16873698814810165,1
760,2500,5,bounded,seqmar,0.15,seq,0.13977857864689736,0.010452147945677273,0.11929274511228559,0.1602644121815091,1
761,2500,5,bounded,seqmar,0.15,full,0.1529350998353765,0.006692695338901476,0.1398176580116305,0.1660525416591225,1
761,2500,5,bounded,seqmar,0.15,cc,0.15801048937899276,0.008513377171091286,0.14132457673684834,0.17469640202113718,1
761,2500,5,bounded,seqmar,0.15,seq,0.13607467474774881,0.014923535465695099,0.10682508271298023,0.16532426678251738,1
762,2500,5,bounded,seqmar,0.15,full,0.1492889059386629,0.006695197421730853,0.136166560122685,0.1624112517546408,1
762,2500,5,bounded,seqmar,0.15,cc,0.15572145869668128,0.008467958124192983,0.13912456575066967,0.17231835164269288,1
762,2500,5,bounded,seqmar,0.15,seq,0.15741718590300452,0.009250035597631929,0.1392874492759325,0.17554692253007653,1
763,2500,5,bounded,seqmar,0.15,full,0.14127466039628186,0.006781614196459292,0.1279829408141761,0.15456637997838762,1
763,2500,5,bounded,seqmar,0.15,cc,0.13233993054775026,0.008611962022574164,0.11546079514727817,0.14921906594822235,0
763,2500,5,bounded,seqmar,0.15,seq,0.13236290251152447,0.012748228893902074,0.10737683301280351,0.15734897201024542,1
764,2500,5,bounded,seqmar,0.15,full,0.15590738269066595,0.006638433783026134,0.14289629156218076,0.16891847381915115,1
764,2500,5,bounded,seqmar,0.15,cc,0.15874206620948503,0.009071119128944878,0.14096299941728072,0.17652113300168934,1
764,2500,5,bounded,seqmar,0.15,seq,0.14212856901922424,0.011803652577234057,0.1189938350818221,0.1652633029566264,1
765,2500,5,bounded,seqmar,0.15,full,0.15317217881657996,0.006527478007386961,0.14037855701222424,0.1659658006209357,1
765,2500,5,bounded,seqmar,0.15,cc,0.15124313730995118,0.008566284899685746,0.1344535274252578,0.16803274719464456,1
765,2500,5,bounded,seqmar,0.15,seq,0.16355323944629244,0.015763898935950114,0.13265656527590092,0.19444991361668396,1
766,2500,5,bounded,seqmar,0.15,full,0.1619907240510846,0.006564780492108797,0.14912399072014024,0.17485745738202899,1
766,2500,5,bounded,seqmar,0.15,cc,0.16513831016098343,0.008160177043366993,0.1491446570485136,0.18113196327345327,1
766,2500,5,bounded,seqmar,0.15,seq,0.16392174503198528,0.008837520820560777,0.14660052251106329,0.18124296755290728,1
767,2500,5,bounded,seqmar,0.15,full,0.14797417987528713,0.006520912880633295,0.13519342548292254,0.16075493426765172,1
767,2500,5,bounded,seqmar,0.15,cc,0.1527700735952627,0.007840058523238875,0.13740384125302824,0.16813630593749718,1
767,2500,5,bounded,seqmar,0.15,seq,0.15226456763457813,0.008717256316943204,0.13517905920936518,0.16935007605979108,1
768,2500,5,bounded,seqmar,0.15,full,0.14539052169364844,0.006818874388932481,0.1320257734762382,0.15875526991105868,1
768,2500,5,bounded,seqmar,0.15,cc,0.14603160259122655,0.008889560350380346,0.1286083844660858,0.1634548207163673,1
768,2500,5,bounded,seqmar,0.15,seq,0.14128972827397157,0.01092142092793975,0.11988413659520764,0.1626953199527355,1
769,2500,5,bounded,seqmar,0.15,full,0.15923826307363287,0.006706382311007992,0.14609399527750072,0.17238253086976502,1
769,2500,5,bounded,seqmar,0.15,cc,0.16513066625483433,0.00823063404423481,0.14899891995820486,0.1812624125514638,1
769,2500,5,bounded,seqmar,0.15,seq,0.15179296757303265,0.009981873317349597,0.13222885537278609,0.17135707977327921,1
770,2500,5,bounded,seqmar,0.15,full,0.15371565828020226,0.00652310012443877,0.14093061696875353,0.16650069959165098,1
770,2500,5,bounded,seqmar,0.15,cc,0.15721521272286276,0.008191374531887986,0.14116041365648366,0.17327001178924187,1
770,2500,5,bounded,seqmar,0.15,seq,0.14190530526731654,0.012045343304811263,0.1182968662084658,0.16551374432616728,1
771,2500,5,bounded,seqmar,0.15,full,0.15287239685151835,0.0065538671684928825,0.1400270532418128,0.1657177404612239,1
771,2500,5,bounded,seqmar,0.15,cc,0.1619456311766603,0.008544204765987322,0.1451992975587897,0.17869196479453092,1
771,2500,5,bounded,seqmar,0.15,seq,0.15585288646020448,0.013189524923341285,0.13000189263726214,0.18170388028314682,1
772,2500,5,bounded,seqmar,0.15,full,0.15496261096801087,0.006689798013968582,0.14185084779678486,0.16807437413923687,1
772,2500,5,bounded,seqmar,0.15,cc,0.1533286099604937,0.008134797889156593,0.13738469907623432,0.16927252084475305,1
772,2500,5,bounded,seqmar,0.15,seq,0.1522340587880902,0.008459720208806736,0.13565331185954335,0.16881480571663707,1
773,2500,5,bounded,seqmar,0.15,full,0.16028548400521128,0.0066839781378536,0.14718512758156513,0.17338584042885744,1
773,2500,5,bounded,seqmar,0.15,cc,0.16997186772042333,0.007876436626040395,0.15453433560687196,0.1854093998339747,0
773,2500,5,bounded,seqmar,0.15,seq,0.16847980587764386,0.008825380680733665,0.1511823775935503,0.18577723416173741,0
774,2500,5,bounded,seqmar,0.15,full,0.15404561089764604,0.006784820497984432,0.14074760708002743,0.16734361471526465,1
774,2500,5,bounded,seqmar,0.15,cc,0.16239018262269006,0.00801930733230296,0.14667262907041828,0.17810773617496184,1
774,2500,5,bounded,seqmar,0.15,seq,0.1508885753399753,0.00967089302949608,0.13193397330382353,0.16984317737612706,1
775,2500,5,bounded,seqmar,0.15,full,0.15325617797811839,0.006578757331111303,0.1403620505461114,0.16615030541012538,1
775,2500,5,bounded,seqmar,0.15,cc,0.1603208792693056,0.007979868610039617,0.14468062419226627,0.17596113434634494,1
775,2500,5,bounded,seqmar,0.15,seq,0.1531221159895257,0.009407745495941278,0.13468327364176186,0.17156095833728952,1
776,2500,5,bounded,seqmar,0.15,full,0.1478956911770841,0.0066976761129192855,0.13476848721564808,0.1610228951385201,1
776,2500,5,bounded,seqmar,0.15,cc,0.1539748016878193,0.020777756724303983,0.11325114682864856,0.19469845654699003,1
776,2500,5,bounded,seqmar,0.15,seq,0.1706047481379566,0.06109055723239678,0.05086945616697598,0.2903400401089372,1
777,2500,5,bounded,seqmar,0.15,full,0.14851060087750453,0.006631937110157655,0.1355122429938609,0.16150895876114818,1
777,2500,5,bounded,seqmar,0.15,cc,0.16052323969424825,0.007708796667510843,0.14541427586178463,0.17563220352671188,1
777,2500,5,bounded,seqmar,0.15,seq,0.1463988482820527,0.00843639985073621,0.12986380841543066,0.16293388814867477,1
778,2500,5,bounded,seqmar,0.15,full,0.15315831023554882,0.006667571024915681,0.14009011116235126,0.16622650930874638,1
778,2500,5,bounded,seqmar,0.15,cc,0.15240213100126157,0.009473214342660869,0.133834972071818,0.17096928993070515,1
778,2500,5,bounded,seqmar,0.15,seq,0.17287511312629314,0.020154546949858805,0.1333729269798483,0.212377299272738,1
779,2500,5,bounded,seqmar,0.15,full,0.14889652023628822,0.006486244752650689,0.13618371412618097,0.16160932634639547,1
779,2500,5,bounded,seqmar,0.15,cc,0.16020288056914783,0.008089785247473434,0.14434719284143646,0.1760585682968592,1
779,2500,5,bounded,seqmar,0.15,seq,0.14783514391903124,0.010720077945602582,0.12682417723418804,0.16884611060387444,1
780,2500,5,bounded,seqmar,0.15,full,0.15520251305850835,0.006567179391309766,0.14233107797152753,0.16807394814548918,1
780,2500,5,bounded,seqmar,0.15,cc,0.16343811868989774,0.00788928904569123,0.14797539629671655,0.17890084108307894,1
780,2500,5,bounded,seqmar,0.15,seq,0.16105197741380964,0.009790245894717244,0.1418634480603727,0.18024050676724657,1
781,2500,5,bounded,seqmar,0.15,full,0.15978227598476216,0.0067038796971033085,0.14664291322175038,0.17292163874777394,1
781,2500,5,bounded,seqmar,0.15,cc,0.15761190680292872,0.009167132654937243,0.1396446569577507,0.17557915664810675,1
781,2500,5,bounded,seqmar,0.15,seq,0.16765322038089303,0.012037392992966089,0.14406036364692468,0.19124607711486138,1
782,2500,5,bounded,seqmar,0.15,full,0.15642262926629932,0.006812471423029359,0.14307043063145344,0.1697748279011452,1
782,2500,5,bounded,seqmar,0.15,cc,0.14764069739369723,0.008941054156159553,0.13011655326380234,0.16516484152359212,1
782,2500,5,bounded,seqmar,0.15,seq,0.13332776469624022,0.018694482194099613,0.09668725288617966,0.16996827650630078,1
783,2500,5,bounded,seqmar,0.15,full,0.14848819959562445,0.006685014270349544,0.13538581238960304,0.16159058680164587,1
783,2500,5,bounded,seqmar,0.15,cc,0.15786686876052128,0.00787021979712501,0.14244152140774213,0.17329221611330042,1
783,2500,5,bounded,seqmar,0.15,seq,0.1554291047896687,0.009704954620981622,0.13640774326094915,0.17445046631838826,1
784,2500,5,bounded,seqmar,0.15,full,0.14843983881956888,0.006725676416019999,0.13525775527249925,0.1616219223666385,1
784,2500,5,bounded,seqmar,0.15,cc,0.14563623979232343,0.008434601070487853,0.12910472547020424,0.16216775411444262,1
784,2500,5,bounded,seqmar,0.15,seq,0.13947654770543066,0.008721077356511633,0.12238355018028008,0.15656954523058125,1
785,2500,5,bounded,seqmar,0.15,full,0.1506669488523219,0.006689352272538338,0.1375560593182456,0.1637778383863982,1
785,2500,5,bounded,seqmar,0.15,cc,0.14989720984282826,0.008775459224990612,0.13269762581404687,0.16709679387160964,1
785,2500,5,bounded,seqmar,0.15,seq,0.12658951989879724,0.010964376222210566,0.1050997373903172,0.1480793024072773,0
786,2500,5,bounded,seqmar,0.15,full,0.16265121753237258,0.006670534761272968,0.14957720964265508,0.17572522542209007,1
786,2500,5,bounded,seqmar,0.15,cc,0.16396884035693748,0.007720678926055578,0.14883658772567115,0.1791010929882038,1
786,2500,5,bounded,seqmar,0.15,seq,0.1591042973703451,0.00818493816578474,0.1430621133497197,0.1751464813909705,1
787,2500,5,bounded,seqmar,0.15,full,0.1521074337810978,0.006527904224424333,0.13931297660669925,0.16490189095549637,1
787,2500,5,bounded,seqmar,0.15,cc,0.155792004266223,0.008267258682192405,0.1395884749982498,0.1719955335341962,1
787,2500,5,bounded,seqmar,0.15,seq,0.15657636401191607,0.010589194606124104,0.13582192395862702,0.17733080406520513,1
788,2500,5,bounded,seqmar,0.15,full,0.14793202760714894,0.006650176798192935,0.1348979205918669,0.16096613462243098,1
788,2500,5,bounded,seqmar,0.15,cc,0.1577505437260685,0.008073618113183058,0.1419265429992995,0.17357454445283751,1
788,2500,5,bounded,seqmar,0.15,seq,0.16142632817864183,0.01051255622474599,0.14082209659268732,0.18203055976459634,1
789,2500,5,bounded,seqmar,0.15,full,0.13886639391369127,0.0065726852640652636,0.12598416751440622,0.1517486203129763,1
789,2500,5,bounded,seqmar,0.15,cc,0.14847016269659358,0.008255092199963135,0.1322904792956083,0.16464984609757885,1
789,2500,5,bounded,seqmar,0.15,seq,0.14675233324670642,0.00998740995883144,0.12717736942856012,0.16632729706485272,1
790,2500,5,bounded,seqmar,0.15,full,0.1399283982356001,0.006511103745848671,0.12716686939413288,0.15268992707706733,1
790,2500,5,bounded,seqmar,0.15,cc,0.14331425471018677,0.007950949561817654,0.12773067992612966,0.1588978294942439,1
790,2500,5,bounded,seqmar,0.15,seq,0.15086249216794967,0.007793475622338226,0.13558756063377586,0.16613742370212348,1
791,2500,5,bounded,seqmar,0.15,full,0.1601408707305766,0.006797673379612397,0.14681767572786963,0.17346406573328355,1
791,2500,5,bounded,seqmar,0.15,cc,0.15636537585920682,0.008624902077982048,0.13946087841617733,0.1732698733022363,1
791,2500,5,bounded,seqmar,0.15,seq,0.1506837822504107,0.010551741089523567,0.1300027497407531,0.17136481476006832,1
792,2500,5,bounded,seqmar,0.15,full,0.14661364261264848,0.006631662939372395,0.13361582209386955,0.1596114631314274,1
792,2500,5,bounded,seqmar,0.15,cc,0.15893321863152512,0.008207726377332551,0.14284637053699392,0.17502006672605633,1
792,2500,5,bounded,seqmar,0.15,seq,0.14388468827184261,0.010659590249398094,0.12299227529306801,0.1647771012506172,1
793,2500,5,bounded,seqmar,0.15,full,0.15021406917629215,0.006604988400194026,0.13726852979360704,0.16315960855897726,1
793,2500,5,bounded,seqmar,0.15,cc,0.15154000487694055,0.007802828963727706,0.13624674113050825,0.16683326862337286,1
793,2500,5,bounded,seqmar,0.15,seq,0.14928543081668694,0.008979792258863195,0.1316853614006635,0.16688550023271037,1
794,2500,5,bounded,seqmar,0.15,full,0.1621009211057329,0.006687573043895846,0.14899351879571615,0.17520832341574966,1
794,2500,5,bounded,seqmar,0.15,cc,0.168061146517201,0.007879497779489148,0.15261761465313894,0.18350467838126305,0
794,2500,5,bounded,seqmar,0.15,seq,0.16095276000822756,0.01037655482531683,0.14061508626700125,0.18129043374945386,1
795,2500,5,bounded,seqmar,0.15,full,0.15255795701423766,0.006894872748424913,0.13904425474933813,0.1660716592791372,1
795,2500,5,bounded,seqmar,0.15,cc,0.15639812895613614,0.009545472903726718,0.1376893458494288,0.17510691206284348,1
795,2500,5,bounded,seqmar,0.15,seq,0.1555038725088305,0.012191901459019064,0.1316081847460918,0.1793995602715692,1
796,2500,5,bounded,seqmar,0.15,full,0.15334838342832322,0.006659828761056459,0.14029535891344855,0.16640140794319788,1
796,2500,5,bounded,seqmar,0.15,cc,0.15847280444406803,0.008273658003330553,0.14225673273713857,0.17468887615099749,1
796,2500,5,bounded,seqmar,0.15,seq,0.15657709001220876,0.013543309430936732,0.1300326912960911,0.18312148872832643,1
797,2500,5,bounded,seqmar,0.15,full,0.15292611651947738,0.006569422777010846,0.14005028447731901,0.16580194856163574,1
797,2500,5,bounded,seqmar,0.15,cc,0.15331870793420815,0.007855852117476672,0.13792152071608116,0.16871589515233515,1
797,2500,5,bounded,seqmar,0.15,seq,0.13463547061130254,0.010242773536193007,0.11456000337856428,0.1547109378440408,1
798,2500,5,bounded,seqmar,0.15,full,0.15189592072333374,0.006588637575253168,0.1389824283686502,0.16480941307801728,1
798,2500,5,bounded,seqmar,0.15,cc,0.15091151675893788,0.008393490363449625,0.13446057794199262,0.16736245557588314,1
798,2500,5,bounded,seqmar,0.15,seq,0.14738451177502687,0.00930255710236289,0.12915183489026832,0.16561718865978542,1
799,2500,5,bounded,seqmar,0.15,full,0.14965453645543686,0.006731729698749118,0.13646058869222993,0.16284848421864379,1
799,2500,5,bounded,seqmar,0.15,cc,0.15989758432857917,0.008183307213128323,0.14385859691642083,0.1759365717407375,1
799,2500,5,bounded,seqmar,0.15,seq,0.14069491954764476,0.012274144048042994,0.11663803927242383,0.1647517998228657,1
800,2500,5,bounded,seqmar,0.15,full,0.15296759975422697,0.006632715476570411,0.13996771630044755,0.1659674832080064,1
800,2500,5,bounded,seqmar,0.15,cc,0.1535218751160485,0.007827209217891306,0.13818082694952163,0.16886292328257538,1
800,2500,5,bounded,seqmar,0.15,seq,0.15100832619187726,0.009401347762458927,0.13258202317132153,0.169434629212433,1
801,2500,5,bounded,seqmar,0.15,full,0.1536229494529381,0.006632141002025208,0.1406241919485773,0.16662170695729892,1
801,2500,5,bounded,seqmar,0.15,cc,0.16679664275722383,0.008677892751342503,0.14978828550289133,0.18380500001155634,1
801,2500,5,bounded,seqmar,0.15,seq,0.16323645763923245,0.00873708036731624,0.14611209478926063,0.18036082048920427,1
802,2500,5,bounded,seqmar,0.15,full,0.15289208692219344,0.006619122100094034,0.139918845996736,0.16586532784765087,1
802,2500,5,bounded,seqmar,0.15,cc,0.16625883818344764,0.008325784730402701,0.1499405999688248,0.18257707639807047,1
802,2500,5,bounded,seqmar,0.15,seq,0.16629973502347292,0.009831933145438647,0.14702950016000757,0.18556996988693827,1
803,2500,5,bounded,seqmar,0.15,full,0.14924051019290926,0.006464786991354585,0.1365697605221312,0.16191125986368732,1
803,2500,5,bounded,seqmar,0.15,cc,0.149311951523367,0.008665162791498513,0.13232854453185333,0.16629535851488064,1
803,2500,5,bounded,seqmar,0.15,seq,0.1467441653685637,0.014332085469176692,0.11865379402562753,0.17483453671149984,1
804,2500,5,bounded,seqmar,0.15,full,0.14405281080665777,0.006507665543029514,0.13129802071888763,0.1568076008944279,1
804,2500,5,bounded,seqmar,0.15,cc,0.1402221830830017,0.008683838892122112,0.12320217160689415,0.15724219455910923,1
804,2500,5,bounded,seqmar,0.15,seq,0.12776518447293114,0.013026060281471814,0.10223457546079871,0.1532957934850636,1
805,2500,5,bounded,seqmar,0.15,full,0.1472675611509049,0.006503364182915079,0.13452120157404357,0.1600139207277662,1
805,2500,5,bounded,seqmar,0.15,cc,0.15421999175809137,0.00780393103611702,0.13892456798946767,0.16951541552671506,1
805,2500,5,bounded,seqmar,0.15,seq,0.1451420153693671,0.009199504780407416,0.1271113173241645,0.1631727134145697,1
806,2500,5,bounded,seqmar,0.15,full,0.15382721888489403,0.006624765547089889,0.14084291700657606,0.166811520763212,1
806,2500,5,bounded,seqmar,0.15,cc,0.14650091200001972,0.009176677511241961,0.1285149545802468,0.16448686941979263,1
806,2500,5,bounded,seqmar,0.15,seq,0.1410605957860092,0.013561009591871589,0.11448150539193869,0.16763968618007974,1
807,2500,5,bounded,seqmar,0.15,full,0.14960372702248198,0.006602935466050769,0.13666221131678027,0.1625452427281837,1
807,2500,5,bounded,seqmar,0.15,cc,0.1525293353962668,0.008119835556727179,0.1366147501446938,0.16844392064783983,1
807,2500,5,bounded,seqmar,0.15,seq,0.15115594162888302,0.008514705806906272,0.13446742490839267,0.16784445834937337,1
808,2500,5,bounded,seqmar,0.15,full,0.14328447159487906,0.006739775301545034,0.13007475473995822,0.1564941884497999,1
808,2500,5,bounded,seqmar,0.15,cc,0.14187899755610564,0.008654072906938084,0.12491732633892315,0.15884066877328815,1
808,2500,5,bounded,seqmar,0.15,seq,0.1431676876386784,0.009673995000824533,0.12420700585044178,0.16212836942691503,1
809,2500,5,bounded,seqmar,0.15,full,0.15009476412850947,0.006748339106091377,0.13686826252510714,0.1633212657319118,1
809,2500,5,bounded,seqmar,0.15,cc,0.14924701342149965,0.008114056230985845,0.13334375544023458,0.16515027140276473,1
809,2500,5,bounded,seqmar,0.15,seq,0.1390532435753754,0.011021328438732674,0.1174518367736723,0.16065465037707852,1
810,2500,5,bounded,seqmar,0.15,full,0.14457860066824413,0.006653354621930063,0.13153826523288809,0.15761893610360017,1
810,2500,5,bounded,seqmar,0.15,cc,0.152786379076943,0.00827399458857586,0.13656964767505503,0.169003110478831,1
810,2500,5,bounded,seqmar,0.15,seq,0.14339329970133022,0.00923424336789163,0.12529451527578478,0.16149208412687566,1
811,2500,5,bounded,seqmar,0.15,full,0.1516916955858834,0.006438532620430427,0.13907240353655348,0.16431098763521335,1
811,2500,5,bounded,seqmar,0.15,cc,0.1573269101236509,0.007628428470888559,0.14237546506206938,0.17227835518523243,1
811,2500,5,bounded,seqmar,0.15,seq,0.16392420124301857,0.00814782535711666,0.14795475699074773,0.1798936454952894,1
812,2500,5,bounded,seqmar,0.15,full,0.1542938122294096,0.006738485532308507,0.14108662327574073,0.16750100118307848,1
812,2500,5,bounded,seqmar,0.15,cc,0.1604386931025789,0.008150111991409074,0.1444647671294491,0.1764126190757087,1
812,2500,5,bounded,seqmar,0.15,seq,0.1523131232286367,0.008966643259857516,0.13473882537709714,0.16988742108017624,1
813,2500,5,bounded,seqmar,0.15,full,0.15109523121249063,0.006591325352763325,0.13817647091068874,0.16401399151429252,1
813,2500,5,bounded,seqmar,0.15,cc,0.15806275585585583,0.008250191807519104,0.14189267704757097,0.1742328346641407,1
813,2500,5,bounded,seqmar,0.15,seq,0.1433616806720336,0.009115821319445085,0.12549499919641882,0.16122836214764835,1
814,2500,5,bounded,seqmar,0.15,full,0.16108270162807867,0.006515396981272692,0.1483127581998032,0.17385264505635414,1
814,2500,5,bounded,seqmar,0.15,cc,0.17039724116556867,0.007867181992993914,0.15497784779947857,0.18581663453165878,0
814,2500,5,bounded,seqmar,0.15,seq,0.1597484956586104,0.01042122497860395,0.13932327002575748,0.18017372129146333,1
815,2500,5,bounded,seqmar,0.15,full,0.15571383604720493,0.006609212151647359,0.14276001826379162,0.16866765383061824,1
815,2500,5,bounded,seqmar,0.15,cc,0.15886489614221933,0.007973948357651342,0.14323624454664038,0.17449354773779827,1
815,2500,5,bounded,seqmar,0.15,seq,0.14974910715265055,0.008813022800115583,0.13247589986949368,0.16702231443580742,1
816,2500,5,bounded,seqmar,0.15,full,0.14109424749729602,0.00668523885035586,0.12799142012255058,0.15419707487204146,1
816,2500,5,bounded,seqmar,0.15,cc,0.15078831894533445,0.008092201797916301,0.13492789486578824,0.16664874302488067,1
816,2500,5,bounded,seqmar,0.15,seq,0.14606286471187913,0.009824319978425942,0.12680755138156696,0.1653181780421913,1
817,2500,5,bounded,seqmar,0.15,full,0.16055431789871039,0.006686145068597882,0.14744971436884846,0.1736589214285723,1
817,2500,5,bounded,seqmar,0.15,cc,0.17229282515014238,0.008077114991986767,0.1564619706668598,0.18812367963342497,0
817,2500,5,bounded,seqmar,0.15,seq,0.16941116036300455,0.007799022401264673,0.1541253573419047,0.1846969633841044,0
818,2500,5,bounded,seqmar,0.15,full,0.16151537318104978,0.006484503325864823,0.14880598020472452,0.17422476615737503,1
818,2500,5,bounded,seqmar,0.15,cc,0.1561724968918518,0.008407280315046669,0.13969453026642778,0.17265046351727584,1
818,2500,5,bounded,seqmar,0.15,seq,0.14474459674661486,0.011637341259282865,0.12193582700261844,0.16755336649061126,1
819,2500,5,bounded,seqmar,0.15,full,0.1467190179854643,0.006780254850581399,0.13342996267232177,0.16000807329860683,1
819,2500,5,bounded,seqmar,0.15,cc,0.16087420385643472,0.008253985973203377,0.1446966886200573,0.17705171909281214,1
819,2500,5,bounded,seqmar,0.15,seq,0.15208922067946187,0.008824642749301696,0.13479323871439802,0.16938520264452572,1
820,2500,5,bounded,seqmar,0.15,full,0.16064291824025162,0.006634129960793798,0.14764026244833767,0.17364557403216557,1
820,2500,5,bounded,seqmar,0.15,cc,0.16734438953562308,0.007797100988992446,0.15206235241337626,0.1826264266578699,0
820,2500,5,bounded,seqmar,0.15,seq,0.1610102308399862,0.010070485835584668,0.1412724412954195,0.1807480203845529,1
821,2500,5,bounded,seqmar,0.15,full,0.14113367901889237,0.006649164795663417,0.12810155549212043,0.1541658025456643,1
821,2500,5,bounded,seqmar,0.15,cc,0.1405537263646933,0.00861693296749351,0.12366484809121016,0.15744260463817641,1
821,2500,5,bounded,seqmar,0.15,seq,0.14773116444392903,0.011957689962392071,0.12429452277934445,0.1711678061085136,1
822,2500,5,bounded,seqmar,0.15,full,0.1491339114818892,0.006534009742782376,0.13632748771140193,0.16194033525237647,1
822,2500,5,bounded,seqmar,0.15,cc,0.15839782687941184,0.007616264127055714,0.14347022349363825,0.17332543026518543,1
822,2500,5,bounded,seqmar,0.15,seq,0.14678077394730335,0.008379043133819484,0.13035815118010954,0.16320339671449716,1
823,2500,5,bounded,seqmar,0.15,full,0.15689517193486607,0.006729312720557668,0.1437059613618658,0.17008438250786634,1
823,2500,5,bounded,seqmar,0.15,cc,0.15864840499250946,0.00834076383051879,0.14230080828113828,0.17499600170388063,1
823,2500,5,bounded,seqmar,0.15,seq,0.15092000849762696,0.009075731399246098,0.1331319018217453,0.16870811517350862,1
824,2500,5,bounded,seqmar,0.15,full,0.14623729226384766,0.00677416722063971,0.13296016848614203,0.15951441604155328,1
824,2500,5,bounded,seqmar,0.15,cc,0.1540873880233916,0.008205985897483156,0.13800395120668105,0.17017082484010218,1
824,2500,5,bounded,seqmar,0.15,seq,0.14943075568908848,0.009036284197984322,0.1317199641069708,0.16714154727120617,1
825,2500,5,bounded,seqmar,0.15,full,0.1535007070353369,0.0066821865179452645,0.14040386212218506,0.16659755194848871,1
825,2500,5,bounded,seqmar,0.15,cc,0.1614349702517432,0.007665192373953114,0.14641146926422402,0.17645847123926237,1
825,2500,5,bounded,seqmar,0.15,seq,0.15544658631181324,0.010038521233840421,0.13577144623544543,0.17512172638818105,1
826,2500,5,bounded,seqmar,0.15,full,0.14510956196736025,0.006595853878448421,0.13218192591831252,0.15803719801640798,1
826,2500,5,bounded,seqmar,0.15,cc,0.14389290643959776,0.008234465713838396,0.1277536502085446,0.16003216267065093,1
826,2500,5,bounded,seqmar,0.15,seq,0.13981751674199877,0.008944576820710938,0.12228646831645355,0.15734856516754397,1
827,2500,5,bounded,seqmar,0.15,full,0.14755083103339386,0.006500442697079918,0.1348101974635508,0.16029146460323693,1
827,2500,5,bounded,seqmar,0.15,cc,0.1571581810655188,0.008294629254407004,0.14090100646176873,0.17341535566926886,1
827,2500,5,bounded,seqmar,0.15,seq,0.15693919704790174,0.009115169740121895,0.1390737926442935,0.17480460145150997,1
828,2500,5,bounded,seqmar,0.15,full,0.14696664644581764,0.00662649786000073,0.13397894929658447,0.1599543435950508,1
828,2500,5,bounded,seqmar,0.15,cc,0.15946000736331709,0.008135173731233321,0.14351535984212344,0.17540465488451074,1
828,2500,5,bounded,seqmar,0.15,seq,0.16862951344789395,0.011210231038704475,0.14665786435366013,0.19060116254212778,1
829,2500,5,bounded,seqmar,0.15,full,0.15156426947691384,0.0065944529637298995,0.1386393791702598,0.16448915978356787,1
829,2500,5,bounded,seqmar,0.15,cc,0.15953769841813267,0.008157055037208913,0.14355016432529216,0.17552523251097318,1
829,2500,5,bounded,seqmar,0.15,seq,0.1439607616027622,0.010162926205823854,0.12404179226180914,0.16387973094371525,1
830,2500,5,bounded,seqmar,0.15,full,0.15621494100085398,0.0065499811820534885,0.14337721378461404,0.16905266821709392,1
830,2500,5,bounded,seqmar,0.15,cc,0.16475820538492472,0.009151562236251048,0.14682147299959583,0.1826949377702536,1
830,2500,5,bounded,seqmar,0.15,seq,0.1530905291473424,0.0099365334404517,0.13361528147287918,0.1725657768218056,1
831,2500,5,bounded,seqmar,0.15,full,0.15391714505556775,0.006664381013351161,0.14085519829014692,0.16697909182098858,1
831,2500,5,bounded,seqmar,0.15,cc,0.16359220839388441,0.008241164711611803,0.14743982236846287,0.17974459441930596,1
831,2500,5,bounded,seqmar,0.15,seq,0.16880286204377548,0.012121039396256037,0.14504606137192252,0.19255966271562844,1
832,2500,5,bounded,seqmar,0.15,full,0.16004422565224607,0.006513213286362062,0.14727856218734867,0.17280988911714348,1
832,2500,5,bounded,seqmar,0.15,cc,0.1635400264694033,0.008285934333781867,0.14729989359692697,0.17978015934187963,1
832,2500,5,bounded,seqmar,0.15,seq,0.15616972445386804,0.009028387415376312,0.1384744102812558,0.17386503862648028,1
833,2500,5,bounded,seqmar,0.15,full,0.1454673412135074,0.006594447309025524,0.1325424619898703,0.15839222043714452,1
833,2500,5,bounded,seqmar,0.15,cc,0.15023669128144976,0.008402235186824262,0.13376861292563902,0.1667047696372605,1
833,2500,5,bounded,seqmar,0.15,seq,0.1509157950390763,0.010582038549593904,0.13017538059885778,0.1716562094792948,1
834,2500,5,bounded,seqmar,0.15,full,0.1439450849470323,0.006644991824260259,0.13092114029391907,0.1569690296001455,1
834,2500,5,bounded,seqmar,0.15,cc,0.14780534665981082,0.008381140373378887,0.13137861337861362,0.16423207994100802,1
834,2500,5,bounded,seqmar,0.15,seq,0.15089969769247874,0.010717569908954441,0.1298936466691378,0.17190574871581968,1
835,2500,5,bounded,seqmar,0.15,full,0.14202635887474283,0.006711918865357272,0.12887123963148764,0.155181478117998,1
835,2500,5,bounded,seqmar,0.15,cc,0.1467815513350566,0.008976978083876869,0.12918699760065255,0.16437610506946065,1
835,2500,5,bounded,seqmar,0.15,seq,0.13685798852449588,0.010455317162509381,0.11636594343903398,0.15735003360995778,1
836,2500,5,bounded,seqmar,0.15,full,0.14037538932875446,0.00674133251160878,0.12716262039819232,0.1535881582593166,1
836,2500,5,bounded,seqmar,0.15,cc,0.15366248449978617,0.008523144213237348,0.1369574288068,0.17036754019277234,1
836,2500,5,bounded,seqmar,0.15,seq,0.1638124342118494,0.014770686049145809,0.1348624215285754,0.19276244689512342,1
837,2500,5,bounded,seqmar,0.15,full,0.16520360038248155,0.006651556012237687,0.15216679015734483,0.17824041060761828,0
837,2500,5,bounded,seqmar,0.15,cc,0.17266609670476404,0.007719523396102277,0.15753610887058925,0.18779608453893884,0
837,2500,5,bounded,seqmar,0.15,seq,0.1666490035896401,0.010803603130692332,0.14547433055021897,0.18782367662906124,1
838,2500,5,bounded,seqmar,0.15,full,0.15232174015579827,0.0066407717002203645,0.13930606679381355,0.165337413517783,1
838,2500,5,bounded,seqmar,0.15,cc,0.14899632621645598,0.010027929756066698,0.12934194505506771,0.16865070737784424,1
838,2500,5,bounded,seqmar,0.15,seq,0.13462369533047494,0.01472131738451518,0.1057704434518418,0.16347694720910808,1
839,2500,5,bounded,seqmar,0.15,full,0.15386535532230358,0.006712180809987445,0.1407097226770073,0.16702098796759987,1
839,2500,5,bounded,seqmar,0.15,cc,0.16335081245610603,0.008095142765782999,0.14748462418546138,0.17921700072675067,1
839,2500,5,bounded,seqmar,0.15,seq,0.16596220356977923,0.009023888295980104,0.1482757075091457,0.18364869963041275,1
840,2500,5,bounded,seqmar,0.15,full,0.14664534171333565,0.006677757166318615,0.1335571781698469,0.1597335052568244,1
840,2500,5,bounded,seqmar,0.15,cc,0.14751533391660104,0.00830370939721089,0.1312403625599809,0.1637903052732212,1
840,2500,5,bounded,seqmar,0.15,seq,0.14740796729261343,0.009752326733940527,0.12829375812862287,0.166522176456604,1
841,2500,5,bounded,seqmar,0.15,full,0.13811570727561104,0.006745836299795017,0.12489411108240986,0.15133730346881222,1
841,2500,5,bounded,seqmar,0.15,cc,0.13062471768225542,0.009347822922423461,0.11230332142044748,0.14894611394406337,0
841,2500,5,bounded,seqmar,0.15,seq,0.10984004610278689,0.011466024004151455,0.0873670520087783,0.1323130401967955,0
842,2500,5,bounded,seqmar,0.15,full,0.14877083785580134,0.006483936929803792,0.1360625549953567,0.16147912071624598,1
842,2500,5,bounded,seqmar,0.15,cc,0.15205082428940592,0.008265819491732652,0.13585011578290074,0.1682515327959111,1
842,2500,5,bounded,seqmar,0.15,seq,0.15082122074618073,0.010712485482457719,0.12982513501565543,0.17181730647670604,1
843,2500,5,bounded,seqmar,0.15,full,0.15421547301821087,0.00668616214006277,0.14111083602889257,0.16732011000752917,1
843,2500,5,bounded,seqmar,0.15,cc,0.16350393270173622,0.008254912802347525,0.14732460091361646,0.17968326448985597,1
843,2500,5,bounded,seqmar,0.15,seq,0.15622398050822478,0.009344174038620373,0.13790973592725467,0.1745382250891949,1
844,2500,5,bounded,seqmar,0.15,full,0.14917257506456882,0.006674191369496101,0.1360914003544284,0.16225374977470924,1
844,2500,5,bounded,seqmar,0.15,cc,0.14377116283800773,0.009252069617622701,0.12563743960500995,0.1619048860710055,1
844,2500,5,bounded,seqmar,0.15,seq,0.13366992606728123,0.01644053219789001,0.10144707507274567,0.1658927770618168,1
845,2500,5,bounded,seqmar,0.15,full,0.15490643981221305,0.006633470656603045,0.14190507623276782,0.16790780339165828,1
845,2500,5,bounded,seqmar,0.15,cc,0.15678410843304405,0.008371268511105125,0.14037672364636378,0.17319149321972432,1
845,2500,5,bounded,seqmar,0.15,seq,0.15813360402727486,0.009272635545383878,0.13995957231655654,0.17630763573799318,1
846,2500,5,bounded,seqmar,0.15,full,0.14969419159897335,0.006521502445851778,0.136912281680014,0.1624761015179327,1
846,2500,5,bounded,seqmar,0.15,cc,0.15078034202419194,0.007875197819471625,0.13534523792689918,0.1662154461214847,1
846,2500,5,bounded,seqmar,0.15,seq,0.1605473291928907,0.00893706534349339,0.14303100299216256,0.17806365539361882,1
847,2500,5,bounded,seqmar,0.15,full,0.14878816555955374,0.0065390082868520185,0.13597194482271482,0.16160438629639265,1
847,2500,5,bounded,seqmar,0.15,cc,0.15127969666299831,0.008128409806289368,0.13534830619108895,0.16721108713490768,1
847,2500,5,bounded,seqmar,0.15,seq,0.1436332491088544,0.01093732412126499,0.12219648774393381,0.16507001047377495,1
848,2500,5,bounded,seqmar,0.15,full,0.16427293973348406,0.0065234388844344045,0.1514872344646445,0.17705864500232363,0
848,2500,5,bounded,seqmar,0.15,cc,0.16934299340508852,0.007915818909088775,0.1538282734351334,0.18485771337504364,0
848,2500,5,bounded,seqmar,0.15,seq,0.17081993142256632,0.008317686051072009,0.15451756632775399,0.18712229651737866,0
849,2500,5,bounded,seqmar,0.15,full,0.1406164170745589,0.0067399570296877,0.12740634403902346,0.15382649011009436,1
849,2500,5,bounded,seqmar,0.15,cc,0.14761114531726816,0.008014525431923193,0.13190296411751837,0.16331932651701794,1
849,2500,5,bounded,seqmar,0.15,seq,0.14486681075819327,0.009054823735849964,0.1271196823495689,0.16261393916681763,1
850,2500,5,bounded,seqmar,0.15,full,0.137368555143487,0.006702261622736626,0.12423236374795824,0.15050474653901577,1
850,2500,5,bounded,seqmar,0.15,cc,0.13812572688757235,0.008573998885741082,0.12132099786803327,0.15493045590711144,1
850,2500,5,bounded,seqmar,0.15,seq,0.1349251957219301,0.010053212797525324,0.1152212607098633,0.1546291307339969,1
851,2500,5,bounded,seqmar,0.15,full,0.14479671407515432,0.006641030597627832,0.13178053328357525,0.1578128948667334,1
851,2500,5,bounded,seqmar,0.15,cc,0.15585508140822316,0.00844335051901743,0.13930641848210143,0.17240374433434488,1
851,2500,5,bounded,seqmar,0.15,seq,0.15883311324487176,0.009647304142766234,0.13992474457714588,0.17774148191259764,1
852,2500,5,bounded,seqmar,0.15,full,0.16147589634255896,0.006723439360501915,0.1482981973437362,0.17465359534138172,1
852,2500,5,bounded,seqmar,0.15,cc,0.16925813436306297,0.009394189223257722,0.15084586182152354,0.1876704069046024,0
852,2500,5,bounded,seqmar,0.15,seq,0.15106865911185488,0.016148340874619214,0.11941849258752518,0.18271882563618458,1
853,2500,5,bounded,seqmar,0.15,full,0.14245549934610174,0.006681578159792579,0.12935984679301887,0.15555115189918461,1
853,2500,5,bounded,seqmar,0.15,cc,0.1442884130332638,0.008634461940861864,0.12736517860329274,0.16121164746323488,1
853,2500,5,bounded,seqmar,0.15,seq,0.13975280462262457,0.011763524870890892,0.11669671954443724,0.16280888970081192,1
854,2500,5,bounded,seqmar,0.15,full,0.1548520448913009,0.006428098740732073,0.14225320287039875,0.16745088691220303,1
854,2500,5,bounded,seqmar,0.15,cc,0.1531811136075744,0.00827227401099243,0.13696775447578252,0.16939447273936625,1
854,2500,5,bounded,seqmar,0.15,seq,0.15625964358994812,0.010156598853698184,0.13635307563127888,0.17616621154861736,1
855,2500,5,bounded,seqmar,0.15,full,0.14231700404895867,0.0064858739478504575,0.12960492470290516,0.15502908339501217,1
855,2500,5,bounded,seqmar,0.15,cc,0.13825392364626413,0.008848233350763035,0.1209117049519624,0.15559614234056585,1
855,2500,5,bounded,seqmar,0.15,seq,0.12557966714589233,0.010685615723717004,0.1046362451747721,0.14652308911701256,0
856,2500,5,bounded,seqmar,0.15,full,0.15070951949943323,0.006488784811893575,0.1379917349646913,0.16342730403417516,1
856,2500,5,bounded,seqmar,0.15,cc,0.149632753002272,0.008242342832017314,0.13347805790328618,0.1657874481012578,1
856,2500,5,bounded,seqmar,0.15,seq,0.149484743244237,0.009197119132693355,0.13145872098263375,0.16751076550584024,1
857,2500,5,bounded,seqmar,0.15,full,0.14533337103752728,0.006854827882299146,0.13189815526799997,0.15876858680705458,1
857,2500,5,bounded,seqmar,0.15,cc,0.14953633655551138,0.007994524184249332,0.13386735708084824,0.16520531603017452,1
857,2500,5,bounded,seqmar,0.15,seq,0.15350743908396614,0.009798202634024332,0.13430331480805296,0.1727115633598793,1
858,2500,5,bounded,seqmar,0.15,full,0.15565841826945293,0.0067665205091816385,0.1423962817708053,0.16892055476810056,1
858,2500,5,bounded,seqmar,0.15,cc,0.1618098014655217,0.008261923808118568,0.1456167283585953,0.17800287457244812,1
858,2500,5,bounded,seqmar,0.15,seq,0.15558442157158528,0.010725928463116999,0.13456198808312292,0.17660685506004764,1
859,2500,5,bounded,seqmar,0.15,full,0.15297918418250628,0.006724400547255436,0.1397996012922642,0.16615876707274835,1
859,2500,5,bounded,seqmar,0.15,cc,0.15486688739812124,0.008131812704127099,0.13892882736900686,0.17080494742723562,1
859,2500,5,bounded,seqmar,0.15,seq,0.1570688932072966,0.008668696655051725,0.1400785599704924,0.17405922644410082,1
860,2500,5,bounded,seqmar,0.15,full,0.14965711260810938,0.006565810025332004,0.13678836142912662,0.16252586378709213,1
860,2500,5,bounded,seqmar,0.15,cc,0.1574516579370962,0.008033712026271329,0.1417058717034381,0.1731974441707543,1
860,2500,5,bounded,seqmar,0.15,seq,0.1548636094920315,0.009749348767132576,0.1357552370357317,0.17397198194833133,1
861,2500,5,bounded,seqmar,0.15,full,0.1524233299802388,0.006635725422539727,0.1394175471407641,0.1654291128197135,1
861,2500,5,bounded,seqmar,0.15,cc,0.15488025639865255,0.008433918873586958,0.1383500791578895,0.1714104336394156,1
861,2500,5,bounded,seqmar,0.15,seq,0.14816072564860067,0.009981889681616453,0.12859658137498042,0.1677248699222209,1
862,2500,5,bounded,seqmar,0.15,full,0.149362693865404,0.0067529737443757535,0.13612710853788293,0.16259827919292505,1
862,2500,5,bounded,seqmar,0.15,cc,0.15490638166336,0.008120778586054875,0.1389899481082683,0.17082281521845166,1
862,2500,5,bounded,seqmar,0.15,seq,0.16244322170958275,0.011239868893753991,0.14041348348687288,0.18447295993229262,1
863,2500,5,bounded,seqmar,0.15,full,0.1464593203186406,0.006720281795979555,0.13328781003256052,0.15963083060472066,1
863,2500,5,bounded,seqmar,0.15,cc,0.15036021222209658,0.008365778820416786,0.1339635870314517,0.16675683741274147,1
863,2500,5,bounded,seqmar,0.15,seq,0.15126169298415584,0.009832097015249966,0.13199113694176215,0.17053224902654954,1
864,2500,5,bounded,seqmar,0.15,full,0.15280570539797264,0.006546504383728523,0.13997479258123116,0.16563661821471412,1
864,2500,5,bounded,seqmar,0.15,cc,0.15790501708213747,0.007960267544513091,0.1423031793875887,0.17350685477668623,1
864,2500,5,bounded,seqmar,0.15,seq,0.15450767132824966,0.008510188486217188,0.13782800839361653,0.1711873342628828,1
865,2500,5,bounded,seqmar,0.15,full,0.15132650133810044,0.006607828281058523,0.13837539589120051,0.16427760678500036,1
865,2500,5,bounded,seqmar,0.15,cc,0.15851472078309398,0.00888405670402598,0.14110228960659144,0.17592715195959652,1
865,2500,5,bounded,seqmar,0.15,seq,0.1489507618604303,0.009540635995755317,0.13025145891914344,0.16765006480171715,1
866,2500,5,bounded,seqmar,0.15,full,0.1423777419378515,0.006435975815612518,0.12976346113388015,0.15499202274182283,1
866,2500,5,bounded,seqmar,0.15,cc,0.1456102641053012,0.008236121829831952,0.12946776194654644,0.16175276626405596,1
866,2500,5,bounded,seqmar,0.15,seq,0.1335728699733752,0.008895447701737898,0.11613811285160933,0.15100762709514107,1
867,2500,5,bounded,seqmar,0.15,full,0.14600872714839142,0.006696282671274061,0.1328842542823946,0.15913320001438824,1
867,2500,5,bounded,seqmar,0.15,cc,0.1417078026649258,0.008432980134968297,0.12517946531804622,0.1582361400118054,1
867,2500,5,bounded,seqmar,0.15,seq,0.13617053423948572,0.01051459103309212,0.11556231450245737,0.15677875397651408,1
868,2500,5,bounded,seqmar,0.15,full,0.14871219273261757,0.006557026200999543,0.13586065753297297,0.16156372793226217,1
868,2500,5,bounded,seqmar,0.15,cc,0.15203432695662797,0.007906840175560181,0.13653720498101565,0.16753144893224028,1
868,2500,5,bounded,seqmar,0.15,seq,0.1408716518121634,0.01091750813187052,0.11947372907277402,0.1622695745515528,1
869,2500,5,bounded,seqmar,0.15,full,0.1498081900755711,0.006678225959230602,0.13671910771485868,0.16289727243628355,1
869,2500,5,bounded,seqmar,0.15,cc,0.15382753492915552,0.008668434936718476,0.13683771465085856,0.17081735520745248,1
869,2500,5,bounded,seqmar,0.15,seq,0.1600564024215374,0.011742358805221597,0.1370418020697563,0.1830710027733185,1
870,2500,5,bounded,seqmar,0.15,full,0.15076179055330127,0.0066124483791166885,0.1378016298806023,0.16372195122600025,1
870,2500,5,bounded,seqmar,0.15,cc,0.15595348275676724,0.008269343557468641,0.13974586720834037,0.1721610983051941,1
870,2500,5,bounded,seqmar,0.15,seq,0.15740101623938196,0.009223907313278218,0.13932249010862105,0.17547954237014288,1
871,2500,5,bounded,seqmar,0.15,full,0.15725201077846754,0.006634887006434717,0.14424787120436272,0.17025615035257236,1
871,2500,5,bounded,seqmar,0.15,cc,0.16787356682474064,0.009825380264850532,0.14861617537122299,0.1871309582782583,1
871,2500,5,bounded,seqmar,0.15,seq,0.1642499948740499,0.010664682119823701,0.14334760201262717,0.18515238773547263,1
872,2500,5,bounded,seqmar,0.15,full,0.14864266247223865,0.006620270337696185,0.1356671710424353,0.16161815390204198,1
872,2500,5,bounded,seqmar,0.15,cc,0.15321967810348888,0.008691592835537623,0.13618446917754878,0.17025488702942898,1
872,2500,5,bounded,seqmar,0.15,seq,0.1416261574144635,0.013692959713607934,0.11478844953403405,0.16846386529489293,1
873,2500,5,bounded,seqmar,0.15,full,0.15594796220745052,0.0067777612958301505,0.1426637941718139,0.16923213024308714,1
873,2500,5,bounded,seqmar,0.15,cc,0.15929764612626085,0.008191805834897594,0.1432420017215165,0.1753532905310052,1
873,2500,5,bounded,seqmar,0.15,seq,0.15318336199869287,0.010516748691222957,0.13257091332943713,0.1737958106679486,1
874,2500,5,bounded,seqmar,0.15,full,0.1503844106675927,0.006687957082931029,0.13727625565489832,0.16349256568028708,1
874,2500,5,bounded,seqmar,0.15,cc,0.1486569323187076,0.008840112277953855,0.13133063063462772,0.1659832340027875,1
874,2500,5,bounded,seqmar,0.15,seq,0.13696362426074782,0.011380047367726645,0.11465914127764375,0.15926810724385188,1
875,2500,5,bounded,seqmar,0.15,full,0.1562458469415643,0.006598202213823239,0.1433136082397583,0.16917808564337028,1
875,2500,5,bounded,seqmar,0.15,cc,0.1680194727985273,0.008744044871574428,0.15088145977103926,0.18515748582601535,0
875,2500,5,bounded,seqmar,0.15,seq,0.1935718345089524,0.026842924282970308,0.14096066967459495,0.24618299934330987,1
876,2500,5,bounded,seqmar,0.15,full,0.12858360014156459,0.006635063258965237,0.11557911511884776,0.1415880851642814,0
876,2500,5,bounded,seqmar,0.15,cc,0.13134209476794134,0.008137577185032382,0.11539273656386304,0.14729145297201965,0
876,2500,5,bounded,seqmar,0.15,seq,0.12064251021540767,0.008748108667100287,0.1034965322950484,0.13778848813576694,0
877,2500,5,bounded,seqmar,0.15,full,0.153253601713088,0.006734826613803586,0.1400535841079111,0.16645361931826488,1
877,2500,5,bounded,seqmar,0.15,cc,0.15085799748451106,0.008402826185161017,0.13438876079324538,0.16732723417577675,1
877,2500,5,bounded,seqmar,0.15,seq,0.14217218817781774,0.010535727592711326,0.12152254154517865,0.1628218348104568,1
878,2500,5,bounded,seqmar,0.15,full,0.14359773227045566,0.006616429493615641,0.13062976875672042,0.1565656957841909,1
878,2500,5,bounded,seqmar,0.15,cc,0.1429107514460665,0.008537439002714114,0.12617767848053926,0.15964382441159372,1
878,2500,5,bounded,seqmar,0.15,seq,0.12521336148676432,0.010605571075643836,0.10442682414302268,0.14599989883050596,0
879,2500,5,bounded,seqmar,0.15,full,0.15242524525435472,0.0067752156466898104,0.13914606659935044,0.165704423909359,1
879,2500,5,bounded,seqmar,0.15,cc,0.15418567221325238,0.008410651848519489,0.13770109750364895,0.17067024692285582,1
879,2500,5,bounded,seqmar,0.15,seq,0.13992198029909056,0.012373588540208003,0.11567019240076533,0.16417376819741578,1
880,2500,5,bounded,seqmar,0.15,full,0.15298715346829214,0.006679796524170289,0.13989499285686255,0.16607931407972173,1
880,2500,5,bounded,seqmar,0.15,cc,0.160734807573418,0.008207209142774306,0.14464897323999248,0.1768206419068435,1
880,2500,5,bounded,seqmar,0.15,seq,0.15526056754393808,0.011449851119289627,0.1328192717217848,0.17770186336609137,1
881,2500,5,bounded,seqmar,0.15,full,0.1641701604278349,0.0066377954573099375,0.15116032039476385,0.17718000046090593,0
881,2500,5,bounded,seqmar,0.15,cc,0.17273202573874838,0.008345015194624189,0.15637609650684547,0.18908795497065128,0
881,2500,5,bounded,seqmar,0.15,seq,0.16816241717926464,0.01100234839531426,0.14659821057908662,0.18972662377944266,1
882,2500,5,bounded,seqmar,0.15,full,0.15330306596730414,0.006533118880501589,0.14049838825480238,0.1661077436798059,1
882,2500,5,bounded,seqmar,0.15,cc,0.15823174449454983,0.00794636793087132,0.14265714954213796,0.1738063394469617,1
882,2500,5,bounded,seqmar,0.15,seq,0.15568412026354547,0.009647059655704029,0.1367762307816562,0.17459200974543473,1
883,2500,5,bounded,seqmar,0.15,full,0.15309547944608395,0.006428207395366103,0.14049642446601238,0.16569453442615553,1
883,2500,5,bounded,seqmar,0.15,cc,0.1582531664689329,0.0076465662717364056,0.14326617197093083,0.17324016096693495,1
883,2500,5,bounded,seqmar,0.15,seq,0.15934232038794424,0.007336494480326821,0.14496305543372678,0.1737215853421617,1
884,2500,5,bounded,seqmar,0.15,full,0.15757116427917714,0.006733965082381958,0.1443728352445582,0.17076949331379607,1
884,2500,5,bounded,seqmar,0.15,cc,0.15209612958636987,0.00854237667898618,0.13535337895318209,0.16883888021955765,1
884,2500,5,bounded,seqmar,0.15,seq,0.13945412020650613,0.012686328216414659,0.11458937380627915,0.16431886660673312,1
885,2500,5,bounded,seqmar,0.15,full,0.1433010704436161,0.006736213669783766,0.1300983342586735,0.15650380662855867,1
885,2500,5,bounded,seqmar,0.15,cc,0.14018837787827623,0.009714485597711405,0.12114833597842882,0.15922841977812363,1
885,2500,5,bounded,seqmar,0.15,seq,0.14180551436756786,0.012796301765162665,0.11672522377254271,0.166885804962593,1
886,2500,5,bounded,seqmar,0.15,full,0.15649703188973488,0.006631194197055558,0.143500130089015,0.16949393369045476,1
886,2500,5,bounded,seqmar,0.15,cc,0.17158798743471598,0.008040821790750642,0.15582826631873986,0.1873477085506921,0
886,2500,5,bounded,seqmar,0.15,seq,0.16299861227813922,0.008923999974542927,0.14550789372999873,0.18048933082627971,1
887,2500,5,bounded,seqmar,0.15,full,0.15338155863331843,0.00679457989217153,0.1400644267545822,0.16669869051205466,1
887,2500,5,bounded,seqmar,0.15,cc,0.15901509745430514,0.008360468523466745,0.14262888025442955,0.17540131465418074,1
887,2500,5,bounded,seqmar,0.15,seq,0.1584217382787058,0.009774897934383332,0.13926329037475949,0.1775801861826521,1
888,2500,5,bounded,seqmar,0.15,full,0.14993518298431457,0.006535425355338573,0.1371259846642011,0.16274438130442806,1
888,2500,5,bounded,seqmar,0.15,cc,0.15881374797719458,0.008082961570219715,0.14297143441114263,0.17465606154324653,1
888,2500,5,bounded,seqmar,0.15,seq,0.1526001538077787,0.009360376036737192,0.13425415389402204,0.17094615372153535,1
889,2500,5,bounded,seqmar,0.15,full,0.1588737609196961,0.006599722920907461,0.14593854168677398,0.17180898015261822,1
889,2500,5,bounded,seqmar,0.15,cc,0.17503003386428465,0.008387307329141584,0.15859121357189832,0.19146885415667098,0
889,2500,5,bounded,seqmar,0.15,seq,0.15987929888873142,0.01320323329005431,0.1340014371607447,0.18575716061671815,1
890,2500,5,bounded,seqmar,0.15,full,0.14429144672242838,0.006822392725064321,0.13091980269291423,0.15766309075194254,1
890,2500,5,bounded,seqmar,0.15,cc,0.1492776549399016,0.009054641830516403,0.13153088305917965,0.16702442682062357,1
890,2500,5,bounded,seqmar,0.15,seq,0.15460412561887926,0.01017134248648795,0.1346686606709408,0.17453959056681773,1
891,2500,5,bounded,seqmar,0.15,full,0.15527556962117586,0.006645082865499126,0.14225144653051336,0.16829969271183837,1
891,2500,5,bounded,seqmar,0.15,cc,0.15724724567459897,0.008461193709535809,0.14066361073769193,0.173830880611506,1
891,2500,5,bounded,seqmar,0.15,seq,0.1599652349990732,0.009070789147278413,0.14218681495905072,0.17774365503909567,1
892,2500,5,bounded,seqmar,0.15,full,0.15280284269023608,0.006476756099080683,0.1401086339993878,0.16549705138108436,1
892,2500,5,bounded,seqmar,0.15,cc,0.16665091420641778,0.007699522471734287,0.15156012746366176,0.1817417009491738,0
892,2500,5,bounded,seqmar,0.15,seq,0.1672830916553784,0.008371622342064393,0.15087501337276135,0.18369116993799547,0
893,2500,5,bounded,seqmar,0.15,full,0.15961609685262843,0.006553626857400079,0.14677122424400985,0.172460969461247,1
893,2500,5,bounded,seqmar,0.15,cc,0.15646154470739762,0.008096473875841755,0.14059274750897835,0.1723303419058169,1
893,2500,5,bounded,seqmar,0.15,seq,0.15497861310832958,0.012042860987159627,0.13137503930267425,0.17858218691398492,1
894,2500,5,bounded,seqmar,0.15,full,0.15026192490652632,0.0064693567219658325,0.13758221872833118,0.16294163108472146,1
894,2500,5,bounded,seqmar,0.15,cc,0.14764822078585563,0.007876028577986333,0.1322114884317942,0.16308495313991705,1
894,2500,5,bounded,seqmar,0.15,seq,0.14677567186786544,0.008702527274915196,0.12971903183455416,0.16383231190117672,1
895,2500,5,bounded,seqmar,0.15,full,0.14374518354940113,0.006695380016626288,0.13062247985400444,0.15686788724479783,1
895,2500,5,bounded,seqmar,0.15,cc,0.14276833648073536,0.008580280937389016,0.1259512948662173,0.15958537809525342,1
895,2500,5,bounded,seqmar,0.15,seq,0.1487703806802793,0.010948300035891962,0.1273121069179925,0.17022865444256613,1
896,2500,5,bounded,seqmar,0.15,full,0.14246424217685724,0.006430773111702351,0.12986015848517207,0.1550683258685424,1
896,2500,5,bounded,seqmar,0.15,cc,0.14598139808355978,0.008326384435810266,0.1296619844679368,0.16230081169918276,1
896,2500,5,bounded,seqmar,0.15,seq,0.1254635323672589,0.01223902247620501,0.10147548910792085,0.14945157562659694,0
897,2500,5,bounded,seqmar,0.15,full,0.14403495104845637,0.006677338683862163,0.13094760771551045,0.1571222943814023,1
897,2500,5,bounded,seqmar,0.15,cc,0.14509608263188237,0.008295740432241742,0.12883673015959582,0.16135543510416891,1
897,2500,5,bounded,seqmar,0.15,seq,0.1354929419215576,0.009501268444191947,0.11687079796349448,0.15411508587962075,1
898,2500,5,bounded,seqmar,0.15,full,0.1509049465808626,0.006763770909842385,0.1376481991978918,0.16416169396383337,1
898,2500,5,bounded,seqmar,0.15,cc,0.15384536978839755,0.00851106758035753,0.13716398386091033,0.17052675571588477,1
898,2500,5,bounded,seqmar,0.15,seq,0.14292072407906395,0.011177412845079898,0.12101339746237197,0.16482805069575593,1
899,2500,5,bounded,seqmar,0.15,full,0.15426011560833888,0.0067493337553489316,0.1410316645282145,0.16748856668846326,1
899,2500,5,bounded,seqmar,0.15,cc,0.15529817847652708,0.008423316704489776,0.1387887811053525,0.17180757584770165,1
899,2500,5,bounded,seqmar,0.15,seq,0.14548238724743318,0.011190478839209615,0.12354945175282474,0.1674153227420416,1
900,2500,5,bounded,seqmar,0.15,full,0.1490406450947316,0.006780118271865083,0.13575185747095408,0.16232943271850914,1
900,2500,5,bounded,seqmar,0.15,cc,0.15324977187762184,0.008097998612826802,0.137377986249626,0.1691215575056177,1
900,2500,5,bounded,seqmar,0.15,seq,0.1512498400856229,0.009111848270533142,0.13339094564278436,0.16910873452846142,1
901,2500,5,bounded,seqmar,0.15,full,0.15425037391881316,0.006776805953396159,0.14096807831994007,0.16753266951768625,1
901,2500,5,bounded,seqmar,0.15,cc,0.16332714490718467,0.008183098643435553,0.1472885662841124,0.17936572353025693,1
901,2500,5,bounded,seqmar,0.15,seq,0.1626787801174144,0.011016571320015583,0.14108669709706698,0.18427086313776184,1
902,2500,5,bounded,seqmar,0.15,full,0.14649501084139915,0.006576518458741604,0.13360527151860274,0.15938475016419557,1
902,2500,5,bounded,seqmar,0.15,cc,0.15830677914598515,0.00811325163270308,0.14240509814837632,0.17420846014359398,1
902,2500,5,bounded,seqmar,0.15,seq,0.15494570775843286,0.010277564199364764,0.13480205207887969,0.17508936343798603,1
903,2500,5,bounded,seqmar,0.15,full,0.1512674995119295,0.006795834523399231,0.1379479086011731,0.1645870904226859,1
903,2500,5,bounded,seqmar,0.15,cc,0.16069159785009482,0.008304841326798689,0.14441440795224955,0.1769687877479401,1
903,2500,5,bounded,seqmar,0.15,seq,0.15841958037677542,0.009443404237144754,0.13991084818051874,0.1769283125730321,1
904,2500,5,bounded,seqmar,0.15,full,0.14189669383467002,0.006674361710259849,0.12881518526276756,0.15497820240657248,1
904,2500,5,bounded,seqmar,0.15,cc,0.14784320680254373,0.008527940732100331,0.13112875010533495,0.1645576634997525,1
904,2500,5,bounded,seqmar,0.15,seq,0.14218747744603036,0.010498798823898443,0.12161020987025793,0.16276474502180277,1
905,2500,5,bounded,seqmar,0.15,full,0.1410688369332422,0.00653858815732691,0.12825343963514135,0.15388423423134306,1
905,2500,5,bounded,seqmar,0.15,cc,0.14810256969680105,0.0077429365530641255,0.13292669291821665,0.16327844647538545,1
905,2500,5,bounded,seqmar,0.15,seq,0.14104500926198665,0.00958393585280756,0.12226084016034167,0.15982917836363164,1
906,2500,5,bounded,seqmar,0.15,full,0.14742005007948145,0.0067322984162206875,0.13422498765051286,0.16061511250845004,1
906,2500,5,bounded,seqmar,0.15,cc,0.15692191793477842,0.008171766721130992,0.1409055494712987,0.17293828639825812,1
906,2500,5,bounded,seqmar,0.15,seq,0.1525617808922946,0.010607424800844882,0.13177161031392168,0.17335195147066754,1
907,2500,5,bounded,seqmar,0.15,full,0.15493381264341605,0.0066933393044939305,0.14181510867030156,0.16805251661653053,1
907,2500,5,bounded,seqmar,0.15,cc,0.1620547065825433,0.007760653328929203,0.1468441055613412,0.17726530760374543,1
907,2500,5,bounded,seqmar,0.15,seq,0.15743633752483396,0.008898821256808376,0.13999496835663008,0.17487770669303784,1
908,2500,5,bounded,seqmar,0.15,full,0.14003794276426826,0.0067462426639334425,0.12681555011199117,0.15326033541654535,1
908,2500,5,bounded,seqmar,0.15,cc,0.14501826294152356,0.008196797922310137,0.12895283422524295,0.16108369165780417,1
908,2500,5,bounded,seqmar,0.15,seq,0.145215628200889,0.008432370390435914,0.12868848593133267,0.16174277047044536,1
909,2500,5,bounded,seqmar,0.15,full,0.15655712130804456,0.006452151419096081,0.14391113690381724,0.16920310571227187,1
909,2500,5,bounded,seqmar,0.15,cc,0.1558542233450475,0.009105633635761584,0.1380075093625383,0.1737009373275567,1
909,2500,5,bounded,seqmar,0.15,seq,0.1311237832870663,0.022063036898067906,0.0878810255772749,0.17436654099685772,1
910,2500,5,bounded,seqmar,0.15,full,0.1419754914071242,0.0066389416039191575,0.12896340496797806,0.15498757784627035,1
910,2500,5,bounded,seqmar,0.15,cc,0.1512840235534673,0.00823975924845749,0.13513439218520978,0.1674336549217248,1
910,2500,5,bounded,seqmar,0.15,seq,0.14384683750881896,0.009494055882310939,0.1252388299122789,0.16245484510535904,1
911,2500,5,bounded,seqmar,0.15,full,0.15657707837942259,0.006538836107040036,0.14376119510881402,0.16939296165003115,1
911,2500,5,bounded,seqmar,0.15,cc,0.16787375590285605,0.007826090981319261,0.15253489943973658,0.18321261236597552,0
911,2500,5,bounded,seqmar,0.15,seq,0.1621876585844039,0.008411683497507478,0.14570106187993934,0.17867425528886846,1
912,2500,5,bounded,seqmar,0.15,full,0.14400237663221907,0.006850728598471086,0.13057519531135717,0.15742955795308097,1
912,2500,5,bounded,seqmar,0.15,cc,0.15028680963864197,0.00865006003203083,0.13333300351175215,0.16724061576553179,1
912,2500,5,bounded,seqmar,0.15,seq,0.14955858145756554,0.009022096763472714,0.13187559673612365,0.16724156617900743,1
913,2500,5,bounded,seqmar,0.15,full,0.1423984341918797,0.006654694626323973,0.12935547239617248,0.1554413959875869,1
913,2500,5,bounded,seqmar,0.15,cc,0.14754914097522615,0.008343000696699875,0.13119716008670182,0.16390112186375047,1
913,2500,5,bounded,seqmar,0.15,seq,0.15328757012216837,0.00948352932710776,0.1347001941947078,0.17187494604962894,1
914,2500,5,bounded,seqmar,0.15,full,0.14646811877341312,0.0065567268801180086,0.13361717023191616,0.15931906731491008,1
914,2500,5,bounded,seqmar,0.15,cc,0.14743711557054814,0.008500993112430433,0.13077547523736144,0.16409875590373485,1
914,2500,5,bounded,seqmar,0.15,seq,0.13406654092483594,0.012680740820124676,0.10921274562010466,0.15892033622956722,1
915,2500,5,bounded,seqmar,0.15,full,0.1557316813508806,0.006543232683812548,0.14290718094814267,0.16855618175361856,1
915,2500,5,bounded,seqmar,0.15,cc,0.16311929386585772,0.0077626020680881085,0.14790487338608888,0.17833371434562656,1
915,2500,5,bounded,seqmar,0.15,seq,0.1535472495265962,0.008898776744955126,0.13610596760002158,0.17098853145317083,1
916,2500,5,bounded,seqmar,0.15,full,0.14409763768318576,0.006507406536955066,0.13134335523799331,0.1568519201283782,1
916,2500,5,bounded,seqmar,0.15,cc,0.14538260771651212,0.008299009474964708,0.12911684803822462,0.16164836739479962,1
916,2500,5,bounded,seqmar,0.15,seq,0.14284521934830896,0.00903254521844323,0.12514175603143074,0.16054868266518718,1
917,2500,5,bounded,seqmar,0.15,full,0.16130561856179434,0.006709045716009225,0.1481561305877835,0.17445510653580518,1
917,2500,5,bounded,seqmar,0.15,cc,0.16686818770609224,0.008539657018017665,0.1501307675104529,0.18360560790173158,0
917,2500,5,bounded,seqmar,0.15,seq,0.16275115226719888,0.009698603553725814,0.1437422386015641,0.18176006593283367,1
918,2500,5,bounded,seqmar,0.15,full,0.1363020540167292,0.006815531158258905,0.1229438584110312,0.14966024962242722,0
918,2500,5,bounded,seqmar,0.15,cc,0.13240640561300526,0.008771260742165781,0.11521505045935027,0.14959776076666026,0
918,2500,5,bounded,seqmar,0.15,seq,0.12850449032192215,0.00952889499530864,0.10982819931865326,0.14718078132519105,0
919,2500,5,bounded,seqmar,0.15,full,0.14054659927489468,0.006683378113376942,0.12744741887761263,0.15364577967217674,1
919,2500,5,bounded,seqmar,0.15,cc,0.14756375504964156,0.008135135740131218,0.1316191819896398,0.16350832810964333,1
919,2500,5,bounded,seqmar,0.15,seq,0.13940639417349207,0.00953795971118805,0.12071233665356944,0.1581004516934147,1
920,2500,5,bounded,seqmar,0.15,full,0.15065817461358197,0.0066581350891165994,0.13760846963471104,0.1637078795924529,1
920,2500,5,bounded,seqmar,0.15,cc,0.15801035689800705,0.007826270828249422,0.14267114794138172,0.17334956585463238,1
920,2500,5,bounded,seqmar,0.15,seq,0.14744343070085542,0.009559597053042592,0.1287069647701767,0.16617989663153412,1
921,2500,5,bounded,seqmar,0.15,full,0.14287594935884482,0.0065937823290474675,0.12995237347201516,0.15579952524567448,1
921,2500,5,bounded,seqmar,0.15,cc,0.1454996497461533,0.008241973598869556,0.129345678330839,0.1616536211614676,1
921,2500,5,bounded,seqmar,0.15,seq,0.14995960756450116,0.014547891352297648,0.12144626446299607,0.17847295066600627,1
922,2500,5,bounded,seqmar,0.15,full,0.1631365729576624,0.006637145004628829,0.15012800778841998,0.17614513812690483,0
922,2500,5,bounded,seqmar,0.15,cc,0.16568864168187056,0.008353778717837624,0.1493155362600916,0.1820617471036495,1
922,2500,5,bounded,seqmar,0.15,seq,0.15466466946572902,0.011771508580626804,0.13159293660399626,0.17773640232746177,1
923,2500,5,bounded,seqmar,0.15,full,0.156860408964891,0.006693712550073544,0.1437409734438831,0.16997984448589892,1
923,2500,5,bounded,seqmar,0.15,cc,0.16202555711259561,0.007799643025362239,0.1467385376906166,0.17731257653457463,1
923,2500,5,bounded,seqmar,0.15,seq,0.1579364345894845,0.008497996287202285,0.14128066792581292,0.17459220125315608,1
924,2500,5,bounded,seqmar,0.15,full,0.1507898333724721,0.006597628470125901,0.13785871918764922,0.16372094755729497,1
924,2500,5,bounded,seqmar,0.15,cc,0.15140720918552839,0.008163880425485655,0.13540629757748496,0.1674081207935718,1
924,2500,5,bounded,seqmar,0.15,seq,0.1487306732857995,0.009716599982895724,0.12968648726714138,0.16777485930445762,1
925,2500,5,bounded,seqmar,0.15,full,0.15526838127662537,0.00649382588049658,0.14254071642897798,0.16799604612427277,1
925,2500,5,bounded,seqmar,0.15,cc,0.16217455193927977,0.007871531356677966,0.14674663397701324,0.1776024699015463,1
925,2500,5,bounded,seqmar,0.15,seq,0.15865438999168566,0.00951312114484933,0.14000901516721453,0.17729976481615678,1
926,2500,5,bounded,seqmar,0.15,full,0.14709259189201954,0.006748267391415288,0.13386623084679952,0.16031895293723955,1
926,2500,5,bounded,seqmar,0.15,cc,0.15119122382442593,0.00811222185214357,0.1352915611596257,0.16709088648922615,1
926,2500,5,bounded,seqmar,0.15,seq,0.14847372489182153,0.0089172428379753,0.1309962500879922,0.16595119969565086,1
927,2500,5,bounded,seqmar,0.15,full,0.15105436545507828,0.00661149634432377,0.13809607073628546,0.1640126601738711,1
927,2500,5,bounded,seqmar,0.15,cc,0.16187309569516403,0.008530754912325378,0.14515312330606814,0.17859306808425993,1
927,2500,5,bounded,seqmar,0.15,seq,0.15469882398004703,0.01060812239857942,0.13390728613523872,0.17549036182485533,1
928,2500,5,bounded,seqmar,0.15,full,0.1441824003173414,0.006536127351246123,0.1313718261105318,0.15699297452415098,1
928,2500,5,bounded,seqmar,0.15,cc,0.15243102593362937,0.007865387432447522,0.13701514984157825,0.16784690202568048,1
928,2500,5,bounded,seqmar,0.15,seq,0.15400989563643824,0.008952810621592852,0.1364627092577086,0.1715570820151679,1
929,2500,5,bounded,seqmar,0.15,full,0.1396054643738692,0.006622947875171575,0.12662472506704683,0.15258620368069156,1
929,2500,5,bounded,seqmar,0.15,cc,0.14126686932039403,0.007995995200041508,0.12559500670775753,0.15693873193303054,1
929,2500,5,bounded,seqmar,0.15,seq,0.13365454454080794,0.00979838737299524,0.11445005818316524,0.15285903089845065,1
930,2500,5,bounded,seqmar,0.15,full,0.15527960278867753,0.006685036136060713,0.14217717272664973,0.16838203285070533,1
930,2500,5,bounded,seqmar,0.15,cc,0.15939094168273898,0.008505137578805612,0.14272117834472178,0.1760607050207562,1
930,2500,5,bounded,seqmar,0.15,seq,0.14882384262801093,0.010564105732202516,0.12811857586402087,0.169529109392001,1
931,2500,5,bounded,seqmar,0.15,full,0.1531846860768369,0.006577919410618948,0.14029220093881684,0.166077171214857,1
931,2500,5,bounded,seqmar,0.15,cc,0.1595257800809468,0.008076373355879738,0.14369637917772363,0.17535518098417,1
931,2500,5,bounded,seqmar,0.15,seq,0.14606293143590765,0.010962925261282858,0.12457599275858888,0.16754987011322642,1
932,2500,5,bounded,seqmar,0.15,full,0.1499774835161839,0.006569885655014274,0.1371007442498096,0.1628542227825582,1
932,2500,5,bounded,seqmar,0.15,cc,0.14954065813604256,0.008165134627451002,0.13353728833731773,0.16554402793476738,1
932,2500,5,bounded,seqmar,0.15,seq,0.14140308452842806,0.009538611167498911,0.12270775017759863,0.1600984188792575,1
933,2500,5,bounded,seqmar,0.15,full,0.13771382589813017,0.006716740424407805,0.12454925657278659,0.15087839522347374,1
933,2500,5,bounded,seqmar,0.15,cc,0.13861163682347502,0.008646651754237858,0.12166451079830874,0.15555876284864129,1
933,2500,5,bounded,seqmar,0.15,seq,0.13961592528435918,0.011551809801120673,0.11697479411790584,0.1622570564508125,1
934,2500,5,bounded,seqmar,0.15,full,0.15513372298929526,0.006694204720255896,0.14201332283245569,0.16825412314613483,1
934,2500,5,bounded,seqmar,0.15,cc,0.14538210149900455,0.009113157057350824,0.1275206418811399,0.1632435611168692,1
934,2500,5,bounded,seqmar,0.15,seq,0.14028158058109458,0.010765834369646336,0.11918093295306428,0.16138222820912487,1
935,2500,5,bounded,seqmar,0.15,full,0.14714843489028626,0.00674707103359108,0.1339244186633143,0.1603724511172582,1
935,2500,5,bounded,seqmar,0.15,cc,0.1485286978687407,0.008640431716085273,0.13159376289433594,0.16546363284314547,1
935,2500,5,bounded,seqmar,0.15,seq,0.1385359779022832,0.010855979252652996,0.11725864955016928,0.15981330625439713,1
936,2500,5,bounded,seqmar,0.15,full,0.14728260812741847,0.006763114080184571,0.13402714810692098,0.16053806814791596,1
936,2500,5,bounded,seqmar,0.15,cc,0.14536851390525235,0.008582675769547434,0.12854677850595478,0.16219024930454992,1
936,2500,5,bounded,seqmar,0.15,seq,0.14232418945700492,0.01191179111073415,0.11897750788860162,0.16567087102540823,1
937,2500,5,bounded,seqmar,0.15,full,0.14376510019731537,0.00663258730660457,0.13076546795205288,0.15676473244257785,1
937,2500,5,bounded,seqmar,0.15,cc,0.1526903393476665,0.007971870235878175,0.13706576079591845,0.16831491789941452,1
937,2500,5,bounded,seqmar,0.15,seq,0.14638242030026027,0.008876282779628335,0.12898522573559565,0.1637796148649249,1
938,2500,5,bounded,seqmar,0.15,full,0.1528657426314328,0.00666301821541659,0.13980646690088194,0.16592501836198364,1
938,2500,5,bounded,seqmar,0.15,cc,0.164112155230915,0.007923450006501916,0.1485824785848676,0.1796418318769624,1
938,2500,5,bounded,seqmar,0.15,seq,0.16576548198440264,0.008560443231885088,0.1489873215582082,0.18254364241059706,1
939,2500,5,bounded,seqmar,0.15,full,0.1624755582221219,0.006584014064701892,0.14957112778160103,0.17537998866264276,1
939,2500,5,bounded,seqmar,0.15,cc,0.168390911031918,0.007845278291499802,0.15301444813188447,0.18376737393195153,0
939,2500,5,bounded,seqmar,0.15,seq,0.1752473872442812,0.009885000656806718,0.15587314196978527,0.19462163251877715,0
940,2500,5,bounded,seqmar,0.15,full,0.16439019431591995,0.006806547113980531,0.15104960711344306,0.17773078151839683,0
940,2500,5,bounded,seqmar,0.15,cc,0.15862610088082887,0.010528412322975291,0.13799079191340963,0.17926140984824812,1
940,2500,5,bounded,seqmar,0.15,seq,0.12433940199116719,0.02940566903839703,0.06670534973460446,0.18197345424772993,1
941,2500,5,bounded,seqmar,0.15,full,0.14850789726830443,0.0065166662248593845,0.13573546616831145,0.16128032836829742,1
941,2500,5,bounded,seqmar,0.15,cc,0.14912451953893335,0.008074040898129853,0.13329969016889542,0.16494934890897128,1
941,2500,5,bounded,seqmar,0.15,seq,0.15033083365445388,0.008915954335337645,0.13285588426938832,0.16780578303951943,1
942,2500,5,bounded,seqmar,0.15,full,0.14385529398374056,0.006532345834949909,0.13105213141267852,0.1566584565548026,1
942,2500,5,bounded,seqmar,0.15,cc,0.14641521876157557,0.0080652545087317,0.13060761039831215,0.162222827124839,1
942,2500,5,bounded,seqmar,0.15,seq,0.1434198157910009,0.009245610277313474,0.1252987526323731,0.1615408789496287,1
943,2500,5,bounded,seqmar,0.15,full,0.14555815783794857,0.006795887321860539,0.13223846344410956,0.15887785223178758,1
943,2500,5,bounded,seqmar,0.15,cc,0.1460780646772596,0.008813834117337173,0.12880326724156835,0.16335286211295083,1
943,2500,5,bounded,seqmar,0.15,seq,0.124509799452249,0.012602469951446404,0.09980941223116581,0.1492101866733322,0
944,2500,5,bounded,seqmar,0.15,full,0.14798760310126016,0.006761597204174684,0.13473511610311106,0.16124009009940926,1
944,2500,5,bounded,seqmar,0.15,cc,0.1506376967957282,0.008895555694159032,0.1332027280127063,0.16807266557875009,1
944,2500,5,bounded,seqmar,0.15,seq,0.15159873208437027,0.01037137097613414,0.13127121850084333,0.17192624566789722,1
945,2500,5,bounded,seqmar,0.15,full,0.15155256672186224,0.006603039167805861,0.13861084776445542,0.16449428567926905,1
945,2500,5,bounded,seqmar,0.15,cc,0.16593703192550704,0.007327740932921584,0.15157492360894081,0.18029914024207327,0
945,2500,5,bounded,seqmar,0.15,seq,0.1573849338839319,0.008467353593809722,0.14078922579569905,0.17398064197216476,1
946,2500,5,bounded,seqmar,0.15,full,0.1415530241720076,0.006708619007411116,0.12840437253148096,0.15470167581253425,1
946,2500,5,bounded,seqmar,0.15,cc,0.13061853182169567,0.009462732798349145,0.11207191634160542,0.14916514730178593,0
946,2500,5,bounded,seqmar,0.15,seq,0.13202629173565555,0.011993594763622566,0.10851927795378714,0.15553330551752398,1
947,2500,5,bounded,seqmar,0.15,full,0.15781466661027913,0.006514782383714168,0.14504592777108335,0.1705834054494749,1
947,2500,5,bounded,seqmar,0.15,cc,0.1633275959015602,0.007885444462693385,0.14787240875259036,0.17878278305053005,1
947,2500,5,bounded,seqmar,0.15,seq,0.15975097538370361,0.009979288528005661,0.14019192927747878,0.17931002148992845,1
948,2500,5,bounded,seqmar,0.15,full,0.15758425328120612,0.0065531919978106925,0.1447402329817211,0.17042827358069115,1
948,2500,5,bounded,seqmar,0.15,cc,0.1601946976927803,0.008713033167129203,0.14311746648910412,0.1772719288964565,1
948,2500,5,bounded,seqmar,0.15,seq,0.13876870859007706,0.010006300040802128,0.11915672089160322,0.1583806962885509,1
949,2500,5,bounded,seqmar,0.15,full,0.16110820370654716,0.006540028084906091,0.14828998420225076,0.17392642321084356,1
949,2500,5,bounded,seqmar,0.15,cc,0.16990658592772098,0.007829967983531763,0.15456013067989702,0.18525304117554495,0
949,2500,5,bounded,seqmar,0.15,seq,0.15598721449576675,0.009228311950484297,0.13790005543471695,0.17407437355681654,1
950,2500,5,bounded,seqmar,0.15,full,0.15805154290179843,0.006617117356185155,0.14508223120220062,0.17102085460139624,1
950,2500,5,bounded,seqmar,0.15,cc,0.16304993436108153,0.008598542085039402,0.14619710155485235,0.1799027671673107,1
950,2500,5,bounded,seqmar,0.15,seq,0.1600360067405856,0.011935666595270742,0.13664253008237714,0.18342948339879406,1
951,2500,5,bounded,seqmar,0.15,full,0.1435103131102213,0.006642992904119568,0.1304902862685918,0.1565303399518508,1
951,2500,5,bounded,seqmar,0.15,cc,0.1520093340795579,0.008058746895186762,0.13621448040446787,0.16780418775464795,1
951,2500,5,bounded,seqmar,0.15,seq,0.14662228641484007,0.008446207946983017,0.13006802303281736,0.16317654979686277,1
952,2500,5,bounded,seqmar,0.15,full,0.14795678331127735,0.006731004182529305,0.13476425753373145,0.16114930908882324,1
952,2500,5,bounded,seqmar,0.15,cc,0.14950495528486032,0.008487124078369027,0.13287049775893434,0.1661394128107863,1
952,2500,5,bounded,seqmar,0.15,seq,0.14547134687238406,0.009215429482201111,0.12740943698520127,0.16353325675956684,1
953,2500,5,bounded,seqmar,0.15,full,0.14580297424707256,0.006639731810145093,0.13278933903218323,0.15881660946196188,1
953,2500,5,bounded,seqmar,0.15,cc,0.1430814967582076,0.009384587762933754,0.12468804273310213,0.1614749507833131,1
953,2500,5,bounded,seqmar,0.15,seq,0.1246940385258841,0.014405042345910573,0.096460674332125,0.1529274027196432,1
954,2500,5,bounded,seqmar,0.15,full,0.14713846095391364,0.0067244576037591266,0.13395876623497924,0.16031815567284805,1
954,2500,5,bounded,seqmar,0.15,cc,0.15003611320858254,0.009097290504553972,0.13220575146275854,0.16786647495440654,1
954,2500,5,bounded,seqmar,0.15,seq,0.14877963816262788,0.011695473031202618,0.12585693223931124,0.1717023440859445,1
955,2500,5,bounded,seqmar,0.15,full,0.15305809231363723,0.006781115556569335,0.13976735004775706,0.1663488345795174,1
955,2500,5,bounded,seqmar,0.15,cc,0.16325344044161547,0.008579238431814165,0.1464384421004778,0.18006843878275314,1
955,2500,5,bounded,seqmar,0.15,seq,0.1496447798661263,0.01088811222282303,0.1283044720497628,0.17098508768248977,1
956,2500,5,bounded,seqmar,0.15,full,0.14300590046368752,0.006711700994076167,0.12985120824029656,0.1561605926870785,1
956,2500,5,bounded,seqmar,0.15,cc,0.14650745500800402,0.008156069193697817,0.13052185313293965,0.1624930568830684,1
956,2500,5,bounded,seqmar,0.15,seq,0.15363908215102146,0.009929349241044603,0.1341779152486539,0.173100249053389,1
957,2500,5,bounded,seqmar,0.15,full,0.14914524476623398,0.0064741997639109925,0.13645604640025072,0.16183444313221723,1
957,2500,5,bounded,seqmar,0.15,cc,0.15640583858492965,0.007744758036325826,0.14122639176475388,0.17158528540510543,1
957,2500,5,bounded,seqmar,0.15,seq,0.15192133074693695,0.008475051027699165,0.1353105359655074,0.1685321255283665,1
958,2500,5,bounded,seqmar,0.15,full,0.14659807880217424,0.006738319658353146,0.13339121495548384,0.15980494264886463,1
958,2500,5,bounded,seqmar,0.15,cc,0.14626858073119187,0.008995948778139825,0.1286368451192707,0.16390031634311303,1
958,2500,5,bounded,seqmar,0.15,seq,0.1416286667285375,0.009949689977030276,0.122127632716219,0.161129700740856,1
959,2500,5,bounded,seqmar,0.15,full,0.15250213790310888,0.006705591290123313,0.1393594204794217,0.16564485532679604,1
959,2500,5,bounded,seqmar,0.15,cc,0.15835274572445682,0.009201065499252328,0.1403189887265282,0.17638650272238543,1
959,2500,5,bounded,seqmar,0.15,seq,0.15592814841350514,0.011463084068673626,0.13346091648714997,0.1783953803398603,1
960,2500,5,bounded,seqmar,0.15,full,0.15302259884885153,0.006729568920841223,0.13983288613252265,0.1662123115651804,1
960,2500,5,bounded,seqmar,0.15,cc,0.1501730858341599,0.009419799169237457,0.13171061872085416,0.16863555294746563,1
960,2500,5,bounded,seqmar,0.15,seq,0.14182337221911284,0.012464113331332871,0.11739415899047487,0.16625258544775082,1
961,2500,5,bounded,seqmar,0.15,full,0.15025329643608498,0.006538095784168273,0.137438864171642,0.16306772870052796,1
961,2500,5,bounded,seqmar,0.15,cc,0.15752337938414968,0.00807026446288306,0.14170595169118538,0.17334080707711397,1
961,2500,5,bounded,seqmar,0.15,seq,0.14242094872581448,0.009211310209619135,0.12436711246453488,0.16047478498709408,1
962,2500,5,bounded,seqmar,0.15,full,0.14659584599912806,0.006504045925188095,0.1338481502319649,0.15934354176629123,1
962,2500,5,bounded,seqmar,0.15,cc,0.14632163953010244,0.008327284156413232,0.1300004624945015,0.16264281656570337,1
962,2500,5,bounded,seqmar,0.15,seq,0.14473623905450128,0.009891388227268903,0.12534947437195074,0.16412300373705183,1
963,2500,5,bounded,seqmar,0.15,full,0.14865215473672733,0.00680268829962719,0.13531913067140602,0.16198517880204863,1
963,2500,5,bounded,seqmar,0.15,cc,0.15368338636955278,0.008499477286998661,0.1370247169996192,0.17034205573948635,1
963,2500,5,bounded,seqmar,0.15,seq,0.14442091907565666,0.011412191024263552,0.12205343568340882,0.1667884024679045,1
964,2500,5,bounded,seqmar,0.15,full,0.14783867695753683,0.006665105587429152,0.13477531005301902,0.16090204386205464,1
964,2500,5,bounded,seqmar,0.15,cc,0.15614399195950723,0.008288398295636356,0.1398990298105368,0.17238895410847765,1
964,2500,5,bounded,seqmar,0.15,seq,0.14763055901037891,0.009457903365107316,0.1290934090455084,0.16616770897524943,1
965,2500,5,bounded,seqmar,0.15,full,0.147740714954509,0.006588089654031971,0.1348282965056854,0.1606531334033326,1
965,2500,5,bounded,seqmar,0.15,cc,0.15454527993871928,0.008123942767020055,0.1386226447028953,0.17046791517454327,1
965,2500,5,bounded,seqmar,0.15,seq,0.14307187740995334,0.009192529716459235,0.12505485023887905,0.16108890458102762,1
966,2500,5,bounded,seqmar,0.15,full,0.14165316854243598,0.006693867536279696,0.12853342925404593,0.15477290783082603,1
966,2500,5,bounded,seqmar,0.15,cc,0.14419880467369753,0.008636191374549242,0.12727218061598555,0.1611254287314095,1
966,2500,5,bounded,seqmar,0.15,seq,0.14270699349017332,0.01119782465191356,0.12075966046722798,0.16465432651311868,1
967,2500,5,bounded,seqmar,0.15,full,0.15929983449207447,0.006499053436284764,0.14656192382335506,0.17203774516079387,1
967,2500,5,bounded,seqmar,0.15,cc,0.15921419379345594,0.007999467620839673,0.14353552536111588,0.174892862225796,1
967,2500,5,bounded,seqmar,0.15,seq,0.16090724638388043,0.009215507247774684,0.14284518407897423,0.17896930868878663,1
968,2500,5,bounded,seqmar,0.15,full,0.14979552696402393,0.006737569002783192,0.13659013437521542,0.16300091955283244,1
968,2500,5,bounded,seqmar,0.15,cc,0.14909304123723716,0.008428012534929018,0.13257444020752415,0.16561164226695016,1
968,2500,5,bounded,seqmar,0.15,seq,0.14489457244380896,0.011557456187179843,0.12224237456403686,0.16754677032358106,1
969,2500,5,bounded,seqmar,0.15,full,0.14753444405988048,0.006741980285248797,0.13432040551631375,0.1607484826034472,1
969,2500,5,bounded,seqmar,0.15,cc,0.1601015992523626,0.008652386679357374,0.14314323298050802,0.17705996552421716,1
969,2500,5,bounded,seqmar,0.15,seq,0.14098138358708398,0.013051409549920477,0.11540109092175772,0.16656167625241022,1
970,2500,5,bounded,seqmar,0.15,full,0.15000242209050704,0.006545021090742621,0.13717441647459644,0.16283042770641765,1
970,2500,5,bounded,seqmar,0.15,cc,0.14424060662950275,0.008197184670186698,0.12817441990131298,0.16030679335769252,1
970,2500,5,bounded,seqmar,0.15,seq,0.14030003035275518,0.009582844896746587,0.12151799948569841,0.15908206121981194,1
971,2500,5,bounded,seqmar,0.15,full,0.14084807336905317,0.006651466127634409,0.12781143931450162,0.15388470742360472,1
971,2500,5,bounded,seqmar,0.15,cc,0.14589338153208029,0.00767403340581141,0.13085255244053268,0.1609342106236279,1
971,2500,5,bounded,seqmar,0.15,seq,0.13531324281609267,0.008657772277328646,0.1183443209661792,0.15228216466600614,1
972,2500,5,bounded,seqmar,0.15,full,0.14753437698160154,0.006548252969605597,0.1347000369995171,0.160368716963686,1
972,2500,5,bounded,seqmar,0.15,cc,0.15544564598886726,0.008109057100662292,0.13955218612299036,0.17133910585474416,1
972,2500,5,bounded,seqmar,0.15,seq,0.15035381869672873,0.009460972257274169,0.13181065381373874,0.16889698357971872,1
973,2500,5,bounded,seqmar,0.15,full,0.1473652444477768,0.006642364118016105,0.13434645000426407,0.16038403889128952,1
973,2500,5,bounded,seqmar,0.15,cc,0.1521172961013369,0.008206349530986328,0.13603314657605653,0.16820144562661726,1
973,2500,5,bounded,seqmar,0.15,seq,0.14656012811102614,0.00859841579047221,0.1297075428376001,0.16341271338445218,1
974,2500,5,bounded,seqmar,0.15,full,0.15945187229517854,0.006539420457544482,0.14663484371862692,0.17226890087173016,1
974,2500,5,bounded,seqmar,0.15,cc,0.16028969773773127,0.008070851766199141,0.14447111895141948,0.17610827652404307,1
974,2500,5,bounded,seqmar,0.15,seq,0.15572186542055624,0.009244577017240522,0.13760282741445812,0.17384090342665437,1
975,2500,5,bounded,seqmar,0.15,full,0.1507763982638799,0.0067078979404255265,0.13762915988867547,0.16392363663908432,1
975,2500,5,bounded,seqmar,0.15,cc,0.16896916252071353,0.008483629898139304,0.1523415534621933,0.18559677157923377,0
975,2500,5,bounded,seqmar,0.15,seq,0.15757313823983438,0.010822065454338635,0.13636227971099554,0.1787839967686732,1
976,2500,5,bounded,seqmar,0.15,full,0.1490954978765206,0.006673983857559971,0.13601472988230137,0.16217626587073983,1
976,2500,5,bounded,seqmar,0.15,cc,0.15814427627227323,0.00844629120716098,0.14158984970330038,0.17469870284124608,1
976,2500,5,bounded,seqmar,0.15,seq,0.15047996123617807,0.009777838953865008,0.13131574903996984,0.1696441734323863,1
977,2500,5,bounded,seqmar,0.15,full,0.16201352757580034,0.0068020136486301765,0.14868182580213532,0.17534522934946536,1
977,2500,5,bounded,seqmar,0.15,cc,0.13877544514183346,0.015288340864235727,0.10881084766455947,0.16874004261910744,1
977,2500,5,bounded,seqmar,0.15,seq,0.1279595406240257,0.03768756225347328,0.054093275942106875,0.20182580530594452,1
978,2500,5,bounded,seqmar,0.15,full,0.15232388477316694,0.006559427468772903,0.13946764317516933,0.16518012637116455,1
978,2500,5,bounded,seqmar,0.15,cc,0.15834075572307119,0.007762276282236194,0.14312697377183878,0.1735545376743036,1
978,2500,5,bounded,seqmar,0.15,seq,0.16218205783010586,0.00931964978448653,0.1439158799039858,0.18044823575622593,1
979,2500,5,bounded,seqmar,0.15,full,0.1469275137922333,0.006841196280019494,0.1335190154722257,0.16033601211224088,1
979,2500,5,bounded,seqmar,0.15,cc,0.15862192070943368,0.008287718081583023,0.14237829175550956,0.1748655496633578,1
979,2500,5,bounded,seqmar,0.15,seq,0.1616546266028635,0.008829925096552865,0.14434829142743352,0.1789609617782935,1
980,2500,5,bounded,seqmar,0.15,full,0.1549915623322971,0.006522223441477502,0.14220823928787832,0.1677748853767159,1
980,2500,5,bounded,seqmar,0.15,cc,0.15047031630657975,0.008500288363011463,0.13381005725687234,0.16713057535628717,1
980,2500,5,bounded,seqmar,0.15,seq,0.14718422478970639,0.011667538846085046,0.12431626886315768,0.1700521807162551,1
981,2500,5,bounded,seqmar,0.15,full,0.14669095084643863,0.0066809515854193745,0.13359652635656089,0.15978537533631637,1
981,2500,5,bounded,seqmar,0.15,cc,0.11855355396041233,0.020924336153289088,0.07754260869955634,0.1595644992212683,1
981,2500,5,bounded,seqmar,0.15,seq,0.07353681525204912,0.05388999746842589,-0.03208563891302031,0.17915926941711857,1
982,2500,5,bounded,seqmar,0.15,full,0.15550636674209214,0.006676949081077349,0.14241978701657274,0.16859294646761155,1
982,2500,5,bounded,seqmar,0.15,cc,0.16861931114320045,0.010082445274112837,0.1488580815298432,0.1883805407565577,1
982,2500,5,bounded,seqmar,0.15,seq,0.1736561863044984,0.015273844769097617,0.14372000065161156,0.20359237195738522,1
983,2500,5,bounded,seqmar,0.15,full,0.1567095633898774,0.006471903681754095,0.14402486526222721,0.1693942615175276,1
983,2500,5,bounded,seqmar,0.15,cc,0.16233378461703138,0.007804315308665723,0.14703760768805196,0.1776299615460108,1
983,2500,5,bounded,seqmar,0.15,seq,0.13933988363480015,0.01397553882589544,0.1119483308715039,0.1667314363980964,1
984,2500,5,bounded,seqmar,0.15,full,0.15959177776461986,0.006519954033533975,0.14681290267803662,0.1723706528512031,1
984,2500,5,bounded,seqmar,0.15,cc,0.16617883272211548,0.008135118224112932,0.1502342939928787,0.18212337145135227,0
984,2500,5,bounded,seqmar,0.15,seq,0.1535479056443186,0.01107016870731433,0.1318507736752002,0.17524503761343702,1
985,2500,5,bounded,seqmar,0.15,full,0.15082949164179646,0.006789411318434151,0.13752248998143693,0.164136493302156,1
985,2500,5,bounded,seqmar,0.15,cc,0.1526012548501573,0.008110207717289116,0.13670553981713182,0.16849696988318277,1
985,2500,5,bounded,seqmar,0.15,seq,0.14838273227593513,0.008862455176832902,0.13101263931474208,0.16575282523712817,1
986,2500,5,bounded,seqmar,0.15,full,0.13951317747699923,0.0066244109866281506,0.1265295705244166,0.15249678442958187,1
986,2500,5,bounded,seqmar,0.15,cc,0.14268011646858553,0.008065810476296424,0.1268714184289187,0.15848881450825236,1
986,2500,5,bounded,seqmar,0.15,seq,0.13415602510329572,0.009328419866602601,0.11587265813208668,0.15243939207450474,1
987,2500,5,bounded,seqmar,0.15,full,0.15653122049138016,0.006816805538584556,0.14317052714614126,0.16989191383661906,1
987,2500,5,bounded,seqmar,0.15,cc,0.15520816634416476,0.009305601043456489,0.1369695234444917,0.17344680924383782,1
987,2500,5,bounded,seqmar,0.15,seq,0.16852902925748264,0.012319361624635166,0.14438352416067288,0.1926745343542924,1
988,2500,5,bounded,seqmar,0.15,full,0.15308432641182115,0.006485839895265544,0.14037231380760765,0.16579633901603466,1
988,2500,5,bounded,seqmar,0.15,cc,0.16677842298798487,0.007897535112200095,0.1512995386014322,0.18225730737453755,0
988,2500,5,bounded,seqmar,0.15,seq,0.16212193983069392,0.008313357937119853,0.1458280576833488,0.17841582197803904,1
989,2500,5,bounded,seqmar,0.15,full,0.15949863165007813,0.006570584721117294,0.14662052223931907,0.1723767410608372,1
989,2500,5,bounded,seqmar,0.15,cc,0.16472679065390766,0.008023776855426414,0.14900047699728586,0.18045310431052947,1
989,2500,5,bounded,seqmar,0.15,seq,0.16413463825973376,0.008395659544929735,0.14767944792521154,0.18058982859425599,1
990,2500,5,bounded,seqmar,0.15,full,0.15938821777515536,0.006633772745055272,0.14638626211322361,0.1723901734370871,1
990,2500,5,bounded,seqmar,0.15,cc,0.16270802686382613,0.00846353573922939,0.14611980163306892,0.17929625209458333,1
990,2500,5,bounded,seqmar,0.15,seq,0.1559402310076927,0.010335671637473896,0.13568268684221174,0.17619777517317364,1
991,2500,5,bounded,seqmar,0.15,full,0.14712133878652117,0.006605230265655673,0.13417532535624213,0.1600673522168002,1
991,2500,5,bounded,seqmar,0.15,cc,0.1552959931400516,0.008169491807902244,0.1392840834245682,0.17130790285553502,1
991,2500,5,bounded,seqmar,0.15,seq,0.14414219358460015,0.009376946146695816,0.12576371685210472,0.16252067031709558,1
992,2500,5,bounded,seqmar,0.15,full,0.15231161290981032,0.006562932291062799,0.13944850198635228,0.16517472383326837,1
992,2500,5,bounded,seqmar,0.15,cc,0.1591981098399301,0.007851605200748872,0.14380924642563492,0.1745869732542253,1
992,2500,5,bounded,seqmar,0.15,seq,0.15958041809177184,0.00895189287152206,0.14203503047012775,0.17712580571341593,1
993,2500,5,bounded,seqmar,0.15,full,0.14903793555828987,0.006547793873249921,0.136204495388528,0.16187137572805174,1
993,2500,5,bounded,seqmar,0.15,cc,0.1518358795194063,0.00818505399817185,0.1357934684714739,0.16787829056733872,1
993,2500,5,bounded,seqmar,0.15,seq,0.15154656445889142,0.008859571873203307,0.13418212266896887,0.16891100624881397,1
994,2500,5,bounded,seqmar,0.15,full,0.14959994380052832,0.006893501625314026,0.1360889288875445,0.16311095871351214,1
994,2500,5,bounded,seqmar,0.15,cc,0.15525365527976054,0.008794532128442003,0.13801668904713382,0.17249062151238725,1
994,2500,5,bounded,seqmar,0.15,seq,0.15107995889510203,0.009455625510836512,0.1325472734425643,0.16961264434763976,1
995,2500,5,bounded,seqmar,0.15,full,0.1542622476207671,0.00672765281175951,0.14107629040922884,0.16744820483230535,1
995,2500,5,bounded,seqmar,0.15,cc,0.1492660583697698,0.008639054533212221,0.13233382262419635,0.16619829411534326,1
995,2500,5,bounded,seqmar,0.15,seq,0.13567763642909816,0.011845499807788285,0.112460883426957,0.15889438943123935,1
996,2500,5,bounded,seqmar,0.15,full,0.15431328255351803,0.0067701309388318205,0.14104406974278733,0.16758249536424874,1
996,2500,5,bounded,seqmar,0.15,cc,0.15913702494735316,0.008231468647655029,0.14300364285807868,0.17527040703662763,1
996,2500,5,bounded,seqmar,0.15,seq,0.15521022153050112,0.009213775918093237,0.1371515525694159,0.17326889049158634,1
997,2500,5,bounded,seqmar,0.15,full,0.1473105165317651,0.006755891098682737,0.1340692132948722,0.160551819768658,1
997,2500,5,bounded,seqmar,0.15,cc,0.15644884920307067,0.008254829393997399,0.14026968089231318,0.17262801751382817,1
997,2500,5,bounded,seqmar,0.15,seq,0.15117208480166738,0.009409572470207163,0.13272966165014174,0.16961450795319302,1
998,2500,5,bounded,seqmar,0.15,full,0.13330549308785353,0.0068096016139822775,0.11995891917538244,0.14665206700032463,0
998,2500,5,bounded,seqmar,0.15,cc,0.1359416315515784,0.009558681965103719,0.11720695916030256,0.15467630394285425,1
998,2500,5,bounded,seqmar,0.15,seq,0.132254370749601,0.01185237751153816,0.10902413769581373,0.15548460380338827,1
999,2500,5,bounded,seqmar,0.15,full,0.15447557909398602,0.0067409922522566786,0.14126347705949938,0.16768768112847265,1
999,2500,5,bounded,seqmar,0.15,cc,0.16011870242090123,0.008131565554137864,0.14418112679686454,0.17605627804493792,1
999,2500,5,bounded,seqmar,0.15,seq,0.151812834127388,0.008761440104971588,0.13464072706893884,0.16898494118583715,1
1000,2500,5,bounded,seqmar,0.15,full,0.15390657802259183,0.006651043357094192,0.14087077258307285,0.16694238346211082,1
1000,2500,5,bounded,seqmar,0.15,cc,0.15697423249793527,0.008177431339139176,0.14094676158717334,0.1730017034086972,1
1000,2500,5,bounded,seqmar,0.15,seq,0.14329623171937558,0.01027589655423484,0.12315584456421605,0.16343661887453512,1
