replicate,n,folds,design,scenario,psi,estimator,estimate,se,ci_lo,ci_hi,covered
1,10000,5,stress,ccmar,0.2558505160746848,full,0.255762539935074,0.004752991235097829,0.2464468482954477,0.2650782315747003,1
1,10000,5,stress,ccmar,0.2558505160746848,cc,0.25540359911807964,0.008692612931324116,0.23836639084113723,0.2724408073950221,1
1,10000,5,stress,ccmar,0.2558505160746848,seq,0.2531857207650501,0.008728137762416628,0.23607888509860947,0.2702925564314907,1
2,10000,5,stress,ccmar,0.2558505160746848,full,0.2618324343138239,0.004886668024530166,0.2522547409813413,0.2714101276463065,1
2,10000,5,stress,ccmar,0.2558505160746848,cc,0.27859131870143655,0.009760371133041684,0.25946134280493044,0.29772129459794267,0
2,10000,5,stress,ccmar,0.2558505160746848,seq,0.27668089129836415,0.009421286022258484,0.2582155100066869,0.2951462725900414,0
3,10000,5,stress,ccmar,0.2558505160746848,full,0.25583994347413713,0.004634216900006355,0.24675704525357783,0.26492284169469643,1
3,10000,5,stress,ccmar,0.2558505160746848,cc,0.2425390971919597,0.00960043740389366,0.22372258564449693,0.2613556087394225,1
3,10000,5,stress,ccmar,0.2558505160746848,seq,0.2426359166253341,0.010777862254034867,0.22151169477709207,0.2637601384735761,1
4,10000,5,stress,ccmar,0.2558505160746848,full,0.2609857637201332,0.00495971171129316,0.2512649073922971,0.2707066200479693,1
4,10000,5,stress,ccmar,0.2558505160746848,cc,0.2529796819192368,0.008911132133696932,0.23551418387571327,0.27044517996276035,1
4,10000,5,stress,ccmar,0.2558505160746848,seq,0.24927458828848198,0.008828261641292138,0.2319715134254529,0.26657766315151105,1
5,10000,5,stress,ccmar,0.2558505160746848,full,0.2591392927723086,0.0047068966148004565,0.24991394492834623,0.268364640616271,1
5,10000,5,stress,ccmar,0.2558505160746848,cc,0.2695607045778538,0.007075798871721194,0.2556923936274311,0.2834290155282765,1
5,10000,5,stress,ccmar,0.2558505160746848,seq,0.268677469628992,0.0069701477557863375,0.2550162310607281,0.2823387081972559,1
6,10000,5,stress,ccmar,0.2558505160746848,full,0.2566747887537275,0.004804606939304234,0.24725793219282,0.26609164531463503,1
6,10000,5,stress,ccmar,0.2558505160746848,cc,0.26432535488905357,0.009509632066314274,0.24568681853285038,0.2829638912452568,1
6,10000,5,stress,ccmar,0.2558505160746848,seq,0.2652513800319787,0.009002323666287655,0.2476071498688823,0.28289561019507503,1
7,10000,5,stress,ccmar,0.2558505160746848,full,0.25091245472325563,0.0046438809440604075,0.24181061532440537,0.2600142941221059,1
7,10000,5,stress,ccmar,0.2558505160746848,cc,0.22567944428508707,0.007436960305022041,0.21110326993278986,0.2402556186373843,0
7,10000,5,stress,ccmar,0.2558505160746848,seq,0.22982373136205853,0.007244194119180235,0.21562537179144842,0.24402209093266863,0
8,10000,5,stress,ccmar,0.2558505160746848,full,0.25811437502697937,0.004552153135664741,0.2491923188289654,0.2670364312249933,1
8,10000,5,stress,ccmar,0.2558505160746848,cc,0.2758404338627443,0.007621602904386207,0.26090236666568145,0.2907785010598072,0
8,10000,5,stress,ccmar,0.2558505160746848,seq,0.27535230546112915,0.007550125857973841,0.26055433070075584,0.29015028022150247,0
9,10000,5,stress,ccmar,0.2558505160746848,full,0.256389371411742,0.00484882541466922,0.24688584823166784,0.2658928945918162,1
9,10000,5,stress,ccmar,0.2558505160746848,cc,0.2633634379861199,0.01032881880961478,0.24311932511643505,0.28360755085580475,1
9,10000,5,stress,ccmar,0.2558505160746848,seq,0.2614179472504898,0.009959353321755434,0.2418979734305398,0.2809379210704398,1
10,10000,5,stress,ccmar,0.2558505160746848,full,0.2517887539967143,0.004520368150401391,0.24292899522506564,0.260648512768363,1
10,10000,5,stress,ccmar,0.2558505160746848,cc,0.23045671043149032,0.008234752605037277,0.21431689190401987,0.24659652895896078,0
10,10000,5,stress,ccmar,0.2558505160746848,seq,0.2330934954264034,0.00777901715471698,0.21784690196803888,0.2483400888847679,0
11,10000,5,stress,ccmar,0.2558505160746848,full,0.2565319260196293,0.004475184476172165,0.24776072562215912,0.2653031264170995,1
11,10000,5,stress,ccmar,0.2558505160746848,cc,0.26699005611908594,0.008046678768339286,0.2512188555379778,0.2827612567001941,1
11,10000,5,stress,ccmar,0.2558505160746848,seq,0.26831817203322755,0.007775897273611106,0.25307769342946657,0.28355865063698854,1
12,10000,5,stress,ccmar,0.2558505160746848,full,0.24573597932771746,0.004822884505346436,0.23628329939564216,0.2551886592597927,0
12,10000,5,stress,ccmar,0.2558505160746848,cc,0.2478323908136037,0.008592981767285906,0.23099045602991397,0.2646743255972934,1
12,10000,5,stress,ccmar,0.2558505160746848,seq,0.24609704732540086,0.008224685962707139,0.22997695905434273,0.262217135596459,1
13,10000,5,stress,ccmar,0.2558505160746848,full,0.24842461231731644,0.004592723812529699,0.23942303905381873,0.25742618558081415,1
13,10000,5,stress,ccmar,0.2558505160746848,cc,0.24323831210665867,0.008264806743899155,0.22703958854943257,0.25943703566388476,1
13,10000,5,stress,ccmar,0.2558505160746848,seq,0.24230460365258297,0.008173731923327697,0.22628438346357538,0.25832482384159056,1
14,10000,5,stress,ccmar,0.2558505160746848,full,0.2607988032321809,0.004305437840247557,0.2523603001276198,0.26923730633674203,1
14,10000,5,stress,ccmar,0.2558505160746848,cc,0.24771956184189745,0.008252320351591083,0.23154531116389201,0.2638938125199029,1
14,10000,5,stress,ccmar,0.2558505160746848,seq,0.24949995333251046,0.007655506742769736,0.23449543583327823,0.26450447083174267,1
15,10000,5,stress,ccmar,0.2558505160746848,full,0.26029759686158516,0.005045538572188613,0.25040852297748784,0.2701866707456825,1
15,10000,5,stress,ccmar,0.2558505160746848,cc,0.23154247712801088,0.013912833578600525,0.20427382439105435,0.2588111298649674,1
15,10000,5,stress,ccmar,0.2558505160746848,seq,0.23378396537726132,0.01511602852531469,0.20415709387836442,0.2634108368761582,1
16,10000,5,stress,ccmar,0.2558505160746848,full,0.263382495704002,0.005232832950094785,0.25312633158470177,0.27363865982330227,1
16,10000,5,stress,ccmar,0.2558505160746848,cc,0.2639792129575358,0.010049903050239768,0.2442817649309466,0.283676660984125,1
16,10000,5,stress,ccmar,0.2558505160746848,seq,0.26447304019109286,0.010434187733952658,0.24402240802461606,0.28492367235756966,1
17,10000,5,stress,ccmar,0.2558505160746848,full,0.25458560975786515,0.005221639634822136,0.24435138413336688,0.2648198353823634,1
17,10000,5,stress,ccmar,0.2558505160746848,cc,0.24621022241540685,0.010136004748021694,0.22634401816215735,0.2660764266686564,1
17,10000,5,stress,ccmar,0.2558505160746848,seq,0.2505401189711578,0.009660265377022541,0.23160634675109437,0.2694738911912212,1
18,10000,5,stress,ccmar,0.2558505160746848,full,0.2571541676951915,0.004831152765805239,0.24768528227040215,0.26662305311998086,1
18,10000,5,stress,ccmar,0.2558505160746848,cc,0.22840836498382106,0.008617632937950355,0.21151811479345226,0.24529861517418985,0
18,10000,5,stress,ccmar,0.2558505160746848,seq,0.22931143342874266,0.008645904132501148,0.2123657727152544,0.24625709414223093,0
19,10000,5,stress,ccmar,0.2558505160746848,full,0.2569983003576237,0.004725190273072267,0.24773709760230309,0.26625950311294433,1
19,10000,5,stress,ccmar,0.2558505160746848,cc,0.25540381698006115,0.0077143062462609316,0.24028405457167734,0.27052357938844496,1
19,10000,5,stress,ccmar,0.2558505160746848,seq,0.25302372539181134,0.007712017676424005,0.237908448497884,0.26813900228573867,1
20,10000,5,stress,ccmar,0.2558505160746848,full,0.26288119224468487,0.00461460576829041,0.25383673113598487,0.27192565335338487,1
20,10000,5,stress,ccmar,0.2558505160746848,cc,0.2622750610881491,0.007207832753241271,0.248147968485208,0.27640215369109017,1
20,10000,5,stress,ccmar,0.2558505160746848,seq,0.2611055791235122,0.007041711975454609,0.24730407726211676,0.2749070809849076,1
21,10000,5,stress,ccmar,0.2558505160746848,full,0.25763105692510446,0.004721183060976859,0.24837770816116925,0.26688440568903965,1
21,10000,5,stress,ccmar,0.2558505160746848,cc,0.255021299273384,0.007305000084785505,0.2407037622001424,0.26933883634662564,1
21,10000,5,stress,ccmar,0.2558505160746848,seq,0.2541124305822845,0.007566751303926053,0.23928187054661795,0.26894299061795107,1
22,10000,5,stress,ccmar,0.2558505160746848,full,0.2549771526204756,0.00495928653279333,0.24525712962718615,0.26469717561376505,1
22,10000,5,stress,ccmar,0.2558505160746848,cc,0.2771963086084777,0.02277133614719841,0.23256530988011376,0.3218273073368417,1
22,10000,5,stress,ccmar,0.2558505160746848,seq,0.27731371316076864,0.02053761395344533,0.23706072948362852,0.3175666968379088,1
23,10000,5,stress,ccmar,0.2558505160746848,full,0.24952316629161123,0.005126322677174039,0.23947575847121916,0.2595705741120033,1
23,10000,5,stress,ccmar,0.2558505160746848,cc,0.2503245230013827,0.007022355748110658,0.23656095864845797,0.2640880873543074,1
23,10000,5,stress,ccmar,0.2558505160746848,seq,0.24886367746539245,0.0068583175618175864,0.23542162204969141,0.2623057328810935,1
24,10000,5,stress,ccmar,0.2558505160746848,full,0.26475269571984206,0.004912787277543073,0.25512380959215103,0.2743815818475331,1
24,10000,5,stress,ccmar,0.2558505160746848,cc,0.2578122700825239,0.010456566620236077,0.23731777610491747,0.27830676406013033,1
24,10000,5,stress,ccmar,0.2558505160746848,seq,0.25959917431506724,0.009905727835010895,0.24018430451778996,0.27901404411234454,1
25,10000,5,stress,ccmar,0.2558505160746848,full,0.2592396921577045,0.004699107496754315,0.25002961070458385,0.2684497736108251,1
25,10000,5,stress,ccmar,0.2558505160746848,cc,0.25625234257585827,0.009387474795519633,0.2378532300708623,0.27465145508085426,1
25,10000,5,stress,ccmar,0.2558505160746848,seq,0.2585285952998416,0.009410978393207032,0.2400834165898712,0.27697377400981205,1
26,10000,5,stress,ccmar,0.2558505160746848,full,0.25324645135397933,0.004796581171706127,0.2438453250085124,0.26264757769944624,1
26,10000,5,stress,ccmar,0.2558505160746848,cc,0.2557138822450343,0.008026298631945879,0.23998262599725725,0.2714451384928113,1
26,10000,5,stress,ccmar,0.2558505160746848,seq,0.2558335694102775,0.008570012226814926,0.23903665409865235,0.27263048472190266,1
27,10000,5,stress,ccmar,0.2558505160746848,full,0.25436936240644675,0.004620818584143935,0.24531272440243126,0.2634260004104622,1
27,10000,5,stress,ccmar,0.2558505160746848,cc,0.2529670840475701,0.00782568375404144,0.2376290257352487,0.26830514235989156,1
27,10000,5,stress,ccmar,0.2558505160746848,seq,0.25376815846094714,0.007654265449598282,0.2387660738516252,0.26877024307026903,1
28,10000,5,stress,ccmar,0.2558505160746848,full,0.262522755638348,0.004447068671758173,0.25380666120492557,0.2712388500717704,1
28,10000,5,stress,ccmar,0.2558505160746848,cc,0.27095594562662617,0.01684040645260034,0.23794935549451357,0.30396253575873877,1
28,10000,5,stress,ccmar,0.2558505160746848,seq,0.27477048805455506,0.017809805358221294,0.23986391098077287,0.30967706512833726,1
29,10000,5,stress,ccmar,0.2558505160746848,full,0.25740984125361915,0.004536461180877524,0.24851854072183516,0.26630114178540315,1
29,10000,5,stress,ccmar,0.2558505160746848,cc,0.26230539836654254,0.008866448151858391,0.24492747931810838,0.2796833174149767,1
29,10000,5,stress,ccmar,0.2558505160746848,seq,0.26238227182337426,0.008703429612081526,0.24532386324171507,0.27944068040503345,1
30,10000,5,stress,ccmar,0.2558505160746848,full,0.26060316405984124,0.004812418645836579,0.2511709968354725,0.27003533128421,1
30,10000,5,stress,ccmar,0.2558505160746848,cc,0.25886904498730856,0.009242201091732221,0.24075466370963663,0.27698342626498046,1
30,10000,5,stress,ccmar,0.2558505160746848,seq,0.2635822901170005,0.009241123814925213,0.24547002026307171,0.28169455997092935,1
31,10000,5,stress,ccmar,0.2558505160746848,full,0.2545478878107907,0.004698458873297931,0.2453390776362841,0.2637566979852973,1
31,10000,5,stress,ccmar,0.2558505160746848,cc,0.24615419417562578,0.010017009106338286,0.226521217094393,0.2657871712568586,1
31,10000,5,stress,ccmar,0.2558505160746848,seq,0.24258119634749514,0.009861393054586056,0.22325322112311305,0.26190917157187726,1
32,10000,5,stress,ccmar,0.2558505160746848,full,0.2590295849367363,0.0047043421606756345,0.2498092437308587,0.26824992614261384,1
32,10000,5,stress,ccmar,0.2558505160746848,cc,0.2707115942463819,0.008383622886721825,0.2542799953284414,0.2871431931643224,1
32,10000,5,stress,ccmar,0.2558505160746848,seq,0.27254652906768034,0.008311614372042971,0.2562560642450906,0.28883699389027007,0
33,10000,5,stress,ccmar,0.2558505160746848,full,0.2598424567007625,0.004450217038019573,0.25112019158285764,0.26856472181866736,1
33,10000,5,stress,ccmar,0.2558505160746848,cc,0.25082849956546516,0.007334711948849145,0.23645272830874525,0.26520427082218506,1
33,10000,5,stress,ccmar,0.2558505160746848,seq,0.2517503163501295,0.0069792554198515365,0.23807122708831452,0.2654294056119445,1
34,10000,5,stress,ccmar,0.2558505160746848,full,0.25702207290885465,0.00464546381633375,0.2479171311373565,0.26612701468035277,1
34,10000,5,stress,ccmar,0.2558505160746848,cc,0.27325193047688945,0.008765409815262474,0.25607204292924113,0.29043181802453777,0
34,10000,5,stress,ccmar,0.2558505160746848,seq,0.2715590036723709,0.009033481710331694,0.2538537048651195,0.2892643024796223,1
35,10000,5,stress,ccmar,0.2558505160746848,full,0.2562235613455828,0.0046529813722708405,0.24710388543519618,0.26534323725596937,1
35,10000,5,stress,ccmar,0.2558505160746848,cc,0.260823039627527,0.0072384621164212955,0.24663591457588369,0.27501016467917033,1
35,10000,5,stress,ccmar,0.2558505160746848,seq,0.25914172602172286,0.00742841852419679,0.24458229325220698,0.27370115879123874,1
36,10000,5,stress,ccmar,0.2558505160746848,full,0.26231711397268515,0.0046991929148043395,0.25310686510326286,0.27152736284210743,1
36,10000,5,stress,ccmar,0.2558505160746848,cc,0.26329207839380375,0.008700588423493916,0.24623923843944956,0.28034491834815795,1
36,10000,5,stress,ccmar,0.2558505160746848,seq,0.26338294950153657,0.008760830164544943,0.24621203790435636,0.2805538610987168,1
37,10000,5,stress,ccmar,0.2558505160746848,full,0.2555030580916018,0.004752545846965069,0.24618823939667484,0.26481787678652874,1
37,10000,5,stress,ccmar,0.2558505160746848,cc,0.261073580740553,0.008688522297266067,0.24404438995903827,0.2781027715220677,1
37,10000,5,stress,ccmar,0.2558505160746848,seq,0.2562356968312394,0.00895204361009577,0.23869001376741977,0.2737813798950591,1
38,10000,5,stress,ccmar,0.2558505160746848,full,0.25482728608012506,0.00459308777203319,0.24582499946910868,0.26382957269114143,1
38,10000,5,stress,ccmar,0.2558505160746848,cc,0.26369819811564205,0.011009111004480664,0.24212073704505638,0.2852756591862277,1
38,10000,5,stress,ccmar,0.2558505160746848,seq,0.26306985851568,0.010657437163954725,0.24218166550683004,0.28395805152452996,1
39,10000,5,stress,ccmar,0.2558505160746848,full,0.2659865885592756,0.005110662297134241,0.25596987451974573,0.27600330259880546,0
39,10000,5,stress,ccmar,0.2558505160746848,cc,0.2635384384970604,0.009748026908638633,0.24443265683580134,0.2826442201583194,1
39,10000,5,stress,ccmar,0.2558505160746848,seq,0.2665173921181823,0.009461698098867719,0.24797280461181048,0.28506197962455415,1
40,10000,5,stress,ccmar,0.2558505160746848,full,0.267461650517969,0.0048059883974292264,0.25804208634889036,0.2768812146870476,0
40,10000,5,stress,ccmar,0.2558505160746848,cc,0.2647271132026434,0.009454024401850183,0.24619756586605424,0.2832566605392326,1
40,10000,5,stress,ccmar,0.2558505160746848,seq,0.2612869480169705,0.009402668578756733,0.2428580562440409,0.2797158397899001,1
41,10000,5,stress,ccmar,0.2558505160746848,full,0.2540460533790316,0.0046061607551652235,0.24501814419190593,0.2630739625661572,1
41,10000,5,stress,ccmar,0.2558505160746848,cc,0.25112256349548623,0.009417563716397025,0.23266447778923688,0.2695806492017356,1
41,10000,5,stress,ccmar,0.2558505160746848,seq,0.25456360747113393,0.009702477070375148,0.23554710185237296,0.27358011308989494,1
42,10000,5,stress,ccmar,0.2558505160746848,full,0.2576887586717746,0.0047332792873952005,0.24841170173971058,0.2669658156038386,1
42,10000,5,stress,ccmar,0.2558505160746848,cc,0.2772154372717426,0.010471859826005642,0.25669096916161965,0.2977399053818655,0
42,10000,5,stress,ccmar,0.2558505160746848,seq,0.280279021553483,0.009737745984996445,0.2611933901322905,0.2993646529746755,0
43,10000,5,stress,ccmar,0.2558505160746848,full,0.25806631095933097,0.00472870574029991,0.24879821801485533,0.2673344039038066,1
43,10000,5,stress,ccmar,0.2558505160746848,cc,0.2578806023878511,0.009357903217828738,0.23953944911009528,0.2762217556656069,1
43,10000,5,stress,ccmar,0.2558505160746848,seq,0.258286085273326,0.009467984040672055,0.2397291775474088,0.27684299299924325,1
44,10000,5,stress,ccmar,0.2558505160746848,full,0.24454360723729923,0.0048166333725355535,0.23510317930039584,0.2539840351742026,0
44,10000,5,stress,ccmar,0.2558505160746848,cc,0.25118881459451686,0.00905142779359535,0.23344834211040513,0.2689292870786286,1
44,10000,5,stress,ccmar,0.2558505160746848,seq,0.2557242409147162,0.008576531324123997,0.23891454840715354,0.27253393342227883,1
45,10000,5,stress,ccmar,0.2558505160746848,full,0.2580477881256303,0.0050063077114525685,0.2482356053156581,0.26785997093560243,1
45,10000,5,stress,ccmar,0.2558505160746848,cc,0.2584468487611202,0.011604476871496315,0.23570249203355936,0.281191205488681,1
45,10000,5,stress,ccmar,0.2558505160746848,seq,0.2612618218192162,0.012153188082781421,0.23744201087962322,0.28508163275880916,1
46,10000,5,stress,ccmar,0.2558505160746848,full,0.2596001777954189,0.004783568925739622,0.2502245549834043,0.2689758006074335,1
46,10000,5,stress,ccmar,0.2558505160746848,cc,0.2559646752658773,0.007986682477898528,0.24031106525323906,0.2716182852785155,1
46,10000,5,stress,ccmar,0.2558505160746848,seq,0.2582986039363492,0.007789989681600766,0.24303050472047305,0.2735667031522253,1
47,10000,5,stress,ccmar,0.2558505160746848,full,0.26359888878540216,0.004731009586249651,0.2543262803858391,0.27287149718496523,1
47,10000,5,stress,ccmar,0.2558505160746848,cc,0.2696851521564876,0.014822571436045113,0.240633445983567,0.29873685832940816,1
47,10000,5,stress,ccmar,0.2558505160746848,seq,0.2666001484411625,0.015952195878294065,0.23533441904537783,0.2978658778369471,1
48,10000,5,stress,ccmar,0.2558505160746848,full,0.24895512152207294,0.004627627320925494,0.2398851386391854,0.2580251044049605,1
48,10000,5,stress,ccmar,0.2558505160746848,cc,0.23815820693893894,0.02033095834726018,0.198310260807125,0.2780061530707529,1
48,10000,5,stress,ccmar,0.2558505160746848,seq,0.2400038947306359,0.018981049690758377,0.20280172094798435,0.27720606851328744,1
49,10000,5,stress,ccmar,0.2558505160746848,full,0.26156635753002655,0.004585238128174652,0.25257945593826436,0.27055325912178874,1
49,10000,5,stress,ccmar,0.2558505160746848,cc,0.2535338547321409,0.009015640234900996,0.2358635245741647,0.2712041848901171,1
49,10000,5,stress,ccmar,0.2558505160746848,seq,0.2535380498237426,0.008971948544020177,0.2359533538063165,0.27112274584116874,1
50,10000,5,stress,ccmar,0.2558505160746848,full,0.25217721541996097,0.004672363097920628,0.24301955202534253,0.2613348788145794,1
50,10000,5,stress,ccmar,0.2558505160746848,cc,0.2517528785902667,0.009064953615193166,0.2339858959829619,0.26951986119757143,1
50,10000,5,stress,ccmar,0.2558505160746848,seq,0.2500564636744437,0.009070789496651206,0.23227804294966312,0.26783488439922426,1
51,10000,5,stress,ccmar,0.2558505160746848,full,0.251946211629727,0.004716694738063087,0.2427016598170538,0.2611907634424003,1
51,10000,5,stress,ccmar,0.2558505160746848,cc,0.2364680523073972,0.009228141923570408,0.21838122649297503,0.2545548781218194,0
51,10000,5,stress,ccmar,0.2558505160746848,seq,0.23670195714504497,0.009668365896843162,0.21775230819787708,0.2556516060922129,0
52,10000,5,stress,ccmar,0.2558505160746848,full,0.24971330194849647,0.0045497250301923895,0.24079600474975899,0.25863059914723396,1
52,10000,5,stress,ccmar,0.2558505160746848,cc,0.2615907502224638,0.008488612439727417,0.2449533755618794,0.2782281248830482,1
52,10000,5,stress,ccmar,0.2558505160746848,seq,0.2602920335525436,0.008517395343299735,0.24359824543758696,0.27698582166750024,1
53,10000,5,stress,ccmar,0.2558505160746848,full,0.25589546930390294,0.004579142168349782,0.24692051557384873,0.2648704230339572,1
53,10000,5,stress,ccmar,0.2558505160746848,cc,0.23988474966704598,0.011312196435313216,0.2177132520677897,0.2620562472663023,1
53,10000,5,stress,ccmar,0.2558505160746848,seq,0.24047046120851104,0.01065232585065015,0.21959228618965176,0.2613486362273703,1
54,10000,5,stress,ccmar,0.2558505160746848,full,0.2548230191024729,0.004654229901350711,0.2457008961200561,0.26394514208488973,1
54,10000,5,stress,ccmar,0.2558505160746848,cc,0.23609189624925575,0.010224086001361639,0.2160530559117468,0.2561307365867647,1
54,10000,5,stress,ccmar,0.2558505160746848,seq,0.23551281297988344,0.010232393322977403,0.2154576905911996,0.25556793536856726,0
55,10000,5,stress,ccmar,0.2558505160746848,full,0.2541289413488603,0.004715840148694886,0.24488606450057035,0.26337181819715033,1
55,10000,5,stress,ccmar,0.2558505160746848,cc,0.24262029995231704,0.013151845230323594,0.2168431569706379,0.2683974429339962,1
55,10000,5,stress,ccmar,0.2558505160746848,seq,0.24377988542158083,0.013055693605517308,0.218191196161577,0.26936857468158465,1
56,10000,5,stress,ccmar,0.2558505160746848,full,0.2619682826007103,0.00482072916968239,0.2525198270489111,0.2714167381525095,1
56,10000,5,stress,ccmar,0.2558505160746848,cc,0.2549363679334829,0.00898030256453821,0.23733529833671532,0.2725374375302505,1
56,10000,5,stress,ccmar,0.2558505160746848,seq,0.25122831136515783,0.009602314857446153,0.2324081200763495,0.2700485026539662,1
57,10000,5,stress,ccmar,0.2558505160746848,full,0.258487393222245,0.004633212483484655,0.2494064636218937,0.2675683228225963,1
57,10000,5,stress,ccmar,0.2558505160746848,cc,0.24818064578524276,0.00877247251466975,0.23098691560112253,0.265374375969363,1
57,10000,5,stress,ccmar,0.2558505160746848,seq,0.2470524526556238,0.008574343898817784,0.2302470474228802,0.2638578578883674,1
58,10000,5,stress,ccmar,0.2558505160746848,full,0.2543760482475855,0.004549272786706795,0.245459637429792,0.26329245906537896,1
58,10000,5,stress,ccmar,0.2558505160746848,cc,0.26665572325801756,0.008281065956818266,0.25042513222905305,0.2828863142869821,1
58,10000,5,stress,ccmar,0.2558505160746848,seq,0.2680951899477511,0.009061765257980027,0.25033445640575397,0.28585592348974825,1
59,10000,5,stress,ccmar,0.2558505160746848,full,0.2531294228221517,0.004712574274294392,0.2438929469700647,0.26236589867423865,1
59,10000,5,stress,ccmar,0.2558505160746848,cc,0.26004262310450404,0.009092573949483308,0.24222150563674966,0.27786374057225843,1
59,10000,5,stress,ccmar,0.2558505160746848,seq,0.2609003450767398,0.009698879070025247,0.241890891409081,0.27990979874439864,1
60,10000,5,stress,ccmar,0.2558505160746848,full,0.24821782049459507,0.004595283617073168,0.2392112301063847,0.2572244108828054,1
60,10000,5,stress,ccmar,0.2558505160746848,cc,0.24697529892632483,0.009611051822652374,0.22813798350037814,0.26581261435227155,1
60,10000,5,stress,ccmar,0.2558505160746848,seq,0.24833521362957767,0.00960816612137589,0.22950355407420303,0.2671668731849523,1
61,10000,5,stress,ccmar,0.2558505160746848,full,0.2550038557053278,0.004495390847816883,0.24619305154717572,0.26381465986347985,1
61,10000,5,stress,ccmar,0.2558505160746848,cc,0.25124962485140834,0.007773212413348557,0.23601440847706548,0.26648484122575117,1
61,10000,5,stress,ccmar,0.2558505160746848,seq,0.25003915868536003,0.00776676009219707,0.2348165886280908,0.26526172874262927,1
62,10000,5,stress,ccmar,0.2558505160746848,full,0.2538930217454866,0.004866768775239837,0.24435433022493241,0.2634317132660408,1
62,10000,5,stress,ccmar,0.2558505160746848,cc,0.2695749441545668,0.009509768413337616,0.2509361405631084,0.28821374774602515,1
62,10000,5,stress,ccmar,0.2558505160746848,seq,0.26955302671945436,0.009201066140961675,0.2515192684637985,0.2875867849751102,1
63,10000,5,stress,ccmar,0.2558505160746848,full,0.25801792112468436,0.004475654633865584,0.249245799235068,0.2667900430143007,1
63,10000,5,stress,ccmar,0.2558505160746848,cc,0.2350068405655894,0.008161797652289323,0.21901001111799875,0.25100367001318,0
63,10000,5,stress,ccmar,0.2558505160746848,seq,0.23773337521953164,0.007940931282827187,0.22216943590148291,0.25329731453758036,0
64,10000,5,stress,ccmar,0.2558505160746848,full,0.2521201820238037,0.004692912361859121,0.24292224281195704,0.2613181212356504,1
64,10000,5,stress,ccmar,0.2558505160746848,cc,0.26424120638534576,0.009497205101362255,0.24562702643288567,0.2828553863378059,1
64,10000,5,stress,ccmar,0.2558505160746848,seq,0.2667111245887621,0.009099167399454799,0.24887708419652974,0.2845451649809945,1
65,10000,5,stress,ccmar,0.2558505160746848,full,0.2554144456469082,0.004541982327818142,0.24651232386596722,0.26431656742784915,1
65,10000,5,stress,ccmar,0.2558505160746848,cc,0.24788962900486422,0.006446046002414758,0.2352556109974429,0.26052364701228553,1
65,10000,5,stress,ccmar,0.2558505160746848,seq,0.24870078810537485,0.006275273393463112,0.2364014782610447,0.261000097949705,1
66,10000,5,stress,ccmar,0.2558505160746848,full,0.2571396602424177,0.004506956848869683,0.248306187138757,0.2659731333460784,1
66,10000,5,stress,ccmar,0.2558505160746848,cc,0.26167082442186573,0.008837192248590094,0.24435024589017262,0.27899140295355884,1
66,10000,5,stress,ccmar,0.2558505160746848,seq,0.26489757496127214,0.008586343224724742,0.24806865148191215,0.28172649844063213,1
67,10000,5,stress,ccmar,0.2558505160746848,full,0.25933413342376416,0.00490342477373374,0.24972359746634457,0.2689446693811838,1
67,10000,5,stress,ccmar,0.2558505160746848,cc,0.25297340919226435,0.013210939460878115,0.22708044364700425,0.27886637473752446,1
67,10000,5,stress,ccmar,0.2558505160746848,seq,0.2583601743955541,0.012085346392543378,0.234673330725478,0.28204701806563015,1
68,10000,5,stress,ccmar,0.2558505160746848,full,0.25025575821407137,0.004583371516957831,0.2412725151130673,0.25923900131507543,1
68,10000,5,stress,ccmar,0.2558505160746848,cc,0.24967683483837322,0.008963389134318146,0.232108914955692,0.2672447547210544,1
68,10000,5,stress,ccmar,0.2558505160746848,seq,0.25005870242376604,0.008566992350487749,0.2332677059609799,0.2668496988865522,1
69,10000,5,stress,ccmar,0.2558505160746848,full,0.2543817998533925,0.004606062885668815,0.24535408248695498,0.26340951721983,1
69,10000,5,stress,ccmar,0.2558505160746848,cc,0.2346587273512017,0.01030103939451249,0.21446906113462894,0.25484839356777444,0
69,10000,5,stress,ccmar,0.2558505160746848,seq,0.23344828924969838,0.010170746553505533,0.21351399230894264,0.2533825861904541,0
70,10000,5,stress,ccmar,0.2558505160746848,full,0.25384824364174086,0.004470417840370126,0.24508638567877009,0.26261010160471165,1
70,10000,5,stress,ccmar,0.2558505160746848,cc,0.2532952821623758,0.014181255594560592,0.22550053194147987,0.2810900323832717,1
70,10000,5,stress,ccmar,0.2558505160746848,seq,0.25439734775528555,0.013698712363138531,0.22754836488896046,0.28124633062161064,1
71,10000,5,stress,ccmar,0.2558505160746848,full,0.26044294847654875,0.004886947746105329,0.25086470689985313,0.2700211900532444,1
71,10000,5,stress,ccmar,0.2558505160746848,cc,0.2363455688090768,0.03730183097909995,0.16323532353264045,0.30945581408551315,1
71,10000,5,stress,ccmar,0.2558505160746848,seq,0.2382695433059147,0.036772167632336344,0.16619741911306596,0.31034166749876346,1
72,10000,5,stress,ccmar,0.2558505160746848,full,0.2631288322332452,0.004751646069600569,0.2538157770695468,0.2724418873969436,1
72,10000,5,stress,ccmar,0.2558505160746848,cc,0.2717003494262101,0.009512439550759439,0.2530563105016072,0.29034438835081294,1
72,10000,5,stress,ccmar,0.2558505160746848,seq,0.2734589597249914,0.00965701694148696,0.2545315543215838,0.292386365128399,1
73,10000,5,stress,ccmar,0.2558505160746848,full,0.26113990650001223,0.004718938480696347,0.25189095703258724,0.2703888559674372,1
73,10000,5,stress,ccmar,0.2558505160746848,cc,0.2549908395192513,0.00841325420780949,0.23850116427916462,0.27148051475933793,1
73,10000,5,stress,ccmar,0.2558505160746848,seq,0.25837201043253244,0.007860756800701599,0.24296521021192902,0.27377881065313586,1
74,10000,5,stress,ccmar,0.2558505160746848,full,0.2557243339968148,0.004541094701216315,0.24682395193204518,0.2646247160615845,1
74,10000,5,stress,ccmar,0.2558505160746848,cc,0.253829379647586,0.007528545868166825,0.2390737008900212,0.2685850584051508,1
74,10000,5,stress,ccmar,0.2558505160746848,seq,0.2557429434233429,0.007358903157563221,0.24131975826880092,0.2701661285778849,1
75,10000,5,stress,ccmar,0.2558505160746848,full,0.26389984211121753,0.004736091475287304,0.2546172733921672,0.27318241083026784,1
75,10000,5,stress,ccmar,0.2558505160746848,cc,0.24813311127397655,0.0070049404081749325,0.2344036803601044,0.2618625421878487,1
75,10000,5,stress,ccmar,0.2558505160746848,seq,0.25058435317830147,0.006809796994415799,0.23723739632721738,0.2639313100293855,1
76,10000,5,stress,ccmar,0.2558505160746848,full,0.2512939324232734,0.004700333041858727,0.2420814489458867,0.2605064159006601,1
76,10000,5,stress,ccmar,0.2558505160746848,cc,0.25053631731608594,0.007994617172950585,0.23486715558691737,0.2662054790452545,1
76,10000,5,stress,ccmar,0.2558505160746848,seq,0.25144393150395417,0.007620657766439162,0.23650771674322796,0.2663801462646804,1
77,10000,5,stress,ccmar,0.2558505160746848,full,0.2534493815459421,0.00461391688084687,0.24440627063182085,0.26249249246006334,1
77,10000,5,stress,ccmar,0.2558505160746848,cc,0.23487493080701544,0.008997202197357314,0.21724073853857045,0.2525091230754604,0
77,10000,5,stress,ccmar,0.2558505160746848,seq,0.23569582389765129,0.008836874283776604,0.21837586856554095,0.2530157792297616,0
78,10000,5,stress,ccmar,0.2558505160746848,full,0.2508659187341893,0.004785096637186594,0.24148730166275983,0.26024453580561874,1
78,10000,5,stress,ccmar,0.2558505160746848,cc,0.25154949441088026,0.007486838155583914,0.2368755612678555,0.266223427553905,1
78,10000,5,stress,ccmar,0.2558505160746848,seq,0.2499221820931599,0.007273368988147345,0.23566664083012057,0.2641777233561992,1
79,10000,5,stress,ccmar,0.2558505160746848,full,0.2585027277538802,0.004738233737448418,0.2492159602781487,0.26778949522961176,1
79,10000,5,stress,ccmar,0.2558505160746848,cc,0.22756083220760065,0.011547337876064328,0.20492846585319932,0.25019319856200195,0
79,10000,5,stress,ccmar,0.2558505160746848,seq,0.2254667372912847,0.011445744235255049,0.20303349081392785,0.24789998376864153,0
80,10000,5,stress,ccmar,0.2558505160746848,full,0.25226591520884956,0.004751239293085891,0.24295365731246965,0.26157817310522946,1
80,10000,5,stress,ccmar,0.2558505160746848,cc,0.2640040739887937,0.00884553371153352,0.24666714649015312,0.28134100148743435,1
80,10000,5,stress,ccmar,0.2558505160746848,seq,0.26114810356675133,0.008935470584785575,0.24363490303565455,0.2786613040978481,1
81,10000,5,stress,ccmar,0.2558505160746848,full,0.2626150338408167,0.004797180572758657,0.2532127326908745,0.27201733499075886,1
81,10000,5,stress,ccmar,0.2558505160746848,cc,0.2749908112815837,0.007162828779805825,0.2609519248457373,0.2890296977174301,0
81,10000,5,stress,ccmar,0.2558505160746848,seq,0.2728732031951643,0.00704584599479992,0.25906359880474067,0.2866828075855879,0
82,10000,5,stress,ccmar,0.2558505160746848,full,0.25544825022285583,0.0044870840387720495,0.24665372711125808,0.26424277333445356,1
82,10000,5,stress,ccmar,0.2558505160746848,cc,0.256801890939647,0.009032022560366804,0.23909945201377483,0.2745043298655192,1
82,10000,5,stress,ccmar,0.2558505160746848,seq,0.2595666695408,0.008671320755401798,0.2425711931618178,0.2765621459197822,1
83,10000,5,stress,ccmar,0.2558505160746848,full,0.25769387061187526,0.004727941096426317,0.24842727634185285,0.2669604648818977,1
83,10000,5,stress,ccmar,0.2558505160746848,cc,0.25133081717742706,0.007751972532738763,0.23613723020411534,0.2665244041507388,1
83,10000,5,stress,ccmar,0.2558505160746848,seq,0.24993172135401906,0.008079291233377844,0.2340966015159883,0.26576684119204985,1
84,10000,5,stress,ccmar,0.2558505160746848,full,0.24622302239217603,0.004760633203135085,0.2368923527704257,0.25555369201392636,0
84,10000,5,stress,ccmar,0.2558505160746848,cc,0.24022150595970138,0.00809871449247337,0.224348317233381,0.25609469468602175,1
84,10000,5,stress,ccmar,0.2558505160746848,seq,0.24125377941736825,0.007990854010757388,0.22559199335056634,0.25691556548417016,1
85,10000,5,stress,ccmar,0.2558505160746848,full,0.2611485813774062,0.00464085271332863,0.2520526772017271,0.27024448555308533,1
85,10000,5,stress,ccmar,0.2558505160746848,cc,0.2489044309492674,0.009232546373736487,0.23080897257114802,0.2669998893273868,1
85,10000,5,stress,ccmar,0.2558505160746848,seq,0.24990953484413872,0.009289346406032888,0.23170275044839767,0.2681163192398798,1
86,10000,5,stress,ccmar,0.2558505160746848,full,0.25503761788557977,0.005006640882854391,0.24522478207165935,0.2648504536995002,1
86,10000,5,stress,ccmar,0.2558505160746848,cc,0.25069451269263715,0.009112170381614266,0.2328349869236806,0.2685540384615937,1
86,10000,5,stress,ccmar,0.2558505160746848,seq,0.25165244519188174,0.008964010958946224,0.23408330655532478,0.2692215838284387,1
87,10000,5,stress,ccmar,0.2558505160746848,full,0.25586751201760344,0.004506583525097672,0.24703477061509044,0.26470025342011644,1
87,10000,5,stress,ccmar,0.2558505160746848,cc,0.25626167245134374,0.00791052133978266,0.2407573355264342,0.2717660093762533,1
87,10000,5,stress,ccmar,0.2558505160746848,seq,0.2583654761327625,0.0076095601199054315,0.24345101235955557,0.27327993990596944,1
88,10000,5,stress,ccmar,0.2558505160746848,full,0.2547892230173569,0.004740741523871081,0.24549754037055604,0.26408090566415776,1
88,10000,5,stress,ccmar,0.2558505160746848,cc,0.2621005202761957,0.008422733660681586,0.24559226564988657,0.2786087749025048,1
88,10000,5,stress,ccmar,0.2558505160746848,seq,0.2599985678231348,0.008412575287899559,0.24351022324161997,0.2764869124046496,1
89,10000,5,stress,ccmar,0.2558505160746848,full,0.24893641058293078,0.004797757962345414,0.2395329777701935,0.25833984339566807,1
89,10000,5,stress,ccmar,0.2558505160746848,cc,0.24320410405125223,0.0093725377374957,0.22483426764201814,0.2615739404604863,1
89,10000,5,stress,ccmar,0.2558505160746848,seq,0.24532654643465202,0.0087355467257681,0.22820518946687973,0.2624479034024243,1
90,10000,5,stress,ccmar,0.2558505160746848,full,0.2661605194148632,0.00476686867341754,0.2568176284959326,0.2755034103337938,0
90,10000,5,stress,ccmar,0.2558505160746848,cc,0.2506887545462056,0.008183739133247847,0.23464892058616876,0.2667285885062424,1
90,10000,5,stress,ccmar,0.2558505160746848,seq,0.2527888804205135,0.007992154732426138,0.23712454498608693,0.2684532158549401,1
91,10000,5,stress,ccmar,0.2558505160746848,full,0.256755246427397,0.004554630988752373,0.2478283337265723,0.2656821591282217,1
91,10000,5,stress,ccmar,0.2558505160746848,cc,0.26225422989392266,0.00836700179651046,0.24585520771418024,0.2786532520736651,1
91,10000,5,stress,ccmar,0.2558505160746848,seq,0.26321713274993525,0.008101615311696538,0.24733825852241179,0.27909600697745873,1
92,10000,5,stress,ccmar,0.2558505160746848,full,0.26149135929758405,0.004525431889424178,0.2526216757798236,0.2703610428153445,1
92,10000,5,stress,ccmar,0.2558505160746848,cc,0.28393257755268614,0.008378579990920941,0.26751086252889317,0.3003542925764791,0
92,10000,5,stress,ccmar,0.2558505160746848,seq,0.2818160109205337,0.00863787948923331,0.2648860782188392,0.2987459436222282,0
93,10000,5,stress,ccmar,0.2558505160746848,full,0.2605297009826114,0.00485633038453431,0.25101146833189664,0.2700479336333262,1
93,10000,5,stress,ccmar,0.2558505160746848,cc,0.25307935668662024,0.008933273126013368,0.2355704630955745,0.270588250277666,1
93,10000,5,stress,ccmar,0.2558505160746848,seq,0.2548870246430213,0.008840843821988416,0.23755928915898059,0.272214760127062,1
94,10000,5,stress,ccmar,0.2558505160746848,full,0.25202381123111206,0.004911431525477905,0.24239758232864075,0.2616500401335834,1
94,10000,5,stress,ccmar,0.2558505160746848,cc,0.2587410773094577,0.008438746743496615,0.2422014376175497,0.27528071700136575,1
94,10000,5,stress,ccmar,0.2558505160746848,seq,0.2560950382876079,0.008552693944827423,0.23933206618495234,0.2728580103902634,1
95,10000,5,stress,ccmar,0.2558505160746848,full,0.25563512638043895,0.004667686202679999,0.2464866295320516,0.26478362322882626,1
95,10000,5,stress,ccmar,0.2558505160746848,cc,0.252948331534974,0.010046979729137168,0.23325661311246115,0.2726400499574868,1
95,10000,5,stress,ccmar,0.2558505160746848,seq,0.2526258140022712,0.010246629729864285,0.2325427887688198,0.2727088392357226,1
96,10000,5,stress,ccmar,0.2558505160746848,full,0.2505589211796669,0.004916379187441434,0.24092299503793937,0.26019484732139436,1
96,10000,5,stress,ccmar,0.2558505160746848,cc,0.24963566321550762,0.008742673664291906,0.23250033770490866,0.2667709887261066,1
96,10000,5,stress,ccmar,0.2558505160746848,seq,0.24727604122426575,0.00848963010418169,0.2306366719780026,0.2639154104705289,1
97,10000,5,stress,ccmar,0.2558505160746848,full,0.2619427687482885,0.004520622162928958,0.25308251212123417,0.2708030253753428,1
97,10000,5,stress,ccmar,0.2558505160746848,cc,0.26814806918380535,0.010557512952799681,0.24745572403000285,0.2888404143376078,1
97,10000,5,stress,ccmar,0.2558505160746848,seq,0.27023934717733555,0.010343749925074223,0.2499659698591012,0.2905127244955699,1
98,10000,5,stress,ccmar,0.2558505160746848,full,0.261623631338783,0.004440186083936309,0.2529210265296119,0.27032623614795415,1
98,10000,5,stress,ccmar,0.2558505160746848,cc,0.2641640650468508,0.01793909070141576,0.22900409335667854,0.29932403673702307,1
98,10000,5,stress,ccmar,0.2558505160746848,seq,0.2598451678533149,0.017689121683148526,0.22517512643619725,0.29451520927043257,1
99,10000,5,stress,ccmar,0.2558505160746848,full,0.26127648403041337,0.0048195506670106955,0.2518303383014064,0.27072262975942035,1
99,10000,5,stress,ccmar,0.2558505160746848,cc,0.25892032227434486,0.008378425262602459,0.2424989105124835,0.2753417340362062,1
99,10000,5,stress,ccmar,0.2558505160746848,seq,0.26136955251621136,0.008277038771380738,0.24514685462566346,0.2775922504067593,1
100,10000,5,stress,ccmar,0.2558505160746848,full,0.25728954380835484,0.005116339520626903,0.2472617026152472,0.2673173850014625,1
100,10000,5,stress,ccmar,0.2558505160746848,cc,0.25558450649079495,0.009503359452118781,0.23695826423250382,0.2742107487490861,1
100,10000,5,stress,ccmar,0.2558505160746848,seq,0.25551275166918175,0.009367855343375742,0.2371520925837842,0.2738734107545793,1
101,10000,5,stress,ccmar,0.2558505160746848,full,0.258049688791305,0.005134484491342805,0.24798628410909365,0.26811309347351636,1
101,10000,5,stress,ccmar,0.2558505160746848,cc,0.25779048185336323,0.011563083324947519,0.23512725498623044,0.280453708720496,1
101,10000,5,stress,ccmar,0.2558505160746848,seq,0.25901711191553795,0.011214431838886194,0.2370372294042417,0.2809969944268342,1
102,10000,5,stress,ccmar,0.2558505160746848,full,0.25811119071318456,0.004539614900181746,0.24921370900514694,0.26700867242122217,1
102,10000,5,stress,ccmar,0.2558505160746848,cc,0.24652989829894514,0.00859206966789416,0.22968975119721358,0.2633700454006767,1
102,10000,5,stress,ccmar,0.2558505160746848,seq,0.24539211879894396,0.008404837095349496,0.2289189407961327,0.2618652968017552,1
103,10000,5,stress,ccmar,0.2558505160746848,full,0.25366135668712414,0.004522788314145004,0.2447968544817013,0.262525858892547,1
103,10000,5,stress,ccmar,0.2558505160746848,cc,0.2522974297155923,0.009454679748194894,0.2337665979237701,0.27082826150741457,1
103,10000,5,stress,ccmar,0.2558505160746848,seq,0.25393926270513056,0.009295567274189507,0.23572028563184996,0.27215823977841114,1
104,10000,5,stress,ccmar,0.2558505160746848,full,0.250914061438093,0.004517410120911545,0.2420601002977096,0.2597680225784763,1
104,10000,5,stress,ccmar,0.2558505160746848,cc,0.23475700094498378,0.008807061514683216,0.2174954775665759,0.25201852432339167,0
104,10000,5,stress,ccmar,0.2558505160746848,seq,0.23179193130961406,0.008826488291600753,0.2144923321481121,0.249091530471116,0
105,10000,5,stress,ccmar,0.2558505160746848,full,0.25001616487686945,0.0047367068188671506,0.24073239010656455,0.25929993964717435,1
105,10000,5,stress,ccmar,0.2558505160746848,cc,0.2535971023680111,0.011871556447501614,0.23032927929047364,0.2768649254455485,1
105,10000,5,stress,ccmar,0.2558505160746848,seq,0.2528673080839105,0.011716761304087542,0.22990287791244637,0.27583173825537466,1
106,10000,5,stress,ccmar,0.2558505160746848,full,0.25887430176681003,0.004614566726126343,0.2498299171793455,0.26791868635427457,1
106,10000,5,stress,ccmar,0.2558505160746848,cc,0.26576105905287706,0.008345653764914284,0.24940387824620394,0.28211823985955015,1
106,10000,5,stress,ccmar,0.2558505160746848,seq,0.2668092190205995,0.008317519518096539,0.2505071803244213,0.2831112577167777,1
107,10000,5,stress,ccmar,0.2558505160746848,full,0.26319429101255315,0.004548229993782388,0.2542799240313348,0.2721086579937715,1
107,10000,5,stress,ccmar,0.2558505160746848,cc,0.26252240435952556,0.007370349858527569,0.24807678408335165,0.2769680246356995,1
107,10000,5,stress,ccmar,0.2558505160746848,seq,0.263594195845272,0.007340717438950762,0.2492066540442434,0.2779817376463006,1
108,10000,5,stress,ccmar,0.2558505160746848,full,0.26541683841648983,0.004759680511381392,0.2560880360362651,0.27474564079671454,0
108,10000,5,stress,ccmar,0.2558505160746848,cc,0.29564125290198573,0.008679521463832262,0.2786297034298321,0.31265280237413934,0
108,10000,5,stress,ccmar,0.2558505160746848,seq,0.2935724777810817,0.008543366439383549,0.27682778725316176,0.31031716830900163,0
109,10000,5,stress,ccmar,0.2558505160746848,full,0.26136073995376946,0.00448880358727274,0.2525628465890407,0.2701586333184982,1
109,10000,5,stress,ccmar,0.2558505160746848,cc,0.2662610454493425,0.010513592386111882,0.24565478302442867,0.2868673078742563,1
109,10000,5,stress,ccmar,0.2558505160746848,seq,0.26991718289155836,0.010530673629586063,0.249277441844624,0.29055692393849275,1
110,10000,5,stress,ccmar,0.2558505160746848,full,0.256564038029817,0.004769577608239334,0.2472158376961992,0.26591223836343475,1
110,10000,5,stress,ccmar,0.2558505160746848,cc,0.26731618379944266,0.011080415610278775,0.24559896826956085,0.2890333993293245,1
110,10000,5,stress,ccmar,0.2558505160746848,seq,0.26642762170659123,0.01154732204517488,0.24379528638016307,0.2890599570330194,1
111,10000,5,stress,ccmar,0.2558505160746848,full,0.2492818843112518,0.00454554651143278,0.24037277685879188,0.25819099176371174,1
111,10000,5,stress,ccmar,0.2558505160746848,cc,0.2570381068554286,0.007831546507663923,0.24168855775715686,0.27238765595370035,1
111,10000,5,stress,ccmar,0.2558505160746848,seq,0.25696317508559935,0.007668783311253828,0.24193263599030002,0.2719937141808987,1
112,10000,5,stress,ccmar,0.2558505160746848,full,0.26077760470735684,0.004870197215728197,0.25123219356692233,0.27032301584779134,1
112,10000,5,stress,ccmar,0.2558505160746848,cc,0.27463109980999406,0.013644761426228951,0.24788785883694392,0.3013743407830442,1
112,10000,5,stress,ccmar,0.2558505160746848,seq,0.2733810739632886,0.013263086165917466,0.24738590275423894,0.29937624517233824,1
113,10000,5,stress,ccmar,0.2558505160746848,full,0.2533105645599234,0.0046768705975976065,0.24414406662827778,0.26247706249156905,1
113,10000,5,stress,ccmar,0.2558505160746848,cc,0.24927425681409915,0.007685403939352146,0.2342111418863267,0.2643373717418716,1
113,10000,5,stress,ccmar,0.2558505160746848,seq,0.253428533675742,0.007520059531338604,0.23868948783272115,0.2681675795187628,1
114,10000,5,stress,ccmar,0.2558505160746848,full,0.2617415983824409,0.004530952724233205,0.25286109422729014,0.2706221025375916,1
114,10000,5,stress,ccmar,0.2558505160746848,cc,0.268347723152696,0.0083253551007394,0.25203032699673994,0.28466511930865207,1
114,10000,5,stress,ccmar,0.2558505160746848,seq,0.27225587535162843,0.008253227534113484,0.25607984662855166,0.2884319040747052,0
115,10000,5,stress,ccmar,0.2558505160746848,full,0.2569212040275804,0.004876406377875453,0.2473636231529631,0.2664787849021977,1
115,10000,5,stress,ccmar,0.2558505160746848,cc,0.2596956600882297,0.008145806462002567,0.24373017279767104,0.2756611473787884,1
115,10000,5,stress,ccmar,0.2558505160746848,seq,0.25998990009963835,0.008121985134750681,0.2440711017525573,0.2759086984467194,1
116,10000,5,stress,ccmar,0.2558505160746848,full,0.25026268109671407,0.004557833693499882,0.24132949120993114,0.259195870983497,1
116,10000,5,stress,ccmar,0.2558505160746848,cc,0.24552651794795088,0.008175350551154533,0.2295031253066983,0.26154991058920346,1
116,10000,5,stress,ccmar,0.2558505160746848,seq,0.24603313175718014,0.007831399800740579,0.23068387019919445,0.26138239331516583,1
117,10000,5,stress,ccmar,0.2558505160746848,full,0.26135313945804867,0.004572415231007987,0.25239137028291064,0.2703149086331867,1
117,10000,5,stress,ccmar,0.2558505160746848,cc,0.26825614733980774,0.009294763343668194,0.25003874594139497,0.2864735487382205,1
117,10000,5,stress,ccmar,0.2558505160746848,seq,0.26832472367679266,0.00921435820994826,0.25026491344464313,0.2863845339089422,1
118,10000,5,stress,ccmar,0.2558505160746848,full,0.2648237690779458,0.004853010047320656,0.25531204416858627,0.27433549398730533,1
118,10000,5,stress,ccmar,0.2558505160746848,cc,0.2724514465732829,0.011400188694381115,0.2501074873153352,0.2947954058312306,1
118,10000,5,stress,ccmar,0.2558505160746848,seq,0.27324994523426277,0.010913405486306607,0.25186006353241996,0.2946398269361056,1
119,10000,5,stress,ccmar,0.2558505160746848,full,0.2538622474744351,0.0045206319641219435,0.2450019716373955,0.26272252331147466,1
119,10000,5,stress,ccmar,0.2558505160746848,cc,0.2410552473869065,0.010512014818450105,0.22045207693779295,0.26165841783602006,1
119,10000,5,stress,ccmar,0.2558505160746848,seq,0.24016785481970845,0.010451318151925853,0.21968364765096407,0.26065206198845287,1
120,10000,5,stress,ccmar,0.2558505160746848,full,0.2565925362908734,0.004274332341725214,0.24821499884313725,0.2649700737386096,1
120,10000,5,stress,ccmar,0.2558505160746848,cc,0.26926069592792273,0.007820956622026205,0.2539319026241013,0.28458948923174415,1
120,10000,5,stress,ccmar,0.2558505160746848,seq,0.2660516468552939,0.008010282402515109,0.2503517818403693,0.2817515118702185,1
121,10000,5,stress,ccmar,0.2558505160746848,full,0.2575868471595146,0.0045297037349243926,0.2487087909784262,0.26646490334060297,1
121,10000,5,stress,ccmar,0.2558505160746848,cc,0.2519310232914089,0.008712139975517806,0.2348555427111223,0.26900650387169545,1
121,10000,5,stress,ccmar,0.2558505160746848,seq,0.2511256595849582,0.00837317508422615,0.2347145379836268,0.2675367811862896,1
122,10000,5,stress,ccmar,0.2558505160746848,full,0.2528377024211563,0.004782511954625805,0.24346415123445744,0.26221125360785513,1
122,10000,5,stress,ccmar,0.2558505160746848,cc,0.24849528595961956,0.008502792928384286,0.2318301180519845,0.2651604538672546,1
122,10000,5,stress,ccmar,0.2558505160746848,seq,0.2515597046194095,0.008411494044569806,0.23507347923587954,0.26804593000293947,1
123,10000,5,stress,ccmar,0.2558505160746848,full,0.25595704288002064,0.004608770751872908,0.24692401819334814,0.26499006756669313,1
123,10000,5,stress,ccmar,0.2558505160746848,cc,0.25553152692814984,0.007397764486139946,0.2410321749692061,0.2700308788870936,1
123,10000,5,stress,ccmar,0.2558505160746848,seq,0.25646347497201843,0.007263129073739055,0.24222800357242413,0.27069894637161274,1
124,10000,5,stress,ccmar,0.2558505160746848,full,0.24834536803264187,0.004459748844565432,0.2396044209171995,0.2570863151480842,1
124,10000,5,stress,ccmar,0.2558505160746848,cc,0.24696192250065951,0.007720256990533964,0.23183049684781937,0.26209334815349966,1
124,10000,5,stress,ccmar,0.2558505160746848,seq,0.24821602072789611,0.007747320651412129,0.23303155127444494,0.26340049018134726,1
125,10000,5,stress,ccmar,0.2558505160746848,full,0.25242156843896085,0.004661452506576822,0.24328528941042632,0.2615578474674954,1
125,10000,5,stress,ccmar,0.2558505160746848,cc,0.23993210614126556,0.007767062015787088,0.22470894432463379,0.25515526795789734,0
125,10000,5,stress,ccmar,0.2558505160746848,seq,0.23703584424680885,0.007571145055241437,0.22219667261680712,0.2518750158768106,0
126,10000,5,stress,ccmar,0.2558505160746848,full,0.24658421781188153,0.004588893958761239,0.23759015092383606,0.255578284699927,0
126,10000,5,stress,ccmar,0.2558505160746848,cc,0.2497044211309434,0.011582172146220357,0.22700378086160852,0.2724050614002783,1
126,10000,5,stress,ccmar,0.2558505160746848,seq,0.25143677098902856,0.012110826881192535,0.22769998647889164,0.2751735554991655,1
127,10000,5,stress,ccmar,0.2558505160746848,full,0.25426396098320375,0.0049824027169753735,0.2444986311014575,0.26402929086495,1
127,10000,5,stress,ccmar,0.2558505160746848,cc,0.27086815984402773,0.012529613077429174,0.2463105694720445,0.295425750216011,1
127,10000,5,stress,ccmar,0.2558505160746848,seq,0.27283377484564864,0.012118272641134131,0.24908239691418865,0.2965851527771086,1
128,10000,5,stress,ccmar,0.2558505160746848,full,0.247933540645917,0.004957089668516547,0.23821782342748896,0.257649257864345,1
128,10000,5,stress,ccmar,0.2558505160746848,cc,0.2547630748515315,0.010784767724575357,0.2336253185297338,0.2759008311733292,1
128,10000,5,stress,ccmar,0.2558505160746848,seq,0.2518715403131876,0.011620227150246885,0.22909631360652918,0.27464676701984597,1
129,10000,5,stress,ccmar,0.2558505160746848,full,0.25588520732998593,0.004971836158298432,0.24614058752268703,0.26562982713728484,1
129,10000,5,stress,ccmar,0.2558505160746848,cc,0.2468368885062012,0.009157539796230995,0.22888844031859618,0.2647853366938062,1
129,10000,5,stress,ccmar,0.2558505160746848,seq,0.24959290096445066,0.009154194498019163,0.2316510094408584,0.26753479248804296,1
130,10000,5,stress,ccmar,0.2558505160746848,full,0.2447605033004881,0.0045869101196289895,0.23577032466569298,0.2537506819352832,0
130,10000,5,stress,ccmar,0.2558505160746848,cc,0.23365946946079308,0.0076890029802370394,0.21858930054250733,0.24872963837907883,0
130,10000,5,stress,ccmar,0.2558505160746848,seq,0.23275803519471683,0.007355497714662458,0.21834152458561173,0.24717454580382192,0
131,10000,5,stress,ccmar,0.2558505160746848,full,0.2611272625111055,0.00470129385702368,0.25191289587059973,0.2703416291516113,1
131,10000,5,stress,ccmar,0.2558505160746848,cc,0.2698360246451979,0.010174508005053602,0.24989435539487836,0.28977769389551744,1
131,10000,5,stress,ccmar,0.2558505160746848,seq,0.26394343692896993,0.009803244314971092,0.24472943113997955,0.2831574427179603,1
132,10000,5,stress,ccmar,0.2558505160746848,full,0.25598930469896297,0.004899552004635037,0.24638635922949728,0.2655922501684287,1
132,10000,5,stress,ccmar,0.2558505160746848,cc,0.25442832182534186,0.008544661018978364,0.23768109396804094,0.2711755496826428,1
132,10000,5,stress,ccmar,0.2558505160746848,seq,0.24937403220010346,0.008782927224630395,0.23215981116099155,0.26658825323921537,1
133,10000,5,stress,ccmar,0.2558505160746848,full,0.25276062609338423,0.00469199966053034,0.24356447574327061,0.26195677644349785,1
133,10000,5,stress,ccmar,0.2558505160746848,cc,0.2598198703621593,0.00900997403057863,0.242160645760584,0.27747909496373463,1
133,10000,5,stress,ccmar,0.2558505160746848,seq,0.2576886364523255,0.009285685315872061,0.2394890276614438,0.27588824524320715,1
134,10000,5,stress,ccmar,0.2558505160746848,full,0.2536085356082339,0.004480117122751344,0.24482766740112002,0.2623894038153477,1
134,10000,5,stress,ccmar,0.2558505160746848,cc,0.2508788049230978,0.0069876983023298865,0.23718316791569952,0.264574441930496,1
134,10000,5,stress,ccmar,0.2558505160746848,seq,0.25317414415295214,0.006820891579793999,0.2398054423141034,0.2665428459918009,1
135,10000,5,stress,ccmar,0.2558505160746848,full,0.26409770102999347,0.004751763109669103,0.25478441647197597,0.27341098558801097,1
135,10000,5,stress,ccmar,0.2558505160746848,cc,0.28029541966067034,0.009228465258425113,0.262207960121578,0.2983828791997627,0
135,10000,5,stress,ccmar,0.2558505160746848,seq,0.2802810097641048,0.009487750354404242,0.26168536077516535,0.29887665875304426,0
136,10000,5,stress,ccmar,0.2558505160746848,full,0.25706079917176766,0.004868502522431732,0.24751870956915906,0.26660288877437627,1
136,10000,5,stress,ccmar,0.2558505160746848,cc,0.2505528929135232,0.010360469645801,0.23024674554483276,0.2708590402822136,1
136,10000,5,stress,ccmar,0.2558505160746848,seq,0.24683543853763307,0.00979792284731763,0.22763186263358837,0.26603901444167777,1
137,10000,5,stress,ccmar,0.2558505160746848,full,0.26258379720796693,0.004553635286234206,0.25365883604821715,0.2715087583677167,1
137,10000,5,stress,ccmar,0.2558505160746848,cc,0.2783925250619156,0.007805379355926272,0.2630942626386277,0.2936907874852035,0
137,10000,5,stress,ccmar,0.2558505160746848,seq,0.2830029076018348,0.0077464904997413715,0.26782006521576,0.29818574998790953,0
138,10000,5,stress,ccmar,0.2558505160746848,full,0.2570238818609539,0.0046353367283956505,0.24793878881708267,0.26610897490482505,1
138,10000,5,stress,ccmar,0.2558505160746848,cc,0.26371435736425713,0.008312206556856088,0.24742273188076153,0.28000598284775274,1
138,10000,5,stress,ccmar,0.2558505160746848,seq,0.26428990554419834,0.009820290584415334,0.2450424896810265,0.2835373214073702,1
139,10000,5,stress,ccmar,0.2558505160746848,full,0.2653188700889738,0.004968182183556209,0.2555814119405701,0.2750563282373775,1
139,10000,5,stress,ccmar,0.2558505160746848,cc,0.2511638700110065,0.007619995878774928,0.236228952526264,0.266098787495749,1
139,10000,5,stress,ccmar,0.2558505160746848,seq,0.2523944808919968,0.0075290569351545685,0.23763780046154231,0.26715116132245126,1
140,10000,5,stress,ccmar,0.2558505160746848,full,0.2452124055573481,0.004503309021816278,0.2363860820633339,0.2540387290513623,0
140,10000,5,stress,ccmar,0.2558505160746848,cc,0.240325704657367,0.008140473762793178,0.2243706692651991,0.2562807400495349,1
140,10000,5,stress,ccmar,0.2558505160746848,seq,0.2394341893856561,0.00798027831347899,0.22379313130463124,0.255075247466681,0
141,10000,5,stress,ccmar,0.2558505160746848,full,0.25697681348973017,0.00475690423156766,0.24765345251795137,0.26630017446150894,1
141,10000,5,stress,ccmar,0.2558505160746848,cc,0.25058042937185226,0.009431222842560953,0.2320955722702613,0.2690652864734432,1
141,10000,5,stress,ccmar,0.2558505160746848,seq,0.25140397238971746,0.00922530027101912,0.23332271611195238,0.26948522866748253,1
142,10000,5,stress,ccmar,0.2558505160746848,full,0.2462619092493469,0.004501557317608094,0.23743901903249232,0.2550847994662015,0
142,10000,5,stress,ccmar,0.2558505160746848,cc,0.2367339328725685,0.008020842636906977,0.22101337017856754,0.25245449556656946,0
142,10000,5,stress,ccmar,0.2558505160746848,seq,0.23827225910820024,0.007859124787019271,0.22286865757563645,0.25367586064076403,0
143,10000,5,stress,ccmar,0.2558505160746848,full,0.25395214468409494,0.0048035518571792925,0.24453735604615304,0.26336693332203687,1
143,10000,5,stress,ccmar,0.2558505160746848,cc,0.25717889340934924,0.007661518769234119,0.24216259255477274,0.27219519426392574,1
143,10000,5,stress,ccmar,0.2558505160746848,seq,0.2542869633372541,0.007844032908247917,0.23891294134354119,0.269660985330967,1
144,10000,5,stress,ccmar,0.2558505160746848,full,0.257109778256513,0.004467611269699415,0.24835342107097688,0.2658661354420491,1
144,10000,5,stress,ccmar,0.2558505160746848,cc,0.26782389275276586,0.008423253239175345,0.25131461977132186,0.28433316573420986,1
144,10000,5,stress,ccmar,0.2558505160746848,seq,0.26712150147691044,0.00838120497804868,0.25069464157288723,0.28354836138093364,1
145,10000,5,stress,ccmar,0.2558505160746848,full,0.2571672157738761,0.004632632116750509,0.24808742367142153,0.26624700787633065,1
145,10000,5,stress,ccmar,0.2558505160746848,cc,0.2531703328236521,0.012327172658089205,0.22900951838259037,0.2773311472647138,1
145,10000,5,stress,ccmar,0.2558505160746848,seq,0.25440959736589613,0.012452290178808213,0.23000355709039022,0.27881563764140205,1
146,10000,5,stress,ccmar,0.2558505160746848,full,0.25970451076671425,0.004533693043379069,0.2508186356847315,0.268590385848697,1
146,10000,5,stress,ccmar,0.2558505160746848,cc,0.2597464197926797,0.008742456038871827,0.24261152082006623,0.2768813187652932,1
146,10000,5,stress,ccmar,0.2558505160746848,seq,0.2610934335043055,0.008695289841359888,0.24405097858010316,0.2781358884285079,1
147,10000,5,stress,ccmar,0.2558505160746848,full,0.2578702172133515,0.0046568097842790215,0.24874303775331089,0.2669973966733921,1
147,10000,5,stress,ccmar,0.2558505160746848,cc,0.25242336536213633,0.00734293885646936,0.23803146966277666,0.266815261061496,1
147,10000,5,stress,ccmar,0.2558505160746848,seq,0.25586653495432254,0.007161895816887293,0.24182947709219538,0.2699035928164497,1
148,10000,5,stress,ccmar,0.2558505160746848,full,0.2571882391680922,0.0047495652459918405,0.24787926234372507,0.26649721599245935,1
148,10000,5,stress,ccmar,0.2558505160746848,cc,0.2613167409173843,0.009167497653921225,0.24334877568734328,0.27928470614742534,1
148,10000,5,stress,ccmar,0.2558505160746848,seq,0.2598991791903548,0.008936251107963342,0.24238444886194052,0.27741390951876915,1
149,10000,5,stress,ccmar,0.2558505160746848,full,0.2521746275862023,0.004831884473149609,0.24270430804137078,0.2616449471310338,1
149,10000,5,stress,ccmar,0.2558505160746848,cc,0.26030501811576673,0.010700061382450405,0.23933328317379607,0.28127675305773736,1
149,10000,5,stress,ccmar,0.2558505160746848,seq,0.25867232974596854,0.010571429541914791,0.23795270857871278,0.2793919509132243,1
150,10000,5,stress,ccmar,0.2558505160746848,full,0.2521199193248731,0.004941957978753943,0.242433859673405,0.26180597897634117,1
150,10000,5,stress,ccmar,0.2558505160746848,cc,0.23837747565974618,0.007904492828902139,0.22288495439904285,0.2538699969204495,0
150,10000,5,stress,ccmar,0.2558505160746848,seq,0.23576435455572345,0.007654143266233812,0.22076250942139541,0.2507661996900515,0
151,10000,5,stress,ccmar,0.2558505160746848,full,0.25080449216455,0.00456440082962483,0.24185843092748055,0.2597505534016194,1
151,10000,5,stress,ccmar,0.2558505160746848,cc,0.2591207739671864,0.00904515471944403,0.24139259648248362,0.2768489514518892,1
151,10000,5,stress,ccmar,0.2558505160746848,seq,0.26009795958761717,0.008822925386408003,0.24280534359197334,0.27739057558326097,1
152,10000,5,stress,ccmar,0.2558505160746848,full,0.2566692137139923,0.0047454035590389744,0.24736839364616772,0.2659700337818169,1
152,10000,5,stress,ccmar,0.2558505160746848,cc,0.2583586460910265,0.008457757357308644,0.24178174628072288,0.27493554590133007,1
152,10000,5,stress,ccmar,0.2558505160746848,seq,0.25641326012396665,0.008176825514335179,0.24038697660800148,0.2724395436399318,1
153,10000,5,stress,ccmar,0.2558505160746848,full,0.2531892430647547,0.00489419072154891,0.24359680551704874,0.26278168061246066,1
153,10000,5,stress,ccmar,0.2558505160746848,cc,0.2483183467470737,0.009310859887948927,0.23006939670159515,0.26656729679255226,1
153,10000,5,stress,ccmar,0.2558505160746848,seq,0.24546835070323378,0.008768831861693317,0.22828175606782758,0.26265494533864,1
154,10000,5,stress,ccmar,0.2558505160746848,full,0.2608356946429789,0.005034792367122605,0.2509676829337814,0.2707037063521764,1
154,10000,5,stress,ccmar,0.2558505160746848,cc,0.2571690720184134,0.008647121983075597,0.24022102436166065,0.2741171196751661,1
154,10000,5,stress,ccmar,0.2558505160746848,seq,0.25695183795495513,0.008628751197535799,0.2400397963762281,0.2738638795336822,1
155,10000,5,stress,ccmar,0.2558505160746848,full,0.24773768153848363,0.00461156700434096,0.2386991762976821,0.2567761867792852,1
155,10000,5,stress,ccmar,0.2558505160746848,cc,0.2530369359792838,0.015894233906457274,0.22188480996077214,0.2841890619977954,1
155,10000,5,stress,ccmar,0.2558505160746848,seq,0.254397005981745,0.015672016768554967,0.22368041755026943,0.2851135944132205,1
156,10000,5,stress,ccmar,0.2558505160746848,full,0.2446403499667336,0.004876757403896196,0.235082081093758,0.2541986188397092,0
156,10000,5,stress,ccmar,0.2558505160746848,cc,0.25027796000838654,0.007559521923254799,0.23546156929846618,0.2650943507183069,1
156,10000,5,stress,ccmar,0.2558505160746848,seq,0.25240853552152276,0.007493784509741562,0.23772098777452516,0.26709608326852036,1
157,10000,5,stress,ccmar,0.2558505160746848,full,0.25204575253456013,0.004696616130134218,0.24284055407028718,0.2612509509988331,1
157,10000,5,stress,ccmar,0.2558505160746848,cc,0.2515890186931373,0.009020332277313033,0.23390949230101962,0.26926854508525505,1
157,10000,5,stress,ccmar,0.2558505160746848,seq,0.2519843750378926,0.008889396746015082,0.23456147757141552,0.26940727250436974,1
158,10000,5,stress,ccmar,0.2558505160746848,full,0.262275999113585,0.004729318660593198,0.2530067048674091,0.2715452933597609,1
158,10000,5,stress,ccmar,0.2558505160746848,cc,0.2967064306835304,0.015798912291360614,0.2657411315975564,0.3276717297695044,0
158,10000,5,stress,ccmar,0.2558505160746848,seq,0.29587148362367927,0.016538522423103316,0.26345657531688865,0.3282863919304699,0
159,10000,5,stress,ccmar,0.2558505160746848,full,0.24083944166060722,0.004878834125129749,0.23127710248880792,0.2504017808324065,0
159,10000,5,stress,ccmar,0.2558505160746848,cc,0.24123781629701002,0.012319822710816402,0.21709140748789124,0.2653842251061288,1
159,10000,5,stress,ccmar,0.2558505160746848,seq,0.2423151599814647,0.01216501173703668,0.21847217510536576,0.2661581448575636,1
160,10000,5,stress,ccmar,0.2558505160746848,full,0.2594852206032053,0.0045800314112837935,0.2505085239890269,0.26846191721738366,1
160,10000,5,stress,ccmar,0.2558505160746848,cc,0.25610636614718796,0.006728147824413406,0.24291943872867616,0.26929329356569975,1
160,10000,5,stress,ccmar,0.2558505160746848,seq,0.2571292385175324,0.006569836608843282,0.2442525953798868,0.27000588165517797,1
161,10000,5,stress,ccmar,0.2558505160746848,full,0.24868850117613325,0.004782205498285148,0.23931555063282495,0.25806145171944156,1
161,10000,5,stress,ccmar,0.2558505160746848,cc,0.23857040417607814,0.021091976365229255,0.19723089013745876,0.2799099182146975,1
161,10000,5,stress,ccmar,0.2558505160746848,seq,0.23929721326339473,0.020784875160997692,0.1985596065246781,0.2800348200021114,1
162,10000,5,stress,ccmar,0.2558505160746848,full,0.2576093644659888,0.004667211236031597,0.2484617985351262,0.2667569303968514,1
162,10000,5,stress,ccmar,0.2558505160746848,cc,0.251064311499996,0.008163887170101884,0.23506338667274765,0.26706523632724427,1
162,10000,5,stress,ccmar,0.2558505160746848,seq,0.254223060488279,0.00813434119135199,0.23828004471526842,0.2701660762612895,1
163,10000,5,stress,ccmar,0.2558505160746848,full,0.2583883437436936,0.004533983227002348,0.24950189991226032,0.2672747875751269,1
163,10000,5,stress,ccmar,0.2558505160746848,cc,0.26636365911536736,0.012161804364352786,0.24252696057421386,0.29020035765652086,1
163,10000,5,stress,ccmar,0.2558505160746848,seq,0.26621915251797074,0.011287319314255417,0.24409641318002678,0.2883418918559147,1
164,10000,5,stress,ccmar,0.2558505160746848,full,0.24155683577014025,0.004754651647020987,0.23223788978294507,0.25087578175733544,0
164,10000,5,stress,ccmar,0.2558505160746848,cc,0.23434501708466376,0.008542353878555353,0.21760231113949924,0.2510877230298283,0
164,10000,5,stress,ccmar,0.2558505160746848,seq,0.23097959011592906,0.0086290654143673,0.21406693268352894,0.24789224754832917,0
165,10000,5,stress,ccmar,0.2558505160746848,full,0.2654133990132872,0.004755925880901639,0.25609195557357806,0.27473484245299634,0
165,10000,5,stress,ccmar,0.2558505160746848,cc,0.2598600275755288,0.00954122470173828,0.24115957079171785,0.2785604843593397,1
165,10000,5,stress,ccmar,0.2558505160746848,seq,0.25335796026585194,0.009548291037328717,0.23464365371878107,0.27207226681292285,1
166,10000,5,stress,ccmar,0.2558505160746848,full,0.2576114903701194,0.0045303673515431795,0.24873213352435863,0.2664908472158801,1
166,10000,5,stress,ccmar,0.2558505160746848,cc,0.24956236079006067,0.007344171276291319,0.2351680495922361,0.2639566719878852,1
166,10000,5,stress,ccmar,0.2558505160746848,seq,0.2529777663592992,0.007118730910233907,0.2390253101596087,0.2669302225589897,1
167,10000,5,stress,ccmar,0.2558505160746848,full,0.2616141780860451,0.004723108958880718,0.2523570546315804,0.27087130154050976,1
167,10000,5,stress,ccmar,0.2558505160746848,cc,0.2685160047623006,0.007615253677396236,0.25359038182146776,0.2834416277031334,1
167,10000,5,stress,ccmar,0.2558505160746848,seq,0.26548163776961486,0.007808145741989172,0.2501779533292763,0.28078532220995345,1
168,10000,5,stress,ccmar,0.2558505160746848,full,0.24980748778253228,0.004680764350408731,0.24063335823561216,0.2589816173294524,1
168,10000,5,stress,ccmar,0.2558505160746848,cc,0.25604136163689634,0.007836227280405473,0.24068263839263135,0.2714000848811613,1
168,10000,5,stress,ccmar,0.2558505160746848,seq,0.2591721572042451,0.007674261680454406,0.24413088070261862,0.27421343370587153,1
169,10000,5,stress,ccmar,0.2558505160746848,full,0.2576184740880338,0.005105301202343097,0.24761226760121227,0.2676246805748553,1
169,10000,5,stress,ccmar,0.2558505160746848,cc,0.2582335385765561,0.010732075306254585,0.23719905749692546,0.27926801965618675,1
169,10000,5,stress,ccmar,0.2558505160746848,seq,0.257779169773045,0.01065176887517129,0.23690208640606453,0.27865625314002546,1
170,10000,5,stress,ccmar,0.2558505160746848,full,0.2554814808436259,0.004700663949536131,0.24626834879910925,0.2646946128881425,1
170,10000,5,stress,ccmar,0.2558505160746848,cc,0.2574505893881314,0.010208522530078402,0.23744225289381204,0.2774589258824508,1
170,10000,5,stress,ccmar,0.2558505160746848,seq,0.25734633010376606,0.011196992096941409,0.2354006288585813,0.27929203134895086,1
171,10000,5,stress,ccmar,0.2558505160746848,full,0.2534990851160278,0.004720691365102841,0.24424670005829702,0.2627514701737586,1
171,10000,5,stress,ccmar,0.2558505160746848,cc,0.2584866447415501,0.008593944465606228,0.24164282310382457,0.2753304663792756,1
171,10000,5,stress,ccmar,0.2558505160746848,seq,0.25837817306349126,0.00845435331657806,0.2418079450504215,0.274948401076561,1
172,10000,5,stress,ccmar,0.2558505160746848,full,0.26332283375132365,0.004844106230021909,0.2538285600031946,0.2728171074994527,1
172,10000,5,stress,ccmar,0.2558505160746848,cc,0.2666186248123813,0.01097185980072894,0.24511417475952976,0.2881230748652328,1
172,10000,5,stress,ccmar,0.2558505160746848,seq,0.26449478343954563,0.011750723571645775,0.24146378844683405,0.28752577843225724,1
173,10000,5,stress,ccmar,0.2558505160746848,full,0.26168625822007907,0.004782455206722894,0.2523128182572261,0.271059698182932,1
173,10000,5,stress,ccmar,0.2558505160746848,cc,0.2613889398495203,0.008522323959512655,0.24468549182429267,0.2780923878747479,1
173,10000,5,stress,ccmar,0.2558505160746848,seq,0.26392183863488844,0.008413471166074292,0.2474317381644166,0.2804119391053603,1
174,10000,5,stress,ccmar,0.2558505160746848,full,0.25720399070799016,0.004713010776642602,0.2479666593270215,0.2664413220889588,1
174,10000,5,stress,ccmar,0.2558505160746848,cc,0.24922076145487698,0.01058087275823178,0.2284826319237417,0.2699588909860122,1
174,10000,5,stress,ccmar,0.2558505160746848,seq,0.24852694894550623,0.010383782916476014,0.22817510840593094,0.2688787894850815,1
175,10000,5,stress,ccmar,0.2558505160746848,full,0.2620604008123238,0.004730877113331867,0.2527880520549085,0.2713327495697391,1
175,10000,5,stress,ccmar,0.2558505160746848,cc,0.2653925535308732,0.0075843624656256456,0.25052747625254956,0.28025763080919686,1
175,10000,5,stress,ccmar,0.2558505160746848,seq,0.2657844392007072,0.007507317528489441,0.25107036722436166,0.28049851117705277,1
176,10000,5,stress,ccmar,0.2558505160746848,full,0.26441890852423655,0.0045774670355346716,0.25544723799416924,0.27339057905430386,1
176,10000,5,stress,ccmar,0.2558505160746848,cc,0.2677568034640988,0.007161799145768433,0.25371993507388296,0.28179367185431464,1
176,10000,5,stress,ccmar,0.2558505160746848,seq,0.2589671572942043,0.006955064237598203,0.24533548187834928,0.2725988327100593,1
177,10000,5,stress,ccmar,0.2558505160746848,full,0.2525386425689881,0.004506412509139996,0.24370623635159294,0.2613710487863833,1
177,10000,5,stress,ccmar,0.2558505160746848,cc,0.2543309251352427,0.0068096941927093015,0.2409841697718009,0.26767768049868446,1
177,10000,5,stress,ccmar,0.2558505160746848,seq,0.2523508496138739,0.006657629842052065,0.23930213490105276,0.26539956432669504,1
178,10000,5,stress,ccmar,0.2558505160746848,full,0.25719053870565556,0.004732088305820299,0.2479158160545846,0.2664652613567265,1
178,10000,5,stress,ccmar,0.2558505160746848,cc,0.25438201121610754,0.007911439977825238,0.23887587379371972,0.26988814863849536,1
178,10000,5,stress,ccmar,0.2558505160746848,seq,0.2535493280800485,0.007678069301393543,0.23850058877851452,0.26859806738158243,1
179,10000,5,stress,ccmar,0.2558505160746848,full,0.26514801403516486,0.004539539473410618,0.25625068016088215,0.27404534790944757,0
179,10000,5,stress,ccmar,0.2558505160746848,cc,0.2685151237342276,0.007031126299097132,0.2547343694172448,0.28229587805121037,1
179,10000,5,stress,ccmar,0.2558505160746848,seq,0.2688056842831457,0.00686142474428533,0.25535753890171453,0.2822538296645769,1
180,10000,5,stress,ccmar,0.2558505160746848,full,0.25413065672269625,0.004871733865000804,0.24458223380503055,0.26367907964036197,1
180,10000,5,stress,ccmar,0.2558505160746848,cc,0.25626323064262424,0.007628149233454837,0.24131233287635595,0.27121412840889253,1
180,10000,5,stress,ccmar,0.2558505160746848,seq,0.256693089374783,0.007553248966927269,0.2418889934333412,0.27149718531622485,1
181,10000,5,stress,ccmar,0.2558505160746848,full,0.25021313920946797,0.004853720050591209,0.24070002271926927,0.2597262556996667,1
181,10000,5,stress,ccmar,0.2558505160746848,cc,0.26518666235512856,0.007213908897919386,0.25104766072745355,0.27932566398280356,1
181,10000,5,stress,ccmar,0.2558505160746848,seq,0.26403119350597565,0.007348782335250148,0.2496278447986612,0.2784345422132901,1
182,10000,5,stress,ccmar,0.2558505160746848,full,0.2528318724446298,0.004611665092829232,0.24379317495392394,0.26187056993533564,1
182,10000,5,stress,ccmar,0.2558505160746848,cc,0.2202589963039986,0.04116063277021156,0.1395856384935048,0.3009323541144924,1
182,10000,5,stress,ccmar,0.2558505160746848,seq,0.2239294800893184,0.03929518197145884,0.14691233865931141,0.3009466215193254,1
183,10000,5,stress,ccmar,0.2558505160746848,full,0.2497733393152382,0.004698032912537226,0.24056536400848144,0.258981314621995,1
183,10000,5,stress,ccmar,0.2558505160746848,cc,0.2373795471367528,0.009880475253590832,0.21801417148957553,0.2567449227839301,1
183,10000,5,stress,ccmar,0.2558505160746848,seq,0.2321375550010537,0.01102019150805596,0.21053837654252988,0.25373673345957753,0
184,10000,5,stress,ccmar,0.2558505160746848,full,0.2601314823573477,0.004962774329633342,0.2504046234078664,0.26985834130682895,1
184,10000,5,stress,ccmar,0.2558505160746848,cc,0.254953244249166,0.00767106306708214,0.23991823691454964,0.26998825158378237,1
184,10000,5,stress,ccmar,0.2558505160746848,seq,0.2560345432592464,0.007315567560675897,0.24169629431385212,0.2703727922046407,1
185,10000,5,stress,ccmar,0.2558505160746848,full,0.26138063186538846,0.0046101297578268205,0.2523449435759915,0.2704163201547854,1
185,10000,5,stress,ccmar,0.2558505160746848,cc,0.2603581517962471,0.00786991265935978,0.2449334064224261,0.2757828971700681,1
185,10000,5,stress,ccmar,0.2558505160746848,seq,0.25624089833828756,0.00792252494818956,0.24071303477321596,0.27176876190335914,1
186,10000,5,stress,ccmar,0.2558505160746848,full,0.2681108238055102,0.004617504675171804,0.25906068094372814,0.2771609666672923,0
186,10000,5,stress,ccmar,0.2558505160746848,cc,0.2745379385601563,0.007433524393776714,0.259968498470154,0.28910737865015856,0
186,10000,5,stress,ccmar,0.2558505160746848,seq,0.2709450065423758,0.007420416800329078,0.2564012568634549,0.2854887562212967,0
187,10000,5,stress,ccmar,0.2558505160746848,full,0.2549457947386376,0.004574129616009931,0.2459806654306401,0.2639109240466351,1
187,10000,5,stress,ccmar,0.2558505160746848,cc,0.2566404679239724,0.009704404839929189,0.23762018394631498,0.27566075190162975,1
187,10000,5,stress,ccmar,0.2558505160746848,seq,0.2490110310335077,0.011911941269692078,0.22566405515895488,0.2723580069080605,1
188,10000,5,stress,ccmar,0.2558505160746848,full,0.25021566814744545,0.004554084203703677,0.24128982712562347,0.2591415091692674,1
188,10000,5,stress,ccmar,0.2558505160746848,cc,0.2641502049313442,0.008751066566199242,0.2469984296352811,0.2813019802274073,1
188,10000,5,stress,ccmar,0.2558505160746848,seq,0.261995808847376,0.008850638553154051,0.24464887604301236,0.2793427416517396,1
189,10000,5,stress,ccmar,0.2558505160746848,full,0.24872690042816062,0.004660653931569992,0.23959218657787842,0.2578616142784428,1
189,10000,5,stress,ccmar,0.2558505160746848,cc,0.2533049704041752,0.008714574079215817,0.23622471906830592,0.27038522174004453,1
189,10000,5,stress,ccmar,0.2558505160746848,seq,0.24956050914563443,0.008641367532230677,0.23262374000528854,0.26649727828598035,1
190,10000,5,stress,ccmar,0.2558505160746848,full,0.2510607206059268,0.004828380702440501,0.24159726832549525,0.26052417288635843,1
190,10000,5,stress,ccmar,0.2558505160746848,cc,0.25151597253310853,0.008972182637615405,0.23393081770066676,0.2691011273655503,1
190,10000,5,stress,ccmar,0.2558505160746848,seq,0.2564548834784157,0.008700847908297707,0.23940153494319155,0.2735082320136399,1
191,10000,5,stress,ccmar,0.2558505160746848,full,0.25721103095083964,0.004625381601351074,0.24814544959743734,0.26627661230424193,1
191,10000,5,stress,ccmar,0.2558505160746848,cc,0.2397209609090084,0.010690436595182868,0.21876809020344098,0.2606738316145758,1
191,10000,5,stress,ccmar,0.2558505160746848,seq,0.23771572852920664,0.009733676016216192,0.21863807410024158,0.25679338295817167,1
192,10000,5,stress,ccmar,0.2558505160746848,full,0.263022041948884,0.004672275158141329,0.2538645509130658,0.2721795329847022,1
192,10000,5,stress,ccmar,0.2558505160746848,cc,0.27191470423216707,0.008564291095669,0.2551290021315388,0.28870040633279537,1
192,10000,5,stress,ccmar,0.2558505160746848,seq,0.2749214741493973,0.008418140608185734,0.2584222217405592,0.2914207265582355,0
193,10000,5,stress,ccmar,0.2558505160746848,full,0.2649830476654938,0.004863997324438811,0.25544978808869456,0.27451630724229303,1
193,10000,5,stress,ccmar,0.2558505160746848,cc,0.2602828339311264,0.007231663324988399,0.24610903426582995,0.2744566335964228,1
193,10000,5,stress,ccmar,0.2558505160746848,seq,0.25965789182697063,0.0072121241721599194,0.24552238819750644,0.27379339545643483,1
194,10000,5,stress,ccmar,0.2558505160746848,full,0.2613686912941275,0.004733663535469741,0.25209088124967627,0.2706465013385787,1
194,10000,5,stress,ccmar,0.2558505160746848,cc,0.2753858645632785,0.00922535111741364,0.2573045086284114,0.2934672204981456,0
194,10000,5,stress,ccmar,0.2558505160746848,seq,0.2800414104015671,0.008972933345761065,0.2624547842081969,0.2976280365949373,0
195,10000,5,stress,ccmar,0.2558505160746848,full,0.2606982743028332,0.004687173496427303,0.251511583060545,0.2698849655451214,1
195,10000,5,stress,ccmar,0.2558505160746848,cc,0.2699723101158077,0.007748882697703131,0.254784779107884,0.2851598411237314,1
195,10000,5,stress,ccmar,0.2558505160746848,seq,0.26287445742190046,0.008332662030396782,0.24654273994697837,0.27920617489682253,1
196,10000,5,stress,ccmar,0.2558505160746848,full,0.26192501098782006,0.004805467447844158,0.25250646786116593,0.2713435541144742,1
196,10000,5,stress,ccmar,0.2558505160746848,cc,0.26420749612583194,0.00872283723765408,0.2471110492970251,0.2813039429546388,1
196,10000,5,stress,ccmar,0.2558505160746848,seq,0.26298989589727256,0.008538984407955167,0.24625379399313135,0.2797259978014138,1
197,10000,5,stress,ccmar,0.2558505160746848,full,0.2597196749303831,0.004587673910823306,0.2507279992923554,0.26871135056841083,1
197,10000,5,stress,ccmar,0.2558505160746848,cc,0.26052553581204213,0.006919080538138095,0.24696438715115945,0.27408668447292484,1
197,10000,5,stress,ccmar,0.2558505160746848,seq,0.2603656656139673,0.006770871741196127,0.24709500085728286,0.2736363303706517,1
198,10000,5,stress,ccmar,0.2558505160746848,full,0.25523534822892197,0.00453210551489937,0.24635258464558385,0.2641181118122601,1
198,10000,5,stress,ccmar,0.2558505160746848,cc,0.24947819723383954,0.008610819867954375,0.23260130041528704,0.26635509405239205,1
198,10000,5,stress,ccmar,0.2558505160746848,seq,0.24851301013582447,0.008552213977706984,0.23175097875143874,0.2652750415202102,1
199,10000,5,stress,ccmar,0.2558505160746848,full,0.253858152863291,0.004476519605933155,0.24508433565957458,0.2626319700670074,1
199,10000,5,stress,ccmar,0.2558505160746848,cc,0.25853816139802466,0.011482484102493314,0.23603290610408403,0.28104341669196525,1
199,10000,5,stress,ccmar,0.2558505160746848,seq,0.253639925249218,0.011822072727609004,0.23046908848049116,0.27681076201794486,1
200,10000,5,stress,ccmar,0.2558505160746848,full,0.2502176090767816,0.004729620339533155,0.2409477235507485,0.2594874946028147,1
200,10000,5,stress,ccmar,0.2558505160746848,cc,0.24340319299388058,0.00818791061696316,0.22735518307599964,0.2594512029117615,1
200,10000,5,stress,ccmar,0.2558505160746848,seq,0.24866350896266548,0.007544539650799063,0.23387648296716493,0.26345053495816606,1
201,10000,5,stress,ccmar,0.2558505160746848,full,0.2601361682812827,0.005073739870021072,0.2501918208691165,0.27008051569344893,1
201,10000,5,stress,ccmar,0.2558505160746848,cc,0.2683807558517412,0.007268069238869556,0.25413560190641343,0.282625909797069,1
201,10000,5,stress,ccmar,0.2558505160746848,seq,0.2689994455620737,0.007110035345460988,0.2550640323561634,0.2829348587679841,1
202,10000,5,stress,ccmar,0.2558505160746848,full,0.2561191760734757,0.004683495211733116,0.24693969413671296,0.2652986580102384,1
202,10000,5,stress,ccmar,0.2558505160746848,cc,0.24743234308357495,0.008618046636915117,0.2305412820581348,0.2643234041090151,1
202,10000,5,stress,ccmar,0.2558505160746848,seq,0.24395693278292446,0.00849343597392522,0.22731010416903416,0.2606037613968148,1
203,10000,5,stress,ccmar,0.2558505160746848,full,0.25485961955988296,0.0047038526517849295,0.24564023777380126,0.2640790013459646,1
203,10000,5,stress,ccmar,0.2558505160746848,cc,0.2520964389785454,0.008881786028308858,0.23468845824466897,0.2695044197124218,1
203,10000,5,stress,ccmar,0.2558505160746848,seq,0.2528504795474522,0.008594681086721756,0.23600521415887,0.26969574493603443,1
204,10000,5,stress,ccmar,0.2558505160746848,full,0.2631581479370634,0.004867116375963595,0.25361877513160963,0.27269752074251713,1
204,10000,5,stress,ccmar,0.2558505160746848,cc,0.27215396507446665,0.010257659064126134,0.2520493227430886,0.2922586074058447,1
204,10000,5,stress,ccmar,0.2558505160746848,seq,0.27350230019313787,0.009933564770599132,0.2540328710046677,0.29297172938160804,1
205,10000,5,stress,ccmar,0.2558505160746848,full,0.2542189446915939,0.00498021018454232,0.24445791209445136,0.2639799772887364,1
205,10000,5,stress,ccmar,0.2558505160746848,cc,0.2544546470859464,0.008382786077026161,0.2380246882848713,0.27088460588702146,1
205,10000,5,stress,ccmar,0.2558505160746848,seq,0.253286844570189,0.008390755922526746,0.23684126515897044,0.2697324239814076,1
206,10000,5,stress,ccmar,0.2558505160746848,full,0.2558246480960149,0.004680079457818922,0.24665186091390406,0.26499743527812575,1
206,10000,5,stress,ccmar,0.2558505160746848,cc,0.2401193677242747,0.008858550288104906,0.22275692820435217,0.2574818072441972,1
206,10000,5,stress,ccmar,0.2558505160746848,seq,0.2378871928039588,0.009162006399854048,0.2199299902341194,0.2558443953737982,0
207,10000,5,stress,ccmar,0.2558505160746848,full,0.25278934159932426,0.004924479148751379,0.2431375398251531,0.26244114337349544,1
207,10000,5,stress,ccmar,0.2558505160746848,cc,0.22403358124994194,0.008906735103585521,0.2065767012270757,0.24149046127280818,0
207,10000,5,stress,ccmar,0.2558505160746848,seq,0.22773474022084692,0.00834055037333225,0.2113875618778736,0.24408191856382022,0
208,10000,5,stress,ccmar,0.2558505160746848,full,0.2573174806556273,0.004781839779976996,0.24794524690703146,0.2666897144042232,1
208,10000,5,stress,ccmar,0.2558505160746848,cc,0.24599886087556028,0.007501110281363236,0.23129695488002522,0.26070076687109534,1
208,10000,5,stress,ccmar,0.2558505160746848,seq,0.24345942576250937,0.007276795025782071,0.2291971695890963,0.25772168193592243,1
209,10000,5,stress,ccmar,0.2558505160746848,full,0.2406234486245604,0.004652431853185295,0.23150484975179028,0.2497420474973305,0
209,10000,5,stress,ccmar,0.2558505160746848,cc,0.23880876428264605,0.009367559812008517,0.22044868442808457,0.25716884413720753,1
209,10000,5,stress,ccmar,0.2558505160746848,seq,0.23972926686583915,0.009156352905584612,0.22178314494115464,0.25767538879052365,1
210,10000,5,stress,ccmar,0.2558505160746848,full,0.2509909523797698,0.004879261891831386,0.24142777480064154,0.2605541299588981,1
210,10000,5,stress,ccmar,0.2558505160746848,cc,0.2594871543855954,0.007705181753122725,0.24438527565513965,0.2745890331160511,1
210,10000,5,stress,ccmar,0.2558505160746848,seq,0.25717663080309994,0.007790176123042078,0.2419081661687136,0.2724450954374863,1
211,10000,5,stress,ccmar,0.2558505160746848,full,0.2628634458097121,0.004529801486501992,0.2539851980390522,0.27174169358037203,1
211,10000,5,stress,ccmar,0.2558505160746848,cc,0.2554705710946745,0.010608110989320829,0.23467905561160213,0.2762620865777469,1
211,10000,5,stress,ccmar,0.2558505160746848,seq,0.25896579534426545,0.01026900941438771,0.23883890673516278,0.2790926839533681,1
212,10000,5,stress,ccmar,0.2558505160746848,full,0.2599756036890231,0.004766783713083887,0.25063287928928657,0.26931832808875966,1
212,10000,5,stress,ccmar,0.2558505160746848,cc,0.2671719882672329,0.010441993068572387,0.2467060579260141,0.2876379186084516,1
212,10000,5,stress,ccmar,0.2558505160746848,seq,0.26576889173502066,0.010562828503516128,0.24506612829325594,0.2864716551767854,1
213,10000,5,stress,ccmar,0.2558505160746848,full,0.253978298739195,0.004696176041276277,0.24477396283323358,0.26318263464515634,1
213,10000,5,stress,ccmar,0.2558505160746848,cc,0.259242764166906,0.008896789184956629,0.24180537778634556,0.2766801505474665,1
213,10000,5,stress,ccmar,0.2558505160746848,seq,0.25651277035290165,0.008721071997640873,0.23941978333094477,0.27360575737485854,1
214,10000,5,stress,ccmar,0.2558505160746848,full,0.258091355904513,0.004950497947266096,0.24838855822233197,0.267794153586694,1
214,10000,5,stress,ccmar,0.2558505160746848,cc,0.2492290816037323,0.012780766921258117,0.22417923874326554,0.2742789244641991,1
214,10000,5,stress,ccmar,0.2558505160746848,seq,0.24528196860450763,0.012789097072279688,0.2202157989480528,0.2703481382609625,1
215,10000,5,stress,ccmar,0.2558505160746848,full,0.25116820022486014,0.004572577114110909,0.24220611376467066,0.2601302866850496,1
215,10000,5,stress,ccmar,0.2558505160746848,cc,0.2473655020759674,0.007425485384546266,0.23281181815452814,0.2619191859974066,1
215,10000,5,stress,ccmar,0.2558505160746848,seq,0.24616896379969727,0.00732484867057372,0.23181252421316667,0.26052540338622787,1
216,10000,5,stress,ccmar,0.2558505160746848,full,0.25857086409910246,0.004642692379849889,0.24947135424329814,0.2676703739549068,1
216,10000,5,stress,ccmar,0.2558505160746848,cc,0.2513257093683662,0.009069923791180564,0.23354898539512928,0.26910243334160305,1
216,10000,5,stress,ccmar,0.2558505160746848,seq,0.2530803468583596,0.008908804565400608,0.23561941076486842,0.2705412829518508,1
217,10000,5,stress,ccmar,0.2558505160746848,full,0.25664890341558494,0.004834580051693171,0.24717330063389054,0.26612450619727934,1
217,10000,5,stress,ccmar,0.2558505160746848,cc,0.25397152799110956,0.008951587280885355,0.23642673931610741,0.2715163166661117,1
217,10000,5,stress,ccmar,0.2558505160746848,seq,0.2513866515875684,0.00902222592437215,0.2337034137154154,0.26906988945972143,1
218,10000,5,stress,ccmar,0.2558505160746848,full,0.2600889040854756,0.004514196451016965,0.2512412416223438,0.26893656654860737,1
218,10000,5,stress,ccmar,0.2558505160746848,cc,0.25723124944827724,0.008390314089653156,0.24078653601357808,0.2736759628829764,1
218,10000,5,stress,ccmar,0.2558505160746848,seq,0.2564373505665017,0.008148845472188953,0.24046590692542905,0.2724087942075743,1
219,10000,5,stress,ccmar,0.2558505160746848,full,0.27031913368311855,0.004907234202641917,0.26070113138223727,0.27993713598399983,0
219,10000,5,stress,ccmar,0.2558505160746848,cc,0.2694480832761802,0.01334438670651043,0.2432935659356447,0.2956026006167157,1
219,10000,5,stress,ccmar,0.2558505160746848,seq,0.2690047793417306,0.013359599021956745,0.24282044641079886,0.29518911227266237,1
220,10000,5,stress,ccmar,0.2558505160746848,full,0.2500402083179624,0.005095301293513046,0.2400536012922965,0.26002681534362837,1
220,10000,5,stress,ccmar,0.2558505160746848,cc,0.2528543908053449,0.008216356110666413,0.23675062874428313,0.2689581528664067,1
220,10000,5,stress,ccmar,0.2558505160746848,seq,0.2533889508771365,0.008181407893679883,0.2373536860626922,0.26942421569158076,1
221,10000,5,stress,ccmar,0.2558505160746848,full,0.2510755962198264,0.004565183149711392,0.24212800166356294,0.2600231907760898,1
221,10000,5,stress,ccmar,0.2558505160746848,cc,0.25850551670390776,0.007300207765943073,0.2441973724029997,0.2728136610048158,1
221,10000,5,stress,ccmar,0.2558505160746848,seq,0.25777757057283995,0.007204043863189784,0.2436579040579412,0.2718972370877387,1
222,10000,5,stress,ccmar,0.2558505160746848,full,0.25256293750600506,0.0047692544808786725,0.2432153704903766,0.2619105045216335,1
222,10000,5,stress,ccmar,0.2558505160746848,cc,0.2579980733782067,0.009926428998170646,0.2385426300466982,0.2774535167097152,1
222,10000,5,stress,ccmar,0.2558505160746848,seq,0.2602631793251815,0.009418551279729953,0.24180315803036717,0.27872320061999584,1
223,10000,5,stress,ccmar,0.2558505160746848,full,0.25983239938138203,0.00455852522493588,0.25089785411789034,0.2687669446448737,1
223,10000,5,stress,ccmar,0.2558505160746848,cc,0.24803964700571404,0.008819869279475699,0.23075302086959043,0.26532627314183765,1
223,10000,5,stress,ccmar,0.2558505160746848,seq,0.25016531834985173,0.009373190326052841,0.23179420289054892,0.26853643380915454,1
224,10000,5,stress,ccmar,0.2558505160746848,full,0.2548943083290381,0.004622899697292222,0.2458335914182042,0.26395502523987197,1
224,10000,5,stress,ccmar,0.2558505160746848,cc,0.2647541696473964,0.008317437247972976,0.24845229219769743,0.28105604709709536,1
224,10000,5,stress,ccmar,0.2558505160746848,seq,0.2642647146814532,0.00812715655917992,0.24833578052874208,0.2801936488341643,1
225,10000,5,stress,ccmar,0.2558505160746848,full,0.2505687789074299,0.004973457674381848,0.24082098098700713,0.26031657682785264,1
225,10000,5,stress,ccmar,0.2558505160746848,cc,0.2643622436541969,0.009375551993513823,0.24598649941172712,0.2827379878966667,1
225,10000,5,stress,ccmar,0.2558505160746848,seq,0.26040261199362214,0.009087416471306398,0.24259160299734553,0.27821362098989877,1
226,10000,5,stress,ccmar,0.2558505160746848,full,0.25123221352363356,0.0049262114461968215,0.24157701650885882,0.2608874105384083,1
226,10000,5,stress,ccmar,0.2558505160746848,cc,0.23787203879127575,0.009291822224971092,0.21966040187958358,0.2560836757029679,1
226,10000,5,stress,ccmar,0.2558505160746848,seq,0.2380251085998873,0.009291270627741731,0.21981455279889864,0.256235664400876,1
227,10000,5,stress,ccmar,0.2558505160746848,full,0.261154173928309,0.004531261497228702,0.2522730645892077,0.2700352832674103,1
227,10000,5,stress,ccmar,0.2558505160746848,cc,0.2723126674293379,0.008724552900575114,0.2552128579629962,0.2894124768956796,1
227,10000,5,stress,ccmar,0.2558505160746848,seq,0.2708337215960318,0.008892096782087687,0.2534055321560954,0.2882619110359682,1
228,10000,5,stress,ccmar,0.2558505160746848,full,0.25514156941888433,0.004472964576701494,0.24637471994442595,0.2639084188933427,1
228,10000,5,stress,ccmar,0.2558505160746848,cc,0.25386068464837724,0.006959001778979698,0.24022129179322688,0.2675000775035276,1
228,10000,5,stress,ccmar,0.2558505160746848,seq,0.2515344812368487,0.006943436836655396,0.23792559510807537,0.265143367365622,1
229,10000,5,stress,ccmar,0.2558505160746848,full,0.26248876556726963,0.004563713357430399,0.2535440517509417,0.2714334793835976,1
229,10000,5,stress,ccmar,0.2558505160746848,cc,0.2627846824517958,0.008186584508895603,0.2467392716579669,0.27883009324562474,1
229,10000,5,stress,ccmar,0.2558505160746848,seq,0.2602887904822951,0.008134331372722965,0.2443457939534438,0.27623178701114637,1
230,10000,5,stress,ccmar,0.2558505160746848,full,0.2522927488709309,0.004721347835337188,0.24303907715518386,0.26154642058667793,1
230,10000,5,stress,ccmar,0.2558505160746848,cc,0.24757090386040154,0.00948553195082485,0.22897960286258087,0.2661622048582222,1
230,10000,5,stress,ccmar,0.2558505160746848,seq,0.24479122957198152,0.009376937220564764,0.22641277033438145,0.2631696888095816,1
231,10000,5,stress,ccmar,0.2558505160746848,full,0.24749842975815628,0.0047139292123223936,0.23825929827633313,0.25673756123997943,1
231,10000,5,stress,ccmar,0.2558505160746848,cc,0.23319085980197501,0.011421318050093198,0.2108054877678151,0.2555762318361349,0
231,10000,5,stress,ccmar,0.2558505160746848,seq,0.22638572050273023,0.012361670012124742,0.20215729249019693,0.25061414851526354,0
232,10000,5,stress,ccmar,0.2558505160746848,full,0.25750794882080813,0.00471204685446034,0.24827250669260062,0.26674339094901567,1
232,10000,5,stress,ccmar,0.2558505160746848,cc,0.24871969437951003,0.00832930905301169,0.23239454861950368,0.26504484013951635,1
232,10000,5,stress,ccmar,0.2558505160746848,seq,0.24532050988169804,0.008235214089680455,0.22917978686094753,0.26146123290244855,1
233,10000,5,stress,ccmar,0.2558505160746848,full,0.2590621372749828,0.004787591081289581,0.24967863118295003,0.26844564336701554,1
233,10000,5,stress,ccmar,0.2558505160746848,cc,0.2589465912774794,0.008098394793764918,0.24307402914911347,0.2748191534058453,1
233,10000,5,stress,ccmar,0.2558505160746848,seq,0.2601969337985064,0.008181760159671371,0.24416097855540583,0.276232889041607,1
234,10000,5,stress,ccmar,0.2558505160746848,full,0.26501223518523437,0.004708199989814293,0.2557843327731865,0.2742401375972822,1
234,10000,5,stress,ccmar,0.2558505160746848,cc,0.271149641223,0.008246913135189158,0.25498598849439896,0.28731329395160105,1
234,10000,5,stress,ccmar,0.2558505160746848,seq,0.26999451742603103,0.007936030097923345,0.2544401842538754,0.2855488505981867,1
235,10000,5,stress,ccmar,0.2558505160746848,full,0.2676295687021508,0.00467962718480022,0.2584576679588678,0.2768014694454338,0
235,10000,5,stress,ccmar,0.2558505160746848,cc,0.25857708320990597,0.007575226801490657,0.24372991150426174,0.2734242549155502,1
235,10000,5,stress,ccmar,0.2558505160746848,seq,0.26007488298175047,0.007557538921286428,0.24526237888426938,0.27488738707923155,1
236,10000,5,stress,ccmar,0.2558505160746848,full,0.2553482450098794,0.0047464460010472375,0.24604538179326266,0.2646511082264962,1
236,10000,5,stress,ccmar,0.2558505160746848,cc,0.23975776298359405,0.011262137154470865,0.21768437977188076,0.26183114619530734,1
236,10000,5,stress,ccmar,0.2558505160746848,seq,0.23817775188268797,0.010716605386138556,0.21717359128932845,0.2591819124760475,1
237,10000,5,stress,ccmar,0.2558505160746848,full,0.25906522566239415,0.004761429618937729,0.24973299509435393,0.2683974562304344,1
237,10000,5,stress,ccmar,0.2558505160746848,cc,0.275418587515079,0.009471377887563187,0.2568550279714861,0.2939821470586719,0
237,10000,5,stress,ccmar,0.2558505160746848,seq,0.27420468205227944,0.009033501457338052,0.2564993445416068,0.2919100195629521,0
238,10000,5,stress,ccmar,0.2558505160746848,full,0.2538562547493956,0.004682075777069749,0.2446795548534515,0.2630329546453397,1
238,10000,5,stress,ccmar,0.2558505160746848,cc,0.24269803495671077,0.01195950280229533,0.2192578401912061,0.26613822972221546,1
238,10000,5,stress,ccmar,0.2558505160746848,seq,0.2381868915552197,0.012790597442234104,0.2131177812276907,0.26325600188274867,1
239,10000,5,stress,ccmar,0.2558505160746848,full,0.26692783881733295,0.004890820602156246,0.2573420065822602,0.2765136710524057,0
239,10000,5,stress,ccmar,0.2558505160746848,cc,0.29681306600339746,0.00781387960000613,0.28149814340785323,0.3121279885989417,0
239,10000,5,stress,ccmar,0.2558505160746848,seq,0.2971565246831004,0.008050075467695048,0.2813786666935887,0.3129343826726121,0
240,10000,5,stress,ccmar,0.2558505160746848,full,0.2433278524431676,0.004586949828947421,0.2343375959795385,0.2523181089067967,0
240,10000,5,stress,ccmar,0.2558505160746848,cc,0.22425909479128264,0.01490743859826923,0.19504105203693267,0.2534771375456326,0
240,10000,5,stress,ccmar,0.2558505160746848,seq,0.22551332312427108,0.015901385353012693,0.19434718052807348,0.2566794657204687,1
241,10000,5,stress,ccmar,0.2558505160746848,full,0.2555703119835867,0.004949095415719358,0.24587026321272448,0.26527036075444893,1
241,10000,5,stress,ccmar,0.2558505160746848,cc,0.23038933851376023,0.016822045619385967,0.19741873495347395,0.2633599420740465,1
241,10000,5,stress,ccmar,0.2558505160746848,seq,0.23464587272594473,0.015463332040463821,0.20433829884565136,0.2649534466062381,1
242,10000,5,stress,ccmar,0.2558505160746848,full,0.2535206558152789,0.004829050084825731,0.24405589156948035,0.2629854200610774,1
242,10000,5,stress,ccmar,0.2558505160746848,cc,0.24735398497462324,0.008913625439354195,0.229883600141809,0.2648243698074375,1
242,10000,5,stress,ccmar,0.2558505160746848,seq,0.2431090436710534,0.009605034357031963,0.22428352226100093,0.2619345650811059,1
243,10000,5,stress,ccmar,0.2558505160746848,full,0.25461921241579893,0.0047361083277201255,0.24533661066658727,0.26390181416501063,1
243,10000,5,stress,ccmar,0.2558505160746848,cc,0.24836629569789007,0.011888181289223896,0.2250658885293283,0.27166670286645184,1
243,10000,5,stress,ccmar,0.2558505160746848,seq,0.247383712504248,0.012195175130878144,0.22348160846256832,0.2712858165459277,1
244,10000,5,stress,ccmar,0.2558505160746848,full,0.24388145812867573,0.004703043611762412,0.23466366203190023,0.2530992542254512,0
244,10000,5,stress,ccmar,0.2558505160746848,cc,0.24137562993651737,0.009066745047457397,0.22360513618649397,0.2591461236865408,1
244,10000,5,stress,ccmar,0.2558505160746848,seq,0.24261966002585694,0.008480557556032959,0.22599807264721333,0.25924124740450055,1
245,10000,5,stress,ccmar,0.2558505160746848,full,0.2567141751047969,0.004581158791342324,0.24773526886630687,0.2656930813432869,1
245,10000,5,stress,ccmar,0.2558505160746848,cc,0.2562728055267066,0.007537309027000336,0.24149995129343732,0.2710456597599759,1
245,10000,5,stress,ccmar,0.2558505160746848,seq,0.2527463942718837,0.007410098028968748,0.23822286901319373,0.2672699195305737,1
246,10000,5,stress,ccmar,0.2558505160746848,full,0.26830332470605667,0.005155014348586261,0.2581996822430404,0.2784069671690729,0
246,10000,5,stress,ccmar,0.2558505160746848,cc,0.2708386781446323,0.00884998967786869,0.2534930171124584,0.2881843391768062,1
246,10000,5,stress,ccmar,0.2558505160746848,seq,0.2705530209685477,0.008630537575549872,0.25363747815325033,0.2874685637838451,1
247,10000,5,stress,ccmar,0.2558505160746848,full,0.2553521925302923,0.00483492013504099,0.24587592319748441,0.26482846186310016,1
247,10000,5,stress,ccmar,0.2558505160746848,cc,0.2674284498171197,0.017229795798281225,0.23365867059150897,0.30119822904273047,1
247,10000,5,stress,ccmar,0.2558505160746848,seq,0.27153211182448095,0.01980749307275972,0.2327101387778453,0.3103540848711166,1
248,10000,5,stress,ccmar,0.2558505160746848,full,0.24801598273326275,0.004536988730618757,0.2391236482229859,0.25690831724353963,1
248,10000,5,stress,ccmar,0.2558505160746848,cc,0.2504524848116132,0.007229596441593608,0.2362827361633308,0.2646222334598956,1
248,10000,5,stress,ccmar,0.2558505160746848,seq,0.24954081410352802,0.007170900048488376,0.23548610827175429,0.2635955199353018,1
249,10000,5,stress,ccmar,0.2558505160746848,full,0.2582245599367072,0.00455753194280268,0.24929196147042307,0.2671571584029913,1
249,10000,5,stress,ccmar,0.2558505160746848,cc,0.2816668786661259,0.007463670420585305,0.26703835344930177,0.29629540388295,0
249,10000,5,stress,ccmar,0.2558505160746848,seq,0.28405257089347197,0.0071989377699991095,0.26994291213732863,0.2981622296496153,0
250,10000,5,stress,ccmar,0.2558505160746848,full,0.25603740058389524,0.004811711832210383,0.24660661868877765,0.2654681824790128,1
250,10000,5,stress,ccmar,0.2558505160746848,cc,0.24209595587954183,0.008116892871644178,0.22618713818474934,0.2580047735743343,1
250,10000,5,stress,ccmar,0.2558505160746848,seq,0.24545237260755604,0.00779374844056426,0.23017690635948487,0.26072783885562717,1
251,10000,5,stress,ccmar,0.2558505160746848,full,0.2561118857002919,0.004875112994903197,0.24655683980971846,0.2656669315908654,1
251,10000,5,stress,ccmar,0.2558505160746848,cc,0.24135379958869116,0.008714020796083055,0.22427463266783532,0.258432966509547,1
251,10000,5,stress,ccmar,0.2558505160746848,seq,0.23817384658539695,0.008814532113354914,0.2208976811026496,0.2554500120681443,0
252,10000,5,stress,ccmar,0.2558505160746848,full,0.263002392337671,0.004789075046491865,0.25361597772728744,0.2723888069480545,1
252,10000,5,stress,ccmar,0.2558505160746848,cc,0.247542963984042,0.009306397120604794,0.22930276080182932,0.26578316716625466,1
252,10000,5,stress,ccmar,0.2558505160746848,seq,0.25477246218376987,0.009119275107938694,0.2368990114070974,0.2726459129604423,1
253,10000,5,stress,ccmar,0.2558505160746848,full,0.25769440085588474,0.0047077165514570725,0.24846744596560577,0.2669213557461637,1
253,10000,5,stress,ccmar,0.2558505160746848,cc,0.264616123302761,0.007812040401047726,0.24930480547093564,0.2799274411345864,1
253,10000,5,stress,ccmar,0.2558505160746848,seq,0.26560574543133725,0.007729725543036689,0.250455761756606,0.2807557291060685,1
254,10000,5,stress,ccmar,0.2558505160746848,full,0.25290121187955045,0.004617520358617722,0.24385103827877924,0.26195138548032165,1
254,10000,5,stress,ccmar,0.2558505160746848,cc,0.24043542290330228,0.009793114692997169,0.2212412708085578,0.25962957499804673,1
254,10000,5,stress,ccmar,0.2558505160746848,seq,0.236384329506207,0.009871837804997964,0.21703588294719006,0.25573277606522393,0
255,10000,5,stress,ccmar,0.2558505160746848,full,0.2493764342114956,0.004875635102587782,0.2398203650086643,0.2589325034143269,1
255,10000,5,stress,ccmar,0.2558505160746848,cc,0.24551241758023665,0.008998586805245875,0.2278755115301974,0.2631493236302759,1
255,10000,5,stress,ccmar,0.2558505160746848,seq,0.245317901807238,0.008913178019624084,0.22784839390098074,0.26278740971349523,1
256,10000,5,stress,ccmar,0.2558505160746848,full,0.24697457599944442,0.00497802470129251,0.23721782687076035,0.2567313251281285,1
256,10000,5,stress,ccmar,0.2558505160746848,cc,0.26256227691881184,0.013348668574540373,0.2363993672711511,0.2887251865664726,1
256,10000,5,stress,ccmar,0.2558505160746848,seq,0.26326214632679223,0.012411425464192233,0.23893619942017214,0.28758809323341233,1
257,10000,5,stress,ccmar,0.2558505160746848,full,0.24951948802120005,0.004870348094282623,0.23997378116423282,0.25906519487816726,1
257,10000,5,stress,ccmar,0.2558505160746848,cc,0.23152266286503756,0.012040026282126517,0.2079246449791539,0.2551206807509212,0
257,10000,5,stress,ccmar,0.2558505160746848,seq,0.2356025741355786,0.01306426305140872,0.20999708907026016,0.26120805920089707,1
258,10000,5,stress,ccmar,0.2558505160746848,full,0.26317462030951555,0.004790981936365302,0.2537844682636576,0.2725647723553735,1
258,10000,5,stress,ccmar,0.2558505160746848,cc,0.25028752112136876,0.013415746348943842,0.22399314145171412,0.2765819007910234,1
258,10000,5,stress,ccmar,0.2558505160746848,seq,0.2519660621595236,0.012646783043476228,0.22717882287401836,0.27675330144502885,1
259,10000,5,stress,ccmar,0.2558505160746848,full,0.24179179117772256,0.004744172449382688,0.23249338404048533,0.2510901983149598,0
259,10000,5,stress,ccmar,0.2558505160746848,cc,0.239299231101827,0.010245596911949418,0.21921823015429134,0.25938023204936267,1
259,10000,5,stress,ccmar,0.2558505160746848,seq,0.236009587890673,0.01206037978022807,0.2123716778815509,0.25964749789979513,1
260,10000,5,stress,ccmar,0.2558505160746848,full,0.25699412483856277,0.00473017180782628,0.24772315845453655,0.266265091222589,1
260,10000,5,stress,ccmar,0.2558505160746848,cc,0.2882939468482239,0.009382610614512945,0.2699043679628153,0.3066835257336325,0
260,10000,5,stress,ccmar,0.2558505160746848,seq,0.2881068010859705,0.008998138041262788,0.2704707745971756,0.30574282757476534,0
261,10000,5,stress,ccmar,0.2558505160746848,full,0.24579958238644695,0.004755715059889667,0.23647855214832844,0.2551206126245654,0
261,10000,5,stress,ccmar,0.2558505160746848,cc,0.23577777756709256,0.008981368995781482,0.21817461780349617,0.25338093733068895,0
261,10000,5,stress,ccmar,0.2558505160746848,seq,0.23653482401208575,0.008634997538157477,0.21961053983070505,0.25345910819346645,0
262,10000,5,stress,ccmar,0.2558505160746848,full,0.2622762220976377,0.0046970785910054914,0.2530701172267128,0.27148232696856256,1
262,10000,5,stress,ccmar,0.2558505160746848,cc,0.25606029254729173,0.008091243547841657,0.24020174660338,0.27191883849120346,1
262,10000,5,stress,ccmar,0.2558505160746848,seq,0.2596706369980076,0.007511851248047125,0.24494767909461296,0.2743935949014022,1
263,10000,5,stress,ccmar,0.2558505160746848,full,0.25514640402173216,0.004856026163842655,0.24562876763261637,0.26466404041084796,1
263,10000,5,stress,ccmar,0.2558505160746848,cc,0.24556590103331327,0.008176227223403316,0.22954079014602685,0.2615910119205997,1
263,10000,5,stress,ccmar,0.2558505160746848,seq,0.24693086951649862,0.00789095606341702,0.2314648798286133,0.26239685920438394,1
264,10000,5,stress,ccmar,0.2558505160746848,full,0.25855741561332746,0.004685663887430969,0.2493736831503028,0.2677411480763521,1
264,10000,5,stress,ccmar,0.2558505160746848,cc,0.24916759257822804,0.008898291147436916,0.2317272624053001,0.26660792275115597,1
264,10000,5,stress,ccmar,0.2558505160746848,seq,0.24997928912553044,0.00896797158464788,0.232402387805242,0.2675561904458189,1
265,10000,5,stress,ccmar,0.2558505160746848,full,0.25180708544912433,0.005045687342288424,0.2419177199809894,0.2616964509172593,1
265,10000,5,stress,ccmar,0.2558505160746848,cc,0.2379255354949271,0.008858810849464754,0.22056258528412348,0.2552884857057307,0
265,10000,5,stress,ccmar,0.2558505160746848,seq,0.2393082979083726,0.00866866909468091,0.22231801868890258,0.2562985771278426,1
266,10000,5,stress,ccmar,0.2558505160746848,full,0.2449513368663476,0.00475744915660593,0.2356269078611195,0.2542757658715757,0
266,10000,5,stress,ccmar,0.2558505160746848,cc,0.2584840749364612,0.007871623792292533,0.24305597580371924,0.27391217406920315,1
266,10000,5,stress,ccmar,0.2558505160746848,seq,0.2589464840019326,0.007878979372490472,0.24350396819691728,0.2743889998069479,1
267,10000,5,stress,ccmar,0.2558505160746848,full,0.2632049543039073,0.00463622087771158,0.25411812835921993,0.27229178024859463,1
267,10000,5,stress,ccmar,0.2558505160746848,cc,0.27012698870863516,0.008197184334471988,0.2540608026384341,0.2861931747788362,1
267,10000,5,stress,ccmar,0.2558505160746848,seq,0.2712163536285239,0.008120988208895242,0.2552995092202148,0.287133198036833,1
268,10000,5,stress,ccmar,0.2558505160746848,full,0.261190501935418,0.004577073327179763,0.2522196030595467,0.27016140081128925,1
268,10000,5,stress,ccmar,0.2558505160746848,cc,0.22697963395454818,0.008597751562896251,0.21012835054324858,0.24383091736584778,0
268,10000,5,stress,ccmar,0.2558505160746848,seq,0.23091403723373186,0.008453369598548983,0.21434573727257003,0.24748233719489368,0
269,10000,5,stress,ccmar,0.2558505160746848,full,0.2512806509208446,0.005048261426629056,0.2413862403401089,0.2611750615015804,1
269,10000,5,stress,ccmar,0.2558505160746848,cc,0.2366021718197515,0.007954611867784692,0.22101141904789862,0.25219292459160436,0
269,10000,5,stress,ccmar,0.2558505160746848,seq,0.23699713952989704,0.008096352259970125,0.22112858069420613,0.252865698365588,0
270,10000,5,stress,ccmar,0.2558505160746848,full,0.2516509847578036,0.004597052939738549,0.2426409265608921,0.26066104295471515,1
270,10000,5,stress,ccmar,0.2558505160746848,cc,0.24092031742135114,0.013397022940766567,0.2146626349573918,0.2671779998853105,1
270,10000,5,stress,ccmar,0.2558505160746848,seq,0.23749022794730545,0.01496757685055314,0.20815431638438586,0.26682613951022505,1
271,10000,5,stress,ccmar,0.2558505160746848,full,0.2493237325161219,0.004809938346380718,0.23989642658935753,0.2587510384428862,1
271,10000,5,stress,ccmar,0.2558505160746848,cc,0.2533006100169312,0.007248346561041913,0.23909411180982432,0.2675071082240381,1
271,10000,5,stress,ccmar,0.2558505160746848,seq,0.25589003539361643,0.007071518058364947,0.24203011468319652,0.26974995610403635,1
272,10000,5,stress,ccmar,0.2558505160746848,full,0.25358409504370105,0.004488590845288451,0.2447866186455995,0.26238157144180263,1
272,10000,5,stress,ccmar,0.2558505160746848,cc,0.24706585897321529,0.010684193369645099,0.22612522476484925,0.2680064931815813,1
272,10000,5,stress,ccmar,0.2558505160746848,seq,0.2477360567435093,0.011106705765457631,0.22596731345632898,0.2695048000306896,1
273,10000,5,stress,ccmar,0.2558505160746848,full,0.26445156571210154,0.00487624468712115,0.2548943017455393,0.2740088296786638,1
273,10000,5,stress,ccmar,0.2558505160746848,cc,0.2836746906492189,0.006909381002794222,0.27013255272827696,0.29721682857016085,0
273,10000,5,stress,ccmar,0.2558505160746848,seq,0.28438028363594064,0.00682019962142803,0.27101293801056797,0.2977476292613133,0
274,10000,5,stress,ccmar,0.2558505160746848,full,0.2608356625125935,0.004642568896628355,0.2517363946794561,0.2699349303457309,1
274,10000,5,stress,ccmar,0.2558505160746848,cc,0.2295554752158434,0.008510075809149316,0.2128760331242052,0.24623491730748162,0
274,10000,5,stress,ccmar,0.2558505160746848,seq,0.23231744307656163,0.008399957033318866,0.21585382981957274,0.24878105633355052,0
275,10000,5,stress,ccmar,0.2558505160746848,full,0.254134232866472,0.004543591609148067,0.2452289569520834,0.26303950878086063,1
275,10000,5,stress,ccmar,0.2558505160746848,cc,0.24426773968728785,0.008825249999435522,0.2269705675338321,0.2615649118407436,1
275,10000,5,stress,ccmar,0.2558505160746848,seq,0.24624421684076905,0.008587160950047131,0.22941369064922792,0.2630747430323102,1
276,10000,5,stress,ccmar,0.2558505160746848,full,0.2637872064860062,0.004620787801745286,0.2547306288143834,0.27284378415762894,1
276,10000,5,stress,ccmar,0.2558505160746848,cc,0.27576315954693875,0.00733638495958271,0.2613841092494353,0.2901422098444422,0
276,10000,5,stress,ccmar,0.2558505160746848,seq,0.2741595557304132,0.007461798224434707,0.25953469995061623,0.2887844115102101,0
277,10000,5,stress,ccmar,0.2558505160746848,full,0.24488708877826829,0.004593574781462419,0.23588384764631048,0.2538903299102261,0
277,10000,5,stress,ccmar,0.2558505160746848,cc,0.25182307974649865,0.007794328840001606,0.23654647593643363,0.26709968355656366,1
277,10000,5,stress,ccmar,0.2558505160746848,seq,0.25287716793589454,0.007669312880585929,0.237845590903777,0.2679087449680121,1
278,10000,5,stress,ccmar,0.2558505160746848,full,0.25358691166780534,0.004829554967185567,0.2441211578707651,0.26305266546484557,1
278,10000,5,stress,ccmar,0.2558505160746848,cc,0.27303712805909336,0.01142549124044314,0.25064357672214693,0.2954306793960398,1
278,10000,5,stress,ccmar,0.2558505160746848,seq,0.2705920049745385,0.011654396197361812,0.24774980816614878,0.29343420178292823,1
279,10000,5,stress,ccmar,0.2558505160746848,full,0.2615679760526512,0.004631751565308866,0.2524899097993088,0.2706460423059936,1
279,10000,5,stress,ccmar,0.2558505160746848,cc,0.2544114237826955,0.008514851523975592,0.23772262146199732,0.2711002261033936,1
279,10000,5,stress,ccmar,0.2558505160746848,seq,0.25454798886593033,0.008545374204141379,0.2377993631913956,0.27129661454046505,1
280,10000,5,stress,ccmar,0.2558505160746848,full,0.252015411691271,0.00453141430081773,0.2431340028626385,0.2608968205199035,1
280,10000,5,stress,ccmar,0.2558505160746848,cc,0.24570462862890358,0.008410937559779176,0.22921949393552118,0.262189763322286,1
280,10000,5,stress,ccmar,0.2558505160746848,seq,0.24735491130717982,0.00856546486376209,0.23056690866336285,0.2641429139509968,1
281,10000,5,stress,ccmar,0.2558505160746848,full,0.2714757103621745,0.004634974398137359,0.26239132747256005,0.28056009325178893,0
281,10000,5,stress,ccmar,0.2558505160746848,cc,0.2645327195124721,0.008128110287745394,0.24860191608612162,0.28046352293882254,1
281,10000,5,stress,ccmar,0.2558505160746848,seq,0.26784714332123166,0.008197834057011449,0.25177968381825333,0.28391460282421,1
282,10000,5,stress,ccmar,0.2558505160746848,full,0.26849047478415794,0.004869651972785595,0.25894613230025376,0.2780348172680621,0
282,10000,5,stress,ccmar,0.2558505160746848,cc,0.2619078719647081,0.01029567691356263,0.24172871601766485,0.2820870279117514,1
282,10000,5,stress,ccmar,0.2558505160746848,seq,0.2601809301951213,0.010043075496435445,0.24049686392809108,0.27986499646215146,1
283,10000,5,stress,ccmar,0.2558505160746848,full,0.2510128208919414,0.004584225607617271,0.2420279038040053,0.25999773797987746,1
283,10000,5,stress,ccmar,0.2558505160746848,cc,0.22639552969342308,0.007255806362234639,0.2121744105446466,0.24061664884219955,0
283,10000,5,stress,ccmar,0.2558505160746848,seq,0.2269192464544143,0.007067550852211922,0.21306710132517356,0.24077139158365504,0
284,10000,5,stress,ccmar,0.2558505160746848,full,0.24604768994712922,0.004420944013424792,0.23738279890314867,0.25471258099110977,0
284,10000,5,stress,ccmar,0.2558505160746848,cc,0.24221655607464518,0.008691849144663635,0.2251808447920492,0.25925226735724116,1
284,10000,5,stress,ccmar,0.2558505160746848,seq,0.24614972664883988,0.00859257986114041,0.2293085795867205,0.26299087371095925,1
285,10000,5,stress,ccmar,0.2558505160746848,full,0.2541250991212694,0.004615905911379023,0.245078089778941,0.26317210846359784,1
285,10000,5,stress,ccmar,0.2558505160746848,cc,0.24570921715696373,0.00915568001364248,0.22776441407625128,0.2636540202376762,1
285,10000,5,stress,ccmar,0.2558505160746848,seq,0.2416509041701629,0.009303836860781357,0.22341571900499524,0.2598860893353306,1
286,10000,5,stress,ccmar,0.2558505160746848,full,0.2554238954674705,0.004956935335728072,0.24570848073574952,0.2651393101991915,1
286,10000,5,stress,ccmar,0.2558505160746848,cc,0.2686209698422316,0.009282053872027662,0.2504284785504968,0.2868134611339664,1
286,10000,5,stress,ccmar,0.2558505160746848,seq,0.2675333883260958,0.008943550801152946,0.2500043508619317,0.2850624257902599,1
287,10000,5,stress,ccmar,0.2558505160746848,full,0.2641081719002989,0.004616792171547651,0.255059425519959,0.27315691828063876,1
287,10000,5,stress,ccmar,0.2558505160746848,cc,0.25605855912366887,0.008451959818532678,0.23949302228056513,0.2726240959667726,1
287,10000,5,stress,ccmar,0.2558505160746848,seq,0.25738003807328,0.008278101527077496,0.2411552572198421,0.27360481892671795,1
288,10000,5,stress,ccmar,0.2558505160746848,full,0.25342492097001507,0.0047313485690377135,0.24415164817639604,0.2626981937636341,1
288,10000,5,stress,ccmar,0.2558505160746848,cc,0.2411831009485673,0.00823347700993629,0.22504578254155364,0.257320419355581,1
288,10000,5,stress,ccmar,0.2558505160746848,seq,0.24275365500086563,0.008221143575908248,0.22664050968035263,0.25886680032137865,1
289,10000,5,stress,ccmar,0.2558505160746848,full,0.25327537314172716,0.004696010362142232,0.24407136196090148,0.2624793843225528,1
289,10000,5,stress,ccmar,0.2558505160746848,cc,0.251322901517303,0.0090082788278608,0.23366699945200115,0.2689788035826049,1
289,10000,5,stress,ccmar,0.2558505160746848,seq,0.25209800707349705,0.008979055921494812,0.23449938085219613,0.269696633294798,1
290,10000,5,stress,ccmar,0.2558505160746848,full,0.2643235326947204,0.0044674295191284895,0.2555675317337575,0.2730795336556833,1
290,10000,5,stress,ccmar,0.2558505160746848,cc,0.2622262593070709,0.008400671839973485,0.24576124505478303,0.27869127355935874,1
290,10000,5,stress,ccmar,0.2558505160746848,seq,0.2608604873702554,0.00817287773333197,0.2448419413628754,0.2768790333776354,1
291,10000,5,stress,ccmar,0.2558505160746848,full,0.26116888052467063,0.004729381022924734,0.25189946405057095,0.2704382969987703,1
291,10000,5,stress,ccmar,0.2558505160746848,cc,0.25601788922150026,0.008827974839745128,0.23871537647917407,0.27332040196382645,1
291,10000,5,stress,ccmar,0.2558505160746848,seq,0.25823006987471187,0.008646530406920776,0.2412831816859167,0.27517695806350706,1
292,10000,5,stress,ccmar,0.2558505160746848,full,0.25614502163434816,0.004806932788637698,0.24672360649251357,0.26556643677618275,1
292,10000,5,stress,ccmar,0.2558505160746848,cc,0.24947817233355882,0.013309935290215555,0.22339117852817766,0.27556516613894,1
292,10000,5,stress,ccmar,0.2558505160746848,seq,0.2488800809351521,0.013439818770291873,0.22253852018663461,0.2752216416836696,1
293,10000,5,stress,ccmar,0.2558505160746848,full,0.2575077582936059,0.004550555707374129,0.24858883299750942,0.2664266835897024,1
293,10000,5,stress,ccmar,0.2558505160746848,cc,0.2533503469692937,0.007215684215215354,0.23920786578365744,0.26749282815493,1
293,10000,5,stress,ccmar,0.2558505160746848,seq,0.25266414929005104,0.0069453003607230605,0.2390516107212208,0.2662766878588813,1
294,10000,5,stress,ccmar,0.2558505160746848,full,0.2486867055414416,0.004560743097847755,0.23974781332692036,0.25762559775596283,1
294,10000,5,stress,ccmar,0.2558505160746848,cc,0.24581450646973663,0.00947802045787826,0.2272379277275614,0.26439108521191185,1
294,10000,5,stress,ccmar,0.2558505160746848,seq,0.24598528850618687,0.009290981193432923,0.22777529998601936,0.26419527702635437,1
295,10000,5,stress,ccmar,0.2558505160746848,full,0.24701110478441915,0.004486255807218667,0.2382182049768369,0.2558040045920014,0
295,10000,5,stress,ccmar,0.2558505160746848,cc,0.25154378195923816,0.00841885428509668,0.23504313076935796,0.26804443314911836,1
295,10000,5,stress,ccmar,0.2558505160746848,seq,0.25086075110528455,0.008416768626447305,0.23436418773124118,0.2673573144793279,1
296,10000,5,stress,ccmar,0.2558505160746848,full,0.2622341383023282,0.004902184764248898,0.25262603271883943,0.271842243885817,1
296,10000,5,stress,ccmar,0.2558505160746848,cc,0.28259223185191695,0.012778677175148268,0.2575464848185623,0.3076379788852716,0
296,10000,5,stress,ccmar,0.2558505160746848,seq,0.28359744783962526,0.01238101094614976,0.25933111229297556,0.30786378338627496,0
297,10000,5,stress,ccmar,0.2558505160746848,full,0.2660526472852303,0.0050998152096391365,0.25605719314652803,0.2760481014239326,0
297,10000,5,stress,ccmar,0.2558505160746848,cc,0.2659986040975822,0.012105039793147221,0.24227316207158944,0.28972404612357494,1
297,10000,5,stress,ccmar,0.2558505160746848,seq,0.26433808024282474,0.011673005348799625,0.24145941016783407,0.2872167503178154,1
298,10000,5,stress,ccmar,0.2558505160746848,full,0.26154573828549094,0.0044980766115401945,0.2527296701271702,0.2703618064438117,1
298,10000,5,stress,ccmar,0.2558505160746848,cc,0.2490392765585593,0.01044417922714005,0.22856906142528344,0.2695094916918352,1
298,10000,5,stress,ccmar,0.2558505160746848,seq,0.24943713309201093,0.010130737852354934,0.2295812517645786,0.26929301441944326,1
299,10000,5,stress,ccmar,0.2558505160746848,full,0.2590894208396671,0.004682084707055161,0.2499127034412732,0.26826613823806095,1
299,10000,5,stress,ccmar,0.2558505160746848,cc,0.26878185986251646,0.007804343553883521,0.25348562757392745,0.28407809215110547,1
299,10000,5,stress,ccmar,0.2558505160746848,seq,0.2676025195222295,0.00769121246950257,0.2525280200845591,0.28267701895989994,1
300,10000,5,stress,ccmar,0.2558505160746848,full,0.2561774930564028,0.0047537506196063195,0.24686031305048944,0.26549467306231617,1
300,10000,5,stress,ccmar,0.2558505160746848,cc,0.24280362982674505,0.007914600147198433,0.22729129858620073,0.2583159610672894,1
300,10000,5,stress,ccmar,0.2558505160746848,seq,0.2442347130516443,0.007839172143161736,0.22887021798243762,0.25959920812085097,1
301,10000,5,stress,ccmar,0.2558505160746848,full,0.24653357692183608,0.0045745725745084745,0.2375675794311348,0.25549957441253734,0
301,10000,5,stress,ccmar,0.2558505160746848,cc,0.24624608084708152,0.009240493044438719,0.22813504728058875,0.2643571144135743,1
301,10000,5,stress,ccmar,0.2558505160746848,seq,0.24676290941456427,0.009264705889281171,0.22860441954421704,0.2649213992849115,1
302,10000,5,stress,ccmar,0.2558505160746848,full,0.2509625723989647,0.004533017239944937,0.24207802186737346,0.25984712293055595,1
302,10000,5,stress,ccmar,0.2558505160746848,cc,0.2360745380129344,0.009364861406109367,0.21771974693675092,0.2544293290891179,0
302,10000,5,stress,ccmar,0.2558505160746848,seq,0.2354317874036154,0.009739491957082107,0.21634273394001693,0.2545208408672138,0
303,10000,5,stress,ccmar,0.2558505160746848,full,0.2482905781346954,0.004744662872678661,0.23899120978546087,0.2575899464839299,1
303,10000,5,stress,ccmar,0.2558505160746848,cc,0.25495803263006545,0.008110482485584495,0.23906177906107695,0.27085428619905394,1
303,10000,5,stress,ccmar,0.2558505160746848,seq,0.2562577099795291,0.007735588022650349,0.24109623605589503,0.2714191839031632,1
304,10000,5,stress,ccmar,0.2558505160746848,full,0.25917921013902967,0.004865461619716359,0.2496430805962237,0.26871533968183564,1
304,10000,5,stress,ccmar,0.2558505160746848,cc,0.2736272466553587,0.010099169471016292,0.2538332382184003,0.2934212550923171,1
304,10000,5,stress,ccmar,0.2558505160746848,seq,0.273057168452093,0.009488085193045273,0.2544608631914765,0.2916534737127095,1
305,10000,5,stress,ccmar,0.2558505160746848,full,0.2616877407055191,0.004550477400693141,0.25276896888769707,0.2706065125233411,1
305,10000,5,stress,ccmar,0.2558505160746848,cc,0.2526333079069157,0.009102374719149525,0.23479298128359471,0.27047363453023665,1
305,10000,5,stress,ccmar,0.2558505160746848,seq,0.25454452360078794,0.0091591321718751,0.2365929544142706,0.27249609278730524,1
306,10000,5,stress,ccmar,0.2558505160746848,full,0.24508783609461315,0.00477542491672105,0.2357281752469647,0.2544474969422616,0
306,10000,5,stress,ccmar,0.2558505160746848,cc,0.2576782211897523,0.007920833261999398,0.2421536732686866,0.27320276911081803,1
306,10000,5,stress,ccmar,0.2558505160746848,seq,0.25757438236433683,0.00789543316973878,0.2420996177093059,0.2730491470193678,1
307,10000,5,stress,ccmar,0.2558505160746848,full,0.2546029262384727,0.00479080620341631,0.24521311862286566,0.26399273385407973,1
307,10000,5,stress,ccmar,0.2558505160746848,cc,0.2680119730836813,0.01177775374338609,0.24492799992786277,0.29109594623949986,1
307,10000,5,stress,ccmar,0.2558505160746848,seq,0.26483816631805096,0.011518932473005056,0.24226147353061214,0.28741485910548975,1
308,10000,5,stress,ccmar,0.2558505160746848,full,0.25288211805018757,0.004698645526956752,0.2436729420412321,0.262091294059143,1
308,10000,5,stress,ccmar,0.2558505160746848,cc,0.2450182963627313,0.007768263012993646,0.22979278063482916,0.26024381209063346,1
308,10000,5,stress,ccmar,0.2558505160746848,seq,0.2479937910926098,0.007787593518758229,0.23273038826960613,0.2632571939156135,1
309,10000,5,stress,ccmar,0.2558505160746848,full,0.25045987256826546,0.004514235386935398,0.24161213379213584,0.25930761134439506,1
309,10000,5,stress,ccmar,0.2558505160746848,cc,0.2505094561027731,0.007990123263823347,0.2348491022736437,0.2661698099319025,1
309,10000,5,stress,ccmar,0.2558505160746848,seq,0.2483280106724912,0.008110301233947105,0.2324321123501841,0.26422390899479825,1
310,10000,5,stress,ccmar,0.2558505160746848,full,0.2531727691630781,0.0047122564882094205,0.24393691616027247,0.2624086221658838,1
310,10000,5,stress,ccmar,0.2558505160746848,cc,0.24481643637640318,0.009972109573010396,0.2252714607634157,0.26436141198939067,1
310,10000,5,stress,ccmar,0.2558505160746848,seq,0.2435672652343267,0.009809800232492142,0.22434041008310945,0.26279412038554395,1
311,10000,5,stress,ccmar,0.2558505160746848,full,0.2610484048430986,0.004743426344259633,0.25175146004503124,0.27034534964116597,1
311,10000,5,stress,ccmar,0.2558505160746848,cc,0.2654297845523509,0.008626472310955128,0.24852220950924683,0.282337359595455,1
311,10000,5,stress,ccmar,0.2558505160746848,seq,0.2622635320266588,0.008945236478503156,0.24473119069559873,0.2797958733577189,1
312,10000,5,stress,ccmar,0.2558505160746848,full,0.2525990027759526,0.004814690690086001,0.24316238242668373,0.26203562312522144,1
312,10000,5,stress,ccmar,0.2558505160746848,cc,0.3095200825952993,0.055810008335970156,0.2001344762799176,0.418905688910681,1
312,10000,5,stress,ccmar,0.2558505160746848,seq,0.3004910725491441,0.05102074865842931,0.20049224271435237,0.4004899023839358,1
313,10000,5,stress,ccmar,0.2558505160746848,full,0.2566315886462344,0.004805708243235399,0.24721257356928578,0.26605060372318307,1
313,10000,5,stress,ccmar,0.2558505160746848,cc,0.26346825142475955,0.007601847798488438,0.24856890352376712,0.278367599325752,1
313,10000,5,stress,ccmar,0.2558505160746848,seq,0.26125550550933857,0.007436992566480813,0.24667926792574407,0.27583174309293307,1
314,10000,5,stress,ccmar,0.2558505160746848,full,0.2579878171643043,0.004689153797389131,0.24879724460345237,0.26717838972515623,1
314,10000,5,stress,ccmar,0.2558505160746848,cc,0.24970420806993787,0.008587241633393979,0.23287352374194276,0.266534892397933,1
314,10000,5,stress,ccmar,0.2558505160746848,seq,0.25052147233268984,0.008308384679600494,0.23423733759096851,0.26680560707441114,1
315,10000,5,stress,ccmar,0.2558505160746848,full,0.2524052291779707,0.004656584638356418,0.24327849099582965,0.26153196736011175,1
315,10000,5,stress,ccmar,0.2558505160746848,cc,0.2598055367390276,0.014574088788641719,0.23124084760580088,0.28837022587225436,1
315,10000,5,stress,ccmar,0.2558505160746848,seq,0.261716076663502,0.015753143427733363,0.23084048290185075,0.2925916704251532,1
316,10000,5,stress,ccmar,0.2558505160746848,full,0.2537063552765931,0.00459239750614149,0.2447054215618642,0.26270728899132195,1
316,10000,5,stress,ccmar,0.2558505160746848,cc,0.22443668826674984,0.013958947316194951,0.1970776542649157,0.251795722268584,0
316,10000,5,stress,ccmar,0.2558505160746848,seq,0.2283342775322405,0.01239884515848227,0.20403298757172644,0.25263556749275456,0
317,10000,5,stress,ccmar,0.2558505160746848,full,0.2550137804271619,0.0046361133513153855,0.24592716523033845,0.26410039562398535,1
317,10000,5,stress,ccmar,0.2558505160746848,cc,0.25189936297368276,0.011658631751295348,0.22904886463212876,0.27474986131523677,1
317,10000,5,stress,ccmar,0.2558505160746848,seq,0.2539281933011774,0.010456731812362244,0.23343337555295313,0.27442301104940164,1
318,10000,5,stress,ccmar,0.2558505160746848,full,0.2543211352564833,0.0047939882150160726,0.24492509101274235,0.2637171795002243,1
318,10000,5,stress,ccmar,0.2558505160746848,cc,0.24911610898064765,0.00977499331554673,0.22995747413305628,0.268274743828239,1
318,10000,5,stress,ccmar,0.2558505160746848,seq,0.24893161541023628,0.009612582958791617,0.23009129901260125,0.26777193180787134,1
319,10000,5,stress,ccmar,0.2558505160746848,full,0.25698557331929334,0.004939982179352942,0.24730338616349187,0.2666677604750948,1
319,10000,5,stress,ccmar,0.2558505160746848,cc,0.2505241681816225,0.008712123862461351,0.23344871918234625,0.2675996171808987,1
319,10000,5,stress,ccmar,0.2558505160746848,seq,0.253465181741422,0.008309461844278063,0.23717893579572724,0.2697514276871168,1
320,10000,5,stress,ccmar,0.2558505160746848,full,0.25990203150969243,0.005100665043300732,0.24990491172762055,0.2698991512917643,1
320,10000,5,stress,ccmar,0.2558505160746848,cc,0.25158902384672305,0.013854426218025526,0.22443484743292555,0.2787432002605206,1
320,10000,5,stress,ccmar,0.2558505160746848,seq,0.2520611823867037,0.013271797875220863,0.2260489365411756,0.2780734282322318,1
321,10000,5,stress,ccmar,0.2558505160746848,full,0.258982204507823,0.004629208722480066,0.2499091221348434,0.2680552868808026,1
321,10000,5,stress,ccmar,0.2558505160746848,cc,0.2518749928872528,0.00962194682259515,0.2330163236538067,0.2707336621206989,1
321,10000,5,stress,ccmar,0.2558505160746848,seq,0.24994432204939077,0.011802689819706167,0.22681147508206914,0.2730771690167124,1
322,10000,5,stress,ccmar,0.2558505160746848,full,0.2489748910668773,0.004533244608732071,0.24008989490065208,0.25785988723310255,1
322,10000,5,stress,ccmar,0.2558505160746848,cc,0.24615787419923219,0.008463132354912953,0.22957043958720713,0.26274530881125724,1
322,10000,5,stress,ccmar,0.2558505160746848,seq,0.24628155498612328,0.008189222450226918,0.23023097392229167,0.26233213604995487,1
323,10000,5,stress,ccmar,0.2558505160746848,full,0.25407995668910793,0.00460002034315615,0.2450640824883703,0.26309583088984556,1
323,10000,5,stress,ccmar,0.2558505160746848,cc,0.23323175681170805,0.009602414954416485,0.21441136933644292,0.2520521442869732,0
323,10000,5,stress,ccmar,0.2558505160746848,seq,0.2330823477873239,0.009563849061959902,0.21433754807230532,0.2518271475023425,0
324,10000,5,stress,ccmar,0.2558505160746848,full,0.2511580117093268,0.004917070667919635,0.24152073029076598,0.2607952931278876,1
324,10000,5,stress,ccmar,0.2558505160746848,cc,0.24588002144541757,0.010319952563191348,0.22565328609940072,0.2661067567914344,1
324,10000,5,stress,ccmar,0.2558505160746848,seq,0.24558727091924074,0.009773033421424042,0.22643247739354336,0.26474206444493814,1
325,10000,5,stress,ccmar,0.2558505160746848,full,0.25490187728758135,0.0046458422706390405,0.24579619375927503,0.26400756081588767,1
325,10000,5,stress,ccmar,0.2558505160746848,cc,0.2533352995804109,0.009375244581903202,0.23496015785362634,0.27171044130719546,1
325,10000,5,stress,ccmar,0.2558505160746848,seq,0.25707659814811296,0.009638752837538997,0.23818498973065327,0.27596820656557264,1
326,10000,5,stress,ccmar,0.2558505160746848,full,0.2663945020141137,0.004501148525201104,0.2575724130156539,0.27521659101257345,0
326,10000,5,stress,ccmar,0.2558505160746848,cc,0.27531159044488585,0.007006396648309945,0.2615793053527962,0.28904387553697547,0
326,10000,5,stress,ccmar,0.2558505160746848,seq,0.27218623316675455,0.0067980555213840955,0.2588622891799381,0.285510177153571,0
327,10000,5,stress,ccmar,0.2558505160746848,full,0.2577869157215153,0.004588280583135303,0.24879405102760566,0.26677978041542494,1
327,10000,5,stress,ccmar,0.2558505160746848,cc,0.2537491370243665,0.008039503403963925,0.23799199989901007,0.269506274149723,1
327,10000,5,stress,ccmar,0.2558505160746848,seq,0.25499271211738095,0.007908224458272219,0.23949287699750862,0.2704925472372533,1
328,10000,5,stress,ccmar,0.2558505160746848,full,0.25495791156293024,0.004864196055076886,0.24542426248123772,0.26449156064462276,1
328,10000,5,stress,ccmar,0.2558505160746848,cc,0.25149159761011636,0.009032402462643115,0.23378841408946496,0.2691947811307678,1
328,10000,5,stress,ccmar,0.2558505160746848,seq,0.25260322883166336,0.009393197556154882,0.23419289992193015,0.27101355774139657,1
329,10000,5,stress,ccmar,0.2558505160746848,full,0.2627529605001799,0.004767548716667695,0.25340873672097103,0.2720971842793887,1
329,10000,5,stress,ccmar,0.2558505160746848,cc,0.2598333245239839,0.009038951306284827,0.24211730550565436,0.2775493435423134,1
329,10000,5,stress,ccmar,0.2558505160746848,seq,0.2614504096155392,0.008760728942875065,0.24427969640918643,0.278621122821892,1
330,10000,5,stress,ccmar,0.2558505160746848,full,0.2528472503453488,0.004876804908448771,0.24328888836516102,0.2624056123255365,1
330,10000,5,stress,ccmar,0.2558505160746848,cc,0.24098843126177927,0.008123896654508555,0.22506588640481706,0.2569109761187415,1
330,10000,5,stress,ccmar,0.2558505160746848,seq,0.24218382390818302,0.007755941816608302,0.2269824572814426,0.2573851905349235,1
331,10000,5,stress,ccmar,0.2558505160746848,full,0.25516792739824157,0.004871329067816338,0.24562029786847847,0.2647155569280047,1
331,10000,5,stress,ccmar,0.2558505160746848,cc,0.276499778124041,0.02494681154341628,0.227604925969837,0.32539463027824495,1
331,10000,5,stress,ccmar,0.2558505160746848,seq,0.27934272889264933,0.026283122373920626,0.22782875563850602,0.33085670214679264,1
332,10000,5,stress,ccmar,0.2558505160746848,full,0.2558552835535723,0.004779967217289949,0.24648671996040183,0.26522384714674274,1
332,10000,5,stress,ccmar,0.2558505160746848,cc,0.24945978563856205,0.009089147158055663,0.23164538455858838,0.26727418671853576,1
332,10000,5,stress,ccmar,0.2558505160746848,seq,0.24842490963206096,0.008845886888845491,0.23108728991860872,0.2657625293455132,1
333,10000,5,stress,ccmar,0.2558505160746848,full,0.2525808955944469,0.004619098731661289,0.24352762843935613,0.26163416274953766,1
333,10000,5,stress,ccmar,0.2558505160746848,cc,0.26053298204625214,0.013199197486170959,0.23466303034852543,0.28640293374397885,1
333,10000,5,stress,ccmar,0.2558505160746848,seq,0.2619442734424688,0.013619780179839568,0.23524999481263079,0.2886385520723068,1
334,10000,5,stress,ccmar,0.2558505160746848,full,0.2629975801707341,0.004631861819604227,0.25391929782294365,0.27207586251852456,1
334,10000,5,stress,ccmar,0.2558505160746848,cc,0.2843362995118329,0.007076287534854484,0.2704670307992684,0.2982055682243974,0
334,10000,5,stress,ccmar,0.2558505160746848,seq,0.28411178035939283,0.006980211393868552,0.27043081742293434,0.2977927432958513,0
335,10000,5,stress,ccmar,0.2558505160746848,full,0.26140588119099184,0.00513773910782294,0.2513360975776959,0.27147566480428775,1
335,10000,5,stress,ccmar,0.2558505160746848,cc,0.24031165195086965,0.007856606819392854,0.22491298554416786,0.2557103183575714,0
335,10000,5,stress,ccmar,0.2558505160746848,seq,0.2377668170534531,0.007920483061797814,0.22224295551216985,0.25329067859473636,0
336,10000,5,stress,ccmar,0.2558505160746848,full,0.25609736463104,0.0049369434982850825,0.24642113318069206,0.26577359608138795,1
336,10000,5,stress,ccmar,0.2558505160746848,cc,0.26163504700671814,0.00845965127750935,0.24505443518103154,0.27821565883240473,1
336,10000,5,stress,ccmar,0.2558505160746848,seq,0.2618114959717579,0.008235488063179973,0.24567023597281562,0.2779527559707002,1
337,10000,5,stress,ccmar,0.2558505160746848,full,0.25568984526985644,0.004595711610419104,0.24668241603010244,0.26469727450961045,1
337,10000,5,stress,ccmar,0.2558505160746848,cc,0.259366068295418,0.007128104689496937,0.24539523982597292,0.27333689676486306,1
337,10000,5,stress,ccmar,0.2558505160746848,seq,0.26018282233773476,0.0070651893301415716,0.24633530570670062,0.27403033896876894,1
338,10000,5,stress,ccmar,0.2558505160746848,full,0.2562879787429075,0.0049333998321016625,0.2466186927506523,0.2659572647351627,1
338,10000,5,stress,ccmar,0.2558505160746848,cc,0.2723850390463712,0.007922126406667946,0.2568579566083283,0.2879121214844141,0
338,10000,5,stress,ccmar,0.2558505160746848,seq,0.2739628591999791,0.007767774055595821,0.25873830181096663,0.28918741658899155,0
339,10000,5,stress,ccmar,0.2558505160746848,full,0.25296050006445575,0.004630610863566464,0.24388466954544558,0.2620363305834659,1
339,10000,5,stress,ccmar,0.2558505160746848,cc,0.25401210028726384,0.008619914338994634,0.23711737863301396,0.2709068219415137,1
339,10000,5,stress,ccmar,0.2558505160746848,seq,0.2543297987311558,0.008824120727980656,0.23703483990908036,0.27162475755323123,1
340,10000,5,stress,ccmar,0.2558505160746848,full,0.25055473512819537,0.004735379453985275,0.2412735619452533,0.25983590831113745,1
340,10000,5,stress,ccmar,0.2558505160746848,cc,0.24799637695936716,0.00831838757484803,0.23169263690321953,0.26430011701551476,1
340,10000,5,stress,ccmar,0.2558505160746848,seq,0.25082348637707674,0.008113710082076266,0.23492090683520772,0.26672606591894576,1
341,10000,5,stress,ccmar,0.2558505160746848,full,0.25684937426930227,0.004388767050516118,0.24824754891375458,0.2654511996248499,1
341,10000,5,stress,ccmar,0.2558505160746848,cc,0.25938000442078746,0.0073037555868131635,0.24506490651875046,0.27369510232282446,1
341,10000,5,stress,ccmar,0.2558505160746848,seq,0.2589261242760356,0.0071643121938354615,0.24488433040211696,0.27296791814995425,1
342,10000,5,stress,ccmar,0.2558505160746848,full,0.26352494111052,0.004789963350042639,0.2541367854571696,0.2729130967638704,1
342,10000,5,stress,ccmar,0.2558505160746848,cc,0.25690651121039143,0.008186712907740971,0.24086084875944994,0.2729521736613329,1
342,10000,5,stress,ccmar,0.2558505160746848,seq,0.2607734709447902,0.008412059549897216,0.24428613719118544,0.277260804698395,1
343,10000,5,stress,ccmar,0.2558505160746848,full,0.2583281855330446,0.004835687105789351,0.24885041296519272,0.26780595810089647,1
343,10000,5,stress,ccmar,0.2558505160746848,cc,0.25167753789632635,0.00875486924607037,0.2345183094846711,0.2688367663079816,1
343,10000,5,stress,ccmar,0.2558505160746848,seq,0.25133329901658724,0.008854079778855932,0.23397962153378524,0.2686869764993892,1
344,10000,5,stress,ccmar,0.2558505160746848,full,0.2674212141279266,0.004641550221542114,0.25832394286127014,0.276518485394583,0
344,10000,5,stress,ccmar,0.2558505160746848,cc,0.25968632901124244,0.007178597898560717,0.24561653567056851,0.2737561223519164,1
344,10000,5,stress,ccmar,0.2558505160746848,seq,0.261280348543546,0.006973617134198399,0.2476123101185457,0.2749483869685463,1
345,10000,5,stress,ccmar,0.2558505160746848,full,0.2559433742033665,0.004748257255399747,0.24663696099345198,0.265249787413281,1
345,10000,5,stress,ccmar,0.2558505160746848,cc,0.26187282889159824,0.007370999845191223,0.24742593466497312,0.27631972311822334,1
345,10000,5,stress,ccmar,0.2558505160746848,seq,0.2623700001295629,0.007404001133189773,0.2478584245670172,0.2768815756921086,1
346,10000,5,stress,ccmar,0.2558505160746848,full,0.25849319880470223,0.004628636905305929,0.2494212371727897,0.26756516043661477,1
346,10000,5,stress,ccmar,0.2558505160746848,cc,0.2644388561436123,0.008547760811733364,0.24768555280415203,0.2811921594830725,1
346,10000,5,stress,ccmar,0.2558505160746848,seq,0.2678064347298122,0.008301581613697059,0.2515356337522461,0.2840772357073783,1
347,10000,5,stress,ccmar,0.2558505160746848,full,0.2648012692694273,0.004612276045789826,0.25576137433292245,0.2738411642059322,1
347,10000,5,stress,ccmar,0.2558505160746848,cc,0.26149313596708235,0.013898199652377326,0.2342531651984757,0.288733106735689,1
347,10000,5,stress,ccmar,0.2558505160746848,seq,0.2581857169658042,0.013549603678089845,0.23162898175195668,0.2847424521796518,1
348,10000,5,stress,ccmar,0.2558505160746848,full,0.24849579498814522,0.004575252286396963,0.23952846528662264,0.2574631246896678,1
348,10000,5,stress,ccmar,0.2558505160746848,cc,0.24574702206218835,0.007551032178711954,0.2309472709458099,0.2605467731785668,1
348,10000,5,stress,ccmar,0.2558505160746848,seq,0.2463496114224844,0.007649718954509924,0.23135643777979156,0.2613427850651773,1
349,10000,5,stress,ccmar,0.2558505160746848,full,0.256756303590269,0.004727989450426816,0.24748961454814714,0.2660229926323909,1
349,10000,5,stress,ccmar,0.2558505160746848,cc,0.26371735033902444,0.009534020721580758,0.2450310130968676,0.2824036875811813,1
349,10000,5,stress,ccmar,0.2558505160746848,seq,0.26400121416450395,0.009449841265684933,0.2454798656241411,0.2825225627048668,1
350,10000,5,stress,ccmar,0.2558505160746848,full,0.2591672205984829,0.004746545042312685,0.2498641632645529,0.2684702779324129,1
350,10000,5,stress,ccmar,0.2558505160746848,cc,0.2741856473123747,0.014545811607203907,0.24567638043635037,0.30269491418839906,1
350,10000,5,stress,ccmar,0.2558505160746848,seq,0.27675179552692514,0.014269499516300275,0.24878409039756488,0.3047195006562854,1
351,10000,5,stress,ccmar,0.2558505160746848,full,0.2540397496798245,0.004803679063901417,0.24462471172128866,0.2634547876383604,1
351,10000,5,stress,ccmar,0.2558505160746848,cc,0.24575060139317106,0.022216707711599785,0.2022066544233822,0.2892945483629599,1
351,10000,5,stress,ccmar,0.2558505160746848,seq,0.24679691524313188,0.022189780218616423,0.20330574518978436,0.2902880852964794,1
352,10000,5,stress,ccmar,0.2558505160746848,full,0.2552873344200749,0.004583599715212441,0.24630364405871047,0.2642710247814393,1
352,10000,5,stress,ccmar,0.2558505160746848,cc,0.24598108231436827,0.018651680877054655,0.2094244595442067,0.28253770508452986,1
352,10000,5,stress,ccmar,0.2558505160746848,seq,0.2395149295773737,0.020706823126180822,0.19893030201581818,0.2800995571389292,1
353,10000,5,stress,ccmar,0.2558505160746848,full,0.26919713262423545,0.004647977134632733,0.2600872648393896,0.2783070004090813,0
353,10000,5,stress,ccmar,0.2558505160746848,cc,0.27865443031720777,0.009395862793127548,0.26023887763899783,0.2970699829954177,0
353,10000,5,stress,ccmar,0.2558505160746848,seq,0.27512713595920657,0.009269475016373114,0.25695929877152146,0.2932949731468917,0
354,10000,5,stress,ccmar,0.2558505160746848,full,0.256154169705603,0.004520225205415263,0.24729469110097893,0.2650136483102271,1
354,10000,5,stress,ccmar,0.2558505160746848,cc,0.2637158303777273,0.007052789235274519,0.24989261748603744,0.27753904326941714,1
354,10000,5,stress,ccmar,0.2558505160746848,seq,0.26482382989063397,0.006998888062817644,0.2511062613556841,0.27854139842558384,1
355,10000,5,stress,ccmar,0.2558505160746848,full,0.2640553012726521,0.004678295519371149,0.2548860105456495,0.27322459199965465,1
355,10000,5,stress,ccmar,0.2558505160746848,cc,0.2497259785858215,0.009427847658708792,0.23124773672302198,0.268204220448621,1
355,10000,5,stress,ccmar,0.2558505160746848,seq,0.2530054706419891,0.009478118227861296,0.23442870027416834,0.2715822410098098,1
356,10000,5,stress,ccmar,0.2558505160746848,full,0.2529365483616748,0.004486198840152475,0.24414376020749057,0.261729336515859,1
356,10000,5,stress,ccmar,0.2558505160746848,cc,0.2547769874152438,0.007651311521406757,0.23978069239879019,0.2697732824316974,1
356,10000,5,stress,ccmar,0.2558505160746848,seq,0.25326272073165346,0.00765104946922935,0.23826693932802964,0.2682585021352773,1
357,10000,5,stress,ccmar,0.2558505160746848,full,0.2648217199736212,0.004733949776006962,0.2555433489080261,0.2741000910392163,1
357,10000,5,stress,ccmar,0.2558505160746848,cc,0.269307258740143,0.007402739750757354,0.25479815544173556,0.28381636203855043,1
357,10000,5,stress,ccmar,0.2558505160746848,seq,0.2659923202095077,0.007437869507312753,0.251414363853466,0.2805702765655494,1
358,10000,5,stress,ccmar,0.2558505160746848,full,0.25401311966684686,0.00498672821287096,0.24423931196893,0.2637869273647637,1
358,10000,5,stress,ccmar,0.2558505160746848,cc,0.2506706413506862,0.008279986031262798,0.23444216693691636,0.266899115764456,1
358,10000,5,stress,ccmar,0.2558505160746848,seq,0.2473746735417908,0.008612074664850549,0.23049531736651385,0.26425402971706774,1
359,10000,5,stress,ccmar,0.2558505160746848,full,0.2551453710773202,0.004697761251608959,0.24593792821619884,0.26435281393844157,1
359,10000,5,stress,ccmar,0.2558505160746848,cc,0.2543577366073846,0.009245780083881914,0.23623634063399832,0.27247913258077083,1
359,10000,5,stress,ccmar,0.2558505160746848,seq,0.25400760460497923,0.009555953069501267,0.23527828075080176,0.2727369284591567,1
360,10000,5,stress,ccmar,0.2558505160746848,full,0.2584031295715463,0.004552228925817427,0.2494809248275627,0.26732533431552996,1
360,10000,5,stress,ccmar,0.2558505160746848,cc,0.2531065068666935,0.009016158888198813,0.23543516016693314,0.2707778535664539,1
360,10000,5,stress,ccmar,0.2558505160746848,seq,0.2509290171634615,0.009303456397302696,0.23269457769300944,0.26916345663391356,1
361,10000,5,stress,ccmar,0.2558505160746848,full,0.25190282197930985,0.00472682793012371,0.24263840947514936,0.26116723448347035,1
361,10000,5,stress,ccmar,0.2558505160746848,cc,0.27404740533968536,0.009197241179878128,0.2560211438699955,0.2920736668093752,0
361,10000,5,stress,ccmar,0.2558505160746848,seq,0.2706324153471477,0.009220826636098857,0.2525599272327063,0.2887049034615891,1
362,10000,5,stress,ccmar,0.2558505160746848,full,0.24920725286192363,0.0047585271975153194,0.2398807109353393,0.25853379478850796,1
362,10000,5,stress,ccmar,0.2558505160746848,cc,0.2321936121180881,0.016566809955545683,0.19972326126649895,0.26466396296967726,1
362,10000,5,stress,ccmar,0.2558505160746848,seq,0.2245975373682705,0.021770049541369674,0.18192902432553323,0.2672660504110078,1
363,10000,5,stress,ccmar,0.2558505160746848,full,0.24760629872630457,0.004690425194019437,0.2384132342738472,0.25679936317876195,1
363,10000,5,stress,ccmar,0.2558505160746848,cc,0.24471289743726102,0.008004788400383033,0.2290238004686463,0.26040199440587575,1
363,10000,5,stress,ccmar,0.2558505160746848,seq,0.24664178643681162,0.007685065339025585,0.23157933515348436,0.26170423772013884,1
364,10000,5,stress,ccmar,0.2558505160746848,full,0.2589223278185204,0.004988837116602217,0.24914438674524342,0.26870026889179743,1
364,10000,5,stress,ccmar,0.2558505160746848,cc,0.2679145193973837,0.008667371928216835,0.2509267825774652,0.2849022562173022,1
364,10000,5,stress,ccmar,0.2558505160746848,seq,0.2697538817321709,0.008368240018772176,0.2533524326813907,0.28615533078295113,1
365,10000,5,stress,ccmar,0.2558505160746848,full,0.2594306142599668,0.004659993890497138,0.2502971940664157,0.26856403445351784,1
365,10000,5,stress,ccmar,0.2558505160746848,cc,0.25363524519033337,0.008876456733341781,0.23623770968265542,0.27103278069801134,1
365,10000,5,stress,ccmar,0.2558505160746848,seq,0.2548249369551548,0.008981677065557385,0.2372211733858929,0.27242870052441664,1
366,10000,5,stress,ccmar,0.2558505160746848,full,0.2525009950621114,0.004458684887009979,0.24376213326515878,0.261239856859064,1
366,10000,5,stress,ccmar,0.2558505160746848,cc,0.253358214989054,0.010664725757442933,0.23245573659946916,0.2742606933786388,1
366,10000,5,stress,ccmar,0.2558505160746848,seq,0.25704578490162416,0.010406090012721872,0.23665022325680735,0.277441346546441,1
367,10000,5,stress,ccmar,0.2558505160746848,full,0.2581344812188442,0.004715912145758806,0.24889146325890193,0.26737749917878645,1
367,10000,5,stress,ccmar,0.2558505160746848,cc,0.26368247572644316,0.008065098507198434,0.24787517312056648,0.27948977833231986,1
367,10000,5,stress,ccmar,0.2558505160746848,seq,0.2613686529270216,0.008061087471419663,0.24556921180681202,0.2771680940472312,1
368,10000,5,stress,ccmar,0.2558505160746848,full,0.2617594888686215,0.004646328013647499,0.2526528533015129,0.2708661244357301,1
368,10000,5,stress,ccmar,0.2558505160746848,cc,0.27108417368872995,0.008640166138372297,0.2541497592370777,0.28801858814038217,1
368,10000,5,stress,ccmar,0.2558505160746848,seq,0.2752010126622729,0.008510557708352661,0.258520626065552,0.29188139925899387,0
369,10000,5,stress,ccmar,0.2558505160746848,full,0.24980166461755135,0.004597862396731277,0.24079001991408702,0.25881330932101565,1
369,10000,5,stress,ccmar,0.2558505160746848,cc,0.25061765393855384,0.008570483944321174,0.23381981407760555,0.26741549379950214,1
369,10000,5,stress,ccmar,0.2558505160746848,seq,0.24652132919043143,0.008291827783702237,0.23026964536836647,0.2627730130124964,1
370,10000,5,stress,ccmar,0.2558505160746848,full,0.24461875297915467,0.0048183759289812545,0.23517490969437668,0.2540625962639326,0
370,10000,5,stress,ccmar,0.2558505160746848,cc,0.23446165200695696,0.007404988448029655,0.21994814134288368,0.24897516267103023,0
370,10000,5,stress,ccmar,0.2558505160746848,seq,0.23561062316697645,0.007255164461824762,0.22139076211988498,0.24983048421406792,0
371,10000,5,stress,ccmar,0.2558505160746848,full,0.26774115587442204,0.004688716740705541,0.25855143992892915,0.27693087181991494,0
371,10000,5,stress,ccmar,0.2558505160746848,cc,0.27797917135616024,0.007207991130701582,0.263851768339101,0.29210657437321946,0
371,10000,5,stress,ccmar,0.2558505160746848,seq,0.27660848201841365,0.007037256127413398,0.2628157134586996,0.2904012505781277,0
372,10000,5,stress,ccmar,0.2558505160746848,full,0.25279613097796566,0.004609667823098811,0.24376134806399885,0.26183091389193247,1
372,10000,5,stress,ccmar,0.2558505160746848,cc,0.24824919395916994,0.010699759682464576,0.22727805033830564,0.2692203375800342,1
372,10000,5,stress,ccmar,0.2558505160746848,seq,0.2511994151246921,0.009899121701337759,0.23179749311149125,0.270601337137893,1
373,10000,5,stress,ccmar,0.2558505160746848,full,0.24746340765428212,0.005160176508132694,0.23734964754447238,0.25757716776409184,1
373,10000,5,stress,ccmar,0.2558505160746848,cc,0.25416728633969876,0.009127600326469561,0.2362775184345424,0.27205705424485516,1
373,10000,5,stress,ccmar,0.2558505160746848,seq,0.25797702373848913,0.009260557644714243,0.23982666427809216,0.27612738319888613,1
374,10000,5,stress,ccmar,0.2558505160746848,full,0.2504137318217969,0.004983754552190452,0.24064575239171604,0.2601817112518777,1
374,10000,5,stress,ccmar,0.2558505160746848,cc,0.23927185669032205,0.008909337012736152,0.22180987701922952,0.25673383636141456,1
374,10000,5,stress,ccmar,0.2558505160746848,seq,0.24109576422844,0.008795988551455752,0.2238559434591601,0.2583355849977199,1
375,10000,5,stress,ccmar,0.2558505160746848,full,0.2584320046537714,0.004800223765731959,0.24902373895520355,0.2678402703523393,1
375,10000,5,stress,ccmar,0.2558505160746848,cc,0.2537624493618599,0.009946805311214295,0.23426706919064813,0.2732578295330716,1
375,10000,5,stress,ccmar,0.2558505160746848,seq,0.2544587986216103,0.009708586017523982,0.23543031968645414,0.27348727755676644,1
376,10000,5,stress,ccmar,0.2558505160746848,full,0.26577110634399304,0.004623942427476022,0.2567083457195533,0.27483386696843276,0
376,10000,5,stress,ccmar,0.2558505160746848,cc,0.24614557613821297,0.01228083502776502,0.2220755817837156,0.2702155704927104,1
376,10000,5,stress,ccmar,0.2558505160746848,seq,0.25442703074475037,0.011132724415756754,0.2326072918400574,0.27624676964944334,1
377,10000,5,stress,ccmar,0.2558505160746848,full,0.24536266279212096,0.004844672652110367,0.2358672788770985,0.2548580467071434,0
377,10000,5,stress,ccmar,0.2558505160746848,cc,0.2474532554771784,0.007475347644788823,0.232801843321476,0.2621046676328808,1
377,10000,5,stress,ccmar,0.2558505160746848,seq,0.2465409712255072,0.007601151092981802,0.2316429888422156,0.2614389536087988,1
378,10000,5,stress,ccmar,0.2558505160746848,full,0.24197973002918657,0.0046595168062004075,0.23284724490367467,0.25111221515469845,0
378,10000,5,stress,ccmar,0.2558505160746848,cc,0.21612174598902292,0.010479751388600536,0.19558181070043226,0.23666168127761358,0
378,10000,5,stress,ccmar,0.2558505160746848,seq,0.21440887714470008,0.010430543587625678,0.19396538737377855,0.2348523669156216,0
379,10000,5,stress,ccmar,0.2558505160746848,full,0.2549524222336764,0.004581320856280664,0.24597319835374412,0.26393164611360875,1
379,10000,5,stress,ccmar,0.2558505160746848,cc,0.26985146903427415,0.008530400927562801,0.25313219044256396,0.28657074762598433,1
379,10000,5,stress,ccmar,0.2558505160746848,seq,0.27159093056144523,0.008257514436216473,0.25540649966464135,0.2877753614582491,1
380,10000,5,stress,ccmar,0.2558505160746848,full,0.25574094970153366,0.004614499355189564,0.2466966971586788,0.2647852022443885,1
380,10000,5,stress,ccmar,0.2558505160746848,cc,0.2532144986053817,0.011266019363194634,0.23113350640438934,0.27529549080637405,1
380,10000,5,stress,ccmar,0.2558505160746848,seq,0.251846218128397,0.012330238772286223,0.22767939421393665,0.27601304204285737,1
381,10000,5,stress,ccmar,0.2558505160746848,full,0.2640238239449063,0.004691177942409693,0.2548292841327146,0.273218363757098,1
381,10000,5,stress,ccmar,0.2558505160746848,cc,0.2651762599973013,0.009171664444194795,0.24720012800839294,0.2831523919862097,1
381,10000,5,stress,ccmar,0.2558505160746848,seq,0.25913939104091244,0.009557933788672287,0.24040618504849628,0.27787259703332856,1
382,10000,5,stress,ccmar,0.2558505160746848,full,0.2607262980195134,0.004863210429433421,0.25119458072858436,0.27025801531044247,1
382,10000,5,stress,ccmar,0.2558505160746848,cc,0.22723887726312825,0.011465378460032215,0.2047671484123438,0.2497106061139127,0
382,10000,5,stress,ccmar,0.2558505160746848,seq,0.22010249636107368,0.011519865593855379,0.19752397469037503,0.24268101803177233,0
383,10000,5,stress,ccmar,0.2558505160746848,full,0.2573993805379235,0.00471233187561867,0.24816337977851083,0.26663538129733616,1
383,10000,5,stress,ccmar,0.2558505160746848,cc,0.24841781341879665,0.009335833079400217,0.23011991681749455,0.26671571002009875,1
383,10000,5,stress,ccmar,0.2558505160746848,seq,0.24530546667594563,0.009550815228808195,0.2265862128044849,0.2640247205474064,1
384,10000,5,stress,ccmar,0.2558505160746848,full,0.25351044459737715,0.004551453355168021,0.24458975994393384,0.26243112925082046,1
384,10000,5,stress,ccmar,0.2558505160746848,cc,0.2532595867024867,0.006684414020737713,0.24015837596408623,0.2663607974408872,1
384,10000,5,stress,ccmar,0.2558505160746848,seq,0.2533648952125073,0.006461999807900021,0.24069960832091852,0.2660301821040961,1
385,10000,5,stress,ccmar,0.2558505160746848,full,0.25777153671220693,0.004509067779187278,0.24893392626114985,0.266609147163264,1
385,10000,5,stress,ccmar,0.2558505160746848,cc,0.26326942122711183,0.007423875964162084,0.2487188917116616,0.2778199507425621,1
385,10000,5,stress,ccmar,0.2558505160746848,seq,0.2617297382247055,0.007295561934820661,0.24743069958547567,0.27602877686393534,1
386,10000,5,stress,ccmar,0.2558505160746848,full,0.25971114726203187,0.004761644183651404,0.2503784961548805,0.26904379836918324,1
386,10000,5,stress,ccmar,0.2558505160746848,cc,0.2541039104492472,0.01405867089841335,0.22654942181785565,0.2816583990806387,1
386,10000,5,stress,ccmar,0.2558505160746848,seq,0.2539420684130139,0.015714271013255763,0.22314266318373088,0.28474147364229696,1
387,10000,5,stress,ccmar,0.2558505160746848,full,0.24562941756361234,0.004633273275881996,0.23654836881235172,0.254710466314873,0
387,10000,5,stress,ccmar,0.2558505160746848,cc,0.2400132371552386,0.008034691632239844,0.22426553092916315,0.25576094338131405,0
387,10000,5,stress,ccmar,0.2558505160746848,seq,0.24180038898907283,0.00776796170326346,0.22657546381739002,0.25702531416075564,1
388,10000,5,stress,ccmar,0.2558505160746848,full,0.26258562037887034,0.004810910973363093,0.25315640813825013,0.27201483261949055,1
388,10000,5,stress,ccmar,0.2558505160746848,cc,0.2846570560647918,0.009414742400722306,0.26620450003565393,0.30310961209392967,0
388,10000,5,stress,ccmar,0.2558505160746848,seq,0.2850911667835469,0.00932618841119261,0.2668121733845746,0.3033701601825192,0
389,10000,5,stress,ccmar,0.2558505160746848,full,0.2576356502479568,0.004623983899621258,0.24857280833960607,0.26669849215630753,1
389,10000,5,stress,ccmar,0.2558505160746848,cc,0.2596556110794385,0.012905005379379815,0.23436226531555843,0.2849489568433186,1
389,10000,5,stress,ccmar,0.2558505160746848,seq,0.2628846340818687,0.013528391827804045,0.23636947333062677,0.2893997948331106,1
390,10000,5,stress,ccmar,0.2558505160746848,full,0.2595313192383859,0.0046795682129609,0.2503595340777841,0.2687031043989877,1
390,10000,5,stress,ccmar,0.2558505160746848,cc,0.2637121461307321,0.008401163422164314,0.24724616839505476,0.2801781238664094,1
390,10000,5,stress,ccmar,0.2558505160746848,seq,0.26272682746219134,0.008452678561276052,0.24615988190919644,0.27929377301518626,1
391,10000,5,stress,ccmar,0.2558505160746848,full,0.25409556563639246,0.004742392565032239,0.24480064700837875,0.2633904842644062,1
391,10000,5,stress,ccmar,0.2558505160746848,cc,0.24261197738577847,0.007178002901854946,0.22854335021721878,0.25668060455433817,1
391,10000,5,stress,ccmar,0.2558505160746848,seq,0.2453245647907551,0.007022744224247671,0.231560239038593,0.2590888905429172,1
392,10000,5,stress,ccmar,0.2558505160746848,full,0.26516496852921595,0.0045823895319110595,0.25618365008353694,0.27414628697489496,0
392,10000,5,stress,ccmar,0.2558505160746848,cc,0.26254478333815334,0.00807830186038088,0.2467116026355639,0.2783779640407428,1
392,10000,5,stress,ccmar,0.2558505160746848,seq,0.2607050558361494,0.00812228893518917,0.24478566205115043,0.27662444962114835,1
393,10000,5,stress,ccmar,0.2558505160746848,full,0.2588574183151884,0.004657947781908033,0.2497280084207804,0.26798682820959635,1
393,10000,5,stress,ccmar,0.2558505160746848,cc,0.261004347948768,0.00786185034901916,0.24559540441284677,0.2764132914846892,1
393,10000,5,stress,ccmar,0.2558505160746848,seq,0.25939059433155376,0.007740754002599262,0.24421899527327492,0.27456219338983257,1
394,10000,5,stress,ccmar,0.2558505160746848,full,0.25887400162694385,0.004846349198347888,0.24937533174167742,0.2683726715122103,1
394,10000,5,stress,ccmar,0.2558505160746848,cc,0.24538343543217953,0.008030125928107323,0.2296446778217679,0.26112219304259116,1
394,10000,5,stress,ccmar,0.2558505160746848,seq,0.2437461551525832,0.007878078039175031,0.2283054059284042,0.2591869043767622,1
395,10000,5,stress,ccmar,0.2558505160746848,full,0.24887985834543133,0.004858843297277606,0.23935670047624338,0.2584030162146193,1
395,10000,5,stress,ccmar,0.2558505160746848,cc,0.26296630994051046,0.010093482526603866,0.24318344770978254,0.2827491721712384,1
395,10000,5,stress,ccmar,0.2558505160746848,seq,0.2607463112031854,0.010268984860559154,0.2406194707187024,0.2808731516876684,1
396,10000,5,stress,ccmar,0.2558505160746848,full,0.2573704181291606,0.0044582570180459235,0.24863239493996767,0.26610844131835354,1
396,10000,5,stress,ccmar,0.2558505160746848,cc,0.2540997727985639,0.007442026621901445,0.23951366864764878,0.268685876949479,1
396,10000,5,stress,ccmar,0.2558505160746848,seq,0.25571360650740926,0.007206631258169035,0.24158886879153738,0.2698383442232811,1
397,10000,5,stress,ccmar,0.2558505160746848,full,0.2543783978616398,0.004491157473899165,0.24557589096389953,0.26318090475938005,1
397,10000,5,stress,ccmar,0.2558505160746848,cc,0.2699070516575042,0.00884771339417555,0.25256585205938753,0.2872482512556209,1
397,10000,5,stress,ccmar,0.2558505160746848,seq,0.27181406784254253,0.008491417585973682,0.25517119519634407,0.288456940488741,1
398,10000,5,stress,ccmar,0.2558505160746848,full,0.25803101356485525,0.004397814965498015,0.2494114546218079,0.26665057250790264,1
398,10000,5,stress,ccmar,0.2558505160746848,cc,0.25862948895906734,0.008779372776902586,0.24142223450948688,0.27583674340864783,1
398,10000,5,stress,ccmar,0.2558505160746848,seq,0.2593676361718701,0.00842654573498044,0.24285191001722883,0.27588336232651134,1
399,10000,5,stress,ccmar,0.2558505160746848,full,0.25653545431462427,0.005032860802262927,0.24667122840298555,0.266399680226263,1
399,10000,5,stress,ccmar,0.2558505160746848,cc,0.3076943629392381,0.030137873166833848,0.24862521696160764,0.36676350891686854,1
399,10000,5,stress,ccmar,0.2558505160746848,seq,0.3083425614738512,0.03067673536645239,0.24821726499233837,0.368467857955364,1
400,10000,5,stress,ccmar,0.2558505160746848,full,0.2516396610295162,0.004662583031897987,0.24250116621206855,0.2607781558469638,1
400,10000,5,stress,ccmar,0.2558505160746848,cc,0.24393828589836813,0.007201894277223906,0.22982283249454416,0.2580537393021921,1
400,10000,5,stress,ccmar,0.2558505160746848,seq,0.244760648330338,0.007041550472029848,0.2309594630098385,0.2585618336508375,1
401,10000,5,stress,ccmar,0.2558505160746848,full,0.2538647586850374,0.004476984256042125,0.24509003078384198,0.2626394865862328,1
401,10000,5,stress,ccmar,0.2558505160746848,cc,0.2610344493713925,0.011533830789957787,0.23842855641929606,0.2836403423234889,1
401,10000,5,stress,ccmar,0.2558505160746848,seq,0.2575472734080506,0.012111949932421866,0.23380828775795143,0.2812862590581498,1
402,10000,5,stress,ccmar,0.2558505160746848,full,0.25142254590312635,0.004726320507653242,0.24215912792873293,0.26068596387751974,1
402,10000,5,stress,ccmar,0.2558505160746848,cc,0.2539880454399391,0.009047035993874976,0.2362561807251066,0.2717199101547716,1
402,10000,5,stress,ccmar,0.2558505160746848,seq,0.25507906979349576,0.008491234464050547,0.23843655605967143,0.2717215835273201,1
403,10000,5,stress,ccmar,0.2558505160746848,full,0.2703451145505659,0.004546442428747479,0.26143425113243607,0.2792559779686958,0
403,10000,5,stress,ccmar,0.2558505160746848,cc,0.2821006837514787,0.01078514842618999,0.26096218126822746,0.3032391862347299,0
403,10000,5,stress,ccmar,0.2558505160746848,seq,0.28178193985898836,0.010737887461407896,0.26073606716458464,0.3028278125533921,0
404,10000,5,stress,ccmar,0.2558505160746848,full,0.25733439995350016,0.004764192143735367,0.24799675493635018,0.26667204497065017,1
404,10000,5,stress,ccmar,0.2558505160746848,cc,0.27299274224405146,0.0076738813055255315,0.2579522112635862,0.2880332732245167,0
404,10000,5,stress,ccmar,0.2558505160746848,seq,0.2722233017597003,0.007182884277947,0.25814510726980516,0.2863014962495954,0
405,10000,5,stress,ccmar,0.2558505160746848,full,0.26330455042649403,0.00472162254940973,0.2540503402810588,0.2725587605719293,1
405,10000,5,stress,ccmar,0.2558505160746848,cc,0.25695960291094955,0.008494930296484297,0.24030984547866216,0.2736093603432369,1
405,10000,5,stress,ccmar,0.2558505160746848,seq,0.2571273069654335,0.008129345192602382,0.24119408317003901,0.27306053076082804,1
406,10000,5,stress,ccmar,0.2558505160746848,full,0.2599684416242285,0.00448123350817431,0.2511853853418928,0.2687514979065642,1
406,10000,5,stress,ccmar,0.2558505160746848,cc,0.2591049859110125,0.006880909521855334,0.24561865106729733,0.2725913207547277,1
406,10000,5,stress,ccmar,0.2558505160746848,seq,0.25863817125455424,0.006603207640160508,0.2456961220973999,0.27158022041170854,1
407,10000,5,stress,ccmar,0.2558505160746848,full,0.2564222370872073,0.004654902390733134,0.24729879604982097,0.2655456781245936,1
407,10000,5,stress,ccmar,0.2558505160746848,cc,0.277988515814624,0.0074731462002343855,0.26334141841096226,0.2926356132182858,0
407,10000,5,stress,ccmar,0.2558505160746848,seq,0.2773625716876787,0.0072262521221791495,0.2631993777850014,0.291525765590356,0
408,10000,5,stress,ccmar,0.2558505160746848,full,0.24312284233548717,0.004660852674319955,0.23398773895657288,0.25225794571440147,0
408,10000,5,stress,ccmar,0.2558505160746848,cc,0.25414933233221865,0.011313646766319928,0.23197499213642353,0.27632367252801376,1
408,10000,5,stress,ccmar,0.2558505160746848,seq,0.25147215606346046,0.011217021252742184,0.22948719839426543,0.2734571137326555,1
409,10000,5,stress,ccmar,0.2558505160746848,full,0.26520881427804754,0.004905169489258043,0.25559485874103705,0.27482276981505804,1
409,10000,5,stress,ccmar,0.2558505160746848,cc,0.2826212036628509,0.007697202682575044,0.2675349636232987,0.29770744370240304,0
409,10000,5,stress,ccmar,0.2558505160746848,seq,0.2807925147905977,0.0076842333945263165,0.26573169408852615,0.29585333549266923,0
410,10000,5,stress,ccmar,0.2558505160746848,full,0.2654721160018983,0.004593001731833451,0.25646999802657466,0.2744742339772219,0
410,10000,5,stress,ccmar,0.2558505160746848,cc,0.26676912413864745,0.00721442624560981,0.2526291085281317,0.2809091397491632,1
410,10000,5,stress,ccmar,0.2558505160746848,seq,0.2649839481509879,0.007055515203011353,0.25115539246071084,0.278812503841265,1
411,10000,5,stress,ccmar,0.2558505160746848,full,0.2532444775396977,0.004638084828898243,0.24415399831781553,0.26233495676157986,1
411,10000,5,stress,ccmar,0.2558505160746848,cc,0.26263419943670435,0.008617211171006183,0.245744775894356,0.2795236229790527,1
411,10000,5,stress,ccmar,0.2558505160746848,seq,0.26261075227778585,0.00863729898617634,0.2456819573411759,0.2795395472143958,1
412,10000,5,stress,ccmar,0.2558505160746848,full,0.2581869358738588,0.004842232802707337,0.248696333975794,0.26767753777192366,1
412,10000,5,stress,ccmar,0.2558505160746848,cc,0.2519058914215269,0.010998820574230642,0.2303485992236167,0.2734631836194371,1
412,10000,5,stress,ccmar,0.2558505160746848,seq,0.25976098664633007,0.011048747241438285,0.23810583997882476,0.28141613331383536,1
413,10000,5,stress,ccmar,0.2558505160746848,full,0.26236949102469387,0.004890609602507515,0.2527840723413334,0.27195490970805436,1
413,10000,5,stress,ccmar,0.2558505160746848,cc,0.25216711792485974,0.014409717809838853,0.22392458999019021,0.28040964585952927,1
413,10000,5,stress,ccmar,0.2558505160746848,seq,0.2563975219151133,0.012722941934082044,0.2314610139469181,0.28133402988330847,1
414,10000,5,stress,ccmar,0.2558505160746848,full,0.256345628602123,0.004517357070932445,0.24749177143778806,0.26519948576645797,1
414,10000,5,stress,ccmar,0.2558505160746848,cc,0.2254741977089905,0.013027413588713283,0.19994093626340476,0.25100745915457623,0
414,10000,5,stress,ccmar,0.2558505160746848,seq,0.22641130852594707,0.012458001820226843,0.201994073638968,0.2508285434129261,0
415,10000,5,stress,ccmar,0.2558505160746848,full,0.25485635126488076,0.004925897144456637,0.24520177027019707,0.26451093225956446,1
415,10000,5,stress,ccmar,0.2558505160746848,cc,0.2528907661734521,0.014927144355630258,0.22363410084438642,0.28214743150251775,1
415,10000,5,stress,ccmar,0.2558505160746848,seq,0.25487124388827553,0.015248555331190327,0.22498462462287624,0.2847578631536748,1
416,10000,5,stress,ccmar,0.2558505160746848,full,0.25386534598911664,0.004758809219195198,0.24453825131019688,0.26319244066803643,1
416,10000,5,stress,ccmar,0.2558505160746848,cc,0.24723700300576607,0.01113664405738959,0.22540958174464046,0.2690644242668917,1
416,10000,5,stress,ccmar,0.2558505160746848,seq,0.24518195429285833,0.011893675743292212,0.22187077819220793,0.26849313039350875,1
417,10000,5,stress,ccmar,0.2558505160746848,full,0.2523451773186678,0.004765253364954012,0.24300545234614962,0.26168490229118596,1
417,10000,5,stress,ccmar,0.2558505160746848,cc,0.25009509351379505,0.00801371213351362,0.23438850634963673,0.2658016806779534,1
417,10000,5,stress,ccmar,0.2558505160746848,seq,0.25313331589363597,0.007806498009929278,0.23783286094879097,0.26843377083848097,1
418,10000,5,stress,ccmar,0.2558505160746848,full,0.2534877138598085,0.004517125523675056,0.24463431051975876,0.26234111719985825,1
418,10000,5,stress,ccmar,0.2558505160746848,cc,0.24298954972647138,0.007974382721060906,0.22736004679425348,0.2586190526586893,1
418,10000,5,stress,ccmar,0.2558505160746848,seq,0.24139139148095481,0.00795416082814953,0.22580152273054244,0.2569812602313672,1
419,10000,5,stress,ccmar,0.2558505160746848,full,0.25026890690770637,0.00465414081948499,0.24114695852253806,0.2593908552928747,1
419,10000,5,stress,ccmar,0.2558505160746848,cc,0.2361328180879862,0.01231628390448435,0.21199334521182653,0.2602722909641459,1
419,10000,5,stress,ccmar,0.2558505160746848,seq,0.23781716236612493,0.01129950075198155,0.21567054784895784,0.25996377688329203,1
420,10000,5,stress,ccmar,0.2558505160746848,full,0.25842915508491,0.004907013789801479,0.2488115847852577,0.2680467253845623,1
420,10000,5,stress,ccmar,0.2558505160746848,cc,0.24920651839450939,0.008771666289390535,0.23201436838289985,0.2663986684061189,1
420,10000,5,stress,ccmar,0.2558505160746848,seq,0.24651630485669435,0.00878091760669706,0.22930602259635446,0.26372658711703423,1
421,10000,5,stress,ccmar,0.2558505160746848,full,0.25872961261507943,0.004808474751856062,0.24930517528087137,0.2681540499492875,1
421,10000,5,stress,ccmar,0.2558505160746848,cc,0.2716840272860479,0.0074811393825820515,0.25702126353286286,0.28634679103923294,0
421,10000,5,stress,ccmar,0.2558505160746848,seq,0.2690347967940589,0.007198761790115768,0.2549254829521489,0.2831441106359689,1
422,10000,5,stress,ccmar,0.2558505160746848,full,0.25185500517525866,0.004683112565433808,0.24267627321146143,0.2610337371390559,1
422,10000,5,stress,ccmar,0.2558505160746848,cc,0.24789197404556448,0.008219059326661072,0.23178291377851076,0.26400103431261823,1
422,10000,5,stress,ccmar,0.2558505160746848,seq,0.2464066205579726,0.008154657281936815,0.23042378597910915,0.26238945513683604,1
423,10000,5,stress,ccmar,0.2558505160746848,full,0.2573524066105796,0.004544712842497961,0.24844493311920696,0.2662598801019523,1
423,10000,5,stress,ccmar,0.2558505160746848,cc,0.26263197031989294,0.00833859591902546,0.24628862263697035,0.2789753180028155,1
423,10000,5,stress,ccmar,0.2558505160746848,seq,0.26355442261086537,0.00808885752960432,0.24770055317676526,0.2794082920449655,1
424,10000,5,stress,ccmar,0.2558505160746848,full,0.25876703358499653,0.004765209797388247,0.24942739400333816,0.26810667316665493,1
424,10000,5,stress,ccmar,0.2558505160746848,cc,0.25319619985971265,0.007684269441456123,0.23813530850695694,0.2682570912124684,1
424,10000,5,stress,ccmar,0.2558505160746848,seq,0.25038413727322456,0.007683358367999072,0.23532503159163193,0.2654432429548172,1
425,10000,5,stress,ccmar,0.2558505160746848,full,0.2543173388087217,0.004742211189038189,0.245022775671124,0.26361190194631945,1
425,10000,5,stress,ccmar,0.2558505160746848,cc,0.24466032428685622,0.007957063975053242,0.22906476547307075,0.2602558831006417,1
425,10000,5,stress,ccmar,0.2558505160746848,seq,0.24544667966248152,0.007707985307995294,0.23033930606544686,0.2605540532595162,1
426,10000,5,stress,ccmar,0.2558505160746848,full,0.2592712624912,0.004590514795520887,0.2502740188214808,0.26826850616091924,1
426,10000,5,stress,ccmar,0.2558505160746848,cc,0.2532061896854382,0.009190079791093781,0.23519396427984499,0.2712184150910314,1
426,10000,5,stress,ccmar,0.2558505160746848,seq,0.25395263368939175,0.009236537912019808,0.23584935203999413,0.27205591533878937,1
427,10000,5,stress,ccmar,0.2558505160746848,full,0.25570327492498646,0.004747293470377424,0.24639875069900455,0.2650077991509684,1
427,10000,5,stress,ccmar,0.2558505160746848,cc,0.2507553615692382,0.007531673973035275,0.2359935518387914,0.26551717129968505,1
427,10000,5,stress,ccmar,0.2558505160746848,seq,0.24942063860257876,0.007638105460976496,0.23445022698894613,0.2643910502162114,1
428,10000,5,stress,ccmar,0.2558505160746848,full,0.24566931969679673,0.004446812048972965,0.23695372823479097,0.2543849111588025,0
428,10000,5,stress,ccmar,0.2558505160746848,cc,0.24439523899955776,0.008556823365400245,0.22762417338130245,0.26116630461781304,1
428,10000,5,stress,ccmar,0.2558505160746848,seq,0.2474333162903607,0.008116023448328496,0.23152620263395426,0.2633404299467671,1
429,10000,5,stress,ccmar,0.2558505160746848,full,0.2576230067568413,0.0048616145228865945,0.2480944173852667,0.2671515961284159,1
429,10000,5,stress,ccmar,0.2558505160746848,cc,0.25666271762745363,0.00791427883089505,0.24115101615529158,0.2721744190996157,1
429,10000,5,stress,ccmar,0.2558505160746848,seq,0.26096783177704685,0.00786796955050101,0.24554689482660708,0.27638876872748663,1
430,10000,5,stress,ccmar,0.2558505160746848,full,0.25745467419167206,0.004702236586533346,0.24823845983528015,0.266670888548064,1
430,10000,5,stress,ccmar,0.2558505160746848,cc,0.2739656073958181,0.00791668344794443,0.2584491929608426,0.2894820218307936,0
430,10000,5,stress,ccmar,0.2558505160746848,seq,0.26913314623649964,0.008580947177451732,0.2523147988154536,0.2859514936575457,1
431,10000,5,stress,ccmar,0.2558505160746848,full,0.25199034399960857,0.00451861895491899,0.24313401358810732,0.2608466744111098,1
431,10000,5,stress,ccmar,0.2558505160746848,cc,0.23786734462685932,0.011272139473446735,0.21577435723019142,0.2599603320235272,1
431,10000,5,stress,ccmar,0.2558505160746848,seq,0.23717109882336626,0.011543292717342269,0.2145466608343719,0.2597955368123606,1
432,10000,5,stress,ccmar,0.2558505160746848,full,0.2642170108159205,0.004830595062255392,0.2547492184700029,0.27368480316183813,1
432,10000,5,stress,ccmar,0.2558505160746848,cc,0.25490038605614335,0.012739557137360594,0.2299313128879264,0.2798694592243603,1
432,10000,5,stress,ccmar,0.2558505160746848,seq,0.25365802962126743,0.013354370287046809,0.22748394482244386,0.279832114420091,1
433,10000,5,stress,ccmar,0.2558505160746848,full,0.25405639899364496,0.004709546460796599,0.24482585754696554,0.26328694044032436,1
433,10000,5,stress,ccmar,0.2558505160746848,cc,0.2327512803015853,0.009840526881416768,0.21346420202511018,0.2520383585780604,0
433,10000,5,stress,ccmar,0.2558505160746848,seq,0.232098468482753,0.01004234717771383,0.21241582969418643,0.2517811072713196,0
434,10000,5,stress,ccmar,0.2558505160746848,full,0.26510980232611703,0.004549877530626611,0.2561922062320208,0.27402739842021323,0
434,10000,5,stress,ccmar,0.2558505160746848,cc,0.26792640307815846,0.007332268968534506,0.2535554199748702,0.28229738618144673,1
434,10000,5,stress,ccmar,0.2558505160746848,seq,0.2662347931764071,0.007094653302693004,0.25232952822033067,0.2801400581324835,1
435,10000,5,stress,ccmar,0.2558505160746848,full,0.2566980208187266,0.004450547209343067,0.24797510857691896,0.26542093306053427,1
435,10000,5,stress,ccmar,0.2558505160746848,cc,0.2544526676999129,0.008206115395739315,0.2383689770712842,0.2705363583285416,1
435,10000,5,stress,ccmar,0.2558505160746848,seq,0.25179044276566975,0.00816053464102507,0.23579608877466912,0.2677847967566704,1
436,10000,5,stress,ccmar,0.2558505160746848,full,0.25653466481825327,0.004517506949788232,0.24768051389675894,0.2653888157397476,1
436,10000,5,stress,ccmar,0.2558505160746848,cc,0.26494779334647545,0.00859685877143894,0.24809825977427788,0.28179732691867304,1
436,10000,5,stress,ccmar,0.2558505160746848,seq,0.267587020632009,0.008474805778912351,0.2509767065293689,0.28419733473464914,1
437,10000,5,stress,ccmar,0.2558505160746848,full,0.2528531664610864,0.005086089100290435,0.24288461500235542,0.2628217179198174,1
437,10000,5,stress,ccmar,0.2558505160746848,cc,0.23843428327006422,0.0175161039013483,0.20410335047396003,0.27276521606616844,1
437,10000,5,stress,ccmar,0.2558505160746848,seq,0.23463937147762381,0.019240599612076116,0.1969284891969993,0.27235025375824834,1
438,10000,5,stress,ccmar,0.2558505160746848,full,0.2585850144922224,0.0046565155115899795,0.2494584117960539,0.2677116171883908,1
438,10000,5,stress,ccmar,0.2558505160746848,cc,0.24914819731923607,0.010247772246345613,0.22906293279462955,0.2692334618438426,1
438,10000,5,stress,ccmar,0.2558505160746848,seq,0.24858118340553648,0.010240713783235761,0.22850975321441147,0.2686526135966615,1
439,10000,5,stress,ccmar,0.2558505160746848,full,0.25569021100200423,0.0047919462560943975,0.24629816892420767,0.2650822530798008,1
439,10000,5,stress,ccmar,0.2558505160746848,cc,0.248705035991991,0.008129486445556082,0.23277153534589456,0.26463853663808745,1
439,10000,5,stress,ccmar,0.2558505160746848,seq,0.2503300102389595,0.007653754233648533,0.23532892759448742,0.2653310928834316,1
440,10000,5,stress,ccmar,0.2558505160746848,full,0.2460284622089377,0.004641370695049719,0.23693154280774062,0.2551253816101348,0
440,10000,5,stress,ccmar,0.2558505160746848,cc,0.2432966953442733,0.012133577446933162,0.21951532054465686,0.2670780701438898,1
440,10000,5,stress,ccmar,0.2558505160746848,seq,0.2443929096853265,0.011156906590541884,0.22252577458898684,0.26626004478166615,1
441,10000,5,stress,ccmar,0.2558505160746848,full,0.26797546215476103,0.005019875151091575,0.258136687651734,0.2778142366577881,0
441,10000,5,stress,ccmar,0.2558505160746848,cc,0.2595205173735787,0.01017953964841372,0.23956898628349027,0.2794720484636671,1
441,10000,5,stress,ccmar,0.2558505160746848,seq,0.2558266325247122,0.010571737998668888,0.23510640679332764,0.27654685825609676,1
442,10000,5,stress,ccmar,0.2558505160746848,full,0.26674981473860737,0.004609735573888693,0.25771489903553246,0.2757847304416823,0
442,10000,5,stress,ccmar,0.2558505160746848,cc,0.26387983418842836,0.009148778809944013,0.24594855721841488,0.2818111111584418,1
442,10000,5,stress,ccmar,0.2558505160746848,seq,0.26657859369351217,0.008744260226965022,0.2494401585772147,0.28371702880980965,1
443,10000,5,stress,ccmar,0.2558505160746848,full,0.24327525166273717,0.004809280116691552,0.23384923584245715,0.2527012674830172,0
443,10000,5,stress,ccmar,0.2558505160746848,cc,0.24349957922594367,0.009559507657928795,0.2247632885064684,0.262235869945419,1
443,10000,5,stress,ccmar,0.2558505160746848,seq,0.23968634322428342,0.009568951912452045,0.22093154210608174,0.2584411443424851,1
444,10000,5,stress,ccmar,0.2558505160746848,full,0.2695015309011958,0.004852610339052906,0.2599905894056454,0.27901247239674615,0
444,10000,5,stress,ccmar,0.2558505160746848,cc,0.2768635104422013,0.011216449878044082,0.25487967264683625,0.29884734823756637,1
444,10000,5,stress,ccmar,0.2558505160746848,seq,0.27769381724620373,0.010668829885795698,0.25678329491285956,0.2986043395795479,0
445,10000,5,stress,ccmar,0.2558505160746848,full,0.2513113733993845,0.004438460721233256,0.24261215023897162,0.2600105965597973,1
445,10000,5,stress,ccmar,0.2558505160746848,cc,0.25076294071341226,0.00799551893279164,0.23509201156743254,0.266433869859392,1
445,10000,5,stress,ccmar,0.2558505160746848,seq,0.2528849121940312,0.007848180624020444,0.23750276082678604,0.26826706356127633,1
446,10000,5,stress,ccmar,0.2558505160746848,full,0.24872945710529185,0.004675626828160791,0.23956539691694745,0.25789351729363624,1
446,10000,5,stress,ccmar,0.2558505160746848,cc,0.24948135346292274,0.0141993669596113,0.2216511056188166,0.2773116013070289,1
446,10000,5,stress,ccmar,0.2558505160746848,seq,0.24481528567510832,0.01429947554561003,0.21678882860790144,0.2728417427423152,1
447,10000,5,stress,ccmar,0.2558505160746848,full,0.2532494790375783,0.00461729617208117,0.24419974483434453,0.262299213240812,1
447,10000,5,stress,ccmar,0.2558505160746848,cc,0.25398183188736173,0.008192284543610583,0.23792524923078084,0.2700384145439426,1
447,10000,5,stress,ccmar,0.2558505160746848,seq,0.25279715198409203,0.007915803110443712,0.23728246297891223,0.26831184098927185,1
448,10000,5,stress,ccmar,0.2558505160746848,full,0.26698433119114656,0.004696073898137813,0.25778019548205783,0.2761884669002353,0
448,10000,5,stress,ccmar,0.2558505160746848,cc,0.27810611201740204,0.010047506923245172,0.25841336031342466,0.2977988637213794,0
448,10000,5,stress,ccmar,0.2558505160746848,seq,0.2756653353133087,0.010201424618663127,0.25567091046972873,0.2956597601568887,1
449,10000,5,stress,ccmar,0.2558505160746848,full,0.26755189339249874,0.004472136184751437,0.25878666753642754,0.27631711924856994,0
449,10000,5,stress,ccmar,0.2558505160746848,cc,0.27121126598648054,0.006871554770620717,0.25774326611826953,0.28467926585469155,0
449,10000,5,stress,ccmar,0.2558505160746848,seq,0.27075706272682126,0.0068220787252787395,0.25738603412557803,0.2841280913280645,0
450,10000,5,stress,ccmar,0.2558505160746848,full,0.2530639180617295,0.004369131469729081,0.24450057773733996,0.26162725838611905,1
450,10000,5,stress,ccmar,0.2558505160746848,cc,0.25136679330362705,0.007985087607144314,0.23571630918022707,0.267017277427027,1
450,10000,5,stress,ccmar,0.2558505160746848,seq,0.2506550200390659,0.007826114765037305,0.23531611696071567,0.2659939231174162,1
451,10000,5,stress,ccmar,0.2558505160746848,full,0.2533997294297925,0.004576626958390198,0.2444297054206726,0.2623697534389124,1
451,10000,5,stress,ccmar,0.2558505160746848,cc,0.23884718967164353,0.0084358852390166,0.22231315842545793,0.2553812209178291,0
451,10000,5,stress,ccmar,0.2558505160746848,seq,0.24141608199707762,0.008265095342700243,0.2252167927965954,0.25761537119755984,1
452,10000,5,stress,ccmar,0.2558505160746848,full,0.262322534394164,0.0046137276096686755,0.2532797944447353,0.27136527434359264,1
452,10000,5,stress,ccmar,0.2558505160746848,cc,0.27464287868787207,0.008700409988872289,0.2575903884589499,0.29169536891679426,0
452,10000,5,stress,ccmar,0.2558505160746848,seq,0.2731528935765526,0.008654764221552412,0.256189867407624,0.2901159197454812,0
453,10000,5,stress,ccmar,0.2558505160746848,full,0.2613384244129217,0.004769968885020765,0.2519894571909043,0.2706873916349391,1
453,10000,5,stress,ccmar,0.2558505160746848,cc,0.24324778831228697,0.007796083692770518,0.22796774505399672,0.2585278315705772,1
453,10000,5,stress,ccmar,0.2558505160746848,seq,0.24537266499495594,0.007601377381256912,0.230474239094795,0.2602710908951169,1
454,10000,5,stress,ccmar,0.2558505160746848,full,0.2546284320850105,0.004805197464488609,0.24521041811600966,0.2640464460540114,1
454,10000,5,stress,ccmar,0.2558505160746848,cc,0.2430414259025415,0.008927619733242163,0.22554361275771778,0.2605392390473652,1
454,10000,5,stress,ccmar,0.2558505160746848,seq,0.24161015001992991,0.008940941023121946,0.2240862276267142,0.2591340724131456,1
455,10000,5,stress,ccmar,0.2558505160746848,full,0.26037694786756455,0.004703810964683762,0.25115764778669974,0.26959624794842935,1
455,10000,5,stress,ccmar,0.2558505160746848,cc,0.26074798386215925,0.009400093143936557,0.2423241398487217,0.2791718278755968,1
455,10000,5,stress,ccmar,0.2558505160746848,seq,0.2582549527710483,0.009502231599987093,0.2396309210623152,0.27687898447978143,1
456,10000,5,stress,ccmar,0.2558505160746848,full,0.27104085899142955,0.00475793665225111,0.26171547451229427,0.2803662434705648,0
456,10000,5,stress,ccmar,0.2558505160746848,cc,0.2936296352418785,0.007808924015425338,0.27832442541363495,0.3089348450701221,0
456,10000,5,stress,ccmar,0.2558505160746848,seq,0.2936299860566211,0.007606349246720404,0.27872181547921576,0.30853815663402645,0
457,10000,5,stress,ccmar,0.2558505160746848,full,0.2593925034122557,0.00456321991323018,0.2504487567287886,0.2683362500957229,1
457,10000,5,stress,ccmar,0.2558505160746848,cc,0.25845787396606584,0.008261464941562071,0.2422657002210639,0.2746500477110678,1
457,10000,5,stress,ccmar,0.2558505160746848,seq,0.257372839891289,0.0082342589697885,0.24123398887112765,0.27351169091145033,1
458,10000,5,stress,ccmar,0.2558505160746848,full,0.2643488946589225,0.004703080991376106,0.25513102529945036,0.2735667640183946,1
458,10000,5,stress,ccmar,0.2558505160746848,cc,0.27208625889989396,0.009296043627214375,0.25386634819184073,0.2903061696079472,1
458,10000,5,stress,ccmar,0.2558505160746848,seq,0.27172829437631874,0.009643360407395007,0.25282765528788503,0.29062893346475244,1
459,10000,5,stress,ccmar,0.2558505160746848,full,0.2513047366408657,0.005242623038928518,0.2410293843000459,0.26158008898168555,1
459,10000,5,stress,ccmar,0.2558505160746848,cc,0.26410380116793114,0.008855348107466968,0.24674763780673095,0.2814599645291313,1
459,10000,5,stress,ccmar,0.2558505160746848,seq,0.2651112532280997,0.009025644597277177,0.2474213148801779,0.28280119157602146,1
460,10000,5,stress,ccmar,0.2558505160746848,full,0.2538030730020918,0.004633612109782383,0.2447213601485897,0.26288478585559394,1
460,10000,5,stress,ccmar,0.2558505160746848,cc,0.2716354101012123,0.010894739735557159,0.2502821125985828,0.29298870760384177,1
460,10000,5,stress,ccmar,0.2558505160746848,seq,0.26991686706882767,0.010215767772125508,0.24989433016103668,0.28993940397661866,1
461,10000,5,stress,ccmar,0.2558505160746848,full,0.2610446461607044,0.004580167161738194,0.2520676834805245,0.2700216088408843,1
461,10000,5,stress,ccmar,0.2558505160746848,cc,0.25767857322096904,0.012837354409464527,0.2325178209216421,0.28283932552029595,1
461,10000,5,stress,ccmar,0.2558505160746848,seq,0.25457308218647856,0.014167739519113615,0.22680482298667104,0.2823413413862861,1
462,10000,5,stress,ccmar,0.2558505160746848,full,0.2582296729396763,0.004877063925810211,0.24867080329478877,0.26778854258456386,1
462,10000,5,stress,ccmar,0.2558505160746848,cc,0.25825408777584735,0.010147255439104289,0.23836583257327476,0.27814234297841994,1
462,10000,5,stress,ccmar,0.2558505160746848,seq,0.2568199158561218,0.011023209270920162,0.23521482269107025,0.27842500902117334,1
463,10000,5,stress,ccmar,0.2558505160746848,full,0.2606480783572508,0.004522293142568324,0.25178454667028444,0.26951161004421714,1
463,10000,5,stress,ccmar,0.2558505160746848,cc,0.25374944382167186,0.007629964779770769,0.23879498765001206,0.26870389999333166,1
463,10000,5,stress,ccmar,0.2558505160746848,seq,0.25655170842748015,0.007287420870508642,0.2422686259810977,0.27083479087386264,1
464,10000,5,stress,ccmar,0.2558505160746848,full,0.2544295521777991,0.004564380820876876,0.24548353015715507,0.26337557419844315,1
464,10000,5,stress,ccmar,0.2558505160746848,cc,0.26320996164353366,0.0099323757377618,0.24374286291660108,0.28267706037046625,1
464,10000,5,stress,ccmar,0.2558505160746848,seq,0.26018435274149826,0.010995208044650923,0.23863414097145738,0.2817345645115391,1
465,10000,5,stress,ccmar,0.2558505160746848,full,0.2588476718352784,0.004631403559161921,0.24977028766145043,0.2679250560091064,1
465,10000,5,stress,ccmar,0.2558505160746848,cc,0.2650492881515238,0.008409382196706165,0.24856720191374737,0.2815313743893002,1
465,10000,5,stress,ccmar,0.2558505160746848,seq,0.26344819460076135,0.008312691001122651,0.24715561962395075,0.27974076957757193,1
466,10000,5,stress,ccmar,0.2558505160746848,full,0.24731543214064128,0.004844838395024339,0.23781972337547674,0.2568111409058058,1
466,10000,5,stress,ccmar,0.2558505160746848,cc,0.24987922797012374,0.01560254447498554,0.21929880273196767,0.2804596532082798,1
466,10000,5,stress,ccmar,0.2558505160746848,seq,0.24784349387904459,0.0159763307573793,0.21653046098948164,0.2791565267686075,1
467,10000,5,stress,ccmar,0.2558505160746848,full,0.25315773096964694,0.004773190316160699,0.24380244985861663,0.2625130120806773,1
467,10000,5,stress,ccmar,0.2558505160746848,cc,0.23593066776108226,0.007917706385878168,0.22041224840459825,0.25144908711756625,0
467,10000,5,stress,ccmar,0.2558505160746848,seq,0.23492179179806963,0.007838678322539644,0.2195582645994971,0.2502853189966422,0
468,10000,5,stress,ccmar,0.2558505160746848,full,0.2480309767282118,0.004725982553970638,0.23876822113086474,0.25729373232555885,1
468,10000,5,stress,ccmar,0.2558505160746848,cc,0.25116510758840815,0.008283593066292859,0.23492956351588845,0.26740065166092786,1
468,10000,5,stress,ccmar,0.2558505160746848,seq,0.2485688122961752,0.008413228826311948,0.2320791868029096,0.2650584377894408,1
469,10000,5,stress,ccmar,0.2558505160746848,full,0.24906853716203742,0.004765613112946621,0.23972810709641024,0.2584089672276646,1
469,10000,5,stress,ccmar,0.2558505160746848,cc,0.25245690552932626,0.010305040338763227,0.23225939760611788,0.2726544134525346,1
469,10000,5,stress,ccmar,0.2558505160746848,seq,0.25381837592699863,0.010040370043150584,0.23413961225096863,0.2734971396030286,1
470,10000,5,stress,ccmar,0.2558505160746848,full,0.25125540433185944,0.004796432521911687,0.24185456933463592,0.260656239329083,1
470,10000,5,stress,ccmar,0.2558505160746848,cc,0.25233154789669526,0.010969744536153512,0.23083124368622934,0.2738318521071612,1
470,10000,5,stress,ccmar,0.2558505160746848,seq,0.25104834657279196,0.011478328420782174,0.22855123626533638,0.27354545688024756,1
471,10000,5,stress,ccmar,0.2558505160746848,full,0.2563145848197942,0.004792591957608542,0.24692127719028514,0.26570789244930326,1
471,10000,5,stress,ccmar,0.2558505160746848,cc,0.26551767379768215,0.008025107682511889,0.24978875176790316,0.28124659582746114,1
471,10000,5,stress,ccmar,0.2558505160746848,seq,0.2664894473239217,0.007848483032532166,0.25110670324688494,0.2818721914009585,1
472,10000,5,stress,ccmar,0.2558505160746848,full,0.2570903136508118,0.004680379933891548,0.2479169375464204,0.2662636897552032,1
472,10000,5,stress,ccmar,0.2558505160746848,cc,0.264434235192739,0.010275005387585405,0.2442955946921166,0.2845728756933614,1
472,10000,5,stress,ccmar,0.2558505160746848,seq,0.2650079558506907,0.010227128798290026,0.24496315174078984,0.28505275996059154,1
473,10000,5,stress,ccmar,0.2558505160746848,full,0.2557432439015757,0.004597888151800821,0.24673154871910266,0.26475493908404873,1
473,10000,5,stress,ccmar,0.2558505160746848,cc,0.27309086529253535,0.011028158996441611,0.2514760708437284,0.2947056597413423,1
473,10000,5,stress,ccmar,0.2558505160746848,seq,0.2717536317158205,0.011133743369607976,0.24993189569827726,0.2935753677333638,1
474,10000,5,stress,ccmar,0.2558505160746848,full,0.2640247428694232,0.0045352312192765325,0.2551358530180795,0.27291363272076685,1
474,10000,5,stress,ccmar,0.2558505160746848,cc,0.25204994266018527,0.00807201822861453,0.23622907764954998,0.26787080767082055,1
474,10000,5,stress,ccmar,0.2558505160746848,seq,0.25834529723177463,0.00989933150128026,0.2389429640182425,0.27774763044530676,1
475,10000,5,stress,ccmar,0.2558505160746848,full,0.25392792096477973,0.004506639689540852,0.2450950694819809,0.26276077244757856,1
475,10000,5,stress,ccmar,0.2558505160746848,cc,0.2282450353708744,0.009162431040661105,0.2102870005203468,0.246203070221402,0
475,10000,5,stress,ccmar,0.2558505160746848,seq,0.23274951065196625,0.008799126173571058,0.21550354025634325,0.24999548104758926,0
476,10000,5,stress,ccmar,0.2558505160746848,full,0.2590662280541045,0.00452266320589383,0.2502019710563481,0.2679304850518609,1
476,10000,5,stress,ccmar,0.2558505160746848,cc,0.25999002446594466,0.008458426907159781,0.24341181236204695,0.27656823656984236,1
476,10000,5,stress,ccmar,0.2558505160746848,seq,0.2562803446352637,0.008565198807389672,0.23949286345235454,0.2730678258181729,1
477,10000,5,stress,ccmar,0.2558505160746848,full,0.2601434830423985,0.004588508419511862,0.2511501717973964,0.26913679428740056,1
477,10000,5,stress,ccmar,0.2558505160746848,cc,0.2623200386828732,0.00813880367025699,0.24636827661192706,0.2782718007538193,1
477,10000,5,stress,ccmar,0.2558505160746848,seq,0.26365169406146627,0.007884969258791986,0.2481974382950285,0.27910594982790404,1
478,10000,5,stress,ccmar,0.2558505160746848,full,0.2615073595316021,0.0048988981372650175,0.2519056956186323,0.2711090234445719,1
478,10000,5,stress,ccmar,0.2558505160746848,cc,0.25977489789647923,0.008548688622593434,0.24301977608114878,0.2765300197118097,1
478,10000,5,stress,ccmar,0.2558505160746848,seq,0.2583897559902342,0.00842861383764932,0.24186997642884564,0.27490953555162284,1
479,10000,5,stress,ccmar,0.2558505160746848,full,0.257181314047012,0.004708233338584385,0.24795334627257581,0.2664092818214482,1
479,10000,5,stress,ccmar,0.2558505160746848,cc,0.24300700769131098,0.008700806566456724,0.22595374018460618,0.2600602751980158,1
479,10000,5,stress,ccmar,0.2558505160746848,seq,0.24447447734029776,0.008478054524925806,0.22785779581247634,0.2610911588681192,1
480,10000,5,stress,ccmar,0.2558505160746848,full,0.24943067106896946,0.004678901754559918,0.24026019214283076,0.2586011499951082,1
480,10000,5,stress,ccmar,0.2558505160746848,cc,0.2412489245533509,0.010034635757314619,0.22158139987103642,0.26091644923566537,1
480,10000,5,stress,ccmar,0.2558505160746848,seq,0.24106566562152063,0.009900666190031675,0.22166071646610513,0.2604706147769361,1
481,10000,5,stress,ccmar,0.2558505160746848,full,0.24859273022011938,0.004398287157743085,0.23997224579727788,0.2572132146429609,1
481,10000,5,stress,ccmar,0.2558505160746848,cc,0.26321191903843655,0.008782475233821559,0.2459985838850313,0.2804252541918418,1
481,10000,5,stress,ccmar,0.2558505160746848,seq,0.2606846585482915,0.008705620293252425,0.2436219563104357,0.27774736078614726,1
482,10000,5,stress,ccmar,0.2558505160746848,full,0.25789109344248273,0.004718434366611308,0.2486431320205085,0.26713905486445694,1
482,10000,5,stress,ccmar,0.2558505160746848,cc,0.2515641906105532,0.012007117191196659,0.228030673357656,0.2750977078634504,1
482,10000,5,stress,ccmar,0.2558505160746848,seq,0.2507131498403549,0.012832860386122405,0.22556120566492424,0.27586509401578563,1
483,10000,5,stress,ccmar,0.2558505160746848,full,0.26031007380634735,0.004695024098509075,0.25110799566672193,0.2695121519459728,1
483,10000,5,stress,ccmar,0.2558505160746848,cc,0.279696114251256,0.012401257180711804,0.2553900968140421,0.3040021316884699,1
483,10000,5,stress,ccmar,0.2558505160746848,seq,0.2806055343288184,0.013279591138928418,0.25457801396710145,0.30663305469053537,1
484,10000,5,stress,ccmar,0.2558505160746848,full,0.2524480231294933,0.004918603741067658,0.24280773694277674,0.2620883093162099,1
484,10000,5,stress,ccmar,0.2558505160746848,cc,0.24710066716317397,0.007952876632079366,0.23151331539080822,0.2626880189355397,1
484,10000,5,stress,ccmar,0.2558505160746848,seq,0.24990444671772957,0.007675631718584667,0.23486048499071036,0.2649484084447488,1
485,10000,5,stress,ccmar,0.2558505160746848,full,0.25793264889132406,0.004636138078631041,0.2488459852298525,0.2670193125527956,1
485,10000,5,stress,ccmar,0.2558505160746848,cc,0.2543186256332326,0.013317175900878529,0.22821744049172593,0.28041981077473926,1
485,10000,5,stress,ccmar,0.2558505160746848,seq,0.25492677446508144,0.014284526644191472,0.22692961670626335,0.2829239322238995,1
486,10000,5,stress,ccmar,0.2558505160746848,full,0.2535118603398367,0.0046857673853110855,0.24432792502469455,0.26269579565497886,1
486,10000,5,stress,ccmar,0.2558505160746848,cc,0.25863557571807394,0.008540858097852386,0.241895801449216,0.2753753499869319,1
486,10000,5,stress,ccmar,0.2558505160746848,seq,0.25968327377103506,0.00851768399774698,0.24298891990375784,0.2763776276383123,1
487,10000,5,stress,ccmar,0.2558505160746848,full,0.25404379070528377,0.0052532678691274695,0.24374757488065246,0.2643400065299151,1
487,10000,5,stress,ccmar,0.2558505160746848,cc,0.2512811174060809,0.008313375309667397,0.23498720120916827,0.2675750336029935,1
487,10000,5,stress,ccmar,0.2558505160746848,seq,0.24969933188687554,0.008250507314567975,0.23352863469613802,0.26587002907761303,1
488,10000,5,stress,ccmar,0.2558505160746848,full,0.25587612155381256,0.004365742148598698,0.2473194241767706,0.2644328189308545,1
488,10000,5,stress,ccmar,0.2558505160746848,cc,0.2549465506148251,0.006745000555838203,0.24172659244967956,0.2681665087799706,1
488,10000,5,stress,ccmar,0.2558505160746848,seq,0.2533598926990017,0.006728905046015103,0.2401714811534223,0.26654830424458115,1
489,10000,5,stress,ccmar,0.2558505160746848,full,0.24449104077299766,0.004650049493353641,0.2353771112396958,0.2536049703062995,0
489,10000,5,stress,ccmar,0.2558505160746848,cc,0.24343338185727126,0.008617269569720181,0.22654384385554674,0.2603229198589958,1
489,10000,5,stress,ccmar,0.2558505160746848,seq,0.24320641162265047,0.008511579624676741,0.2265240221067391,0.25988880113856183,1
490,10000,5,stress,ccmar,0.2558505160746848,full,0.2549465930451628,0.004559298625947938,0.2460105319435419,0.26388265414678375,1
490,10000,5,stress,ccmar,0.2558505160746848,cc,0.25950156402337554,0.006922919022622578,0.24593289207114805,0.27307023597560304,1
490,10000,5,stress,ccmar,0.2558505160746848,seq,0.25792477006437003,0.0069245947506169836,0.24435281374562562,0.27149672638311445,1
491,10000,5,stress,ccmar,0.2558505160746848,full,0.2635016756365845,0.004784927157704143,0.2541233907388368,0.2728799605343322,1
491,10000,5,stress,ccmar,0.2558505160746848,cc,0.24864606579550236,0.008945484769137917,0.23111323782374044,0.2661788937672643,1
491,10000,5,stress,ccmar,0.2558505160746848,seq,0.24880164284724715,0.008794171295029282,0.2315653838351138,0.26603790185938053,1
492,10000,5,stress,ccmar,0.2558505160746848,full,0.25538889692101363,0.005172037126297816,0.24525189042676587,0.2655259034152614,1
492,10000,5,stress,ccmar,0.2558505160746848,cc,0.26359179917838743,0.010382143294409512,0.24324317223901076,0.2839404261177641,1
492,10000,5,stress,ccmar,0.2558505160746848,seq,0.26773591908581856,0.009871965585308277,0.24838722208199546,0.28708461608964164,1
493,10000,5,stress,ccmar,0.2558505160746848,full,0.24741265539233673,0.004623167290266608,0.23835141400891055,0.25647389677576293,1
493,10000,5,stress,ccmar,0.2558505160746848,cc,0.25174375862900644,0.00928532689322911,0.2335448523335962,0.2699426649244167,1
493,10000,5,stress,ccmar,0.2558505160746848,seq,0.2512285645302849,0.009420823249303847,0.23276409025693176,0.26969303880363804,1
494,10000,5,stress,ccmar,0.2558505160746848,full,0.26533745129996106,0.004783795665802466,0.25596138408558944,0.2747135185143327,0
494,10000,5,stress,ccmar,0.2558505160746848,cc,0.2561199060319513,0.008346312478224234,0.23976143417091453,0.272478377892988,1
494,10000,5,stress,ccmar,0.2558505160746848,seq,0.25580424716391614,0.008270120908835839,0.23959510803480624,0.27201338629302607,1
495,10000,5,stress,ccmar,0.2558505160746848,full,0.2648553342493363,0.004642951651447396,0.25575531623053865,0.273955352268134,1
495,10000,5,stress,ccmar,0.2558505160746848,cc,0.27557101592222155,0.008543218260423296,0.25882661581972694,0.29231541602471617,0
495,10000,5,stress,ccmar,0.2558505160746848,seq,0.2755859236723121,0.008244807013668245,0.25942639886603913,0.2917454484785851,0
496,10000,5,stress,ccmar,0.2558505160746848,full,0.26181763339157693,0.005065443479084791,0.2518895466068475,0.2717457201763064,1
496,10000,5,stress,ccmar,0.2558505160746848,cc,0.2537166114288052,0.008305604658978658,0.23743792542737896,0.26999529743023143,1
496,10000,5,stress,ccmar,0.2558505160746848,seq,0.25347101207227596,0.00831377487920654,0.2371763127334573,0.2697657114110946,1
497,10000,5,stress,ccmar,0.2558505160746848,full,0.25822810454631706,0.004735418006884928,0.24894685580108017,0.26750935329155395,1
497,10000,5,stress,ccmar,0.2558505160746848,cc,0.30359254360360655,0.00899258246412106,0.28596740584592284,0.32121768136129025,0
497,10000,5,stress,ccmar,0.2558505160746848,seq,0.30154242705943796,0.008944060145039744,0.2840123912996,0.3190724628192759,0
498,10000,5,stress,ccmar,0.2558505160746848,full,0.25454422730609966,0.004563233367059864,0.24560045425361088,0.26348800035858844,1
498,10000,5,stress,ccmar,0.2558505160746848,cc,0.25554246777493783,0.008846115288770188,0.23820440040585913,0.27288053514401656,1
498,10000,5,stress,ccmar,0.2558505160746848,seq,0.25939745490557153,0.008585187311701284,0.24257079697410677,0.2762241128370363,1
499,10000,5,stress,ccmar,0.2558505160746848,full,0.2506851557539255,0.004675459713652367,0.24152142310399893,0.2598488884038521,1
499,10000,5,stress,ccmar,0.2558505160746848,cc,0.24181674450778443,0.009041181868996275,0.2240963536668752,0.25953713534869366,1
499,10000,5,stress,ccmar,0.2558505160746848,seq,0.2434335189280026,0.009090529942415344,0.22561640764048557,0.26125063021551964,1
500,10000,5,stress,ccmar,0.2558505160746848,full,0.25898035956098553,0.004768590837132957,0.24963409326319722,0.2683266258587738,1
500,10000,5,stress,ccmar,0.2558505160746848,cc,0.260333706327008,0.012451752529816578,0.23592871982416197,0.284738692829854,1
500,10000,5,stress,ccmar,0.2558505160746848,seq,0.2587094897416757,0.012931864555074682,0.2333635009607792,0.2840554785225721,1
