replicate,n,folds,design,scenario,psi,estimator,estimate,se,ci_lo,ci_hi,covered
1,5000,5,bounded,ccmar,0.15,full,0.15283331537391767,0.004641735195587947,0.1437356815647933,0.16193094918304204,1
1,5000,5,bounded,ccmar,0.15,cc,0.1462358049220144,0.00630991843483721,0.13386859204434812,0.1586030177996807,1
1,5000,5,bounded,ccmar,0.15,seq,0.149408970270283,0.005758768942663054,0.1381219905473756,0.1606959499931904,1
2,5000,5,bounded,ccmar,0.15,full,0.14510012352344256,0.0046697338967953425,0.13594761326833782,0.1542526337785473,1
2,5000,5,bounded,ccmar,0.15,cc,0.1491948063185994,0.0060449941594338,0.1373468354793542,0.16104277715784462,1
2,5000,5,bounded,ccmar,0.15,seq,0.14904372864865387,0.005737645756493153,0.1377981496098782,0.16028930768742952,1
3,5000,5,bounded,ccmar,0.15,full,0.15714200990622532,0.004767548573655537,0.14779778640731517,0.16648623340513546,1
3,5000,5,bounded,ccmar,0.15,cc,0.1513205331206816,0.006281376706858455,0.13900926100191022,0.163631805239453,1
3,5000,5,bounded,ccmar,0.15,seq,0.15587923960878305,0.005802249981615062,0.14450703861551933,0.16725144060204677,1
4,5000,5,bounded,ccmar,0.15,full,0.14827702049646727,0.004749820888897106,0.13896754262121291,0.15758649837172162,1
4,5000,5,bounded,ccmar,0.15,cc,0.15319319061121456,0.006234254042880454,0.14097427721669564,0.16541210400573347,1
4,5000,5,bounded,ccmar,0.15,seq,0.15040148220555227,0.005782350862540881,0.13906828276899802,0.16173468164210653,1
5,5000,5,bounded,ccmar,0.15,full,0.14812261533527238,0.004563302818527299,0.13917870616040875,0.157066524510136,1
5,5000,5,bounded,ccmar,0.15,cc,0.15010866144485327,0.0057016349359843696,0.13893366231732857,0.16128366057237797,1
5,5000,5,bounded,ccmar,0.15,seq,0.14517850717777955,0.005330795802205713,0.13473033939651904,0.15562667495904006,1
6,5000,5,bounded,ccmar,0.15,full,0.14533634260697295,0.004755786664782805,0.1360151720258428,0.1546575131881031,1
6,5000,5,bounded,ccmar,0.15,cc,0.14174278065989132,0.006553028952458189,0.12889907992342503,0.1545864813963576,1
6,5000,5,bounded,ccmar,0.15,seq,0.1517434229952645,0.005991595663652287,0.14000011128457965,0.16348673470594935,1
7,5000,5,bounded,ccmar,0.15,full,0.15304594148278833,0.0046897941360060594,0.1438541138813093,0.16223776908426735,1
7,5000,5,bounded,ccmar,0.15,cc,0.1510657718249914,0.006223689124040768,0.13886756529089786,0.16326397835908493,1
7,5000,5,bounded,ccmar,0.15,seq,0.15415232416013327,0.005798699767997046,0.1427870814576983,0.16551756686256824,1
8,5000,5,bounded,ccmar,0.15,full,0.14539252234130418,0.004750835757334029,0.13608105536046441,0.15470398932214394,1
8,5000,5,bounded,ccmar,0.15,cc,0.1454616698064527,0.00619529996431502,0.13331910500297298,0.15760423460993242,1
8,5000,5,bounded,ccmar,0.15,seq,0.14413237042801744,0.005726617924252011,0.13290840554326197,0.1553563353127729,1
9,5000,5,bounded,ccmar,0.15,full,0.1486503953781428,0.004644787444396563,0.1395467792712817,0.15775401148500393,1
9,5000,5,bounded,ccmar,0.15,cc,0.14558334268746506,0.0064863904365567255,0.13287025104214883,0.1582964343327813,1
9,5000,5,bounded,ccmar,0.15,seq,0.1482779424460526,0.005991193894053049,0.13653541818931236,0.16002046670279285,1
10,5000,5,bounded,ccmar,0.15,full,0.15011143868582547,0.004612169594148941,0.14107175239070283,0.1591511249809481,1
10,5000,5,bounded,ccmar,0.15,cc,0.15208694400387363,0.006158787467887979,0.14001594237837656,0.1641579456293707,1
10,5000,5,bounded,ccmar,0.15,seq,0.15114889986095773,0.005689371875848655,0.13999793588963927,0.16229986383227618,1
11,5000,5,bounded,ccmar,0.15,full,0.1550040442364164,0.004572064015398525,0.1460429634312237,0.1639651250416091,1
11,5000,5,bounded,ccmar,0.15,cc,0.1525149332516859,0.005963705342004026,0.1408262855669489,0.16420358093642293,1
11,5000,5,bounded,ccmar,0.15,seq,0.15249509048520765,0.005560645675364805,0.14159642523070423,0.16339375573971107,1
12,5000,5,bounded,ccmar,0.15,full,0.1504115791526369,0.004620082912800518,0.14135638303795897,0.15946677526731481,1
12,5000,5,bounded,ccmar,0.15,cc,0.14944934546947095,0.006101367322958136,0.13749088526002343,0.16140780567891846,1
12,5000,5,bounded,ccmar,0.15,seq,0.1496423397526638,0.005526028445870679,0.13881152302121344,0.16047315648411417,1
13,5000,5,bounded,ccmar,0.15,full,0.15216520424836935,0.00458955677149687,0.14316983827123356,0.16116057022550515,1
13,5000,5,bounded,ccmar,0.15,cc,0.14695683922996652,0.005922259494221116,0.13534942391419275,0.1585642545457403,1
13,5000,5,bounded,ccmar,0.15,seq,0.14848610665856157,0.005484266485878842,0.137737141864619,0.15923507145250415,1
14,5000,5,bounded,ccmar,0.15,full,0.14990089366784337,0.004675192581514989,0.14073768458728514,0.1590641027484016,1
14,5000,5,bounded,ccmar,0.15,cc,0.14856574819540866,0.006001586406596725,0.1368028549883739,0.1603286414024434,1
14,5000,5,bounded,ccmar,0.15,seq,0.14671003257721082,0.005527634234878816,0.13587606855713774,0.1575439965972839,1
15,5000,5,bounded,ccmar,0.15,full,0.1511360918101453,0.0046457173215495836,0.14203065317755426,0.16024153044273637,1
15,5000,5,bounded,ccmar,0.15,cc,0.14746282401182673,0.006176161749045113,0.1353577694210044,0.15956787860264907,1
15,5000,5,bounded,ccmar,0.15,seq,0.14956481978584116,0.005808560276497992,0.13818025084187507,0.16094938872980724,1
16,5000,5,bounded,ccmar,0.15,full,0.15447893041023575,0.0046370124255565096,0.14539055306028026,0.16356730776019124,1
16,5000,5,bounded,ccmar,0.15,cc,0.15780106442036662,0.006010932811636158,0.14601985259606967,0.16958227624466357,1
16,5000,5,bounded,ccmar,0.15,seq,0.15298631178247846,0.0055659942244344045,0.14207716356442907,0.16389546000052785,1
17,5000,5,bounded,ccmar,0.15,full,0.15274523926176523,0.0046639825577781836,0.14360400142399699,0.16188647709953347,1
17,5000,5,bounded,ccmar,0.15,cc,0.150157937497851,0.006030446461361672,0.13833847962288512,0.16197739537281688,1
17,5000,5,bounded,ccmar,0.15,seq,0.15466939586531747,0.005601574402213879,0.1436905117802568,0.16564827995037815,1
18,5000,5,bounded,ccmar,0.15,full,0.14742491084602335,0.0046900870577470674,0.13823250912848167,0.15661731256356504,1
18,5000,5,bounded,ccmar,0.15,cc,0.14525905042851509,0.0066140420106314,0.13229576629544265,0.15822233456158752,1
18,5000,5,bounded,ccmar,0.15,seq,0.1466482653784164,0.005938073577458911,0.13500985502904803,0.1582866757277848,1
19,5000,5,bounded,ccmar,0.15,full,0.14721116927239208,0.004591829081470272,0.1382113496495467,0.15621098889523746,1
19,5000,5,bounded,ccmar,0.15,cc,0.14351126780845944,0.005986069704886072,0.13177878677793642,0.15524374883898245,1
19,5000,5,bounded,ccmar,0.15,seq,0.14776320454584546,0.005377561872010866,0.13722337695206838,0.15830303213962255,1
20,5000,5,bounded,ccmar,0.15,full,0.15154188694268036,0.004581735700810392,0.14256184998241062,0.16052192390295011,1
20,5000,5,bounded,ccmar,0.15,cc,0.15009873542203908,0.006148835510277942,0.13804723927503335,0.16215023156904482,1
20,5000,5,bounded,ccmar,0.15,seq,0.15059907182371654,0.005645929157316608,0.1395332540161114,0.16166488963132167,1
21,5000,5,bounded,ccmar,0.15,full,0.1508846366231293,0.00464889223065272,0.1417729752830419,0.15999629796321668,1
21,5000,5,bounded,ccmar,0.15,cc,0.14854547074682567,0.006630515836021379,0.13554989850930127,0.16154104298435007,1
21,5000,5,bounded,ccmar,0.15,seq,0.14912639672134584,0.0060041910930591375,0.13735839842265374,0.16089439502003794,1
22,5000,5,bounded,ccmar,0.15,full,0.14644969633955057,0.004663919884461402,0.13730858133922602,0.15559081133987512,1
22,5000,5,bounded,ccmar,0.15,cc,0.14473590311689394,0.006472279559534429,0.1320504682823317,0.1574213379514562,1
22,5000,5,bounded,ccmar,0.15,seq,0.14809686754538257,0.005877503310540583,0.13657717273770809,0.15961656235305705,1
23,5000,5,bounded,ccmar,0.15,full,0.14775316900500396,0.0046512054644012755,0.13863697381008155,0.15686936419992636,1
23,5000,5,bounded,ccmar,0.15,cc,0.14917815178283872,0.005967926521179376,0.13748123073894572,0.16087507282673172,1
23,5000,5,bounded,ccmar,0.15,seq,0.1475993102713039,0.005440519007286974,0.13693608895981582,0.158262531582792,1
24,5000,5,bounded,ccmar,0.15,full,0.152629066849255,0.004704159663127449,0.14340908333199914,0.16184905036651087,1
24,5000,5,bounded,ccmar,0.15,cc,0.15061926703759024,0.006205819589912105,0.13845608414680938,0.1627824499283711,1
24,5000,5,bounded,ccmar,0.15,seq,0.15093070615158072,0.005719802649842039,0.13972009895921356,0.16214131334394788,1
25,5000,5,bounded,ccmar,0.15,full,0.15431778419948708,0.00478849906740974,0.14493249848736034,0.16370306991161382,1
25,5000,5,bounded,ccmar,0.15,cc,0.15565609986294804,0.006021526185113462,0.14385412540816078,0.1674580743177353,1
25,5000,5,bounded,ccmar,0.15,seq,0.15214855136155342,0.005594032823907439,0.14118444849835995,0.16311265422474688,1
26,5000,5,bounded,ccmar,0.15,full,0.145775375909886,0.004655484003029562,0.1366507949333457,0.15489995688642633,1
26,5000,5,bounded,ccmar,0.15,cc,0.14063258762497985,0.0063352882810974185,0.12821565076235025,0.15304952448760945,1
26,5000,5,bounded,ccmar,0.15,seq,0.14030098013828074,0.005833400416690335,0.12886772541416674,0.15173423486239473,1
27,5000,5,bounded,ccmar,0.15,full,0.15092201961961216,0.004633444700518958,0.14184063488223703,0.1600034043569873,1
27,5000,5,bounded,ccmar,0.15,cc,0.1490183699248395,0.006203474390182634,0.13685978354106496,0.16117695630861403,1
27,5000,5,bounded,ccmar,0.15,seq,0.14853052550610515,0.005720698096106068,0.1373181632713104,0.1597428877408999,1
28,5000,5,bounded,ccmar,0.15,full,0.15397873836893292,0.004674867637338493,0.14481616616725762,0.1631413105706082,1
28,5000,5,bounded,ccmar,0.15,cc,0.16195135104623545,0.0057616499896068615,0.15065872457508042,0.17324397751739049,0
28,5000,5,bounded,ccmar,0.15,seq,0.1586986235160691,0.005275049137526514,0.14835971718983804,0.16903752984230014,1
29,5000,5,bounded,ccmar,0.15,full,0.14805431140626418,0.004714604738310252,0.1388138559178342,0.15729476689469415,1
29,5000,5,bounded,ccmar,0.15,cc,0.1515392043564182,0.006059298669282833,0.1396631971930524,0.16341521151978403,1
29,5000,5,bounded,ccmar,0.15,seq,0.15051759529722894,0.005489586614377216,0.13975820324303642,0.16127698735142146,1
30,5000,5,bounded,ccmar,0.15,full,0.14889512897634585,0.004656524501911897,0.13976850865947021,0.1580217492932215,1
30,5000,5,bounded,ccmar,0.15,cc,0.14667936609579665,0.005784743385632819,0.13534147740015004,0.15801725479144327,1
30,5000,5,bounded,ccmar,0.15,seq,0.14299930363388122,0.005366800675634109,0.13248056759743312,0.15351803967032931,1
31,5000,5,bounded,ccmar,0.15,full,0.15046498337129594,0.004703605855575036,0.14124608529689717,0.1596838814456947,1
31,5000,5,bounded,ccmar,0.15,cc,0.1517246760330054,0.0062448988440043825,0.139484899211661,0.16396445285434982,1
31,5000,5,bounded,ccmar,0.15,seq,0.14724090595295206,0.005847584522970919,0.13577985089137523,0.15870196101452888,1
32,5000,5,bounded,ccmar,0.15,full,0.1475385535493409,0.0046617065051383225,0.1384017766927737,0.1566753304059081,1
32,5000,5,bounded,ccmar,0.15,cc,0.14779197237095784,0.006006747720019754,0.13601896317550105,0.15956498156641463,1
32,5000,5,bounded,ccmar,0.15,seq,0.1473938431722819,0.00551552133473111,0.13658362000024665,0.15820406634431716,1
33,5000,5,bounded,ccmar,0.15,full,0.15112429165782718,0.004676316664218994,0.14195887941565347,0.16028970390000088,1
33,5000,5,bounded,ccmar,0.15,cc,0.1489659873555461,0.006191982524833967,0.13682992461397012,0.16110205009712206,1
33,5000,5,bounded,ccmar,0.15,seq,0.15081566394537435,0.005595771484611934,0.13984815336981873,0.16178317452092997,1
34,5000,5,bounded,ccmar,0.15,full,0.15233300675801192,0.004752883404257715,0.14301752646294869,0.16164848705307516,1
34,5000,5,bounded,ccmar,0.15,cc,0.14870891776550338,0.0061270194003781265,0.13670018040818405,0.1607176551228227,1
34,5000,5,bounded,ccmar,0.15,seq,0.1461548117196796,0.00569268790017596,0.13499734846010777,0.1573122749792514,1
35,5000,5,bounded,ccmar,0.15,full,0.1457398188922659,0.004646286190691951,0.13663326529664388,0.1548463724878879,1
35,5000,5,bounded,ccmar,0.15,cc,0.14775922315011106,0.006006716487228566,0.1359862751698001,0.159532171130422,1
35,5000,5,bounded,ccmar,0.15,seq,0.14525845721757974,0.005527803370190338,0.13442416169838756,0.15609275273677192,1
36,5000,5,bounded,ccmar,0.15,full,0.15981790540147212,0.004688978487611187,0.1506276764414711,0.16900813436147313,0
36,5000,5,bounded,ccmar,0.15,cc,0.1608695534031816,0.006289049515781131,0.14854324285526152,0.17319586395110168,1
36,5000,5,bounded,ccmar,0.15,seq,0.16341128401713584,0.005739928425951384,0.15216123102843343,0.17466133700583825,0
37,5000,5,bounded,ccmar,0.15,full,0.15089343867326988,0.004650821979953374,0.141777995094054,0.16000888225248575,1
37,5000,5,bounded,ccmar,0.15,cc,0.1525427012586632,0.006517700064674341,0.1397682438698671,0.1653171586474593,1
37,5000,5,bounded,ccmar,0.15,seq,0.1521988069208058,0.005990573554311005,0.14045749850761813,0.1639401153339935,1
38,5000,5,bounded,ccmar,0.15,full,0.13988008246645173,0.0045897162547361,0.1308844039079109,0.14887576102499256,0
38,5000,5,bounded,ccmar,0.15,cc,0.14382354024266134,0.006349886409869717,0.13137799157339636,0.1562690889119263,1
38,5000,5,bounded,ccmar,0.15,seq,0.13760226035158785,0.005858990779233993,0.12611884943853696,0.14908567126463873,0
39,5000,5,bounded,ccmar,0.15,full,0.1440143503724225,0.004637460331577211,0.134925095142798,0.153103605602047,1
39,5000,5,bounded,ccmar,0.15,cc,0.14439966200358287,0.0060697795247559305,0.1325031127409626,0.15629621126620313,1
39,5000,5,bounded,ccmar,0.15,seq,0.1430355320478662,0.005545004688907131,0.1321675225635025,0.1539035415322299,1
40,5000,5,bounded,ccmar,0.15,full,0.15380591193886045,0.004658030357536884,0.14467634019919393,0.16293548367852698,1
40,5000,5,bounded,ccmar,0.15,cc,0.1446488669841934,0.0064807623262603175,0.13194680623235916,0.15735092773602766,1
40,5000,5,bounded,ccmar,0.15,seq,0.14900910700183267,0.005947687042029587,0.13735185460813912,0.16066635939552623,1
41,5000,5,bounded,ccmar,0.15,full,0.1519995012411222,0.004742681870301924,0.14270401558519935,0.16129498689704502,1
41,5000,5,bounded,ccmar,0.15,cc,0.15147532366495117,0.00609690555399568,0.13952560836197742,0.16342503896792493,1
41,5000,5,bounded,ccmar,0.15,seq,0.1514929322630388,0.005644329239493513,0.14043025023674516,0.16255561428933246,1
42,5000,5,bounded,ccmar,0.15,full,0.15506368532342146,0.004773125531029853,0.14570853118891433,0.1644188394579286,1
42,5000,5,bounded,ccmar,0.15,cc,0.16110147822082385,0.006117468096809528,0.14911146107450438,0.17309149536714333,1
42,5000,5,bounded,ccmar,0.15,seq,0.16210759926273577,0.005559081135014127,0.15121200045097202,0.17300319807449951,0
43,5000,5,bounded,ccmar,0.15,full,0.1509442843617303,0.004626332340849559,0.14187683959315228,0.1600117291303083,1
43,5000,5,bounded,ccmar,0.15,cc,0.14897999011278945,0.006293600747570441,0.13664475931447703,0.16131522091110187,1
43,5000,5,bounded,ccmar,0.15,seq,0.15337217780934534,0.005599082798370709,0.142398177178081,0.16434617844060967,1
44,5000,5,bounded,ccmar,0.15,full,0.14581795402904485,0.004595625832086019,0.13681069291173434,0.15482521514635536,1
44,5000,5,bounded,ccmar,0.15,cc,0.1397111141697306,0.0062785013712751,0.12740547760514606,0.15201675073431511,1
44,5000,5,bounded,ccmar,0.15,seq,0.14268427117026744,0.005888333600404275,0.131143349384518,0.1542251929560169,1
45,5000,5,bounded,ccmar,0.15,full,0.14831727184991078,0.004639734494207515,0.1392235593434359,0.15741098435638567,1
45,5000,5,bounded,ccmar,0.15,cc,0.1564802398919308,0.0060032334872353365,0.14471411846616475,0.16824636131769685,1
45,5000,5,bounded,ccmar,0.15,seq,0.15589353025188174,0.005469889540052976,0.14517274375396555,0.16661431674979793,1
46,5000,5,bounded,ccmar,0.15,full,0.152671608513163,0.004708073762631121,0.14344395350184802,0.16189926352447798,1
46,5000,5,bounded,ccmar,0.15,cc,0.1508107412679984,0.006413231907751146,0.13824103770430304,0.16338044483169376,1
46,5000,5,bounded,ccmar,0.15,seq,0.14994694875224968,0.005915337004596017,0.13835310126682443,0.16154079623767492,1
47,5000,5,bounded,ccmar,0.15,full,0.1484969191496134,0.0046414058414660005,0.13939993086270622,0.1575939074365206,1
47,5000,5,bounded,ccmar,0.15,cc,0.14693902038934697,0.006130702629975652,0.1349230640346697,0.15895497674402426,1
47,5000,5,bounded,ccmar,0.15,seq,0.15129688346400222,0.005561754022799259,0.1403960458884449,0.16219772103955954,1
48,5000,5,bounded,ccmar,0.15,full,0.1469121417278624,0.004670711969722052,0.13775771448504703,0.15606656897067778,1
48,5000,5,bounded,ccmar,0.15,cc,0.15266780450681403,0.0059930175736693445,0.14092170590370648,0.16441390310992157,1
48,5000,5,bounded,ccmar,0.15,seq,0.1505953676392081,0.005474306868545231,0.13986592333653922,0.161324811941877,1
49,5000,5,bounded,ccmar,0.15,full,0.14700729107747712,0.0048017052777211515,0.13759612166876778,0.15641846048618646,1
49,5000,5,bounded,ccmar,0.15,cc,0.15568143022738987,0.006570074461097605,0.14280432090789216,0.16855853954688757,1
49,5000,5,bounded,ccmar,0.15,seq,0.15681614892847057,0.006053804641876715,0.1449509098609508,0.16868138799599033,1
50,5000,5,bounded,ccmar,0.15,full,0.14089570275718377,0.004642778300386544,0.13179602450022207,0.14999538101414547,0
50,5000,5,bounded,ccmar,0.15,cc,0.14023642009348947,0.006364578289214198,0.1277620758698441,0.15271076431713485,1
50,5000,5,bounded,ccmar,0.15,seq,0.1400997826169016,0.005909147808989825,0.12851806573195776,0.15168149950184542,1
51,5000,5,bounded,ccmar,0.15,full,0.14938326456298964,0.0045698992559304015,0.14042642660838967,0.15834010251758962,1
51,5000,5,bounded,ccmar,0.15,cc,0.14570466354710462,0.006334446160787014,0.13328937720995407,0.15811994988425518,1
51,5000,5,bounded,ccmar,0.15,seq,0.15366936760534583,0.005601435370985114,0.14269075601648626,0.1646479791942054,1
52,5000,5,bounded,ccmar,0.15,full,0.14650182531102415,0.004625566441996242,0.13743588167661444,0.15556776894543387,1
52,5000,5,bounded,ccmar,0.15,cc,0.1483088088738823,0.006011961289811406,0.13652558126940295,0.16009203647836162,1
52,5000,5,bounded,ccmar,0.15,seq,0.14675673545764445,0.0055126769069890995,0.13595208726154015,0.15756138365374875,1
53,5000,5,bounded,ccmar,0.15,full,0.15606939699848654,0.004737139296521722,0.14678477458755457,0.16535401940941852,1
53,5000,5,bounded,ccmar,0.15,cc,0.1596541483067241,0.006336445605166518,0.1472349431306006,0.17207335348284758,1
53,5000,5,bounded,ccmar,0.15,seq,0.1597408423464202,0.005864952724455298,0.14824574623545775,0.17123593845738264,1
54,5000,5,bounded,ccmar,0.15,full,0.15841613777136968,0.004644336477172679,0.14931340554402558,0.16751886999871377,1
54,5000,5,bounded,ccmar,0.15,cc,0.15922682385735284,0.006051533354261014,0.14736603643175838,0.1710876112829473,1
54,5000,5,bounded,ccmar,0.15,seq,0.1583819863524675,0.005618535519506806,0.14736985908837513,0.16939411361655987,1
55,5000,5,bounded,ccmar,0.15,full,0.15610165567790865,0.004670405117201004,0.14694782985498311,0.1652554815008342,1
55,5000,5,bounded,ccmar,0.15,cc,0.15872985751825963,0.006112319859088429,0.14674993073245737,0.1707097843040619,1
55,5000,5,bounded,ccmar,0.15,seq,0.15867857066764676,0.005611311094573241,0.14768060301623318,0.16967653831906035,1
56,5000,5,bounded,ccmar,0.15,full,0.1435071049153579,0.004690017569766991,0.13431483939175454,0.15269937043896126,1
56,5000,5,bounded,ccmar,0.15,cc,0.14155353309529228,0.00600339500886734,0.12978709509294478,0.15331997109763978,1
56,5000,5,bounded,ccmar,0.15,seq,0.14150926573597236,0.005515443761983625,0.13069919460372836,0.15231933686821636,1
57,5000,5,bounded,ccmar,0.15,full,0.1451089559545861,0.004718382105865893,0.1358610969617907,0.1543568149473815,1
57,5000,5,bounded,ccmar,0.15,cc,0.1448943409418188,0.006102154242131393,0.13293433839913296,0.15685434348450464,1
57,5000,5,bounded,ccmar,0.15,seq,0.14591081234747635,0.005521996725103703,0.13508789764352497,0.15673372705142774,1
58,5000,5,bounded,ccmar,0.15,full,0.14489730056316102,0.004716927413807673,0.13565229271440832,0.15414230841191373,1
58,5000,5,bounded,ccmar,0.15,cc,0.14504996963439154,0.0057597876509867816,0.13376099327985888,0.1563389459889242,1
58,5000,5,bounded,ccmar,0.15,seq,0.14445931821982327,0.005279987443003621,0.13411073299271245,0.1548079034469341,1
59,5000,5,bounded,ccmar,0.15,full,0.15812832348301084,0.004635174931609033,0.14904354755501423,0.16721309941100745,1
59,5000,5,bounded,ccmar,0.15,cc,0.1532902794117836,0.006514078396252319,0.14052292036265862,0.1660576384609086,1
59,5000,5,bounded,ccmar,0.15,seq,0.15989439026105998,0.005859659226916044,0.14840966921462673,0.17137911130749323,1
60,5000,5,bounded,ccmar,0.15,full,0.1519462806442676,0.0045145101148246465,0.14309800341136952,0.16079455787716568,1
60,5000,5,bounded,ccmar,0.15,cc,0.1523750698522076,0.005757141894387787,0.14109127908532085,0.16365886061909438,1
60,5000,5,bounded,ccmar,0.15,seq,0.15463898060923065,0.005231372659844582,0.14438567860622775,0.16489228261223354,1
61,5000,5,bounded,ccmar,0.15,full,0.15080821506683295,0.004656561208339302,0.14168152280668161,0.1599349073269843,1
61,5000,5,bounded,ccmar,0.15,cc,0.1457605401724102,0.006204908103687534,0.1335991437618019,0.15792193658301848,1
61,5000,5,bounded,ccmar,0.15,seq,0.14799285779439803,0.00579613857436341,0.1366326349392424,0.15935308064955364,1
62,5000,5,bounded,ccmar,0.15,full,0.15094734855797778,0.004654245677022738,0.14182519465581198,0.1600695024601436,1
62,5000,5,bounded,ccmar,0.15,cc,0.15160200199674423,0.00597463901700065,0.13989192470279516,0.1633120792906933,1
62,5000,5,bounded,ccmar,0.15,seq,0.1508465588465675,0.005502670232611712,0.1400615233718479,0.1616315943212871,1
63,5000,5,bounded,ccmar,0.15,full,0.14648190670878694,0.004683221549850602,0.13730296113945792,0.15566085227811596,1
63,5000,5,bounded,ccmar,0.15,cc,0.1447642751398965,0.006025806351657321,0.13295391171283547,0.15657463856695755,1
63,5000,5,bounded,ccmar,0.15,seq,0.14851794939433605,0.005529281349293768,0.13768075708933122,0.15935514169934087,1
64,5000,5,bounded,ccmar,0.15,full,0.14456304801423925,0.004609461526999585,0.13552866943319705,0.15359742659528144,1
64,5000,5,bounded,ccmar,0.15,cc,0.14691340237615597,0.005776298149266926,0.13559206603962742,0.1582347387126845,1
64,5000,5,bounded,ccmar,0.15,seq,0.14808585663739307,0.005201910861982368,0.1378902986971199,0.15828141457766623,1
65,5000,5,bounded,ccmar,0.15,full,0.13855398759510312,0.0046991695010545455,0.12934378461578716,0.14776419057441909,0
65,5000,5,bounded,ccmar,0.15,cc,0.13708189338870877,0.006389518001270967,0.12455866822764733,0.1496051185497702,0
65,5000,5,bounded,ccmar,0.15,seq,0.13866503435766453,0.005909843314403539,0.12708195430715877,0.1502481144081703,1
66,5000,5,bounded,ccmar,0.15,full,0.15845364635225145,0.004628906797534174,0.14938115574129182,0.1675261369632111,1
66,5000,5,bounded,ccmar,0.15,cc,0.15730716544975593,0.006533040130234955,0.14450264208494054,0.1701116888145713,1
66,5000,5,bounded,ccmar,0.15,seq,0.15315832562875875,0.0061633648115399405,0.14107835257455897,0.16523829868295853,1
67,5000,5,bounded,ccmar,0.15,full,0.14559698317831604,0.004699035147246656,0.13638704352762474,0.15480692282900735,1
67,5000,5,bounded,ccmar,0.15,cc,0.14925172675875875,0.00640769026607965,0.13669288461315476,0.16181056890436274,1
67,5000,5,bounded,ccmar,0.15,seq,0.14795386363351412,0.005859159482909725,0.13647012206733472,0.15943760519969352,1
68,5000,5,bounded,ccmar,0.15,full,0.1500405402827952,0.004659398119866313,0.1409082877782236,0.15917279278736682,1
68,5000,5,bounded,ccmar,0.15,cc,0.15177282948504073,0.0066693485045380245,0.13870114661580013,0.16484451235428133,1
68,5000,5,bounded,ccmar,0.15,seq,0.15136866404132793,0.006371831507450158,0.13888010377116805,0.1638572243114878,1
69,5000,5,bounded,ccmar,0.15,full,0.15607759387055908,0.004699421719362907,0.14686689655244248,0.1652882911886757,1
69,5000,5,bounded,ccmar,0.15,cc,0.15509456082273346,0.0061345950337868375,0.14307097549677297,0.16711814614869394,1
69,5000,5,bounded,ccmar,0.15,seq,0.15149921847890527,0.005667486269277739,0.14039114950824563,0.1626072874495649,1
70,5000,5,bounded,ccmar,0.15,full,0.15944173288682215,0.004618027655659899,0.1503905650021188,0.16849290077152548,0
70,5000,5,bounded,ccmar,0.15,cc,0.16431934744638216,0.006159415855039508,0.15224711420469975,0.17639158068806457,0
70,5000,5,bounded,ccmar,0.15,seq,0.15946721376673095,0.0056882815727994935,0.1483183867501211,0.1706160407833408,1
71,5000,5,bounded,ccmar,0.15,full,0.14749331439504096,0.004611251608251005,0.1384554273192166,0.15653120147086533,1
71,5000,5,bounded,ccmar,0.15,cc,0.14669747066871267,0.006217543030935146,0.13451131025575178,0.15888363108167355,1
71,5000,5,bounded,ccmar,0.15,seq,0.14329858316323338,0.00579919781185833,0.13193236431276756,0.1546648020136992,1
72,5000,5,bounded,ccmar,0.15,full,0.150977266912297,0.0046586497398427166,0.14184648120561838,0.1601080526189756,1
72,5000,5,bounded,ccmar,0.15,cc,0.1431064808691413,0.0064150446253280966,0.13053322444428098,0.1556797372940016,1
72,5000,5,bounded,ccmar,0.15,seq,0.1471795795019886,0.005958308351307365,0.13550150972464192,0.15885764927933527,1
73,5000,5,bounded,ccmar,0.15,full,0.144126765362975,0.004711867798380822,0.13489167417823456,0.15336185654771545,1
73,5000,5,bounded,ccmar,0.15,cc,0.1442423190473058,0.006054813105944503,0.13237510342653347,0.15610953466807814,1
73,5000,5,bounded,ccmar,0.15,seq,0.14271825876697186,0.005640639387448001,0.1316628087177957,0.15377370881614802,1
74,5000,5,bounded,ccmar,0.15,full,0.15189572994874828,0.004763159346715175,0.1425601091765612,0.16123135072093536,1
74,5000,5,bounded,ccmar,0.15,cc,0.15246793348382914,0.006140470072181135,0.14043283329420805,0.16450303367345023,1
74,5000,5,bounded,ccmar,0.15,seq,0.15272449975609126,0.005615690110751861,0.14171794939067986,0.16373105012150266,1
75,5000,5,bounded,ccmar,0.15,full,0.14571384570521698,0.004706538374975647,0.13648919999840903,0.15493849141202493,1
75,5000,5,bounded,ccmar,0.15,cc,0.14959330208455407,0.005966730291780362,0.1378987256072004,0.16128787856190774,1
75,5000,5,bounded,ccmar,0.15,seq,0.14809797916113407,0.005470134298974617,0.13737671294454656,0.15881924537772157,1
76,5000,5,bounded,ccmar,0.15,full,0.14360537028016448,0.004753199178132534,0.13428927107967933,0.15292146948064964,1
76,5000,5,bounded,ccmar,0.15,cc,0.14465623230847607,0.006710382307067827,0.13150412466412834,0.1578083399528238,1
76,5000,5,bounded,ccmar,0.15,seq,0.14660233535597209,0.006174030630455341,0.1345014576808325,0.15870321303111168,1
77,5000,5,bounded,ccmar,0.15,full,0.1476785307104346,0.004682641588887719,0.13850072184370527,0.15685633957716394,1
77,5000,5,bounded,ccmar,0.15,cc,0.14892794743039853,0.006053228522977095,0.13706383753517284,0.1607920573256242,1
77,5000,5,bounded,ccmar,0.15,seq,0.14811752212121632,0.005494247458218022,0.13734899498095826,0.15888604926147437,1
78,5000,5,bounded,ccmar,0.15,full,0.14439438767293442,0.00475334192357526,0.13507800869652256,0.15371076664934627,1
78,5000,5,bounded,ccmar,0.15,cc,0.14992602213589723,0.0065206137232025115,0.13714585408132268,0.16270619019047178,1
78,5000,5,bounded,ccmar,0.15,seq,0.14662440499081214,0.006135875982673853,0.13459830905116707,0.1586505009304572,1
79,5000,5,bounded,ccmar,0.15,full,0.1433896097672593,0.004619420055377627,0.13433571282925713,0.1524435067052615,1
79,5000,5,bounded,ccmar,0.15,cc,0.1432508486167423,0.0058998541353881785,0.13168734699734178,0.15481435023614284,1
79,5000,5,bounded,ccmar,0.15,seq,0.13988914050233237,0.0054005886664910165,0.12930418122069479,0.15047409978396994,1
80,5000,5,bounded,ccmar,0.15,full,0.14642987408520808,0.004600125741323589,0.13741379330785822,0.15544595486255794,1
80,5000,5,bounded,ccmar,0.15,cc,0.14364041333293154,0.006220544559814953,0.13144837003146767,0.1558324566343954,1
80,5000,5,bounded,ccmar,0.15,seq,0.1436803983483228,0.005739854975079971,0.13243048932068302,0.15493030737596258,1
81,5000,5,bounded,ccmar,0.15,full,0.15961665550255522,0.0047095484777413075,0.1503861101027368,0.16884720090237362,0
81,5000,5,bounded,ccmar,0.15,cc,0.15947161249478747,0.006340225589431923,0.14704499868564166,0.17189822630393328,1
81,5000,5,bounded,ccmar,0.15,seq,0.15671231987602283,0.00585681563477277,0.1452331721677771,0.16819146758426856,1
82,5000,5,bounded,ccmar,0.15,full,0.15052474700561944,0.004650088620969134,0.1414107407836004,0.15963875322763846,1
82,5000,5,bounded,ccmar,0.15,cc,0.15155841560646433,0.005969146105828867,0.13985910422058223,0.16325772699234642,1
82,5000,5,bounded,ccmar,0.15,seq,0.14802963703509225,0.005470958653320676,0.13730675511367596,0.15875251895650855,1
83,5000,5,bounded,ccmar,0.15,full,0.15350491399198143,0.004685739722732277,0.14432103289449746,0.1626887950894654,1
83,5000,5,bounded,ccmar,0.15,cc,0.151014793844483,0.00636224340070459,0.13854502591822437,0.1634845617707416,1
83,5000,5,bounded,ccmar,0.15,seq,0.15222375713099737,0.0058203487290529295,0.14081608324459016,0.16363143101740457,1
84,5000,5,bounded,ccmar,0.15,full,0.15284899963041426,0.004616471843060328,0.14380088108237277,0.16189711817845576,1
84,5000,5,bounded,ccmar,0.15,cc,0.15347560919402634,0.00592150765557261,0.1418696674549258,0.16508155093312687,1
84,5000,5,bounded,ccmar,0.15,seq,0.15495190272763817,0.00539287275958678,0.14438206634564096,0.16552173910963539,1
85,5000,5,bounded,ccmar,0.15,full,0.15514063655617769,0.004600047844987079,0.14612470845284192,0.16415656465951345,1
85,5000,5,bounded,ccmar,0.15,cc,0.15823678602946967,0.006067211151077436,0.1463452706867581,0.17012830137218124,1
85,5000,5,bounded,ccmar,0.15,seq,0.15491126498689442,0.005666535100595068,0.14380506027259604,0.1660174697011928,1
86,5000,5,bounded,ccmar,0.15,full,0.15297660737510177,0.004675596858886374,0.14381260592545586,0.16214060882474768,1
86,5000,5,bounded,ccmar,0.15,cc,0.15257837707838198,0.006140059684486365,0.14054408123386233,0.16461267292290163,1
86,5000,5,bounded,ccmar,0.15,seq,0.15628839114733295,0.005629600954589679,0.14525457602900488,0.16732220626566102,1
87,5000,5,bounded,ccmar,0.15,full,0.1469803399035987,0.004666340367790684,0.13783448084312358,0.15612619896407384,1
87,5000,5,bounded,ccmar,0.15,cc,0.13504207831329312,0.006600884203456041,0.12210458300839992,0.14797957361818634,0
87,5000,5,bounded,ccmar,0.15,seq,0.13767322120118994,0.006184976229683898,0.12555089054577317,0.1497955518566067,0
88,5000,5,bounded,ccmar,0.15,full,0.1536009837928446,0.004643973124473531,0.14449896372370452,0.16270300386198466,1
88,5000,5,bounded,ccmar,0.15,cc,0.15076130015586128,0.0060715207970001945,0.13886133806235498,0.16266126224936758,1
88,5000,5,bounded,ccmar,0.15,seq,0.15483588405994828,0.005445776151219312,0.14416235893569126,0.1655094091842053,1
89,5000,5,bounded,ccmar,0.15,full,0.1484714587510814,0.00467473885523648,0.1393091389576879,0.15763377854447488,1
89,5000,5,bounded,ccmar,0.15,cc,0.14835111611225751,0.006018849048653953,0.1365543887485126,0.16014784347600242,1
89,5000,5,bounded,ccmar,0.15,seq,0.14647791138491306,0.005508277321388612,0.13568188621813262,0.1572739365516935,1
90,5000,5,bounded,ccmar,0.15,full,0.15819524469364651,0.004671109832291127,0.14904003765452498,0.16735045173276805,1
90,5000,5,bounded,ccmar,0.15,cc,0.15990555145238733,0.006219702674739351,0.14771515821535075,0.1720959446894239,1
90,5000,5,bounded,ccmar,0.15,seq,0.1618480013708448,0.005636896919579809,0.1507998864239036,0.17289611631778598,0
91,5000,5,bounded,ccmar,0.15,full,0.1500913348962699,0.0047281620375781664,0.1408243075895472,0.15935836220299263,1
91,5000,5,bounded,ccmar,0.15,cc,0.1518289226112627,0.0060757804955299975,0.139920611662053,0.16373723356047243,1
91,5000,5,bounded,ccmar,0.15,seq,0.15027991182467912,0.005635704510471773,0.1392341339566445,0.16132568969271374,1
92,5000,5,bounded,ccmar,0.15,full,0.13817383728399113,0.004642054921113246,0.12907557682435225,0.14727209774363,0
92,5000,5,bounded,ccmar,0.15,cc,0.14196809081617562,0.006011894946533511,0.1301849932421316,0.15375118839021965,1
92,5000,5,bounded,ccmar,0.15,seq,0.14012968649196836,0.0054615876173335085,0.12942517146358476,0.15083420152035196,1
93,5000,5,bounded,ccmar,0.15,full,0.15094381067156573,0.004597547613394301,0.14193278293210482,0.15995483841102665,1
93,5000,5,bounded,ccmar,0.15,cc,0.14642307377907182,0.006089386680835296,0.13448809519669674,0.1583580523614469,1
93,5000,5,bounded,ccmar,0.15,seq,0.14905722903815755,0.005623400552641453,0.13803556648433765,0.16007889159197744,1
94,5000,5,bounded,ccmar,0.15,full,0.14942460672692381,0.0047016952922562,0.14020945328782014,0.1586397601660275,1
94,5000,5,bounded,ccmar,0.15,cc,0.1501491141767531,0.0070784472487993855,0.1362756125026397,0.16402261585086653,1
94,5000,5,bounded,ccmar,0.15,seq,0.15273580568368586,0.006551405993923327,0.1398952858874963,0.1655763254798754,1
95,5000,5,bounded,ccmar,0.15,full,0.14702992659658143,0.0045968689239911905,0.13802022906390732,0.15603962412925554,1
95,5000,5,bounded,ccmar,0.15,cc,0.15064411008015044,0.006087673034734516,0.13871249018241513,0.16257572997788575,1
95,5000,5,bounded,ccmar,0.15,seq,0.14674588218129542,0.005647815872110529,0.1356763664806451,0.15781539788194573,1
96,5000,5,bounded,ccmar,0.15,full,0.14342691816684436,0.004715365460679618,0.13418497168996818,0.15266886464372054,1
96,5000,5,bounded,ccmar,0.15,cc,0.1470293640781972,0.006375850982864718,0.13453292578098805,0.15952580237540634,1
96,5000,5,bounded,ccmar,0.15,seq,0.14571453465575004,0.0059307507234301685,0.13409047683654204,0.15733859247495804,1
97,5000,5,bounded,ccmar,0.15,full,0.15796739816680688,0.004682100925794769,0.1487906489802675,0.16714414735334626,1
97,5000,5,bounded,ccmar,0.15,cc,0.15978482742809288,0.006090579483751219,0.14784751099496193,0.17172214386122384,1
97,5000,5,bounded,ccmar,0.15,seq,0.15784496853441524,0.005521950407799344,0.14702214461071225,0.16866779245811822,1
98,5000,5,bounded,ccmar,0.15,full,0.15498844518474558,0.004708574424175973,0.14575980889483425,0.1642170814746569,1
98,5000,5,bounded,ccmar,0.15,cc,0.15037703537975156,0.006491195179913129,0.13765452661050182,0.1630995441490013,1
98,5000,5,bounded,ccmar,0.15,seq,0.15334856944526104,0.006039271401313691,0.14151181500582347,0.16518532388469861,1
99,5000,5,bounded,ccmar,0.15,full,0.15152724999479183,0.004649883286356724,0.1424136462212179,0.16064085376836576,1
99,5000,5,bounded,ccmar,0.15,cc,0.1526211591805175,0.006383346257272176,0.14011003041541548,0.16513228794561952,1
99,5000,5,bounded,ccmar,0.15,seq,0.15348192890266263,0.006010596094008451,0.14170137703278893,0.16526248077253633,1
100,5000,5,bounded,ccmar,0.15,full,0.14429902776054815,0.004820484760880784,0.13485105124119764,0.15374700427989865,1
100,5000,5,bounded,ccmar,0.15,cc,0.1350360343454356,0.006585465949512714,0.12212875826297581,0.14794331042789538,0
100,5000,5,bounded,ccmar,0.15,seq,0.1354261381993184,0.00611377541742255,0.12344335857160386,0.14740891782703291,0
101,5000,5,bounded,ccmar,0.15,full,0.1499850079260343,0.004698344311084964,0.14077642228933912,0.1591935935627295,1
101,5000,5,bounded,ccmar,0.15,cc,0.15106810693206224,0.006280174847039537,0.1387591904152504,0.1633770234488741,1
101,5000,5,bounded,ccmar,0.15,seq,0.14870656419403913,0.005736427335227188,0.13746337321706276,0.1599497551710155,1
102,5000,5,bounded,ccmar,0.15,full,0.15068021354279362,0.004736140267137196,0.1413975491934748,0.15996287789211244,1
102,5000,5,bounded,ccmar,0.15,cc,0.15103476374896044,0.006369541594400502,0.1385506916259056,0.16351883587201527,1
102,5000,5,bounded,ccmar,0.15,seq,0.15186519409588714,0.005794000665787065,0.1405091614645434,0.16322122672723088,1
103,5000,5,bounded,ccmar,0.15,full,0.15000161742149612,0.004732446492543722,0.14072619273734752,0.15927704210564472,1
103,5000,5,bounded,ccmar,0.15,cc,0.1487653839183026,0.006033174569317199,0.13694057904999793,0.16059018878660727,1
103,5000,5,bounded,ccmar,0.15,seq,0.14885987360730632,0.005670851576112948,0.13774520875645274,0.1599745384581599,1
104,5000,5,bounded,ccmar,0.15,full,0.1422706514948981,0.004614279862047997,0.13322682915069556,0.15131447383910063,1
104,5000,5,bounded,ccmar,0.15,cc,0.14183393815307968,0.006362850763728041,0.12936297981716954,0.15430489648898982,1
104,5000,5,bounded,ccmar,0.15,seq,0.13815731085175853,0.005872581138697826,0.12664726332362158,0.14966735837989548,0
105,5000,5,bounded,ccmar,0.15,full,0.1462920344912352,0.00473989657158994,0.13700200792047404,0.15558206106199637,1
105,5000,5,bounded,ccmar,0.15,cc,0.14860467135475325,0.006287865042345827,0.136280682332107,0.1609286603773995,1
105,5000,5,bounded,ccmar,0.15,seq,0.147324283672263,0.005831633312235864,0.13589449240923668,0.1587540749352893,1
106,5000,5,bounded,ccmar,0.15,full,0.15131025530444478,0.0048043603515396435,0.14189388204667489,0.16072662856221467,1
106,5000,5,bounded,ccmar,0.15,cc,0.1539344473525829,0.006845835392822046,0.14051685653856208,0.16735203816660374,1
106,5000,5,bounded,ccmar,0.15,seq,0.1534341392179252,0.006422238542683838,0.14084678297413988,0.16602149546171052,1
107,5000,5,bounded,ccmar,0.15,full,0.15386611614225112,0.004748574448466367,0.14455908124534989,0.16317315103915236,1
107,5000,5,bounded,ccmar,0.15,cc,0.15344009985273235,0.006075594622863375,0.14153215320725493,0.16534804649820978,1
107,5000,5,bounded,ccmar,0.15,seq,0.15183148085397757,0.005594140596757692,0.1408671667598791,0.16279579494807606,1
108,5000,5,bounded,ccmar,0.15,full,0.1521629101770872,0.004646718609922799,0.14305550905534647,0.1612703112988279,1
108,5000,5,bounded,ccmar,0.15,cc,0.15160978270564235,0.006019537701019542,0.139811705608063,0.1634078598032217,1
108,5000,5,bounded,ccmar,0.15,seq,0.15419584087321656,0.005487755354439983,0.14344003802254734,0.16495164372388577,1
109,5000,5,bounded,ccmar,0.15,full,0.14672762273097037,0.004766367267114592,0.13738571455033516,0.15606953091160558,1
109,5000,5,bounded,ccmar,0.15,cc,0.1470948293058461,0.006339445059598553,0.13466974530706258,0.15951991330462964,1
109,5000,5,bounded,ccmar,0.15,seq,0.14704888157736146,0.0056472277154470075,0.13598051864258892,0.158117244512134,1
110,5000,5,bounded,ccmar,0.15,full,0.1449768716658553,0.0046520096928722235,0.1358591002120945,0.1540946431196161,1
110,5000,5,bounded,ccmar,0.15,cc,0.14467375454948134,0.006089565377733358,0.1327384257276219,0.15660908337134077,1
110,5000,5,bounded,ccmar,0.15,seq,0.1454784400714596,0.005431317713672023,0.134833252964068,0.1561236271788512,1
111,5000,5,bounded,ccmar,0.15,full,0.14749965423544076,0.004634260620485698,0.13841667032431654,0.15658263814656498,1
111,5000,5,bounded,ccmar,0.15,cc,0.15230116740235747,0.006199214512087647,0.14015093022622763,0.1644514045784873,1
111,5000,5,bounded,ccmar,0.15,seq,0.14776655745490347,0.005722295097370069,0.136551065155148,0.15898204975465893,1
112,5000,5,bounded,ccmar,0.15,full,0.15050920020558584,0.00464730157251472,0.14140065649816064,0.15961774391301103,1
112,5000,5,bounded,ccmar,0.15,cc,0.14424246930035362,0.006353890395799723,0.1317890729628712,0.15669586563783602,1
112,5000,5,bounded,ccmar,0.15,seq,0.14791562556821167,0.005853931930483502,0.13644212981651496,0.15938912131990837,1
113,5000,5,bounded,ccmar,0.15,full,0.15067033595309126,0.0046684566378126045,0.1415203290795916,0.1598203428265909,1
113,5000,5,bounded,ccmar,0.15,cc,0.1489034263179025,0.006080897399919014,0.13698508642037796,0.16082176621542701,1
113,5000,5,bounded,ccmar,0.15,seq,0.15126442947505914,0.005543019042215168,0.1404003117866977,0.16212854716342057,1
114,5000,5,bounded,ccmar,0.15,full,0.15220344512472236,0.00467280912008537,0.14304490754272475,0.16136198270671998,1
114,5000,5,bounded,ccmar,0.15,cc,0.14762621535802006,0.006033663081125541,0.13580045302416502,0.1594519776918751,1
114,5000,5,bounded,ccmar,0.15,seq,0.14801119325758155,0.005563566213232607,0.13710680385404175,0.15891558266112135,1
115,5000,5,bounded,ccmar,0.15,full,0.14641648260897336,0.004693930187684195,0.137216548495167,0.1556164167227797,1
115,5000,5,bounded,ccmar,0.15,cc,0.14716283355143434,0.006009408744642751,0.1353846088435545,0.15894105825931418,1
115,5000,5,bounded,ccmar,0.15,seq,0.14827966079250715,0.005533228872957402,0.1374347314832935,0.1591245901017208,1
116,5000,5,bounded,ccmar,0.15,full,0.1419193218695053,0.004660364384580641,0.13278517552089406,0.15105346821811652,1
116,5000,5,bounded,ccmar,0.15,cc,0.14080953398450455,0.006112478164885104,0.12882929692504227,0.15278977104396682,1
116,5000,5,bounded,ccmar,0.15,seq,0.14466992688842353,0.0055528577407235845,0.13378652570533087,0.1555533280715162,1
117,5000,5,bounded,ccmar,0.15,full,0.14236682603091202,0.004651715988166297,0.13324963022779693,0.15148402183402712,1
117,5000,5,bounded,ccmar,0.15,cc,0.13195981526300102,0.006529541657535271,0.11916214877867792,0.1447574817473241,0
117,5000,5,bounded,ccmar,0.15,seq,0.13241758285516034,0.006060398439356155,0.12053942018205953,0.14429574552826116,0
118,5000,5,bounded,ccmar,0.15,full,0.14639055295274403,0.004622879329815822,0.13732987596143037,0.1554512299440577,1
118,5000,5,bounded,ccmar,0.15,cc,0.14536064614281835,0.006132710622092029,0.13334075419591174,0.15738053808972496,1
118,5000,5,bounded,ccmar,0.15,seq,0.1463891817431487,0.005564085584995111,0.1354837743896598,0.15729458909663757,1
119,5000,5,bounded,ccmar,0.15,full,0.1471506527791083,0.004719715304547325,0.13790018076491306,0.15640112479330354,1
119,5000,5,bounded,ccmar,0.15,cc,0.1432638123881544,0.006483313771385131,0.130556750895767,0.1559708738805418,1
119,5000,5,bounded,ccmar,0.15,seq,0.14291602402632406,0.005896787828221782,0.1313585322585352,0.15447351579411292,1
120,5000,5,bounded,ccmar,0.15,full,0.1577177419109815,0.004593409321955175,0.14871482507369882,0.1667206587482642,1
120,5000,5,bounded,ccmar,0.15,cc,0.16163037606887293,0.006223701762148009,0.14943214476454436,0.1738286073732015,1
120,5000,5,bounded,ccmar,0.15,seq,0.15913064740316277,0.00563853517082853,0.14807932154277645,0.17018197326354909,1
121,5000,5,bounded,ccmar,0.15,full,0.15093844215253702,0.004659450582304091,0.1418060868234768,0.16007079748159722,1
121,5000,5,bounded,ccmar,0.15,cc,0.14388034336745592,0.006550335109580334,0.13104192246601024,0.1567187642689016,1
121,5000,5,bounded,ccmar,0.15,seq,0.14632096120107085,0.006035979796440596,0.13449065818863587,0.15815126421350584,1
122,5000,5,bounded,ccmar,0.15,full,0.14869477004308956,0.004759396693200078,0.13936652393627838,0.15802301614990075,1
122,5000,5,bounded,ccmar,0.15,cc,0.15250119358866,0.006212489938849102,0.1403249370541983,0.16467745012312168,1
122,5000,5,bounded,ccmar,0.15,seq,0.14817957914054594,0.0057002388523402945,0.13700731628668303,0.15935184199440885,1
123,5000,5,bounded,ccmar,0.15,full,0.15020151718290417,0.004638669779040203,0.141109891479811,0.15929314288599733,1
123,5000,5,bounded,ccmar,0.15,cc,0.1411650444204674,0.00611719178323245,0.12917556883880746,0.15315452000212734,1
123,5000,5,bounded,ccmar,0.15,seq,0.1428924674477701,0.005569845060961993,0.13197577172881628,0.1538091631667239,1
124,5000,5,bounded,ccmar,0.15,full,0.15665977020429053,0.00471136964729192,0.1474256553777432,0.16589388503083788,1
124,5000,5,bounded,ccmar,0.15,cc,0.14999754050958164,0.006383187081239999,0.13748672372376988,0.1625083572953934,1
124,5000,5,bounded,ccmar,0.15,seq,0.151864173986554,0.005879140495055721,0.1403412703561938,0.1633870776169142,1
125,5000,5,bounded,ccmar,0.15,full,0.15076661731774826,0.004737187919751173,0.14148189960703775,0.16005133502845878,1
125,5000,5,bounded,ccmar,0.15,cc,0.14817247081509463,0.006650964470913679,0.13513681998964833,0.16120812164054094,1
125,5000,5,bounded,ccmar,0.15,seq,0.14833381696466455,0.006114192941604404,0.1363502190045909,0.1603174149247382,1
126,5000,5,bounded,ccmar,0.15,full,0.15254763618032727,0.004728836390986093,0.14327928716521215,0.16181598519544238,1
126,5000,5,bounded,ccmar,0.15,cc,0.15428002711955952,0.006285872447498894,0.14195994351104904,0.16660011072807,1
126,5000,5,bounded,ccmar,0.15,seq,0.15291830111161483,0.005816643710568127,0.14151788892799988,0.1643187132952298,1
127,5000,5,bounded,ccmar,0.15,full,0.14899976983082952,0.004581174374822131,0.14002083304928034,0.1579787066123787,1
127,5000,5,bounded,ccmar,0.15,cc,0.14527057302968907,0.006344047067178047,0.13283646926179316,0.157704676797585,1
127,5000,5,bounded,ccmar,0.15,seq,0.14566606166612137,0.0059773909921837206,0.13395059059992714,0.1573815327323156,1
128,5000,5,bounded,ccmar,0.15,full,0.15192226781042126,0.004643294190317621,0.14282157842777465,0.16102295719306786,1
128,5000,5,bounded,ccmar,0.15,cc,0.15148363520142424,0.0055811708657018694,0.14054474131308434,0.16242252908976415,1
128,5000,5,bounded,ccmar,0.15,seq,0.1507112976683111,0.005083992010996916,0.14074685642906778,0.1606757389075544,1
129,5000,5,bounded,ccmar,0.15,full,0.15631316849885146,0.004747449245468029,0.14700833895930226,0.16561799803840066,1
129,5000,5,bounded,ccmar,0.15,cc,0.15169487548458888,0.0061829670348445874,0.13957648277869508,0.16381326819048267,1
129,5000,5,bounded,ccmar,0.15,seq,0.15389723179896006,0.005661698515056629,0.14280050661812516,0.16499395697979496,1
130,5000,5,bounded,ccmar,0.15,full,0.14681589579709936,0.004656022946814641,0.13769025851015063,0.1559415330840481,1
130,5000,5,bounded,ccmar,0.15,cc,0.14558614510177073,0.00630851565305148,0.13322168162588266,0.1579506085776588,1
130,5000,5,bounded,ccmar,0.15,seq,0.14513514502529104,0.005861099627393476,0.1336476008457987,0.1566226892047834,1
131,5000,5,bounded,ccmar,0.15,full,0.15354779280111985,0.004604234644779484,0.1445236587209805,0.1625719268812592,1
131,5000,5,bounded,ccmar,0.15,cc,0.1521959655662307,0.006187717675992608,0.1400682617747833,0.1643236693576781,1
131,5000,5,bounded,ccmar,0.15,seq,0.15341203972231066,0.005622158235683144,0.14239281206498644,0.16443126737963487,1
132,5000,5,bounded,ccmar,0.15,full,0.15067984937186793,0.0047170544344533084,0.1414345925672245,0.15992510617651137,1
132,5000,5,bounded,ccmar,0.15,cc,0.1522728815407455,0.0064275268735989885,0.13967516035882815,0.16487060272266285,1
132,5000,5,bounded,ccmar,0.15,seq,0.14929833159569966,0.006023830521824604,0.13749184072395032,0.161104822467449,1
133,5000,5,bounded,ccmar,0.15,full,0.15810635949455884,0.004650785456606457,0.1489909874997875,0.16722173148933017,1
133,5000,5,bounded,ccmar,0.15,cc,0.1636866510675018,0.006112751945122364,0.1517058774086348,0.1756674247263688,0
133,5000,5,bounded,ccmar,0.15,seq,0.15449427827721518,0.00571800505001732,0.1432871943157631,0.16570136223866727,1
134,5000,5,bounded,ccmar,0.15,full,0.14143710155585473,0.004728981464106525,0.13216846820264844,0.15070573490906103,1
134,5000,5,bounded,ccmar,0.15,cc,0.14158534360778016,0.006415105561536755,0.12901196775014553,0.1541587194654148,1
134,5000,5,bounded,ccmar,0.15,seq,0.13732564113988183,0.0059317454093292185,0.12569963377213575,0.1489516485076279,0
135,5000,5,bounded,ccmar,0.15,full,0.14804845687284582,0.004608557884471548,0.13901584939861347,0.15708106434707816,1
135,5000,5,bounded,ccmar,0.15,cc,0.1475028873005958,0.005942262420717658,0.1358562669693034,0.1591495076318882,1
135,5000,5,bounded,ccmar,0.15,seq,0.14544936335561903,0.005519920719724237,0.13463051754744312,0.15626820916379494,1
136,5000,5,bounded,ccmar,0.15,full,0.14565982759838633,0.004767665006621422,0.13631537589505643,0.15500427930171623,1
136,5000,5,bounded,ccmar,0.15,cc,0.15103894811284888,0.005998970243629407,0.13928118249100777,0.16279671373468999,1
136,5000,5,bounded,ccmar,0.15,seq,0.15375956067000351,0.005511764698927169,0.142956700368847,0.16456242097116003,1
137,5000,5,bounded,ccmar,0.15,full,0.1530499568589238,0.004761889342704709,0.14371682524885745,0.16238308846899016,1
137,5000,5,bounded,ccmar,0.15,cc,0.14917679793856922,0.006183183913875953,0.13705798015758494,0.1612956157195535,1
137,5000,5,bounded,ccmar,0.15,seq,0.150076607670766,0.005710178289510737,0.13888486387802243,0.16126835146350957,1
138,5000,5,bounded,ccmar,0.15,full,0.14778960686546103,0.004614634994860048,0.13874508847373715,0.1568341252571849,1
138,5000,5,bounded,ccmar,0.15,cc,0.14648356818951297,0.006195664321908994,0.13434028925827157,0.15862684712075437,1
138,5000,5,bounded,ccmar,0.15,seq,0.1494986803116057,0.005547023740615998,0.1386267135586097,0.16037064706460172,1
139,5000,5,bounded,ccmar,0.15,full,0.1518882834940781,0.004684325119865092,0.14270717496726623,0.16106939202088996,1
139,5000,5,bounded,ccmar,0.15,cc,0.1485914070617338,0.006077571577113092,0.13667958565712784,0.16050322846633974,1
139,5000,5,bounded,ccmar,0.15,seq,0.1514371888628854,0.005596972042221504,0.14046732523765365,0.16240705248811715,1
140,5000,5,bounded,ccmar,0.15,full,0.14881690034695283,0.0046456360397010114,0.13971162102385756,0.1579221796700481,1
140,5000,5,bounded,ccmar,0.15,cc,0.14418216799717812,0.006634434689738024,0.1311789149475084,0.15718542104684782,1
140,5000,5,bounded,ccmar,0.15,seq,0.148726486446943,0.0061093848253526125,0.13675231222155634,0.16070066067232966,1
141,5000,5,bounded,ccmar,0.15,full,0.13999463595551473,0.0046616688503167145,0.13085793290104172,0.14913133900998773,0
141,5000,5,bounded,ccmar,0.15,cc,0.14125001010418906,0.006347369692392733,0.1288093941105382,0.1536906260978399,1
141,5000,5,bounded,ccmar,0.15,seq,0.14185670256314498,0.005765783560118059,0.13055597444266046,0.1531574306836295,1
142,5000,5,bounded,ccmar,0.15,full,0.13968841230792023,0.004644739484438113,0.1305848902008504,0.14879193441499006,0
142,5000,5,bounded,ccmar,0.15,cc,0.13909901897388305,0.006022702381085136,0.12729473921735254,0.15090329873041355,1
142,5000,5,bounded,ccmar,0.15,seq,0.1378113398386293,0.005511298500736452,0.12700939326913627,0.14861328640812235,0
143,5000,5,bounded,ccmar,0.15,full,0.15787943655254466,0.004714727392029728,0.14863874066724195,0.16712013243784737,1
143,5000,5,bounded,ccmar,0.15,cc,0.1586134286636505,0.005914994285000843,0.1470202528962886,0.1702066044310124,1
143,5000,5,bounded,ccmar,0.15,seq,0.15626439438277576,0.005536602649897843,0.14541285259226697,0.16711593617328455,1
144,5000,5,bounded,ccmar,0.15,full,0.14545284836546019,0.0046682996010377386,0.13630314927838352,0.15460254745253685,1
144,5000,5,bounded,ccmar,0.15,cc,0.14184820270449847,0.0062801469471327346,0.12953934087049915,0.15415706453849778,1
144,5000,5,bounded,ccmar,0.15,seq,0.14755768664021163,0.005677916934002581,0.13642917394235649,0.15868619933806677,1
145,5000,5,bounded,ccmar,0.15,full,0.1403133823090337,0.00473325125863058,0.13103638031233888,0.14959038430572852,0
145,5000,5,bounded,ccmar,0.15,cc,0.1375464989669817,0.006439742865970454,0.12492483487998086,0.15016816305398253,1
145,5000,5,bounded,ccmar,0.15,seq,0.13713962406628083,0.00621635057512303,0.12495580082376484,0.14932344730879682,0
146,5000,5,bounded,ccmar,0.15,full,0.15157798488068447,0.004604891659550728,0.14255256307525616,0.16060340668611278,1
146,5000,5,bounded,ccmar,0.15,cc,0.14606145065434253,0.0059905675795350645,0.13432015395150051,0.15780274735718455,1
146,5000,5,bounded,ccmar,0.15,seq,0.14532653277390994,0.005512561642492074,0.13452211049206853,0.15613095505575136,1
147,5000,5,bounded,ccmar,0.15,full,0.15235708559146124,0.004727101494540842,0.14309213691089573,0.16162203427202676,1
147,5000,5,bounded,ccmar,0.15,cc,0.14348543237347727,0.006342854495300063,0.13105366600351118,0.15591719874344337,1
147,5000,5,bounded,ccmar,0.15,seq,0.14699094472143373,0.005821800523094437,0.13558042537099219,0.15840146407187528,1
148,5000,5,bounded,ccmar,0.15,full,0.1491273203330277,0.004713857284638126,0.13988832982687519,0.1583663108391802,1
148,5000,5,bounded,ccmar,0.15,cc,0.15198018127133014,0.006553449693448365,0.1391356558976763,0.164824706644984,1
148,5000,5,bounded,ccmar,0.15,seq,0.15130026652885223,0.005994491135825636,0.1395512797969894,0.16304925326071507,1
149,5000,5,bounded,ccmar,0.15,full,0.14605357297507768,0.004697542696027466,0.13684655847502467,0.1552605874751307,1
149,5000,5,bounded,ccmar,0.15,cc,0.14825817967126434,0.0061689831472729155,0.13616719488137488,0.1603491644611538,1
149,5000,5,bounded,ccmar,0.15,seq,0.14658760893659503,0.005832331041530616,0.13515645014928004,0.15801876772391002,1
150,5000,5,bounded,ccmar,0.15,full,0.15312754695303993,0.0046427941994374,0.14402783753451115,0.1622272563715687,1
150,5000,5,bounded,ccmar,0.15,cc,0.15507038739158924,0.006009592931677836,0.1432918016837542,0.16684897309942429,1
150,5000,5,bounded,ccmar,0.15,seq,0.1550164958490647,0.005484948357344963,0.14426619461160645,0.16576679708652298,1
151,5000,5,bounded,ccmar,0.15,full,0.14898302109666153,0.004695596860724167,0.13977982036372283,0.15818622182960024,1
151,5000,5,bounded,ccmar,0.15,cc,0.15106802025815277,0.0058514809947844545,0.13959932825215463,0.16253671226415092,1
151,5000,5,bounded,ccmar,0.15,seq,0.15010080579749416,0.005418478126656017,0.13948078381823031,0.160720827776758,1
152,5000,5,bounded,ccmar,0.15,full,0.15576125398552185,0.004620238871871649,0.14670575219668144,0.16481675577436225,1
152,5000,5,bounded,ccmar,0.15,cc,0.15953710147055966,0.005976951577253077,0.14782249164180375,0.17125171129931557,1
152,5000,5,bounded,ccmar,0.15,seq,0.15208578451797508,0.005601888087077344,0.14110628562187952,0.16306528341407064,1
153,5000,5,bounded,ccmar,0.15,full,0.1570709403276138,0.004670015634195654,0.14791787787735133,0.16622400277787625,1
153,5000,5,bounded,ccmar,0.15,cc,0.15846630825220967,0.005875647852320145,0.14695025007582208,0.16998236642859726,1
153,5000,5,bounded,ccmar,0.15,seq,0.15708511660754707,0.005395389794484968,0.14651034692780157,0.16765988628729256,1
154,5000,5,bounded,ccmar,0.15,full,0.14126605294126426,0.00468265063805372,0.13208822633849546,0.15044387954403307,1
154,5000,5,bounded,ccmar,0.15,cc,0.14186249578310958,0.00631714895832637,0.12948111133981519,0.15424388022640398,1
154,5000,5,bounded,ccmar,0.15,seq,0.14270313568948695,0.005748797414986529,0.1314356998016964,0.1539705715772775,1
155,5000,5,bounded,ccmar,0.15,full,0.14923313434315083,0.004781692105576598,0.1398611900310612,0.15860507865524046,1
155,5000,5,bounded,ccmar,0.15,cc,0.15638326992843185,0.006483178210369407,0.14367647413075296,0.16909006572611074,1
155,5000,5,bounded,ccmar,0.15,seq,0.15569310183419946,0.0058360664079709695,0.14425462186319232,0.1671315818052066,1
156,5000,5,bounded,ccmar,0.15,full,0.15137894844178387,0.004638621569402238,0.14228741722784483,0.16047047965572292,1
156,5000,5,bounded,ccmar,0.15,cc,0.15964876777445922,0.005933675856879972,0.14801897679903964,0.1712785587498788,1
156,5000,5,bounded,ccmar,0.15,seq,0.15421143040728585,0.005548941705416242,0.14333570451235775,0.16508715630221396,1
157,5000,5,bounded,ccmar,0.15,full,0.15227425763304883,0.004627378797418895,0.14320476184728353,0.16134375341881413,1
157,5000,5,bounded,ccmar,0.15,cc,0.150760906037091,0.006309827647803136,0.13839387109874177,0.16312794097544023,1
157,5000,5,bounded,ccmar,0.15,seq,0.15354019905040112,0.005724936429790202,0.142319529834231,0.16476086826657124,1
158,5000,5,bounded,ccmar,0.15,full,0.14647335939962156,0.004675808528547955,0.13730894308506233,0.15563777571418078,1
158,5000,5,bounded,ccmar,0.15,cc,0.14849248037426718,0.006234498351906709,0.13627308814285571,0.16071187260567865,1
158,5000,5,bounded,ccmar,0.15,seq,0.15024927525697,0.005682479650208119,0.13911181979968032,0.16138673071425966,1
159,5000,5,bounded,ccmar,0.15,full,0.1535457668002105,0.004597276365704633,0.14453527069645225,0.16255626290396877,1
159,5000,5,bounded,ccmar,0.15,cc,0.16015705330137042,0.006155135880082497,0.14809320865645847,0.17222089794628237,1
159,5000,5,bounded,ccmar,0.15,seq,0.1586223975011431,0.005648590113275989,0.14755136431569313,0.16969343068659307,1
160,5000,5,bounded,ccmar,0.15,full,0.1498084799749609,0.004696221037616359,0.14060405587779354,0.15901290407212829,1
160,5000,5,bounded,ccmar,0.15,cc,0.14657640882277143,0.006095704016036198,0.1346290484909243,0.15852376915461855,1
160,5000,5,bounded,ccmar,0.15,seq,0.14644497768325904,0.005668040574454927,0.13533582229441565,0.15755413307210242,1
161,5000,5,bounded,ccmar,0.15,full,0.15651704433921979,0.004681265788684675,0.14734193199133833,0.16569215668710124,1
161,5000,5,bounded,ccmar,0.15,cc,0.15725603311696246,0.006003113943552074,0.14549014599251017,0.16902192024141474,1
161,5000,5,bounded,ccmar,0.15,seq,0.15380882656722378,0.005522677173005193,0.14298457820989213,0.16463307492455542,1
162,5000,5,bounded,ccmar,0.15,full,0.15449817581694497,0.004685766264133009,0.14531424269927148,0.16368210893461846,1
162,5000,5,bounded,ccmar,0.15,cc,0.1533309704204019,0.006463750224428691,0.14066225277545896,0.16599968806534482,1
162,5000,5,bounded,ccmar,0.15,seq,0.15043467333258514,0.00604176964760352,0.13859302242039498,0.1622763242447753,1
163,5000,5,bounded,ccmar,0.15,full,0.15227059427433418,0.004701648866560693,0.14305553182792166,0.1614856567207467,1
163,5000,5,bounded,ccmar,0.15,cc,0.1483325037613763,0.006596223430295663,0.13540414340401755,0.16126086411873505,1
163,5000,5,bounded,ccmar,0.15,seq,0.15137335534853888,0.005840871376130213,0.13992545781299276,0.162821252884085,1
164,5000,5,bounded,ccmar,0.15,full,0.1438560592503854,0.004737865318820041,0.13457001386189674,0.15314210463887404,1
164,5000,5,bounded,ccmar,0.15,cc,0.14634304438284024,0.006171061720929999,0.13424798566344368,0.1584381031022368,1
164,5000,5,bounded,ccmar,0.15,seq,0.14715819651770398,0.005525216716024089,0.1363289707475181,0.15798742228788987,1
165,5000,5,bounded,ccmar,0.15,full,0.15197336253145702,0.0046771957881412,0.14280622723805783,0.1611404978248562,1
165,5000,5,bounded,ccmar,0.15,cc,0.1475208132067099,0.006008819653027556,0.13574374309717943,0.15929788331624037,1
165,5000,5,bounded,ccmar,0.15,seq,0.15093336722259287,0.005517943468809458,0.14011839675499832,0.16174833769018743,1
166,5000,5,bounded,ccmar,0.15,full,0.14866049115454488,0.004652368692984878,0.13954201607349284,0.15777896623559692,1
166,5000,5,bounded,ccmar,0.15,cc,0.1437970616791001,0.006230955533606875,0.1315846132439601,0.15600951011424014,1
166,5000,5,bounded,ccmar,0.15,seq,0.14722352603910172,0.005631130915287539,0.13618671225290807,0.15826033982529536,1
167,5000,5,bounded,ccmar,0.15,full,0.14962596411858894,0.00471297224640763,0.14038870825549316,0.15886321998168473,1
167,5000,5,bounded,ccmar,0.15,cc,0.14473014768055126,0.006137018784126026,0.13270181189121846,0.15675848346988405,1
167,5000,5,bounded,ccmar,0.15,seq,0.14691458481056294,0.005627583773719482,0.13588472329409074,0.15794444632703514,1
168,5000,5,bounded,ccmar,0.15,full,0.15484298942037864,0.004677028446762623,0.1456761821100546,0.16400979673070268,1
168,5000,5,bounded,ccmar,0.15,cc,0.15375420407485169,0.006220994427873042,0.14156127904819615,0.16594712910150722,1
168,5000,5,bounded,ccmar,0.15,seq,0.15366619898097286,0.005799183662335631,0.14230000786306193,0.1650323900988838,1
169,5000,5,bounded,ccmar,0.15,full,0.1466249874941996,0.004657952588341951,0.13749556817935427,0.15575440680904495,1
169,5000,5,bounded,ccmar,0.15,cc,0.14868692865320485,0.005851779299938159,0.13721765197984903,0.16015620532656066,1
169,5000,5,bounded,ccmar,0.15,seq,0.14846403296906333,0.0053010324479327055,0.13807420029023704,0.1588538656478896,1
170,5000,5,bounded,ccmar,0.15,full,0.1497568814976519,0.004630474620616352,0.14068131800991707,0.15883244498538673,1
170,5000,5,bounded,ccmar,0.15,cc,0.1459863675985579,0.006275591588890513,0.13368643410265,0.15828630109446581,1
170,5000,5,bounded,ccmar,0.15,seq,0.14708353849650485,0.00580558512008786,0.135704800751951,0.1584622762410587,1
171,5000,5,bounded,ccmar,0.15,full,0.1499909026225895,0.0047233136916327335,0.1407333778993044,0.15924842734587458,1
171,5000,5,bounded,ccmar,0.15,cc,0.15009235369815874,0.006164730093663139,0.13800970474016874,0.16217500265614873,1
171,5000,5,bounded,ccmar,0.15,seq,0.14595465052167578,0.005801021211794457,0.13458485787300575,0.1573244431703458,1
172,5000,5,bounded,ccmar,0.15,full,0.14184742015007024,0.004715492964088096,0.13260522377110553,0.15108961652903494,1
172,5000,5,bounded,ccmar,0.15,cc,0.1363609350086175,0.006600970278407196,0.12342327099992008,0.14929859901731496,0
172,5000,5,bounded,ccmar,0.15,seq,0.1354332426943894,0.006021194772274958,0.12363191779682962,0.14723456759194917,0
173,5000,5,bounded,ccmar,0.15,full,0.14834469199588587,0.004592340327714001,0.13934387034881557,0.15734551364295618,1
173,5000,5,bounded,ccmar,0.15,cc,0.1408986601688294,0.0061961278214366896,0.12875447279520685,0.15304284754245195,1
173,5000,5,bounded,ccmar,0.15,seq,0.14732301407851997,0.005604043992621765,0.13633928968520326,0.15830673847183668,1
174,5000,5,bounded,ccmar,0.15,full,0.14739582467639376,0.004799380517183913,0.13798921171461007,0.15680243763817744,1
174,5000,5,bounded,ccmar,0.15,cc,0.14116216989200267,0.0064624276161004985,0.12849604451174865,0.1538282952722567,1
174,5000,5,bounded,ccmar,0.15,seq,0.14056146771496045,0.006074390026073492,0.12865588203580708,0.15246705339411382,1
175,5000,5,bounded,ccmar,0.15,full,0.15324129915952725,0.00467321133237702,0.14408197325592384,0.16240062506313066,1
175,5000,5,bounded,ccmar,0.15,cc,0.15711414123489006,0.006147596953256333,0.14506507261503948,0.16916320985474065,1
175,5000,5,bounded,ccmar,0.15,seq,0.1546861381764574,0.005562065867952696,0.1437846893956306,0.1655875869572842,1
176,5000,5,bounded,ccmar,0.15,full,0.15727790796657126,0.0046172913097304695,0.14822818329336976,0.16632763263977277,1
176,5000,5,bounded,ccmar,0.15,cc,0.15930345826513895,0.005708275406278467,0.1481154440549974,0.1704914724752805,1
176,5000,5,bounded,ccmar,0.15,seq,0.15787961762706604,0.005364091936592349,0.14736619062158332,0.16839304463254876,1
177,5000,5,bounded,ccmar,0.15,full,0.1461546689041516,0.004731407607569595,0.13688128039713637,0.15542805741116683,1
177,5000,5,bounded,ccmar,0.15,cc,0.14831642705702325,0.005981903079712259,0.136592112461778,0.1600407416522685,1
177,5000,5,bounded,ccmar,0.15,seq,0.14642962130969198,0.0055219642101908785,0.1356067703337987,0.15725247228558525,1
178,5000,5,bounded,ccmar,0.15,full,0.15084922507460855,0.004663767823378867,0.1417084081085292,0.1599900420406879,1
178,5000,5,bounded,ccmar,0.15,cc,0.14956284258410235,0.006155643961496087,0.13749800211791854,0.16162768305028616,1
178,5000,5,bounded,ccmar,0.15,seq,0.15058087189221797,0.0056875762629585635,0.13943342725749427,0.16172831652694167,1
179,5000,5,bounded,ccmar,0.15,full,0.1459852696385089,0.004702880880007599,0.13676779249011198,0.15520274678690585,1
179,5000,5,bounded,ccmar,0.15,cc,0.14451515672760373,0.006017997580672509,0.13272009821043643,0.15631021524477104,1
179,5000,5,bounded,ccmar,0.15,seq,0.1458739561174573,0.005562415829470476,0.13497182142465966,0.15677609081025493,1
180,5000,5,bounded,ccmar,0.15,full,0.14993961327083477,0.004670496507473271,0.14078560832626705,0.1590936182154025,1
180,5000,5,bounded,ccmar,0.15,cc,0.14749103652635995,0.006062870582394381,0.13560802854193957,0.15937404451078033,1
180,5000,5,bounded,ccmar,0.15,seq,0.15000575887879009,0.0054973803027063926,0.13923109147616566,0.1607804262814145,1
181,5000,5,bounded,ccmar,0.15,full,0.15235309815224504,0.004607410855268831,0.14332273881393925,0.16138345749055083,1
181,5000,5,bounded,ccmar,0.15,cc,0.14682864069571971,0.0061188614630645,0.13483589260172324,0.1588213887897162,1
181,5000,5,bounded,ccmar,0.15,seq,0.15040164328313585,0.005671387814513882,0.13928592742432933,0.16151735914194237,1
182,5000,5,bounded,ccmar,0.15,full,0.14504690853807753,0.004767134752719519,0.13570349611329802,0.15439032096285704,1
182,5000,5,bounded,ccmar,0.15,cc,0.14618118430489344,0.00623604553553833,0.13395875964928652,0.15840360896050035,1
182,5000,5,bounded,ccmar,0.15,seq,0.1412558321634283,0.0057224266090615955,0.1300400821054939,0.1524715822213627,1
183,5000,5,bounded,ccmar,0.15,full,0.15215924874168874,0.00474143733232396,0.1428662023353801,0.16145229514799736,1
183,5000,5,bounded,ccmar,0.15,cc,0.1489831505247912,0.006444225210816274,0.13635270120332627,0.16161359984625612,1
183,5000,5,bounded,ccmar,0.15,seq,0.14909119133367668,0.005996004034781745,0.1373392393743476,0.16084314329300575,1
184,5000,5,bounded,ccmar,0.15,full,0.15668580834858634,0.0046991056860589036,0.14747573044436352,0.16589588625280915,1
184,5000,5,bounded,ccmar,0.15,cc,0.15985690203019404,0.006508681423689158,0.1471001208529184,0.17261368320746967,1
184,5000,5,bounded,ccmar,0.15,seq,0.1550264431159037,0.005924556912935227,0.14341452494219284,0.16663836128961454,1
185,5000,5,bounded,ccmar,0.15,full,0.14128692878561883,0.004653222784644328,0.13216677971567475,0.1504070778555629,1
185,5000,5,bounded,ccmar,0.15,cc,0.1455836511689782,0.0061542907381276594,0.13352146297185957,0.15764583936609683,1
185,5000,5,bounded,ccmar,0.15,seq,0.14298329202197035,0.005542448068888986,0.13212029342076437,0.15384629062317634,1
186,5000,5,bounded,ccmar,0.15,full,0.14380042391276637,0.00466381196803172,0.13465952042475732,0.15294132740077543,1
186,5000,5,bounded,ccmar,0.15,cc,0.14271761472666944,0.006261980844886167,0.13044435779881286,0.15499087165452602,1
186,5000,5,bounded,ccmar,0.15,seq,0.1407448089557148,0.005644467537822077,0.12968185586967806,0.15180776204175156,1
187,5000,5,bounded,ccmar,0.15,full,0.15123139805661293,0.004639770825549918,0.1421376143420154,0.16032518177121044,1
187,5000,5,bounded,ccmar,0.15,cc,0.1483391486064869,0.006071667128803249,0.1364388997079168,0.16023939750505697,1
187,5000,5,bounded,ccmar,0.15,seq,0.15004644910464618,0.005609631309577192,0.13905177377132663,0.16104112443796573,1
188,5000,5,bounded,ccmar,0.15,full,0.15243518099516096,0.004680894925939107,0.14326079552490403,0.16160956646541788,1
188,5000,5,bounded,ccmar,0.15,cc,0.154924528586732,0.006369308973308169,0.1424409123926402,0.1674081447808238,1
188,5000,5,bounded,ccmar,0.15,seq,0.15241585119409776,0.005950994332103542,0.1407521166309728,0.1640795857572227,1
189,5000,5,bounded,ccmar,0.15,full,0.15497388587186559,0.004611049045716327,0.1459363958113138,0.16401137593241738,1
189,5000,5,bounded,ccmar,0.15,cc,0.14926378159199805,0.006225895257238091,0.13706125111629266,0.16146631206770343,1
189,5000,5,bounded,ccmar,0.15,seq,0.15332001394830108,0.005642868476733679,0.14226019496440667,0.1643798329321955,1
190,5000,5,bounded,ccmar,0.15,full,0.16551755113259628,0.004618338375459714,0.156465774248276,0.17456932801691655,0
190,5000,5,bounded,ccmar,0.15,cc,0.1675301011780534,0.006371590565676587,0.15504201314509208,0.1800181892110147,0
190,5000,5,bounded,ccmar,0.15,seq,0.1661910978169693,0.005905367849398887,0.15461678951668673,0.1777654061172519,0
191,5000,5,bounded,ccmar,0.15,full,0.15561112377775868,0.004608328809353778,0.14657896528250694,0.16464328227301042,1
191,5000,5,bounded,ccmar,0.15,cc,0.16729280508245095,0.005925963569116659,0.15567812991328586,0.17890748025161604,0
191,5000,5,bounded,ccmar,0.15,seq,0.15722322289784088,0.0055078404102741315,0.14642805406110926,0.1680183917345725,1
192,5000,5,bounded,ccmar,0.15,full,0.1369538297942449,0.004684187740688943,0.1277729905256705,0.14613466906281927,0
192,5000,5,bounded,ccmar,0.15,cc,0.14089908655852482,0.005925142742294936,0.12928602018036786,0.15251215293668177,1
192,5000,5,bounded,ccmar,0.15,seq,0.14208465859621427,0.005593546864653192,0.13112150819565707,0.15304780899677148,1
193,5000,5,bounded,ccmar,0.15,full,0.1477138886640143,0.004696025451822751,0.13850984790795828,0.15691792942007032,1
193,5000,5,bounded,ccmar,0.15,cc,0.14390060473075536,0.006059944535225759,0.13202333169340255,0.15577787776810817,1
193,5000,5,bounded,ccmar,0.15,seq,0.1430465179776004,0.0055983233560158285,0.13207400582599998,0.15401903012920082,1
194,5000,5,bounded,ccmar,0.15,full,0.15226619680037107,0.004741881977331847,0.14297227890586106,0.16156011469488107,1
194,5000,5,bounded,ccmar,0.15,cc,0.15232114760734894,0.006120184536018336,0.14032580633801403,0.16431648887668385,1
194,5000,5,bounded,ccmar,0.15,seq,0.15541669869588629,0.005525521264060785,0.1445868760225169,0.16624652136925566,1
195,5000,5,bounded,ccmar,0.15,full,0.1500112921780815,0.004694313235332374,0.14081060730468037,0.15921197705148266,1
195,5000,5,bounded,ccmar,0.15,cc,0.1492239228529125,0.006000055039516121,0.13746403107020286,0.16098381463562214,1
195,5000,5,bounded,ccmar,0.15,seq,0.15020095631447983,0.0054310989448391805,0.13955619798612154,0.16084571464283812,1
196,5000,5,bounded,ccmar,0.15,full,0.14921332364853243,0.004627893984771126,0.14014281811411147,0.1582838291829534,1
196,5000,5,bounded,ccmar,0.15,cc,0.14745346005799878,0.0062266992323142725,0.13524935382009962,0.15965756629589795,1
196,5000,5,bounded,ccmar,0.15,seq,0.1497446382121139,0.005592723712389251,0.1387831011603478,0.16070617526387998,1
197,5000,5,bounded,ccmar,0.15,full,0.15008337722313123,0.0047257472909334386,0.14082108273286395,0.1593456717133985,1
197,5000,5,bounded,ccmar,0.15,cc,0.15006675860443228,0.006102975198195087,0.1381051470174287,0.16202837019143584,1
197,5000,5,bounded,ccmar,0.15,seq,0.14955586485807412,0.0056191665719465145,0.13854250075392754,0.1605692289622207,1
198,5000,5,bounded,ccmar,0.15,full,0.15206402566200442,0.004706130245317525,0.1428401798746274,0.16128787144938142,1
198,5000,5,bounded,ccmar,0.15,cc,0.1521655382459486,0.006045488722974819,0.14031659807997493,0.1640144784119223,1
198,5000,5,bounded,ccmar,0.15,seq,0.15319030250850058,0.005548438866637486,0.14231556215946886,0.1640650428575323,1
199,5000,5,bounded,ccmar,0.15,full,0.15370455384227885,0.004692218355330253,0.1445079748582338,0.1629011328263239,1
199,5000,5,bounded,ccmar,0.15,cc,0.15641028547896202,0.006418882739148654,0.14382950648924483,0.1689910644686792,1
199,5000,5,bounded,ccmar,0.15,seq,0.15564004034192408,0.005941301814482643,0.14399530276425562,0.16728477791959254,1
200,5000,5,bounded,ccmar,0.15,full,0.1481983728723224,0.004751055952592538,0.1388864743167064,0.15751027142793841,1
200,5000,5,bounded,ccmar,0.15,cc,0.14256168856141813,0.006381068001404365,0.13005502509576458,0.15506835202707167,1
200,5000,5,bounded,ccmar,0.15,seq,0.14551275400503683,0.005747427364253941,0.13424800336733914,0.15677750464273452,1
201,5000,5,bounded,ccmar,0.15,full,0.14918757929596008,0.004610144554471072,0.1401518620056733,0.15822329658624684,1
201,5000,5,bounded,ccmar,0.15,cc,0.14564558135074018,0.006020381778317526,0.13384584989205664,0.15744531280942373,1
201,5000,5,bounded,ccmar,0.15,seq,0.15116424017881339,0.005259637600929334,0.14085553990925923,0.16147294044836755,1
202,5000,5,bounded,ccmar,0.15,full,0.15398123956968554,0.004546212360358635,0.14507082707731178,0.1628916520620593,1
202,5000,5,bounded,ccmar,0.15,cc,0.1554316970483307,0.005822891874932212,0.14401903868759267,0.16684435540906875,1
202,5000,5,bounded,ccmar,0.15,seq,0.155429856565946,0.005218744026662738,0.14520130622915348,0.1656584069027385,1
203,5000,5,bounded,ccmar,0.15,full,0.14896587340994996,0.004676363139651338,0.13980037007760268,0.15813137674229724,1
203,5000,5,bounded,ccmar,0.15,cc,0.1552925122867945,0.006215546447627206,0.1431102651052093,0.1674747594683797,1
203,5000,5,bounded,ccmar,0.15,seq,0.15486758596823494,0.005666321319404719,0.1437618002573702,0.16597337167909967,1
204,5000,5,bounded,ccmar,0.15,full,0.15423598430646082,0.004736850652230775,0.14495192762794343,0.16352004098497822,1
204,5000,5,bounded,ccmar,0.15,cc,0.15096493446785858,0.006184699499780839,0.13884314619308524,0.16308672274263192,1
204,5000,5,bounded,ccmar,0.15,seq,0.15481629111381298,0.005576440135857912,0.14388666928558783,0.16574591294203814,1
205,5000,5,bounded,ccmar,0.15,full,0.1520411353974979,0.00469102102361232,0.14284690314049753,0.16123536765449825,1
205,5000,5,bounded,ccmar,0.15,cc,0.14951131850789556,0.006288056110457665,0.13718695499863154,0.1618356820171596,1
205,5000,5,bounded,ccmar,0.15,seq,0.147535399725826,0.005886333434869262,0.1359983981924883,0.1590724012591637,1
206,5000,5,bounded,ccmar,0.15,full,0.15474752984476664,0.004608115515347965,0.1457157893980844,0.16377927029144887,1
206,5000,5,bounded,ccmar,0.15,cc,0.1562159279887515,0.006047177446786919,0.14436367798492628,0.16806817799257673,1
206,5000,5,bounded,ccmar,0.15,seq,0.15170906551396451,0.005618268859681853,0.14069746089352517,0.16272067013440386,1
207,5000,5,bounded,ccmar,0.15,full,0.14494894636050482,0.004692611452072122,0.13575159692100325,0.15414629580000638,1
207,5000,5,bounded,ccmar,0.15,cc,0.14519456841538314,0.006147575410355816,0.1331455420188417,0.15724359481192457,1
207,5000,5,bounded,ccmar,0.15,seq,0.14448983676756033,0.005630905807073648,0.13345346418535853,0.15552620934976213,1
208,5000,5,bounded,ccmar,0.15,full,0.15135687492502653,0.004819855628666893,0.14191013148215675,0.1608036183678963,1
208,5000,5,bounded,ccmar,0.15,cc,0.15487218291087507,0.006193044195636296,0.1427340393327631,0.16701032648898703,1
208,5000,5,bounded,ccmar,0.15,seq,0.15368915243777387,0.005714447712369135,0.14248904072999305,0.1648892641455547,1
209,5000,5,bounded,ccmar,0.15,full,0.15583317318302403,0.004620439780007913,0.14677727762147236,0.1648890687445757,1
209,5000,5,bounded,ccmar,0.15,cc,0.15559438016945584,0.005870463912067265,0.14408848232926189,0.1671002780096498,1
209,5000,5,bounded,ccmar,0.15,seq,0.1556207236343678,0.005280914910410928,0.1452703206045418,0.16597112666419378,1
210,5000,5,bounded,ccmar,0.15,full,0.153211757550787,0.004712315339343105,0.14397578920187887,0.16244772589969514,1
210,5000,5,bounded,ccmar,0.15,cc,0.15921616194300353,0.006095131672611256,0.14726992338365608,0.171162400502351,1
210,5000,5,bounded,ccmar,0.15,seq,0.15523803378627066,0.005642409185155614,0.14417911499732766,0.16629695257521365,1
211,5000,5,bounded,ccmar,0.15,full,0.1476377477076449,0.004682466444387716,0.13846028211782765,0.15681521329746215,1
211,5000,5,bounded,ccmar,0.15,cc,0.15175793266766893,0.005998225207937613,0.14000162728895094,0.16351423804638693,1
211,5000,5,bounded,ccmar,0.15,seq,0.14594396729172376,0.00538429427736954,0.13539094442591434,0.15649699015753318,1
212,5000,5,bounded,ccmar,0.15,full,0.1524230289381353,0.004650870565279024,0.14330749013343097,0.16153856774283964,1
212,5000,5,bounded,ccmar,0.15,cc,0.16038785079909865,0.005791794529415935,0.1490361421155873,0.17173955948261,1
212,5000,5,bounded,ccmar,0.15,seq,0.15877848082918153,0.005258941132929266,0.1484711456118239,0.16908581604653916,1
213,5000,5,bounded,ccmar,0.15,full,0.14988244792911845,0.004636618733524213,0.1407948422013673,0.15897005365686961,1
213,5000,5,bounded,ccmar,0.15,cc,0.1564640981937259,0.005818406215738429,0.14506023156345457,0.1678679648239972,1
213,5000,5,bounded,ccmar,0.15,seq,0.1530494515247864,0.005310940669934812,0.14264019908768516,0.16345870396188766,1
214,5000,5,bounded,ccmar,0.15,full,0.14682345807239985,0.004686346932902309,0.13763838686485158,0.15600852927994813,1
214,5000,5,bounded,ccmar,0.15,cc,0.14156916640583644,0.006484484651597483,0.12885981003040262,0.15427852278127027,1
214,5000,5,bounded,ccmar,0.15,seq,0.14250317452687494,0.006061253705721788,0.1306233355625003,0.15438301349124958,1
215,5000,5,bounded,ccmar,0.15,full,0.14265037880009376,0.0045964920617258325,0.13364141990388687,0.15165933769630066,1
215,5000,5,bounded,ccmar,0.15,cc,0.14503487299794882,0.0064414113398650885,0.13240993876220536,0.15765980723369227,1
215,5000,5,bounded,ccmar,0.15,seq,0.1397863522857464,0.005757682575425124,0.12850150180349934,0.15107120276799346,1
216,5000,5,bounded,ccmar,0.15,full,0.1498885599154944,0.004746159517441396,0.14058625819642728,0.15919086163456153,1
216,5000,5,bounded,ccmar,0.15,cc,0.14120528567739632,0.007535289760600625,0.12643638913354566,0.15597418222124698,1
216,5000,5,bounded,ccmar,0.15,seq,0.151016319621899,0.006987702292890054,0.13732067479314652,0.16471196445065145,1
217,5000,5,bounded,ccmar,0.15,full,0.15478736852025873,0.004671394182976089,0.1456316041640357,0.16394313287648177,1
217,5000,5,bounded,ccmar,0.15,cc,0.1488262903373148,0.006962566117778062,0.13517991150649092,0.16247266916813866,1
217,5000,5,bounded,ccmar,0.15,seq,0.14993912754926783,0.006554826702683793,0.13709190328710616,0.1627863518114295,1
218,5000,5,bounded,ccmar,0.15,full,0.15659782705163247,0.0046623715725251265,0.14745974668693984,0.1657359074163251,1
218,5000,5,bounded,ccmar,0.15,cc,0.1537607634366584,0.006439864799235158,0.1411388603648502,0.1663826665084666,1
218,5000,5,bounded,ccmar,0.15,seq,0.15523108931182067,0.005743660122176175,0.14397372233291644,0.1664884562907249,1
219,5000,5,bounded,ccmar,0.15,full,0.146210179441228,0.004627949149471967,0.13713956578598016,0.15528079309647583,1
219,5000,5,bounded,ccmar,0.15,cc,0.14972558154203477,0.006158567242269927,0.13765501155081755,0.161796151533252,1
219,5000,5,bounded,ccmar,0.15,seq,0.14579136752310382,0.005633398964323162,0.13475010844248517,0.15683262660372246,1
220,5000,5,bounded,ccmar,0.15,full,0.14077538827655367,0.004643761500150526,0.13167378298346494,0.1498769935696424,0
220,5000,5,bounded,ccmar,0.15,cc,0.1358458509610983,0.006336195430694393,0.12342713611793003,0.14826456580426656,0
220,5000,5,bounded,ccmar,0.15,seq,0.14020385117856193,0.00561444265410868,0.12919974578324345,0.15120795657388042,1
221,5000,5,bounded,ccmar,0.15,full,0.1508486708472443,0.004624360012867617,0.14178509177047657,0.159912249924012,1
221,5000,5,bounded,ccmar,0.15,cc,0.15307741817346657,0.005909865799533007,0.14149429405291686,0.16466054229401628,1
221,5000,5,bounded,ccmar,0.15,seq,0.15272010205608763,0.005355502195143159,0.14222351063448183,0.16321669347769344,1
222,5000,5,bounded,ccmar,0.15,full,0.15467936991055936,0.004567651012409013,0.1457269384322898,0.16363180138882893,1
222,5000,5,bounded,ccmar,0.15,cc,0.15605944279475079,0.005799419216197777,0.14469278999975363,0.16742609558974794,1
222,5000,5,bounded,ccmar,0.15,seq,0.1551143865324811,0.005215065926794182,0.1448930451389625,0.1653357279259997,1
223,5000,5,bounded,ccmar,0.15,full,0.14566733977166335,0.004654926411688166,0.13654385165407026,0.15479082788925644,1
223,5000,5,bounded,ccmar,0.15,cc,0.14504667507208358,0.0060474068955459126,0.1331939753569544,0.15689937478721275,1
223,5000,5,bounded,ccmar,0.15,seq,0.1469381161797607,0.005450722447064677,0.1362548964937899,0.15762133586573152,1
224,5000,5,bounded,ccmar,0.15,full,0.15126161546897304,0.004665390666625345,0.14211761778857807,0.16040561314936802,1
224,5000,5,bounded,ccmar,0.15,cc,0.15707304025375388,0.005973456397787503,0.14536528085087,0.16878079965663775,1
224,5000,5,bounded,ccmar,0.15,seq,0.1541201499554897,0.0055169351696084164,0.14330715571801483,0.16493314419296456,1
225,5000,5,bounded,ccmar,0.15,full,0.14325350210684634,0.004628764287088125,0.1341812908112284,0.15232571340246429,1
225,5000,5,bounded,ccmar,0.15,cc,0.1375116959032441,0.006046289273382177,0.1256611866873042,0.14936220511918402,0
225,5000,5,bounded,ccmar,0.15,seq,0.14092687924701128,0.005561549138011939,0.1300264432382581,0.15182731525576446,1
226,5000,5,bounded,ccmar,0.15,full,0.15234293629832318,0.004619593824178002,0.14328869877973063,0.16139717381691573,1
226,5000,5,bounded,ccmar,0.15,cc,0.1565666638650808,0.00590905661007547,0.14498512572672453,0.16814820200343708,1
226,5000,5,bounded,ccmar,0.15,seq,0.15295520881293984,0.005478584187221819,0.14221738111971444,0.16369303650616523,1
227,5000,5,bounded,ccmar,0.15,full,0.14785750052179453,0.004730626004610594,0.13858564392842915,0.1571293571151599,1
227,5000,5,bounded,ccmar,0.15,cc,0.15645620711689834,0.006558954013335873,0.14360089347450558,0.1693115207592911,1
227,5000,5,bounded,ccmar,0.15,seq,0.1501539602881493,0.0061328408572588035,0.1381338130850063,0.16217410749129232,1
228,5000,5,bounded,ccmar,0.15,full,0.15166493445386664,0.004661906184619786,0.14252776623270733,0.16080210267502595,1
228,5000,5,bounded,ccmar,0.15,cc,0.14601012074163813,0.006071896075965919,0.13410942311487487,0.1579108183684014,1
228,5000,5,bounded,ccmar,0.15,seq,0.1477408163425366,0.005701322975428194,0.13656642864646662,0.1589152040386066,1
229,5000,5,bounded,ccmar,0.15,full,0.15527496044371544,0.00464810457053715,0.14616484288908663,0.16438507799834426,1
229,5000,5,bounded,ccmar,0.15,cc,0.15912939830127287,0.0060321907742434885,0.14730652163588084,0.1709522749666649,1
229,5000,5,bounded,ccmar,0.15,seq,0.15727882334372498,0.005520564021677385,0.1464587166868897,0.16809893000056025,1
230,5000,5,bounded,ccmar,0.15,full,0.15196543654899441,0.0046457852759423015,0.14285986472824103,0.1610710083697478,1
230,5000,5,bounded,ccmar,0.15,cc,0.15592588447844596,0.006003282439134509,0.14415966710872055,0.16769210184817138,1
230,5000,5,bounded,ccmar,0.15,seq,0.15359307504259503,0.005482534760261736,0.14284750436849308,0.16433864571669698,1
231,5000,5,bounded,ccmar,0.15,full,0.1499571265836023,0.004734275630334203,0.1406781168552616,0.159236136311943,1
231,5000,5,bounded,ccmar,0.15,cc,0.14081321815854092,0.0067552488288941835,0.12757317374730195,0.1540532625697799,1
231,5000,5,bounded,ccmar,0.15,seq,0.14031522983696224,0.006148572514270648,0.12826424915265888,0.1523662105212656,1
232,5000,5,bounded,ccmar,0.15,full,0.14867983964759474,0.00466612353172316,0.1395344055780025,0.15782527371718696,1
232,5000,5,bounded,ccmar,0.15,cc,0.14656426671691006,0.006009539507452566,0.13478578571863245,0.15834274771518767,1
232,5000,5,bounded,ccmar,0.15,seq,0.14626189973769338,0.005649800838650318,0.13518849357411455,0.1573353059012722,1
233,5000,5,bounded,ccmar,0.15,full,0.15860041479346512,0.004734115290384877,0.1493217193256504,0.16787911026127986,1
233,5000,5,bounded,ccmar,0.15,cc,0.16704281456722683,0.006241908684354796,0.15480889835110365,0.17927673078335002,0
233,5000,5,bounded,ccmar,0.15,seq,0.16122220890620628,0.005798877546527833,0.14985661776425374,0.17258780004815882,1
234,5000,5,bounded,ccmar,0.15,full,0.15365574437338045,0.004703933949218785,0.14443620324725637,0.16287528549950453,1
234,5000,5,bounded,ccmar,0.15,cc,0.15819635517031946,0.006842145631129738,0.1447859961563271,0.17160671418431184,1
234,5000,5,bounded,ccmar,0.15,seq,0.1546256020840684,0.006344327677719425,0.14219094832961768,0.1670602558385191,1
235,5000,5,bounded,ccmar,0.15,full,0.1506074430208683,0.0046807322130014055,0.14143337646210907,0.1597815095796275,1
235,5000,5,bounded,ccmar,0.15,cc,0.15077641137263953,0.006222800976728892,0.13857994557529024,0.16297287716998882,1
235,5000,5,bounded,ccmar,0.15,seq,0.1521929233972813,0.0056364763044753335,0.14114563284079623,0.16324021395376637,1
236,5000,5,bounded,ccmar,0.15,full,0.14474548017557096,0.004590129250384147,0.13574899216043418,0.15374196819070773,1
236,5000,5,bounded,ccmar,0.15,cc,0.14636975375558517,0.006177916728023719,0.13426125946917114,0.1584782480419992,1
236,5000,5,bounded,ccmar,0.15,seq,0.14770079176893838,0.005434989762812224,0.13704840757748254,0.15835317596039422,1
237,5000,5,bounded,ccmar,0.15,full,0.14575000814478153,0.004685131684849656,0.13656731877964876,0.1549326975099143,1
237,5000,5,bounded,ccmar,0.15,cc,0.15054867319856602,0.00608775221510577,0.13861689811015476,0.16248044828697727,1
237,5000,5,bounded,ccmar,0.15,seq,0.15166538719431655,0.005453384894573991,0.14097694920711676,0.16235382518151634,1
238,5000,5,bounded,ccmar,0.15,full,0.1514769091685104,0.004620360446879955,0.14242116909703229,0.1605326492399885,1
238,5000,5,bounded,ccmar,0.15,cc,0.14896880949475408,0.005979313422520902,0.13724957053433617,0.16068804845517198,1
238,5000,5,bounded,ccmar,0.15,seq,0.15027778076857903,0.0054733249193329924,0.13955026105100077,0.1610053004861573,1
239,5000,5,bounded,ccmar,0.15,full,0.15084443005077505,0.004689691522539099,0.14165280356799562,0.1600360565335545,1
239,5000,5,bounded,ccmar,0.15,cc,0.15049111785576658,0.006441359674512384,0.13786628488225366,0.1631159508292795,1
239,5000,5,bounded,ccmar,0.15,seq,0.14813266972657274,0.0058873897833931765,0.13659359778817304,0.15967174166497244,1
240,5000,5,bounded,ccmar,0.15,full,0.15150134421593153,0.004611602863239742,0.14246276869297986,0.1605399197388832,1
240,5000,5,bounded,ccmar,0.15,cc,0.15135447964452814,0.006068603853059284,0.13946023465609095,0.16324872463296533,1
240,5000,5,bounded,ccmar,0.15,seq,0.14997098992745478,0.005631408195451924,0.1389336326821253,0.16100834717278426,1
241,5000,5,bounded,ccmar,0.15,full,0.14933209840029393,0.004656033904917729,0.1402064396358578,0.15845775716473007,1
241,5000,5,bounded,ccmar,0.15,cc,0.14649539477105814,0.005932237797699119,0.13486842233984064,0.15812236720227563,1
241,5000,5,bounded,ccmar,0.15,seq,0.14838064292949452,0.005383971339787957,0.13782825300971427,0.15893303284927476,1
242,5000,5,bounded,ccmar,0.15,full,0.15163218038203774,0.004711266883341413,0.1423982669691323,0.16086609379494318,1
242,5000,5,bounded,ccmar,0.15,cc,0.15366807306136215,0.006261262478427133,0.14139622410589298,0.16593992201683133,1
242,5000,5,bounded,ccmar,0.15,seq,0.1525482978084974,0.005764120265769886,0.141250829685031,0.16384576593196382,1
243,5000,5,bounded,ccmar,0.15,full,0.15017680600857683,0.004697107593569495,0.140970644293671,0.15938296772348265,1
243,5000,5,bounded,ccmar,0.15,cc,0.15206575077574203,0.006126347657534373,0.14005833001020332,0.16407317154128073,1
243,5000,5,bounded,ccmar,0.15,seq,0.14994144461748482,0.005673503590400285,0.13882158191414157,0.16106130732082807,1
244,5000,5,bounded,ccmar,0.15,full,0.1603499336402503,0.004617482947433564,0.15129983336405264,0.16940003391644795,0
244,5000,5,bounded,ccmar,0.15,cc,0.15688300729142962,0.00625773232523203,0.14461807730908274,0.1691479372737765,1
244,5000,5,bounded,ccmar,0.15,seq,0.15659567385456966,0.005737634337612516,0.1453501171963888,0.16784123051275052,1
245,5000,5,bounded,ccmar,0.15,full,0.1537737108388543,0.004662520703507003,0.14463533818280822,0.16291208349490038,1
245,5000,5,bounded,ccmar,0.15,cc,0.1568971684009566,0.006012475931765244,0.14511293211678283,0.16868140468513038,1
245,5000,5,bounded,ccmar,0.15,seq,0.15517952226027693,0.005423573559623091,0.14454951341591196,0.1658095311046419,1
246,5000,5,bounded,ccmar,0.15,full,0.14943501308109147,0.004808886014802446,0.14000976968632034,0.1588602564758626,1
246,5000,5,bounded,ccmar,0.15,cc,0.14786732640403757,0.006248260512617161,0.13562096083328418,0.16011369197479097,1
246,5000,5,bounded,ccmar,0.15,seq,0.14856143936635446,0.005777033149483953,0.1372386624558719,0.15988421627683702,1
247,5000,5,bounded,ccmar,0.15,full,0.14979023754446963,0.004611546117323557,0.14075177324146992,0.15882870184746933,1
247,5000,5,bounded,ccmar,0.15,cc,0.15061715235689174,0.006140730515167742,0.13858154170839687,0.1626527630053866,1
247,5000,5,bounded,ccmar,0.15,seq,0.15095116636008168,0.005627664345666625,0.13992114692549493,0.16198118579466844,1
248,5000,5,bounded,ccmar,0.15,full,0.14690041982011004,0.004701651536432041,0.13768535214084582,0.15611548749937426,1
248,5000,5,bounded,ccmar,0.15,cc,0.1514925186848179,0.006278918130869147,0.13918606528643881,0.16379897208319696,1
248,5000,5,bounded,ccmar,0.15,seq,0.14769334810169762,0.005844520229820957,0.1362382989443328,0.15914839725906246,1
249,5000,5,bounded,ccmar,0.15,full,0.15529708118034705,0.004731449391935969,0.1460236107774786,0.16457055158321549,1
249,5000,5,bounded,ccmar,0.15,cc,0.14851790645379043,0.006727284279413163,0.13533267155237813,0.16170314135520272,1
249,5000,5,bounded,ccmar,0.15,seq,0.1523178791396575,0.00605536610255693,0.14044957966544125,0.16418617861387375,1
250,5000,5,bounded,ccmar,0.15,full,0.15616150223471076,0.0046527433295389,0.14704229287950554,0.16528071158991597,1
250,5000,5,bounded,ccmar,0.15,cc,0.14811790639709688,0.006378139825667714,0.13561698205042758,0.16061883074376618,1
250,5000,5,bounded,ccmar,0.15,seq,0.15491991920594372,0.005730430245822271,0.14368848230821307,0.16615135610367437,1
251,5000,5,bounded,ccmar,0.15,full,0.15090949995265993,0.004662913736031453,0.14177035696702117,0.16004864293829868,1
251,5000,5,bounded,ccmar,0.15,cc,0.1503263634565221,0.006139090399638187,0.13829396737539562,0.16235875953764856,1
251,5000,5,bounded,ccmar,0.15,seq,0.14930378817387474,0.005703430495565766,0.1381252698142384,0.1604823065335111,1
252,5000,5,bounded,ccmar,0.15,full,0.15030058081718953,0.004670501934439717,0.14114656523596303,0.15945459639841603,1
252,5000,5,bounded,ccmar,0.15,cc,0.1453935116508788,0.006415036276105786,0.13282027159019352,0.15796675171156407,1
252,5000,5,bounded,ccmar,0.15,seq,0.14381897386436748,0.005992618131025974,0.13207365815445485,0.15556428957428012,1
253,5000,5,bounded,ccmar,0.15,full,0.15201163423107855,0.004631959831005977,0.1429331597844706,0.1610901086776865,1
253,5000,5,bounded,ccmar,0.15,cc,0.1546339779849402,0.0059888052796633244,0.14289613532637674,0.16637182064350364,1
253,5000,5,bounded,ccmar,0.15,seq,0.15426864052522618,0.005371877988789309,0.14373995313785567,0.16479732791259669,1
254,5000,5,bounded,ccmar,0.15,full,0.1457014532027147,0.004776678291979869,0.13633933578469984,0.15506357062072954,1
254,5000,5,bounded,ccmar,0.15,cc,0.14832670343895815,0.006628157817722176,0.1353357528323751,0.16131765404554121,1
254,5000,5,bounded,ccmar,0.15,seq,0.14704917093081527,0.005953984309053502,0.1353795761205538,0.15871876574107674,1
255,5000,5,bounded,ccmar,0.15,full,0.1448096660589697,0.0046181372413811,0.13575828339019957,0.1538610487277398,1
255,5000,5,bounded,ccmar,0.15,cc,0.13840169701579957,0.006673693569068799,0.12532149797656816,0.15148189605503098,1
255,5000,5,bounded,ccmar,0.15,seq,0.14127960560718336,0.0059395341302908395,0.1296383326268669,0.15292087858749984,1
256,5000,5,bounded,ccmar,0.15,full,0.15075186952391628,0.004687147045915005,0.14156523012367955,0.159938508924153,1
256,5000,5,bounded,ccmar,0.15,cc,0.15645809544809092,0.006054583203658439,0.14459133042751923,0.1683248604686626,1
256,5000,5,bounded,ccmar,0.15,seq,0.15291703076315644,0.0055833934301650415,0.1419737807285154,0.16386028079779746,1
257,5000,5,bounded,ccmar,0.15,full,0.14405784863390983,0.0047257444285368575,0.13479555975383678,0.15332013751398288,1
257,5000,5,bounded,ccmar,0.15,cc,0.14971475702651366,0.005993480486298349,0.13796775113132528,0.16146176292170203,1
257,5000,5,bounded,ccmar,0.15,seq,0.14748202388611875,0.005596867109446365,0.13651236592534707,0.15845168184689043,1
258,5000,5,bounded,ccmar,0.15,full,0.15141436367512093,0.004765316701246788,0.14207451456575002,0.16075421278449184,1
258,5000,5,bounded,ccmar,0.15,cc,0.15456825226889656,0.006160386427568911,0.14249411674001214,0.16664238779778098,1
258,5000,5,bounded,ccmar,0.15,seq,0.15337025444914926,0.005719411069614393,0.14216041473992533,0.16458009415837319,1
259,5000,5,bounded,ccmar,0.15,full,0.15321648927902243,0.004582218360054243,0.1442355063240179,0.16219747223402695,1
259,5000,5,bounded,ccmar,0.15,cc,0.15250040525245373,0.006082728107931274,0.14057847723315897,0.1644223332717485,1
259,5000,5,bounded,ccmar,0.15,seq,0.15571746715470788,0.005568534085045158,0.14480334090133568,0.1666315934080801,1
260,5000,5,bounded,ccmar,0.15,full,0.15236399716809942,0.0046978326575046565,0.1431564143539942,0.16157157998220464,1
260,5000,5,bounded,ccmar,0.15,cc,0.15619203992243172,0.006305112475091686,0.14383424655277782,0.16854983329208562,1
260,5000,5,bounded,ccmar,0.15,seq,0.15405126479204606,0.005709531835262542,0.1428607880263466,0.16524174155774551,1
261,5000,5,bounded,ccmar,0.15,full,0.14729919011110673,0.004722600512270136,0.13804306319368687,0.1565553170285266,1
261,5000,5,bounded,ccmar,0.15,cc,0.14961492341620525,0.0062840904299766255,0.13729833249785825,0.16193151433455225,1
261,5000,5,bounded,ccmar,0.15,seq,0.14837975771448408,0.0057031916865134535,0.13720170741198948,0.1595578080169787,1
262,5000,5,bounded,ccmar,0.15,full,0.14811754379217604,0.004635474753512381,0.1390321802240471,0.15720290736030498,1
262,5000,5,bounded,ccmar,0.15,cc,0.1488552354698715,0.00594817256418658,0.13719703147023654,0.16051343946950647,1
262,5000,5,bounded,ccmar,0.15,seq,0.14862210251054206,0.00543318749271188,0.1379732507035733,0.15927095431751082,1
263,5000,5,bounded,ccmar,0.15,full,0.1513392176392397,0.004650265559983587,0.14222486462312486,0.1604535706553545,1
263,5000,5,bounded,ccmar,0.15,cc,0.15133917025442492,0.006019839466838873,0.13954050170670793,0.16313783880214192,1
263,5000,5,bounded,ccmar,0.15,seq,0.15381422536648684,0.005518830338588447,0.1429975166660665,0.16463093406690718,1
264,5000,5,bounded,ccmar,0.15,full,0.1568269795203452,0.004736957624116261,0.1475427131807849,0.16611124585990547,1
264,5000,5,bounded,ccmar,0.15,cc,0.16417276715487827,0.006489628982874701,0.15145332807541656,0.17689220623434,0
264,5000,5,bounded,ccmar,0.15,seq,0.16007641615073304,0.00601320903013844,0.14829074302015066,0.1718620892813154,1
265,5000,5,bounded,ccmar,0.15,full,0.15597217693202076,0.004686235824327054,0.14678732349327836,0.16515703037076315,1
265,5000,5,bounded,ccmar,0.15,cc,0.15430600293730062,0.005940410314244945,0.14266301266799025,0.165948993206611,1
265,5000,5,bounded,ccmar,0.15,seq,0.15030446627755037,0.0055413620587571885,0.13944359621708954,0.1611653363380112,1
266,5000,5,bounded,ccmar,0.15,full,0.14301173147644572,0.004688114956472384,0.1338231950063763,0.15220026794651514,1
266,5000,5,bounded,ccmar,0.15,cc,0.1456955643823476,0.006194159719842881,0.13355523441696684,0.15783589434772835,1
266,5000,5,bounded,ccmar,0.15,seq,0.14432931768283166,0.005621905522005952,0.13331058533521314,0.15534805003045019,1
267,5000,5,bounded,ccmar,0.15,full,0.14657424570085545,0.004648991438872709,0.1374623899162299,0.155686101485481,1
267,5000,5,bounded,ccmar,0.15,cc,0.14854269783286916,0.006243089206299843,0.13630646783625072,0.1607789278294876,1
267,5000,5,bounded,ccmar,0.15,seq,0.14760282550322154,0.005543595325361154,0.1367375783206491,0.158468072685794,1
268,5000,5,bounded,ccmar,0.15,full,0.15455044362255294,0.004660874767064043,0.1454152969426559,0.16368559030244997,1
268,5000,5,bounded,ccmar,0.15,cc,0.1467730016554292,0.006346306320228699,0.13433446983292202,0.15921153347793637,1
268,5000,5,bounded,ccmar,0.15,seq,0.148818670512575,0.00578090692849209,0.13748830113475244,0.16014903989039755,1
269,5000,5,bounded,ccmar,0.15,full,0.15419304061798986,0.004726005329922446,0.1449302403805975,0.1634558408553822,1
269,5000,5,bounded,ccmar,0.15,cc,0.15621936087989075,0.005979093943885015,0.14450055208969456,0.16793816967008693,1
269,5000,5,bounded,ccmar,0.15,seq,0.1546199910199308,0.005593704178436633,0.1436565322900238,0.1655834497498378,1
270,5000,5,bounded,ccmar,0.15,full,0.15115740457942498,0.004581476995270258,0.1421778746726965,0.16013693448615346,1
270,5000,5,bounded,ccmar,0.15,cc,0.1595351446554014,0.005971235845559371,0.14783173745491043,0.17123855185589235,1
270,5000,5,bounded,ccmar,0.15,seq,0.1556045086100938,0.005546402297353939,0.14473375986350986,0.16647525735667776,1
271,5000,5,bounded,ccmar,0.15,full,0.15323860937765496,0.004665784036918899,0.144093840705652,0.1623833780496579,1
271,5000,5,bounded,ccmar,0.15,cc,0.15173637369201065,0.006117968677132817,0.13974537542628618,0.16372737195773512,1
271,5000,5,bounded,ccmar,0.15,seq,0.15387640996217652,0.005457595725559064,0.14317971889790101,0.16457310102645203,1
272,5000,5,bounded,ccmar,0.15,full,0.1461932439003386,0.004715708439492378,0.13695062519734197,0.15543586260333525,1
272,5000,5,bounded,ccmar,0.15,cc,0.1423576836542798,0.006252994598001919,0.13010203944667253,0.15461332786188708,1
272,5000,5,bounded,ccmar,0.15,seq,0.14108520016470255,0.0058388778636150095,0.12964120984188895,0.15252919048751615,1
273,5000,5,bounded,ccmar,0.15,full,0.1470995090833041,0.00457999183296671,0.13812289004120176,0.15607612812540644,1
273,5000,5,bounded,ccmar,0.15,cc,0.1493990186083383,0.005799835845044531,0.13803154923580657,0.16076648798087,1
273,5000,5,bounded,ccmar,0.15,seq,0.14891690787852277,0.005249594919505827,0.1386278909028669,0.15920592485417864,1
274,5000,5,bounded,ccmar,0.15,full,0.15141200070120087,0.004621162988482755,0.14235468767708517,0.16046931372531656,1
274,5000,5,bounded,ccmar,0.15,cc,0.15084111830722283,0.006153086525749789,0.13878129032299455,0.1629009462914511,1
274,5000,5,bounded,ccmar,0.15,seq,0.14834607421620125,0.0057521318241222745,0.1370721030065949,0.1596200454258076,1
275,5000,5,bounded,ccmar,0.15,full,0.14403053166893437,0.00474679723223918,0.13472698005183117,0.15333408328603756,1
275,5000,5,bounded,ccmar,0.15,cc,0.13869452057103263,0.007013088377457398,0.12494911993081968,0.15243992121124555,1
275,5000,5,bounded,ccmar,0.15,seq,0.1376749150690382,0.00659793912222521,0.12474319201728898,0.15060663812078742,1
276,5000,5,bounded,ccmar,0.15,full,0.1415015913687362,0.004778883871198931,0.13213515109488694,0.15086803164258544,1
276,5000,5,bounded,ccmar,0.15,cc,0.1529665067589424,0.006154728603833399,0.14090346036081047,0.16502955315707435,1
276,5000,5,bounded,ccmar,0.15,seq,0.1479196104379326,0.005871812313529101,0.13641106977943676,0.15942815109642847,1
277,5000,5,bounded,ccmar,0.15,full,0.15029768783192982,0.0046735213991087625,0.1411377542086994,0.15945762145516024,1
277,5000,5,bounded,ccmar,0.15,cc,0.15053109304500437,0.006219991940849502,0.13834013285680996,0.16272205323319877,1
277,5000,5,bounded,ccmar,0.15,seq,0.1494268358201819,0.0057268501117531435,0.13820241585628656,0.16065125578407724,1
278,5000,5,bounded,ccmar,0.15,full,0.15818876833628664,0.004621441377089532,0.14913090968052797,0.16724662699204532,1
278,5000,5,bounded,ccmar,0.15,cc,0.15932138634000217,0.005920208376655917,0.14771799114078424,0.1709247815392201,1
278,5000,5,bounded,ccmar,0.15,seq,0.15846414576593185,0.00550099520990033,0.14768239327539984,0.16924589825646386,1
279,5000,5,bounded,ccmar,0.15,full,0.15351391887356194,0.004685739618372458,0.14433003798061947,0.16269779976650442,1
279,5000,5,bounded,ccmar,0.15,cc,0.14971370379794877,0.006828451073991717,0.13633018562273114,0.1630972219731664,1
279,5000,5,bounded,ccmar,0.15,seq,0.15190802088970987,0.0063885289435731425,0.13938673424611478,0.16442930753330495,1
280,5000,5,bounded,ccmar,0.15,full,0.1437192070607415,0.004653018473910448,0.1345994584324775,0.15283895568900552,1
280,5000,5,bounded,ccmar,0.15,cc,0.14461805829280694,0.00601638048778674,0.1328261692194554,0.15640994736615849,1
280,5000,5,bounded,ccmar,0.15,seq,0.14235106088403796,0.0055494106192450045,0.13147441593489362,0.1532277058331823,1
281,5000,5,bounded,ccmar,0.15,full,0.14554304228027623,0.004670826411309162,0.1363883907360718,0.15469769382448065,1
281,5000,5,bounded,ccmar,0.15,cc,0.13990809325394635,0.0077311772394959045,0.12475526430643857,0.15506092220145412,1
281,5000,5,bounded,ccmar,0.15,seq,0.14020104333070785,0.006979414819155375,0.12652164165199817,0.15388044500941753,1
282,5000,5,bounded,ccmar,0.15,full,0.157836070484353,0.004580948059524527,0.14885757727263627,0.16681456369606973,1
282,5000,5,bounded,ccmar,0.15,cc,0.16275853749335764,0.005871369820080247,0.15125086410608493,0.17426621088063035,0
282,5000,5,bounded,ccmar,0.15,seq,0.16418070079653113,0.005399265654307283,0.15359833457112476,0.1747630670219375,0
283,5000,5,bounded,ccmar,0.15,full,0.15504242984460626,0.0046796186925088966,0.1458705457459084,0.1642143139433041,1
283,5000,5,bounded,ccmar,0.15,cc,0.15132354724468197,0.0063013990462286494,0.13897303206185876,0.16367406242750518,1
283,5000,5,bounded,ccmar,0.15,seq,0.15234647208640006,0.005702332065753634,0.14117010660963505,0.16352283756316507,1
284,5000,5,bounded,ccmar,0.15,full,0.152224030198586,0.004689636698690447,0.1430325111685754,0.16141554922859658,1
284,5000,5,bounded,ccmar,0.15,cc,0.14479096104320816,0.006308247989131292,0.1324270221789636,0.1571548999074527,1
284,5000,5,bounded,ccmar,0.15,seq,0.14744855115789152,0.005649861918439425,0.13637502528012588,0.15852207703565716,1
285,5000,5,bounded,ccmar,0.15,full,0.15617499874924093,0.00467824381765125,0.1470058093557473,0.16534418814273455,1
285,5000,5,bounded,ccmar,0.15,cc,0.15817378143972013,0.006197337482253114,0.1460272231744639,0.17032033970497637,1
285,5000,5,bounded,ccmar,0.15,seq,0.15659429091912236,0.00563953745599824,0.14554100061590117,0.16764758122234355,1
286,5000,5,bounded,ccmar,0.15,full,0.15586700137325182,0.00468391458284612,0.14668669748421148,0.16504730526229217,1
286,5000,5,bounded,ccmar,0.15,cc,0.15792205373609344,0.006073075428942099,0.14601904461997178,0.1698250628522151,1
286,5000,5,bounded,ccmar,0.15,seq,0.15762317954826,0.005561036539107903,0.14672374821489723,0.16852261088162276,1
287,5000,5,bounded,ccmar,0.15,full,0.1508486397625911,0.004681328568752292,0.14167340436803819,0.16002387515714403,1
287,5000,5,bounded,ccmar,0.15,cc,0.1526251880491326,0.005994386272767424,0.14087640684508718,0.16437396925317804,1
287,5000,5,bounded,ccmar,0.15,seq,0.15504277454353227,0.005408649787402562,0.14444201575523302,0.16564353333183152,1
288,5000,5,bounded,ccmar,0.15,full,0.1450207029026268,0.004631571903412745,0.1359429887801302,0.15409841702512342,1
288,5000,5,bounded,ccmar,0.15,cc,0.14467839429188925,0.006040591083265532,0.13283905332335502,0.15651773526042348,1
288,5000,5,bounded,ccmar,0.15,seq,0.1442578392186501,0.005530395841705541,0.13341846254865716,0.15509721588864303,1
289,5000,5,bounded,ccmar,0.15,full,0.1522400314544813,0.004748191741891831,0.14293374664868283,0.1615463162602798,1
289,5000,5,bounded,ccmar,0.15,cc,0.15204430667112184,0.006165058391217535,0.13996101426174903,0.16412759908049465,1
289,5000,5,bounded,ccmar,0.15,seq,0.15193651491687302,0.005617671707025131,0.14092608069413412,0.1629469491396119,1
290,5000,5,bounded,ccmar,0.15,full,0.1510676397508309,0.004675993452177423,0.14190286099261804,0.16023241850904377,1
290,5000,5,bounded,ccmar,0.15,cc,0.14603819324372688,0.0066870613042293,0.13293179392502602,0.15914459256242774,1
290,5000,5,bounded,ccmar,0.15,seq,0.15013624748528598,0.006356449131720855,0.13767783611755222,0.16259465885301974,1
291,5000,5,bounded,ccmar,0.15,full,0.1465625582763723,0.0046315426394829984,0.13748490151012405,0.15564021504262054,1
291,5000,5,bounded,ccmar,0.15,cc,0.15118603573163691,0.00575744653251572,0.1399016478849911,0.16247042357828273,1
291,5000,5,bounded,ccmar,0.15,seq,0.14989065429448561,0.005248873590259214,0.1396030510981741,0.16017825749079712,1
292,5000,5,bounded,ccmar,0.15,full,0.14633820418410523,0.00470888762028702,0.13710895404109616,0.1555674543271143,1
292,5000,5,bounded,ccmar,0.15,cc,0.14689217729519496,0.006041891454593407,0.13505028764569157,0.15873406694469835,1
292,5000,5,bounded,ccmar,0.15,seq,0.14870771771425143,0.0053046203150123004,0.1383108529451678,0.15910458248333506,1
293,5000,5,bounded,ccmar,0.15,full,0.15659706664191658,0.0047077737893354244,0.1473699995674575,0.16582413371637567,1
293,5000,5,bounded,ccmar,0.15,cc,0.1576586068530763,0.005980673184482038,0.14593670280818705,0.16938051089796557,1
293,5000,5,bounded,ccmar,0.15,seq,0.15964201263865455,0.005436990854671867,0.14898570637922404,0.17029831889808505,1
294,5000,5,bounded,ccmar,0.15,full,0.1516337195506071,0.004850688188931505,0.14212654540006753,0.16114089370114665,1
294,5000,5,bounded,ccmar,0.15,cc,0.14976761048738285,0.006385776548225669,0.13725171843954004,0.16228350253522567,1
294,5000,5,bounded,ccmar,0.15,seq,0.1482924402636636,0.00594624863206172,0.13663800710170204,0.15994687342562514,1
295,5000,5,bounded,ccmar,0.15,full,0.14362433644207206,0.004640327124292899,0.13452946240197367,0.15271921048217046,1
295,5000,5,bounded,ccmar,0.15,cc,0.1464449150599054,0.005878252373351112,0.1349237521161001,0.15796607800371068,1
295,5000,5,bounded,ccmar,0.15,seq,0.14318817353784233,0.005422921092938179,0.1325594435046809,0.15381690357100375,1
296,5000,5,bounded,ccmar,0.15,full,0.15207291186283223,0.0047212819029653335,0.14281936937215944,0.161326454353505,1
296,5000,5,bounded,ccmar,0.15,cc,0.15276283577831754,0.00640204691079777,0.140215054405818,0.16531061715081707,1
296,5000,5,bounded,ccmar,0.15,seq,0.15025926435926296,0.005884754907972078,0.13872535668179237,0.16179317203673355,1
297,5000,5,bounded,ccmar,0.15,full,0.14972700982153322,0.004776793866609878,0.14036466588140603,0.15908935376166042,1
297,5000,5,bounded,ccmar,0.15,cc,0.1494689806569477,0.006328122541658108,0.13706608838554174,0.16187187292835364,1
297,5000,5,bounded,ccmar,0.15,seq,0.1490586157111913,0.0058788200508296095,0.13753634013997335,0.16058089128240927,1
298,5000,5,bounded,ccmar,0.15,full,0.15307852973541716,0.004643871162687533,0.14397670950770544,0.16218034996312888,1
298,5000,5,bounded,ccmar,0.15,cc,0.15269250231078757,0.00609291517626915,0.14075060800444253,0.1646343966171326,1
298,5000,5,bounded,ccmar,0.15,seq,0.1502497684688214,0.005694370808410123,0.13908900676972133,0.16141053016792148,1
299,5000,5,bounded,ccmar,0.15,full,0.14855304927051408,0.004782374443431827,0.13917976760080292,0.15792633094022523,1
299,5000,5,bounded,ccmar,0.15,cc,0.14882012153230997,0.006430850434252154,0.13621588629121198,0.16142435677340797,1
299,5000,5,bounded,ccmar,0.15,seq,0.14996778145217954,0.005891502527562084,0.13842064868333115,0.16151491422102793,1
300,5000,5,bounded,ccmar,0.15,full,0.1483859255726871,0.004651068531292192,0.1392699987617268,0.1575018523836474,1
300,5000,5,bounded,ccmar,0.15,cc,0.15138491988417063,0.006206938765467364,0.1392195434496091,0.16355029631873216,1
300,5000,5,bounded,ccmar,0.15,seq,0.1496785046087483,0.005655989990108712,0.13859296793121617,0.1607640412862804,1
301,5000,5,bounded,ccmar,0.15,full,0.14586316946948988,0.0046736159652426565,0.13670305050004286,0.1550232884389369,1
301,5000,5,bounded,ccmar,0.15,cc,0.14088534540297465,0.005936618464181901,0.12924978702322262,0.15252090378272667,1
301,5000,5,bounded,ccmar,0.15,seq,0.1420328200470902,0.0054440291522304275,0.13136271897793245,0.15270292111624795,1
302,5000,5,bounded,ccmar,0.15,full,0.148933389663762,0.004686451773616065,0.13974811297219064,0.15811866635533334,1
302,5000,5,bounded,ccmar,0.15,cc,0.15276574380531602,0.005864341752090457,0.1412718451781842,0.16425964243244784,1
302,5000,5,bounded,ccmar,0.15,seq,0.15083423880946129,0.0054280920635536925,0.14019537386012834,0.16147310375879423,1
303,5000,5,bounded,ccmar,0.15,full,0.1507471258823219,0.004668033379611127,0.1415979485796533,0.15989630318499048,1
303,5000,5,bounded,ccmar,0.15,cc,0.15394317962718787,0.006236772656894024,0.1417193298399114,0.16616702941446435,1
303,5000,5,bounded,ccmar,0.15,seq,0.1539467300615268,0.005794905312968586,0.14258892435428855,0.16530453576876503,1
304,5000,5,bounded,ccmar,0.15,full,0.14731393895383713,0.0047277894826053225,0.13804764184144344,0.1565802360662308,1
304,5000,5,bounded,ccmar,0.15,cc,0.14403555752082456,0.006285387230077375,0.13171642492098493,0.1563546901206642,1
304,5000,5,bounded,ccmar,0.15,seq,0.14490591768316244,0.005776432344940836,0.13358431832794615,0.15622751703837873,1
305,5000,5,bounded,ccmar,0.15,full,0.14807084172738683,0.0046918301891693765,0.1388750235350371,0.15726665991973654,1
305,5000,5,bounded,ccmar,0.15,cc,0.13992520249900073,0.0062263423502211986,0.1277217957371507,0.15212860926085076,1
305,5000,5,bounded,ccmar,0.15,seq,0.14212328849128505,0.005609744973466158,0.1311283903808368,0.15311818660173332,1
306,5000,5,bounded,ccmar,0.15,full,0.1537339366151821,0.0047929091647435544,0.14434000727111276,0.1631278659592514,1
306,5000,5,bounded,ccmar,0.15,cc,0.15842195432648068,0.006170645092208571,0.14632771218437304,0.17051619646858832,1
306,5000,5,bounded,ccmar,0.15,seq,0.1545253869503856,0.005643437673570483,0.14346445236119093,0.16558632153958025,1
307,5000,5,bounded,ccmar,0.15,full,0.14885043354444072,0.004635741275173166,0.13976454760345552,0.1579363194854259,1
307,5000,5,bounded,ccmar,0.15,cc,0.1419619442021684,0.006214741242497265,0.12978127519363805,0.15414261321069875,1
307,5000,5,bounded,ccmar,0.15,seq,0.14589590811118777,0.005642050950201146,0.13483769144985353,0.15695412477252202,1
308,5000,5,bounded,ccmar,0.15,full,0.14902261197327588,0.004662877466915233,0.13988354007379866,0.1581616838727531,1
308,5000,5,bounded,ccmar,0.15,cc,0.15254935535308317,0.005904310059229876,0.14097712028343506,0.16412159042273128,1
308,5000,5,bounded,ccmar,0.15,seq,0.14705934960203834,0.005504023891277362,0.1362716610050867,0.15784703819899,1
309,5000,5,bounded,ccmar,0.15,full,0.14439920416358262,0.004742934380607305,0.13510322359655552,0.15369518473060972,1
309,5000,5,bounded,ccmar,0.15,cc,0.1461781211690736,0.006210035391171484,0.1340066754596584,0.15834956687848883,1
309,5000,5,bounded,ccmar,0.15,seq,0.14434525410787621,0.00555354069925106,0.13346051435066675,0.15522999386508568,1
310,5000,5,bounded,ccmar,0.15,full,0.14171291588520302,0.004749407710049918,0.13240424782560833,0.1510215839447977,1
310,5000,5,bounded,ccmar,0.15,cc,0.14113979887170416,0.006540036063760707,0.12832156372914008,0.15395803401426825,1
310,5000,5,bounded,ccmar,0.15,seq,0.14164354766528156,0.006069794805366154,0.1297469684532156,0.15354012687734753,1
311,5000,5,bounded,ccmar,0.15,full,0.14815179410998341,0.004739575198344379,0.13886239741920914,0.1574411908007577,1
311,5000,5,bounded,ccmar,0.15,cc,0.1506629483455732,0.006322829002398823,0.1382704312204662,0.1630554654706802,1
311,5000,5,bounded,ccmar,0.15,seq,0.15104488673589928,0.005779094768016546,0.139718069127343,0.16237170434445555,1
312,5000,5,bounded,ccmar,0.15,full,0.15534601832452843,0.004662079045686514,0.146208511301904,0.16448352534715288,1
312,5000,5,bounded,ccmar,0.15,cc,0.14810717237902518,0.00634317661366032,0.13567477466867423,0.16053957008937614,1
312,5000,5,bounded,ccmar,0.15,seq,0.15193563632410692,0.0057787409585829865,0.1406095121692978,0.16326176047891605,1
313,5000,5,bounded,ccmar,0.15,full,0.1459481184618394,0.0046532745939623565,0.13682786784749792,0.15506836907618085,1
313,5000,5,bounded,ccmar,0.15,cc,0.1496684573064334,0.006024579530196338,0.13786049840525136,0.16147641620761546,1
313,5000,5,bounded,ccmar,0.15,seq,0.14660952007362127,0.005559831725455444,0.13571245013162542,0.15750659001561712,1
314,5000,5,bounded,ccmar,0.15,full,0.15144932715439996,0.004723239399466597,0.14219194804108484,0.16070670626771508,1
314,5000,5,bounded,ccmar,0.15,cc,0.14865384179484564,0.0063892626468708864,0.13613111711921164,0.16117656647047965,1
314,5000,5,bounded,ccmar,0.15,seq,0.14898951988075404,0.005869565213135237,0.1374853834580998,0.16049365630340828,1
315,5000,5,bounded,ccmar,0.15,full,0.152461105502282,0.0046266976808716715,0.14339294468041855,0.16152926632414547,1
315,5000,5,bounded,ccmar,0.15,cc,0.15498622308795323,0.005992877777533861,0.14324039848023642,0.16673204769567004,1
315,5000,5,bounded,ccmar,0.15,seq,0.15233902582316847,0.005539331787412056,0.14148213502142296,0.16319591662491398,1
316,5000,5,bounded,ccmar,0.15,full,0.15648658904314372,0.004710412833237927,0.1472543495376821,0.16571882854860534,1
316,5000,5,bounded,ccmar,0.15,cc,0.15123332247535987,0.006318569204407047,0.13884915440089815,0.16361749054982158,1
316,5000,5,bounded,ccmar,0.15,seq,0.16052924991967557,0.005726700633711689,0.14930512292735795,0.1717533769119932,1
317,5000,5,bounded,ccmar,0.15,full,0.15136196166116136,0.004709911623642793,0.1421307045084549,0.16059321881386782,1
317,5000,5,bounded,ccmar,0.15,cc,0.1545829153084905,0.005890243613565299,0.14303824996573544,0.16612758065124555,1
317,5000,5,bounded,ccmar,0.15,seq,0.15255983931179748,0.005513062507833571,0.1417544353519256,0.16336524327166935,1
318,5000,5,bounded,ccmar,0.15,full,0.14469480867510864,0.004639798364816106,0.13560097098454124,0.15378864636567605,1
318,5000,5,bounded,ccmar,0.15,cc,0.14900817687096132,0.006125146496845225,0.137003110337113,0.16101324340480966,1
318,5000,5,bounded,ccmar,0.15,seq,0.14965082123899962,0.0055624356925725715,0.13874864761523725,0.16055299486276198,1
319,5000,5,bounded,ccmar,0.15,full,0.15406524249996545,0.004628821617442048,0.1449929188389186,0.1631375661610123,1
319,5000,5,bounded,ccmar,0.15,cc,0.1588216649696602,0.006039933612426065,0.1469836126202922,0.17065971731902818,1
319,5000,5,bounded,ccmar,0.15,seq,0.15740481985804006,0.0054328832702705415,0.1467565643160996,0.16805307539998052,1
320,5000,5,bounded,ccmar,0.15,full,0.14902218089387298,0.004556857972064539,0.14009090338596225,0.1579534584017837,1
320,5000,5,bounded,ccmar,0.15,cc,0.1440011344788388,0.006154564568291512,0.13193840958446112,0.15606385937321648,1
320,5000,5,bounded,ccmar,0.15,seq,0.14496096180134374,0.005605599479981608,0.13397418870882333,0.15594773489386415,1
321,5000,5,bounded,ccmar,0.15,full,0.1420144360495446,0.004606598501623803,0.13298566889512578,0.15104320320396344,1
321,5000,5,bounded,ccmar,0.15,cc,0.1384472612563042,0.006416098601106335,0.12587193907687794,0.15102258343573044,1
321,5000,5,bounded,ccmar,0.15,seq,0.14039449892433972,0.0058140793751872,0.12899911274571568,0.15178988510296376,1
322,5000,5,bounded,ccmar,0.15,full,0.15006196228164712,0.004680578443799788,0.14088819710498499,0.15923572745830925,1
322,5000,5,bounded,ccmar,0.15,cc,0.15494891454516416,0.006380892756204668,0.1424425945537905,0.16745523453653782,1
322,5000,5,bounded,ccmar,0.15,seq,0.1541830221386803,0.005941929782373533,0.14253705376656226,0.16582899051079833,1
323,5000,5,bounded,ccmar,0.15,full,0.15654977793015204,0.0047501780150260445,0.14723960010054704,0.16585995575975704,1
323,5000,5,bounded,ccmar,0.15,cc,0.15346391230059803,0.006481777304138602,0.14075986222867726,0.1661679623725188,1
323,5000,5,bounded,ccmar,0.15,seq,0.15377377995455996,0.006018091440010354,0.14197853747647088,0.16556902243264904,1
324,5000,5,bounded,ccmar,0.15,full,0.151782946040099,0.004584343905286879,0.14279779709299104,0.16076809498720698,1
324,5000,5,bounded,ccmar,0.15,cc,0.15191617647284217,0.005958659693968645,0.14023741807653317,0.16359493486915117,1
324,5000,5,bounded,ccmar,0.15,seq,0.15281915315549455,0.005564621528350858,0.14191269537233064,0.16372561093865845,1
325,5000,5,bounded,ccmar,0.15,full,0.14854869832701828,0.0047651627213928065,0.1392091510126155,0.15788824564142107,1
325,5000,5,bounded,ccmar,0.15,cc,0.1536528056224651,0.0057426878478372394,0.14239734426624828,0.16490826697868194,1
325,5000,5,bounded,ccmar,0.15,seq,0.1513582075272032,0.005439670975122679,0.14069664832821485,0.16201976672619153,1
326,5000,5,bounded,ccmar,0.15,full,0.15730063056818908,0.004643580171398587,0.14819938067292351,0.16640188046345464,1
326,5000,5,bounded,ccmar,0.15,cc,0.1537812796832192,0.006277502061381497,0.1414776017300355,0.16608495763640288,1
326,5000,5,bounded,ccmar,0.15,seq,0.1543551210677198,0.0056336499350247635,0.14331337009356487,0.16539687204187475,1
327,5000,5,bounded,ccmar,0.15,full,0.15190063032196235,0.004624564572030992,0.14283665031660173,0.16096461032732298,1
327,5000,5,bounded,ccmar,0.15,cc,0.1506773894635883,0.006035101882279434,0.13884880713129072,0.16250597179588588,1
327,5000,5,bounded,ccmar,0.15,seq,0.1526952902354249,0.005459179229377092,0.14199549556069668,0.16339508491015314,1
328,5000,5,bounded,ccmar,0.15,full,0.14907868252445416,0.00463017088307027,0.1400037143513704,0.15815365069753792,1
328,5000,5,bounded,ccmar,0.15,cc,0.13784209586945703,0.006532356418208089,0.1250389125555901,0.15064527918332396,1
328,5000,5,bounded,ccmar,0.15,seq,0.14170542116333523,0.006118831512276303,0.12971273177180492,0.15369811055486554,1
329,5000,5,bounded,ccmar,0.15,full,0.1462876092965512,0.0046147235775551325,0.13724291728593532,0.1553323013071671,1
329,5000,5,bounded,ccmar,0.15,cc,0.1481469527185911,0.006228353099690718,0.13593960496019888,0.16035430047698332,1
329,5000,5,bounded,ccmar,0.15,seq,0.14783520914366013,0.005683071654946797,0.13669659337840398,0.1589738249089163,1
330,5000,5,bounded,ccmar,0.15,full,0.14808188454925317,0.004655855482030255,0.1389565754872505,0.15720719361125585,1
330,5000,5,bounded,ccmar,0.15,cc,0.14980443763459284,0.006053467558513297,0.13793985923832516,0.1616690160308605,1
330,5000,5,bounded,ccmar,0.15,seq,0.1481717384025272,0.005609857352444718,0.13717662003332834,0.15916685677172607,1
331,5000,5,bounded,ccmar,0.15,full,0.14730107480547863,0.004700455927056959,0.13808835047752915,0.1565137991334281,1
331,5000,5,bounded,ccmar,0.15,cc,0.14230646536795646,0.006076727715629107,0.13039629790146706,0.15421663283444587,1
331,5000,5,bounded,ccmar,0.15,seq,0.14552343973292794,0.0055800369780674205,0.1345867682235141,0.1564601112423418,1
332,5000,5,bounded,ccmar,0.15,full,0.15257067855242332,0.004750073116867893,0.14326070631943033,0.1618806507854163,1
332,5000,5,bounded,ccmar,0.15,cc,0.14886491692496487,0.006280676369288653,0.1365550174426073,0.16117481640732242,1
332,5000,5,bounded,ccmar,0.15,seq,0.14883308997733738,0.0057487431814140155,0.1375657603853957,0.16010041956927906,1
333,5000,5,bounded,ccmar,0.15,full,0.15110395733657314,0.004702080138492743,0.14188804961270626,0.16031986506044002,1
333,5000,5,bounded,ccmar,0.15,cc,0.15495204467432286,0.006303845764193755,0.14259673401240772,0.167307355336238,1
333,5000,5,bounded,ccmar,0.15,seq,0.15520856870826133,0.005780090099251243,0.14387980028633235,0.1665373371301903,1
334,5000,5,bounded,ccmar,0.15,full,0.1497006638940102,0.004767334882407421,0.14035685922225016,0.15904446856577026,1
334,5000,5,bounded,ccmar,0.15,cc,0.15330537070115935,0.006452888994775248,0.140657940675165,0.1659528007271537,1
334,5000,5,bounded,ccmar,0.15,seq,0.15305175763610826,0.006103475757110943,0.14108916497165747,0.16501435030055905,1
335,5000,5,bounded,ccmar,0.15,full,0.14400071954323518,0.004711571881193618,0.13476620834552405,0.1532352307409463,1
335,5000,5,bounded,ccmar,0.15,cc,0.14421461424419904,0.006638313474104404,0.13120375891686745,0.15722546957153063,1
335,5000,5,bounded,ccmar,0.15,seq,0.14436206894160905,0.006066172067200178,0.13247259016587382,0.15625154771734429,1
336,5000,5,bounded,ccmar,0.15,full,0.1475942227348859,0.004695993527360124,0.13839024454962684,0.15679820092014496,1
336,5000,5,bounded,ccmar,0.15,cc,0.1444047119026482,0.006079460363719891,0.13248918854431843,0.15632023526097796,1
336,5000,5,bounded,ccmar,0.15,seq,0.14575690263833307,0.005606833405151171,0.1347677110969207,0.15674609417974544,1
337,5000,5,bounded,ccmar,0.15,full,0.15261243031110944,0.004653406043318032,0.14349192206076505,0.16173293856145382,1
337,5000,5,bounded,ccmar,0.15,cc,0.157023425187295,0.005735340908142298,0.14578236356827687,0.16826448680631315,1
337,5000,5,bounded,ccmar,0.15,seq,0.1537210584254368,0.005267847774885109,0.1433962665106225,0.16404585034025107,1
338,5000,5,bounded,ccmar,0.15,full,0.1523571058155383,0.004708334000152987,0.14312894074805305,0.16158527088302355,1
338,5000,5,bounded,ccmar,0.15,cc,0.1532402070287481,0.0061031283421851745,0.14127829528503952,0.1652021187724567,1
338,5000,5,bounded,ccmar,0.15,seq,0.15034825487991096,0.00566155480818791,0.1392518113593631,0.16144469840045883,1
339,5000,5,bounded,ccmar,0.15,full,0.15122329085483543,0.004620279184497912,0.14216771005469944,0.16027887165497143,1
339,5000,5,bounded,ccmar,0.15,cc,0.15021112881016196,0.00592896855950007,0.1385905639680715,0.16183169365225242,1
339,5000,5,bounded,ccmar,0.15,seq,0.1489812264079723,0.005466113255299725,0.13826784129216785,0.15969461152377673,1
340,5000,5,bounded,ccmar,0.15,full,0.14766862051702315,0.004751310940468207,0.13835622219435434,0.15698101883969195,1
340,5000,5,bounded,ccmar,0.15,cc,0.148724680958098,0.006214877707927101,0.13654374448224002,0.16090561743395596,1
340,5000,5,bounded,ccmar,0.15,seq,0.1502625668224084,0.00562181937085619,0.13924400332794065,0.16128113031687616,1
341,5000,5,bounded,ccmar,0.15,full,0.15500652755576674,0.004706812856177116,0.1457813438756895,0.16423171123584399,1
341,5000,5,bounded,ccmar,0.15,cc,0.15535728717892625,0.005902543827066078,0.1437885138607075,0.16692606049714498,1
341,5000,5,bounded,ccmar,0.15,seq,0.153829174769866,0.00548486379273441,0.14307903927599877,0.1645793102637332,1
342,5000,5,bounded,ccmar,0.15,full,0.1549039001749093,0.004738692923439776,0.14561623271117252,0.16419156763864606,1
342,5000,5,bounded,ccmar,0.15,cc,0.15960597083439215,0.006003559775765633,0.14783920989485816,0.17137273177392615,1
342,5000,5,bounded,ccmar,0.15,seq,0.15606155232987476,0.005536313344248782,0.14521057756801864,0.16691252709173088,1
343,5000,5,bounded,ccmar,0.15,full,0.14512635588635306,0.0047292389199683135,0.13585721792893007,0.15439549384377604,1
343,5000,5,bounded,ccmar,0.15,cc,0.14836862662218717,0.0061171642858454806,0.13637920493441535,0.16035804830995898,1
343,5000,5,bounded,ccmar,0.15,seq,0.14616338845203466,0.005545961586275155,0.13529350348329272,0.1570332734207766,1
344,5000,5,bounded,ccmar,0.15,full,0.14781780154567545,0.004640338754821938,0.13872290471015902,0.15691269838119187,1
344,5000,5,bounded,ccmar,0.15,cc,0.14312766466554316,0.0063316270084285255,0.13071790376548217,0.15553742556560415,1
344,5000,5,bounded,ccmar,0.15,seq,0.144004677886207,0.005848415275127513,0.13254199458032315,0.15546736119209084,1
345,5000,5,bounded,ccmar,0.15,full,0.14895310166140788,0.00460575842513319,0.1399259810266549,0.15798022229616085,1
345,5000,5,bounded,ccmar,0.15,cc,0.15557970481067818,0.006545128095546553,0.1427514894692057,0.16840792015215064,1
345,5000,5,bounded,ccmar,0.15,seq,0.15550092013218494,0.005895423334187205,0.14394610272356098,0.1670557375408089,1
346,5000,5,bounded,ccmar,0.15,full,0.14242533511191427,0.0047035968879964715,0.1332064546136465,0.15164421561018204,1
346,5000,5,bounded,ccmar,0.15,cc,0.1449748631923051,0.006111432507997947,0.13299667558268183,0.15695305080192837,1
346,5000,5,bounded,ccmar,0.15,seq,0.1448285753784442,0.005692779008896252,0.13367093354906193,0.1559862172078265,1
347,5000,5,bounded,ccmar,0.15,full,0.15305008828789687,0.004742993913078035,0.14375399103937123,0.16234618553642252,1
347,5000,5,bounded,ccmar,0.15,cc,0.15714167852412014,0.005909921158356332,0.1455584459022705,0.1687249111459698,1
347,5000,5,bounded,ccmar,0.15,seq,0.15452368965141527,0.0055707119317159794,0.1436052948970044,0.16544208440582614,1
348,5000,5,bounded,ccmar,0.15,full,0.14573178933223288,0.004669032769292844,0.1365806532617816,0.15488292540268417,1
348,5000,5,bounded,ccmar,0.15,cc,0.14362221218472943,0.006231066166139956,0.13140954691380904,0.1558348774556498,1
348,5000,5,bounded,ccmar,0.15,seq,0.14232234020781703,0.005890859316847842,0.13077646810880303,0.15386821230683104,1
349,5000,5,bounded,ccmar,0.15,full,0.1466241595149866,0.00480168693717788,0.13721302605308153,0.1560352929768917,1
349,5000,5,bounded,ccmar,0.15,cc,0.13876986675948383,0.0067203139179146465,0.12559829351556787,0.1519414400033998,1
349,5000,5,bounded,ccmar,0.15,seq,0.14306817475552694,0.006218448523905003,0.13088023960895687,0.155256109902097,1
350,5000,5,bounded,ccmar,0.15,full,0.1472058281645325,0.004744228535862193,0.1379073110998154,0.1565043452292496,1
350,5000,5,bounded,ccmar,0.15,cc,0.1569113893396844,0.006274548742206245,0.14461349978571908,0.16920927889364973,1
350,5000,5,bounded,ccmar,0.15,seq,0.15580681004468683,0.005794585068343313,0.14444963200538036,0.1671639880839933,1
351,5000,5,bounded,ccmar,0.15,full,0.15384518872883102,0.004665022563848467,0.14470191251662132,0.16298846494104072,1
351,5000,5,bounded,ccmar,0.15,cc,0.15506502617673398,0.005769271850882416,0.1437574611319837,0.16637259122148426,1
351,5000,5,bounded,ccmar,0.15,seq,0.15438085586103775,0.005292737080529428,0.1440072818035604,0.1647544299185151,1
352,5000,5,bounded,ccmar,0.15,full,0.15573960648139487,0.00469525799609798,0.14653706991091914,0.1649421430518706,1
352,5000,5,bounded,ccmar,0.15,cc,0.16129001722223052,0.006066889156213537,0.1493991329778554,0.17318090146660564,1
352,5000,5,bounded,ccmar,0.15,seq,0.15921824372834667,0.005732049867390915,0.1479836324306729,0.17045285502602045,1
353,5000,5,bounded,ccmar,0.15,full,0.15122034585628125,0.0046924470241774515,0.14202331868953127,0.16041737302303122,1
353,5000,5,bounded,ccmar,0.15,cc,0.15691546138158308,0.006203853434096491,0.14475613208538882,0.16907479067777734,1
353,5000,5,bounded,ccmar,0.15,seq,0.15197675305012215,0.005766271461971052,0.14067506865957777,0.16327843744066653,1
354,5000,5,bounded,ccmar,0.15,full,0.14814192687627273,0.004642798554527371,0.13904220892192445,0.157241644830621,1
354,5000,5,bounded,ccmar,0.15,cc,0.14719079267949028,0.006249391169981223,0.13494221106102447,0.1594393742979561,1
354,5000,5,bounded,ccmar,0.15,seq,0.145095725027218,0.005776551024359905,0.13377389306461462,0.15641755698982135,1
355,5000,5,bounded,ccmar,0.15,full,0.14718795976911597,0.004728318682171113,0.1379206254446327,0.15645529409359923,1
355,5000,5,bounded,ccmar,0.15,cc,0.14368435498000462,0.006219769177558537,0.13149383139983759,0.15587487856017165,1
355,5000,5,bounded,ccmar,0.15,seq,0.14541498910819142,0.005716424171767992,0.13421100361117194,0.1566189746052109,1
356,5000,5,bounded,ccmar,0.15,full,0.15494706146115683,0.004690968550051012,0.14575293205044676,0.1641411908718669,1
356,5000,5,bounded,ccmar,0.15,cc,0.15009203385580144,0.006137988188623264,0.1380617980685676,0.16212226964303528,1
356,5000,5,bounded,ccmar,0.15,seq,0.1522906438486878,0.005504401997069443,0.14150221417800132,0.16307907351937426,1
357,5000,5,bounded,ccmar,0.15,full,0.14852345628673172,0.004601902004817415,0.13950389409690692,0.15754301847655652,1
357,5000,5,bounded,ccmar,0.15,cc,0.14976995890867356,0.005784469968142628,0.13843260610146046,0.16110731171588666,1
357,5000,5,bounded,ccmar,0.15,seq,0.14985859276913438,0.005310937489162668,0.13944934656623198,0.16026783897203678,1
358,5000,5,bounded,ccmar,0.15,full,0.14772064111057673,0.0046241710640603775,0.13865743236666614,0.15678384985448732,1
358,5000,5,bounded,ccmar,0.15,cc,0.1461213609785175,0.006303165471238614,0.13376738366629337,0.15847533829074162,1
358,5000,5,bounded,ccmar,0.15,seq,0.14755827686893108,0.005759588453934352,0.136269690933447,0.15884686280441515,1
359,5000,5,bounded,ccmar,0.15,full,0.14883586408143978,0.004663225669131777,0.1396961097181588,0.15797561844472077,1
359,5000,5,bounded,ccmar,0.15,cc,0.1454104159598939,0.006171499628180151,0.13331449895805847,0.15750633296172933,1
359,5000,5,bounded,ccmar,0.15,seq,0.14760411692081474,0.005710100457399389,0.13641252567620624,0.15879570816542324,1
360,5000,5,bounded,ccmar,0.15,full,0.14918161227557997,0.00463401037374851,0.14009911883904788,0.15826410571211205,1
360,5000,5,bounded,ccmar,0.15,cc,0.15341597726769815,0.00596988825459971,0.14171521129695402,0.16511674323844228,1
360,5000,5,bounded,ccmar,0.15,seq,0.15336673459610875,0.005402732494688221,0.1427775734884156,0.1639558957038019,1
361,5000,5,bounded,ccmar,0.15,full,0.15095627590887734,0.0047339669623647105,0.14167787115864003,0.16023468065911464,1
361,5000,5,bounded,ccmar,0.15,cc,0.15756001086803229,0.006106515909780854,0.14559145961384096,0.1695285621222236,1
361,5000,5,bounded,ccmar,0.15,seq,0.1544058704495731,0.005582309607374767,0.14346474466856662,0.16534699623057958,1
362,5000,5,bounded,ccmar,0.15,full,0.1513414858080791,0.004568780509001526,0.14238684055716752,0.16029613105899068,1
362,5000,5,bounded,ccmar,0.15,cc,0.1494485740126447,0.006198793154149259,0.1372991626828987,0.16159798534239067,1
362,5000,5,bounded,ccmar,0.15,seq,0.15340479141521565,0.00553129896637168,0.14256364465340354,0.16424593817702776,1
363,5000,5,bounded,ccmar,0.15,full,0.14729440092259605,0.004602546483597703,0.13827357557757308,0.156315226267619,1
363,5000,5,bounded,ccmar,0.15,cc,0.149646464491616,0.00607039994995751,0.13774869921794552,0.16154422976528648,1
363,5000,5,bounded,ccmar,0.15,seq,0.14848598181664896,0.005552185152508376,0.1376038988822345,0.1593680647510634,1
364,5000,5,bounded,ccmar,0.15,full,0.15477226676733577,0.004706758402401575,0.1455471898146974,0.16399734371997415,1
364,5000,5,bounded,ccmar,0.15,cc,0.1542669135022284,0.006222040918787662,0.14207193739107007,0.16646188961338673,1
364,5000,5,bounded,ccmar,0.15,seq,0.15619814217083866,0.005703008184671818,0.14502045152534473,0.1673758328163326,1
365,5000,5,bounded,ccmar,0.15,full,0.1406550170527116,0.0046884839250667405,0.1314657574174858,0.1498442766879374,0
365,5000,5,bounded,ccmar,0.15,cc,0.13714459631233866,0.0066017361401473915,0.12420543124221331,0.15008376138246401,1
365,5000,5,bounded,ccmar,0.15,seq,0.1379586220201954,0.006232154150598231,0.12574382433892106,0.15017341970146975,1
366,5000,5,bounded,ccmar,0.15,full,0.14530143628908967,0.004586922423157163,0.13631123353982244,0.1542916390383569,1
366,5000,5,bounded,ccmar,0.15,cc,0.14525382948845794,0.0061455875449794774,0.13320869923646023,0.15729895974045566,1
366,5000,5,bounded,ccmar,0.15,seq,0.1393451304836683,0.005787349200742103,0.12800213448425712,0.1506881264830795,1
367,5000,5,bounded,ccmar,0.15,full,0.153855475087813,0.00466283028022516,0.14471649567254888,0.16299445450307712,1
367,5000,5,bounded,ccmar,0.15,cc,0.16271803138791915,0.006014708780454114,0.15092941880073227,0.17450664397510604,0
367,5000,5,bounded,ccmar,0.15,seq,0.15717757623438755,0.005576564837505862,0.1462477099954236,0.1681074424733515,1
368,5000,5,bounded,ccmar,0.15,full,0.15672912233687955,0.00454823479775739,0.14781474594004326,0.16564349873371584,1
368,5000,5,bounded,ccmar,0.15,cc,0.15628121038497073,0.006054184664203799,0.14441522648737656,0.1681471942825649,1
368,5000,5,bounded,ccmar,0.15,seq,0.1574128202244496,0.005429654030876629,0.1467708938754187,0.16805474657348052,1
369,5000,5,bounded,ccmar,0.15,full,0.14769504585233195,0.004700634897979883,0.13848197074781926,0.15690812095684464,1
369,5000,5,bounded,ccmar,0.15,cc,0.14728508722401318,0.0059278745382963524,0.13566666662408033,0.15890350782394602,1
369,5000,5,bounded,ccmar,0.15,seq,0.1479637803902997,0.005344429453953771,0.13748889114263524,0.15843866963796416,1
370,5000,5,bounded,ccmar,0.15,full,0.14573486388841655,0.004811829015833226,0.13630385231761863,0.15516587545921448,1
370,5000,5,bounded,ccmar,0.15,cc,0.1418476479824344,0.0065113153191883434,0.12908570446484133,0.15460959150002748,1
370,5000,5,bounded,ccmar,0.15,seq,0.1414455171752098,0.005975990006700675,0.1297327919901052,0.15315824236031442,1
371,5000,5,bounded,ccmar,0.15,full,0.14892495564783043,0.004630750423128554,0.13984885159710483,0.15800105969855602,1
371,5000,5,bounded,ccmar,0.15,cc,0.145272957192741,0.005981488580357551,0.13354945500130258,0.15699645938417942,1
371,5000,5,bounded,ccmar,0.15,seq,0.1432222968710626,0.005504894489480029,0.13243290193298873,0.1540116918091365,1
372,5000,5,bounded,ccmar,0.15,full,0.14614502045747546,0.004693814124691592,0.13694531382295455,0.15534472709199637,1
372,5000,5,bounded,ccmar,0.15,cc,0.14656309480200946,0.006054867136522348,0.1346957732832505,0.15843041632076843,1
372,5000,5,bounded,ccmar,0.15,seq,0.14375891518184153,0.005640809488570977,0.13270313174059062,0.15481469862309244,1
373,5000,5,bounded,ccmar,0.15,full,0.15144341333212719,0.00460787678056398,0.1424121407970234,0.16047468586723096,1
373,5000,5,bounded,ccmar,0.15,cc,0.15141712535082416,0.006022223418596248,0.13961378434352184,0.16322046635812648,1
373,5000,5,bounded,ccmar,0.15,seq,0.15157258074278016,0.005578281021509457,0.1406393508449783,0.162505810640582,1
374,5000,5,bounded,ccmar,0.15,full,0.15274624883573537,0.004609480172536073,0.1437118337101132,0.16178066396135754,1
374,5000,5,bounded,ccmar,0.15,cc,0.15102356603316103,0.00606150331246042,0.13914323784856836,0.1629038942177537,1
374,5000,5,bounded,ccmar,0.15,seq,0.14892622081749243,0.00560634242684842,0.13793799157587064,0.15991445005911423,1
375,5000,5,bounded,ccmar,0.15,full,0.14935501012818567,0.004695747028373928,0.14015151507206178,0.15855850518430956,1
375,5000,5,bounded,ccmar,0.15,cc,0.14787381936389965,0.0061274044739709245,0.13586432727620704,0.15988331145159226,1
375,5000,5,bounded,ccmar,0.15,seq,0.15052511891125636,0.0055710026589243745,0.1396061543419877,0.16144408348052502,1
376,5000,5,bounded,ccmar,0.15,full,0.16030977142158964,0.004688604540393784,0.15112027538466685,0.16949926745851243,0
376,5000,5,bounded,ccmar,0.15,cc,0.1569790547652472,0.006518734972118293,0.14420256899513365,0.16975554053536077,1
376,5000,5,bounded,ccmar,0.15,seq,0.15756608273084288,0.005986333243013495,0.14583308517508156,0.1692990802866042,1
377,5000,5,bounded,ccmar,0.15,full,0.1497561736210832,0.004689071311919089,0.1405657627287818,0.15894658451338461,1
377,5000,5,bounded,ccmar,0.15,cc,0.14394024549210493,0.006409050303052998,0.13137873772301553,0.15650175326119434,1
377,5000,5,bounded,ccmar,0.15,seq,0.14359084436610386,0.005817028071908164,0.1321896788481054,0.15499200988410233,1
378,5000,5,bounded,ccmar,0.15,full,0.1541388804274898,0.004684436261589387,0.14495755406690114,0.16332020678807846,1
378,5000,5,bounded,ccmar,0.15,cc,0.1571095249849755,0.006166271297185573,0.1450238553235887,0.1691951946463623,1
378,5000,5,bounded,ccmar,0.15,seq,0.1574459045377951,0.005924981592224246,0.1458331540079728,0.1690586550676174,1
379,5000,5,bounded,ccmar,0.15,full,0.14836703427535258,0.004691440515439601,0.13917197982947893,0.15756208872122623,1
379,5000,5,bounded,ccmar,0.15,cc,0.14639201858652,0.006277973831652431,0.13408741598059631,0.1586966211924437,1
379,5000,5,bounded,ccmar,0.15,seq,0.1471652609905455,0.005787034088548957,0.13582288259968398,0.15850763938140702,1
380,5000,5,bounded,ccmar,0.15,full,0.15638305754069548,0.0046350514851989846,0.14729852356321657,0.1654675915181744,1
380,5000,5,bounded,ccmar,0.15,cc,0.14804397223540328,0.006006996938458447,0.13627047458078234,0.1598174698900242,1
380,5000,5,bounded,ccmar,0.15,seq,0.15217608288778173,0.00558869930081891,0.1412224335377525,0.16312973223781096,1
381,5000,5,bounded,ccmar,0.15,full,0.1544368504402122,0.004602664144649381,0.14541579448376554,0.16345790639665883,1
381,5000,5,bounded,ccmar,0.15,cc,0.15295199401705417,0.006120836206785599,0.14095537549648562,0.16494861253762272,1
381,5000,5,bounded,ccmar,0.15,seq,0.15101368455959224,0.005611402940647411,0.14001553689318116,0.16201183222600332,1
382,5000,5,bounded,ccmar,0.15,full,0.1500700556231775,0.0047515069663582295,0.14075727309682418,0.1593828381495308,1
382,5000,5,bounded,ccmar,0.15,cc,0.147944368171393,0.006113481033247786,0.13596216552605864,0.15992657081672737,1
382,5000,5,bounded,ccmar,0.15,seq,0.14755197777816012,0.00564874533849578,0.13648064035686988,0.15862331519945036,1
383,5000,5,bounded,ccmar,0.15,full,0.1511609173630251,0.004680573725735473,0.1419871614335991,0.16033467329245107,1
383,5000,5,bounded,ccmar,0.15,cc,0.1526130736991118,0.00649677095410394,0.13987963661326216,0.16534651078496146,1
383,5000,5,bounded,ccmar,0.15,seq,0.15120349919821383,0.005968992518678928,0.1395044888376141,0.16290250955881355,1
384,5000,5,bounded,ccmar,0.15,full,0.14675088596490823,0.004711851675821374,0.13751582637980364,0.15598594555001283,1
384,5000,5,bounded,ccmar,0.15,cc,0.15059534581306502,0.006145702004780453,0.13854999122397973,0.1626407004021503,1
384,5000,5,bounded,ccmar,0.15,seq,0.14666929179640661,0.0055141767131653505,0.13586170403421308,0.15747687955860015,1
385,5000,5,bounded,ccmar,0.15,full,0.15390601007504562,0.004678096413695775,0.1447371095879959,0.16307491056209533,1
385,5000,5,bounded,ccmar,0.15,cc,0.15030060421911243,0.0067798495314404655,0.13701234331688836,0.1635888651213365,1
385,5000,5,bounded,ccmar,0.15,seq,0.1442327739834183,0.006617655011922193,0.13126240849793983,0.15720313946889677,1
386,5000,5,bounded,ccmar,0.15,full,0.15080325234554404,0.004707941683727131,0.141575856204124,0.16003064848696408,1
386,5000,5,bounded,ccmar,0.15,cc,0.14602838986628885,0.0062836991101829,0.13371256592064398,0.15834421381193373,1
386,5000,5,bounded,ccmar,0.15,seq,0.1486084497496552,0.0057636154489772344,0.13731197104892118,0.15990492845038923,1
387,5000,5,bounded,ccmar,0.15,full,0.1518885696148266,0.00465592615317432,0.14276312203992683,0.16101401718972638,1
387,5000,5,bounded,ccmar,0.15,cc,0.15745430934600949,0.005897854040045855,0.14589472784144555,0.16901389085057342,1
387,5000,5,bounded,ccmar,0.15,seq,0.15704041478558317,0.005367332187714255,0.14652063700460066,0.16756019256656568,1
388,5000,5,bounded,ccmar,0.15,full,0.14221033147911527,0.004681857491580913,0.13303405941486765,0.1513866035433629,1
388,5000,5,bounded,ccmar,0.15,cc,0.14605450491709848,0.006266987674081775,0.13377143478434175,0.1583375750498552,1
388,5000,5,bounded,ccmar,0.15,seq,0.1440884324254268,0.0058015175113312195,0.13271766704753915,0.15545919780331444,1
389,5000,5,bounded,ccmar,0.15,full,0.15025955771753696,0.004608165654009358,0.14122771900088416,0.15929139643418977,1
389,5000,5,bounded,ccmar,0.15,cc,0.14727142193987158,0.0063597512724280205,0.13480653849527988,0.1597363053844633,1
389,5000,5,bounded,ccmar,0.15,seq,0.1495916711843269,0.005821468560322098,0.13818180246896333,0.16100153989969046,1
390,5000,5,bounded,ccmar,0.15,full,0.14572878052201532,0.004631752063209782,0.13665071329280506,0.15480684775122558,1
390,5000,5,bounded,ccmar,0.15,cc,0.14460175939800926,0.006165846150956859,0.1325169230079189,0.15668659578809963,1
390,5000,5,bounded,ccmar,0.15,seq,0.14692256309885565,0.005648672028011281,0.13585136936347472,0.15799375683423658,1
391,5000,5,bounded,ccmar,0.15,full,0.1434521652667305,0.004698371489548282,0.13424352636122605,0.15266080417223493,1
391,5000,5,bounded,ccmar,0.15,cc,0.1443326753536856,0.006302612927096757,0.1319797810080794,0.15668556969929182,1
391,5000,5,bounded,ccmar,0.15,seq,0.14656077557597827,0.005683805195773642,0.1354207220971203,0.15770082905483623,1
392,5000,5,bounded,ccmar,0.15,full,0.13529363696808655,0.00476431517061639,0.12595575082268062,0.14463152311349248,0
392,5000,5,bounded,ccmar,0.15,cc,0.1319001846215012,0.006332716585978442,0.119488288188684,0.1443120810543184,0
392,5000,5,bounded,ccmar,0.15,seq,0.13147544497956262,0.005891223165191723,0.11992885975089879,0.14302203020822646,0
393,5000,5,bounded,ccmar,0.15,full,0.1456335562283387,0.00470100754472902,0.13641975074961876,0.15484736170705865,1
393,5000,5,bounded,ccmar,0.15,cc,0.14668002037062183,0.00645701933979328,0.13402449501714842,0.15933554572409525,1
393,5000,5,bounded,ccmar,0.15,seq,0.14753091931758913,0.005913163239475519,0.1359413323335109,0.15912050630166735,1
394,5000,5,bounded,ccmar,0.15,full,0.14903864481505472,0.004731101738359538,0.1397658558006752,0.15831143382943424,1
394,5000,5,bounded,ccmar,0.15,cc,0.1518343214177547,0.0060424475947337755,0.1399913417536058,0.16367730108190356,1
394,5000,5,bounded,ccmar,0.15,seq,0.14755645920957408,0.005565725024511896,0.13664783861367746,0.1584650798054707,1
395,5000,5,bounded,ccmar,0.15,full,0.15051670011041934,0.004760385707852997,0.14118651557050826,0.15984688465033042,1
395,5000,5,bounded,ccmar,0.15,cc,0.15347516341184256,0.006115777786211015,0.14148845921341888,0.16546186761026624,1
395,5000,5,bounded,ccmar,0.15,seq,0.15065131854735653,0.005653871541054478,0.13956993395367379,0.16173270314103927,1
396,5000,5,bounded,ccmar,0.15,full,0.1503601278775356,0.004689434174352321,0.14116900578793373,0.1595512499671375,1
396,5000,5,bounded,ccmar,0.15,cc,0.1437934454803774,0.0061859920696578355,0.13166912381519766,0.15591776714555713,1
396,5000,5,bounded,ccmar,0.15,seq,0.14447720782137338,0.005619521476603631,0.13346314811688093,0.15549126752586584,1
397,5000,5,bounded,ccmar,0.15,full,0.14735571252926608,0.004719701397174459,0.13810526777302076,0.1566061572855114,1
397,5000,5,bounded,ccmar,0.15,cc,0.14162090164489505,0.006330601601991344,0.12921315050452045,0.15402865278526964,1
397,5000,5,bounded,ccmar,0.15,seq,0.1450512803294597,0.005694813540027624,0.13388965089233448,0.1562129097665849,1
398,5000,5,bounded,ccmar,0.15,full,0.14890404296954698,0.004725067301690462,0.13964308123370583,0.15816500470538813,1
398,5000,5,bounded,ccmar,0.15,cc,0.14319638037903573,0.006508824326861732,0.13043931911668857,0.1559534416413829,1
398,5000,5,bounded,ccmar,0.15,seq,0.14651927981145957,0.005876097393766225,0.13500234055002808,0.15803621907289106,1
399,5000,5,bounded,ccmar,0.15,full,0.1564532774734464,0.004661364004972746,0.14731717190486843,0.16558938304202436,1
399,5000,5,bounded,ccmar,0.15,cc,0.15941544967011365,0.006146667871910562,0.14736820201623949,0.1714626973239878,1
399,5000,5,bounded,ccmar,0.15,seq,0.15854166393703895,0.005679587700691912,0.14740987659664614,0.16967345127743175,1
400,5000,5,bounded,ccmar,0.15,full,0.15331675406445078,0.0046883777490895374,0.14412770253031632,0.16250580559858524,1
400,5000,5,bounded,ccmar,0.15,cc,0.15516501490197204,0.006246061904941582,0.1429229585230789,0.16740707128086518,1
400,5000,5,bounded,ccmar,0.15,seq,0.15272933959410526,0.0058125979465203405,0.1413368569623139,0.1641218222258966,1
401,5000,5,bounded,ccmar,0.15,full,0.14461005162349758,0.0047790068998670825,0.13524337021788968,0.15397673302910547,1
401,5000,5,bounded,ccmar,0.15,cc,0.13835304672919513,0.0064816843171619344,0.12564917890839963,0.15105691454999062,1
401,5000,5,bounded,ccmar,0.15,seq,0.1419637475074661,0.005924620787192618,0.13035170414251124,0.15357579087242096,1
402,5000,5,bounded,ccmar,0.15,full,0.1511949663836454,0.004660834624538828,0.14205989838165203,0.16033003438563878,1
402,5000,5,bounded,ccmar,0.15,cc,0.14522229244186602,0.006501548666623265,0.13247949121155,0.15796509367218203,1
402,5000,5,bounded,ccmar,0.15,seq,0.15116435656691884,0.005932226090466254,0.13953740708145615,0.16279130605238154,1
403,5000,5,bounded,ccmar,0.15,full,0.15556247908690707,0.004718877558352817,0.14631364902508123,0.1648113091487329,1
403,5000,5,bounded,ccmar,0.15,cc,0.15778665460805236,0.006345099938945507,0.14535048724941185,0.17022282196669286,1
403,5000,5,bounded,ccmar,0.15,seq,0.15772718389538576,0.005789234902692852,0.14638049198806552,0.169073875802706,1
404,5000,5,bounded,ccmar,0.15,full,0.14422858681035977,0.004666368303287243,0.1350826729973175,0.15337450062340205,1
404,5000,5,bounded,ccmar,0.15,cc,0.14363230968026328,0.006325031756685851,0.1312354752360869,0.15602914412443966,1
404,5000,5,bounded,ccmar,0.15,seq,0.14162343710967235,0.005859928990364873,0.13013818733659505,0.15310868688274964,1
405,5000,5,bounded,ccmar,0.15,full,0.1427659757272764,0.0046945100784966535,0.13356490504836266,0.15196704640619013,1
405,5000,5,bounded,ccmar,0.15,cc,0.14522058179975858,0.006001548241459244,0.13345776339501877,0.15698340020449839,1
405,5000,5,bounded,ccmar,0.15,seq,0.14163499612931554,0.0054721620360052,0.130909755621178,0.1523602366374531,1
406,5000,5,bounded,ccmar,0.15,full,0.14957869014284825,0.004624169738119054,0.1405154839977349,0.1586418962879616,1
406,5000,5,bounded,ccmar,0.15,cc,0.15527096231473592,0.0056441092476695815,0.14420871146449407,0.16633321316497776,1
406,5000,5,bounded,ccmar,0.15,seq,0.15154811717269334,0.005210123858168396,0.14133646205569042,0.16175977228969626,1
407,5000,5,bounded,ccmar,0.15,full,0.1429035661204953,0.004670804174305963,0.13374895816001625,0.15205817408097433,1
407,5000,5,bounded,ccmar,0.15,cc,0.14872874439361417,0.0060476983906,0.1368754733586773,0.16058201542855102,1
407,5000,5,bounded,ccmar,0.15,seq,0.145869372744613,0.005483595116986522,0.13512172380951973,0.1566170216797063,1
408,5000,5,bounded,ccmar,0.15,full,0.1424495861686539,0.004578390529165971,0.13347610562432932,0.1514230667129785,1
408,5000,5,bounded,ccmar,0.15,cc,0.14148932018894808,0.005924208103117418,0.1298780856699176,0.15310055470797856,1
408,5000,5,bounded,ccmar,0.15,seq,0.14265204927086533,0.00536201361448348,0.13214269570186427,0.1531614028398664,1
409,5000,5,bounded,ccmar,0.15,full,0.14839397146512057,0.004710149189520901,0.13916224869184907,0.15762569423839207,1
409,5000,5,bounded,ccmar,0.15,cc,0.152087400476599,0.006057645867362607,0.14021463274547039,0.1639601682077276,1
409,5000,5,bounded,ccmar,0.15,seq,0.14867090481275605,0.005465566069306437,0.1379585921617913,0.1593832174637208,1
410,5000,5,bounded,ccmar,0.15,full,0.15194920782501295,0.004724583661062884,0.1426891940073833,0.1612092216426426,1
410,5000,5,bounded,ccmar,0.15,cc,0.1525783858882648,0.006192957311399909,0.140440412600127,0.16471635917640262,1
410,5000,5,bounded,ccmar,0.15,seq,0.15381383065424953,0.005665244406387538,0.14271015565411296,0.1649175056543861,1
411,5000,5,bounded,ccmar,0.15,full,0.14466813796218117,0.0046344141026811786,0.13558485323148156,0.15375142269288078,1
411,5000,5,bounded,ccmar,0.15,cc,0.14507162894279918,0.005998821126071845,0.13331415558600035,0.156829102299598,1
411,5000,5,bounded,ccmar,0.15,seq,0.14650952097104997,0.005483774392213489,0.1357615206629685,0.15725752127913142,1
412,5000,5,bounded,ccmar,0.15,full,0.15892966619416368,0.004542287418623956,0.15002694644623132,0.16783238594209604,0
412,5000,5,bounded,ccmar,0.15,cc,0.160142197864632,0.006114772024424469,0.14815746492308696,0.17212693080617703,1
412,5000,5,bounded,ccmar,0.15,seq,0.15888591024071147,0.005573070307951052,0.14796289315381786,0.16980892732760508,1
413,5000,5,bounded,ccmar,0.15,full,0.14722876205702287,0.004623414523328758,0.13816703610569908,0.15629048800834666,1
413,5000,5,bounded,ccmar,0.15,cc,0.14602311395022285,0.006264347775888566,0.1337452179228477,0.15830100997759802,1
413,5000,5,bounded,ccmar,0.15,seq,0.14863019775313133,0.005506667934832332,0.1378373269260384,0.15942306858022426,1
414,5000,5,bounded,ccmar,0.15,full,0.1445104111863349,0.004707733190361076,0.13528342368440335,0.15373739868826644,1
414,5000,5,bounded,ccmar,0.15,cc,0.14154888310139707,0.0062416310474211305,0.12931551104366465,0.1537822551591295,1
414,5000,5,bounded,ccmar,0.15,seq,0.14317609165214354,0.0057005153092172245,0.13200328695275856,0.15434889635152851,1
415,5000,5,bounded,ccmar,0.15,full,0.1521161151887537,0.004626459677315028,0.14304842084528946,0.16118380953221795,1
415,5000,5,bounded,ccmar,0.15,cc,0.15259840872108132,0.005938960230680931,0.140958260563331,0.16423855687883165,1
415,5000,5,bounded,ccmar,0.15,seq,0.15122541400158318,0.0055173156021656854,0.14041167412999753,0.16203915387316883,1
416,5000,5,bounded,ccmar,0.15,full,0.1534915550796152,0.004613232993292604,0.1444497845604698,0.1625333255987606,1
416,5000,5,bounded,ccmar,0.15,cc,0.15918190779434604,0.006097439128189094,0.14723114670517012,0.17113266888352197,1
416,5000,5,bounded,ccmar,0.15,seq,0.157677407981573,0.005611312883498964,0.14667943682392945,0.16867537913921657,1
417,5000,5,bounded,ccmar,0.15,full,0.14367606332786942,0.0047219462610919105,0.1344212187191957,0.15293090793654313,1
417,5000,5,bounded,ccmar,0.15,cc,0.14791426467979077,0.00610080180948318,0.13595691285638695,0.1598716165031946,1
417,5000,5,bounded,ccmar,0.15,seq,0.14183260918624474,0.0057033816573887446,0.13065418654767644,0.15301103182481304,1
418,5000,5,bounded,ccmar,0.15,full,0.147215703777441,0.004664599070747168,0.13807325759645755,0.15635814995842445,1
418,5000,5,bounded,ccmar,0.15,cc,0.14696320405408222,0.005908649645446923,0.13538246355174088,0.15854394455642357,1
418,5000,5,bounded,ccmar,0.15,seq,0.1494838108489043,0.005406525069593277,0.13888721643098856,0.16008040526682005,1
419,5000,5,bounded,ccmar,0.15,full,0.1515078174477278,0.004680036037397328,0.14233511536807947,0.1606805195273761,1
419,5000,5,bounded,ccmar,0.15,cc,0.14543037250889543,0.006763978576211275,0.13217321810732083,0.15868752691047003,1
419,5000,5,bounded,ccmar,0.15,seq,0.14972109545448303,0.0059394727874633665,0.13807994270389912,0.16136224820506695,1
420,5000,5,bounded,ccmar,0.15,full,0.15127069360658882,0.004616525147068579,0.14222247058461093,0.1603189166285667,1
420,5000,5,bounded,ccmar,0.15,cc,0.158212481169907,0.0057424681411687,0.14695745043084768,0.1694675119089663,1
420,5000,5,bounded,ccmar,0.15,seq,0.15157991486739406,0.005259334121679673,0.1412718094062393,0.16188802032854882,1
421,5000,5,bounded,ccmar,0.15,full,0.1473251457264059,0.004822786544103596,0.13787265779483845,0.15677763365797334,1
421,5000,5,bounded,ccmar,0.15,cc,0.15700818778728234,0.0063165316434859635,0.14462801325884225,0.16938836231572243,1
421,5000,5,bounded,ccmar,0.15,seq,0.15536603055593398,0.005938057727133472,0.1437276512726326,0.16700440983923537,1
422,5000,5,bounded,ccmar,0.15,full,0.150798259535686,0.004766480765924972,0.1414561289014702,0.16014039016990184,1
422,5000,5,bounded,ccmar,0.15,cc,0.14721453651726474,0.006434578469464526,0.1346029944614174,0.15982607857311207,1
422,5000,5,bounded,ccmar,0.15,seq,0.14916485088797682,0.005897565886196891,0.13760583415457886,0.16072386762137478,1
423,5000,5,bounded,ccmar,0.15,full,0.14531592836648022,0.004549939365167111,0.13639821107891165,0.1542336456540488,1
423,5000,5,bounded,ccmar,0.15,cc,0.14941140868056213,0.006010361457978855,0.13763131668885592,0.16119150067226834,1
423,5000,5,bounded,ccmar,0.15,seq,0.14544852401732278,0.005655113160479769,0.13436470589428395,0.1565323421403616,1
424,5000,5,bounded,ccmar,0.15,full,0.14299161399902938,0.00462603560170097,0.1339247508284954,0.15205847716956336,1
424,5000,5,bounded,ccmar,0.15,cc,0.14854879526688983,0.006095108539448955,0.13660260204770736,0.1604949884860723,1
424,5000,5,bounded,ccmar,0.15,seq,0.14622011563402865,0.005568369688971933,0.13530631159103915,0.15713391967701815,1
425,5000,5,bounded,ccmar,0.15,full,0.15406158323824917,0.004636227797319144,0.1449747437313802,0.16314842274511815,1
425,5000,5,bounded,ccmar,0.15,cc,0.1490153395361795,0.006204627576518071,0.13685449294872004,0.16117618612363893,1
425,5000,5,bounded,ccmar,0.15,seq,0.14994735094447778,0.0057445963272351125,0.1386881490373759,0.16120655285157967,1
426,5000,5,bounded,ccmar,0.15,full,0.1447736067809215,0.004691334779939518,0.1355787595728199,0.1539684539890231,1
426,5000,5,bounded,ccmar,0.15,cc,0.13925484449117453,0.006186302201727614,0.12712991497830756,0.1513797740040415,1
426,5000,5,bounded,ccmar,0.15,seq,0.13875634377456364,0.005742413033380846,0.1275014210447838,0.1500112665043435,1
427,5000,5,bounded,ccmar,0.15,full,0.14632700766466925,0.004680285112744895,0.13715381740631027,0.15550019792302822,1
427,5000,5,bounded,ccmar,0.15,cc,0.14087032918061038,0.0069869427765174375,0.12717617297659392,0.15456448538462683,1
427,5000,5,bounded,ccmar,0.15,seq,0.1400966297621385,0.006569900921487174,0.12721986057402712,0.15297339895024986,1
428,5000,5,bounded,ccmar,0.15,full,0.1556551072554586,0.004582707690517112,0.14667316523037036,0.16463704928054687,1
428,5000,5,bounded,ccmar,0.15,cc,0.16369746478564365,0.005890704748167951,0.15215189563567538,0.1752430339356119,0
428,5000,5,bounded,ccmar,0.15,seq,0.15770674150210717,0.005447545396405526,0.14702974872100538,0.16838373428320896,1
429,5000,5,bounded,ccmar,0.15,full,0.1521944823107875,0.004645318032182583,0.14308982627097516,0.16129913835059984,1
429,5000,5,bounded,ccmar,0.15,cc,0.15158148107551137,0.006152293813591964,0.13952320677856253,0.1636397553724602,1
429,5000,5,bounded,ccmar,0.15,seq,0.15161806693652127,0.005555039378384662,0.14073038982218555,0.162505744050857,1
430,5000,5,bounded,ccmar,0.15,full,0.14684133969261023,0.004625679951126085,0.13777517358439412,0.15590750580082635,1
430,5000,5,bounded,ccmar,0.15,cc,0.15155328726621245,0.005853953261876883,0.140079749705753,0.1630268248266719,1
430,5000,5,bounded,ccmar,0.15,seq,0.14908466771204112,0.005353945547431547,0.1385911272638867,0.15957820816019555,1
431,5000,5,bounded,ccmar,0.15,full,0.15891106031682747,0.004668903270328562,0.14976017805968223,0.16806194257397272,1
431,5000,5,bounded,ccmar,0.15,cc,0.1606543822834544,0.006160225018400601,0.14858056311072665,0.17272820145618217,1
431,5000,5,bounded,ccmar,0.15,seq,0.1596680929515229,0.0057462295892957045,0.14840568990960493,0.17093049599344087,1
432,5000,5,bounded,ccmar,0.15,full,0.15076979771072258,0.004651615046665741,0.1416527997493131,0.15988679567213204,1
432,5000,5,bounded,ccmar,0.15,cc,0.15028547282347818,0.005897768005935535,0.13872605994267193,0.16184488570428443,1
432,5000,5,bounded,ccmar,0.15,seq,0.1477050103183047,0.005476931213660202,0.13697042239372748,0.15843959824288195,1
433,5000,5,bounded,ccmar,0.15,full,0.15042978419709663,0.004703857712883105,0.1412103924914448,0.15964917590274846,1
433,5000,5,bounded,ccmar,0.15,cc,0.1467342470217564,0.006429794990703115,0.13413208041200222,0.15933641363151055,1
433,5000,5,bounded,ccmar,0.15,seq,0.15047727453089946,0.005871045452473196,0.13897023689245433,0.16198431216934459,1
434,5000,5,bounded,ccmar,0.15,full,0.14832251989324746,0.004544752355007411,0.13941496895877933,0.1572300708277156,1
434,5000,5,bounded,ccmar,0.15,cc,0.14683985818223813,0.0060478237407867825,0.13498634146544974,0.15869337489902652,1
434,5000,5,bounded,ccmar,0.15,seq,0.14378311293015075,0.0056208399575524,0.1327664690504844,0.1547997568098171,1
435,5000,5,bounded,ccmar,0.15,full,0.1486616221252572,0.0046771932546472925,0.13949449179741483,0.15782875245309955,1
435,5000,5,bounded,ccmar,0.15,cc,0.15055087118196023,0.006183739132141394,0.13843096519317213,0.16267077717074832,1
435,5000,5,bounded,ccmar,0.15,seq,0.1528630613205844,0.00551416143473834,0.14205550350355753,0.16367061913761125,1
436,5000,5,bounded,ccmar,0.15,full,0.15108836487061394,0.004679661345111929,0.1419163971743503,0.16026033256687758,1
436,5000,5,bounded,ccmar,0.15,cc,0.1523877705968165,0.006237124227729056,0.14016323174336534,0.16461230945026764,1
436,5000,5,bounded,ccmar,0.15,seq,0.1525626029325715,0.005843612233395609,0.14110933341549844,0.16401587244964458,1
437,5000,5,bounded,ccmar,0.15,full,0.14881295565658276,0.004687905502707069,0.13962482970834977,0.15800108160481574,1
437,5000,5,bounded,ccmar,0.15,cc,0.15243976463068465,0.005936452118584748,0.14080453228231204,0.16407499697905725,1
437,5000,5,bounded,ccmar,0.15,seq,0.15176136604531243,0.005441188531254506,0.1410968324909612,0.16242589959966366,1
438,5000,5,bounded,ccmar,0.15,full,0.14288971676185513,0.004663674105147562,0.13374908348013384,0.15203035004357643,1
438,5000,5,bounded,ccmar,0.15,cc,0.1428326609496727,0.006351152448409471,0.13038463089046676,0.15528069100887865,1
438,5000,5,bounded,ccmar,0.15,seq,0.1428494375665985,0.005896309412907342,0.1312928834755956,0.15440599165760138,1
439,5000,5,bounded,ccmar,0.15,full,0.14723825234806817,0.004638642886950476,0.13814667935250233,0.15632982534363402,1
439,5000,5,bounded,ccmar,0.15,cc,0.14385804307156666,0.0064178382951850296,0.13127931115440206,0.15643677498873126,1
439,5000,5,bounded,ccmar,0.15,seq,0.1489405908699558,0.005725899103625042,0.13771803484774056,0.16016314689217107,1
440,5000,5,bounded,ccmar,0.15,full,0.14994289826012183,0.0047293234346565865,0.14067359465695364,0.15921220186329002,1
440,5000,5,bounded,ccmar,0.15,cc,0.14490572284743913,0.0060911896207291785,0.13296721056780575,0.15684423512707252,1
440,5000,5,bounded,ccmar,0.15,seq,0.1489763834719087,0.005548328844138482,0.13810185876301254,0.15985090818080486,1
441,5000,5,bounded,ccmar,0.15,full,0.14492326571308323,0.004839613604385703,0.13543779734939718,0.15440873407676928,1
441,5000,5,bounded,ccmar,0.15,cc,0.1493769024197727,0.006241569052667274,0.13714365186952504,0.16161015297002035,1
441,5000,5,bounded,ccmar,0.15,seq,0.15280385111645983,0.0056618406716675155,0.14170684731378744,0.16390085491913223,1
442,5000,5,bounded,ccmar,0.15,full,0.15420668920377592,0.00464456148735708,0.14510351596457427,0.16330986244297757,1
442,5000,5,bounded,ccmar,0.15,cc,0.15958556132558355,0.006186123102087118,0.1474609828415616,0.1717101398096055,1
442,5000,5,bounded,ccmar,0.15,seq,0.1564969346188451,0.0057028240293746455,0.14531960491110119,0.167674264326589,1
443,5000,5,bounded,ccmar,0.15,full,0.14408786568440113,0.004793479580952261,0.13469281834510655,0.1534829130236957,1
443,5000,5,bounded,ccmar,0.15,cc,0.1489041077174145,0.006182694913480811,0.13678624835959313,0.16102196707523586,1
443,5000,5,bounded,ccmar,0.15,seq,0.1438348764721472,0.005648829365046383,0.13276337436184404,0.15490637858245038,1
444,5000,5,bounded,ccmar,0.15,full,0.15133064916049,0.004705188650825001,0.14210864886440638,0.1605526494565736,1
444,5000,5,bounded,ccmar,0.15,cc,0.1476289679601413,0.006177805285704846,0.13552069209665862,0.15973724382362398,1
444,5000,5,bounded,ccmar,0.15,seq,0.14868579310399904,0.005739184635803089,0.13743719791719936,0.15993438829079873,1
445,5000,5,bounded,ccmar,0.15,full,0.14575525563158118,0.004683969374084317,0.1365748443536873,0.15493566690947505,1
445,5000,5,bounded,ccmar,0.15,cc,0.14348450071872718,0.006359099508723465,0.13102089470752284,0.1559481067299315,1
445,5000,5,bounded,ccmar,0.15,seq,0.14716148592449263,0.005892437404159895,0.13561252083118255,0.1587104510178027,1
446,5000,5,bounded,ccmar,0.15,full,0.13734904960573352,0.004769140335162029,0.12800170631159866,0.14669639289986838,0
446,5000,5,bounded,ccmar,0.15,cc,0.13672737556642187,0.006337468865187485,0.12430616483751047,0.14914858629533326,0
446,5000,5,bounded,ccmar,0.15,seq,0.13485354187363405,0.005861316208250468,0.12336557320346225,0.14634151054380584,0
447,5000,5,bounded,ccmar,0.15,full,0.15160112777507997,0.004644432368105727,0.14249820760496068,0.16070404794519927,1
447,5000,5,bounded,ccmar,0.15,cc,0.15352743749161382,0.005874640027961855,0.1420133546146712,0.16504152036855643,1
447,5000,5,bounded,ccmar,0.15,seq,0.15153553018607727,0.005326742817212636,0.14109530610943308,0.16197575426272146,1
448,5000,5,bounded,ccmar,0.15,full,0.14849425249440446,0.0046979070639263714,0.13928652384639245,0.15770198114241646,1
448,5000,5,bounded,ccmar,0.15,cc,0.14652307534194325,0.006753166708126276,0.13328711181242084,0.15975903887146567,1
448,5000,5,bounded,ccmar,0.15,seq,0.14525562345627416,0.006146894563842093,0.13320793149437862,0.1573033154181697,1
449,5000,5,bounded,ccmar,0.15,full,0.14624744376168466,0.0046631908896198095,0.13710775756499455,0.15538712995837478,1
449,5000,5,bounded,ccmar,0.15,cc,0.14079961644962105,0.006582192057674649,0.12789875707725315,0.15370047582198895,1
449,5000,5,bounded,ccmar,0.15,seq,0.14138670356544822,0.006027068828920131,0.12957386572842075,0.1531995414024757,1
450,5000,5,bounded,ccmar,0.15,full,0.14890211696087682,0.004621799789732865,0.13984355582924562,0.15796067809250802,1
450,5000,5,bounded,ccmar,0.15,cc,0.14811147117962173,0.006004119151671887,0.13634361388345764,0.15987932847578581,1
450,5000,5,bounded,ccmar,0.15,seq,0.14960541904125774,0.005352722737803957,0.13911427525593334,0.16009656282658213,1
451,5000,5,bounded,ccmar,0.15,full,0.15380832253928076,0.004621893145098811,0.14474957843449454,0.16286706664406697,1
451,5000,5,bounded,ccmar,0.15,cc,0.15469801980035222,0.0059628502688871396,0.14301104802812845,0.166384991572576,1
451,5000,5,bounded,ccmar,0.15,seq,0.15622159207630834,0.005303756392948424,0.14582642056335537,0.1666167635892613,1
452,5000,5,bounded,ccmar,0.15,full,0.15221691493802877,0.004647790790399248,0.1431074123811693,0.16132641749488824,1
452,5000,5,bounded,ccmar,0.15,cc,0.15047397258202258,0.006228745094671005,0.13826585652758688,0.16268208863645828,1
452,5000,5,bounded,ccmar,0.15,seq,0.15086192886862013,0.005519727107102189,0.14004346253421038,0.16168039520302988,1
453,5000,5,bounded,ccmar,0.15,full,0.15426807540416265,0.004680024329610336,0.14509539627135518,0.16344075453697013,1
453,5000,5,bounded,ccmar,0.15,cc,0.1530557563489869,0.006025993360070793,0.14124502639217065,0.16486648630580317,1
453,5000,5,bounded,ccmar,0.15,seq,0.15441860280395991,0.005628074879438068,0.1433877787379667,0.16544942686995312,1
454,5000,5,bounded,ccmar,0.15,full,0.14922593197986836,0.004630873606448317,0.14014958649427256,0.15830227746546416,1
454,5000,5,bounded,ccmar,0.15,cc,0.14193442931520953,0.006372982899315559,0.12944361235846139,0.15442524627195767,1
454,5000,5,bounded,ccmar,0.15,seq,0.14623179209731887,0.005738456057859988,0.1349846248970476,0.15747895929759015,1
455,5000,5,bounded,ccmar,0.15,full,0.14992780408392187,0.004675598556158659,0.14076379930768343,0.1590918088601603,1
455,5000,5,bounded,ccmar,0.15,cc,0.15004924450901294,0.0062545215614474405,0.13779060750804673,0.16230788150997916,1
455,5000,5,bounded,ccmar,0.15,seq,0.147802213843628,0.0058231587622620574,0.13638903239333552,0.15921539529392045,1
456,5000,5,bounded,ccmar,0.15,full,0.14631882427626264,0.0046767344803387,0.13715259312954214,0.15548505542298313,1
456,5000,5,bounded,ccmar,0.15,cc,0.14847351882966656,0.006104372539529193,0.13650916850397404,0.16043786915535907,1
456,5000,5,bounded,ccmar,0.15,seq,0.14360624551570478,0.005829689858696981,0.1321802633516203,0.15503222767978925,1
457,5000,5,bounded,ccmar,0.15,full,0.1560388682346455,0.004573901750975758,0.14707418553390833,0.16500355093538266,1
457,5000,5,bounded,ccmar,0.15,cc,0.15818885651245873,0.005718921988869162,0.146979975383881,0.16939773764103647,1
457,5000,5,bounded,ccmar,0.15,seq,0.15854013825557212,0.005143731074061667,0.14845861060425172,0.1686216659068925,1
458,5000,5,bounded,ccmar,0.15,full,0.15384117089061597,0.0045876685276428665,0.14484950580342806,0.16283283597780387,1
458,5000,5,bounded,ccmar,0.15,cc,0.14472684405879926,0.006062908475636851,0.1328437618049884,0.15660992631261014,1
458,5000,5,bounded,ccmar,0.15,seq,0.15065349582372298,0.00562911077711501,0.13962064143559128,0.16168635021185468,1
459,5000,5,bounded,ccmar,0.15,full,0.14272950597028525,0.004797592693919355,0.13332639707771082,0.15213261486285967,1
459,5000,5,bounded,ccmar,0.15,cc,0.14216139182637771,0.0060691587674276395,0.13026605922576404,0.1540567244269914,1
459,5000,5,bounded,ccmar,0.15,seq,0.1429116567861286,0.005530975209867176,0.13207114457540509,0.15375216899685212,1
460,5000,5,bounded,ccmar,0.15,full,0.145941983032448,0.004708856495730922,0.13671279389244792,0.1551711721724481,1
460,5000,5,bounded,ccmar,0.15,cc,0.14739247884638398,0.00601624043930578,0.1356008642630112,0.15918409342975676,1
460,5000,5,bounded,ccmar,0.15,seq,0.1466602325192215,0.0054819453297916,0.1359158171076124,0.1574046479308306,1
461,5000,5,bounded,ccmar,0.15,full,0.15299429988217678,0.0046761960569765525,0.14382912402585452,0.16215947573849904,1
461,5000,5,bounded,ccmar,0.15,cc,0.1548203193619215,0.006958093058325928,0.14118270756652454,0.16845793115731847,1
461,5000,5,bounded,ccmar,0.15,seq,0.152796152522545,0.006595907724803374,0.13986841093658087,0.16572389410850913,1
462,5000,5,bounded,ccmar,0.15,full,0.152839444192656,0.004594149866042468,0.14383507591563324,0.16184381246967874,1
462,5000,5,bounded,ccmar,0.15,cc,0.1547438843462677,0.006037926974092197,0.1429097649357641,0.16657800375677131,1
462,5000,5,bounded,ccmar,0.15,seq,0.15412196283458485,0.005512564059244766,0.14331753581599518,0.1649263898531745,1
463,5000,5,bounded,ccmar,0.15,full,0.14712871076633446,0.004667242766820025,0.13798108303626214,0.1562763384964068,1
463,5000,5,bounded,ccmar,0.15,cc,0.1535368556071998,0.005818060707069703,0.14213366616147552,0.16494004505292406,1
463,5000,5,bounded,ccmar,0.15,seq,0.147043247493884,0.005342822529170078,0.13657150776092145,0.15751498722684656,1
464,5000,5,bounded,ccmar,0.15,full,0.1521955679383896,0.004703578788197723,0.14297672291507552,0.16141441296170367,1
464,5000,5,bounded,ccmar,0.15,cc,0.15852613889803072,0.006197356114810531,0.146379544113633,0.17067273368242844,1
464,5000,5,bounded,ccmar,0.15,seq,0.15424234942137371,0.005861654814522565,0.14275371709510368,0.16573098174764375,1
465,5000,5,bounded,ccmar,0.15,full,0.13881457282017753,0.004707336529305315,0.12958836275962934,0.14804078288072572,0
465,5000,5,bounded,ccmar,0.15,cc,0.13405206302850567,0.006188572433553503,0.12192268394302341,0.14618144211398792,0
465,5000,5,bounded,ccmar,0.15,seq,0.13650035773792435,0.005752373158562302,0.12522591352150733,0.14777480195434137,0
466,5000,5,bounded,ccmar,0.15,full,0.1546237892747555,0.0047466279336901415,0.14532056947671104,0.16392700907279997,1
466,5000,5,bounded,ccmar,0.15,cc,0.15349741459999508,0.006269025993916194,0.14121034943377392,0.16578447976621624,1
466,5000,5,bounded,ccmar,0.15,seq,0.15356688291050585,0.00580253556821163,0.1421941221777984,0.1649396436432133,1
467,5000,5,bounded,ccmar,0.15,full,0.14698471624989626,0.004676531719143162,0.1378188825078165,0.15615054999197603,1
467,5000,5,bounded,ccmar,0.15,cc,0.14603401358669263,0.006153961037257555,0.13397247159140507,0.15809555558198018,1
467,5000,5,bounded,ccmar,0.15,seq,0.14622557580424622,0.0056951954112529745,0.13506319791327262,0.15738795369521982,1
468,5000,5,bounded,ccmar,0.15,full,0.1641175293635897,0.004645820830018408,0.15501188785812764,0.17322317086905176,0
468,5000,5,bounded,ccmar,0.15,cc,0.15992401567720008,0.006093601424376464,0.14798077634928022,0.17186725500511993,1
468,5000,5,bounded,ccmar,0.15,seq,0.15972657800165835,0.005643684574717985,0.14866515949510684,0.17078799650820986,1
469,5000,5,bounded,ccmar,0.15,full,0.15085703246455037,0.004679469706504762,0.14168544037305483,0.1600286245560459,1
469,5000,5,bounded,ccmar,0.15,cc,0.15081901182495971,0.006149318426924694,0.13876656917871882,0.1628714544712006,1
469,5000,5,bounded,ccmar,0.15,seq,0.1478128984212604,0.005681244973737394,0.13667786288538591,0.1589479339571349,1
470,5000,5,bounded,ccmar,0.15,full,0.15108489197751096,0.004707297986121691,0.1418587574602145,0.1603110264948074,1
470,5000,5,bounded,ccmar,0.15,cc,0.14912914727513116,0.006408556755844133,0.1365686068407958,0.1616896877094665,1
470,5000,5,bounded,ccmar,0.15,seq,0.14895286724323278,0.005916939760406564,0.13735587841414287,0.1605498560723227,1
471,5000,5,bounded,ccmar,0.15,full,0.14522474962258922,0.00462138382562107,0.13616700376563598,0.15428249547954245,1
471,5000,5,bounded,ccmar,0.15,cc,0.14388788737619085,0.006299592033880142,0.13154091387249034,0.15623486087989136,1
471,5000,5,bounded,ccmar,0.15,seq,0.14622308347421617,0.005854654239128368,0.13474817202358982,0.15769799492484252,1
472,5000,5,bounded,ccmar,0.15,full,0.15387300908350895,0.0046061194320352284,0.1448451808882298,0.1629008372787881,1
472,5000,5,bounded,ccmar,0.15,cc,0.15529363543937666,0.005880112484029212,0.14376882674563504,0.16681844413311828,1
472,5000,5,bounded,ccmar,0.15,seq,0.15746091353714384,0.005229990234204879,0.14721032103860607,0.1677115060356816,1
473,5000,5,bounded,ccmar,0.15,full,0.15766215354783275,0.004694215441150596,0.14846166034750577,0.16686264674815973,1
473,5000,5,bounded,ccmar,0.15,cc,0.16401724540656532,0.0059211133661864306,0.15241207646046118,0.17562241435266945,0
473,5000,5,bounded,ccmar,0.15,seq,0.16430847723477482,0.005405877417507326,0.15371315219162207,0.17490380227792757,0
474,5000,5,bounded,ccmar,0.15,full,0.15486225767468026,0.00464519880568627,0.1457578353145067,0.16396668003485382,1
474,5000,5,bounded,ccmar,0.15,cc,0.15200296758019294,0.0059381521298662535,0.14036440327093527,0.1636415318894506,1
474,5000,5,bounded,ccmar,0.15,seq,0.1528465473088313,0.005432421505811675,0.14219919680859955,0.16349389780906304,1
475,5000,5,bounded,ccmar,0.15,full,0.15924493719230753,0.004746257348671666,0.1499424437275525,0.16854743065706257,1
475,5000,5,bounded,ccmar,0.15,cc,0.15807647518389284,0.006256550463185606,0.14581386160859167,0.170339088759194,1
475,5000,5,bounded,ccmar,0.15,seq,0.15586643850233087,0.005817927145654833,0.1444635108321695,0.16726936617249225,1
476,5000,5,bounded,ccmar,0.15,full,0.14728944878871736,0.004760460289756641,0.13795911807096123,0.1566197795064735,1
476,5000,5,bounded,ccmar,0.15,cc,0.15217151837461673,0.006254908045076554,0.13991212387965685,0.16443091286957662,1
476,5000,5,bounded,ccmar,0.15,seq,0.15006548533100236,0.005795816715180329,0.13870589330825367,0.16142507735375106,1
477,5000,5,bounded,ccmar,0.15,full,0.1477788409150444,0.0046321199610393216,0.13870005261933824,0.15685762921075055,1
477,5000,5,bounded,ccmar,0.15,cc,0.14678381464016002,0.006234006698584316,0.13456538603155332,0.15900224324876672,1
477,5000,5,bounded,ccmar,0.15,seq,0.1466768085090681,0.005710831575520558,0.13548378429927369,0.15786983271886254,1
478,5000,5,bounded,ccmar,0.15,full,0.14900755571278695,0.004595746539384894,0.14000005801351798,0.15801505341205593,1
478,5000,5,bounded,ccmar,0.15,cc,0.15093599542722963,0.00589582154876783,0.13938039753236953,0.16249159332208973,1
478,5000,5,bounded,ccmar,0.15,seq,0.14846526232770138,0.0054320644956770275,0.13781861155447567,0.1591119131009271,1
479,5000,5,bounded,ccmar,0.15,full,0.14966326835631744,0.004638103342948246,0.14057275284756404,0.15875378386507083,1
479,5000,5,bounded,ccmar,0.15,cc,0.15100254181030603,0.005881515590946883,0.13947498307753933,0.16253010054307274,1
479,5000,5,bounded,ccmar,0.15,seq,0.14986571106246319,0.005429742331465149,0.13922361164745894,0.16050781047746743,1
480,5000,5,bounded,ccmar,0.15,full,0.14424469304065593,0.004621612862014843,0.13518649828061977,0.1533028878006921,1
480,5000,5,bounded,ccmar,0.15,cc,0.1408570215489869,0.006280366903775317,0.12854772860788996,0.15316631449008386,1
480,5000,5,bounded,ccmar,0.15,seq,0.14366179474784513,0.005701146135303628,0.1324877536520503,0.15483583584363997,1
481,5000,5,bounded,ccmar,0.15,full,0.14867975680188397,0.004570990987201075,0.13972077909331268,0.15763873451045526,1
481,5000,5,bounded,ccmar,0.15,cc,0.1535858204267044,0.0059612891208608455,0.1419019084483867,0.1652697324050221,1
481,5000,5,bounded,ccmar,0.15,seq,0.15015221689937838,0.005406941231899554,0.13955480681833063,0.16074962698042614,1
482,5000,5,bounded,ccmar,0.15,full,0.14639414273069196,0.00463379320776241,0.1373120749316713,0.1554762105297126,1
482,5000,5,bounded,ccmar,0.15,cc,0.14945424703595658,0.006128548658294223,0.13744251238819863,0.16146598168371454,1
482,5000,5,bounded,ccmar,0.15,seq,0.14953727823530644,0.005547811027416654,0.13866376842853564,0.16041078804207723,1
483,5000,5,bounded,ccmar,0.15,full,0.1552560327824654,0.00464507386706016,0.14615185529749927,0.1643602102674315,1
483,5000,5,bounded,ccmar,0.15,cc,0.15484203804320892,0.00619989928736902,0.1426904587321901,0.16699361735422774,1
483,5000,5,bounded,ccmar,0.15,seq,0.1584154647924274,0.00552070210446579,0.14759508749829997,0.16923584208655484,1
484,5000,5,bounded,ccmar,0.15,full,0.14507308977749672,0.004622170655063894,0.13601380176317357,0.15413237779181987,1
484,5000,5,bounded,ccmar,0.15,cc,0.15108586736832855,0.005840771811238953,0.13963816497638343,0.16253356976027367,1
484,5000,5,bounded,ccmar,0.15,seq,0.14566081706941977,0.005276106449057076,0.1353198384506684,0.15600179568817116,1
485,5000,5,bounded,ccmar,0.15,full,0.14764139569790627,0.004647105578735509,0.1385332361312295,0.15674955526458303,1
485,5000,5,bounded,ccmar,0.15,cc,0.14568898824182938,0.006222415947073633,0.13349327708873737,0.1578846993949214,1
485,5000,5,bounded,ccmar,0.15,seq,0.14622370052178052,0.005769352578458867,0.13491597725388785,0.1575314237896732,1
486,5000,5,bounded,ccmar,0.15,full,0.14489885008762976,0.004640486055044058,0.13580366454898304,0.15399403562627648,1
486,5000,5,bounded,ccmar,0.15,cc,0.14874463485422856,0.006031204359066099,0.13692369152705802,0.1605655781813991,1
486,5000,5,bounded,ccmar,0.15,seq,0.14744581803136161,0.0055465506513042015,0.1365747785163782,0.15831685754634503,1
487,5000,5,bounded,ccmar,0.15,full,0.14741720333470743,0.004680907714290209,0.13824279279974291,0.15659161386967194,1
487,5000,5,bounded,ccmar,0.15,cc,0.15251240822769405,0.005745608774332806,0.1412512219607444,0.16377359449464368,1
487,5000,5,bounded,ccmar,0.15,seq,0.15269720574776482,0.0053422700297986025,0.14222654889367184,0.1631678626018578,1
488,5000,5,bounded,ccmar,0.15,full,0.1550035891141123,0.0046578626600326375,0.1458743460555144,0.1641328321727102,1
488,5000,5,bounded,ccmar,0.15,cc,0.15726456548447132,0.006144893335309919,0.14522079585842368,0.16930833511051896,1
488,5000,5,bounded,ccmar,0.15,seq,0.15663592271543397,0.005820355834663571,0.1452282349022858,0.16804361052858213,1
489,5000,5,bounded,ccmar,0.15,full,0.14962248404820666,0.004601941118011892,0.14060284519792937,0.15864212289848395,1
489,5000,5,bounded,ccmar,0.15,cc,0.14483125301536165,0.006291721743854826,0.13249970499665864,0.15716280103406466,1
489,5000,5,bounded,ccmar,0.15,seq,0.14910772172902542,0.005604067960607396,0.1381239503593201,0.16009149309873075,1
490,5000,5,bounded,ccmar,0.15,full,0.14325652939411943,0.004702885258125886,0.13403904366476832,0.15247401512347053,1
490,5000,5,bounded,ccmar,0.15,cc,0.14061172907618144,0.0061878684677580805,0.12848372973830455,0.15273972841405833,1
490,5000,5,bounded,ccmar,0.15,seq,0.14201401625316826,0.0057041373442976735,0.13083411249547486,0.15319392001086166,1
491,5000,5,bounded,ccmar,0.15,full,0.1491899834841401,0.004698396865832648,0.13998129484203223,0.15839867212624795,1
491,5000,5,bounded,ccmar,0.15,cc,0.14372536954016044,0.006119977949021414,0.13173043317389915,0.15572030590642172,1
491,5000,5,bounded,ccmar,0.15,seq,0.144767200576267,0.005569517637220829,0.13385114659605354,0.15568325455648044,1
492,5000,5,bounded,ccmar,0.15,full,0.14933929968477905,0.004741235193185987,0.14004664946390072,0.15863194990565738,1
492,5000,5,bounded,ccmar,0.15,cc,0.14827540507541823,0.006292237268556569,0.13594284664686668,0.16060796350396978,1
492,5000,5,bounded,ccmar,0.15,seq,0.15124994111588608,0.005759585051120099,0.1399613618497954,0.16253852038197675,1
493,5000,5,bounded,ccmar,0.15,full,0.14274097482559323,0.0046722809899080765,0.13358347235972223,0.15189847729146422,1
493,5000,5,bounded,ccmar,0.15,cc,0.1391123163568237,0.006062928296268365,0.12722919525528892,0.15099543745835847,1
493,5000,5,bounded,ccmar,0.15,seq,0.14180110865820392,0.005452625468875598,0.13111415911802193,0.1524880581983859,1
494,5000,5,bounded,ccmar,0.15,full,0.14927790596834542,0.0047170564084477356,0.140032645294744,0.15852316664194685,1
494,5000,5,bounded,ccmar,0.15,cc,0.14716908779444765,0.006232980584262833,0.13495267033295508,0.15938550525594022,1
494,5000,5,bounded,ccmar,0.15,seq,0.14971144254268307,0.005759405744659882,0.1384232147107966,0.16099967037456953,1
495,5000,5,bounded,ccmar,0.15,full,0.14770395873751774,0.004654214804280355,0.1385818653448151,0.15682605213022038,1
495,5000,5,bounded,ccmar,0.15,cc,0.14487250523074457,0.00631907476508227,0.1324873462755674,0.15725766418592174,1
495,5000,5,bounded,ccmar,0.15,seq,0.14483402418245764,0.005759854112044549,0.13354491756664538,0.1561231307982699,1
496,5000,5,bounded,ccmar,0.15,full,0.147855179167796,0.004668474350637712,0.13870513757779707,0.15700522075779494,1
496,5000,5,bounded,ccmar,0.15,cc,0.1504502365809235,0.005968911569819377,0.1387513848771731,0.1621490882846739,1
496,5000,5,bounded,ccmar,0.15,seq,0.15175686405266547,0.005465677317527972,0.14104433335919314,0.1624693947461378,1
497,5000,5,bounded,ccmar,0.15,full,0.14778378724445174,0.004661784189295437,0.13864685812973443,0.15692071635916904,1
497,5000,5,bounded,ccmar,0.15,cc,0.15090200599831988,0.00614159128106467,0.1388647082796679,0.16293930371697185,1
497,5000,5,bounded,ccmar,0.15,seq,0.15026716146277677,0.005565944383131293,0.13935811093188644,0.1611762119936671,1
498,5000,5,bounded,ccmar,0.15,full,0.1525982076316689,0.00466555889739385,0.14345388022502653,0.16174253503831126,1
498,5000,5,bounded,ccmar,0.15,cc,0.1537190034955941,0.005973843100896875,0.14201048616854314,0.16542752082264503,1
498,5000,5,bounded,ccmar,0.15,seq,0.1508980099207899,0.005486644150067029,0.14014438499067114,0.16165163485090864,1
499,5000,5,bounded,ccmar,0.15,full,0.14566931377390815,0.004653797506341788,0.13654803827013592,0.15479058927768038,1
499,5000,5,bounded,ccmar,0.15,cc,0.14435520353943312,0.006104999454718723,0.13238962448254776,0.15632078259631849,1
499,5000,5,bounded,ccmar,0.15,seq,0.1423993111832077,0.005616135330267163,0.1313918882035811,0.1534067341628343,1
500,5000,5,bounded,ccmar,0.15,full,0.15951921218744392,0.0046402929889445416,0.1504244050513989,0.16861401932348893,0
500,5000,5,bounded,ccmar,0.15,cc,0.15931283718878914,0.005968357028895594,0.1476150723652773,0.17101060201230098,1
500,5000,5,bounded,ccmar,0.15,seq,0.15820575664508582,0.005417324427930518,0.14758799587377294,0.1688235174163987,1
501,5000,5,bounded,ccmar,0.15,full,0.14062358507774134,0.00470109469559094,0.13140960878647082,0.14983756136901186,0
501,5000,5,bounded,ccmar,0.15,cc,0.1474022307097801,0.005801777648167789,0.13603095547306174,0.15877350594649844,1
501,5000,5,bounded,ccmar,0.15,seq,0.14744577047434554,0.005341215937925234,0.13697717960236075,0.15791436134633033,1
502,5000,5,bounded,ccmar,0.15,full,0.14982829370967687,0.004593453769155741,0.14082528975748185,0.1588312976618719,1
502,5000,5,bounded,ccmar,0.15,cc,0.14670563164788708,0.005938607123129695,0.13506617556821984,0.15834508772755432,1
502,5000,5,bounded,ccmar,0.15,seq,0.14771073798047102,0.005396406169310182,0.13713397624267332,0.15828749971826872,1
503,5000,5,bounded,ccmar,0.15,full,0.14832836055034235,0.004726305955897271,0.13906497109686655,0.15759175000381814,1
503,5000,5,bounded,ccmar,0.15,cc,0.14814152202411066,0.006231782737824024,0.13592745229849715,0.16035559174972416,1
503,5000,5,bounded,ccmar,0.15,seq,0.1513727823717762,0.005752263798037364,0.1400985524980494,0.16264701224550301,1
504,5000,5,bounded,ccmar,0.15,full,0.15081338592013924,0.004697286526877859,0.1416068735023934,0.16001989833788507,1
504,5000,5,bounded,ccmar,0.15,cc,0.15582186093339473,0.006224546945205024,0.14362197310071406,0.1680217487660754,1
504,5000,5,bounded,ccmar,0.15,seq,0.15259688907912172,0.005629337437435445,0.14156359044492525,0.1636301877133182,1
505,5000,5,bounded,ccmar,0.15,full,0.1499479113544206,0.004710004614012571,0.14071647194393846,0.15917935076490272,1
505,5000,5,bounded,ccmar,0.15,cc,0.15077346841961609,0.006116053594516455,0.1387862236468471,0.16276071319238508,1
505,5000,5,bounded,ccmar,0.15,seq,0.15188349232965997,0.0056013497620166644,0.14090504853129532,0.16286193612802463,1
506,5000,5,bounded,ccmar,0.15,full,0.1525425600894172,0.004610130283612983,0.1435068707694983,0.16157824940933607,1
506,5000,5,bounded,ccmar,0.15,cc,0.15397885754787666,0.005887105711142414,0.14244034238085745,0.16551737271489586,1
506,5000,5,bounded,ccmar,0.15,seq,0.153536759555902,0.00551801896446068,0.14272164111955007,0.16435187799225395,1
507,5000,5,bounded,ccmar,0.15,full,0.1462256062894163,0.004732169366369269,0.13695072476258882,0.1555004878162438,1
507,5000,5,bounded,ccmar,0.15,cc,0.14595067485016117,0.006566951821029193,0.13307968579273421,0.15882166390758812,1
507,5000,5,bounded,ccmar,0.15,seq,0.14462922229121986,0.005994471567557528,0.13288027391245774,0.15637817066998197,1
508,5000,5,bounded,ccmar,0.15,full,0.1443188760116735,0.004766030526576759,0.1349776278303646,0.15366012419298242,1
508,5000,5,bounded,ccmar,0.15,cc,0.1392758473033941,0.006143681827760179,0.12723445218851093,0.15131724241827726,1
508,5000,5,bounded,ccmar,0.15,seq,0.1418450919378053,0.005633234631650058,0.13080415494330744,0.1528860289323032,1
509,5000,5,bounded,ccmar,0.15,full,0.14683626589894017,0.004598656135501195,0.13782306549607368,0.15584946630180666,1
509,5000,5,bounded,ccmar,0.15,cc,0.14607488001843644,0.006511572101298919,0.13331243321715475,0.15883732681971813,1
509,5000,5,bounded,ccmar,0.15,seq,0.14629889513516883,0.006066021775623624,0.13440971092551082,0.15818807934482684,1
510,5000,5,bounded,ccmar,0.15,full,0.1481976851522755,0.004662492509635803,0.13905936775520156,0.15733600254934943,1
510,5000,5,bounded,ccmar,0.15,cc,0.15328972426872248,0.005951399981649232,0.14162519464709764,0.16495425389034732,1
510,5000,5,bounded,ccmar,0.15,seq,0.15003363507872358,0.005429227016424014,0.13939254566264067,0.1606747244948065,1
511,5000,5,bounded,ccmar,0.15,full,0.1438770801502582,0.004633819423969397,0.13479496096841606,0.15295919933210037,1
511,5000,5,bounded,ccmar,0.15,cc,0.14253602785682654,0.00644433949580399,0.1299053545409017,0.15516670117275136,1
511,5000,5,bounded,ccmar,0.15,seq,0.14198835662688472,0.0059200522525592915,0.1303852674252733,0.15359144582849615,1
512,5000,5,bounded,ccmar,0.15,full,0.14924304918264064,0.004591007783125732,0.14024483927497114,0.15824125909031014,1
512,5000,5,bounded,ccmar,0.15,cc,0.154159967131087,0.006028947762525763,0.14234344665186316,0.16597648761031086,1
512,5000,5,bounded,ccmar,0.15,seq,0.1550514537688336,0.005284404482691574,0.1446942113030161,0.16540869623465113,1
513,5000,5,bounded,ccmar,0.15,full,0.14807259834976608,0.004673123559955637,0.13891344447694742,0.15723175222258473,1
513,5000,5,bounded,ccmar,0.15,cc,0.14679707118056018,0.006334668371086751,0.13438134931922513,0.15921279304189523,1
513,5000,5,bounded,ccmar,0.15,seq,0.14980778256886743,0.005927400733854938,0.13819029060857546,0.1614252745291594,1
514,5000,5,bounded,ccmar,0.15,full,0.1552016866895835,0.00473515763755172,0.14592094825886237,0.16448242512030464,1
514,5000,5,bounded,ccmar,0.15,cc,0.1578674313272425,0.0061396725203633545,0.14583389431046007,0.16990096834402496,1
514,5000,5,bounded,ccmar,0.15,seq,0.15736562814248992,0.005687673848813753,0.14621799224300464,0.1685132640419752,1
515,5000,5,bounded,ccmar,0.15,full,0.15020390817459384,0.004580531226421096,0.1412262319407474,0.15918158440844027,1
515,5000,5,bounded,ccmar,0.15,cc,0.14710640411583314,0.006173534062834231,0.1350064996953468,0.15920630853631948,1
515,5000,5,bounded,ccmar,0.15,seq,0.14713786957289546,0.005715444614931054,0.1359358039719972,0.15833993517379372,1
516,5000,5,bounded,ccmar,0.15,full,0.15219306147569173,0.004620644405265449,0.14313676485600496,0.1612493580953785,1
516,5000,5,bounded,ccmar,0.15,cc,0.15230675364730473,0.0061104821511520375,0.1403304287028719,0.16428307859173755,1
516,5000,5,bounded,ccmar,0.15,seq,0.1484655267688261,0.00568366368756691,0.13732575064095684,0.15960530289669536,1
517,5000,5,bounded,ccmar,0.15,full,0.1475300299175827,0.0046981991837475295,0.13832172872524207,0.15673833110992336,1
517,5000,5,bounded,ccmar,0.15,cc,0.1460243292390947,0.006228032557575494,0.13381760973170384,0.15823104874648555,1
517,5000,5,bounded,ccmar,0.15,seq,0.14546731852117017,0.005717155158458603,0.13426190031656393,0.15667273672577642,1
518,5000,5,bounded,ccmar,0.15,full,0.14690868972879975,0.00464992498416799,0.1377950042290175,0.156022375228582,1
518,5000,5,bounded,ccmar,0.15,cc,0.14223394043127915,0.006091587205199397,0.13029464890040332,0.154173231962155,1
518,5000,5,bounded,ccmar,0.15,seq,0.14376505918308505,0.0056397447732124675,0.1327113625455906,0.1548187558205795,1
519,5000,5,bounded,ccmar,0.15,full,0.1439589532723359,0.0046616806366868895,0.13482222711700184,0.15309567942766997,1
519,5000,5,bounded,ccmar,0.15,cc,0.13333735345581677,0.006594909393786078,0.12041156856269117,0.14626313834894236,0
519,5000,5,bounded,ccmar,0.15,seq,0.13746063808185313,0.005973061985132711,0.1257536517135677,0.14916762445013856,0
520,5000,5,bounded,ccmar,0.15,full,0.15018534239287495,0.004637757027153244,0.14109550565060705,0.15927517913514286,1
520,5000,5,bounded,ccmar,0.15,cc,0.15265405622062425,0.00599074145476319,0.1409124187285973,0.1643956937126512,1
520,5000,5,bounded,ccmar,0.15,seq,0.14909902367531608,0.005583189185394816,0.13815617395306873,0.16004187339756343,1
521,5000,5,bounded,ccmar,0.15,full,0.155221358607245,0.0046592343130365714,0.14608942715816012,0.1643532900563299,1
521,5000,5,bounded,ccmar,0.15,cc,0.15869018968714607,0.0063494371788096774,0.1462455214945795,0.17113485787971264,1
521,5000,5,bounded,ccmar,0.15,seq,0.15781073487403274,0.005935573740621827,0.14617722411483228,0.1694442456332332,1
522,5000,5,bounded,ccmar,0.15,full,0.14717484421938695,0.004675597624563097,0.13801084126904226,0.15633884716973165,1
522,5000,5,bounded,ccmar,0.15,cc,0.14509380752703924,0.0061620893294117235,0.13301633437187368,0.1571712806822048,1
522,5000,5,bounded,ccmar,0.15,seq,0.1418599691936798,0.005765440572295909,0.1305599133169738,0.15316002507038579,1
523,5000,5,bounded,ccmar,0.15,full,0.14488102601008046,0.004735755705346346,0.13559911538802155,0.15416293663213937,1
523,5000,5,bounded,ccmar,0.15,cc,0.1502454441469471,0.0065254785331730035,0.13745574124003876,0.16303514705385544,1
523,5000,5,bounded,ccmar,0.15,seq,0.14944297729948977,0.005984854942352256,0.1377128771597828,0.16117307743919673,1
524,5000,5,bounded,ccmar,0.15,full,0.1454155742373703,0.004636415587443188,0.13632836666862155,0.15450278180611907,1
524,5000,5,bounded,ccmar,0.15,cc,0.13908486434061895,0.006130444157069296,0.12706941458352913,0.15110031409770877,1
524,5000,5,bounded,ccmar,0.15,seq,0.14277723010486368,0.00557217228439275,0.1318559731118016,0.15369848709792575,1
525,5000,5,bounded,ccmar,0.15,full,0.1549351212085117,0.004651511509101779,0.14581832617699864,0.16405191624002474,1
525,5000,5,bounded,ccmar,0.15,cc,0.15450422845278225,0.006018680336172337,0.14270783175942503,0.16630062514613947,1
525,5000,5,bounded,ccmar,0.15,seq,0.15339742102412737,0.005366877990144748,0.14287853345402296,0.16391630859423179,1
526,5000,5,bounded,ccmar,0.15,full,0.14336188007141287,0.0048306650240846636,0.13389395060282963,0.15282980953999611,1
526,5000,5,bounded,ccmar,0.15,cc,0.14428894318617178,0.006335973165293599,0.13187066397518407,0.15670722239715948,1
526,5000,5,bounded,ccmar,0.15,seq,0.14357114156919057,0.005721531623190206,0.13235714565133078,0.15478513748705036,1
527,5000,5,bounded,ccmar,0.15,full,0.14944103056873542,0.004650156682803185,0.14032689094797293,0.1585551701894979,1
527,5000,5,bounded,ccmar,0.15,cc,0.14992054584032954,0.005912215320160214,0.13833281674396958,0.1615082749366895,1
527,5000,5,bounded,ccmar,0.15,seq,0.14785166295452312,0.005340379371811354,0.13738471172199224,0.158318614187054,1
528,5000,5,bounded,ccmar,0.15,full,0.15222471773097956,0.004583828246460083,0.1432405794566004,0.16120885600535872,1
528,5000,5,bounded,ccmar,0.15,cc,0.1554619013161513,0.005864573433663472,0.1439675486014805,0.16695625403082212,1
528,5000,5,bounded,ccmar,0.15,seq,0.1567761967027482,0.005313753594295509,0.14636143103520874,0.16719096237028766,1
529,5000,5,bounded,ccmar,0.15,full,0.15231464686677249,0.0046668150237737524,0.1431678574976655,0.16146143623587947,1
529,5000,5,bounded,ccmar,0.15,cc,0.1531534262293673,0.006353344465596955,0.1407010998954204,0.16560575256331422,1
529,5000,5,bounded,ccmar,0.15,seq,0.1522926823614619,0.005847122184594004,0.1408325334664525,0.1637528312564713,1
530,5000,5,bounded,ccmar,0.15,full,0.14838981547730512,0.004611834369375174,0.1393507862106658,0.15742884474394445,1
530,5000,5,bounded,ccmar,0.15,cc,0.14982445793369575,0.005643833957028599,0.13876274664319552,0.160886169224196,1
530,5000,5,bounded,ccmar,0.15,seq,0.15159361084681597,0.005078254090924998,0.14164041572425978,0.16154680596937215,1
531,5000,5,bounded,ccmar,0.15,full,0.14426404603005863,0.004741447381743969,0.1349709799272487,0.15355711213286855,1
531,5000,5,bounded,ccmar,0.15,cc,0.1485304455096386,0.006185263764905643,0.1364075512955429,0.16065333972373427,1
531,5000,5,bounded,ccmar,0.15,seq,0.14513770313507815,0.005641839780090906,0.13407990035955458,0.15619550591060172,1
532,5000,5,bounded,ccmar,0.15,full,0.14907903238128412,0.004723280891181938,0.13982157194570127,0.15833649281686696,1
532,5000,5,bounded,ccmar,0.15,cc,0.15316657261085462,0.00593611678850364,0.14153199749736392,0.16480114772434531,1
532,5000,5,bounded,ccmar,0.15,seq,0.15289593276600585,0.00557631888447507,0.14196654858612415,0.16382531694588756,1
533,5000,5,bounded,ccmar,0.15,full,0.14732550545983453,0.0046734023588385215,0.1381658051512465,0.15648520576842256,1
533,5000,5,bounded,ccmar,0.15,cc,0.1415960515173837,0.006021223562132257,0.1297946701927405,0.1533974328420269,1
533,5000,5,bounded,ccmar,0.15,seq,0.14797290895675602,0.005385058472036218,0.13741838829692274,0.1585274296165893,1
534,5000,5,bounded,ccmar,0.15,full,0.14929547552887928,0.004708993852701561,0.14006601717416373,0.15852493388359484,1
534,5000,5,bounded,ccmar,0.15,cc,0.15212431705180762,0.006102247008290926,0.14016413269079012,0.16408450141282513,1
534,5000,5,bounded,ccmar,0.15,seq,0.14839573023267025,0.0057188176914252315,0.1371870535233263,0.1596044069420142,1
535,5000,5,bounded,ccmar,0.15,full,0.14876342616158217,0.004593877390009164,0.13975959192777135,0.157767260395393,1
535,5000,5,bounded,ccmar,0.15,cc,0.15657164868314288,0.0058690754731011005,0.14506847213331736,0.1680748252329684,1
535,5000,5,bounded,ccmar,0.15,seq,0.1543427326995629,0.0054214263319954424,0.14371693234401473,0.16496853305511106,1
536,5000,5,bounded,ccmar,0.15,full,0.14957342993915124,0.004626852614684947,0.14050496545259375,0.15864189442570872,1
536,5000,5,bounded,ccmar,0.15,cc,0.14373895986653537,0.006082734663767124,0.13181701899803847,0.15566090073503228,1
536,5000,5,bounded,ccmar,0.15,seq,0.1451000046514613,0.0056476638975495345,0.13403078681547712,0.1561692224874455,1
537,5000,5,bounded,ccmar,0.15,full,0.15706109912168226,0.004604626567488163,0.14803619688714917,0.16608600135621535,1
537,5000,5,bounded,ccmar,0.15,cc,0.1603657148606248,0.00619575706851938,0.14822225414936735,0.17250917557188222,1
537,5000,5,bounded,ccmar,0.15,seq,0.1593818275085152,0.005730135573270527,0.1481509681583732,0.17061268685865721,1
538,5000,5,bounded,ccmar,0.15,full,0.1535939041986987,0.004686808642083428,0.1444079280577841,0.1627798803396133,1
538,5000,5,bounded,ccmar,0.15,cc,0.14846417633828818,0.006277787576631112,0.1361599387854982,0.16076841389107815,1
538,5000,5,bounded,ccmar,0.15,seq,0.15832644988744982,0.0054894801991135465,0.1475672664033415,0.16908563337155813,1
539,5000,5,bounded,ccmar,0.15,full,0.15673681091296834,0.004745153845431852,0.14743648027482018,0.1660371415511165,1
539,5000,5,bounded,ccmar,0.15,cc,0.16059582937088832,0.005955296057537833,0.1489236635808408,0.17226799516093583,1
539,5000,5,bounded,ccmar,0.15,seq,0.15988389818698864,0.005520476838953048,0.14906396240515316,0.17070383396882413,1
540,5000,5,bounded,ccmar,0.15,full,0.14794602783178012,0.00459764578851611,0.1389348076726163,0.15695724799094396,1
540,5000,5,bounded,ccmar,0.15,cc,0.15253457472495552,0.005957072536202888,0.1408589271007052,0.16421022234920585,1
540,5000,5,bounded,ccmar,0.15,seq,0.15142365286843068,0.005323912824911058,0.1409889754747741,0.16185833026208726,1
541,5000,5,bounded,ccmar,0.15,full,0.15086259977777322,0.004733390880676476,0.141585324126897,0.16013987542864944,1
541,5000,5,bounded,ccmar,0.15,cc,0.15100848864705635,0.006198253156449881,0.13886013569335287,0.16315684160075983,1
541,5000,5,bounded,ccmar,0.15,seq,0.15154562873924496,0.005679274176050872,0.14041445589585685,0.16267680158263306,1
542,5000,5,bounded,ccmar,0.15,full,0.1492681334611605,0.004662387611550336,0.1401300216605561,0.1584062452617649,1
542,5000,5,bounded,ccmar,0.15,cc,0.15031014232622605,0.006067011318535803,0.13841901864809902,0.16220126600435308,1
542,5000,5,bounded,ccmar,0.15,seq,0.14679074036522496,0.0056954215915532656,0.13562791916900876,0.15795356156144116,1
543,5000,5,bounded,ccmar,0.15,full,0.15223908995671384,0.004626876468182311,0.14317057871816063,0.16130760119526705,1
543,5000,5,bounded,ccmar,0.15,cc,0.1511351420045546,0.00659322368436094,0.13821266104119068,0.16405762296791854,1
543,5000,5,bounded,ccmar,0.15,seq,0.15151850463184768,0.0062724962090997686,0.13922463796884813,0.16381237129484724,1
544,5000,5,bounded,ccmar,0.15,full,0.1411560578147966,0.004576952657116975,0.13218539544790242,0.15012672018169076,1
544,5000,5,bounded,ccmar,0.15,cc,0.13661833450748212,0.006011763350759141,0.12483549485641637,0.14840117415854787,0
544,5000,5,bounded,ccmar,0.15,seq,0.1386807163553341,0.005369330455861594,0.12815702204075136,0.14920441066991685,0
545,5000,5,bounded,ccmar,0.15,full,0.14712725658592926,0.004647991798293222,0.13801736006083698,0.15623715311102154,1
545,5000,5,bounded,ccmar,0.15,cc,0.14930646664702396,0.00591216642748694,0.1377188333785427,0.1608940999155052,1
545,5000,5,bounded,ccmar,0.15,seq,0.14694434547679952,0.005517822497764754,0.13612961210809577,0.15775907884550328,1
546,5000,5,bounded,ccmar,0.15,full,0.14910809282194848,0.004637792552178718,0.14001818645191008,0.15819799919198688,1
546,5000,5,bounded,ccmar,0.15,cc,0.15199489601655267,0.006065240707482159,0.14010724267232139,0.16388254936078395,1
546,5000,5,bounded,ccmar,0.15,seq,0.15449461238949388,0.005656372977868338,0.14340832506974638,0.1655808997092414,1
547,5000,5,bounded,ccmar,0.15,full,0.1485529490680044,0.004790979525802539,0.13916280174676263,0.15794309638924617,1
547,5000,5,bounded,ccmar,0.15,cc,0.14634504354753186,0.006358708590285403,0.13388220372238702,0.1588078833726767,1
547,5000,5,bounded,ccmar,0.15,seq,0.14853418828213108,0.005678134917541002,0.1374052483443914,0.15966312821987075,1
548,5000,5,bounded,ccmar,0.15,full,0.1433450014655439,0.004672776499977532,0.1341865278177828,0.152503475113305,1
548,5000,5,bounded,ccmar,0.15,cc,0.13679464332720362,0.006229889995367031,0.12458428330863783,0.1490050033457694,0
548,5000,5,bounded,ccmar,0.15,seq,0.14015142900089214,0.005716797782448958,0.12894671124039372,0.15135614676139056,1
549,5000,5,bounded,ccmar,0.15,full,0.1442798526173403,0.004726155686005465,0.1350167576874404,0.1535429475472402,1
549,5000,5,bounded,ccmar,0.15,cc,0.1409728422077956,0.006372591859814436,0.1284827916743862,0.153462892741205,1
549,5000,5,bounded,ccmar,0.15,seq,0.14241937531159393,0.0057775076428987545,0.13109566841110748,0.15374308221208038,1
550,5000,5,bounded,ccmar,0.15,full,0.15461813064315927,0.0046859520232992325,0.14543383344421018,0.16380242784210836,1
550,5000,5,bounded,ccmar,0.15,cc,0.15644136410991127,0.006022274328082329,0.14463792332184977,0.16824480489797278,1
550,5000,5,bounded,ccmar,0.15,seq,0.15251990021741885,0.00557619796074233,0.1415907530436982,0.1634490473911395,1
551,5000,5,bounded,ccmar,0.15,full,0.16389514384649345,0.004655250665314213,0.15477102020347147,0.17301926748951543,0
551,5000,5,bounded,ccmar,0.15,cc,0.15830668543891468,0.006278042123214576,0.14600194898398874,0.17061142189384063,1
551,5000,5,bounded,ccmar,0.15,seq,0.15971144264430107,0.00565348171776628,0.14863082209022352,0.1707920631983786,1
552,5000,5,bounded,ccmar,0.15,full,0.15935670868718652,0.004686960086094474,0.1501704357214646,0.16854298165290843,0
552,5000,5,bounded,ccmar,0.15,cc,0.16149814445502603,0.0059644088075282865,0.1498081180031971,0.17318817090685495,1
552,5000,5,bounded,ccmar,0.15,seq,0.16136067175771995,0.005488778566330351,0.15060286344859708,0.17211848006684283,0
553,5000,5,bounded,ccmar,0.15,full,0.14832916553318165,0.004728213029640416,0.1390620382838534,0.1575962927825099,1
553,5000,5,bounded,ccmar,0.15,cc,0.15013304492829277,0.006054539275301619,0.13826636600571834,0.1619997238508672,1
553,5000,5,bounded,ccmar,0.15,seq,0.14763495598941434,0.005590086612313547,0.13667858755882026,0.15859132442000842,1
554,5000,5,bounded,ccmar,0.15,full,0.1445900913545165,0.004638809721057455,0.1354981913701096,0.1536819913389234,1
554,5000,5,bounded,ccmar,0.15,cc,0.1482955115210827,0.005728878533058862,0.13706711592448267,0.15952390711768272,1
554,5000,5,bounded,ccmar,0.15,seq,0.14581901773148956,0.005299355752173893,0.13543247131596356,0.15620556414701556,1
555,5000,5,bounded,ccmar,0.15,full,0.15072025967868805,0.004650953804310462,0.14160455772848,0.1598359616288961,1
555,5000,5,bounded,ccmar,0.15,cc,0.15000743206609266,0.0061972498052352614,0.13786104564463367,0.16215381848755164,1
555,5000,5,bounded,ccmar,0.15,seq,0.14848411640033693,0.0056219963441341584,0.13746520604461812,0.15950302675605574,1
556,5000,5,bounded,ccmar,0.15,full,0.14424556044693573,0.004692683968621408,0.13504806887760928,0.15344305201626218,1
556,5000,5,bounded,ccmar,0.15,cc,0.13808725855445259,0.006194286809362592,0.12594667949819038,0.1502278376107148,1
556,5000,5,bounded,ccmar,0.15,seq,0.1446245962901265,0.0056020906333560045,0.13364470041061954,0.15560449216963346,1
557,5000,5,bounded,ccmar,0.15,full,0.14824279843576213,0.004618588414830322,0.13919053148328075,0.1572950653882435,1
557,5000,5,bounded,ccmar,0.15,cc,0.14736036518198545,0.0059974940192957255,0.13560549290667145,0.15911523745729944,1
557,5000,5,bounded,ccmar,0.15,seq,0.14548672617181901,0.005554897266288783,0.134599327592073,0.15637412475156504,1
558,5000,5,bounded,ccmar,0.15,full,0.1509153859605693,0.0046485566119424246,0.1418043824210666,0.160026389500072,1
558,5000,5,bounded,ccmar,0.15,cc,0.1472630012655407,0.006370202111653276,0.13477763455245928,0.15974836797862213,1
558,5000,5,bounded,ccmar,0.15,seq,0.15106163223196942,0.005847737830355245,0.13960027669344074,0.1625229877704981,1
559,5000,5,bounded,ccmar,0.15,full,0.1475395819450731,0.0047082154733355894,0.13831164918588115,0.15676751470426506,1
559,5000,5,bounded,ccmar,0.15,cc,0.15463257531970814,0.00705896769711271,0.1407972528653356,0.1684678977740807,1
559,5000,5,bounded,ccmar,0.15,seq,0.1467001362273059,0.007024285868912478,0.13293278890712382,0.160467483547488,1
560,5000,5,bounded,ccmar,0.15,full,0.15034557275705646,0.00466608375157184,0.1412002166551281,0.1594909288589848,1
560,5000,5,bounded,ccmar,0.15,cc,0.13948264194904028,0.006691530070853098,0.12636748400870146,0.1525977998893791,1
560,5000,5,bounded,ccmar,0.15,seq,0.14457914145413453,0.006337097194947797,0.13215865918550704,0.15699962372276202,1
561,5000,5,bounded,ccmar,0.15,full,0.1476655515535952,0.004745113758164116,0.13836529948504803,0.15696580362214238,1
561,5000,5,bounded,ccmar,0.15,cc,0.14320127927532642,0.006364395764897055,0.13072729279276893,0.1556752657578839,1
561,5000,5,bounded,ccmar,0.15,seq,0.14720325791774524,0.005885011575091584,0.1356688471819644,0.1587376686535261,1
562,5000,5,bounded,ccmar,0.15,full,0.1487694737456615,0.004621579051650976,0.1397113452527208,0.15782760223860218,1
562,5000,5,bounded,ccmar,0.15,cc,0.1494233483753166,0.00611981284471434,0.13742873560755087,0.16141796114308232,1
562,5000,5,bounded,ccmar,0.15,seq,0.14939776083828987,0.005611621387825712,0.1383991850232768,0.16039633665330294,1
563,5000,5,bounded,ccmar,0.15,full,0.1491329639734923,0.004728045655090388,0.13986616477225405,0.15839976317473053,1
563,5000,5,bounded,ccmar,0.15,cc,0.1522300151640766,0.006232502692378193,0.14001453435346642,0.1644454959746868,1
563,5000,5,bounded,ccmar,0.15,seq,0.1465422598946037,0.005867848956617921,0.13504148727291165,0.15804303251629576,1
564,5000,5,bounded,ccmar,0.15,full,0.15127292110396542,0.004609096171150986,0.14223925860722803,0.16030658360070282,1
564,5000,5,bounded,ccmar,0.15,cc,0.15006436584295024,0.006176581530602928,0.13795848849539322,0.16217024319050727,1
564,5000,5,bounded,ccmar,0.15,seq,0.15027024382661902,0.0056638352042667,0.13916933081188623,0.1613711568413518,1
565,5000,5,bounded,ccmar,0.15,full,0.15311333613301198,0.0047491807640366954,0.14380511287942965,0.1624215593865943,1
565,5000,5,bounded,ccmar,0.15,cc,0.1455119724231089,0.00654051073441372,0.13269280694316038,0.15833113790305742,1
565,5000,5,bounded,ccmar,0.15,seq,0.15181314476535931,0.005780026501612807,0.14048450099251117,0.16314178853820746,1
566,5000,5,bounded,ccmar,0.15,full,0.14480318971142084,0.004646241415840529,0.135696723872895,0.15390965554994668,1
566,5000,5,bounded,ccmar,0.15,cc,0.14481912282248555,0.006234624090651132,0.13259948414766354,0.15703876149730756,1
566,5000,5,bounded,ccmar,0.15,seq,0.14595120026770034,0.005675168663711188,0.1348280740806361,0.15707432645476457,1
567,5000,5,bounded,ccmar,0.15,full,0.15340649587267516,0.004604231097176682,0.14438236874570953,0.16243062299964078,1
567,5000,5,bounded,ccmar,0.15,cc,0.1506429974163079,0.0061053470832722325,0.13867673701997765,0.16260925781263816,1
567,5000,5,bounded,ccmar,0.15,seq,0.1513104790687124,0.005586672679130674,0.14036080182420238,0.1622601563132224,1
568,5000,5,bounded,ccmar,0.15,full,0.14138904260327123,0.004699717805894452,0.1321777649662165,0.15060032024032596,1
568,5000,5,bounded,ccmar,0.15,cc,0.1403640573646973,0.006449440505042354,0.12772338625438046,0.15300472847501412,1
568,5000,5,bounded,ccmar,0.15,seq,0.14166813839528922,0.00586496386200477,0.13017302045513093,0.1531632563354475,1
569,5000,5,bounded,ccmar,0.15,full,0.14851209425236242,0.00469818100967094,0.13930382868055735,0.1577203598241675,1
569,5000,5,bounded,ccmar,0.15,cc,0.14591633986563202,0.006410823473984798,0.13335135674537785,0.15848132298588619,1
569,5000,5,bounded,ccmar,0.15,seq,0.14801533346852425,0.005771749220249373,0.13670291286903832,0.15932775406801017,1
570,5000,5,bounded,ccmar,0.15,full,0.15545125346753796,0.004720270428372188,0.14619969343063902,0.1647028135044369,1
570,5000,5,bounded,ccmar,0.15,cc,0.16227895839429565,0.006168191004523517,0.1501895261756656,0.1743683906129257,0
570,5000,5,bounded,ccmar,0.15,seq,0.15869953815576746,0.0056628545967851,0.14760054709638157,0.16979852921515334,1
571,5000,5,bounded,ccmar,0.15,full,0.15097933940081262,0.0046004555520665884,0.14196261220628478,0.15999606659534046,1
571,5000,5,bounded,ccmar,0.15,cc,0.15209452605110377,0.006552043983508429,0.1392527558183049,0.16493629628390263,1
571,5000,5,bounded,ccmar,0.15,seq,0.15188371227869044,0.0060559972769055805,0.14001417572548286,0.163753248831898,1
572,5000,5,bounded,ccmar,0.15,full,0.1582025745488068,0.004686639391092283,0.14901693013373918,0.1673882189638744,1
572,5000,5,bounded,ccmar,0.15,cc,0.1584611735968786,0.006176542062581211,0.1463553736052227,0.17056697358853454,1
572,5000,5,bounded,ccmar,0.15,seq,0.15720801990692954,0.00574062573355486,0.1459566002204382,0.16845943959342088,1
573,5000,5,bounded,ccmar,0.15,full,0.1509859361951643,0.004783455688227405,0.14161053532459533,0.16036133706573324,1
573,5000,5,bounded,ccmar,0.15,cc,0.15402832661539068,0.006198170661874132,0.14188013534808458,0.16617651788269677,1
573,5000,5,bounded,ccmar,0.15,seq,0.15248293327944465,0.005807310120138911,0.1411008145969174,0.1638650519619719,1
574,5000,5,bounded,ccmar,0.15,full,0.14986215476639517,0.0045920900851674044,0.1408618235857036,0.15886248594708674,1
574,5000,5,bounded,ccmar,0.15,cc,0.14704198321317818,0.006022651440429613,0.13523780329849786,0.15884616312785851,1
574,5000,5,bounded,ccmar,0.15,seq,0.14648430822334504,0.005506533243188893,0.13569170138702227,0.15727691505966782,1
575,5000,5,bounded,ccmar,0.15,full,0.14314555102705964,0.004553920337076492,0.13422003117792522,0.15207107087619406,1
575,5000,5,bounded,ccmar,0.15,cc,0.1482340898055571,0.006076198551512193,0.13632495948167878,0.16014322012943544,1
575,5000,5,bounded,ccmar,0.15,seq,0.1469652494695903,0.005631610290471402,0.1359274961253012,0.1580030028138794,1
576,5000,5,bounded,ccmar,0.15,full,0.14382779510243435,0.004744727923649157,0.1345282992556405,0.1531272909492282,1
576,5000,5,bounded,ccmar,0.15,cc,0.1410187859673147,0.006186193173587345,0.12889407014567597,0.15314350178895345,1
576,5000,5,bounded,ccmar,0.15,seq,0.14337259915824077,0.005592136256411134,0.13241221349903431,0.15433298481744723,1
577,5000,5,bounded,ccmar,0.15,full,0.1492649381799204,0.00470776343407327,0.1400378914014022,0.1584919849584386,1
577,5000,5,bounded,ccmar,0.15,cc,0.15402345535811396,0.006292668000992786,0.14169005270950044,0.16635685800672748,1
577,5000,5,bounded,ccmar,0.15,seq,0.14801119538915278,0.005757630920044536,0.13672644614959129,0.15929594462871427,1
578,5000,5,bounded,ccmar,0.15,full,0.15378333918846737,0.0046366777276319006,0.14469561783438983,0.1628710605425449,1
578,5000,5,bounded,ccmar,0.15,cc,0.1543579351352209,0.006016648258286843,0.14256552124133304,0.16615034902910875,1
578,5000,5,bounded,ccmar,0.15,seq,0.1538319925898198,0.005455749081571447,0.1431389208812523,0.1645250642983873,1
579,5000,5,bounded,ccmar,0.15,full,0.14103832600436098,0.004643827589658117,0.13193659117821763,0.15014006083050432,1
579,5000,5,bounded,ccmar,0.15,cc,0.13504159338731767,0.00655755712697804,0.12218901759187675,0.14789416918275858,0
579,5000,5,bounded,ccmar,0.15,seq,0.1373705205430518,0.005828998680431871,0.1259458930634738,0.14879514802262978,0
580,5000,5,bounded,ccmar,0.15,full,0.14718084471420817,0.004691743318164891,0.13798519678589855,0.1563764926425178,1
580,5000,5,bounded,ccmar,0.15,cc,0.14225500269119715,0.005921098197367198,0.1306498634754324,0.1538601419069619,1
580,5000,5,bounded,ccmar,0.15,seq,0.14415620174469532,0.005363871191002272,0.1336432073926189,0.15466919609677174,1
581,5000,5,bounded,ccmar,0.15,full,0.1475547468280331,0.004745209908179235,0.1382543063089192,0.156855187347147,1
581,5000,5,bounded,ccmar,0.15,cc,0.15058247781639167,0.0060759609079911285,0.13867381326525577,0.16249114236752757,1
581,5000,5,bounded,ccmar,0.15,seq,0.14910466054851498,0.005697444599629052,0.1379378743293298,0.16027144676770017,1
582,5000,5,bounded,ccmar,0.15,full,0.14583910749602155,0.004707264998580256,0.13661303763311827,0.15506517735892483,1
582,5000,5,bounded,ccmar,0.15,cc,0.15585753254866253,0.006055814883252543,0.14398835348044592,0.16772671161687913,1
582,5000,5,bounded,ccmar,0.15,seq,0.15124873479493894,0.005585247774483439,0.14030185031221892,0.16219561927765896,1
583,5000,5,bounded,ccmar,0.15,full,0.15299812083126604,0.004644984647429024,0.14389411821356368,0.1621021234489684,1
583,5000,5,bounded,ccmar,0.15,cc,0.15173077850921363,0.0060479974508910826,0.13987692132687704,0.1635846356915502,1
583,5000,5,bounded,ccmar,0.15,seq,0.1527554920740179,0.005493477124609719,0.14198847475988818,0.1635225093881476,1
584,5000,5,bounded,ccmar,0.15,full,0.1492363613915084,0.004714258202890202,0.13999658510002108,0.1584761376829957,1
584,5000,5,bounded,ccmar,0.15,cc,0.15272911221343657,0.006695722898690401,0.13960573648154326,0.1658524879453299,1
584,5000,5,bounded,ccmar,0.15,seq,0.15287062836058776,0.006086804556112184,0.14094071064967356,0.16480054607150196,1
585,5000,5,bounded,ccmar,0.15,full,0.15193459835209217,0.0046147177828020575,0.1428899176989836,0.16097927900520073,1
585,5000,5,bounded,ccmar,0.15,cc,0.15297279082163864,0.005965554490104049,0.14128051887322352,0.16466506277005377,1
585,5000,5,bounded,ccmar,0.15,seq,0.15420565276281983,0.005409048273982401,0.14360411295517578,0.1648071925704639,1
586,5000,5,bounded,ccmar,0.15,full,0.1475416774594215,0.004697653231886073,0.13833444631306663,0.1567489086057764,1
586,5000,5,bounded,ccmar,0.15,cc,0.13944045037898353,0.006261103678773316,0.1271689126651166,0.15171198809285047,1
586,5000,5,bounded,ccmar,0.15,seq,0.14250173803173286,0.005660780222939558,0.1314068126703747,0.153596663393091,1
587,5000,5,bounded,ccmar,0.15,full,0.1478455342643494,0.004515371012854016,0.13899556970231938,0.15669549882637943,1
587,5000,5,bounded,ccmar,0.15,cc,0.15294701230670954,0.005958410257125255,0.14126874279763,0.1646252818157891,1
587,5000,5,bounded,ccmar,0.15,seq,0.14728102674479338,0.005481836823792156,0.1365368240010353,0.15802522948855144,1
588,5000,5,bounded,ccmar,0.15,full,0.15801786861615172,0.0046186718852375755,0.14896543806467835,0.16707029916762509,1
588,5000,5,bounded,ccmar,0.15,cc,0.1601674618397058,0.005810723741444331,0.14877865258236306,0.17155627109704852,1
588,5000,5,bounded,ccmar,0.15,seq,0.15747630637231413,0.005449444293714423,0.14679559182087656,0.1681570209237517,1
589,5000,5,bounded,ccmar,0.15,full,0.15118817847978452,0.004595439390087416,0.14218128278207648,0.16019507417749257,1
589,5000,5,bounded,ccmar,0.15,cc,0.15173221458927702,0.005813493599646402,0.14033797650961596,0.16312645266893808,1
589,5000,5,bounded,ccmar,0.15,seq,0.14920760275781972,0.005364853003955685,0.13869268408771507,0.15972252142792437,1
590,5000,5,bounded,ccmar,0.15,full,0.14381555798640933,0.004689561214403566,0.13462418690288241,0.15300692906993624,1
590,5000,5,bounded,ccmar,0.15,cc,0.14151427552113735,0.006289302129047465,0.12918746986031324,0.15384108118196146,1
590,5000,5,bounded,ccmar,0.15,seq,0.14172225836652952,0.005914320598226377,0.13013040300098244,0.1533141137320766,1
591,5000,5,bounded,ccmar,0.15,full,0.14804302651090917,0.0045659127896551105,0.13909400188663434,0.156992051135184,1
591,5000,5,bounded,ccmar,0.15,cc,0.15456150036719007,0.006057598328495567,0.14268882581052872,0.16643417492385143,1
591,5000,5,bounded,ccmar,0.15,seq,0.15284609560701723,0.00545426594542255,0.1421559307918857,0.16353626042214875,1
592,5000,5,bounded,ccmar,0.15,full,0.15127240259882965,0.004596431771395151,0.1422635618694995,0.1602812433281598,1
592,5000,5,bounded,ccmar,0.15,cc,0.14501003001744592,0.006152537023521987,0.13295127903779355,0.15706878099709828,1
592,5000,5,bounded,ccmar,0.15,seq,0.1442609858622224,0.005588335495600646,0.13330804955731834,0.15521392216712648,1
593,5000,5,bounded,ccmar,0.15,full,0.15038487778057594,0.004845508832640112,0.1408878549818306,0.15988190057932128,1
593,5000,5,bounded,ccmar,0.15,cc,0.14785763797716914,0.006357242915748195,0.13539767082133028,0.160317605133008,1
593,5000,5,bounded,ccmar,0.15,seq,0.14781232987490972,0.005869023627013562,0.1363092549415485,0.15931540480827094,1
594,5000,5,bounded,ccmar,0.15,full,0.15469451379735466,0.004655769888587405,0.1455693724954173,0.16381965509929203,1
594,5000,5,bounded,ccmar,0.15,cc,0.15082574130239418,0.006177151196415341,0.1387187474303616,0.16293273517442675,1
594,5000,5,bounded,ccmar,0.15,seq,0.1538481267370889,0.005613476496704916,0.14284591497548518,0.1648503384986926,1
595,5000,5,bounded,ccmar,0.15,full,0.14723406537406658,0.004692349361782178,0.138037229622094,0.15643090112603916,1
595,5000,5,bounded,ccmar,0.15,cc,0.1432075770444466,0.006385159816890705,0.13069289376780843,0.15572226032108474,1
595,5000,5,bounded,ccmar,0.15,seq,0.14333078442632968,0.005955335052931543,0.1316585422067149,0.15500302664594445,1
596,5000,5,bounded,ccmar,0.15,full,0.15456752732146065,0.0046640787666186205,0.14542610091783015,0.16370895372509114,1
596,5000,5,bounded,ccmar,0.15,cc,0.1565206094400279,0.0060819292795438115,0.1446002470956024,0.1684409717844534,1
596,5000,5,bounded,ccmar,0.15,seq,0.15659287762214175,0.005510542234419101,0.14579241330739343,0.16739334193689007,1
597,5000,5,bounded,ccmar,0.15,full,0.14762154045230108,0.004684486713604146,0.13844011520758057,0.1568029656970216,1
597,5000,5,bounded,ccmar,0.15,cc,0.14952242573759478,0.006139336548143783,0.13748954721426251,0.16155530426092704,1
597,5000,5,bounded,ccmar,0.15,seq,0.14741448906706084,0.005621470979154524,0.13639660840778087,0.1584323697263408,1
598,5000,5,bounded,ccmar,0.15,full,0.14709881701621477,0.004762208892582935,0.13776505909989584,0.1564325749325337,1
598,5000,5,bounded,ccmar,0.15,cc,0.14981462502395473,0.006172738664160765,0.13771627955622176,0.1619129704916877,1
598,5000,5,bounded,ccmar,0.15,seq,0.15006402847653708,0.005546246298033603,0.13919358548300262,0.16093447147007153,1
599,5000,5,bounded,ccmar,0.15,full,0.14468015173875723,0.004726719793383441,0.13541595117871308,0.15394435229880138,1
599,5000,5,bounded,ccmar,0.15,cc,0.14681882997196563,0.0064168761082530135,0.1342419839065342,0.15939567603739707,1
599,5000,5,bounded,ccmar,0.15,seq,0.14832013941136973,0.005807981379515549,0.13693670508464,0.15970357373809946,1
600,5000,5,bounded,ccmar,0.15,full,0.1461447714321048,0.004629094970746701,0.13707191200842578,0.15521763085578383,1
600,5000,5,bounded,ccmar,0.15,cc,0.15199278534381946,0.005700279194317388,0.1408204434211344,0.16316512726650453,1
600,5000,5,bounded,ccmar,0.15,seq,0.149117602909966,0.0053174150998794014,0.13869566082335294,0.15953954499657907,1
601,5000,5,bounded,ccmar,0.15,full,0.14513228073481327,0.004713079808752993,0.13589481405339449,0.15436974741623205,1
601,5000,5,bounded,ccmar,0.15,cc,0.14470734256275575,0.006299957158415946,0.1323596534281152,0.1570550316973963,1
601,5000,5,bounded,ccmar,0.15,seq,0.14463240478396877,0.0058688261211333505,0.1331297169550195,0.15613509261291805,1
602,5000,5,bounded,ccmar,0.15,full,0.1491317466714533,0.004631187033934393,0.140054786879273,0.15820870646363358,1
602,5000,5,bounded,ccmar,0.15,cc,0.1489524380579598,0.006028805146322222,0.13713619710135852,0.16076867901456107,1
602,5000,5,bounded,ccmar,0.15,seq,0.15300758936710396,0.005383881513269856,0.14245537550406404,0.16355980323014388,1
603,5000,5,bounded,ccmar,0.15,full,0.15015790487666636,0.004681615244367867,0.14098210760823165,0.15933370214510106,1
603,5000,5,bounded,ccmar,0.15,cc,0.15335271395468175,0.005993469265196603,0.14160573005244867,0.16509969785691483,1
603,5000,5,bounded,ccmar,0.15,seq,0.1541477225601307,0.005529177721015456,0.14331073336281916,0.16498471175744225,1
604,5000,5,bounded,ccmar,0.15,full,0.14673170279497627,0.004708858388196553,0.1375025099458117,0.15596089564414084,1
604,5000,5,bounded,ccmar,0.15,cc,0.1471368650783224,0.005945169040529626,0.1354845478768818,0.15878918227976302,1
604,5000,5,bounded,ccmar,0.15,seq,0.1470395677193821,0.005488547603401056,0.1362822120892824,0.15779692334948178,1
605,5000,5,bounded,ccmar,0.15,full,0.15884119317828796,0.004629081492166133,0.1497683601721414,0.16791402618443452,1
605,5000,5,bounded,ccmar,0.15,cc,0.1577287625741025,0.006253802921007385,0.14547153408251665,0.16998599106568837,1
605,5000,5,bounded,ccmar,0.15,seq,0.1607566415149477,0.005801143527953598,0.149386609131011,0.1721266738988844,1
606,5000,5,bounded,ccmar,0.15,full,0.14240197655256373,0.004747418410833356,0.13309720744778797,0.1517067456573395,1
606,5000,5,bounded,ccmar,0.15,cc,0.1398156836783523,0.006110371746489724,0.1278395751230813,0.15179179223362327,1
606,5000,5,bounded,ccmar,0.15,seq,0.13942116952090947,0.005691899369981262,0.12826525175211997,0.15057708728969896,1
607,5000,5,bounded,ccmar,0.15,full,0.1511322071503855,0.004652688491715335,0.14201310527533945,0.16025130902543155,1
607,5000,5,bounded,ccmar,0.15,cc,0.15125769252141794,0.006259754982375717,0.13898879820391638,0.1635265868389195,1
607,5000,5,bounded,ccmar,0.15,seq,0.14882111906706927,0.005682163520582269,0.1376842832124607,0.15995795492167783,1
608,5000,5,bounded,ccmar,0.15,full,0.15692475902262834,0.004682203027786583,0.14774780971986223,0.16610170832539445,1
608,5000,5,bounded,ccmar,0.15,cc,0.16085283032880626,0.005825982992849691,0.14943411348827798,0.17227154716933454,1
608,5000,5,bounded,ccmar,0.15,seq,0.15936930665604518,0.005442382096361503,0.14870243375707104,0.17003617955501932,1
609,5000,5,bounded,ccmar,0.15,full,0.15331702879195983,0.004703567821530037,0.14409820526291944,0.1625358523210002,1
609,5000,5,bounded,ccmar,0.15,cc,0.15213424261497707,0.006312271343819216,0.13976241812044715,0.164506067109507,1
609,5000,5,bounded,ccmar,0.15,seq,0.14989385089771362,0.005925935972187508,0.13827922981753576,0.16150847197789148,1
610,5000,5,bounded,ccmar,0.15,full,0.14777342118538145,0.004701615768525649,0.13855842360992557,0.15698841876083733,1
610,5000,5,bounded,ccmar,0.15,cc,0.14268452066813264,0.0063848910032969245,0.13017036425645687,0.15519867707980842,1
610,5000,5,bounded,ccmar,0.15,seq,0.14453939346689107,0.0057898420661036554,0.13319151154115294,0.1558872753926292,1
611,5000,5,bounded,ccmar,0.15,full,0.1540448177398154,0.004627503879682251,0.14497507679731883,0.16311455868231198,1
611,5000,5,bounded,ccmar,0.15,cc,0.1523525550938787,0.005926121182817661,0.1407375710075362,0.16396753918022122,1
611,5000,5,bounded,ccmar,0.15,seq,0.15314022574831343,0.005428797347731814,0.1424999784673925,0.16378047302923435,1
612,5000,5,bounded,ccmar,0.15,full,0.15316290868006305,0.00464781327803723,0.14405336204824304,0.16227245531188306,1
612,5000,5,bounded,ccmar,0.15,cc,0.1538814692427575,0.005863189102239422,0.1423898297678205,0.1653731087176945,1
612,5000,5,bounded,ccmar,0.15,seq,0.15385979500628427,0.005375816367249718,0.1433233885389739,0.16439620147359466,1
613,5000,5,bounded,ccmar,0.15,full,0.14592879454881466,0.004672007863202864,0.1367718274014491,0.1550857616961802,1
613,5000,5,bounded,ccmar,0.15,cc,0.14463660529956868,0.006499827103413512,0.1318971782711409,0.15737603232799646,1
613,5000,5,bounded,ccmar,0.15,seq,0.1445905286343718,0.0059824395109982975,0.13286516265312573,0.15631589461561787,1
614,5000,5,bounded,ccmar,0.15,full,0.1556102693759042,0.004674092816327418,0.14644921579550507,0.1647713229563033,1
614,5000,5,bounded,ccmar,0.15,cc,0.1582149107307183,0.006069046706315608,0.14631979776584828,0.17011002369558834,1
614,5000,5,bounded,ccmar,0.15,seq,0.15525577385299275,0.0056501317134211694,0.14418171918677966,0.16632982851920583,1
615,5000,5,bounded,ccmar,0.15,full,0.15003967120414932,0.0046137973269196105,0.1409967946114197,0.15908254779687894,1
615,5000,5,bounded,ccmar,0.15,cc,0.1477414937608378,0.006095517401650093,0.13579449918646647,0.15968848833520916,1
615,5000,5,bounded,ccmar,0.15,seq,0.1504865094207209,0.005565227738833004,0.13957886348684492,0.16139415535459686,1
616,5000,5,bounded,ccmar,0.15,full,0.14376996835407627,0.004656637784866278,0.13464312600668998,0.15289681070146255,1
616,5000,5,bounded,ccmar,0.15,cc,0.14716573870490143,0.0058262374558164555,0.1357465231261229,0.15858495428367997,1
616,5000,5,bounded,ccmar,0.15,seq,0.14935849959711725,0.005313424877410396,0.13894437820283373,0.15977262099140077,1
617,5000,5,bounded,ccmar,0.15,full,0.1479965655302991,0.004726225044236479,0.13873333466076437,0.15725979639983384,1
617,5000,5,bounded,ccmar,0.15,cc,0.14880656711099807,0.0059711152906807,0.1371033961937275,0.16050973802826865,1
617,5000,5,bounded,ccmar,0.15,seq,0.14965923486650587,0.005398684532705799,0.13907800761850905,0.16024046211450269,1
618,5000,5,bounded,ccmar,0.15,full,0.15169565716057112,0.004686689695500447,0.14250991415067527,0.16088140017046698,1
618,5000,5,bounded,ccmar,0.15,cc,0.150278872534213,0.006272333678062745,0.13798532442619235,0.16257242064223362,1
618,5000,5,bounded,ccmar,0.15,seq,0.15136048859301554,0.0057701421464311856,0.14005121780033378,0.1626697593856973,1
619,5000,5,bounded,ccmar,0.15,full,0.1542014345152225,0.004560179669906932,0.14526364659917315,0.16313922243127185,1
619,5000,5,bounded,ccmar,0.15,cc,0.15172917496588195,0.006074624498642407,0.13982312972893815,0.16363522020282575,1
619,5000,5,bounded,ccmar,0.15,seq,0.1519045024853102,0.005546433812569704,0.1410336919700384,0.162775313000582,1
620,5000,5,bounded,ccmar,0.15,full,0.14932094878821128,0.004611594000081179,0.14028239063673117,0.1583595069396914,1
620,5000,5,bounded,ccmar,0.15,cc,0.14857766669039374,0.005759296743355604,0.13728965249713793,0.15986568088364955,1
620,5000,5,bounded,ccmar,0.15,seq,0.14726516329033862,0.005474676332587723,0.13653499485145285,0.1579953317292244,1
621,5000,5,bounded,ccmar,0.15,full,0.143063782084725,0.004692666357795895,0.13386632503198231,0.1522612391374677,1
621,5000,5,bounded,ccmar,0.15,cc,0.1349890340288084,0.006056830870878286,0.1231178636614366,0.14686020439618022,0
621,5000,5,bounded,ccmar,0.15,seq,0.1400296883705908,0.005579574141501935,0.12909392400417602,0.15096545273700557,1
622,5000,5,bounded,ccmar,0.15,full,0.15845389444886251,0.004591970323566112,0.1494537979965962,0.16745399090112884,1
622,5000,5,bounded,ccmar,0.15,cc,0.15861146465688525,0.006298045908923572,0.14626752150241523,0.17095540781135526,1
622,5000,5,bounded,ccmar,0.15,seq,0.15850090830897728,0.005752990268828874,0.14722525457866328,0.16977656203929128,1
623,5000,5,bounded,ccmar,0.15,full,0.1435516002007634,0.004621965481503008,0.13449271431923018,0.15261048608229663,1
623,5000,5,bounded,ccmar,0.15,cc,0.14616317055799408,0.006215687583365138,0.1339806467554456,0.15834569436054255,1
623,5000,5,bounded,ccmar,0.15,seq,0.147016175356396,0.005674236908446386,0.13589487537609318,0.1581374753366988,1
624,5000,5,bounded,ccmar,0.15,full,0.1525856677046576,0.004605193706967335,0.14355965389717112,0.16161168151214406,1
624,5000,5,bounded,ccmar,0.15,cc,0.15267435451295056,0.006132422874940305,0.14065502654009798,0.16469368248580313,1
624,5000,5,bounded,ccmar,0.15,seq,0.15458253428856814,0.005549174362264143,0.1437063523945974,0.16545871618253888,1
625,5000,5,bounded,ccmar,0.15,full,0.15326389229738285,0.004738437738231585,0.1439767249874635,0.1625510596073022,1
625,5000,5,bounded,ccmar,0.15,cc,0.15248241789320446,0.005982369489849692,0.1407571891508878,0.16420764663552112,1
625,5000,5,bounded,ccmar,0.15,seq,0.15113096759977074,0.005540401022227497,0.14027198113629594,0.16198995406324554,1
626,5000,5,bounded,ccmar,0.15,full,0.15562757180993003,0.004643655910331272,0.14652617346908417,0.1647289701507759,1
626,5000,5,bounded,ccmar,0.15,cc,0.16197953854262542,0.00577942350208524,0.150652076627134,0.17330700045811684,0
626,5000,5,bounded,ccmar,0.15,seq,0.15732430881355158,0.005267419117333376,0.1470003570521004,0.16764826057500276,1
627,5000,5,bounded,ccmar,0.15,full,0.14861387107764032,0.004707181537510198,0.13938796479542845,0.1578397773598522,1
627,5000,5,bounded,ccmar,0.15,cc,0.1503690160890479,0.006547037389935116,0.13753705859933796,0.16320097357875785,1
627,5000,5,bounded,ccmar,0.15,seq,0.15134579472688361,0.006019357234220381,0.13954807133773103,0.1631435181160362,1
628,5000,5,bounded,ccmar,0.15,full,0.14661323254800387,0.004730843424609411,0.1373409498192713,0.15588551527673644,1
628,5000,5,bounded,ccmar,0.15,cc,0.15050757677937265,0.006031990515143017,0.13868509261460513,0.16233006094414018,1
628,5000,5,bounded,ccmar,0.15,seq,0.15194343644009498,0.0054909740301197964,0.14118132510101541,0.16270554777917454,1
629,5000,5,bounded,ccmar,0.15,full,0.15057243733220785,0.004720959120161344,0.1413195274842057,0.15982534718021,1
629,5000,5,bounded,ccmar,0.15,cc,0.15133824147205652,0.006130881958797071,0.1393219336393479,0.16335454930476515,1
629,5000,5,bounded,ccmar,0.15,seq,0.14905210747310693,0.0056713805302975855,0.13793640589110198,0.16016780905511188,1
630,5000,5,bounded,ccmar,0.15,full,0.14879004795422726,0.004639778379164566,0.1396962494348171,0.15788384647363743,1
630,5000,5,bounded,ccmar,0.15,cc,0.14672439556434705,0.006164439526048389,0.13464231610841704,0.15880647502027706,1
630,5000,5,bounded,ccmar,0.15,seq,0.1497087283649329,0.005562957250781531,0.13880553250586514,0.16061192422400067,1
631,5000,5,bounded,ccmar,0.15,full,0.1453570863452189,0.004703330131419729,0.1361387286802342,0.15457544401020362,1
631,5000,5,bounded,ccmar,0.15,cc,0.15031978533811344,0.006393765224401419,0.137788235772682,0.16285133490354486,1
631,5000,5,bounded,ccmar,0.15,seq,0.15063022654233899,0.005669644854758602,0.1395179268218793,0.16174252626279867,1
632,5000,5,bounded,ccmar,0.15,full,0.15890495168758428,0.0046509412254218795,0.14978927439154482,0.16802062898362374,1
632,5000,5,bounded,ccmar,0.15,cc,0.1658117645908204,0.005805901006488107,0.15443240772029884,0.17719112146134194,0
632,5000,5,bounded,ccmar,0.15,seq,0.15914299275978916,0.005355590037941685,0.14864622916946196,0.16963975635011636,1
633,5000,5,bounded,ccmar,0.15,full,0.15058146059927935,0.0046208953589654475,0.14152467211937877,0.15963824907917992,1
633,5000,5,bounded,ccmar,0.15,cc,0.14241486549652163,0.006419814871931094,0.12983225956012207,0.1549974714329212,1
633,5000,5,bounded,ccmar,0.15,seq,0.1465835392822815,0.0059151316310704916,0.13499009432156966,0.1581769842429933,1
634,5000,5,bounded,ccmar,0.15,full,0.1524716587407297,0.004630296497354767,0.1433964443681724,0.16154687311328703,1
634,5000,5,bounded,ccmar,0.15,cc,0.1517637497739937,0.006605457128570443,0.13881729170057228,0.16471020784741514,1
634,5000,5,bounded,ccmar,0.15,seq,0.15025075826269918,0.006140614419779039,0.13821537515698495,0.1622861413684134,1
635,5000,5,bounded,ccmar,0.15,full,0.1516945826255965,0.0046692696386666415,0.14254298229970355,0.16084618295148947,1
635,5000,5,bounded,ccmar,0.15,cc,0.15155552245112636,0.006188715070305274,0.13942586380274774,0.16368518109950497,1
635,5000,5,bounded,ccmar,0.15,seq,0.15176492466402491,0.005667257157721947,0.14065730474376306,0.16287254458428677,1
636,5000,5,bounded,ccmar,0.15,full,0.15090908581661505,0.004565690727764598,0.14196049642564798,0.15985767520758212,1
636,5000,5,bounded,ccmar,0.15,cc,0.15456311365699515,0.006025920021944831,0.14275252744026448,0.16637369987372583,1
636,5000,5,bounded,ccmar,0.15,seq,0.15438994523526445,0.005551005780208256,0.1435101738280826,0.1652697166424463,1
637,5000,5,bounded,ccmar,0.15,full,0.14888521937394425,0.004667425821034802,0.13973723286420375,0.15803320588368475,1
637,5000,5,bounded,ccmar,0.15,cc,0.1511348395253318,0.006040931828593363,0.13929483070822712,0.16297484834243647,1
637,5000,5,bounded,ccmar,0.15,seq,0.15254249761190608,0.005383365047788738,0.1419912960026084,0.16309369922120376,1
638,5000,5,bounded,ccmar,0.15,full,0.16131991890992023,0.00463173910617735,0.15224187707602688,0.17039796074381358,0
638,5000,5,bounded,ccmar,0.15,cc,0.16230744205766925,0.006057553279333752,0.15043485579574262,0.1741800283195959,0
638,5000,5,bounded,ccmar,0.15,seq,0.15842901997371112,0.005502308634591865,0.1476446932180873,0.16921334672933494,1
639,5000,5,bounded,ccmar,0.15,full,0.14832480721186347,0.004742902583828359,0.13902888896537793,0.15762072545834901,1
639,5000,5,bounded,ccmar,0.15,cc,0.1460494697022447,0.0066241330949392925,0.13306640740736383,0.15903253199712555,1
639,5000,5,bounded,ccmar,0.15,seq,0.1524244394004407,0.005914144610983289,0.14083292896355182,0.1640159498373296,1
640,5000,5,bounded,ccmar,0.15,full,0.15837041338585128,0.004626505376680382,0.14930262947327683,0.16743819729842574,1
640,5000,5,bounded,ccmar,0.15,cc,0.15615277774878894,0.006746388246469869,0.14293009975998366,0.16937545573759422,1
640,5000,5,bounded,ccmar,0.15,seq,0.157644211581737,0.006297419816302841,0.1453014955462546,0.1699869276172194,1
641,5000,5,bounded,ccmar,0.15,full,0.15291281084547553,0.004655155298023951,0.14378887411890776,0.1620367475720433,1
641,5000,5,bounded,ccmar,0.15,cc,0.15168024428276186,0.00613068565955593,0.13966432118949607,0.16369616737602766,1
641,5000,5,bounded,ccmar,0.15,seq,0.15297569994465174,0.005577885614487107,0.14204324503037294,0.16390815485893054,1
642,5000,5,bounded,ccmar,0.15,full,0.14533307270033552,0.004616013639014679,0.13628585221572107,0.15438029318494997,1
642,5000,5,bounded,ccmar,0.15,cc,0.14811689439650808,0.006174877047759175,0.13601435777393708,0.16021943101907907,1
642,5000,5,bounded,ccmar,0.15,seq,0.1427140678384697,0.0056121122084278234,0.13171453003275363,0.1537136056441858,1
643,5000,5,bounded,ccmar,0.15,full,0.14714246244549814,0.004641368830844423,0.13804554669807628,0.15623937819292,1
643,5000,5,bounded,ccmar,0.15,cc,0.14241042526446723,0.006072223691928816,0.1305090855222159,0.15431176500671856,1
643,5000,5,bounded,ccmar,0.15,seq,0.14055978513698072,0.0056680007129114,0.12945070787532703,0.15166886239863442,1
644,5000,5,bounded,ccmar,0.15,full,0.14478739031539561,0.004790196967379154,0.13539877678047949,0.15417600385031174,1
644,5000,5,bounded,ccmar,0.15,cc,0.14303517614051842,0.006362027954234746,0.13056583048158127,0.15550452179945556,1
644,5000,5,bounded,ccmar,0.15,seq,0.14637760386245083,0.005969246665570534,0.13467809538309677,0.15807711234180488,1
645,5000,5,bounded,ccmar,0.15,full,0.1480475276423141,0.004671996933642502,0.13889058191649323,0.15720447336813498,1
645,5000,5,bounded,ccmar,0.15,cc,0.14378788678990537,0.006281255086156926,0.13147685304332876,0.15609892053648197,1
645,5000,5,bounded,ccmar,0.15,seq,0.1441064841099137,0.005692083423413608,0.13295020560302556,0.15526276261680183,1
646,5000,5,bounded,ccmar,0.15,full,0.16022788891457418,0.004683324278197716,0.1510487420013846,0.16940703582776376,0
646,5000,5,bounded,ccmar,0.15,cc,0.16383173651677135,0.006375724969226926,0.15133554520175382,0.17632792783178888,0
646,5000,5,bounded,ccmar,0.15,seq,0.16175712197826236,0.005862239154101235,0.1502673443674634,0.17324689958906134,0
647,5000,5,bounded,ccmar,0.15,full,0.1468755176404288,0.0047112738396375455,0.13764159059343348,0.15610944468742413,1
647,5000,5,bounded,ccmar,0.15,cc,0.1463690864513358,0.006046745989710828,0.1345176820878406,0.15822049081483103,1
647,5000,5,bounded,ccmar,0.15,seq,0.1475722338777096,0.005668324798972052,0.13646252141904913,0.15868194633637006,1
648,5000,5,bounded,ccmar,0.15,full,0.15203990867410394,0.004726652898883316,0.1427758392248708,0.16130397812333708,1
648,5000,5,bounded,ccmar,0.15,cc,0.15360573635256877,0.006220057627673956,0.14141464742056417,0.16579682528457337,1
648,5000,5,bounded,ccmar,0.15,seq,0.1528684104910426,0.005687292227416879,0.14172152255575093,0.16401529842633428,1
649,5000,5,bounded,ccmar,0.15,full,0.15019207857742073,0.004718127844416042,0.1409447179279097,0.15943943922693177,1
649,5000,5,bounded,ccmar,0.15,cc,0.14946563715666006,0.006015831404089772,0.13767482426757907,0.16125645004574105,1
649,5000,5,bounded,ccmar,0.15,seq,0.15049915160942337,0.005476908262544518,0.13976460866820628,0.16123369455064046,1
650,5000,5,bounded,ccmar,0.15,full,0.14735370094892974,0.004715629039946504,0.1381112378661834,0.1565961640316761,1
650,5000,5,bounded,ccmar,0.15,cc,0.14121026471407763,0.006487654743128703,0.1284946950734149,0.15392583435474036,1
650,5000,5,bounded,ccmar,0.15,seq,0.14629926848856195,0.005852807112619963,0.13482797733936697,0.15777055963775694,1
651,5000,5,bounded,ccmar,0.15,full,0.148715360160146,0.004645841607616165,0.13960967793134066,0.15782104238895134,1
651,5000,5,bounded,ccmar,0.15,cc,0.1500121758580075,0.006105730685478013,0.13804516361516952,0.16197918810084547,1
651,5000,5,bounded,ccmar,0.15,seq,0.14953830798516438,0.005641483822191529,0.1384812028743036,0.16059541309602515,1
652,5000,5,bounded,ccmar,0.15,full,0.15486193719429997,0.004600994101556862,0.1458441544621673,0.16387971992643263,1
652,5000,5,bounded,ccmar,0.15,cc,0.15097418086391715,0.005872264017411848,0.13946475488207943,0.16248360684575486,1
652,5000,5,bounded,ccmar,0.15,seq,0.14925773619208352,0.005477421717792789,0.13852218689707213,0.1599932854870949,1
653,5000,5,bounded,ccmar,0.15,full,0.14681968812075458,0.004675290155874957,0.13765628779796502,0.15598308844354414,1
653,5000,5,bounded,ccmar,0.15,cc,0.14126531276439486,0.006205592549987588,0.12910257486368912,0.1534280506651006,1
653,5000,5,bounded,ccmar,0.15,seq,0.14481622894139257,0.005698668251686562,0.13364704440824507,0.15598541347454006,1
654,5000,5,bounded,ccmar,0.15,full,0.1535279963337652,0.004695540945846973,0.144324905191972,0.16273108747555842,1
654,5000,5,bounded,ccmar,0.15,cc,0.15718661700981207,0.0061141437820772995,0.14520311540064104,0.1691701186189831,1
654,5000,5,bounded,ccmar,0.15,seq,0.15422836418839617,0.005627680800892357,0.1431983125021596,0.16525841587463272,1
655,5000,5,bounded,ccmar,0.15,full,0.15012682008917883,0.004687205356891775,0.14094006640152773,0.15931357377682992,1
655,5000,5,bounded,ccmar,0.15,cc,0.14832718714911194,0.006354549937798712,0.13587249813306523,0.16078187616515865,1
655,5000,5,bounded,ccmar,0.15,seq,0.149972620165925,0.005779875719127916,0.13864427192131673,0.16130096841053326,1
656,5000,5,bounded,ccmar,0.15,full,0.14398844228228885,0.0047157908611957155,0.13474566203572214,0.15323122252885557,1
656,5000,5,bounded,ccmar,0.15,cc,0.14796220835858068,0.006669046273765997,0.13489111785076827,0.1610332988663931,1
656,5000,5,bounded,ccmar,0.15,seq,0.14679333256141652,0.006024766324848018,0.13498500754944467,0.15860165757338837,1
657,5000,5,bounded,ccmar,0.15,full,0.14585424308218695,0.0047015594271907855,0.13663935593371823,0.15506913023065566,1
657,5000,5,bounded,ccmar,0.15,cc,0.14758855134128288,0.00626386946126966,0.13531159279333405,0.1598655098892317,1
657,5000,5,bounded,ccmar,0.15,seq,0.14743894885435205,0.005746748683703021,0.13617552840609115,0.15870236930261294,1
658,5000,5,bounded,ccmar,0.15,full,0.14425891915528005,0.0046073164239043545,0.13522874489904763,0.15328909341151248,1
658,5000,5,bounded,ccmar,0.15,cc,0.13950239893221436,0.006236677898439265,0.12727873486809646,0.15172606299633226,1
658,5000,5,bounded,ccmar,0.15,seq,0.14019507746371254,0.005624862875711295,0.129170548809342,0.15121960611808308,1
659,5000,5,bounded,ccmar,0.15,full,0.14241343568609882,0.00460121858904362,0.13339521296657714,0.1514316584056205,1
659,5000,5,bounded,ccmar,0.15,cc,0.1394542018012185,0.006278050673717468,0.12714944858761484,0.15175895501482217,1
659,5000,5,bounded,ccmar,0.15,seq,0.14163268900103382,0.0057851821713507745,0.13029394030118308,0.15297143770088456,1
660,5000,5,bounded,ccmar,0.15,full,0.1436783694736647,0.004589238576672645,0.13468362714692445,0.15267311180040494,1
660,5000,5,bounded,ccmar,0.15,cc,0.1479575281879242,0.005965387610394676,0.1362655833177292,0.15964947305811922,1
660,5000,5,bounded,ccmar,0.15,seq,0.1459290545346871,0.005430824140212495,0.1352848348134999,0.1565732742558743,1
661,5000,5,bounded,ccmar,0.15,full,0.14470995096575878,0.004728652655447654,0.13544196206568168,0.15397793986583588,1
661,5000,5,bounded,ccmar,0.15,cc,0.14330043959054156,0.005989956507250347,0.13156034056736954,0.15504053861371359,1
661,5000,5,bounded,ccmar,0.15,seq,0.14217396706624028,0.005612992441893674,0.13117270403463313,0.15317523009784742,1
662,5000,5,bounded,ccmar,0.15,full,0.15169856398294204,0.004684921588855207,0.14251628639839167,0.1608808415674924,1
662,5000,5,bounded,ccmar,0.15,cc,0.15147008619461177,0.006259539430704283,0.13920161435062303,0.16373855803860052,1
662,5000,5,bounded,ccmar,0.15,seq,0.15179960118584465,0.005769868634608304,0.14049086646648506,0.16310833590520424,1
663,5000,5,bounded,ccmar,0.15,full,0.14548139283487693,0.004605615828131184,0.1364545516851122,0.15450823398464167,1
663,5000,5,bounded,ccmar,0.15,cc,0.15057414907818475,0.006378424457819751,0.13807266686274863,0.16307563129362088,1
663,5000,5,bounded,ccmar,0.15,seq,0.14653903061360152,0.005976785312845291,0.1348247466570968,0.15825331457010625,1
664,5000,5,bounded,ccmar,0.15,full,0.15023333055516036,0.004649116676966356,0.14112122930838178,0.15934543180193894,1
664,5000,5,bounded,ccmar,0.15,cc,0.1532221127281656,0.00620756888690531,0.14105550127827982,0.1653887241780514,1
664,5000,5,bounded,ccmar,0.15,seq,0.15172223733536697,0.0055862621804629205,0.14077336465346146,0.16267111001727247,1
665,5000,5,bounded,ccmar,0.15,full,0.14897866756660977,0.004651882197868212,0.13986114599846505,0.15809618913475448,1
665,5000,5,bounded,ccmar,0.15,cc,0.14816475230957138,0.0060882080616145124,0.13623208377842053,0.16009742084072223,1
665,5000,5,bounded,ccmar,0.15,seq,0.14796663915742161,0.0055432435732890506,0.13710208139624197,0.15883119691860126,1
666,5000,5,bounded,ccmar,0.15,full,0.15278147672118444,0.004679415343145744,0.14360999117991466,0.16195296226245423,1
666,5000,5,bounded,ccmar,0.15,cc,0.149287306122285,0.006411113091234321,0.13672175536265246,0.16185285688191753,1
666,5000,5,bounded,ccmar,0.15,seq,0.15365376926615998,0.00588709612471899,0.14211527288818543,0.16519226564413453,1
667,5000,5,bounded,ccmar,0.15,full,0.15555078873602238,0.004653594408733798,0.14642991129624716,0.1646716661757976,1
667,5000,5,bounded,ccmar,0.15,cc,0.15813008411713866,0.0062083709099304656,0.1459619007310088,0.17029826750326854,1
667,5000,5,bounded,ccmar,0.15,seq,0.1562337295116321,0.0056663116289613616,0.14512796279368737,0.16733949622957686,1
668,5000,5,bounded,ccmar,0.15,full,0.14585117634220657,0.004754770287662352,0.1365319978236272,0.15517035486078593,1
668,5000,5,bounded,ccmar,0.15,cc,0.14806775559262259,0.006199969645773055,0.13591603838166583,0.16021947280357934,1
668,5000,5,bounded,ccmar,0.15,seq,0.14817281789917155,0.005686375286345527,0.1370277271353557,0.15931790866298742,1
669,5000,5,bounded,ccmar,0.15,full,0.1462243348786421,0.00468732128723903,0.13703735397168565,0.15541131578559852,1
669,5000,5,bounded,ccmar,0.15,cc,0.14999161122612464,0.005973441604004862,0.13828388081852194,0.16169934163372734,1
669,5000,5,bounded,ccmar,0.15,seq,0.1503032443350876,0.005418808623214907,0.1396825745944713,0.1609239140757039,1
670,5000,5,bounded,ccmar,0.15,full,0.14405909878809864,0.004663103174400993,0.1349195845100783,0.15319861306611898,1
670,5000,5,bounded,ccmar,0.15,cc,0.14452815052397458,0.005811836988035274,0.1331371593434077,0.15591914170454146,1
670,5000,5,bounded,ccmar,0.15,seq,0.14731639370872873,0.005268016643043414,0.13699127081840604,0.15764151659905143,1
671,5000,5,bounded,ccmar,0.15,full,0.1493744055141354,0.00463612096349208,0.14028777539771978,0.158461035630551,1
671,5000,5,bounded,ccmar,0.15,cc,0.14611935620836197,0.006407504130018684,0.1335608788827337,0.15867783353399023,1
671,5000,5,bounded,ccmar,0.15,seq,0.1411044937731071,0.005913786368280062,0.12951368547901426,0.15269530206719995,1
672,5000,5,bounded,ccmar,0.15,full,0.1511367597277663,0.004646646319400354,0.142029500292846,0.1602440191626866,1
672,5000,5,bounded,ccmar,0.15,cc,0.1506368818196343,0.006163831908514438,0.13855599327218723,0.16271777036708138,1
672,5000,5,bounded,ccmar,0.15,seq,0.14998031734079642,0.00566308432037377,0.13888087603145033,0.1610797586501425,1
673,5000,5,bounded,ccmar,0.15,full,0.14991167124606028,0.0046649239632184395,0.14076858828753427,0.15905475420458628,1
673,5000,5,bounded,ccmar,0.15,cc,0.1469238669492285,0.005976775384914626,0.1352096024511103,0.15863813144734668,1
673,5000,5,bounded,ccmar,0.15,seq,0.14418809968935148,0.005566723516817267,0.13327752208449747,0.15509867729420548,1
674,5000,5,bounded,ccmar,0.15,full,0.13924706687771282,0.004636021393484566,0.13016063191492588,0.14833350184049976,0
674,5000,5,bounded,ccmar,0.15,cc,0.13785020868733147,0.005961333413686116,0.12616620989667146,0.14953420747799148,0
674,5000,5,bounded,ccmar,0.15,seq,0.13798521758210408,0.005485294012477332,0.1272342388730353,0.14873619629117285,0
675,5000,5,bounded,ccmar,0.15,full,0.14809432392862895,0.004594311167428808,0.1390896395066983,0.1570990083505596,1
675,5000,5,bounded,ccmar,0.15,cc,0.1474053200484418,0.006135132318057358,0.13538068166466166,0.15942995843222196,1
675,5000,5,bounded,ccmar,0.15,seq,0.14655044105662104,0.005632405388671794,0.13551112934849502,0.15758975276474707,1
676,5000,5,bounded,ccmar,0.15,full,0.15403305725123626,0.004766332796426672,0.1446912166319079,0.1633748978705646,1
676,5000,5,bounded,ccmar,0.15,cc,0.1532531080732012,0.0064302707587863125,0.14065000897513896,0.16585620717126343,1
676,5000,5,bounded,ccmar,0.15,seq,0.15163406953849148,0.006062513970913716,0.1397517604997297,0.16351637857725326,1
677,5000,5,bounded,ccmar,0.15,full,0.14531068686922619,0.0047593186711146415,0.13598259368289245,0.15463878005555992,1
677,5000,5,bounded,ccmar,0.15,cc,0.14958654309281375,0.0061075733199156355,0.13761591935284137,0.16155716683278612,1
677,5000,5,bounded,ccmar,0.15,seq,0.14973057521520472,0.005597427472087465,0.1387598189638382,0.16070133146657123,1
678,5000,5,bounded,ccmar,0.15,full,0.1424885368068885,0.0046927582899456526,0.13329089957044324,0.15168617404333376,1
678,5000,5,bounded,ccmar,0.15,cc,0.1440580806706887,0.00622888652889337,0.13184968741027098,0.15626647393110643,1
678,5000,5,bounded,ccmar,0.15,seq,0.1455450705974047,0.005628287169583505,0.13451383045037216,0.15657631074443726,1
679,5000,5,bounded,ccmar,0.15,full,0.14508069528364986,0.004690469893249208,0.13588754322231197,0.15427384734498775,1
679,5000,5,bounded,ccmar,0.15,cc,0.13848052802676927,0.006198824028565488,0.12633105618427942,0.15062999986925912,1
679,5000,5,bounded,ccmar,0.15,seq,0.14095368066671546,0.0056823700155271785,0.12981644008945187,0.15209092124397905,1
680,5000,5,bounded,ccmar,0.15,full,0.15905399086970037,0.004632652207149714,0.14997415939078695,0.1681338223486138,1
680,5000,5,bounded,ccmar,0.15,cc,0.15531571217303086,0.0060671046912516464,0.14342440548774363,0.1672070188583181,1
680,5000,5,bounded,ccmar,0.15,seq,0.15744302866262677,0.0055640300718763115,0.1465377301128514,0.16834832721240214,1
681,5000,5,bounded,ccmar,0.15,full,0.14886347925836832,0.004656167216845928,0.1397375592073542,0.15798939930938244,1
681,5000,5,bounded,ccmar,0.15,cc,0.15309146846203914,0.0063263749087479546,0.14069200148819527,0.165490935435883,1
681,5000,5,bounded,ccmar,0.15,seq,0.151918259037656,0.005921765707318111,0.14031181152642813,0.16352470654888385,1
682,5000,5,bounded,ccmar,0.15,full,0.15219798523405215,0.004629980951982023,0.1431233893190609,0.1612725811490434,1
682,5000,5,bounded,ccmar,0.15,cc,0.14869009700224045,0.0059365027953959815,0.13705476532914299,0.16032542867533792,1
682,5000,5,bounded,ccmar,0.15,seq,0.1489089807524363,0.005439003539209695,0.13824872970379942,0.15956923180107319,1
683,5000,5,bounded,ccmar,0.15,full,0.1500627317451056,0.004640554003952054,0.14096741302904642,0.15915805046116477,1
683,5000,5,bounded,ccmar,0.15,cc,0.15244007034177456,0.006170045799287013,0.14034700279220938,0.16453313789133975,1
683,5000,5,bounded,ccmar,0.15,seq,0.15251565687983554,0.00562207150072936,0.14149659921989693,0.16353471453977414,1
684,5000,5,bounded,ccmar,0.15,full,0.15089676868554652,0.004587611517560483,0.14190521533606684,0.1598883220350262,1
684,5000,5,bounded,ccmar,0.15,cc,0.14957213116825274,0.0060101737068266525,0.1377924071620429,0.16135185517446257,1
684,5000,5,bounded,ccmar,0.15,seq,0.1504913530234153,0.005414170534168394,0.13987977377028726,0.16110293227654332,1
685,5000,5,bounded,ccmar,0.15,full,0.15080343258247048,0.004666086293093344,0.14165807149925153,0.15994879366568943,1
685,5000,5,bounded,ccmar,0.15,cc,0.1546337977171608,0.006090672929803926,0.14269629813313203,0.16657129730118955,1
685,5000,5,bounded,ccmar,0.15,seq,0.15402920478590776,0.005630864951704187,0.14299291227875868,0.16506549729305683,1
686,5000,5,bounded,ccmar,0.15,full,0.14331864781873052,0.004622706085097332,0.1342583103808256,0.15237898525663543,1
686,5000,5,bounded,ccmar,0.15,cc,0.1389013727355876,0.006126293615502262,0.1268940578904855,0.15090868758068973,1
686,5000,5,bounded,ccmar,0.15,seq,0.14238267977423089,0.00556268612485587,0.1314800153122127,0.15328534423624907,1
687,5000,5,bounded,ccmar,0.15,full,0.1463407559324405,0.00473828183788826,0.13705389418157926,0.15562761768330174,1
687,5000,5,bounded,ccmar,0.15,cc,0.14606743245359866,0.0063870484151663555,0.13354904759235897,0.15858581731483834,1
687,5000,5,bounded,ccmar,0.15,seq,0.14562502930231752,0.005915422865073201,0.13403101353344932,0.15721904507118573,1
688,5000,5,bounded,ccmar,0.15,full,0.15444024578212867,0.004759903043161524,0.1451110072476295,0.16376948431662786,1
688,5000,5,bounded,ccmar,0.15,cc,0.1554580068398497,0.006516153274939505,0.14268658110322555,0.16822943257647385,1
688,5000,5,bounded,ccmar,0.15,seq,0.15200691202089892,0.006031945251982078,0.14018451657029665,0.16382930747150118,1
689,5000,5,bounded,ccmar,0.15,full,0.1444721678088539,0.004772778961922071,0.13511769293731618,0.15382664268039165,1
689,5000,5,bounded,ccmar,0.15,cc,0.1482395813982951,0.006424358810295498,0.13564806950635333,0.16083109329023687,1
689,5000,5,bounded,ccmar,0.15,seq,0.14615240968292445,0.005823169497151027,0.1347392071926362,0.1575656121732127,1
690,5000,5,bounded,ccmar,0.15,full,0.15243382730364188,0.00472973184728169,0.14316372322643767,0.1617039313808461,1
690,5000,5,bounded,ccmar,0.15,cc,0.15960170774237323,0.006236963119633636,0.14737748465498673,0.17182593082975972,1
690,5000,5,bounded,ccmar,0.15,seq,0.15521947898937483,0.005751378320735868,0.14394698461926808,0.16649197335948157,1
691,5000,5,bounded,ccmar,0.15,full,0.1527994349340081,0.00472690104596415,0.14353487912543367,0.16206399074258254,1
691,5000,5,bounded,ccmar,0.15,cc,0.15604237637851462,0.006112901147297978,0.14406131028875702,0.16802344246827222,1
691,5000,5,bounded,ccmar,0.15,seq,0.15442439724074053,0.005634585619396599,0.1433808123589159,0.16546798212256517,1
692,5000,5,bounded,ccmar,0.15,full,0.1498315914234992,0.004609240458946276,0.14079764612787962,0.15886553671911877,1
692,5000,5,bounded,ccmar,0.15,cc,0.1424021311500053,0.0061157936260688205,0.1304153959060308,0.1543888663939798,1
692,5000,5,bounded,ccmar,0.15,seq,0.14331193329774275,0.005617121315011961,0.13230257782352703,0.15432128877195847,1
693,5000,5,bounded,ccmar,0.15,full,0.144807920729787,0.004728201697683321,0.13554081569068654,0.15407502576888743,1
693,5000,5,bounded,ccmar,0.15,cc,0.13916197713552414,0.007642074533984707,0.1241837862817434,0.15414016798930488,1
693,5000,5,bounded,ccmar,0.15,seq,0.13872422098541373,0.007337602952795581,0.12434278346507964,0.1531056585057478,1
694,5000,5,bounded,ccmar,0.15,full,0.15118584072345023,0.004718569968727049,0.14193761352621292,0.16043406792068754,1
694,5000,5,bounded,ccmar,0.15,cc,0.14772840244292967,0.006968654694063115,0.13407009022186997,0.16138671466398938,1
694,5000,5,bounded,ccmar,0.15,seq,0.14779111963269137,0.006416802614467836,0.13521441761243194,0.1603678216529508,1
695,5000,5,bounded,ccmar,0.15,full,0.1466269924451772,0.004748132159662316,0.13732082441840268,0.15593316047195174,1
695,5000,5,bounded,ccmar,0.15,cc,0.1402467102310381,0.0065931387771740076,0.1273243956827026,0.1531690247793736,1
695,5000,5,bounded,ccmar,0.15,seq,0.13941551264830943,0.006222803791106542,0.1272190413348813,0.15161198396173756,1
696,5000,5,bounded,ccmar,0.15,full,0.15096010971119334,0.004663768849211686,0.14181929073451863,0.16010092868786804,1
696,5000,5,bounded,ccmar,0.15,cc,0.14742760088912688,0.006339662631515925,0.13500209045722122,0.15985311132103253,1
696,5000,5,bounded,ccmar,0.15,seq,0.1441753430941147,0.005876394064850736,0.13265782236804233,0.15569286382018707,1
697,5000,5,bounded,ccmar,0.15,full,0.1626357278084289,0.004641201645032534,0.15353913973917707,0.1717323158776807,0
697,5000,5,bounded,ccmar,0.15,cc,0.1621110859246634,0.006023650858905327,0.15030494718576518,0.1739172246635616,0
697,5000,5,bounded,ccmar,0.15,seq,0.1604864261702555,0.005606043605205698,0.14949878260829125,0.17147406973221974,1
698,5000,5,bounded,ccmar,0.15,full,0.15630529828769824,0.004617050371723472,0.14725604584431295,0.16535455073108352,1
698,5000,5,bounded,ccmar,0.15,cc,0.1551640518600343,0.0061832980454775205,0.14304501038522144,0.16728309333484714,1
698,5000,5,bounded,ccmar,0.15,seq,0.1561438901276791,0.00559524547069205,0.14517741052046182,0.16711036973489637,1
699,5000,5,bounded,ccmar,0.15,full,0.14776044703175242,0.004685391373585201,0.13857724868605079,0.15694364537745406,1
699,5000,5,bounded,ccmar,0.15,cc,0.14756067411208287,0.006106274755675826,0.13559259551125213,0.1595287527129136,1
699,5000,5,bounded,ccmar,0.15,seq,0.15250055652050842,0.005393010044822928,0.14193045106439275,0.1630706619766241,1
700,5000,5,bounded,ccmar,0.15,full,0.145305852020646,0.004696481718036177,0.1361009169992443,0.1545107870420477,1
700,5000,5,bounded,ccmar,0.15,cc,0.14532912595505598,0.005901684793806431,0.13376203631108768,0.15689621559902428,1
700,5000,5,bounded,ccmar,0.15,seq,0.1441446722782243,0.005413755935507406,0.13353390562353984,0.15475543893290877,1
701,5000,5,bounded,ccmar,0.15,full,0.1511466830035016,0.00467886311154217,0.1419762798162859,0.16031708619071727,1
701,5000,5,bounded,ccmar,0.15,cc,0.1527523058984528,0.0061991764746596656,0.14060214327431186,0.16490246852259371,1
701,5000,5,bounded,ccmar,0.15,seq,0.15201185077342724,0.005644640274336493,0.14094855913004342,0.16307514241681106,1
702,5000,5,bounded,ccmar,0.15,full,0.14377991270348517,0.004686206494716807,0.13459511674972255,0.1529647086572478,1
702,5000,5,bounded,ccmar,0.15,cc,0.14578256680488902,0.005960598683390938,0.1341000080591459,0.15746512555063213,1
702,5000,5,bounded,ccmar,0.15,seq,0.1431345404745,0.005506672381605788,0.13234166093189126,0.15392742001710874,1
703,5000,5,bounded,ccmar,0.15,full,0.14958715942991976,0.004596792951096754,0.14057761080138254,0.158596708058457,1
703,5000,5,bounded,ccmar,0.15,cc,0.1480403977841627,0.006400941631200113,0.13549478271986742,0.16058601284845797,1
703,5000,5,bounded,ccmar,0.15,seq,0.15196900067979327,0.005772454109363012,0.14065519852303154,0.163282802836555,1
704,5000,5,bounded,ccmar,0.15,full,0.1427362995094136,0.004634334087423194,0.13365317160573784,0.15181942741308938,1
704,5000,5,bounded,ccmar,0.15,cc,0.13952103126426854,0.006009571738120669,0.12774248709504227,0.15129957543349482,1
704,5000,5,bounded,ccmar,0.15,seq,0.14178612826955386,0.005506070762951825,0.1309944278778393,0.15257782866126843,1
705,5000,5,bounded,ccmar,0.15,full,0.14271205137264775,0.0046449335767302855,0.13360814885167557,0.15181595389361993,1
705,5000,5,bounded,ccmar,0.15,cc,0.14817185816923106,0.005850943451464665,0.13670421972877983,0.1596394966096823,1
705,5000,5,bounded,ccmar,0.15,seq,0.14508589063206254,0.005316204899221437,0.13466632049515315,0.15550546076897193,1
706,5000,5,bounded,ccmar,0.15,full,0.15539563750552302,0.00482288791595925,0.14594295088876943,0.1648483241222766,1
706,5000,5,bounded,ccmar,0.15,cc,0.1585782783009712,0.0062626022535141775,0.14630380343458405,0.17085275316735837,1
706,5000,5,bounded,ccmar,0.15,seq,0.15780756987887312,0.0057621709221536786,0.14651392239868796,0.16910121735905828,1
707,5000,5,bounded,ccmar,0.15,full,0.14961001376082164,0.004727766440688721,0.14034376180975464,0.15887626571188865,1
707,5000,5,bounded,ccmar,0.15,cc,0.15178245579115088,0.005995568468276375,0.1400313575264852,0.16353355405581654,1
707,5000,5,bounded,ccmar,0.15,seq,0.1520936644420005,0.005419856949208525,0.14147094002019267,0.16271638886380835,1
708,5000,5,bounded,ccmar,0.15,full,0.14845206135227876,0.004621748465405282,0.13939360081448116,0.15751052189007636,1
708,5000,5,bounded,ccmar,0.15,cc,0.14847454268938529,0.00622883763757475,0.13626624525419123,0.16068284012457934,1
708,5000,5,bounded,ccmar,0.15,seq,0.14799901546465094,0.005714918928295165,0.13679798019062617,0.1592000507386757,1
709,5000,5,bounded,ccmar,0.15,full,0.14658019986462037,0.004664207817783691,0.13743852052535419,0.15572187920388655,1
709,5000,5,bounded,ccmar,0.15,cc,0.1500941574354328,0.006091889234290324,0.13815427393841648,0.16203404093244914,1
709,5000,5,bounded,ccmar,0.15,seq,0.15147164810868557,0.00569020989433512,0.14031904165131528,0.16262425456605586,1
710,5000,5,bounded,ccmar,0.15,full,0.15513499165504796,0.004645258771349938,0.1460304517643333,0.16423953154576262,1
710,5000,5,bounded,ccmar,0.15,cc,0.15745194800199636,0.006131255798597079,0.1454349074567437,0.169468988547249,1
710,5000,5,bounded,ccmar,0.15,seq,0.15701261004571684,0.005716066952813853,0.1458093246849821,0.1682158954064516,1
711,5000,5,bounded,ccmar,0.15,full,0.15166671098817136,0.004627068565689928,0.1425978232454217,0.16073559873092103,1
711,5000,5,bounded,ccmar,0.15,cc,0.155888823849706,0.005939053620560412,0.14424849265115539,0.16752915504825663,1
711,5000,5,bounded,ccmar,0.15,seq,0.15521555961149017,0.0053737623540780185,0.14468317893602006,0.16574794028696027,1
712,5000,5,bounded,ccmar,0.15,full,0.15467732551265612,0.00463252947183272,0.14559773459054362,0.1637569164347686,1
712,5000,5,bounded,ccmar,0.15,cc,0.15061616519219778,0.006226869120089552,0.13841172598037765,0.1628206044040179,1
712,5000,5,bounded,ccmar,0.15,seq,0.15438679884832576,0.005658755472049331,0.14329584192579012,0.1654777557708614,1
713,5000,5,bounded,ccmar,0.15,full,0.15069403769589215,0.004789869179799997,0.14130606661282574,0.16008200877895856,1
713,5000,5,bounded,ccmar,0.15,cc,0.15374601383002443,0.006146766019226202,0.14169857381094644,0.1657934538491024,1
713,5000,5,bounded,ccmar,0.15,seq,0.1520768626327063,0.005752609168315691,0.14080195584567265,0.16335176941973997,1
714,5000,5,bounded,ccmar,0.15,full,0.14866587038431978,0.004775787136852276,0.13930549959825966,0.1580262411703799,1
714,5000,5,bounded,ccmar,0.15,cc,0.1490795270814548,0.006198804412506973,0.13693009368573317,0.16122896047717644,1
714,5000,5,bounded,ccmar,0.15,seq,0.1465921194876306,0.005644641650772976,0.13552882514648085,0.15765541382878034,1
715,5000,5,bounded,ccmar,0.15,full,0.15360399639382694,0.00463493303610667,0.144519694572303,0.16268829821535088,1
715,5000,5,bounded,ccmar,0.15,cc,0.15054218159474664,0.0061837629933914106,0.13842222883876787,0.1626621343507254,1
715,5000,5,bounded,ccmar,0.15,seq,0.15293127745934643,0.005633785495019505,0.14188926079248404,0.1639732941262088,1
716,5000,5,bounded,ccmar,0.15,full,0.14864308961448877,0.004601307464407698,0.13962469270245437,0.15766148652652318,1
716,5000,5,bounded,ccmar,0.15,cc,0.14431704387140043,0.005871439896655541,0.13280923313656398,0.15582485460623688,1
716,5000,5,bounded,ccmar,0.15,seq,0.1461050088564005,0.0053885237848638615,0.13554369630822985,0.15666632140457112,1
717,5000,5,bounded,ccmar,0.15,full,0.14999045575707834,0.004678204120116096,0.1408213441693239,0.15915956734483278,1
717,5000,5,bounded,ccmar,0.15,cc,0.14824824629140188,0.006123073934120887,0.13624724190584897,0.16024925067695478,1
717,5000,5,bounded,ccmar,0.15,seq,0.14905953015120635,0.005562217876470997,0.13815778343915833,0.15996127686325437,1
718,5000,5,bounded,ccmar,0.15,full,0.15506050398252333,0.004779964238779116,0.14569194622712683,0.16442906173791982,1
718,5000,5,bounded,ccmar,0.15,cc,0.16164075815326456,0.0062565970577789405,0.14937805325423859,0.17390346305229054,1
718,5000,5,bounded,ccmar,0.15,seq,0.15762990702147678,0.00591340283551306,0.14603985043779416,0.1692199636051594,1
719,5000,5,bounded,ccmar,0.15,full,0.1567914916662348,0.004612815128655664,0.1477505401467282,0.1658324431857414,1
719,5000,5,bounded,ccmar,0.15,cc,0.15836546799684262,0.0062938373792169626,0.1460297734090254,0.17070116258465984,1
719,5000,5,bounded,ccmar,0.15,seq,0.1585425078005,0.005839454919140102,0.14709738646964016,0.16998762913135984,1
720,5000,5,bounded,ccmar,0.15,full,0.15112297430058105,0.004651798424043023,0.14200561692611655,0.16024033167504556,1
720,5000,5,bounded,ccmar,0.15,cc,0.1588509038899719,0.0058140205414480405,0.14745563302335768,0.1702461747565861,1
720,5000,5,bounded,ccmar,0.15,seq,0.15446383594388033,0.005273923208553278,0.144127136397886,0.16480053548987467,1
721,5000,5,bounded,ccmar,0.15,full,0.15423427840200718,0.004595304076836243,0.14522764791339807,0.1632409088906163,1
721,5000,5,bounded,ccmar,0.15,cc,0.15806827533625842,0.005762156315832427,0.14677465648393687,0.16936189418857997,1
721,5000,5,bounded,ccmar,0.15,seq,0.15845722448103766,0.005256873777617692,0.14815394120563397,0.16876050775644136,1
722,5000,5,bounded,ccmar,0.15,full,0.15663397465022963,0.0046576251709797055,0.14750519706162218,0.16576275223883707,1
722,5000,5,bounded,ccmar,0.15,cc,0.1498390800770224,0.006349865329465616,0.13739357272459024,0.16228458742945456,1
722,5000,5,bounded,ccmar,0.15,seq,0.1567870342695379,0.005724415730471647,0.14556738560527893,0.1680066829337969,1
723,5000,5,bounded,ccmar,0.15,full,0.14426765375347766,0.00466866306682108,0.13511724228655603,0.1534180652203993,1
723,5000,5,bounded,ccmar,0.15,cc,0.14570061674370569,0.006163979210042082,0.13361943949056956,0.1577817939968418,1
723,5000,5,bounded,ccmar,0.15,seq,0.1424955658039516,0.0056630503901303544,0.13139619099666058,0.1535949406112426,1
724,5000,5,bounded,ccmar,0.15,full,0.15492050383751765,0.004632865901367327,0.145840253525634,0.1640007541494013,1
724,5000,5,bounded,ccmar,0.15,cc,0.14932587212254986,0.006237750207631952,0.13710010637103398,0.16155163787406573,1
724,5000,5,bounded,ccmar,0.15,seq,0.15075471770613635,0.00573776402732742,0.13950890686078513,0.16200052855148758,1
725,5000,5,bounded,ccmar,0.15,full,0.15421930115477203,0.004748139951935989,0.14491311785542174,0.16352548445412232,1
725,5000,5,bounded,ccmar,0.15,cc,0.15527721416472492,0.006147799173169082,0.1432277492011284,0.16732667912832144,1
725,5000,5,bounded,ccmar,0.15,seq,0.15231324188166753,0.005679796046623859,0.14118104619075178,0.16344543757258329,1
726,5000,5,bounded,ccmar,0.15,full,0.1606751753183166,0.004737453617819257,0.15138993684896188,0.16996041378767132,0
726,5000,5,bounded,ccmar,0.15,cc,0.16358409093650955,0.006253374504857282,0.1513277021251483,0.17584047974787081,0
726,5000,5,bounded,ccmar,0.15,seq,0.16231297658472596,0.005726644695915,0.15108895922847523,0.17353699394097669,0
727,5000,5,bounded,ccmar,0.15,full,0.1447982050750095,0.004640195862849796,0.13570358830261214,0.15389282184740688,1
727,5000,5,bounded,ccmar,0.15,cc,0.14282117949409043,0.006399640730649083,0.13027811414802262,0.15536424484015823,1
727,5000,5,bounded,ccmar,0.15,seq,0.1447500063007911,0.005731355041171674,0.13351675683748254,0.15598325576409966,1
728,5000,5,bounded,ccmar,0.15,full,0.1466271675845721,0.004660469792814009,0.1374928146396198,0.15576152052952438,1
728,5000,5,bounded,ccmar,0.15,cc,0.14976373301637516,0.00609982401525572,0.13780829763444144,0.16171916839830888,1
728,5000,5,bounded,ccmar,0.15,seq,0.14766999432126013,0.00560231544087998,0.13668965782710274,0.15865033081541752,1
729,5000,5,bounded,ccmar,0.15,full,0.1478404348409937,0.004547307378621387,0.13892787615226254,0.15675299352972488,1
729,5000,5,bounded,ccmar,0.15,cc,0.15125312871841648,0.006251664634826531,0.13900009119073373,0.16350616624609923,1
729,5000,5,bounded,ccmar,0.15,seq,0.15047355406751234,0.005608893366494251,0.13948032507605798,0.1614667830589667,1
730,5000,5,bounded,ccmar,0.15,full,0.14793887562559563,0.004646420097924364,0.13883205957662081,0.15704569167457044,1
730,5000,5,bounded,ccmar,0.15,cc,0.14891508312025722,0.006141344246445117,0.1368782695805625,0.16095189665995194,1
730,5000,5,bounded,ccmar,0.15,seq,0.14721784861141513,0.005642805763956623,0.13615815254230512,0.15827754468052513,1
731,5000,5,bounded,ccmar,0.15,full,0.14754344894483434,0.004693782706351096,0.13834380388912926,0.15674309400053943,1
731,5000,5,bounded,ccmar,0.15,cc,0.15186297566536122,0.006055859390165645,0.13999370936519787,0.16373224196552458,1
731,5000,5,bounded,ccmar,0.15,seq,0.14965394998841722,0.005512348194245086,0.13884994605745243,0.160457953919382,1
732,5000,5,bounded,ccmar,0.15,full,0.147262399054047,0.004614384553356924,0.1382183715186495,0.15630642658944452,1
732,5000,5,bounded,ccmar,0.15,cc,0.1461013342259481,0.005702762438160961,0.13492412523476477,0.15727854321713142,1
732,5000,5,bounded,ccmar,0.15,seq,0.1457542665117656,0.005325791261183881,0.13531590745066704,0.15619262557286415,1
733,5000,5,bounded,ccmar,0.15,full,0.15701818398079148,0.004607926385189695,0.14798681422240784,0.16604955373917513,1
733,5000,5,bounded,ccmar,0.15,cc,0.15766047309368145,0.0058700193277010865,0.1461554466228333,0.1691654995645296,1
733,5000,5,bounded,ccmar,0.15,seq,0.15734491765565795,0.005346156049427128,0.14686664434304983,0.16782319096826606,1
734,5000,5,bounded,ccmar,0.15,full,0.14630645913988613,0.004688577355670136,0.1371170163840426,0.15549590189572965,1
734,5000,5,bounded,ccmar,0.15,cc,0.1523909736494605,0.005705684409864633,0.14120803769897414,0.16357390959994686,1
734,5000,5,bounded,ccmar,0.15,seq,0.14960126433226423,0.005209948849567195,0.13938995222581663,0.15981257643871183,1
735,5000,5,bounded,ccmar,0.15,full,0.15631288406220337,0.004689349857418843,0.1471219272307544,0.16550384089365233,1
735,5000,5,bounded,ccmar,0.15,cc,0.15481407762939156,0.00609395063739461,0.14287015385653323,0.1667580014022499,1
735,5000,5,bounded,ccmar,0.15,seq,0.15912937585674025,0.005439579333835409,0.14846799627137447,0.16979075544210603,1
736,5000,5,bounded,ccmar,0.15,full,0.1463719712805571,0.004651862284926115,0.13725448874106172,0.15548945382005247,1
736,5000,5,bounded,ccmar,0.15,cc,0.14710097403322606,0.0065812332388275,0.13420199391126628,0.15999995415518584,1
736,5000,5,bounded,ccmar,0.15,seq,0.14443751778799568,0.0061389382987016876,0.1324054198192268,0.15646961575676457,1
737,5000,5,bounded,ccmar,0.15,full,0.14471411461244219,0.004708363529075578,0.13548589166933214,0.15394233755555223,1
737,5000,5,bounded,ccmar,0.15,cc,0.14670357222244038,0.006166939496803161,0.13461659291386863,0.15879055153101213,1
737,5000,5,bounded,ccmar,0.15,seq,0.14475692253766487,0.005593412871270164,0.13379403475931256,0.15571981031601717,1
738,5000,5,bounded,ccmar,0.15,full,0.14733835796899544,0.004741691646990716,0.13804481311509922,0.15663190282289166,1
738,5000,5,bounded,ccmar,0.15,cc,0.1414461791169013,0.006182335394358225,0.12932902440361194,0.15356333383019066,1
738,5000,5,bounded,ccmar,0.15,seq,0.14240696464226166,0.005798102859336855,0.1310428918593027,0.1537710374252206,1
739,5000,5,bounded,ccmar,0.15,full,0.15197453942455688,0.004627961819908738,0.14290390093570932,0.16104517791340445,1
739,5000,5,bounded,ccmar,0.15,cc,0.15247623001871982,0.005933499475257893,0.14084678474492704,0.1641056752925126,1
739,5000,5,bounded,ccmar,0.15,seq,0.15208805873978634,0.00539537001505092,0.1415133278270192,0.16266278965255349,1
740,5000,5,bounded,ccmar,0.15,full,0.14922535194212816,0.004658118435113908,0.14009560757358283,0.1583550963106735,1
740,5000,5,bounded,ccmar,0.15,cc,0.14636335367690237,0.006236311653616777,0.13414040743944605,0.15858629991435869,1
740,5000,5,bounded,ccmar,0.15,seq,0.15098337171337695,0.00565426659340669,0.13990121283131185,0.16206553059544204,1
741,5000,5,bounded,ccmar,0.15,full,0.15302443011292138,0.004720969301226465,0.1437715003103983,0.16227735991544448,1
741,5000,5,bounded,ccmar,0.15,cc,0.1531920785110185,0.006287896218519117,0.14086802838419543,0.16551612863784154,1
741,5000,5,bounded,ccmar,0.15,seq,0.15177528519129377,0.005729365125722851,0.1405459358905972,0.16300463449199035,1
742,5000,5,bounded,ccmar,0.15,full,0.15548753252379546,0.0046374204289254305,0.14639835550193134,0.1645767095456596,1
742,5000,5,bounded,ccmar,0.15,cc,0.14752229918457282,0.0063431125898409345,0.135090026958602,0.15995457141054364,1
742,5000,5,bounded,ccmar,0.15,seq,0.15156982532199362,0.005802628491593665,0.14019688246280404,0.1629427681811832,1
743,5000,5,bounded,ccmar,0.15,full,0.1511808265574145,0.004611800255913656,0.1421418641519311,0.16021978896289787,1
743,5000,5,bounded,ccmar,0.15,cc,0.1453027294036849,0.006464282989676727,0.13263296755804363,0.1579724912493262,1
743,5000,5,bounded,ccmar,0.15,seq,0.14447744637556167,0.005987397491936339,0.132742362930241,0.15621252982088235,1
744,5000,5,bounded,ccmar,0.15,full,0.15228616809701298,0.004585698343140977,0.14329836450049166,0.1612739716935343,1
744,5000,5,bounded,ccmar,0.15,cc,0.14836051269721914,0.005942487081000993,0.13671345203986265,0.16000757335457563,1
744,5000,5,bounded,ccmar,0.15,seq,0.14986729121979978,0.005401586558209817,0.13928037610633287,0.16045420633326668,1
745,5000,5,bounded,ccmar,0.15,full,0.15295069047021428,0.004634557007136194,0.1438671256519296,0.16203425528849896,1
745,5000,5,bounded,ccmar,0.15,cc,0.1564023689282743,0.005941395464111087,0.14475744780070693,0.16804729005584168,1
745,5000,5,bounded,ccmar,0.15,seq,0.15291472375631734,0.005552409471417957,0.14203220116491908,0.1637972463477156,1
746,5000,5,bounded,ccmar,0.15,full,0.1505051677621468,0.0047993807425250135,0.1410985543587027,0.15991178116559093,1
746,5000,5,bounded,ccmar,0.15,cc,0.15450262739404652,0.006527583610790027,0.14170879861082414,0.1672964561772689,1
746,5000,5,bounded,ccmar,0.15,seq,0.15456726460630302,0.005931400321976905,0.142941933597339,0.16619259561526703,1
747,5000,5,bounded,ccmar,0.15,full,0.15740061989061743,0.004660080962919589,0.1482670290382543,0.16653421074298055,1
747,5000,5,bounded,ccmar,0.15,cc,0.15812165083400068,0.006711501788448243,0.14496734904646597,0.1712759526215354,1
747,5000,5,bounded,ccmar,0.15,seq,0.154844968434426,0.006274639842441501,0.14254690032728057,0.16714303654157142,1
748,5000,5,bounded,ccmar,0.15,full,0.14008142206064023,0.0047312068062593336,0.13080842711696117,0.14935441700431928,0
748,5000,5,bounded,ccmar,0.15,cc,0.14420364615184278,0.0059756753882933165,0.13249153760748547,0.1559157546962001,1
748,5000,5,bounded,ccmar,0.15,seq,0.14287915374861418,0.005417780813381115,0.13226049847825508,0.15349780901897328,1
749,5000,5,bounded,ccmar,0.15,full,0.1520433806244322,0.004708257939703725,0.14281536463268815,0.16127139661617626,1
749,5000,5,bounded,ccmar,0.15,cc,0.15421321796416146,0.0062749064499890905,0.14191462731582474,0.16651180861249817,1
749,5000,5,bounded,ccmar,0.15,seq,0.15060302098744666,0.005700346659867643,0.13943054683471287,0.16177549514018044,1
750,5000,5,bounded,ccmar,0.15,full,0.15075561551703115,0.004690878644179587,0.14156166231859107,0.15994956871547122,1
750,5000,5,bounded,ccmar,0.15,cc,0.15278066831380302,0.005992038588323763,0.1410364884867142,0.16452484814089183,1
750,5000,5,bounded,ccmar,0.15,seq,0.1498774239816976,0.005635933568464875,0.13883119716824613,0.16092365079514906,1
751,5000,5,bounded,ccmar,0.15,full,0.14940115371702264,0.004669672713198109,0.1402487633795649,0.15855354405448038,1
751,5000,5,bounded,ccmar,0.15,cc,0.15384507175470905,0.00605164856257887,0.14198405852496088,0.1657060849844572,1
751,5000,5,bounded,ccmar,0.15,seq,0.1474279381942929,0.005589422928952777,0.13647287055918306,0.15838300582940273,1
752,5000,5,bounded,ccmar,0.15,full,0.15052509296431615,0.004637980533728161,0.1414348181572111,0.1596153677714212,1
752,5000,5,bounded,ccmar,0.15,cc,0.14860121615279762,0.0062307433710303535,0.13638918354866644,0.1608132487569288,1
752,5000,5,bounded,ccmar,0.15,seq,0.14901981881408916,0.005684621111810968,0.1378781661691836,0.1601614714589947,1
753,5000,5,bounded,ccmar,0.15,full,0.15513716045962764,0.004709286779375216,0.1459071279791816,0.16436719294007368,1
753,5000,5,bounded,ccmar,0.15,cc,0.15813457262006372,0.0061307146919942325,0.14611859262426447,0.17015055261586298,1
753,5000,5,bounded,ccmar,0.15,seq,0.15414803489831744,0.005685846497689451,0.1430039805412229,0.16529208925541197,1
754,5000,5,bounded,ccmar,0.15,full,0.146887645154566,0.004626514635786548,0.13781984309447692,0.1559554472146551,1
754,5000,5,bounded,ccmar,0.15,cc,0.14673744020208104,0.006082803444180048,0.13481536452645196,0.15865951587771013,1
754,5000,5,bounded,ccmar,0.15,seq,0.14735453744640123,0.005532494147581818,0.13651104817246223,0.15819802672034022,1
755,5000,5,bounded,ccmar,0.15,full,0.15564734832367993,0.004743350002624217,0.1463505531524685,0.16494414349489137,1
755,5000,5,bounded,ccmar,0.15,cc,0.16235919219433503,0.006181103913990757,0.15024445113821358,0.1744739332504565,0
755,5000,5,bounded,ccmar,0.15,seq,0.16011967800696833,0.005678435462421039,0.14899014901208804,0.17124920700184862,1
756,5000,5,bounded,ccmar,0.15,full,0.15134587275588138,0.004586467274446988,0.1423565620816937,0.16033518343006906,1
756,5000,5,bounded,ccmar,0.15,cc,0.15381299269723334,0.006459366449474832,0.14115286709331631,0.16647311830115036,1
756,5000,5,bounded,ccmar,0.15,seq,0.15447098681277266,0.00588405806223702,0.14293844492784555,0.16600352869769977,1
757,5000,5,bounded,ccmar,0.15,full,0.14886635321984035,0.0046435756227791065,0.13976511223970514,0.15796759419997555,1
757,5000,5,bounded,ccmar,0.15,cc,0.1495855396814,0.006094334418498337,0.1376408637114004,0.1615302156513996,1
757,5000,5,bounded,ccmar,0.15,seq,0.1479781147732532,0.005665958480883175,0.1368730402128229,0.1590831893336835,1
758,5000,5,bounded,ccmar,0.15,full,0.1516220918077911,0.004728960368890678,0.14235349980044812,0.16089068381513408,1
758,5000,5,bounded,ccmar,0.15,cc,0.15287397203700606,0.0061978355434515785,0.14072643758973874,0.16502150648427338,1
758,5000,5,bounded,ccmar,0.15,seq,0.15186817152046672,0.005769679272470347,0.14055980794407757,0.16317653509685587,1
759,5000,5,bounded,ccmar,0.15,full,0.14085095643297518,0.004766110383480856,0.13150955173501033,0.15019236113094003,1
759,5000,5,bounded,ccmar,0.15,cc,0.14647774771756966,0.006026694047899519,0.13466564443784468,0.15828985099729465,1
759,5000,5,bounded,ccmar,0.15,seq,0.14686460054000558,0.0054991540408298924,0.13608645667454108,0.15764274440547008,1
760,5000,5,bounded,ccmar,0.15,full,0.15532876132041593,0.004632786803585653,0.1462486660373356,0.16440885660349625,1
760,5000,5,bounded,ccmar,0.15,cc,0.15687344993110433,0.006417356607612405,0.1442956621042339,0.16945123775797477,1
760,5000,5,bounded,ccmar,0.15,seq,0.15555580327146218,0.0058518504640260715,0.14408638711905708,0.16702521942386728,1
761,5000,5,bounded,ccmar,0.15,full,0.1518313708556243,0.004748952485669133,0.14252359501942083,0.16113914669182774,1
761,5000,5,bounded,ccmar,0.15,cc,0.1487328147461864,0.006321970078152381,0.13634198108166787,0.16112364841070495,1
761,5000,5,bounded,ccmar,0.15,seq,0.15073711923134397,0.005647497155393071,0.13966822820398114,0.1618060102587068,1
762,5000,5,bounded,ccmar,0.15,full,0.1557347386027236,0.004639988590603898,0.1466405280764632,0.16482894912898402,1
762,5000,5,bounded,ccmar,0.15,cc,0.15552294261589997,0.006225642927047356,0.14332090669828063,0.1677249785335193,1
762,5000,5,bounded,ccmar,0.15,seq,0.15712043779839194,0.005565200888820031,0.1462128444895744,0.16802803110720949,1
763,5000,5,bounded,ccmar,0.15,full,0.14913812952462926,0.004736714258654558,0.13985434017260898,0.15842191887664955,1
763,5000,5,bounded,ccmar,0.15,cc,0.14695057988910784,0.0062915496110351075,0.13461936924453205,0.15928179053368363,1
763,5000,5,bounded,ccmar,0.15,seq,0.14707033599134414,0.005763554531430427,0.13577397668680788,0.1583666952958804,1
764,5000,5,bounded,ccmar,0.15,full,0.1500276879859938,0.004737482799249763,0.14074239232208627,0.15931298364990135,1
764,5000,5,bounded,ccmar,0.15,cc,0.1545581397297112,0.006089802123881563,0.1426223468939278,0.16649393256549458,1
764,5000,5,bounded,ccmar,0.15,seq,0.1500785453774679,0.005761032724550249,0.13878712872359275,0.16136996203134304,1
765,5000,5,bounded,ccmar,0.15,full,0.15093509788205609,0.0046292896859105315,0.1418618568236687,0.16000833894044347,1
765,5000,5,bounded,ccmar,0.15,cc,0.15985102261226025,0.005974630313059073,0.1481409623777232,0.1715610828467973,1
765,5000,5,bounded,ccmar,0.15,seq,0.15124080794726869,0.005842201338565403,0.1397903037332488,0.16269131216128857,1
766,5000,5,bounded,ccmar,0.15,full,0.15573311231002845,0.004655304824834107,0.14660888251629806,0.16485734210375885,1
766,5000,5,bounded,ccmar,0.15,cc,0.1549592630198896,0.00597505808060483,0.14324836437636912,0.1666701616634101,1
766,5000,5,bounded,ccmar,0.15,seq,0.15450241464433143,0.005418806285950026,0.1438817494846701,0.16512307980399274,1
767,5000,5,bounded,ccmar,0.15,full,0.14715519886672213,0.004691653465338217,0.1379597270467167,0.15635067068672756,1
767,5000,5,bounded,ccmar,0.15,cc,0.1457650283162681,0.0063141833729537045,0.13338945631349722,0.158140600319039,1
767,5000,5,bounded,ccmar,0.15,seq,0.14345357453362234,0.005916536851200864,0.13185737539206463,0.15504977367518005,1
768,5000,5,bounded,ccmar,0.15,full,0.14861565278733588,0.004697998852683064,0.13940774423666658,0.15782356133800518,1
768,5000,5,bounded,ccmar,0.15,cc,0.14890132529783806,0.006615567898094756,0.135935050480293,0.16186760011538312,1
768,5000,5,bounded,ccmar,0.15,seq,0.14939532991034948,0.006167559100886927,0.13730713620008886,0.1614835236206101,1
769,5000,5,bounded,ccmar,0.15,full,0.15546753809727232,0.004766255665132375,0.14612584865250286,0.16480922754204178,1
769,5000,5,bounded,ccmar,0.15,cc,0.1626839688515724,0.0062080260046128944,0.15051646146744305,0.17485147623570177,0
769,5000,5,bounded,ccmar,0.15,seq,0.15897874178989663,0.005949102761531978,0.14731871463696616,0.1706387689428271,1
770,5000,5,bounded,ccmar,0.15,full,0.15140371617598916,0.004698843859806909,0.14219415144179046,0.16061328091018787,1
770,5000,5,bounded,ccmar,0.15,cc,0.1564596512698832,0.0056701611568169,0.14534633961598412,0.1675729629237823,1
770,5000,5,bounded,ccmar,0.15,seq,0.15459110865793446,0.005335715684464284,0.14413329808463898,0.16504891923122994,1
771,5000,5,bounded,ccmar,0.15,full,0.1551098055055153,0.004734233493312544,0.14583087836421949,0.16438873264681114,1
771,5000,5,bounded,ccmar,0.15,cc,0.15419173706177586,0.0062575281997922245,0.14192720715793933,0.1664562669656124,1
771,5000,5,bounded,ccmar,0.15,seq,0.15410168248296827,0.005776657668903688,0.14277964150089995,0.1654237234650366,1
772,5000,5,bounded,ccmar,0.15,full,0.14782574495293052,0.004622523398152007,0.1387657655748589,0.15688572433100215,1
772,5000,5,bounded,ccmar,0.15,cc,0.14950323857201564,0.006093680695402164,0.1375598438757404,0.16144663326829087,1
772,5000,5,bounded,ccmar,0.15,seq,0.14593850422370674,0.005581980631392778,0.13499802322377674,0.15687898522363675,1
773,5000,5,bounded,ccmar,0.15,full,0.1552597936252171,0.004753482251789481,0.14594313961055938,0.16457644763987483,1
773,5000,5,bounded,ccmar,0.15,cc,0.15469657088556174,0.006067880520384166,0.14280374360311662,0.16658939816800686,1
773,5000,5,bounded,ccmar,0.15,seq,0.1537492896178765,0.005624693399744643,0.14272509313029685,0.16477348610545617,1
774,5000,5,bounded,ccmar,0.15,full,0.1445350180193302,0.004656814196653357,0.1354078299111948,0.1536622061274656,1
774,5000,5,bounded,ccmar,0.15,cc,0.1368644038844376,0.006406726090731869,0.12430745148779004,0.14942135628108516,0
774,5000,5,bounded,ccmar,0.15,seq,0.1380033161417105,0.005969844280907292,0.12630263635781977,0.1497039959256012,0
775,5000,5,bounded,ccmar,0.15,full,0.15157833562889308,0.004629162757893854,0.14250534334484702,0.16065132791293915,1
775,5000,5,bounded,ccmar,0.15,cc,0.14905063265354146,0.006137774650429904,0.13702081539347594,0.16108044991360698,1
775,5000,5,bounded,ccmar,0.15,seq,0.15306816173565335,0.005464604284394671,0.14235773414847652,0.16377858932283018,1
776,5000,5,bounded,ccmar,0.15,full,0.15029572331711644,0.004688651139262835,0.14110613594808857,0.1594853106861443,1
776,5000,5,bounded,ccmar,0.15,cc,0.15532873164789857,0.006315633265762179,0.14295031790744162,0.16770714538835552,1
776,5000,5,bounded,ccmar,0.15,seq,0.1544906435656334,0.00573348723392338,0.1432532150813234,0.16572807204994341,1
777,5000,5,bounded,ccmar,0.15,full,0.1550579122131544,0.004679296388762489,0.1458866598181916,0.1642291646081172,1
777,5000,5,bounded,ccmar,0.15,cc,0.1552371682032557,0.005958091481288218,0.1435595234833359,0.1669148129231755,1
777,5000,5,bounded,ccmar,0.15,seq,0.15566101710128896,0.005382182381682171,0.1451121334749659,0.16620990072761202,1
778,5000,5,bounded,ccmar,0.15,full,0.14464610770247097,0.004683750577020665,0.13546612525894178,0.15382609014600016,1
778,5000,5,bounded,ccmar,0.15,cc,0.1417911840034328,0.006192391975236764,0.1296543187538139,0.1539280492530517,1
778,5000,5,bounded,ccmar,0.15,seq,0.1428049786862846,0.005735812698779299,0.1315629923746097,0.15404696499795953,1
779,5000,5,bounded,ccmar,0.15,full,0.15118153888911356,0.00461278184437874,0.142140652605591,0.16022242517263613,1
779,5000,5,bounded,ccmar,0.15,cc,0.15314603591423648,0.0065671443293673646,0.1402746695474,0.16601740228107295,1
779,5000,5,bounded,ccmar,0.15,seq,0.15185739051397046,0.005898353262490068,0.1402968305513956,0.1634179504765453,1
780,5000,5,bounded,ccmar,0.15,full,0.14862218815048883,0.004744501842155316,0.13932313541528046,0.1579212408856972,1
780,5000,5,bounded,ccmar,0.15,cc,0.1498130700406009,0.006208763363829076,0.13764411745896415,0.16198202262223765,1
780,5000,5,bounded,ccmar,0.15,seq,0.14553075645530042,0.005788148096665653,0.13418619464865167,0.15687531826194917,1
781,5000,5,bounded,ccmar,0.15,full,0.1456178133174684,0.00473554824424344,0.13633630931169938,0.15489931732323742,1
781,5000,5,bounded,ccmar,0.15,cc,0.14977379091670892,0.006788356683154853,0.13646885630351363,0.1630787255299042,1
781,5000,5,bounded,ccmar,0.15,seq,0.14769604559307087,0.006534724246203247,0.13488822142161186,0.16050386976452988,1
782,5000,5,bounded,ccmar,0.15,full,0.15962714784601031,0.004668108422612883,0.15047782346176097,0.16877647223025966,0
782,5000,5,bounded,ccmar,0.15,cc,0.156892825748943,0.006515247493686267,0.14412317531095306,0.16966247618693295,1
782,5000,5,bounded,ccmar,0.15,seq,0.16179151937500855,0.0058578103706644555,0.150310422020241,0.1732726167297761,0
783,5000,5,bounded,ccmar,0.15,full,0.1499301839915139,0.004743540456213189,0.14063301553812735,0.15922735244490044,1
783,5000,5,bounded,ccmar,0.15,cc,0.14932380670220824,0.006142863846456173,0.13728401480122096,0.16136359860319552,1
783,5000,5,bounded,ccmar,0.15,seq,0.15368494336454022,0.005579417127234312,0.14274948674043503,0.16462039998864542,1
784,5000,5,bounded,ccmar,0.15,full,0.1532661801811693,0.0046350205175368,0.14418170689919296,0.16235065346314564,1
784,5000,5,bounded,ccmar,0.15,cc,0.1515459282954322,0.00652725586272691,0.13875274188660955,0.16433911470425486,1
784,5000,5,bounded,ccmar,0.15,seq,0.15224413928317432,0.006046029650985175,0.1403941389177821,0.16409413964856653,1
785,5000,5,bounded,ccmar,0.15,full,0.15357357692659043,0.004627386285269424,0.14450406646490777,0.1626430873882731,1
785,5000,5,bounded,ccmar,0.15,cc,0.14992950935414145,0.006312385632437293,0.13755746085803627,0.16230155785024664,1
785,5000,5,bounded,ccmar,0.15,seq,0.1485158729131663,0.005852728768786668,0.137044735315063,0.15998701051126962,1
786,5000,5,bounded,ccmar,0.15,full,0.15585886184924197,0.004689294986713992,0.1466680125623983,0.16504971113608563,1
786,5000,5,bounded,ccmar,0.15,cc,0.15657498462404942,0.006024900588151207,0.14476639646083886,0.16838357278726,1
786,5000,5,bounded,ccmar,0.15,seq,0.15592377548276262,0.005469633762791936,0.14520349029906612,0.16664406066645912,1
787,5000,5,bounded,ccmar,0.15,full,0.15621575585611067,0.004732318077469596,0.14694058286088243,0.1654909288513389,1
787,5000,5,bounded,ccmar,0.15,cc,0.16194943421008912,0.006105318283293496,0.14998323026067995,0.1739156381594983,1
787,5000,5,bounded,ccmar,0.15,seq,0.16321225004145312,0.005454002497497104,0.1525226015747673,0.17390189850813895,0
788,5000,5,bounded,ccmar,0.15,full,0.14668751193102744,0.00459161319808143,0.13768811543184906,0.15568690843020583,1
788,5000,5,bounded,ccmar,0.15,cc,0.14222258889444578,0.005978606834043811,0.13050473482199487,0.15394044296689668,1
788,5000,5,bounded,ccmar,0.15,seq,0.145822670105257,0.005448185816144034,0.13514442212453276,0.15650091808598127,1
789,5000,5,bounded,ccmar,0.15,full,0.15003838944372982,0.004694306708675445,0.14083771736234119,0.15923906152511846,1
789,5000,5,bounded,ccmar,0.15,cc,0.1574166161648707,0.006254642218649959,0.1451577426801331,0.16967548964960832,1
789,5000,5,bounded,ccmar,0.15,seq,0.15433944397988625,0.005672072024570588,0.1432223870940107,0.1654565008657618,1
790,5000,5,bounded,ccmar,0.15,full,0.14673850890873785,0.004621383796379589,0.13768076310909688,0.15579625470837882,1
790,5000,5,bounded,ccmar,0.15,cc,0.14576800272700435,0.005853451814783741,0.1342954479847876,0.1572405574692211,1
790,5000,5,bounded,ccmar,0.15,seq,0.1482538225792168,0.005366979208943148,0.13773473662391295,0.15877290853452064,1
791,5000,5,bounded,ccmar,0.15,full,0.153157779696247,0.004788768976549657,0.14377196497192693,0.16254359442056707,1
791,5000,5,bounded,ccmar,0.15,cc,0.15379923300828405,0.00640970813938204,0.141236435903682,0.16636203011288608,1
791,5000,5,bounded,ccmar,0.15,seq,0.15563538975520003,0.0058492450193953,0.14417108018043495,0.1670996993299651,1
792,5000,5,bounded,ccmar,0.15,full,0.15401654394239095,0.004671393465097873,0.14486078099318336,0.16317230689159853,1
792,5000,5,bounded,ccmar,0.15,cc,0.15605902135033156,0.006355125565788425,0.1436032041241565,0.16851483857650662,1
792,5000,5,bounded,ccmar,0.15,seq,0.15529110192916845,0.0059088523015557335,0.1437099642281526,0.1668722396301843,1
793,5000,5,bounded,ccmar,0.15,full,0.15053132684966464,0.004754264000285454,0.14121314063610982,0.15984951306321946,1
793,5000,5,bounded,ccmar,0.15,cc,0.1508250738427521,0.006314384250879895,0.13844910812648056,0.16320103955902363,1
793,5000,5,bounded,ccmar,0.15,seq,0.14927930666355205,0.0058781831895475065,0.13775827931751014,0.16080033400959395,1
794,5000,5,bounded,ccmar,0.15,full,0.14940606180886384,0.004672078870096126,0.14024895549054484,0.15856316812718285,1
794,5000,5,bounded,ccmar,0.15,cc,0.14292631677539944,0.006520643160207073,0.13014609102535613,0.15570654252544275,1
794,5000,5,bounded,ccmar,0.15,seq,0.14389400646158307,0.005928298981392687,0.1322747539684679,0.15551325895469822,1
795,5000,5,bounded,ccmar,0.15,full,0.1464694270049686,0.004678864408174062,0.13729902127640112,0.15563983273353607,1
795,5000,5,bounded,ccmar,0.15,cc,0.14894110489602272,0.0060010431175692115,0.1371792765159151,0.16070293327613033,1
795,5000,5,bounded,ccmar,0.15,seq,0.14717402054597287,0.005434904836199885,0.13652180280761853,0.1578262382843272,1
796,5000,5,bounded,ccmar,0.15,full,0.14755355597854974,0.004628993724766288,0.1384808949933459,0.1566262169637536,1
796,5000,5,bounded,ccmar,0.15,cc,0.13642339254513317,0.006215365980390707,0.1242414990728319,0.14860528601743445,0
796,5000,5,bounded,ccmar,0.15,seq,0.13879531020128638,0.0058546338633100005,0.12732043868653017,0.1502701817160426,1
797,5000,5,bounded,ccmar,0.15,full,0.1508169541593857,0.004623941538743808,0.14175419527682911,0.1598797130419423,1
797,5000,5,bounded,ccmar,0.15,cc,0.1511892048172766,0.006062086547718679,0.13930773351258324,0.16307067612196996,1
797,5000,5,bounded,ccmar,0.15,seq,0.15289655630097587,0.005509695435657099,0.14209775168130323,0.1636953609206485,1
798,5000,5,bounded,ccmar,0.15,full,0.14431942358822747,0.0046738529999908445,0.13515884003921091,0.15348000713724402,1
798,5000,5,bounded,ccmar,0.15,cc,0.14562721661304517,0.00612616789601774,0.13362014817360487,0.15763428505248547,1
798,5000,5,bounded,ccmar,0.15,seq,0.14287806992369628,0.005784394002573168,0.13154086600626338,0.15421527384112918,1
799,5000,5,bounded,ccmar,0.15,full,0.15391022992305453,0.00463600317591598,0.1448238306660459,0.16299662918006316,1
799,5000,5,bounded,ccmar,0.15,cc,0.15292991236749467,0.005898265866438339,0.1413695236980336,0.16449030103695575,1
799,5000,5,bounded,ccmar,0.15,seq,0.15009994136264154,0.005519775784577727,0.13928137962213288,0.1609185031031502,1
800,5000,5,bounded,ccmar,0.15,full,0.15088617268124066,0.004669929386368969,0.14173327927361223,0.1600390660888691,1
800,5000,5,bounded,ccmar,0.15,cc,0.1497394386130299,0.0064652355870200495,0.13706780971090393,0.16241106751515588,1
800,5000,5,bounded,ccmar,0.15,seq,0.15024042433134396,0.005822381032140108,0.13882876720408022,0.1616520814586077,1
801,5000,5,bounded,ccmar,0.15,full,0.14062059953293088,0.004750980368485554,0.13130884911944235,0.1499323499464194,0
801,5000,5,bounded,ccmar,0.15,cc,0.14322679662433263,0.006367577925084703,0.13074657322241431,0.15570702002625095,1
801,5000,5,bounded,ccmar,0.15,seq,0.13881962729005914,0.005767825291427482,0.12751489744974204,0.15012435713037625,1
802,5000,5,bounded,ccmar,0.15,full,0.1483433622451018,0.004697847462085893,0.13913575041455056,0.15755097407565305,1
802,5000,5,bounded,ccmar,0.15,cc,0.15348992460354022,0.006422908921237637,0.14090125444193344,0.166078594765147,1
802,5000,5,bounded,ccmar,0.15,seq,0.14982162866813742,0.005984736504778669,0.13809176066180912,0.16155149667446572,1
803,5000,5,bounded,ccmar,0.15,full,0.14453005807180386,0.004693050485784424,0.1353318481420382,0.15372826800156952,1
803,5000,5,bounded,ccmar,0.15,cc,0.1369022454065729,0.0062871568220432255,0.12457964447021287,0.14922484634293293,0
803,5000,5,bounded,ccmar,0.15,seq,0.14166642508847654,0.0058871921468321535,0.13012774051061848,0.1532051096663346,1
804,5000,5,bounded,ccmar,0.15,full,0.15115663046907069,0.004620270429388696,0.14210106682863344,0.16021219410950793,1
804,5000,5,bounded,ccmar,0.15,cc,0.14405315564421245,0.006030749838017507,0.13223310316192738,0.15587320812649752,1
804,5000,5,bounded,ccmar,0.15,seq,0.14921429916094095,0.005618222293698119,0.13820278580815262,0.16022581251372928,1
805,5000,5,bounded,ccmar,0.15,full,0.15079030340628502,0.00458703503913629,0.14179987993375462,0.15978072687881542,1
805,5000,5,bounded,ccmar,0.15,cc,0.14713068024190235,0.005965109345688746,0.13543928076050912,0.15882207972329557,1
805,5000,5,bounded,ccmar,0.15,seq,0.15002791890336029,0.005445081360737496,0.13935575554342444,0.16070008226329613,1
806,5000,5,bounded,ccmar,0.15,full,0.1532161176627925,0.004619464414757076,0.14416213378200424,0.16227010154358076,1
806,5000,5,bounded,ccmar,0.15,cc,0.14932365289531027,0.006146820039311167,0.1372761069988113,0.16137119879180925,1
806,5000,5,bounded,ccmar,0.15,seq,0.1540258552568349,0.005414147979524547,0.1434143202099965,0.1646373903036733,1
807,5000,5,bounded,ccmar,0.15,full,0.14454746319553632,0.0046706162024884755,0.13539322365304968,0.15370170273802297,1
807,5000,5,bounded,ccmar,0.15,cc,0.13826567542078827,0.006924842679513326,0.1246932331703363,0.15183811767124022,1
807,5000,5,bounded,ccmar,0.15,seq,0.14468547363421802,0.006429565639524843,0.1320837565445131,0.15728719072392294,1
808,5000,5,bounded,ccmar,0.15,full,0.14859066584641914,0.004702562984066656,0.1393738117626173,0.157807519930221,1
808,5000,5,bounded,ccmar,0.15,cc,0.14922461012946056,0.006091738139636452,0.13728502277252408,0.16116419748639704,1
808,5000,5,bounded,ccmar,0.15,seq,0.14801790521677186,0.00557471691787114,0.13709166083373828,0.15894414959980543,1
809,5000,5,bounded,ccmar,0.15,full,0.14812469258770938,0.004706691247045721,0.13889974725714985,0.15734963791826892,1
809,5000,5,bounded,ccmar,0.15,cc,0.1521707910189876,0.005966645754851932,0.140476380230969,0.16386520180700617,1
809,5000,5,bounded,ccmar,0.15,seq,0.1505803411598126,0.0055034019208832765,0.1397938716024328,0.16136681071719236,1
810,5000,5,bounded,ccmar,0.15,full,0.14798414580111802,0.0047235732611496705,0.13872611233092824,0.1572421792713078,1
810,5000,5,bounded,ccmar,0.15,cc,0.15105200865781115,0.006046643006590691,0.13920080613752242,0.1629032111780999,1
810,5000,5,bounded,ccmar,0.15,seq,0.14710078935478346,0.005658740005538853,0.1360098627460513,0.1581917159635156,1
811,5000,5,bounded,ccmar,0.15,full,0.15272872023267067,0.004605797497720858,0.14370152301705308,0.16175591744828827,1
811,5000,5,bounded,ccmar,0.15,cc,0.1534001368850841,0.006058939220580238,0.14152483422822965,0.16527543954193857,1
811,5000,5,bounded,ccmar,0.15,seq,0.1528644378950963,0.005493018140645572,0.1420983201730058,0.16363055561718678,1
812,5000,5,bounded,ccmar,0.15,full,0.14748415683336927,0.004665365798334742,0.1383402078939282,0.15662810577281033,1
812,5000,5,bounded,ccmar,0.15,cc,0.15007694761849047,0.005866132092733369,0.13857953998817849,0.16157435524880245,1
812,5000,5,bounded,ccmar,0.15,seq,0.15037503976056282,0.005419839152175309,0.1397523502202991,0.16099772930082654,1
813,5000,5,bounded,ccmar,0.15,full,0.15177057768780536,0.004694035828216482,0.1425704365223604,0.16097071885325032,1
813,5000,5,bounded,ccmar,0.15,cc,0.16549344679026948,0.005829594080457123,0.15406765234808562,0.17691924123245334,0
813,5000,5,bounded,ccmar,0.15,seq,0.1602258902115561,0.005430181395864691,0.14958293024614186,0.17086885017697032,1
814,5000,5,bounded,ccmar,0.15,full,0.14891814465075454,0.004724283929048773,0.13965871829707757,0.1581775710044315,1
814,5000,5,bounded,ccmar,0.15,cc,0.14575459901413382,0.006291384569972483,0.13342371184409674,0.1580854861841709,1
814,5000,5,bounded,ccmar,0.15,seq,0.14557089676374613,0.005762705261331838,0.13427620199801624,0.15686559152947602,1
815,5000,5,bounded,ccmar,0.15,full,0.1597495845621119,0.004707177839776369,0.15052368552732517,0.16897548359689865,0
815,5000,5,bounded,ccmar,0.15,cc,0.14735810363728627,0.006411143269337376,0.13479249372965862,0.15992371354491391,1
815,5000,5,bounded,ccmar,0.15,seq,0.15827600081768578,0.005532660839732084,0.14743218483313575,0.1691198168022358,1
816,5000,5,bounded,ccmar,0.15,full,0.15210062438086147,0.004620288226454345,0.1430450258588165,0.16115622290290643,1
816,5000,5,bounded,ccmar,0.15,cc,0.1542056864963661,0.005754579684418879,0.1429269175687392,0.16548445542399298,1
816,5000,5,bounded,ccmar,0.15,seq,0.15220982845389616,0.005331220790931474,0.14176082771003934,0.16265882919775299,1
817,5000,5,bounded,ccmar,0.15,full,0.14443278963887624,0.004651990982684532,0.13531505485640946,0.153550524421343,1
817,5000,5,bounded,ccmar,0.15,cc,0.14411397167309337,0.006178284052814658,0.13200475744331847,0.15622318590286827,1
817,5000,5,bounded,ccmar,0.15,seq,0.1450659804075548,0.005656969968617378,0.13397852300744006,0.15615343780766955,1
818,5000,5,bounded,ccmar,0.15,full,0.15117563596216932,0.004623747565988816,0.1421132572592265,0.16023801466511214,1
818,5000,5,bounded,ccmar,0.15,cc,0.15107456820292342,0.006315991885702878,0.13869545158029856,0.16345368482554828,1
818,5000,5,bounded,ccmar,0.15,seq,0.15042481718010645,0.005854965354738485,0.13894929595408922,0.16190033840612367,1
819,5000,5,bounded,ccmar,0.15,full,0.14904445605809802,0.004591883291956546,0.14004453018465196,0.15804438193154408,1
819,5000,5,bounded,ccmar,0.15,cc,0.1470801748223568,0.006375759482608467,0.13458391586235446,0.15957643378235914,1
819,5000,5,bounded,ccmar,0.15,seq,0.1472251513541698,0.005841241219044922,0.13577652893983091,0.1586737737685087,1
820,5000,5,bounded,ccmar,0.15,full,0.14797303196509184,0.00465196589940473,0.1388553463449501,0.1570907175852336,1
820,5000,5,bounded,ccmar,0.15,cc,0.14924047857166098,0.006131061802635956,0.1372238182515053,0.16125713889181667,1
820,5000,5,bounded,ccmar,0.15,seq,0.14698976473678443,0.005711613841572344,0.13579520731370218,0.1581843221598667,1
821,5000,5,bounded,ccmar,0.15,full,0.14614543862293236,0.004681591545231323,0.13696968780395175,0.15532118944191298,1
821,5000,5,bounded,ccmar,0.15,cc,0.1387412800723016,0.006525980409059184,0.12595059350673163,0.15153196663787158,1
821,5000,5,bounded,ccmar,0.15,seq,0.1436887258276853,0.0058343447154627325,0.13225362031198676,0.15512383134338384,1
822,5000,5,bounded,ccmar,0.15,full,0.15393167605644048,0.0046469523812733915,0.14482381675127198,0.16303953536160898,1
822,5000,5,bounded,ccmar,0.15,cc,0.15408343938960137,0.006149168894188772,0.1420312898221374,0.16613558895706534,1
822,5000,5,bounded,ccmar,0.15,seq,0.15202664414357256,0.005566195904725924,0.1411171006394154,0.1629361876477297,1
823,5000,5,bounded,ccmar,0.15,full,0.14942550028364915,0.004780470014654122,0.1400559512257534,0.1587950493415449,1
823,5000,5,bounded,ccmar,0.15,cc,0.15326658746515806,0.00695981753128351,0.1396255957648719,0.16690757916544421,1
823,5000,5,bounded,ccmar,0.15,seq,0.15209500538438778,0.0063966485642676955,0.13955780457666325,0.1646322061921123,1
824,5000,5,bounded,ccmar,0.15,full,0.14852214770398423,0.004670925724610962,0.13936730150928509,0.15767699389868337,1
824,5000,5,bounded,ccmar,0.15,cc,0.1472393897497592,0.006021518438947761,0.13543743047717774,0.15904134902234066,1
824,5000,5,bounded,ccmar,0.15,seq,0.14679861580951412,0.00556642426338014,0.13588862473061913,0.1577086068884091,1
825,5000,5,bounded,ccmar,0.15,full,0.1605380082404091,0.004588737201491271,0.15154424859096707,0.1695317678898511,0
825,5000,5,bounded,ccmar,0.15,cc,0.1586221093838009,0.00585105235099846,0.1471542575041855,0.17008996126341627,1
825,5000,5,bounded,ccmar,0.15,seq,0.1604671920935828,0.00542289338867685,0.1498385163597758,0.17109586782738978,1
826,5000,5,bounded,ccmar,0.15,full,0.15487803479113924,0.004703334471775288,0.14565966861921395,0.16409640096306452,1
826,5000,5,bounded,ccmar,0.15,cc,0.15400755123588625,0.006150630924816249,0.1419525361410481,0.1660625663307244,1
826,5000,5,bounded,ccmar,0.15,seq,0.1590111364744365,0.005502457060621244,0.14822651880914073,0.16979575413973225,1
827,5000,5,bounded,ccmar,0.15,full,0.1568736241852064,0.004555544489202355,0.14794492105639986,0.16580232731401293,1
827,5000,5,bounded,ccmar,0.15,cc,0.15844241618390467,0.006004792855231178,0.14667323845302813,0.17021159391478122,1
827,5000,5,bounded,ccmar,0.15,seq,0.15939895517675243,0.0055628982796471676,0.14849587489898416,0.1703020354545207,1
828,5000,5,bounded,ccmar,0.15,full,0.15532612581263266,0.004580409727024403,0.1463486877132279,0.16430356391203743,1
828,5000,5,bounded,ccmar,0.15,cc,0.15294156818907387,0.005968199783801384,0.1412441115602834,0.16463902481786433,1
828,5000,5,bounded,ccmar,0.15,seq,0.1542244693822985,0.005606579431909123,0.14323577561929357,0.16521316314530343,1
829,5000,5,bounded,ccmar,0.15,full,0.15612308303641922,0.0047598745401014105,0.1467939003668913,0.16545226570594715,1
829,5000,5,bounded,ccmar,0.15,cc,0.16145698157527846,0.006372633430964101,0.1489668495639129,0.17394711358664403,1
829,5000,5,bounded,ccmar,0.15,seq,0.16233613167175662,0.005907493514797078,0.15075765714385042,0.1739146061996628,0
830,5000,5,bounded,ccmar,0.15,full,0.14832515538318403,0.004717529756292472,0.13907896696485475,0.1575713438015133,1
830,5000,5,bounded,ccmar,0.15,cc,0.1489938916849169,0.006027651192851672,0.13717991243555772,0.16080787093427606,1
830,5000,5,bounded,ccmar,0.15,seq,0.1496570899704602,0.0054291242476769445,0.1390162019774203,0.16029797796350012,1
831,5000,5,bounded,ccmar,0.15,full,0.14468904830125595,0.004690402926091878,0.13549602749313458,0.15388206910937732,1
831,5000,5,bounded,ccmar,0.15,cc,0.15095655374366296,0.0057593034870521065,0.1396685263330049,0.16224458115432103,1
831,5000,5,bounded,ccmar,0.15,seq,0.14573719439976074,0.0053853465256000375,0.13518210916531676,0.15629227963420472,1
832,5000,5,bounded,ccmar,0.15,full,0.1522175869876972,0.004675934631642302,0.14305292351561472,0.16138225045977966,1
832,5000,5,bounded,ccmar,0.15,cc,0.1396072223351885,0.006581686207599791,0.12670735441074887,0.1525070902596281,1
832,5000,5,bounded,ccmar,0.15,seq,0.14143164762902816,0.006157632624597079,0.12936290945478904,0.15350038580326728,1
833,5000,5,bounded,ccmar,0.15,full,0.14737438933490976,0.004684501144483736,0.13819293580618497,0.15655584286363455,1
833,5000,5,bounded,ccmar,0.15,cc,0.1422698173813846,0.006301254672428956,0.12991958516600913,0.1546200495967601,1
833,5000,5,bounded,ccmar,0.15,seq,0.14502611165870255,0.005788338576030375,0.13368117651935915,0.15637104679804595,1
834,5000,5,bounded,ccmar,0.15,full,0.15537292162832192,0.004692640819673956,0.14617551462937844,0.1645703286272654,1
834,5000,5,bounded,ccmar,0.15,cc,0.15671961646049995,0.00606625520520832,0.144829974737263,0.1686092581837369,1
834,5000,5,bounded,ccmar,0.15,seq,0.152667986799324,0.005618978104547725,0.1416549920844913,0.1636809815141567,1
835,5000,5,bounded,ccmar,0.15,full,0.15791865457899174,0.004650195283917206,0.148804439301436,0.16703286985654747,1
835,5000,5,bounded,ccmar,0.15,cc,0.15552596673235858,0.006147972547524164,0.14347616196127025,0.1675757715034469,1
835,5000,5,bounded,ccmar,0.15,seq,0.15598489891958228,0.0055254446573969355,0.14515522639251502,0.16681457144664955,1
836,5000,5,bounded,ccmar,0.15,full,0.15628048007869452,0.004768102413518374,0.1469351710736,0.16562578908378905,1
836,5000,5,bounded,ccmar,0.15,cc,0.1530411624191891,0.006358186262082015,0.14057934633851102,0.1655029784998672,1
836,5000,5,bounded,ccmar,0.15,seq,0.15150776005275088,0.005980897625000294,0.13978541611252915,0.1632301039929726,1
837,5000,5,bounded,ccmar,0.15,full,0.14266265520736066,0.004716260265861008,0.13341895494455577,0.15190635547016554,1
837,5000,5,bounded,ccmar,0.15,cc,0.13957679446800184,0.0063278101546164365,0.1271745144639468,0.15197907447205689,1
837,5000,5,bounded,ccmar,0.15,seq,0.14195021607423658,0.005835122406047227,0.1305135863130013,0.15338684583547185,1
838,5000,5,bounded,ccmar,0.15,full,0.14838815034197717,0.0046384132274849615,0.13929702747069245,0.15747927321326188,1
838,5000,5,bounded,ccmar,0.15,cc,0.14660812740269866,0.0059719040162204045,0.13490341061177658,0.15831284419362074,1
838,5000,5,bounded,ccmar,0.15,seq,0.14720202311663202,0.0053998319181382815,0.13661854703451115,0.1577854991987529,1
839,5000,5,bounded,ccmar,0.15,full,0.1464888362547151,0.004694734922405465,0.13728732488983794,0.15569034761959225,1
839,5000,5,bounded,ccmar,0.15,cc,0.14650872313304994,0.006028123749437682,0.13469381768980154,0.15832362857629834,1
839,5000,5,bounded,ccmar,0.15,seq,0.14936186575225763,0.005509881733868429,0.1385626959948004,0.16016103550971486,1
840,5000,5,bounded,ccmar,0.15,full,0.14930713400817403,0.0046870625682531196,0.1401206601811121,0.15849360783523594,1
840,5000,5,bounded,ccmar,0.15,cc,0.1531291032826747,0.005952685228926041,0.1414620546226761,0.1647961519426733,1
840,5000,5,bounded,ccmar,0.15,seq,0.15266175447456662,0.005428057576922416,0.14202295711778892,0.16330055183134431,1
841,5000,5,bounded,ccmar,0.15,full,0.1498821053101702,0.004596528236008797,0.14087307551367154,0.15889113510666888,1
841,5000,5,bounded,ccmar,0.15,cc,0.15441216959905155,0.00574132256145705,0.14315938415496848,0.1656649550431346,1
841,5000,5,bounded,ccmar,0.15,seq,0.15103364431119823,0.0053092893679251366,0.14062762836656353,0.16143966025583292,1
842,5000,5,bounded,ccmar,0.15,full,0.1558596123466383,0.004669442704463725,0.1467076728180161,0.1650115518752605,1
842,5000,5,bounded,ccmar,0.15,cc,0.15886809803006424,0.0061613743027559426,0.14679202630139201,0.17094416975873647,1
842,5000,5,bounded,ccmar,0.15,seq,0.16194770457201343,0.005559310168010998,0.15105165686382457,0.1728437522802023,0
843,5000,5,bounded,ccmar,0.15,full,0.14803187175290988,0.004748246250047304,0.1387254801130898,0.15733826339272997,1
843,5000,5,bounded,ccmar,0.15,cc,0.1425383979597628,0.006247871461558179,0.13029279491507315,0.15478400100445247,1
843,5000,5,bounded,ccmar,0.15,seq,0.14159491880049085,0.005752742034027213,0.13031975160144782,0.1528700859995339,1
844,5000,5,bounded,ccmar,0.15,full,0.14671006538135634,0.004622735015388275,0.1376496712411231,0.15577045952158958,1
844,5000,5,bounded,ccmar,0.15,cc,0.14698404827203873,0.00597486947823876,0.13527351928236314,0.15869457726171432,1
844,5000,5,bounded,ccmar,0.15,seq,0.14895764844611034,0.005461670414542728,0.13825297113817864,0.15966232575404204,1
845,5000,5,bounded,ccmar,0.15,full,0.15394314620037688,0.004642646655447446,0.14484372596275455,0.16304256643799922,1
845,5000,5,bounded,ccmar,0.15,cc,0.15032230329907043,0.005947510146990183,0.13866539761328314,0.1619792089848577,1
845,5000,5,bounded,ccmar,0.15,seq,0.1539152240616493,0.005493084243857467,0.14314897677964422,0.16468147134365435,1
846,5000,5,bounded,ccmar,0.15,full,0.144945764644474,0.004591733734616013,0.135946131898029,0.153945397390919,1
846,5000,5,bounded,ccmar,0.15,cc,0.1425660606184461,0.006409586297986636,0.13000350231859087,0.15512861891830132,1
846,5000,5,bounded,ccmar,0.15,seq,0.14250095662884743,0.006242019781851198,0.13026682266563253,0.15473509059206234,1
847,5000,5,bounded,ccmar,0.15,full,0.14672737082837703,0.0047009834580788185,0.137513612558624,0.15594112909813007,1
847,5000,5,bounded,ccmar,0.15,cc,0.1467526376157754,0.006373696543796399,0.13426042194154703,0.15924485329000376,1
847,5000,5,bounded,ccmar,0.15,seq,0.14805960697465875,0.005878259146521299,0.13653843075568384,0.15958078319363367,1
848,5000,5,bounded,ccmar,0.15,full,0.14489625494790867,0.0046668479148074815,0.13574940111356015,0.1540431087822572,1
848,5000,5,bounded,ccmar,0.15,cc,0.14466310900775786,0.0060820245419269505,0.13274255995249232,0.1565836580630234,1
848,5000,5,bounded,ccmar,0.15,seq,0.14426273691118696,0.005508743189904164,0.13346579865889452,0.1550596751634794,1
849,5000,5,bounded,ccmar,0.15,full,0.14917968587449787,0.004638516777103771,0.14008836004968966,0.15827101169930607,1
849,5000,5,bounded,ccmar,0.15,cc,0.15616273323396407,0.005850386322483363,0.14469618674625095,0.16762927972167718,1
849,5000,5,bounded,ccmar,0.15,seq,0.15324986519941472,0.005358852627176572,0.1427467070516908,0.16375302334713865,1
850,5000,5,bounded,ccmar,0.15,full,0.1531020978648847,0.00472509475971641,0.1438410823123016,0.1623631134174678,1
850,5000,5,bounded,ccmar,0.15,cc,0.15110942460879678,0.00610027123152515,0.13915311269908168,0.1630657365185119,1
850,5000,5,bounded,ccmar,0.15,seq,0.1512490289416224,0.0054972437187623254,0.1404746292386092,0.1620234286446356,1
851,5000,5,bounded,ccmar,0.15,full,0.14803122777153765,0.00461170583852141,0.1389924504207426,0.1570700051223327,1
851,5000,5,bounded,ccmar,0.15,cc,0.14554002640799657,0.005873508916610291,0.13402816046856553,0.1570518923474276,1
851,5000,5,bounded,ccmar,0.15,seq,0.14391230009810038,0.005433914927050018,0.13326202254602776,0.154562577650173,1
852,5000,5,bounded,ccmar,0.15,full,0.14652672048294707,0.004630862013410277,0.1374503977192883,0.15560304324660584,1
852,5000,5,bounded,ccmar,0.15,cc,0.1481325385330981,0.005926613371769309,0.13651658977413678,0.15974848729205943,1
852,5000,5,bounded,ccmar,0.15,seq,0.14786130955489865,0.005419632897307454,0.13723902426674758,0.15848359484304972,1
853,5000,5,bounded,ccmar,0.15,full,0.14644126518100506,0.004677573302238506,0.1372733899735715,0.15560914038843862,1
853,5000,5,bounded,ccmar,0.15,cc,0.13812421239632894,0.0063132276298474704,0.12575051361562473,0.15049791117703315,1
853,5000,5,bounded,ccmar,0.15,seq,0.14298914125542328,0.005854915477161122,0.13151371778766133,0.15446456472318523,1
854,5000,5,bounded,ccmar,0.15,full,0.1463943782936501,0.00462302550822225,0.13733341479792452,0.15545534178937567,1
854,5000,5,bounded,ccmar,0.15,cc,0.15146758185870177,0.006204372606583968,0.1393072350031303,0.16362792871427323,1
854,5000,5,bounded,ccmar,0.15,seq,0.1493583414457366,0.005738982606143785,0.13811014222979295,0.16060654066168023,1
855,5000,5,bounded,ccmar,0.15,full,0.15639843350907928,0.004623538697973387,0.14733646417992424,0.16546040283823432,1
855,5000,5,bounded,ccmar,0.15,cc,0.15835629688558248,0.006142385007291186,0.14631744349211295,0.170395150279052,1
855,5000,5,bounded,ccmar,0.15,seq,0.15896869791871954,0.005535907604789932,0.14811851839158988,0.1698188774458492,1
856,5000,5,bounded,ccmar,0.15,full,0.1461088389144726,0.0047584584930504825,0.1367824316461649,0.1554352461827803,1
856,5000,5,bounded,ccmar,0.15,cc,0.14581800658406655,0.00625265407281956,0.13356302979355253,0.15807298337458056,1
856,5000,5,bounded,ccmar,0.15,seq,0.14694654535661242,0.005888987534184886,0.1354043418842047,0.15848874882902014,1
857,5000,5,bounded,ccmar,0.15,full,0.15263962271757672,0.004752048346606124,0.14332577910543562,0.16195346632971783,1
857,5000,5,bounded,ccmar,0.15,cc,0.14973488265854654,0.005987240355017418,0.1380001071959276,0.16146965812116548,1
857,5000,5,bounded,ccmar,0.15,seq,0.15424362065440558,0.0053196516651058245,0.14381729498049964,0.16466994632831153,1
858,5000,5,bounded,ccmar,0.15,full,0.15610304583492426,0.0045967400753875575,0.14709360084087272,0.1651124908289758,1
858,5000,5,bounded,ccmar,0.15,cc,0.14934688975685553,0.006158539987258127,0.13727637318447983,0.16141740632923124,1
858,5000,5,bounded,ccmar,0.15,seq,0.15131836623077366,0.005512609263316313,0.14051385061383181,0.1621228818477155,1
859,5000,5,bounded,ccmar,0.15,full,0.1526353830896363,0.004762789304376436,0.14330048758710592,0.1619702785921667,1
859,5000,5,bounded,ccmar,0.15,cc,0.152934318055749,0.006149576144261011,0.14088137029281073,0.16498726581868728,1
859,5000,5,bounded,ccmar,0.15,seq,0.15458531984301513,0.005666874512600258,0.14347844989341066,0.1656921897926196,1
860,5000,5,bounded,ccmar,0.15,full,0.15430333503415372,0.004613407812001697,0.14526122187663465,0.1633454481916728,1
860,5000,5,bounded,ccmar,0.15,cc,0.1562444576630216,0.0058042255371944145,0.1448683846519729,0.16762053067407032,1
860,5000,5,bounded,ccmar,0.15,seq,0.1539263884494837,0.005402313449653119,0.14333804865496724,0.16451472824400015,1
861,5000,5,bounded,ccmar,0.15,full,0.15112426465887105,0.004660017889093817,0.1419907974289348,0.1602577318888073,1
861,5000,5,bounded,ccmar,0.15,cc,0.14112920307164645,0.006402937756818171,0.12857967567303116,0.15367873047026173,1
861,5000,5,bounded,ccmar,0.15,seq,0.14220085153214135,0.005967083851824404,0.13050558208983498,0.15389612097444771,1
862,5000,5,bounded,ccmar,0.15,full,0.15512655800739222,0.004617877225716667,0.14607568495995982,0.16417743105482463,1
862,5000,5,bounded,ccmar,0.15,cc,0.15054950874882075,0.006160597715034196,0.13847495910411398,0.16262405839352753,1
862,5000,5,bounded,ccmar,0.15,seq,0.15592762427363444,0.005600682722690851,0.14495048784832465,0.16690476069894422,1
863,5000,5,bounded,ccmar,0.15,full,0.1476411414690836,0.004699920849176272,0.13842946587450922,0.156852817063658,1
863,5000,5,bounded,ccmar,0.15,cc,0.151017486872023,0.006481192343036595,0.1383145833027945,0.16372039044125147,1
863,5000,5,bounded,ccmar,0.15,seq,0.1510448214552256,0.0059831970327973005,0.13931797075853597,0.16277167215191524,1
864,5000,5,bounded,ccmar,0.15,full,0.14627648927150708,0.004622543070161815,0.1372164713370047,0.15533650720600944,1
864,5000,5,bounded,ccmar,0.15,cc,0.14878534759376913,0.006066736243537193,0.1368947630527324,0.16067593213480585,1
864,5000,5,bounded,ccmar,0.15,seq,0.1468765909960598,0.0054546560075120895,0.13618566167328106,0.15756752031883853,1
865,5000,5,bounded,ccmar,0.15,full,0.1523205547222542,0.004633198105943212,0.14323965330136632,0.16140145614314208,1
865,5000,5,bounded,ccmar,0.15,cc,0.14989719404627924,0.006090581372452382,0.13795987391136205,0.16183451418119643,1
865,5000,5,bounded,ccmar,0.15,seq,0.14891431863686116,0.005544324654343003,0.1380476419957514,0.15978099527797093,1
866,5000,5,bounded,ccmar,0.15,full,0.15315406831872577,0.004674346605970708,0.14399251731976614,0.1623156193176854,1
866,5000,5,bounded,ccmar,0.15,cc,0.15220745639416647,0.006082424368205427,0.14028612369379503,0.1641287890945379,1
866,5000,5,bounded,ccmar,0.15,seq,0.15073330257274561,0.005574872025589407,0.13980675418417052,0.1616598509613207,1
867,5000,5,bounded,ccmar,0.15,full,0.14729808279268583,0.0046075017313474105,0.13826754534053895,0.1563286202448327,1
867,5000,5,bounded,ccmar,0.15,cc,0.14732537421914776,0.005972208486349018,0.1356200606777392,0.15903068776055632,1
867,5000,5,bounded,ccmar,0.15,seq,0.14757012068959674,0.0054376860985987,0.13691245177710917,0.1582277896020843,1
868,5000,5,bounded,ccmar,0.15,full,0.14326195710738754,0.004712344029548241,0.13402593252671063,0.15249798168806444,1
868,5000,5,bounded,ccmar,0.15,cc,0.1443860953389653,0.005978629993029325,0.13266819587573686,0.15610399480219372,1
868,5000,5,bounded,ccmar,0.15,seq,0.14420418677686445,0.005471724164863034,0.1334798044803954,0.1549285690733335,1
869,5000,5,bounded,ccmar,0.15,full,0.14532431674362928,0.004741301871966617,0.13603153583474237,0.1546170976525162,1
869,5000,5,bounded,ccmar,0.15,cc,0.13949459547271173,0.006574021694032234,0.12660974971882355,0.1523794412265999,1
869,5000,5,bounded,ccmar,0.15,seq,0.14011679167338426,0.006056048272683854,0.1282471551702879,0.15198642817648061,1
870,5000,5,bounded,ccmar,0.15,full,0.14493155265863997,0.004634277645923605,0.13584853537827063,0.1540145699390093,1
870,5000,5,bounded,ccmar,0.15,cc,0.1436641947082101,0.0059379829054519735,0.13202596207270972,0.15530242734371047,1
870,5000,5,bounded,ccmar,0.15,seq,0.1435750540900015,0.005433768036256706,0.13292506443859342,0.1542250437414096,1
871,5000,5,bounded,ccmar,0.15,full,0.15639034920416284,0.004618244568696781,0.14733875617771944,0.16544194223060624,1
871,5000,5,bounded,ccmar,0.15,cc,0.15213479068283778,0.006229436922205215,0.13992531867135152,0.16434426269432403,1
871,5000,5,bounded,ccmar,0.15,seq,0.1517142137281996,0.00577346955254588,0.14039842133937108,0.16303000611702811,1
872,5000,5,bounded,ccmar,0.15,full,0.14756979567053516,0.004722024940881586,0.13831479685230738,0.15682479448876294,1
872,5000,5,bounded,ccmar,0.15,cc,0.14735722245023575,0.006171482830418635,0.1352613383714079,0.15945310652906358,1
872,5000,5,bounded,ccmar,0.15,seq,0.14948024977786914,0.005603364447394303,0.13849785726872413,0.16046264228701415,1
873,5000,5,bounded,ccmar,0.15,full,0.15443659875625176,0.004681331969267171,0.14526135669681214,0.16361184081569138,1
873,5000,5,bounded,ccmar,0.15,cc,0.15526160081787546,0.005932391018300373,0.14363432807979784,0.16688887355595308,1
873,5000,5,bounded,ccmar,0.15,seq,0.15752285115779163,0.0054115671035298765,0.14691637453495135,0.16812932778063192,1
874,5000,5,bounded,ccmar,0.15,full,0.15388903405017232,0.004681437183246358,0.14471358577512283,0.1630644823252218,1
874,5000,5,bounded,ccmar,0.15,cc,0.14056500789842288,0.00622974850841209,0.12835492518919306,0.1527750906076527,1
874,5000,5,bounded,ccmar,0.15,seq,0.14644456333753186,0.005722067031115796,0.13522951803942088,0.15765960863564285,1
875,5000,5,bounded,ccmar,0.15,full,0.14645563874748752,0.0045893790092093835,0.137460621178033,0.15545065631694202,1
875,5000,5,bounded,ccmar,0.15,cc,0.147864382359587,0.005732582118652305,0.13662872786861016,0.15910003685056381,1
875,5000,5,bounded,ccmar,0.15,seq,0.14966054972437792,0.005111917826884997,0.13964137489175507,0.15967972455700077,1
876,5000,5,bounded,ccmar,0.15,full,0.14448018094778578,0.004644514254160959,0.1353771002839474,0.15358326161162417,1
876,5000,5,bounded,ccmar,0.15,cc,0.14399398244327144,0.006050897109419604,0.1321344420346515,0.15585352285189139,1
876,5000,5,bounded,ccmar,0.15,seq,0.14059420881041443,0.005514650182436721,0.12978569306550122,0.15140272455532763,1
877,5000,5,bounded,ccmar,0.15,full,0.15496297246328009,0.0045951624244067475,0.1459566196083311,0.16396932531822908,1
877,5000,5,bounded,ccmar,0.15,cc,0.1582942843253023,0.006011591606911423,0.14651178128599263,0.17007678736461196,1
877,5000,5,bounded,ccmar,0.15,seq,0.15597504818223773,0.005469465994504826,0.14525509181834173,0.16669500454613373,1
878,5000,5,bounded,ccmar,0.15,full,0.15535953695337534,0.004593167512716227,0.14635709405349212,0.16436197985325857,1
878,5000,5,bounded,ccmar,0.15,cc,0.1516979589274773,0.005848405779828488,0.1402352942320376,0.16316062362291703,1
878,5000,5,bounded,ccmar,0.15,seq,0.14988166276314654,0.005336401146224925,0.13942250870948744,0.16034081681680565,1
879,5000,5,bounded,ccmar,0.15,full,0.14621934686955487,0.00470382802123445,0.13700001335846504,0.1554386803806447,1
879,5000,5,bounded,ccmar,0.15,cc,0.13898099222166665,0.0063253569541292685,0.12658352040221332,0.15137846404112,1
879,5000,5,bounded,ccmar,0.15,seq,0.14281862442737472,0.005867782387170274,0.13131798227940253,0.15431926657534692,1
880,5000,5,bounded,ccmar,0.15,full,0.145615002408787,0.004622503961294827,0.1365550611262554,0.1546749436913186,1
880,5000,5,bounded,ccmar,0.15,cc,0.14317511797156043,0.006080938989937235,0.13125669655909808,0.1550935393840228,1
880,5000,5,bounded,ccmar,0.15,seq,0.1384752598076293,0.005665591664955507,0.12737090419320618,0.1495796154220524,0
881,5000,5,bounded,ccmar,0.15,full,0.15562676668068184,0.004665265941082147,0.14648301345785947,0.16477051990350422,1
881,5000,5,bounded,ccmar,0.15,cc,0.15614466527566478,0.00596599851232828,0.1444515230596818,0.16783780749164776,1
881,5000,5,bounded,ccmar,0.15,seq,0.15810220191692934,0.005401479928517326,0.1475154957938194,0.16868890804003928,1
882,5000,5,bounded,ccmar,0.15,full,0.14677072735916005,0.004643276789096632,0.13767007208227988,0.15587138263604022,1
882,5000,5,bounded,ccmar,0.15,cc,0.14516934104300855,0.00620865077230287,0.13300060913670814,0.15733807294930896,1
882,5000,5,bounded,ccmar,0.15,seq,0.14726924758029392,0.005518318750373778,0.13645354157434925,0.15808495358623859,1
883,5000,5,bounded,ccmar,0.15,full,0.15107761973067893,0.0046923266409230995,0.14188082851077186,0.160274410950586,1
883,5000,5,bounded,ccmar,0.15,cc,0.1529662198464308,0.006449517629992047,0.14032539757399026,0.16560704211887134,1
883,5000,5,bounded,ccmar,0.15,seq,0.14972861902525428,0.005827032035962023,0.13830784609800761,0.16114939195250094,1
884,5000,5,bounded,ccmar,0.15,full,0.14266194482453817,0.004712580293462252,0.13342545717509896,0.15189843247397739,1
884,5000,5,bounded,ccmar,0.15,cc,0.14185756384058118,0.00610327999119018,0.1298953548702845,0.15381977281087786,1
884,5000,5,bounded,ccmar,0.15,seq,0.14082375489191395,0.005602926042017661,0.1298422216415178,0.15180528814231012,1
885,5000,5,bounded,ccmar,0.15,full,0.1401064124837892,0.004645449720372567,0.1310014983398673,0.14921132662771108,0
885,5000,5,bounded,ccmar,0.15,cc,0.14105021798320386,0.005810343281419883,0.1296621544138066,0.1524382815526011,1
885,5000,5,bounded,ccmar,0.15,seq,0.13926412567661167,0.005395556781420685,0.12868902870848628,0.14983922264473706,0
886,5000,5,bounded,ccmar,0.15,full,0.15731044293034324,0.004615680475700406,0.14826387543382574,0.16635701042686074,1
886,5000,5,bounded,ccmar,0.15,cc,0.15469266660712316,0.0060190140634932,0.1428956158202364,0.16648971739400992,1
886,5000,5,bounded,ccmar,0.15,seq,0.15575393425485237,0.005470447548856177,0.14503205407977884,0.1664758144299259,1
887,5000,5,bounded,ccmar,0.15,full,0.15277196053251313,0.0046367570595638235,0.1436840836907062,0.16185983737432005,1
887,5000,5,bounded,ccmar,0.15,cc,0.15776495861718676,0.006041598697520006,0.14592364276100345,0.16960627447337007,1
887,5000,5,bounded,ccmar,0.15,seq,0.15587339613707768,0.005479628804504537,0.14513352103160052,0.16661327124255484,1
888,5000,5,bounded,ccmar,0.15,full,0.14493394437946427,0.004765449564325262,0.13559383486324467,0.15427405389568388,1
888,5000,5,bounded,ccmar,0.15,cc,0.14205428975167111,0.006431707287217796,0.12944837510962043,0.1546602043937218,1
888,5000,5,bounded,ccmar,0.15,seq,0.14524501618367422,0.005977596087762903,0.1335291431375314,0.15696088922981705,1
889,5000,5,bounded,ccmar,0.15,full,0.1478789523106212,0.004649837698748701,0.13876543788711715,0.15699246673412526,1
889,5000,5,bounded,ccmar,0.15,cc,0.14612080142935466,0.006079172798902153,0.13420584168771088,0.15803576117099843,1
889,5000,5,bounded,ccmar,0.15,seq,0.14487920525730047,0.00563336578134859,0.1338380112141169,0.15592039930048404,1
890,5000,5,bounded,ccmar,0.15,full,0.15443328602177472,0.00463841908308799,0.14534215167371897,0.16352442036983048,1
890,5000,5,bounded,ccmar,0.15,cc,0.16002039221610947,0.005912368653407543,0.14843236259210713,0.17160842184011182,1
890,5000,5,bounded,ccmar,0.15,seq,0.15550319063332305,0.005365038562292061,0.14498790827556204,0.16601847299108405,1
891,5000,5,bounded,ccmar,0.15,full,0.15025976977932295,0.004687286485089303,0.1410728570833266,0.15944668247531932,1
891,5000,5,bounded,ccmar,0.15,cc,0.14386096814807042,0.0063565425756252365,0.13140237363364948,0.15631956266249136,1
891,5000,5,bounded,ccmar,0.15,seq,0.1438403993847919,0.005811806812765474,0.13244946734666704,0.15523133142291676,1
892,5000,5,bounded,ccmar,0.15,full,0.1554564151661174,0.004680931978545568,0.14628195707408628,0.16463087325814854,1
892,5000,5,bounded,ccmar,0.15,cc,0.1496359615330326,0.0061506051592935315,0.13758099693769105,0.16169092612837416,1
892,5000,5,bounded,ccmar,0.15,seq,0.15280668408775538,0.00566199961371267,0.14170936876439885,0.16390399941111192,1
893,5000,5,bounded,ccmar,0.15,full,0.15431079850628646,0.004652787070060021,0.14519150342123519,0.16343009359133773,1
893,5000,5,bounded,ccmar,0.15,cc,0.15498882238409686,0.005958293585629714,0.1433107815469466,0.16666686322124713,1
893,5000,5,bounded,ccmar,0.15,seq,0.15271079395251802,0.005476918669471441,0.14197623061409897,0.16344535729093707,1
894,5000,5,bounded,ccmar,0.15,full,0.16269024222872958,0.004591334528402933,0.15369139191208464,0.1716890925453745,0
894,5000,5,bounded,ccmar,0.15,cc,0.16369311188736568,0.006009743383411273,0.1519142312995517,0.17547199247517967,0
894,5000,5,bounded,ccmar,0.15,seq,0.1657088587648207,0.005559831953578823,0.15481178837571122,0.17660592915393017,0
895,5000,5,bounded,ccmar,0.15,full,0.15517008582159234,0.004664970064441952,0.14602691250632863,0.16431325913685604,1
895,5000,5,bounded,ccmar,0.15,cc,0.1518537044713647,0.006528792712112611,0.1390575058930964,0.164649903049633,1
895,5000,5,bounded,ccmar,0.15,seq,0.1579626892656669,0.00587553829522236,0.1464468458172452,0.16947853271408858,1
896,5000,5,bounded,ccmar,0.15,full,0.14927506694857925,0.004645711197835051,0.14016964031824813,0.15838049357891038,1
896,5000,5,bounded,ccmar,0.15,cc,0.14186755446049087,0.006320732851945382,0.12947914571477878,0.15425596320620297,1
896,5000,5,bounded,ccmar,0.15,seq,0.14183341140690567,0.0062337253046759675,0.1296155343202248,0.15405128849358654,1
897,5000,5,bounded,ccmar,0.15,full,0.15347603148241432,0.004608546944468771,0.14444344545019341,0.16250861751463522,1
897,5000,5,bounded,ccmar,0.15,cc,0.1505859835102673,0.006041183342628308,0.13874548173471252,0.1624264852858221,1
897,5000,5,bounded,ccmar,0.15,seq,0.15053504105950086,0.005608984714365436,0.13954163302950892,0.1615284490894928,1
898,5000,5,bounded,ccmar,0.15,full,0.1466579268370513,0.00466850710058742,0.13750782105833045,0.15580803261577217,1
898,5000,5,bounded,ccmar,0.15,cc,0.14512877397757007,0.00596635181295368,0.1334349393050856,0.15682260865005454,1
898,5000,5,bounded,ccmar,0.15,seq,0.1435877004640294,0.005473198352919389,0.13286042881206347,0.15431497211599535,1
899,5000,5,bounded,ccmar,0.15,full,0.14568070040929545,0.0045748217604105225,0.1367142145232007,0.1546471862953902,1
899,5000,5,bounded,ccmar,0.15,cc,0.14219639679582907,0.006452834195788114,0.12954907417387587,0.15484371941778227,1
899,5000,5,bounded,ccmar,0.15,seq,0.14672380157244275,0.00594322850116146,0.13507528775827432,0.15837231538661117,1
900,5000,5,bounded,ccmar,0.15,full,0.1463221919757155,0.00467340803421682,0.1371624805435904,0.1554819034078406,1
900,5000,5,bounded,ccmar,0.15,cc,0.14614301599475774,0.006278691209262244,0.1338370073545555,0.15844902463495997,1
900,5000,5,bounded,ccmar,0.15,seq,0.1444466097305418,0.005794977427597146,0.13308866268122882,0.15580455677985477,1
901,5000,5,bounded,ccmar,0.15,full,0.15192936782048344,0.004646782291621634,0.14282184188490654,0.16103689375606034,1
901,5000,5,bounded,ccmar,0.15,cc,0.1485237576638488,0.006335836312307863,0.1361057466797843,0.16094176864791326,1
901,5000,5,bounded,ccmar,0.15,seq,0.1492783839720202,0.005811507269648487,0.13788803902761645,0.16066872891642395,1
902,5000,5,bounded,ccmar,0.15,full,0.15498358084028355,0.004643277528360654,0.1458829241144725,0.16408423756609458,1
902,5000,5,bounded,ccmar,0.15,cc,0.15561271388348352,0.006140384444276027,0.14357778152147252,0.16764764624549452,1
902,5000,5,bounded,ccmar,0.15,seq,0.1556231199268126,0.005756912270743762,0.14433977921399813,0.16690646063962708,1
903,5000,5,bounded,ccmar,0.15,full,0.1551284427909193,0.0046384649606135385,0.14603721852456578,0.16421966705727284,1
903,5000,5,bounded,ccmar,0.15,cc,0.15744642165901565,0.006052952372164594,0.14558285300943677,0.16930999030859453,1
903,5000,5,bounded,ccmar,0.15,seq,0.15605172824895627,0.0055110098043530415,0.1452503475139772,0.16685310898393535,1
904,5000,5,bounded,ccmar,0.15,full,0.1535733803958095,0.004622115794128835,0.14451419990694322,0.1626325608846758,1
904,5000,5,bounded,ccmar,0.15,cc,0.15803077954208092,0.006072315818092775,0.1461292592358662,0.16993229984829564,1
904,5000,5,bounded,ccmar,0.15,seq,0.15093592357885277,0.0056836648235705335,0.13979614522445732,0.16207570193324822,1
905,5000,5,bounded,ccmar,0.15,full,0.1488744916292035,0.004765806309851052,0.1395336829046017,0.1582153003538053,1
905,5000,5,bounded,ccmar,0.15,cc,0.15010108306348915,0.006318954390312396,0.1377161600385256,0.1624860060884527,1
905,5000,5,bounded,ccmar,0.15,seq,0.14851712577094678,0.005970966613026161,0.13681424625652439,0.16022000528536917,1
906,5000,5,bounded,ccmar,0.15,full,0.15687483624579107,0.004684154488615737,0.1476940621500826,0.16605561034149954,1
906,5000,5,bounded,ccmar,0.15,cc,0.1606164403325901,0.00606640914695391,0.14872649688907608,0.1725063837761041,1
906,5000,5,bounded,ccmar,0.15,seq,0.15919310902601633,0.005549524824422812,0.14831624023883666,0.170069977813196,1
907,5000,5,bounded,ccmar,0.15,full,0.14051948988119695,0.0047952883092419124,0.13112089749959682,0.14991808226279707,0
907,5000,5,bounded,ccmar,0.15,cc,0.14190249139534045,0.006373520531064023,0.12941062069972836,0.15439436209095253,1
907,5000,5,bounded,ccmar,0.15,seq,0.1395252479759355,0.005789188856197668,0.12817864631808742,0.15087184963378356,1
908,5000,5,bounded,ccmar,0.15,full,0.14649907785011293,0.004643035661571954,0.1373988951744968,0.15559926052572906,1
908,5000,5,bounded,ccmar,0.15,cc,0.14365331882917257,0.0059538520591546585,0.1319839832239498,0.15532265443439533,1
908,5000,5,bounded,ccmar,0.15,seq,0.14273324615035285,0.005486821196783819,0.1319792742150456,0.1534872180856601,1
909,5000,5,bounded,ccmar,0.15,full,0.14571289223079478,0.004654181178528926,0.1365908647433539,0.15483491971823565,1
909,5000,5,bounded,ccmar,0.15,cc,0.14161409642020084,0.00605839181583886,0.12973986665692447,0.15348832618347721,1
909,5000,5,bounded,ccmar,0.15,seq,0.14478875950933753,0.005496826951427024,0.13401517665529147,0.1555623423633836,1
910,5000,5,bounded,ccmar,0.15,full,0.15116759776474537,0.0046383199190081275,0.1420766577747147,0.16025853775477603,1
910,5000,5,bounded,ccmar,0.15,cc,0.15314211746210177,0.00597944116241655,0.14142262813608902,0.1648616067881145,1
910,5000,5,bounded,ccmar,0.15,seq,0.14900669295730273,0.005484330429555902,0.1382576028360561,0.15975578307854937,1
911,5000,5,bounded,ccmar,0.15,full,0.14171689239983365,0.004681123447250768,0.13254205903603616,0.15089172576363113,1
911,5000,5,bounded,ccmar,0.15,cc,0.13462723348291908,0.006238237683459058,0.12240051229633875,0.1468539546694994,0
911,5000,5,bounded,ccmar,0.15,seq,0.1363932862895857,0.005660772452740545,0.12529837615753775,0.14748819642163363,0
912,5000,5,bounded,ccmar,0.15,full,0.15299391762728884,0.004592525603493304,0.14399273284636388,0.1619951024082138,1
912,5000,5,bounded,ccmar,0.15,cc,0.15175349863934828,0.006228232633660407,0.13954638699003682,0.16396061028865974,1
912,5000,5,bounded,ccmar,0.15,seq,0.15575322659183038,0.005523634736415939,0.14492710144470075,0.16657935173896002,1
913,5000,5,bounded,ccmar,0.15,full,0.14727223956433821,0.00464555922518891,0.13816711079492017,0.15637736833375626,1
913,5000,5,bounded,ccmar,0.15,cc,0.1410005500250284,0.00665926861316568,0.12794862337984567,0.15405247667021113,1
913,5000,5,bounded,ccmar,0.15,seq,0.14406964570717973,0.0060365437394155974,0.13223823738682441,0.15590105402753504,1
914,5000,5,bounded,ccmar,0.15,full,0.1508997157141237,0.004713696905574077,0.1416610395451606,0.1601383918830868,1
914,5000,5,bounded,ccmar,0.15,cc,0.14844803216100014,0.006244979051714536,0.13620809813543255,0.16068796618656772,1
914,5000,5,bounded,ccmar,0.15,seq,0.1476570704059763,0.005898792938581762,0.13609564869409688,0.15921849211785574,1
915,5000,5,bounded,ccmar,0.15,full,0.1465259582913353,0.004575780423353655,0.1375575934603987,0.1554943231222719,1
915,5000,5,bounded,ccmar,0.15,cc,0.1494502633443977,0.005914746902629755,0.13785757243757354,0.16104295425122186,1
915,5000,5,bounded,ccmar,0.15,seq,0.14859019811317198,0.005446084906655637,0.13791606783937974,0.15926432838696422,1
916,5000,5,bounded,ccmar,0.15,full,0.14777784037496552,0.004730859601647271,0.13850552593982138,0.15705015481010967,1
916,5000,5,bounded,ccmar,0.15,cc,0.14769411151968428,0.006381943783007556,0.13518573155363017,0.1602024914857384,1
916,5000,5,bounded,ccmar,0.15,seq,0.14721679812950902,0.0059955729573190186,0.13546569106648146,0.1589679051925366,1
917,5000,5,bounded,ccmar,0.15,full,0.14884920915055272,0.004537867558158037,0.13995515216995025,0.1577432661311552,1
917,5000,5,bounded,ccmar,0.15,cc,0.14910325574653535,0.005933635260479461,0.13747354433859865,0.16073296715447205,1
917,5000,5,bounded,ccmar,0.15,seq,0.15046928586718678,0.005317117383839708,0.1400479272932891,0.16089064444108445,1
918,5000,5,bounded,ccmar,0.15,full,0.15475829409984984,0.004709114642013311,0.14552859900243353,0.16398798919726615,1
918,5000,5,bounded,ccmar,0.15,cc,0.1522227120040623,0.0062456797307858195,0.13998140467275028,0.1644640193353743,1
918,5000,5,bounded,ccmar,0.15,seq,0.15160034243462686,0.005880675296347903,0.14007443064901057,0.16312625422024316,1
919,5000,5,bounded,ccmar,0.15,full,0.14680216558836992,0.004725407291798833,0.13754053748416126,0.15606379369257858,1
919,5000,5,bounded,ccmar,0.15,cc,0.14600047086272802,0.006715924538188645,0.13283750064498948,0.15916344108046657,1
919,5000,5,bounded,ccmar,0.15,seq,0.15162064103270945,0.006364420944468596,0.1391466051990986,0.1640946768663203,1
920,5000,5,bounded,ccmar,0.15,full,0.14640810947072583,0.004668906854040919,0.13725722018963343,0.15555899875181822,1
920,5000,5,bounded,ccmar,0.15,cc,0.1470846612434804,0.006196651982438463,0.1349394465331723,0.1592298759537885,1
920,5000,5,bounded,ccmar,0.15,seq,0.14492291199276391,0.005727860052159993,0.13369651258204462,0.1561493114034832,1
921,5000,5,bounded,ccmar,0.15,full,0.14578276340123217,0.004661804259780516,0.13664579494908696,0.15491973185337737,1
921,5000,5,bounded,ccmar,0.15,cc,0.1475518488369669,0.006335349879621124,0.13513479124344932,0.15996890643048448,1
921,5000,5,bounded,ccmar,0.15,seq,0.1496694698595464,0.0056038435171192075,0.1386861383909945,0.1606528013280983,1
922,5000,5,bounded,ccmar,0.15,full,0.15172573837440662,0.004631243985922776,0.14264866695838024,0.160802809790433,1
922,5000,5,bounded,ccmar,0.15,cc,0.15110835239876136,0.006097631883976111,0.13915721351518506,0.16305949128233765,1
922,5000,5,bounded,ccmar,0.15,seq,0.1535919080342591,0.005551364333301336,0.14271143387592827,0.16447238219258992,1
923,5000,5,bounded,ccmar,0.15,full,0.1359181658297639,0.004650195160786901,0.12680395079353912,0.14503238086598869,0
923,5000,5,bounded,ccmar,0.15,cc,0.13193635454889735,0.006385363534957336,0.11942127199218561,0.1444514371056091,0
923,5000,5,bounded,ccmar,0.15,seq,0.13454113168806678,0.0059027432064212605,0.12297196759349263,0.14611029578264093,0
924,5000,5,bounded,ccmar,0.15,full,0.14465951981060163,0.004661055697241423,0.1355240185140732,0.15379502110713006,1
924,5000,5,bounded,ccmar,0.15,cc,0.13454611437761435,0.006746562483132687,0.12132309489122517,0.14776913386400353,0
924,5000,5,bounded,ccmar,0.15,seq,0.13983648884239974,0.006065242397267963,0.12794883218624917,0.15172414549855032,1
925,5000,5,bounded,ccmar,0.15,full,0.1459847698994843,0.004659964266003856,0.1368514077688731,0.1551181320300955,1
925,5000,5,bounded,ccmar,0.15,cc,0.13985946040662584,0.0062176471078511574,0.12767309600665794,0.15204582480659373,1
925,5000,5,bounded,ccmar,0.15,seq,0.14628188020770963,0.005425653968510697,0.13564779383685185,0.1569159665785674,1
926,5000,5,bounded,ccmar,0.15,full,0.1504454701799956,0.004521963189502765,0.14158258518915431,0.15930835517083689,1
926,5000,5,bounded,ccmar,0.15,cc,0.1543065744788997,0.005790993363839063,0.14295643605106467,0.16565671290673473,1
926,5000,5,bounded,ccmar,0.15,seq,0.15612244990928875,0.005282076672394576,0.1457697698678162,0.1664751299507613,1
927,5000,5,bounded,ccmar,0.15,full,0.1471544513834089,0.004654066526940626,0.13803264860895187,0.15627625415786595,1
927,5000,5,bounded,ccmar,0.15,cc,0.14668798923403037,0.006182951723529961,0.1345696265377618,0.15880635193029893,1
927,5000,5,bounded,ccmar,0.15,seq,0.1507650707163833,0.005539673388349927,0.13990751038910246,0.16162263104366412,1
928,5000,5,bounded,ccmar,0.15,full,0.15303212869044072,0.004675107323188633,0.14386908671313153,0.1621951706677499,1
928,5000,5,bounded,ccmar,0.15,cc,0.15165792988725293,0.005991680953027296,0.1399144510124648,0.16340140876204107,1
928,5000,5,bounded,ccmar,0.15,seq,0.15022658819989684,0.005353892220757115,0.13973315227010374,0.16072002412968994,1
929,5000,5,bounded,ccmar,0.15,full,0.14756069879256906,0.004647729489618446,0.13845131638303218,0.15667008120210593,1
929,5000,5,bounded,ccmar,0.15,cc,0.15316801930851526,0.005922419078004974,0.1415602912142726,0.1647757474027579,1
929,5000,5,bounded,ccmar,0.15,seq,0.15010604991276197,0.005379725766368724,0.13956198116397714,0.1606501186615468,1
930,5000,5,bounded,ccmar,0.15,full,0.1597542956594638,0.004765395700921155,0.15041429171357634,0.16909429960535127,0
930,5000,5,bounded,ccmar,0.15,cc,0.16263407757843334,0.006170983975137435,0.15053917123799015,0.17472898391887653,0
930,5000,5,bounded,ccmar,0.15,seq,0.15990207505730536,0.005762947956586425,0.14860690461761727,0.17119724549699344,1
931,5000,5,bounded,ccmar,0.15,full,0.15164146737351947,0.004676983119707344,0.1424747489025913,0.16080818584444764,1
931,5000,5,bounded,ccmar,0.15,cc,0.15573251281341877,0.005933815101293263,0.14410244892396407,0.16736257670287347,1
931,5000,5,bounded,ccmar,0.15,seq,0.15210895117194523,0.005407640247232822,0.14151017104601962,0.16270773129787083,1
932,5000,5,bounded,ccmar,0.15,full,0.14626627279896806,0.004724911534482123,0.13700561636124522,0.1555269292366909,1
932,5000,5,bounded,ccmar,0.15,cc,0.1442411885203204,0.006199526257655019,0.13209034033410616,0.15639203670653462,1
932,5000,5,bounded,ccmar,0.15,seq,0.1483870693086448,0.005558390533238356,0.13749282405148922,0.15928131456580036,1
933,5000,5,bounded,ccmar,0.15,full,0.1550785181950758,0.0046805826878020705,0.14590474470032205,0.16425229168982952,1
933,5000,5,bounded,ccmar,0.15,cc,0.15387347767357928,0.0061310666020195454,0.1418568079468046,0.16589014740035396,1
933,5000,5,bounded,ccmar,0.15,seq,0.15212271075105577,0.005676592385359251,0.14099679412083732,0.16324862738127421,1
934,5000,5,bounded,ccmar,0.15,full,0.14400616392938828,0.004699592769270652,0.13479513135961294,0.15321719649916363,1
934,5000,5,bounded,ccmar,0.15,cc,0.14906915450877367,0.005793634934345372,0.13771383869788367,0.16042447031966367,1
934,5000,5,bounded,ccmar,0.15,seq,0.14337988982710012,0.005389362969772656,0.13281693250673188,0.15394284714746836,1
935,5000,5,bounded,ccmar,0.15,full,0.15359227113025667,0.004682579669166302,0.14441458362395124,0.1627699586365621,1
935,5000,5,bounded,ccmar,0.15,cc,0.1551027987407426,0.005861657328049271,0.14361416148805073,0.16659143599343446,1
935,5000,5,bounded,ccmar,0.15,seq,0.150736511723031,0.0054113630346492555,0.14013043506784711,0.1613425883782149,1
936,5000,5,bounded,ccmar,0.15,full,0.15386657412632845,0.004639586823657664,0.14477315104881283,0.16295999720384408,1
936,5000,5,bounded,ccmar,0.15,cc,0.1596819030048579,0.0061671378912636875,0.14759453485028878,0.17176927115942703,1
936,5000,5,bounded,ccmar,0.15,seq,0.15928167054829165,0.005710701502523919,0.148088901276886,0.1704744398196973,1
937,5000,5,bounded,ccmar,0.15,full,0.152160301974145,0.004653189139738662,0.14304021884700432,0.1612803851012857,1
937,5000,5,bounded,ccmar,0.15,cc,0.14982978032639302,0.006285857170069983,0.13750972666109298,0.16214983399169305,1
937,5000,5,bounded,ccmar,0.15,seq,0.1536482362527054,0.0056872067826303375,0.14250151578611803,0.16479495671929278,1
938,5000,5,bounded,ccmar,0.15,full,0.1561821520686725,0.004740788959906361,0.14689037644895092,0.16547392768839408,1
938,5000,5,bounded,ccmar,0.15,cc,0.15585754464482976,0.005907788780813304,0.1442784914061659,0.16743659788349363,1
938,5000,5,bounded,ccmar,0.15,seq,0.15923472179026463,0.005301612205014359,0.1488437528084385,0.16962569077209075,1
939,5000,5,bounded,ccmar,0.15,full,0.14473239138927244,0.004549999243827414,0.13581455674168622,0.15365022603685866,1
939,5000,5,bounded,ccmar,0.15,cc,0.14417046563617295,0.0059090005716839035,0.1325890373310459,0.15575189394129998,1
939,5000,5,bounded,ccmar,0.15,seq,0.14681694604908727,0.0053945870415063055,0.13624374973626843,0.1573901423619061,1
940,5000,5,bounded,ccmar,0.15,full,0.15384618491312418,0.004655055170478622,0.14472244443293913,0.16296992539330923,1
940,5000,5,bounded,ccmar,0.15,cc,0.15491764793391274,0.005860609216179609,0.1434310649427372,0.1664042309250883,1
940,5000,5,bounded,ccmar,0.15,seq,0.15512728815782717,0.005265545814648728,0.14480700800217006,0.16544756831348428,1
941,5000,5,bounded,ccmar,0.15,full,0.15020127353119778,0.0047586813269762185,0.14087442951642112,0.15952811754597443,1
941,5000,5,bounded,ccmar,0.15,cc,0.1541479710084054,0.006138877476277316,0.14211599224939772,0.1661799497674131,1
941,5000,5,bounded,ccmar,0.15,seq,0.1513095634822414,0.005697747699240135,0.14014218319873478,0.162476943765748,1
942,5000,5,bounded,ccmar,0.15,full,0.14782186060552757,0.004672433753703217,0.13866405872811996,0.15697966248293518,1
942,5000,5,bounded,ccmar,0.15,cc,0.1461437179468552,0.006045766442014261,0.13429423346156638,0.15799320243214404,1
942,5000,5,bounded,ccmar,0.15,seq,0.14942668456787442,0.005549622286791588,0.1385496247579621,0.16030374437778674,1
943,5000,5,bounded,ccmar,0.15,full,0.1475579268883062,0.00475670553748479,0.13823495534977379,0.15688089842683864,1
943,5000,5,bounded,ccmar,0.15,cc,0.1395917260271495,0.006485261733904128,0.12688084659838164,0.15230260545591737,1
943,5000,5,bounded,ccmar,0.15,seq,0.14582107985259193,0.006020298291167085,0.1340215120257164,0.15762064767946746,1
944,5000,5,bounded,ccmar,0.15,full,0.14968212594247662,0.004676420646175917,0.1405165098994123,0.15884774198554094,1
944,5000,5,bounded,ccmar,0.15,cc,0.14777414934087305,0.006260081115463774,0.13550461581426473,0.16004368286748136,1
944,5000,5,bounded,ccmar,0.15,seq,0.15186135251377678,0.005717995219569833,0.1406542878196477,0.16306841720790585,1
945,5000,5,bounded,ccmar,0.15,full,0.16176670919276553,0.0046312618063733295,0.1526896028492979,0.17084381553623318,0
945,5000,5,bounded,ccmar,0.15,cc,0.16016089634072556,0.006140597089731222,0.1481255472012809,0.1721962454801702,1
945,5000,5,bounded,ccmar,0.15,seq,0.1586197043801781,0.005614096560999613,0.1476162773148887,0.16962313144546753,1
946,5000,5,bounded,ccmar,0.15,full,0.14929207374975864,0.004560053023968859,0.14035453405518672,0.15822961344433056,1
946,5000,5,bounded,ccmar,0.15,cc,0.15155490147085424,0.006402396041601294,0.1390064358145539,0.16410336712715456,1
946,5000,5,bounded,ccmar,0.15,seq,0.1482524965073732,0.005907887674554935,0.13667324944053744,0.15983174357420898,1
947,5000,5,bounded,ccmar,0.15,full,0.15089816386138272,0.004657673753898266,0.14176929105200464,0.1600270366707608,1
947,5000,5,bounded,ccmar,0.15,cc,0.14845831202528564,0.00625442389558951,0.1361998664458835,0.1607167576046878,1
947,5000,5,bounded,ccmar,0.15,seq,0.14794949041657002,0.0057709711837400385,0.13663859474062107,0.15926038609251897,1
948,5000,5,bounded,ccmar,0.15,full,0.1499339403673491,0.0046029671036471155,0.1409122906221781,0.1589555901125201,1
948,5000,5,bounded,ccmar,0.15,cc,0.1478906194171288,0.006241419744740774,0.13565766150503972,0.1601235773292179,1
948,5000,5,bounded,ccmar,0.15,seq,0.1520518693991454,0.005723821961102068,0.1408333845014659,0.16327035429682488,1
949,5000,5,bounded,ccmar,0.15,full,0.15019991826277743,0.004728305640191911,0.14093260950010367,0.15946722702545119,1
949,5000,5,bounded,ccmar,0.15,cc,0.15189821555931404,0.006003181051202546,0.14013219690628376,0.16366423421234433,1
949,5000,5,bounded,ccmar,0.15,seq,0.1484476735469154,0.005540750778449715,0.13758800157384168,0.15930734551998912,1
950,5000,5,bounded,ccmar,0.15,full,0.15419560136337548,0.004645235781840172,0.145091106531272,0.16330009619547897,1
950,5000,5,bounded,ccmar,0.15,cc,0.15989401404047762,0.005981253341735907,0.1481709729082654,0.17161705517268985,1
950,5000,5,bounded,ccmar,0.15,seq,0.16069355418466802,0.005532454345222074,0.14985014292192061,0.17153696544741542,1
951,5000,5,bounded,ccmar,0.15,full,0.14637053716826937,0.0046599247024335785,0.13723725258083103,0.1555038217557077,1
951,5000,5,bounded,ccmar,0.15,cc,0.14097449571254436,0.006222641868140258,0.1287783417622984,0.15317064966279031,1
951,5000,5,bounded,ccmar,0.15,seq,0.1429486079439476,0.005871331333314252,0.13144100998935013,0.15445620589854506,1
952,5000,5,bounded,ccmar,0.15,full,0.1440282738235464,0.004680205819240136,0.13485523897760096,0.15320130866949186,1
952,5000,5,bounded,ccmar,0.15,cc,0.1482870177116269,0.006045844942492112,0.13643737936822872,0.16013665605502506,1
952,5000,5,bounded,ccmar,0.15,seq,0.1484313934483519,0.005503110139840189,0.13764549577130797,0.15921729112539584,1
953,5000,5,bounded,ccmar,0.15,full,0.14981561735827847,0.00467158370313247,0.14065948154937458,0.15897175316718237,1
953,5000,5,bounded,ccmar,0.15,cc,0.14812389033828513,0.006446704308093419,0.13548858207544281,0.16075919860112745,1
953,5000,5,bounded,ccmar,0.15,seq,0.14894024028164418,0.006006448735613417,0.13716781708485573,0.16071266347843263,1
954,5000,5,bounded,ccmar,0.15,full,0.14068566302237065,0.004732957926969961,0.13140923594516618,0.14996209009957512,0
954,5000,5,bounded,ccmar,0.15,cc,0.1439070765618961,0.006359051252342501,0.13144356513146047,0.15637058799233175,1
954,5000,5,bounded,ccmar,0.15,seq,0.1446270251837568,0.005868620482960311,0.13312474039822053,0.15612930996929308,1
955,5000,5,bounded,ccmar,0.15,full,0.15662734294929112,0.004587101796005274,0.1476367886357018,0.16561789726288045,1
955,5000,5,bounded,ccmar,0.15,cc,0.16235509784171634,0.00619541505700249,0.1502123074607143,0.1744978882227184,0
955,5000,5,bounded,ccmar,0.15,seq,0.1601611599955759,0.0057531473427135625,0.148885198406105,0.1714371215850468,1
956,5000,5,bounded,ccmar,0.15,full,0.15064711851088652,0.004672128432250931,0.1414899150525291,0.15980432196924393,1
956,5000,5,bounded,ccmar,0.15,cc,0.15350948445180726,0.005899252289620225,0.14194716242843616,0.16507180647517836,1
956,5000,5,bounded,ccmar,0.15,seq,0.15131737453875352,0.005340282808207472,0.14085061256740844,0.1617841365100986,1
957,5000,5,bounded,ccmar,0.15,full,0.151787035271597,0.004621985869642522,0.14272810943004463,0.1608459611131494,1
957,5000,5,bounded,ccmar,0.15,cc,0.15680421853557283,0.006304238459810233,0.1444481382043925,0.16916029886675316,1
957,5000,5,bounded,ccmar,0.15,seq,0.15600457943058227,0.0057820916092502445,0.14467188812114054,0.167337270740024,1
958,5000,5,bounded,ccmar,0.15,full,0.15187243076196155,0.0046556977259292675,0.14274743089623515,0.16099743062768795,1
958,5000,5,bounded,ccmar,0.15,cc,0.15259829905349653,0.005948235904095626,0.14093997090992105,0.164256627197072,1
958,5000,5,bounded,ccmar,0.15,seq,0.15312645616897932,0.005448973300451803,0.14244666474737344,0.1638062475905852,1
959,5000,5,bounded,ccmar,0.15,full,0.14449640414658352,0.00472562816488862,0.1352343431390737,0.15375846515409333,1
959,5000,5,bounded,ccmar,0.15,cc,0.14504028844142217,0.006319010033498068,0.13265525635781872,0.1574253205250256,1
959,5000,5,bounded,ccmar,0.15,seq,0.14678697306324826,0.005736043350280492,0.13554453468293803,0.15802941144355848,1
960,5000,5,bounded,ccmar,0.15,full,0.14899323925056118,0.0048127056643177,0.13956050948030657,0.1584259690208158,1
960,5000,5,bounded,ccmar,0.15,cc,0.14434842345363696,0.006353962535936838,0.13189488572408398,0.15680196118318995,1
960,5000,5,bounded,ccmar,0.15,seq,0.14584467183959246,0.0059518357068266406,0.13417928821231276,0.15751005546687216,1
961,5000,5,bounded,ccmar,0.15,full,0.1551543420686064,0.004739320675184331,0.14586544423405906,0.16444323990315374,1
961,5000,5,bounded,ccmar,0.15,cc,0.16051832229997295,0.006332978427991084,0.14810591266624135,0.17293073193370456,1
961,5000,5,bounded,ccmar,0.15,seq,0.15929302750916682,0.005778003132474207,0.14796834946695775,0.1706177055513759,1
962,5000,5,bounded,ccmar,0.15,full,0.15220324526679915,0.004782377783480654,0.14282995705071258,0.16157653348288573,1
962,5000,5,bounded,ccmar,0.15,cc,0.15245983881427969,0.006088373179962919,0.14052684665711276,0.1643928309714466,1
962,5000,5,bounded,ccmar,0.15,seq,0.15114301351385337,0.005542053788183501,0.14028078768862992,0.16200523933907682,1
963,5000,5,bounded,ccmar,0.15,full,0.14802212323502711,0.004630061414307964,0.13894736961677492,0.1570968768532793,1
963,5000,5,bounded,ccmar,0.15,cc,0.14616866830405156,0.0060892609062191605,0.13423393623539429,0.15810340037270884,1
963,5000,5,bounded,ccmar,0.15,seq,0.14594067684725986,0.005532375211609999,0.1350974206835421,0.15678393301097762,1
964,5000,5,bounded,ccmar,0.15,full,0.14557948966802337,0.004670307171572243,0.13642585581500263,0.1547331235210441,1
964,5000,5,bounded,ccmar,0.15,cc,0.1451252259085601,0.006109961533465987,0.13314992135604165,0.15710053046107858,1
964,5000,5,bounded,ccmar,0.15,seq,0.1425031713729019,0.0057456481123945805,0.13124190800476795,0.15376443474103582,1
965,5000,5,bounded,ccmar,0.15,full,0.14845847212063723,0.004737223098136879,0.1391736854615577,0.15774325877971676,1
965,5000,5,bounded,ccmar,0.15,cc,0.1548764926719678,0.0060336087647888045,0.14305083679617653,0.16670214854775905,1
965,5000,5,bounded,ccmar,0.15,seq,0.15382179730304116,0.0056684565475513555,0.14271182662191023,0.16493176798417208,1
966,5000,5,bounded,ccmar,0.15,full,0.14927736515191217,0.004645783925181541,0.14017179597860122,0.15838293432522313,1
966,5000,5,bounded,ccmar,0.15,cc,0.15385673507810702,0.005849439090958295,0.14239204513006803,0.165321425026146,1
966,5000,5,bounded,ccmar,0.15,seq,0.1502414156090922,0.0052677971783312745,0.1399167228617012,0.16056610835648322,1
967,5000,5,bounded,ccmar,0.15,full,0.1476485998364486,0.004655174868045191,0.138524624753344,0.15677257491955318,1
967,5000,5,bounded,ccmar,0.15,cc,0.14890740450333426,0.006323518603953644,0.13651353578401612,0.1613012732226524,1
967,5000,5,bounded,ccmar,0.15,seq,0.14959424944507047,0.0055902175735322,0.13863762433520446,0.16055087455493647,1
968,5000,5,bounded,ccmar,0.15,full,0.15225860294775476,0.0046371121380840786,0.14317003016483643,0.1613471757306731,1
968,5000,5,bounded,ccmar,0.15,cc,0.1572671382547381,0.006057246030619404,0.14539515418922586,0.16913912232025033,1
968,5000,5,bounded,ccmar,0.15,seq,0.15708106604134273,0.005674198035426827,0.14595984225075823,0.16820228983192723,1
969,5000,5,bounded,ccmar,0.15,full,0.15487263658940248,0.004702218367077466,0.1456564579424879,0.16408881523631705,1
969,5000,5,bounded,ccmar,0.15,cc,0.15606266501852642,0.006064977927772719,0.14417552671306152,0.16794980332399131,1
969,5000,5,bounded,ccmar,0.15,seq,0.15606159392526137,0.005698403383593466,0.14489292852403698,0.16723025932648575,1
970,5000,5,bounded,ccmar,0.15,full,0.1570484272115781,0.004644619467531416,0.14794514033332293,0.16615171408983329,1
970,5000,5,bounded,ccmar,0.15,cc,0.15848469931082143,0.006397736696064053,0.1459453658039656,0.17102403281767725,1
970,5000,5,bounded,ccmar,0.15,seq,0.15974834511477734,0.005844093076105291,0.14829413316331108,0.1712025570662436,1
971,5000,5,bounded,ccmar,0.15,full,0.15024164246330002,0.004679632558937752,0.14106973118690103,0.159413553739699,1
971,5000,5,bounded,ccmar,0.15,cc,0.1506789716627074,0.006241469078993575,0.13844591705725962,0.1629120262681552,1
971,5000,5,bounded,ccmar,0.15,seq,0.14998305567731182,0.005749468333007478,0.13871430481436361,0.16125180654026003,1
972,5000,5,bounded,ccmar,0.15,full,0.14705976149273983,0.004715890625222875,0.13781678571227293,0.15630273727320673,1
972,5000,5,bounded,ccmar,0.15,cc,0.15070962890092668,0.006133956264891445,0.13868729553899561,0.16273196226285774,1
972,5000,5,bounded,ccmar,0.15,seq,0.15011372153890934,0.00565827233339105,0.13902371155074347,0.1612037315270752,1
973,5000,5,bounded,ccmar,0.15,full,0.1447060603594256,0.004647974822187114,0.1355961971068899,0.1538159236119613,1
973,5000,5,bounded,ccmar,0.15,cc,0.1460132108832751,0.006157427883314174,0.1339448739945766,0.15808154777197359,1
973,5000,5,bounded,ccmar,0.15,seq,0.14685651257697888,0.005700292502424666,0.13568414457088282,0.15802888058307493,1
974,5000,5,bounded,ccmar,0.15,full,0.14555715511067743,0.004600761726432451,0.1365398278254195,0.15457448239593535,1
974,5000,5,bounded,ccmar,0.15,cc,0.14314886193700108,0.006005429933024221,0.1313784355565948,0.15491928831740734,1
974,5000,5,bounded,ccmar,0.15,seq,0.1391487780391234,0.005502158524503744,0.128364745493866,0.1499328105843808,0
975,5000,5,bounded,ccmar,0.15,full,0.15343186149532406,0.00465882618661348,0.14430072995932955,0.16256299303131858,1
975,5000,5,bounded,ccmar,0.15,cc,0.15458238995846732,0.00648891148624614,0.14186435714655662,0.16730042277037802,1
975,5000,5,bounded,ccmar,0.15,seq,0.1517712424980805,0.00588890669390778,0.14022919746970441,0.16331328752645657,1
976,5000,5,bounded,ccmar,0.15,full,0.15193267953315193,0.00474352503433117,0.1426355413060987,0.16122981776020515,1
976,5000,5,bounded,ccmar,0.15,cc,0.1483512198909918,0.0065193094129976144,0.1355736082374435,0.16112883154454008,1
976,5000,5,bounded,ccmar,0.15,seq,0.15019485211516612,0.005851561103245194,0.13872600309947006,0.16166370113086218,1
977,5000,5,bounded,ccmar,0.15,full,0.1563162308624619,0.004666253331681482,0.14717054238962618,0.16546191933529764,1
977,5000,5,bounded,ccmar,0.15,cc,0.1555620979489429,0.005916910453608399,0.1439651665601219,0.16715902933776391,1
977,5000,5,bounded,ccmar,0.15,seq,0.15667919049711332,0.005405524738162421,0.14608455669277468,0.16727382430145196,1
978,5000,5,bounded,ccmar,0.15,full,0.14854619736110802,0.004726265641078379,0.1392828869232253,0.15780950779899075,1
978,5000,5,bounded,ccmar,0.15,cc,0.15469406297836963,0.006279572560710161,0.14238632692107175,0.1670017990356675,1
978,5000,5,bounded,ccmar,0.15,seq,0.15422460234025243,0.005751581102088896,0.142951710525997,0.16549749415450785,1
979,5000,5,bounded,ccmar,0.15,full,0.15844980930531158,0.004696602905462751,0.1492446367609184,0.16765498184970476,1
979,5000,5,bounded,ccmar,0.15,cc,0.15996725190557323,0.00574666634587208,0.14870399283649555,0.17123051097465092,1
979,5000,5,bounded,ccmar,0.15,seq,0.15692513232537517,0.005321719318645739,0.1464947541249985,0.16735551052575184,1
980,5000,5,bounded,ccmar,0.15,full,0.14240943817144494,0.004659621296029127,0.133276748249632,0.15154212809325787,1
980,5000,5,bounded,ccmar,0.15,cc,0.1404702832099634,0.006465751035203247,0.12779764404796248,0.15314292237196434,1
980,5000,5,bounded,ccmar,0.15,seq,0.144051070542278,0.0058267957520511315,0.1326307607229868,0.1554713803615692,1
981,5000,5,bounded,ccmar,0.15,full,0.15735425541029263,0.004661326988741001,0.14821822239219573,0.16649028842838953,1
981,5000,5,bounded,ccmar,0.15,cc,0.1560238768398362,0.00635109801211275,0.14357595347381127,0.16847180020586114,1
981,5000,5,bounded,ccmar,0.15,seq,0.15847848314964186,0.005624576146187025,0.1474545164748122,0.16950244982447152,1
982,5000,5,bounded,ccmar,0.15,full,0.15393459095816434,0.004721236464930613,0.14468113752440312,0.16318804439192555,1
982,5000,5,bounded,ccmar,0.15,cc,0.1547296990320926,0.0063787270319864905,0.142227623782187,0.1672317742819982,1
982,5000,5,bounded,ccmar,0.15,seq,0.15575214117566288,0.005768253254782614,0.14444657254258303,0.16705770980874274,1
983,5000,5,bounded,ccmar,0.15,full,0.14512867216497474,0.004711229834506202,0.13589483136645197,0.1543625129634975,1
983,5000,5,bounded,ccmar,0.15,cc,0.14489875836504834,0.006085295904126586,0.13297179755769112,0.15682571917240556,1
983,5000,5,bounded,ccmar,0.15,seq,0.14408261708724163,0.005685237708944813,0.1329397559341608,0.15522547824032246,1
984,5000,5,bounded,ccmar,0.15,full,0.1485851692995558,0.004643251627153044,0.13948456333917886,0.15768577525993277,1
984,5000,5,bounded,ccmar,0.15,cc,0.14786390856370885,0.00612811714206605,0.13585301967221686,0.15987479745520083,1
984,5000,5,bounded,ccmar,0.15,seq,0.14923103284264438,0.0056412813133533525,0.138174324641813,0.16028774104347576,1
985,5000,5,bounded,ccmar,0.15,full,0.15619782322951897,0.004642491077853749,0.1470987079183771,0.16529693854066085,1
985,5000,5,bounded,ccmar,0.15,cc,0.15898584614756914,0.006038582596379654,0.14715044174099465,0.17082125055414363,1
985,5000,5,bounded,ccmar,0.15,seq,0.15914969800040976,0.00555402691856799,0.1482640052708505,0.170035390729969,1
986,5000,5,bounded,ccmar,0.15,full,0.1449489529197409,0.004649790528716253,0.13583553094780157,0.1540623748916802,1
986,5000,5,bounded,ccmar,0.15,cc,0.13971203980192196,0.006099855048559368,0.12775654359583077,0.15166753600801314,1
986,5000,5,bounded,ccmar,0.15,seq,0.13983850988057733,0.005709039157710902,0.12864899874513508,0.1510280210160196,1
987,5000,5,bounded,ccmar,0.15,full,0.14333458097281426,0.004595632997596737,0.13432730581136082,0.1523418561342677,1
987,5000,5,bounded,ccmar,0.15,cc,0.1523201526553978,0.005871546038025779,0.14081213388729844,0.16382817142349718,1
987,5000,5,bounded,ccmar,0.15,seq,0.1513144150521828,0.005320678281461013,0.14088607724719474,0.16174275285717085,1
988,5000,5,bounded,ccmar,0.15,full,0.1430511376679419,0.004670492079077081,0.1338971414028712,0.15220513393301258,1
988,5000,5,bounded,ccmar,0.15,cc,0.1445219638496648,0.0064571414537004925,0.13186619915733122,0.15717772854199835,1
988,5000,5,bounded,ccmar,0.15,seq,0.14411405725858709,0.006058136924585463,0.13224032707298733,0.15598778744418684,1
989,5000,5,bounded,ccmar,0.15,full,0.1479396765320729,0.004596742326709344,0.13893022712551173,0.15694912593863408,1
989,5000,5,bounded,ccmar,0.15,cc,0.15625585570709105,0.005793198492004936,0.14490139530746962,0.16761031610671248,1
989,5000,5,bounded,ccmar,0.15,seq,0.15197838621878404,0.005233871557122728,0.14172018646711493,0.16223658597045315,1
990,5000,5,bounded,ccmar,0.15,full,0.159696530826738,0.004638515144281846,0.15060520820220197,0.168787853451274,0
990,5000,5,bounded,ccmar,0.15,cc,0.1571181628151758,0.006041321296487509,0.14527739065502546,0.16895893497532613,1
990,5000,5,bounded,ccmar,0.15,seq,0.1591071493736891,0.005406421906840025,0.1485107571510543,0.16970354159632392,1
991,5000,5,bounded,ccmar,0.15,full,0.14193752190434217,0.004711167114774059,0.13270380403423554,0.1511712397744488,1
991,5000,5,bounded,ccmar,0.15,cc,0.14520124571492765,0.006354930452931995,0.13274581090292412,0.1576566805269312,1
991,5000,5,bounded,ccmar,0.15,seq,0.1458961263196771,0.005734538466441034,0.13465663745749312,0.1571356151818611,1
992,5000,5,bounded,ccmar,0.15,full,0.1423392383802213,0.0047019371647760485,0.13312361087968988,0.15155486588075273,1
992,5000,5,bounded,ccmar,0.15,cc,0.14835251835356583,0.006082843391613371,0.13643036438240616,0.1602746723247255,1
992,5000,5,bounded,ccmar,0.15,seq,0.14658277400274733,0.0055695173351002145,0.1356667206146794,0.15749882739081525,1
993,5000,5,bounded,ccmar,0.15,full,0.14812437841010873,0.00468342918713006,0.1389450258791901,0.15730373094102734,1
993,5000,5,bounded,ccmar,0.15,cc,0.1453135656376999,0.006420185371730779,0.13273023353503668,0.1578968977403631,1
993,5000,5,bounded,ccmar,0.15,seq,0.14457435434475413,0.005855414976942891,0.13309795187540963,0.15605075681409863,1
994,5000,5,bounded,ccmar,0.15,full,0.14651614262644108,0.004617641381005388,0.1374657318261487,0.15556655342673345,1
994,5000,5,bounded,ccmar,0.15,cc,0.1542969608643574,0.0057869524699381385,0.14295474244303355,0.16563917928568125,1
994,5000,5,bounded,ccmar,0.15,seq,0.15169510218880014,0.0053008013668357605,0.14130572242060135,0.16208448195699893,1
995,5000,5,bounded,ccmar,0.15,full,0.15549576130148038,0.004589922309152614,0.14649967888370433,0.16449184371925643,1
995,5000,5,bounded,ccmar,0.15,cc,0.15658353776003017,0.006609264737666781,0.14362961690991272,0.16953745861014763,1
995,5000,5,bounded,ccmar,0.15,seq,0.16064283911446006,0.0057316829457936015,0.14940894696990215,0.17187673125901798,1
996,5000,5,bounded,ccmar,0.15,full,0.15495718981731624,0.004698965553901244,0.1457473865670755,0.16416699306755697,1
996,5000,5,bounded,ccmar,0.15,cc,0.15937908605910203,0.0059359183947448125,0.1477448997902334,0.17101327232797067,1
996,5000,5,bounded,ccmar,0.15,seq,0.1593892366141174,0.005363819881152612,0.14887634282749837,0.16990213040073646,1
997,5000,5,bounded,ccmar,0.15,full,0.14735951946157683,0.004618285879864295,0.13830784546673294,0.1564111934564207,1
997,5000,5,bounded,ccmar,0.15,cc,0.14643504697377266,0.006392162535309809,0.1339066386212392,0.15896345532630612,1
997,5000,5,bounded,ccmar,0.15,seq,0.14776335187499712,0.00595233688184331,0.13609698596273478,0.15942971778725945,1
998,5000,5,bounded,ccmar,0.15,full,0.16130825727103382,0.004643935803940592,0.1522063103487942,0.17041020419327343,0
998,5000,5,bounded,ccmar,0.15,cc,0.15363536047075627,0.006139049480647689,0.14160304458937747,0.16566767635213506,1
998,5000,5,bounded,ccmar,0.15,seq,0.15828758925329345,0.005498944959426911,0.14750985517984863,0.16906532332673826,1
999,5000,5,bounded,ccmar,0.15,full,0.14329354734111022,0.004713006548160216,0.13405622424781474,0.1525308704344057,1
999,5000,5,bounded,ccmar,0.15,cc,0.1504557376632403,0.005955028325442498,0.13878409661845714,0.16212737870802346,1
999,5000,5,bounded,ccmar,0.15,seq,0.14722728069713306,0.005486660059721317,0.1364736245846649,0.15798093680960124,1
1000,5000,5,bounded,ccmar,0.15,full,0.15074993390299354,0.004737942056627476,0.14146373811116605,0.16003612969482103,1
1000,5000,5,bounded,ccmar,0.15,cc,0.14886901409419717,0.006771996123904504,0.1355961455878995,0.16214188260049484,1
1000,5000,5,bounded,ccmar,0.15,seq,0.1530658986817093,0.006185072511316199,0.14094337931776085,0.16518841804565776,1
