replicate,n,folds,design,scenario,psi,estimator,estimate,se,ci_lo,ci_hi,covered
1,5000,5,stress,ccmar,0.2558505160746848,full,0.25391879886004,0.006457044430184178,0.24126322433030403,0.2665743733897759,1
1,5000,5,stress,ccmar,0.2558505160746848,cc,0.25567939901288445,0.018624767207554172,0.21917552606563562,0.2921832719601333,1
1,5000,5,stress,ccmar,0.2558505160746848,seq,0.25487283000346145,0.018204023381550985,0.21919359980189645,0.29055206020502644,1
2,5000,5,stress,ccmar,0.2558505160746848,full,0.2703943359571464,0.006417187239827226,0.25781688008503506,0.28297179182925775,0
2,5000,5,stress,ccmar,0.2558505160746848,cc,0.23983124381242596,0.012530493787035149,0.21527192728133415,0.26439056034351777,1
2,5000,5,stress,ccmar,0.2558505160746848,seq,0.24090058746967802,0.012200023407903516,0.2169889809796415,0.2648121939597145,1
3,5000,5,stress,ccmar,0.2558505160746848,full,0.251422764237648,0.0062745299439232564,0.23912491152764026,0.2637206169476557,1
3,5000,5,stress,ccmar,0.2558505160746848,cc,0.2524038648590378,0.016667762091274966,0.21973565145725688,0.28507207826081876,1
3,5000,5,stress,ccmar,0.2558505160746848,seq,0.2552643045472317,0.017719649497482243,0.22053442971349324,0.28999417938097016,1
4,5000,5,stress,ccmar,0.2558505160746848,full,0.2485224293774153,0.006156025009512619,0.23645684207084272,0.2605880166839879,1
4,5000,5,stress,ccmar,0.2558505160746848,cc,0.26583621781244937,0.014601334299860888,0.23721812845849266,0.2944543071664061,1
4,5000,5,stress,ccmar,0.2558505160746848,seq,0.2626489499172836,0.014854018160522476,0.23353560929695566,0.29176229053761155,1
5,5000,5,stress,ccmar,0.2558505160746848,full,0.25580744938089944,0.006874693162041401,0.2423332983785345,0.2692816003832644,1
5,5000,5,stress,ccmar,0.2558505160746848,cc,0.23220910414383278,0.020463448630850967,0.1921014818278794,0.27231672645978616,1
5,5000,5,stress,ccmar,0.2558505160746848,seq,0.2298180901564958,0.021704166460164286,0.1872787055801116,0.27235747473287997,1
6,5000,5,stress,ccmar,0.2558505160746848,full,0.2510187647317737,0.006897345899014437,0.23750021518079037,0.26453731428275706,1
6,5000,5,stress,ccmar,0.2558505160746848,cc,0.26498397882847785,0.01449354450336448,0.23657715359355502,0.2933908040634007,1
6,5000,5,stress,ccmar,0.2558505160746848,seq,0.2638365013441064,0.014227060087938309,0.23595197596586007,0.2917210267223527,1
7,5000,5,stress,ccmar,0.2558505160746848,full,0.2480661627044109,0.006265747520234427,0.23578552322853027,0.26034680218029155,1
7,5000,5,stress,ccmar,0.2558505160746848,cc,0.24877820392889913,0.009984880873474978,0.22920819702696532,0.26834821083083293,1
7,5000,5,stress,ccmar,0.2558505160746848,seq,0.24539460796806553,0.009905256497328159,0.22598066197567096,0.2648085539604601,1
8,5000,5,stress,ccmar,0.2558505160746848,full,0.24427655973483542,0.006618648673228888,0.23130424670898297,0.25724887276068786,1
8,5000,5,stress,ccmar,0.2558505160746848,cc,0.26680760275670395,0.01406080910866487,0.23924892331022807,0.29436628220317984,1
8,5000,5,stress,ccmar,0.2558505160746848,seq,0.27071077005727723,0.014184268228674038,0.24291011518202038,0.2985114249325341,1
9,5000,5,stress,ccmar,0.2558505160746848,full,0.26356359064416474,0.006758752712925341,0.25031667874641866,0.2768105025419108,1
9,5000,5,stress,ccmar,0.2558505160746848,cc,0.2719915732765743,0.014192031058676136,0.24417570353409523,0.2998074430190534,1
9,5000,5,stress,ccmar,0.2558505160746848,seq,0.26850690564190643,0.014983898829708398,0.2391390035876861,0.29787480769612673,1
10,5000,5,stress,ccmar,0.2558505160746848,full,0.26137204760512484,0.0066299144673356274,0.24837765402856596,0.27436644118168374,1
10,5000,5,stress,ccmar,0.2558505160746848,cc,0.2581782574295994,0.013629419383897516,0.23146508630696816,0.2848914285522306,1
10,5000,5,stress,ccmar,0.2558505160746848,seq,0.2572678579163377,0.012478089424046353,0.23281125204933673,0.2817244637833387,1
11,5000,5,stress,ccmar,0.2558505160746848,full,0.2613405312271433,0.006725228095391606,0.24815932637235885,0.27452173608192776,1
11,5000,5,stress,ccmar,0.2558505160746848,cc,0.2779861458269877,0.014511312174809601,0.2495444965959433,0.30642779505803214,1
11,5000,5,stress,ccmar,0.2558505160746848,seq,0.2787462645927849,0.01569799607798089,0.24797875765049132,0.3095137715350785,1
12,5000,5,stress,ccmar,0.2558505160746848,full,0.2466862922649093,0.0063614049069040165,0.23421816775630105,0.2591544167735175,1
12,5000,5,stress,ccmar,0.2558505160746848,cc,0.24474744860501504,0.010677126947395777,0.22382066432975722,0.26567423288027286,1
12,5000,5,stress,ccmar,0.2558505160746848,seq,0.2456912168672631,0.010677514436006447,0.22476367312828396,0.26661876060624223,1
13,5000,5,stress,ccmar,0.2558505160746848,full,0.2663314710040875,0.006423262298913461,0.2537421082349632,0.2789208337732118,1
13,5000,5,stress,ccmar,0.2558505160746848,cc,0.27895784997766565,0.013491541589984606,0.25251491436537155,0.30540078558995976,1
13,5000,5,stress,ccmar,0.2558505160746848,seq,0.2781206054966496,0.013828725481889771,0.2510168016000543,0.30522440939324486,1
14,5000,5,stress,ccmar,0.2558505160746848,full,0.2544826903429664,0.007049179017804336,0.24066655334749446,0.2682988273384383,1
14,5000,5,stress,ccmar,0.2558505160746848,cc,0.213448165731701,0.036259792320488586,0.14238027869664133,0.2845160527667607,1
14,5000,5,stress,ccmar,0.2558505160746848,seq,0.2228420350134706,0.030029213394469345,0.1639858582762429,0.2816982117506983,1
15,5000,5,stress,ccmar,0.2558505160746848,full,0.25688830330387774,0.0063111377057134006,0.24451870069920673,0.26925790590854876,1
15,5000,5,stress,ccmar,0.2558505160746848,cc,0.26110075443649605,0.012877933884936158,0.2358604678267332,0.2863410410462589,1
15,5000,5,stress,ccmar,0.2558505160746848,seq,0.2639733450533592,0.013541318711519822,0.237432848075602,0.29051384203111635,1
16,5000,5,stress,ccmar,0.2558505160746848,full,0.2614126897929505,0.0062664114114865666,0.24913074911412603,0.273694630471775,1
16,5000,5,stress,ccmar,0.2558505160746848,cc,0.25592152092596543,0.0104129984596238,0.23551241897403172,0.2763306228778991,1
16,5000,5,stress,ccmar,0.2558505160746848,seq,0.25786105725679875,0.010041506360678625,0.23818006643933878,0.27754204807425875,1
17,5000,5,stress,ccmar,0.2558505160746848,full,0.25760985648320023,0.006433876082021322,0.24499969108144476,0.2702200218849557,1
17,5000,5,stress,ccmar,0.2558505160746848,cc,0.26396761753834896,0.02023327702757881,0.22431112327507285,0.3036241118016251,1
17,5000,5,stress,ccmar,0.2558505160746848,seq,0.2563425276430682,0.020878641171745947,0.215421142900311,0.2972639123858254,1
18,5000,5,stress,ccmar,0.2558505160746848,full,0.25359113855703225,0.006777177540048994,0.24030811466170246,0.26687416245236206,1
18,5000,5,stress,ccmar,0.2558505160746848,cc,0.25839063134893203,0.010382333912062473,0.23804163080582075,0.2787396318920433,1
18,5000,5,stress,ccmar,0.2558505160746848,seq,0.2590798786425726,0.010395391185950393,0.2387052863129047,0.27945447097224047,1
19,5000,5,stress,ccmar,0.2558505160746848,full,0.26560732635283624,0.0063650438583998555,0.2531320696303547,0.2780825830753178,1
19,5000,5,stress,ccmar,0.2558505160746848,cc,0.2587242693392308,0.01975213384024729,0.2200107983945313,0.29743774028393033,1
19,5000,5,stress,ccmar,0.2558505160746848,seq,0.25954085890536915,0.01843594473130775,0.223407071211035,0.29567464659970333,1
20,5000,5,stress,ccmar,0.2558505160746848,full,0.2646328700146652,0.006345853006950299,0.2521952266698574,0.27707051335947297,1
20,5000,5,stress,ccmar,0.2558505160746848,cc,0.2555058849861365,0.011639637660032745,0.23269261437937627,0.27831915559289677,1
20,5000,5,stress,ccmar,0.2558505160746848,seq,0.2522361744577903,0.011585351833734889,0.22952930211544484,0.27494304680013576,1
21,5000,5,stress,ccmar,0.2558505160746848,full,0.25324862444323687,0.006296197310581742,0.24090830447493872,0.265588944411535,1
21,5000,5,stress,ccmar,0.2558505160746848,cc,0.26714078989894763,0.016961438839064296,0.23389698064840275,0.3003845991494925,1
21,5000,5,stress,ccmar,0.2558505160746848,seq,0.2649056181365715,0.01717538723430065,0.23124247773681322,0.29856875853632975,1
22,5000,5,stress,ccmar,0.2558505160746848,full,0.247172363342156,0.006587109515262039,0.23426186593002132,0.2600828607542907,1
22,5000,5,stress,ccmar,0.2558505160746848,cc,0.2454016438305693,0.012307313316658368,0.2212797529834687,0.26952353467766993,1
22,5000,5,stress,ccmar,0.2558505160746848,seq,0.24439918044255096,0.0121696372785127,0.22054712967175003,0.26825123121335187,1
23,5000,5,stress,ccmar,0.2558505160746848,full,0.2600460735294285,0.0065193288976301295,0.2472684236867022,0.27282372337215477,1
23,5000,5,stress,ccmar,0.2558505160746848,cc,0.2838109921221159,0.019389370194011477,0.245808524858939,0.3218134593852928,1
23,5000,5,stress,ccmar,0.2558505160746848,seq,0.28030732269967756,0.018762999031573493,0.24353252035583361,0.3170821250435215,1
24,5000,5,stress,ccmar,0.2558505160746848,full,0.2659745572016964,0.006399428440216279,0.25343190793723114,0.2785172064661616,1
24,5000,5,stress,ccmar,0.2558505160746848,cc,0.27410212562846414,0.018898892459817893,0.23706097705952547,0.3111432741974028,1
24,5000,5,stress,ccmar,0.2558505160746848,seq,0.2693718812927562,0.019438271063555404,0.2312735700864605,0.3074701924990519,1
25,5000,5,stress,ccmar,0.2558505160746848,full,0.2607625324176413,0.006642363036541954,0.24774374009377897,0.27378132474150363,1
25,5000,5,stress,ccmar,0.2558505160746848,cc,0.23891756517709972,0.012900219732711877,0.21363359910833152,0.2642015312458679,1
25,5000,5,stress,ccmar,0.2558505160746848,seq,0.2276348465073508,0.013390444983864672,0.20139005660201104,0.25387963641269057,0
26,5000,5,stress,ccmar,0.2558505160746848,full,0.25510152609398856,0.006664998472865275,0.24203836913015817,0.268164683057819,1
26,5000,5,stress,ccmar,0.2558505160746848,cc,0.2766954165052187,0.018758504887122985,0.2399294225226391,0.31346141048779835,1
26,5000,5,stress,ccmar,0.2558505160746848,seq,0.27959650253569895,0.01930933071765114,0.24175090976352975,0.31744209530786816,1
27,5000,5,stress,ccmar,0.2558505160746848,full,0.2750560214076885,0.0068746415939186034,0.261581971476987,0.28853007133839,0
27,5000,5,stress,ccmar,0.2558505160746848,cc,0.29720116813721725,0.015604448660997748,0.2666170107630574,0.3277853255113771,0
27,5000,5,stress,ccmar,0.2558505160746848,seq,0.2893876534953237,0.015138597785772936,0.25971654705877095,0.31905875993187643,0
28,5000,5,stress,ccmar,0.2558505160746848,full,0.26811885837727123,0.006214920723873858,0.25593783759170685,0.2802998791628356,0
28,5000,5,stress,ccmar,0.2558505160746848,cc,0.2639376244545472,0.013318157009335288,0.2378345163758004,0.29004073253329404,1
28,5000,5,stress,ccmar,0.2558505160746848,seq,0.26171927983150733,0.013287671111511176,0.2356759230145321,0.28776263664848256,1
29,5000,5,stress,ccmar,0.2558505160746848,full,0.2552226292936126,0.006864992453690147,0.24176749133024067,0.26867776725698456,1
29,5000,5,stress,ccmar,0.2558505160746848,cc,0.25734410273857705,0.011678457616811484,0.23445474641464908,0.280233459062505,1
29,5000,5,stress,ccmar,0.2558505160746848,seq,0.25444343393792085,0.012277124991787725,0.2303807111203203,0.2785061567555214,1
30,5000,5,stress,ccmar,0.2558505160746848,full,0.2573244841184671,0.006853600807013409,0.24389167337230616,0.270757294864628,1
30,5000,5,stress,ccmar,0.2558505160746848,cc,0.23917587045333463,0.011860929435004667,0.21592887593755447,0.26242286496911477,1
30,5000,5,stress,ccmar,0.2558505160746848,seq,0.24098440136012458,0.011485116086924804,0.21847398747149038,0.2634948152487588,1
31,5000,5,stress,ccmar,0.2558505160746848,full,0.2675768161028869,0.006753188641615707,0.25434080958451516,0.2808128226212587,1
31,5000,5,stress,ccmar,0.2558505160746848,cc,0.24279653027109566,0.011982759192481846,0.21931075381841497,0.26628230672377634,1
31,5000,5,stress,ccmar,0.2558505160746848,seq,0.2439081004010764,0.012106574810829645,0.22017964979571047,0.26763655100644235,1
32,5000,5,stress,ccmar,0.2558505160746848,full,0.2573548609328894,0.006324126151894014,0.24495980144148924,0.2697499204242895,1
32,5000,5,stress,ccmar,0.2558505160746848,cc,0.25137867551244425,0.011031408909161683,0.22975751135175307,0.27299983967313546,1
32,5000,5,stress,ccmar,0.2558505160746848,seq,0.25333813519598164,0.010897139481508545,0.2319801342777154,0.27469613611424787,1
33,5000,5,stress,ccmar,0.2558505160746848,full,0.25993575891210974,0.006958662239078434,0.24629703154293717,0.27357448628128234,1
33,5000,5,stress,ccmar,0.2558505160746848,cc,0.2847775488838176,0.014449785873083888,0.25645648898825757,0.3130986087793777,0
33,5000,5,stress,ccmar,0.2558505160746848,seq,0.2803273790637587,0.01509386116852414,0.25074395478580375,0.30991080334171367,1
34,5000,5,stress,ccmar,0.2558505160746848,full,0.25008358567394945,0.006275650504147403,0.2377835367062599,0.262383634641639,1
34,5000,5,stress,ccmar,0.2558505160746848,cc,0.2510234139072242,0.009868482946067424,0.23168154275088435,0.2703652850635641,1
34,5000,5,stress,ccmar,0.2558505160746848,seq,0.2525351064231574,0.010144559432072557,0.23265213529726908,0.27241807754904573,1
35,5000,5,stress,ccmar,0.2558505160746848,full,0.2633331154010655,0.006262317904157012,0.2510591978491774,0.27560703295295363,1
35,5000,5,stress,ccmar,0.2558505160746848,cc,0.26225326616020833,0.023540750816621384,0.21611424239059857,0.3083922899298181,1
35,5000,5,stress,ccmar,0.2558505160746848,seq,0.26650102272815684,0.02192473305312407,0.22352933557337878,0.3094727098829349,1
36,5000,5,stress,ccmar,0.2558505160746848,full,0.24853768358260792,0.006266151423209599,0.2362562524714427,0.2608191146937731,1
36,5000,5,stress,ccmar,0.2558505160746848,cc,0.25102578062655384,0.014239074900414343,0.22311770664857347,0.27893385460453424,1
36,5000,5,stress,ccmar,0.2558505160746848,seq,0.2557062176712129,0.013275834681219055,0.22968605983131574,0.28172637551111,1
37,5000,5,stress,ccmar,0.2558505160746848,full,0.25238735509982735,0.0070806238499492346,0.2385095873658515,0.2662651228338032,1
37,5000,5,stress,ccmar,0.2558505160746848,cc,0.28490818434634696,0.020954874705444413,0.24383738462312654,0.3259789840695674,1
37,5000,5,stress,ccmar,0.2558505160746848,seq,0.287920094713705,0.02178887421080236,0.24521468599685878,0.3306255034305512,1
38,5000,5,stress,ccmar,0.2558505160746848,full,0.25622158479416113,0.0065063038503035625,0.24346946357509186,0.2689737060132304,1
38,5000,5,stress,ccmar,0.2558505160746848,cc,0.3085082202278976,0.07949972717686317,0.15269161818048563,0.4643248222753096,1
38,5000,5,stress,ccmar,0.2558505160746848,seq,0.29901433072106864,0.07113690325228068,0.15958856237488828,0.438440099067249,1
39,5000,5,stress,ccmar,0.2558505160746848,full,0.261333779258286,0.006515734131238294,0.24856317502822056,0.2741043834883514,1
39,5000,5,stress,ccmar,0.2558505160746848,cc,0.20673513100787158,0.01611488267879063,0.1751505413423536,0.23831972067338955,0
39,5000,5,stress,ccmar,0.2558505160746848,seq,0.20526145204044327,0.01551086006578284,0.17486072494226834,0.2356621791386182,0
40,5000,5,stress,ccmar,0.2558505160746848,full,0.2659740270064679,0.006604904680414807,0.2530286517115348,0.27891940230140094,1
40,5000,5,stress,ccmar,0.2558505160746848,cc,0.252944844613989,0.013754342988512837,0.2259868277254928,0.27990286150248517,1
40,5000,5,stress,ccmar,0.2558505160746848,seq,0.25155954455268736,0.014533105260233502,0.2230751816591001,0.28004390744627466,1
41,5000,5,stress,ccmar,0.2558505160746848,full,0.24715486283898552,0.006595877129289621,0.23422718121912642,0.2600825444588446,1
41,5000,5,stress,ccmar,0.2558505160746848,cc,0.21357803800340516,0.06710077654574581,0.08206293263907341,0.3450931433677369,1
41,5000,5,stress,ccmar,0.2558505160746848,seq,0.21703315037338033,0.06954706898417046,0.08072339993408359,0.35334290081267705,1
42,5000,5,stress,ccmar,0.2558505160746848,full,0.27099905002827684,0.007386161160925513,0.2565224401688543,0.2854756598876994,0
42,5000,5,stress,ccmar,0.2558505160746848,cc,0.26479578473766724,0.022093533175014134,0.22149325542339865,0.30809831405193583,1
42,5000,5,stress,ccmar,0.2558505160746848,seq,0.25814727508195146,0.02275378299226083,0.2135506799050802,0.3027438702588227,1
43,5000,5,stress,ccmar,0.2558505160746848,full,0.2691021812849543,0.006936110483984996,0.255507654543553,0.28269670802635555,1
43,5000,5,stress,ccmar,0.2558505160746848,cc,0.24075094724678428,0.013276220814679619,0.21473003259921122,0.26677186189435736,1
43,5000,5,stress,ccmar,0.2558505160746848,seq,0.2419577660041301,0.014135671466181686,0.2142523590331235,0.2696631729751367,1
44,5000,5,stress,ccmar,0.2558505160746848,full,0.2636737205875578,0.0064937760887803465,0.2509461533298809,0.27640128784523466,1
44,5000,5,stress,ccmar,0.2558505160746848,cc,0.2662347951248778,0.010833376913578628,0.245001766543316,0.2874678237064396,1
44,5000,5,stress,ccmar,0.2558505160746848,seq,0.2679810731164964,0.010569515090300501,0.24726520420545478,0.288696942027538,1
45,5000,5,stress,ccmar,0.2558505160746848,full,0.24530897501089421,0.00699906634302,0.23159105705316854,0.25902689296861986,1
45,5000,5,stress,ccmar,0.2558505160746848,cc,0.2599271590644643,0.017374917298601675,0.22587294692484303,0.2939813712040855,1
45,5000,5,stress,ccmar,0.2558505160746848,seq,0.261535444060572,0.016904788032773177,0.22840266835005285,0.29466821977109114,1
46,5000,5,stress,ccmar,0.2558505160746848,full,0.2574583352141556,0.006548542214776308,0.24462342832195388,0.27029324210635736,1
46,5000,5,stress,ccmar,0.2558505160746848,cc,0.18260553293127246,0.07993003158334665,0.025945549744764013,0.3392655161177809,1
46,5000,5,stress,ccmar,0.2558505160746848,seq,0.19889069189950645,0.05844270839865734,0.08434508827916153,0.31343629551985136,1
47,5000,5,stress,ccmar,0.2558505160746848,full,0.24431444239032454,0.007225563891451703,0.23015259739508612,0.25847628738556294,1
47,5000,5,stress,ccmar,0.2558505160746848,cc,0.18797807075872558,0.015548328960707215,0.15750390597595834,0.21845223554149282,0
47,5000,5,stress,ccmar,0.2558505160746848,seq,0.19340801553618708,0.015620577731029695,0.16279224576566048,0.22402378530671369,0
48,5000,5,stress,ccmar,0.2558505160746848,full,0.25874399217431715,0.006305579588947637,0.2463852832783289,0.2711027010703054,1
48,5000,5,stress,ccmar,0.2558505160746848,cc,0.23457445240739822,0.033693882757353744,0.16853565570366974,0.3006132491111267,1
48,5000,5,stress,ccmar,0.2558505160746848,seq,0.234790352033905,0.03382508185692312,0.16849440982021646,0.30108629424759353,1
49,5000,5,stress,ccmar,0.2558505160746848,full,0.2572628024348206,0.006324322464302302,0.24486735817817046,0.2696582466914707,1
49,5000,5,stress,ccmar,0.2558505160746848,cc,0.23599660539251016,0.013211165142810496,0.21010319751879064,0.2618900132662297,1
49,5000,5,stress,ccmar,0.2558505160746848,seq,0.24018337123158753,0.01297758987485088,0.21474776247074814,0.26561897999242695,1
50,5000,5,stress,ccmar,0.2558505160746848,full,0.2408383344253315,0.00709882522587138,0.2269248926500792,0.2547517762005838,0
50,5000,5,stress,ccmar,0.2558505160746848,cc,0.22894864856672303,0.017003662584635863,0.1956220822955655,0.2622752148378806,1
50,5000,5,stress,ccmar,0.2558505160746848,seq,0.2377160886463868,0.01708344545679824,0.20423315081920784,0.27119902647356575,1
51,5000,5,stress,ccmar,0.2558505160746848,full,0.26807008467300447,0.006462668948458491,0.25540348629002046,0.2807366830559885,1
51,5000,5,stress,ccmar,0.2558505160746848,cc,0.2632765142995085,0.016308998675344976,0.2313114642719209,0.2952415643270961,1
51,5000,5,stress,ccmar,0.2558505160746848,seq,0.2695690405304587,0.016891205889002947,0.23646288533256207,0.30267519572835533,1
52,5000,5,stress,ccmar,0.2558505160746848,full,0.25273065915355414,0.006508002021213228,0.23997520958066235,0.26548610872644596,1
52,5000,5,stress,ccmar,0.2558505160746848,cc,0.2570268348688803,0.01541128450767777,0.22682127227833176,0.2872323974594288,1
52,5000,5,stress,ccmar,0.2558505160746848,seq,0.2624426249534803,0.015242509850766741,0.2325678546119805,0.29231739529498013,1
53,5000,5,stress,ccmar,0.2558505160746848,full,0.25888230092182196,0.006144056908489802,0.24684017066221745,0.2709244311814265,1
53,5000,5,stress,ccmar,0.2558505160746848,cc,0.26339896633841375,0.027151054798382854,0.21018387679130995,0.31661405588551755,1
53,5000,5,stress,ccmar,0.2558505160746848,seq,0.2545396000936104,0.02618168296891855,0.2032244444198843,0.30585475576733645,1
54,5000,5,stress,ccmar,0.2558505160746848,full,0.25005459959623577,0.006990607295948293,0.23635326106611418,0.26375593812635734,1
54,5000,5,stress,ccmar,0.2558505160746848,cc,0.2236744927972728,0.01694406850088252,0.19046472878396348,0.25688425681058213,1
54,5000,5,stress,ccmar,0.2558505160746848,seq,0.22353763596027093,0.017984706387735853,0.1882882591677812,0.25878701275276067,1
55,5000,5,stress,ccmar,0.2558505160746848,full,0.2541942854255539,0.006309710262189958,0.24182748055877878,0.266561090292329,1
55,5000,5,stress,ccmar,0.2558505160746848,cc,0.25943349980016633,0.010525010990829814,0.23880485732125167,0.280062142279081,1
55,5000,5,stress,ccmar,0.2558505160746848,seq,0.25911207206278325,0.01126203917573296,0.2370388808858675,0.281185263239699,1
56,5000,5,stress,ccmar,0.2558505160746848,full,0.25031215203992135,0.006031510764474965,0.23849060816918477,0.26213369591065794,1
56,5000,5,stress,ccmar,0.2558505160746848,cc,0.25219304045617535,0.010923477943698702,0.23078341710060826,0.2736026638117425,1
56,5000,5,stress,ccmar,0.2558505160746848,seq,0.2542593476224211,0.010894313947385405,0.2329068846492733,0.2756118105955689,1
57,5000,5,stress,ccmar,0.2558505160746848,full,0.24976946029443098,0.006303112054028814,0.2374155876780142,0.2621233329108477,1
57,5000,5,stress,ccmar,0.2558505160746848,cc,0.19802802074980377,0.0562799906492023,0.08772126602711626,0.3083347754724913,1
57,5000,5,stress,ccmar,0.2558505160746848,seq,0.18529337521904604,0.06838749973925504,0.05125633873736382,0.3193304117007283,1
58,5000,5,stress,ccmar,0.2558505160746848,full,0.2679028317133051,0.0062549826629195535,0.25564329097006033,0.28016237245654985,1
58,5000,5,stress,ccmar,0.2558505160746848,cc,0.22982267559120573,0.011999456085876893,0.20630417382881705,0.2533411773535944,0
58,5000,5,stress,ccmar,0.2558505160746848,seq,0.23114948516779518,0.011464786311657102,0.20867891690649945,0.2536200534290909,0
59,5000,5,stress,ccmar,0.2558505160746848,full,0.24836113828038806,0.006689204446214034,0.23525053848058336,0.26147173808019275,1
59,5000,5,stress,ccmar,0.2558505160746848,cc,0.28975670558618805,0.016730646372007753,0.25696524125897713,0.32254816991339896,0
59,5000,5,stress,ccmar,0.2558505160746848,seq,0.29204515636153466,0.015388826371558001,0.2618836109089408,0.3222067018141285,0
60,5000,5,stress,ccmar,0.2558505160746848,full,0.24919918436620692,0.0070419126461343734,0.23539728919750638,0.2630010795349074,1
60,5000,5,stress,ccmar,0.2558505160746848,cc,0.2583515610381217,0.018871059491545016,0.2213649640845807,0.29533815799166263,1
60,5000,5,stress,ccmar,0.2558505160746848,seq,0.26256384562900686,0.017956076088013608,0.22737058319283932,0.2977571080651744,1
61,5000,5,stress,ccmar,0.2558505160746848,full,0.25445812788520333,0.006724833646873634,0.24127769613530786,0.2676385596350988,1
61,5000,5,stress,ccmar,0.2558505160746848,cc,0.26486776231375586,0.012180994513186598,0.24099345177203013,0.2887420728554816,1
61,5000,5,stress,ccmar,0.2558505160746848,seq,0.26256984115446574,0.012205391044724824,0.23864771428957737,0.2864919680193541,1
62,5000,5,stress,ccmar,0.2558505160746848,full,0.2410025894376554,0.00645487770015186,0.22835126162074704,0.25365391725456377,0
62,5000,5,stress,ccmar,0.2558505160746848,cc,0.23753409447323798,0.011287370087795272,0.21541125562098454,0.25965693332549145,1
62,5000,5,stress,ccmar,0.2558505160746848,seq,0.23285066727846965,0.01207540593981712,0.20918330653772704,0.25651802801921225,1
63,5000,5,stress,ccmar,0.2558505160746848,full,0.25621549703966484,0.006924189042718085,0.24264433589379053,0.26978665818553915,1
63,5000,5,stress,ccmar,0.2558505160746848,cc,0.24787167031731136,0.013453946043972417,0.22150242062118028,0.2742409200134424,1
63,5000,5,stress,ccmar,0.2558505160746848,seq,0.24689048323944607,0.014178010221523069,0.2191020938328201,0.27467887264607205,1
64,5000,5,stress,ccmar,0.2558505160746848,full,0.2433788459663814,0.006730299727749336,0.23018770089483298,0.2565699910379298,1
64,5000,5,stress,ccmar,0.2558505160746848,cc,0.2391904261131045,0.014581300484569265,0.2106116023155923,0.2677692499106167,1
64,5000,5,stress,ccmar,0.2558505160746848,seq,0.2448599813013061,0.016458788370864803,0.2126013488652444,0.2771186137373678,1
65,5000,5,stress,ccmar,0.2558505160746848,full,0.25809739757943734,0.006442706070772684,0.2454699257177453,0.2707248694411294,1
65,5000,5,stress,ccmar,0.2558505160746848,cc,0.26819313799780725,0.013004681682607228,0.24270443026948935,0.29368184572612516,1
65,5000,5,stress,ccmar,0.2558505160746848,seq,0.26755739357564373,0.013153809599900139,0.24177640050034224,0.29333838665094525,1
66,5000,5,stress,ccmar,0.2558505160746848,full,0.24809521398512424,0.006533236313414582,0.23529030610834242,0.26090012186190603,1
66,5000,5,stress,ccmar,0.2558505160746848,cc,0.2565915275400511,0.013190911375894464,0.23073781632003826,0.28244523876006394,1
66,5000,5,stress,ccmar,0.2558505160746848,seq,0.2546831223844455,0.014330810237503513,0.22659525044966072,0.2827709943192303,1
67,5000,5,stress,ccmar,0.2558505160746848,full,0.258129138694368,0.006405239818164975,0.24557509933842275,0.2706831780503132,1
67,5000,5,stress,ccmar,0.2558505160746848,cc,0.2385427089272854,0.009735407339970154,0.219461661166117,0.2576237566884538,1
67,5000,5,stress,ccmar,0.2558505160746848,seq,0.23995697354678142,0.010345444548921542,0.21968027482683897,0.2602336722667239,1
68,5000,5,stress,ccmar,0.2558505160746848,full,0.2517228752002041,0.006468667496299523,0.23904451987949213,0.264401230520916,1
68,5000,5,stress,ccmar,0.2558505160746848,cc,0.2553227015191688,0.034169879475947525,0.1883509683902373,0.3222944346481003,1
68,5000,5,stress,ccmar,0.2558505160746848,seq,0.24596081678346537,0.03681053868398502,0.17381348671133628,0.31810814685559446,1
69,5000,5,stress,ccmar,0.2558505160746848,full,0.2630469163258389,0.0065344806862083216,0.250239569523198,0.27585426312847977,1
69,5000,5,stress,ccmar,0.2558505160746848,cc,0.26437640882730423,0.018761065532473444,0.2276053960720605,0.3011474215825479,1
69,5000,5,stress,ccmar,0.2558505160746848,seq,0.265827233273939,0.018527169008537528,0.22951464928171877,0.3021398172661592,1
70,5000,5,stress,ccmar,0.2558505160746848,full,0.24715379878363006,0.006489570767618576,0.2344344738039737,0.2598731237632864,1
70,5000,5,stress,ccmar,0.2558505160746848,cc,0.25341823305194805,0.016309612592507367,0.22145197976883269,0.2853844863350634,1
70,5000,5,stress,ccmar,0.2558505160746848,seq,0.25150663284057123,0.01659265207220926,0.2189856323710372,0.2840276333101053,1
71,5000,5,stress,ccmar,0.2558505160746848,full,0.25110879099669153,0.0069987802733733374,0.2373914337251704,0.26482614826821266,1
71,5000,5,stress,ccmar,0.2558505160746848,cc,0.2758754306419015,0.018727445161962508,0.2391703126020061,0.3125805486817969,1
71,5000,5,stress,ccmar,0.2558505160746848,seq,0.2755709133920431,0.020033513155507564,0.23630594912343889,0.3148358776606473,1
72,5000,5,stress,ccmar,0.2558505160746848,full,0.2502702546714439,0.006426833192710984,0.23767389307908382,0.26286661626380403,1
72,5000,5,stress,ccmar,0.2558505160746848,cc,0.2872429637375266,0.04214363427786332,0.20464295837528682,0.36984296909976644,1
72,5000,5,stress,ccmar,0.2558505160746848,seq,0.29337077793836325,0.038555491891835554,0.21780340242413948,0.368938153452587,1
73,5000,5,stress,ccmar,0.2558505160746848,full,0.255765688395828,0.0063451908529141695,0.24332934284908322,0.26820203394257275,1
73,5000,5,stress,ccmar,0.2558505160746848,cc,0.24676054226457667,0.010821187585478223,0.2255514043270874,0.2679696802020659,1
73,5000,5,stress,ccmar,0.2558505160746848,seq,0.25088385104082317,0.0107633398826558,0.22978809251745425,0.2719796095641921,1
74,5000,5,stress,ccmar,0.2558505160746848,full,0.26023561511411497,0.007042587550475575,0.24643239715721268,0.2740388330710173,1
74,5000,5,stress,ccmar,0.2558505160746848,cc,0.26325314938057126,0.021542476243295732,0.2210306718059019,0.3054756269552406,1
74,5000,5,stress,ccmar,0.2558505160746848,seq,0.2554889416511851,0.023916690334279234,0.20861308996660055,0.3023647933357696,1
75,5000,5,stress,ccmar,0.2558505160746848,full,0.2601721941835829,0.006058433989184382,0.24829788176206818,0.2720465066050976,1
75,5000,5,stress,ccmar,0.2558505160746848,cc,0.24666060699366635,0.03689588557169297,0.1743460000954371,0.3189752138918956,1
75,5000,5,stress,ccmar,0.2558505160746848,seq,0.2502388946143583,0.042225918963078944,0.16747761423261665,0.3330001749960999,1
76,5000,5,stress,ccmar,0.2558505160746848,full,0.2508440742505327,0.006201360817488265,0.2386896303931178,0.26299851810794755,1
76,5000,5,stress,ccmar,0.2558505160746848,cc,0.25398094406276267,0.011754735247338803,0.2309420863301751,0.27701980179535024,1
76,5000,5,stress,ccmar,0.2558505160746848,seq,0.2583776761634434,0.011481397357233655,0.23587455085107212,0.28088080147581473,1
77,5000,5,stress,ccmar,0.2558505160746848,full,0.2625736799723636,0.006509174575145794,0.24981593223599402,0.27533142770873315,1
77,5000,5,stress,ccmar,0.2558505160746848,cc,0.27273913494552443,0.011862949773116464,0.24948818063980854,0.2959900892512403,1
77,5000,5,stress,ccmar,0.2558505160746848,seq,0.27041943601866064,0.01137472159150214,0.24812539136514633,0.29271348067217495,1
78,5000,5,stress,ccmar,0.2558505160746848,full,0.2597371113029719,0.006748933312631983,0.2465094450761506,0.2729647775297932,1
78,5000,5,stress,ccmar,0.2558505160746848,cc,0.26380712488103425,0.023712002587819015,0.21733245380758842,0.3102817959544801,1
78,5000,5,stress,ccmar,0.2558505160746848,seq,0.26756344050228353,0.023090496249719646,0.22230689946767584,0.3128199815368912,1
79,5000,5,stress,ccmar,0.2558505160746848,full,0.25626233273950355,0.006262766310595557,0.24398753632714548,0.2685371291518616,1
79,5000,5,stress,ccmar,0.2558505160746848,cc,0.2625349595226218,0.01592859351354029,0.2313154899117045,0.2937544291335391,1
79,5000,5,stress,ccmar,0.2558505160746848,seq,0.25631565466576184,0.01634763709707827,0.2242748747231575,0.2883564346083662,1
80,5000,5,stress,ccmar,0.2558505160746848,full,0.25498909041539847,0.007142800234647533,0.24098945920672504,0.2689887216240719,1
80,5000,5,stress,ccmar,0.2558505160746848,cc,0.2755399271497276,0.01493441074989417,0.24626901994960718,0.30481083434984796,1
80,5000,5,stress,ccmar,0.2558505160746848,seq,0.27499165089544214,0.014276545222440007,0.24701013643580236,0.30297316535508195,1
81,5000,5,stress,ccmar,0.2558505160746848,full,0.2589296823327564,0.006950425706206277,0.2453070982713707,0.27255226639414204,1
81,5000,5,stress,ccmar,0.2558505160746848,cc,0.24468224939647734,0.013365774312224635,0.21848581311902646,0.27087868567392825,1
81,5000,5,stress,ccmar,0.2558505160746848,seq,0.24089256892439143,0.013329299692204097,0.21476762158853058,0.2670175162602523,1
82,5000,5,stress,ccmar,0.2558505160746848,full,0.2509891186041154,0.006460105233808535,0.23832754500951195,0.26365069219871884,1
82,5000,5,stress,ccmar,0.2558505160746848,cc,0.2604228944920699,0.017765257093934398,0.22560363041186376,0.29524215857227604,1
82,5000,5,stress,ccmar,0.2558505160746848,seq,0.257783811529157,0.01806983331998039,0.22236758901535364,0.2932000340429604,1
83,5000,5,stress,ccmar,0.2558505160746848,full,0.2665251129827391,0.006918846575155059,0.2529644228808769,0.28008580308460135,1
83,5000,5,stress,ccmar,0.2558505160746848,cc,0.315289501767535,0.01704379788558032,0.28188427175201763,0.3486947317830524,0
83,5000,5,stress,ccmar,0.2558505160746848,seq,0.3122929822725616,0.01741240620035013,0.2781652932356934,0.3464206713094298,0
84,5000,5,stress,ccmar,0.2558505160746848,full,0.278355445938423,0.006842898415333487,0.26494361149450313,0.29176728038234284,0
84,5000,5,stress,ccmar,0.2558505160746848,cc,0.29851186529855994,0.01280150935383755,0.2734213680172857,0.32360236257983416,0
84,5000,5,stress,ccmar,0.2558505160746848,seq,0.2995086177642477,0.012895721511067366,0.2742334680478972,0.3247837674805982,0
85,5000,5,stress,ccmar,0.2558505160746848,full,0.250393747388352,0.006701179501834525,0.23725967691081828,0.26352781786588575,1
85,5000,5,stress,ccmar,0.2558505160746848,cc,0.25151173846277014,0.010795947535248113,0.23035207011469988,0.2726714068108404,1
85,5000,5,stress,ccmar,0.2558505160746848,seq,0.2542503934341437,0.010677274868996467,0.23332331923787597,0.2751774676304114,1
86,5000,5,stress,ccmar,0.2558505160746848,full,0.24763984969375177,0.006846356938918148,0.2342212366681663,0.26105846271933725,1
86,5000,5,stress,ccmar,0.2558505160746848,cc,0.26109279046538275,0.019626792608572138,0.2226249838205444,0.2995605971102211,1
86,5000,5,stress,ccmar,0.2558505160746848,seq,0.2592543494135029,0.01896581878606658,0.22208202765549923,0.29642667117150656,1
87,5000,5,stress,ccmar,0.2558505160746848,full,0.2595591046284206,0.006225423611162924,0.24735749856203595,0.2717607106948052,1
87,5000,5,stress,ccmar,0.2558505160746848,cc,0.2753043070710213,0.011741283069136979,0.25229181512322296,0.2983167990188197,1
87,5000,5,stress,ccmar,0.2558505160746848,seq,0.2753668659558315,0.01201499044508997,0.2518179174088623,0.2989158145028007,1
88,5000,5,stress,ccmar,0.2558505160746848,full,0.2580132836252712,0.006562592251361292,0.24515083916738145,0.27087572808316096,1
88,5000,5,stress,ccmar,0.2558505160746848,cc,0.26327121086127725,0.012327361900036709,0.23911002551281405,0.2874323962097404,1
88,5000,5,stress,ccmar,0.2558505160746848,seq,0.25517814427268914,0.012684664945988347,0.23031665782259428,0.28003963072278404,1
89,5000,5,stress,ccmar,0.2558505160746848,full,0.27016088057417065,0.006812333663565468,0.25680895194291253,0.28351280920542876,0
89,5000,5,stress,ccmar,0.2558505160746848,cc,0.2672457975317132,0.018795864829613276,0.23040657940738807,0.3040850156560383,1
89,5000,5,stress,ccmar,0.2558505160746848,seq,0.2660859091183782,0.019506120902785962,0.2278546146708338,0.3043172035659226,1
90,5000,5,stress,ccmar,0.2558505160746848,full,0.2478540964683225,0.009393973302896562,0.22944224712291444,0.26626594581373053,1
90,5000,5,stress,ccmar,0.2558505160746848,cc,0.25624417665574656,0.012835731901439528,0.23108660441371326,0.28140174889777986,1
90,5000,5,stress,ccmar,0.2558505160746848,seq,0.25634148364020193,0.013099734750530317,0.23066647532213472,0.28201649195826917,1
91,5000,5,stress,ccmar,0.2558505160746848,full,0.24939454848791234,0.006736884812667844,0.23619049688708849,0.2625986000887362,1
91,5000,5,stress,ccmar,0.2558505160746848,cc,0.20783136508533268,0.031399405243523484,0.14628966167204852,0.2693730684986168,1
91,5000,5,stress,ccmar,0.2558505160746848,seq,0.21523307786987017,0.03203345226243127,0.15244866513502175,0.2780174906047186,1
92,5000,5,stress,ccmar,0.2558505160746848,full,0.2612664861967614,0.00643843753856548,0.24864738050446233,0.2738855918890605,1
92,5000,5,stress,ccmar,0.2558505160746848,cc,0.2613233253730073,0.01413036714098604,0.23362831468834644,0.28901833605766813,1
92,5000,5,stress,ccmar,0.2558505160746848,seq,0.2545813013307658,0.015370633400229117,0.2244554134467483,0.2847071892147833,1
93,5000,5,stress,ccmar,0.2558505160746848,full,0.25262700875703803,0.0065977620549967815,0.23969563275067937,0.2655583847633967,1
93,5000,5,stress,ccmar,0.2558505160746848,cc,0.27004302693402077,0.014268097912502884,0.24207806889762398,0.2980079849704175,1
93,5000,5,stress,ccmar,0.2558505160746848,seq,0.26610660950036197,0.01459325987352954,0.23750434573121054,0.2947088732695134,1
94,5000,5,stress,ccmar,0.2558505160746848,full,0.24317137412404263,0.006358379404042831,0.23070917949207742,0.25563356875600785,0
94,5000,5,stress,ccmar,0.2558505160746848,cc,0.2644507664381391,0.018981657643074638,0.22724740109084335,0.3016541317854348,1
94,5000,5,stress,ccmar,0.2558505160746848,seq,0.26510315909973875,0.018939773616418437,0.22798188493621668,0.3022244332632608,1
95,5000,5,stress,ccmar,0.2558505160746848,full,0.24623043798941124,0.006304772354384631,0.23387331124409355,0.25858756473472894,1
95,5000,5,stress,ccmar,0.2558505160746848,cc,0.24537362537284693,0.01256201486656087,0.2207525286611309,0.269994722084563,1
95,5000,5,stress,ccmar,0.2558505160746848,seq,0.24692291668490543,0.01251384894428897,0.22239622344612447,0.2714496099236864,1
96,5000,5,stress,ccmar,0.2558505160746848,full,0.24557576514775664,0.006814426418674124,0.2322197347918571,0.2589317955036562,1
96,5000,5,stress,ccmar,0.2558505160746848,cc,0.24512525849672856,0.012967338866854933,0.21970974134236645,0.2705407756510907,1
96,5000,5,stress,ccmar,0.2558505160746848,seq,0.24387227201896475,0.01248500389005769,0.2194021140476092,0.2683424299903203,1
97,5000,5,stress,ccmar,0.2558505160746848,full,0.256980367432054,0.006395065040139121,0.24444627027459012,0.2695144645895179,1
97,5000,5,stress,ccmar,0.2558505160746848,cc,0.26581914305213133,0.012929051148937973,0.2404786684459367,0.291159617658326,1
97,5000,5,stress,ccmar,0.2558505160746848,seq,0.2715983940426658,0.013036287211375303,0.2460477406162501,0.2971490474690815,1
98,5000,5,stress,ccmar,0.2558505160746848,full,0.24679818496890366,0.0069931185019815835,0.23309192456539907,0.26050444537240824,1
98,5000,5,stress,ccmar,0.2558505160746848,cc,0.25704904925436806,0.01734293666648377,0.2230575180019007,0.2910405805068354,1
98,5000,5,stress,ccmar,0.2558505160746848,seq,0.2524751557252696,0.017420199484479863,0.21833219213218583,0.28661811931835335,1
99,5000,5,stress,ccmar,0.2558505160746848,full,0.25043472813512113,0.006980720870112815,0.2367527666435729,0.26411668962666934,1
99,5000,5,stress,ccmar,0.2558505160746848,cc,0.26234891293132556,0.010982279655121599,0.24082404033914026,0.28387378552351084,1
99,5000,5,stress,ccmar,0.2558505160746848,seq,0.26363283160656026,0.011005735002040535,0.24206198737916895,0.28520367583395156,1
100,5000,5,stress,ccmar,0.2558505160746848,full,0.2594825966980087,0.006061960830921287,0.2476013717937105,0.27136382160230693,1
100,5000,5,stress,ccmar,0.2558505160746848,cc,0.26609596990814977,0.01171021812080647,0.24314436414026078,0.2890475756760388,1
100,5000,5,stress,ccmar,0.2558505160746848,seq,0.27138132612796617,0.011623470059419955,0.24859974343612343,0.29416290881980894,1
101,5000,5,stress,ccmar,0.2558505160746848,full,0.2460216439299711,0.006507460762042112,0.233267255205561,0.2587760326543812,1
101,5000,5,stress,ccmar,0.2558505160746848,cc,0.2635484218514026,0.00993458841997891,0.24407698634701525,0.28301985735578994,1
101,5000,5,stress,ccmar,0.2558505160746848,seq,0.2673445476482159,0.010131955314049281,0.2474862801397101,0.2872028151567217,1
102,5000,5,stress,ccmar,0.2558505160746848,full,0.24784909707992542,0.006065458686391702,0.23596101650488205,0.2597371776549688,1
102,5000,5,stress,ccmar,0.2558505160746848,cc,0.258485511735271,0.011792543362560252,0.23537255145852606,0.281598472012016,1
102,5000,5,stress,ccmar,0.2558505160746848,seq,0.25992298099859507,0.011919313812998922,0.23656155520468639,0.2832844067925037,1
103,5000,5,stress,ccmar,0.2558505160746848,full,0.24674180765549036,0.006547265916694182,0.23390940226156315,0.2595742130494176,1
103,5000,5,stress,ccmar,0.2558505160746848,cc,0.23685699768760496,0.01300698668583318,0.21136377223597994,0.26235022313923,1
103,5000,5,stress,ccmar,0.2558505160746848,seq,0.23574118544023953,0.012925648075732118,0.21040738073496512,0.26107499014551394,1
104,5000,5,stress,ccmar,0.2558505160746848,full,0.27860351396070443,0.007031805859648958,0.2648214277295148,0.2923856001918941,0
104,5000,5,stress,ccmar,0.2558505160746848,cc,0.2947253090011821,0.016578199403538923,0.2622326352417224,0.3272179827606418,0
104,5000,5,stress,ccmar,0.2558505160746848,seq,0.29616670783348437,0.01966535938204535,0.2576233117016386,0.33471010396533013,0
105,5000,5,stress,ccmar,0.2558505160746848,full,0.24960782892877786,0.006603169971952233,0.23666585359995512,0.2625498042576006,1
105,5000,5,stress,ccmar,0.2558505160746848,cc,0.23258457134640775,0.012277813868978667,0.20852049835432318,0.2566486443384923,1
105,5000,5,stress,ccmar,0.2558505160746848,seq,0.23904431507133658,0.012786585450294713,0.21398306810351508,0.2641055620391581,1
106,5000,5,stress,ccmar,0.2558505160746848,full,0.26062611346496833,0.00669585212853507,0.24750248444723374,0.27374974248270295,1
106,5000,5,stress,ccmar,0.2558505160746848,cc,0.25914684260755405,0.022244521368397975,0.21554838187216238,0.3027453033429457,1
106,5000,5,stress,ccmar,0.2558505160746848,seq,0.26638221686591096,0.025158754862036704,0.21707196344044705,0.31569247029137487,1
107,5000,5,stress,ccmar,0.2558505160746848,full,0.25524787539090565,0.006416207892461175,0.2426723390043601,0.2678234117774512,1
107,5000,5,stress,ccmar,0.2558505160746848,cc,0.24648326373819637,0.01122815533120587,0.22447648367621148,0.26849004380018127,1
107,5000,5,stress,ccmar,0.2558505160746848,seq,0.2475454094454071,0.010953393220790652,0.22607715322415223,0.26901366566666196,1
108,5000,5,stress,ccmar,0.2558505160746848,full,0.25589220291860515,0.0065659916844777785,0.24302309569423922,0.26876131014297105,1
108,5000,5,stress,ccmar,0.2558505160746848,cc,0.22353372432308607,0.024417060924556016,0.17567716430263602,0.2713902843435361,1
108,5000,5,stress,ccmar,0.2558505160746848,seq,0.21838851116926153,0.030911957540956884,0.1578021876973547,0.27897483464116835,1
109,5000,5,stress,ccmar,0.2558505160746848,full,0.2610738380764667,0.006247339500495671,0.24882927765630075,0.2733183984966327,1
109,5000,5,stress,ccmar,0.2558505160746848,cc,0.2641526169987056,0.012129667284067962,0.24037890597747866,0.2879263280199326,1
109,5000,5,stress,ccmar,0.2558505160746848,seq,0.25940391608644287,0.012129453375003397,0.2356306243192784,0.28317720785360734,1
110,5000,5,stress,ccmar,0.2558505160746848,full,0.25957622865779084,0.006602290969501851,0.2466359761421132,0.2725164811734685,1
110,5000,5,stress,ccmar,0.2558505160746848,cc,0.27903384280641674,0.012073509342723733,0.25537019932767036,0.30269748628516313,1
110,5000,5,stress,ccmar,0.2558505160746848,seq,0.2772793532395368,0.012261998329727738,0.2532462781347801,0.30131242834429345,1
111,5000,5,stress,ccmar,0.2558505160746848,full,0.24637183388667963,0.00738274282431533,0.23190192384390007,0.2608417439294592,1
111,5000,5,stress,ccmar,0.2558505160746848,cc,0.23977001030930797,0.030312610585677493,0.1803583852839925,0.29918163533462344,1
111,5000,5,stress,ccmar,0.2558505160746848,seq,0.2328094413098854,0.03669494357383656,0.16088867349043623,0.3047302091293346,1
112,5000,5,stress,ccmar,0.2558505160746848,full,0.24657329569889216,0.006909358994605546,0.23303120091320742,0.26011539048457694,1
112,5000,5,stress,ccmar,0.2558505160746848,cc,0.2546166814797098,0.012170585845375968,0.2307627715520199,0.27847059140739966,1
112,5000,5,stress,ccmar,0.2558505160746848,seq,0.25459967107606146,0.011939676919886144,0.2311983343260405,0.27800100782608245,1
113,5000,5,stress,ccmar,0.2558505160746848,full,0.25288618983655153,0.007166817228165415,0.23883948618556614,0.2669328934875369,1
113,5000,5,stress,ccmar,0.2558505160746848,cc,0.2504153472755895,0.017532159376042578,0.21605294632732983,0.28477774822384916,1
113,5000,5,stress,ccmar,0.2558505160746848,seq,0.2548134094694413,0.017272411289291842,0.22096010541626626,0.28866671352261636,1
114,5000,5,stress,ccmar,0.2558505160746848,full,0.268725310230156,0.006938349242260232,0.2551263956031652,0.2823242248571468,1
114,5000,5,stress,ccmar,0.2558505160746848,cc,0.3032362728289017,0.014372866618131403,0.27506597190276616,0.33140657375503724,0
114,5000,5,stress,ccmar,0.2558505160746848,seq,0.30107695735105516,0.014330953942644602,0.27298880375936946,0.32916511094274087,0
115,5000,5,stress,ccmar,0.2558505160746848,full,0.2631457825845081,0.006432677439295423,0.25053796647932575,0.27575359868969046,1
115,5000,5,stress,ccmar,0.2558505160746848,cc,0.2761262750036263,0.013283817528176698,0.2500904710711981,0.3021620789360545,1
115,5000,5,stress,ccmar,0.2558505160746848,seq,0.2764503695018774,0.013033092864325453,0.25090597688063354,0.30199476212312126,1
116,5000,5,stress,ccmar,0.2558505160746848,full,0.2426377158606899,0.006418196230613162,0.23005828240297738,0.25521714931840245,0
116,5000,5,stress,ccmar,0.2558505160746848,cc,0.24004625867466844,0.015554592181641907,0.209559818204442,0.27053269914489486,1
116,5000,5,stress,ccmar,0.2558505160746848,seq,0.24863787820785302,0.016853150265277474,0.21560631066186753,0.2816694457538385,1
117,5000,5,stress,ccmar,0.2558505160746848,full,0.2526252943296206,0.006822194719073639,0.23925403838471693,0.2659965502745243,1
117,5000,5,stress,ccmar,0.2558505160746848,cc,0.23407272619901978,0.015229459269768387,0.20422353452625408,0.2639219178717855,1
117,5000,5,stress,ccmar,0.2558505160746848,seq,0.23001549638456978,0.016901817673634616,0.19688854247098336,0.2631424502981562,1
118,5000,5,stress,ccmar,0.2558505160746848,full,0.2578794098284108,0.006570131165906256,0.24500218936953036,0.2707566302872912,1
118,5000,5,stress,ccmar,0.2558505160746848,cc,0.24361935952773328,0.011976892914919325,0.22014508076779846,0.2670936382876681,1
118,5000,5,stress,ccmar,0.2558505160746848,seq,0.24432099647502092,0.011811123546744833,0.22117161970644805,0.2674703732435938,1
119,5000,5,stress,ccmar,0.2558505160746848,full,0.2519921592028269,0.006992037616145385,0.23828801729663265,0.26569630110902115,1
119,5000,5,stress,ccmar,0.2558505160746848,cc,0.22387128613554255,0.014458396853853354,0.19553334902780276,0.2522092232432824,0
119,5000,5,stress,ccmar,0.2558505160746848,seq,0.22829185350493517,0.013907511083846495,0.20103363266600444,0.2555500743438659,0
120,5000,5,stress,ccmar,0.2558505160746848,full,0.2513130903058587,0.007033111652938402,0.23752844476685045,0.2650977358448669,1
120,5000,5,stress,ccmar,0.2558505160746848,cc,0.2665475815826998,0.011544893330790751,0.24392000644899328,0.28917515671640637,1
120,5000,5,stress,ccmar,0.2558505160746848,seq,0.2676353028164995,0.011426615382090036,0.24523954820241164,0.2900310574305874,1
121,5000,5,stress,ccmar,0.2558505160746848,full,0.2390595930190433,0.006862565944415588,0.22560921092645767,0.252509975111629,0
121,5000,5,stress,ccmar,0.2558505160746848,cc,0.24914558753401717,0.014179746687932406,0.22135379471576855,0.2769373803522658,1
121,5000,5,stress,ccmar,0.2558505160746848,seq,0.2480101466983793,0.013744728707659084,0.22107097345409374,0.27494931994266486,1
122,5000,5,stress,ccmar,0.2558505160746848,full,0.2585205736660019,0.006876996574940116,0.24504190805731396,0.27199923927468983,1
122,5000,5,stress,ccmar,0.2558505160746848,cc,0.27331571731967436,0.01551091244962673,0.242914887551052,0.3037165470882967,1
122,5000,5,stress,ccmar,0.2558505160746848,seq,0.2712597944069052,0.015086456753638813,0.24169088251545204,0.30082870629835834,1
123,5000,5,stress,ccmar,0.2558505160746848,full,0.2616201088622248,0.006468278546781804,0.2489425158685594,0.2742977018558902,1
123,5000,5,stress,ccmar,0.2558505160746848,cc,0.23695823552321135,0.010449526210736812,0.2164775404946599,0.2574389305517628,1
123,5000,5,stress,ccmar,0.2558505160746848,seq,0.23388957812340327,0.01072101257067323,0.21287677960708257,0.254902376639724,0
124,5000,5,stress,ccmar,0.2558505160746848,full,0.2549437492954212,0.0064629811606155265,0.24227653898785387,0.2676109596029885,1
124,5000,5,stress,ccmar,0.2558505160746848,cc,0.24029448739618475,0.016155725718017083,0.20862984684476377,0.27195912794760574,1
124,5000,5,stress,ccmar,0.2558505160746848,seq,0.24312217501309033,0.01571651495918255,0.21231837173060752,0.27392597829557314,1
125,5000,5,stress,ccmar,0.2558505160746848,full,0.26207257054950805,0.006411334809880497,0.24950658522931432,0.27463855586970176,1
125,5000,5,stress,ccmar,0.2558505160746848,cc,0.2527481233503428,0.013109942323574425,0.22705310855673957,0.27844313814394606,1
125,5000,5,stress,ccmar,0.2558505160746848,seq,0.25321821691650825,0.012932396126266997,0.22787118627521963,0.2785652475577969,1
126,5000,5,stress,ccmar,0.2558505160746848,full,0.256427833641887,0.007230849793909686,0.24225562846820511,0.2706000388155688,1
126,5000,5,stress,ccmar,0.2558505160746848,cc,0.2656583067490782,0.013464644998857439,0.23926808748670025,0.29204852601145614,1
126,5000,5,stress,ccmar,0.2558505160746848,seq,0.26773222360445714,0.012963143498523299,0.2423249292209269,0.2931395179879874,1
127,5000,5,stress,ccmar,0.2558505160746848,full,0.2471337206335418,0.006860291655140274,0.2336877960660262,0.2605796452010574,1
127,5000,5,stress,ccmar,0.2558505160746848,cc,0.25125763684729047,0.015903307786177,0.22008772635132812,0.2824275473432528,1
127,5000,5,stress,ccmar,0.2558505160746848,seq,0.2514020926185242,0.014983666588348212,0.22203464574900555,0.28076953948804284,1
128,5000,5,stress,ccmar,0.2558505160746848,full,0.275608193721366,0.008100939206993453,0.2597306446347104,0.29148574280802164,0
128,5000,5,stress,ccmar,0.2558505160746848,cc,0.3005994066760104,0.03832546595832979,0.22548287370696818,0.3757159396450527,1
128,5000,5,stress,ccmar,0.2558505160746848,seq,0.3005006015631232,0.04138228289548069,0.21939281748993314,0.3816083856363133,1
129,5000,5,stress,ccmar,0.2558505160746848,full,0.2594744663378168,0.006367616053144183,0.2469941682062751,0.27195476446935846,1
129,5000,5,stress,ccmar,0.2558505160746848,cc,0.25949639511101885,0.01148134698122087,0.23699336853381828,0.28199942168821945,1
129,5000,5,stress,ccmar,0.2558505160746848,seq,0.26166012844086306,0.011135573725572018,0.23983480499155138,0.2834854518901747,1
130,5000,5,stress,ccmar,0.2558505160746848,full,0.2541307181238564,0.006291921323453719,0.2417987789363275,0.2664626573113853,1
130,5000,5,stress,ccmar,0.2558505160746848,cc,0.2350618634388341,0.012984763971046984,0.20961219370782871,0.2605115331698395,1
130,5000,5,stress,ccmar,0.2558505160746848,seq,0.23573245782003627,0.013245438024962475,0.20977187633165248,0.2616930393084201,1
131,5000,5,stress,ccmar,0.2558505160746848,full,0.25731175962240765,0.006291588794332973,0.24498047217997926,0.26964304706483605,1
131,5000,5,stress,ccmar,0.2558505160746848,cc,0.25272499549504746,0.011503695951548654,0.23017816574091288,0.27527182524918203,1
131,5000,5,stress,ccmar,0.2558505160746848,seq,0.25822035259668663,0.01166588973627679,0.23535562886596864,0.2810850763274046,1
132,5000,5,stress,ccmar,0.2558505160746848,full,0.25906387393892166,0.007061733285094781,0.24522313103170817,0.27290461684613515,1
132,5000,5,stress,ccmar,0.2558505160746848,cc,0.25448097310563034,0.014616336269527352,0.2258334804314302,0.2831284657798305,1
132,5000,5,stress,ccmar,0.2558505160746848,seq,0.25517857692020635,0.014789045950116927,0.22619257949226923,0.28416457434814346,1
133,5000,5,stress,ccmar,0.2558505160746848,full,0.2570726303948895,0.006636628920721946,0.24406507673151753,0.2700801840582614,1
133,5000,5,stress,ccmar,0.2558505160746848,cc,0.23784061089700254,0.01117062195845813,0.2159465941735123,0.25973462762049276,1
133,5000,5,stress,ccmar,0.2558505160746848,seq,0.23969848961505277,0.011268215685205205,0.21761319270202123,0.2617837865280843,1
134,5000,5,stress,ccmar,0.2558505160746848,full,0.2596894267785685,0.006497393537029259,0.24695476945260783,0.2724240841045292,1
134,5000,5,stress,ccmar,0.2558505160746848,cc,0.2404518339389781,0.023414594480969702,0.19456007204366715,0.28634359583428903,1
134,5000,5,stress,ccmar,0.2558505160746848,seq,0.2381507666008642,0.022868697054548814,0.1933289440005913,0.2829725892011371,1
135,5000,5,stress,ccmar,0.2558505160746848,full,0.2509167002218716,0.007496927685107095,0.23622299196436047,0.2656104084793828,1
135,5000,5,stress,ccmar,0.2558505160746848,cc,0.22399822586571336,0.011572318662817726,0.2013168980689699,0.2466795536624568,0
135,5000,5,stress,ccmar,0.2558505160746848,seq,0.22439891802496187,0.011396393713330157,0.20206239679319607,0.24673543925672767,0
136,5000,5,stress,ccmar,0.2558505160746848,full,0.25464939936171893,0.006161892852430328,0.24257231129436072,0.2667264874290772,1
136,5000,5,stress,ccmar,0.2558505160746848,cc,0.2540155452150414,0.010342926875636958,0.23374378104406157,0.2742873093860212,1
136,5000,5,stress,ccmar,0.2558505160746848,seq,0.25473618859043845,0.010285904275032337,0.2345761866629485,0.2748961905179284,1
137,5000,5,stress,ccmar,0.2558505160746848,full,0.2555096782869023,0.006611655287390641,0.2425510720454228,0.2684682845283818,1
137,5000,5,stress,ccmar,0.2558505160746848,cc,0.21815136356337397,0.018368571869137998,0.18214962425242792,0.25415310287432,0
137,5000,5,stress,ccmar,0.2558505160746848,seq,0.22151259009117766,0.016777420633495504,0.1886294498960473,0.254395730286308,0
138,5000,5,stress,ccmar,0.2558505160746848,full,0.24642457184043962,0.006985758718581033,0.2327327363473341,0.26011640733354513,1
138,5000,5,stress,ccmar,0.2558505160746848,cc,0.23836909837499756,0.011318162787269903,0.21618590694078707,0.260552289809208,1
138,5000,5,stress,ccmar,0.2558505160746848,seq,0.23446931796769613,0.011218172832637464,0.21248210324338102,0.25645653269201124,1
139,5000,5,stress,ccmar,0.2558505160746848,full,0.2555226689153354,0.006861854056885111,0.24207368209667054,0.2689716557340003,1
139,5000,5,stress,ccmar,0.2558505160746848,cc,0.2689608332793784,0.01422683379152698,0.2410767514339481,0.2968449151248087,1
139,5000,5,stress,ccmar,0.2558505160746848,seq,0.27071999763427795,0.013994287081549341,0.2432916989651271,0.2981482963034288,1
140,5000,5,stress,ccmar,0.2558505160746848,full,0.24781734635656766,0.0068788962177119845,0.23433495751646338,0.26129973519667193,1
140,5000,5,stress,ccmar,0.2558505160746848,cc,0.24989915707400684,0.02733122956136574,0.19633093148053354,0.30346738266748013,1
140,5000,5,stress,ccmar,0.2558505160746848,seq,0.2562543719502854,0.022510388428357696,0.21213482135269712,0.30037392254787365,1
141,5000,5,stress,ccmar,0.2558505160746848,full,0.2389404976295421,0.006781776079787205,0.22564846076194392,0.2522325344971402,0
141,5000,5,stress,ccmar,0.2558505160746848,cc,0.2663123793169703,0.011678208468833573,0.24342351131410586,0.28920124731983476,1
141,5000,5,stress,ccmar,0.2558505160746848,seq,0.26406006900414297,0.011635131633744265,0.24125563004662154,0.2868645079616644,1
142,5000,5,stress,ccmar,0.2558505160746848,full,0.24277393266483022,0.006589333161378374,0.22985907698639316,0.2556887883432673,0
142,5000,5,stress,ccmar,0.2558505160746848,cc,0.23457641480628807,0.011400189888900934,0.21223245320712456,0.25692037640545157,1
142,5000,5,stress,ccmar,0.2558505160746848,seq,0.23360976932685976,0.012658552662790288,0.2087994620113872,0.2584200766423323,1
143,5000,5,stress,ccmar,0.2558505160746848,full,0.26103550487960675,0.006800197844407383,0.24770736201682136,0.27436364774239214,1
143,5000,5,stress,ccmar,0.2558505160746848,cc,0.2499841725520425,0.014753451913765462,0.22106793815341866,0.2789004069506663,1
143,5000,5,stress,ccmar,0.2558505160746848,seq,0.25560913584644723,0.014763687031149584,0.22667284098637297,0.2845454307065215,1
144,5000,5,stress,ccmar,0.2558505160746848,full,0.26089805596691057,0.006490079924719148,0.24817773305767463,0.27361837887614654,1
144,5000,5,stress,ccmar,0.2558505160746848,cc,0.27303321352622945,0.015469197716120259,0.2427141431329045,0.30335228391955443,1
144,5000,5,stress,ccmar,0.2558505160746848,seq,0.2736809592503119,0.015738509802421443,0.24283404686723525,0.3045278716333885,1
145,5000,5,stress,ccmar,0.2558505160746848,full,0.2538911193642988,0.00639498283732094,0.241357183321398,0.26642505540719963,1
145,5000,5,stress,ccmar,0.2558505160746848,cc,0.240278651139186,0.016015534526752737,0.2088887802735929,0.2716685220047791,1
145,5000,5,stress,ccmar,0.2558505160746848,seq,0.2380434297181319,0.01492056391442051,0.20879966181683973,0.26728719761942404,1
146,5000,5,stress,ccmar,0.2558505160746848,full,0.25287313394178074,0.006436478582047805,0.2402578677337036,0.26548840014985786,1
146,5000,5,stress,ccmar,0.2558505160746848,cc,0.26053684507368746,0.01590939383980923,0.22935500613179796,0.29171868401557693,1
146,5000,5,stress,ccmar,0.2558505160746848,seq,0.2570365458737162,0.014814183261702038,0.2280012802204041,0.2860718115270283,1
147,5000,5,stress,ccmar,0.2558505160746848,full,0.2523486117860046,0.010392904409481808,0.23197889344865275,0.27271833012335644,1
147,5000,5,stress,ccmar,0.2558505160746848,cc,0.29373447450592366,0.031504471990222375,0.23198684405313688,0.3554821049587104,1
147,5000,5,stress,ccmar,0.2558505160746848,seq,0.3010016628110349,0.032797319842388165,0.23672009713051323,0.3652832284915566,1
148,5000,5,stress,ccmar,0.2558505160746848,full,0.24890270233321943,0.00663415580439975,0.23589999588876856,0.26190540877767027,1
148,5000,5,stress,ccmar,0.2558505160746848,cc,0.2770483898396017,0.011022138128385081,0.2554453960753412,0.29865138360386223,1
148,5000,5,stress,ccmar,0.2558505160746848,seq,0.2773106192014896,0.01084141286259317,0.25606184044927766,0.2985593979537015,0
149,5000,5,stress,ccmar,0.2558505160746848,full,0.2625605294121182,0.0064731320988682065,0.24987342363116635,0.27524763519307005,1
149,5000,5,stress,ccmar,0.2558505160746848,cc,0.2507219014697539,0.04924243265226803,0.1542085069601694,0.34723529597933844,1
149,5000,5,stress,ccmar,0.2558505160746848,seq,0.25245863908708543,0.04823723162317694,0.15791540239174207,0.3470018757824288,1
150,5000,5,stress,ccmar,0.2558505160746848,full,0.26257898904382604,0.006789572225603217,0.24927167201121028,0.2758863060764418,1
150,5000,5,stress,ccmar,0.2558505160746848,cc,0.2834613896436789,0.021560620491721572,0.24120334999556833,0.32571942929178943,1
150,5000,5,stress,ccmar,0.2558505160746848,seq,0.28292339116808396,0.021870963100065807,0.2400570911847505,0.3257896911514174,1
151,5000,5,stress,ccmar,0.2558505160746848,full,0.2500738984985853,0.007162854574395583,0.23603496150627198,0.26411283549089865,1
151,5000,5,stress,ccmar,0.2558505160746848,cc,0.2484979511138154,0.016473615321668165,0.2162102583881786,0.2807856438394522,1
151,5000,5,stress,ccmar,0.2558505160746848,seq,0.2455179018959738,0.01686686417576407,0.21245945557934737,0.27857634821260024,1
152,5000,5,stress,ccmar,0.2558505160746848,full,0.2660623126542696,0.007961015439716312,0.2504590091120583,0.2816656161964809,1
152,5000,5,stress,ccmar,0.2558505160746848,cc,0.24326593752734094,0.010799501162987944,0.22209930419688614,0.26443257085779576,1
152,5000,5,stress,ccmar,0.2558505160746848,seq,0.24717239856505488,0.011296563370231246,0.22503154121032723,0.26931325591978256,1
153,5000,5,stress,ccmar,0.2558505160746848,full,0.2592441669907779,0.006328010828514259,0.24684149367311048,0.2716468403084453,1
153,5000,5,stress,ccmar,0.2558505160746848,cc,0.2593056734712694,0.01716393499070708,0.2256649790564967,0.2929463678860421,1
153,5000,5,stress,ccmar,0.2558505160746848,seq,0.25749324947507385,0.01692329494240361,0.22432420088821392,0.2906622980619338,1
154,5000,5,stress,ccmar,0.2558505160746848,full,0.2659514541030786,0.00632951678215355,0.25354582917051577,0.2783570790356414,1
154,5000,5,stress,ccmar,0.2558505160746848,cc,0.24348097343321207,0.037905443790823994,0.16918766878518962,0.3177742780812345,1
154,5000,5,stress,ccmar,0.2558505160746848,seq,0.24642861952153172,0.03636601384458203,0.17515254212486597,0.31770469691819747,1
155,5000,5,stress,ccmar,0.2558505160746848,full,0.27312277410390795,0.006929476221034613,0.2595412502789534,0.2867042979288625,0
155,5000,5,stress,ccmar,0.2558505160746848,cc,0.24450569037947753,0.012188899724533686,0.22061588590822132,0.2683954948507337,1
155,5000,5,stress,ccmar,0.2558505160746848,seq,0.24449289253892267,0.012278126308483673,0.22042820717666095,0.2685575779011844,1
156,5000,5,stress,ccmar,0.2558505160746848,full,0.24502069188919395,0.006393611940329091,0.23248944275502367,0.2575519410233642,1
156,5000,5,stress,ccmar,0.2558505160746848,cc,0.22744692259170607,0.016880806111967833,0.1943611505822455,0.2605326946011666,1
156,5000,5,stress,ccmar,0.2558505160746848,seq,0.22859355046849786,0.01854101272074654,0.19225383329893564,0.2649332676380601,1
157,5000,5,stress,ccmar,0.2558505160746848,full,0.2680079918539783,0.006493429740918949,0.25528110342563587,0.2807348802823207,1
157,5000,5,stress,ccmar,0.2558505160746848,cc,0.2500047353571894,0.014353872673324511,0.22187166187879973,0.27813780883557915,1
157,5000,5,stress,ccmar,0.2558505160746848,seq,0.2556774005800547,0.015180374635388882,0.22592441302286717,0.2854303881372423,1
158,5000,5,stress,ccmar,0.2558505160746848,full,0.2483084438195432,0.006843242145266497,0.23489593567733424,0.26172095196175216,1
158,5000,5,stress,ccmar,0.2558505160746848,cc,0.2237200571606173,0.011809156686382691,0.20057453536751685,0.24686557895371775,0
158,5000,5,stress,ccmar,0.2558505160746848,seq,0.22425460979460837,0.011904268067765938,0.20092267311947692,0.24758654646973982,0
159,5000,5,stress,ccmar,0.2558505160746848,full,0.24819330503124865,0.006509584680073667,0.23543475350399057,0.2609518565585067,1
159,5000,5,stress,ccmar,0.2558505160746848,cc,0.270603509734009,0.021533948741695026,0.22839774575535512,0.31280927371266287,1
159,5000,5,stress,ccmar,0.2558505160746848,seq,0.27058914521319327,0.02170563160311843,0.22804688900938674,0.3131314014169998,1
160,5000,5,stress,ccmar,0.2558505160746848,full,0.24449129338369835,0.0065573170959426635,0.23163918804044195,0.2573433987269548,1
160,5000,5,stress,ccmar,0.2558505160746848,cc,0.24910026058480603,0.012670777275593214,0.22426599346851478,0.2739345277010973,1
160,5000,5,stress,ccmar,0.2558505160746848,seq,0.24618572817656104,0.01220280142891644,0.2222686768653909,0.27010277948773115,1
161,5000,5,stress,ccmar,0.2558505160746848,full,0.24211477599322226,0.00654474429460907,0.2292873128877645,0.25494223909868,0
161,5000,5,stress,ccmar,0.2558505160746848,cc,0.21140436202366464,0.014166183464462039,0.1836391526349322,0.2391695714123971,0
161,5000,5,stress,ccmar,0.2558505160746848,seq,0.20414436312318088,0.01436683184852908,0.17598589012812088,0.23230283611824087,0
162,5000,5,stress,ccmar,0.2558505160746848,full,0.2438497413861722,0.006414529000687972,0.23127749556703606,0.2564219872053083,1
162,5000,5,stress,ccmar,0.2558505160746848,cc,0.2438736325524208,0.012475702225917413,0.2194217055077765,0.2683255595970651,1
162,5000,5,stress,ccmar,0.2558505160746848,seq,0.24864729058361462,0.011902744309230903,0.22531834042033297,0.2719762407468963,1
163,5000,5,stress,ccmar,0.2558505160746848,full,0.25078282060246915,0.00668024867842566,0.23768977378498357,0.2638758674199547,1
163,5000,5,stress,ccmar,0.2558505160746848,cc,0.2495532136013735,0.012467116570267075,0.2251181141325875,0.2739883130701595,1
163,5000,5,stress,ccmar,0.2558505160746848,seq,0.2497065507805195,0.01233380394842871,0.22553273924922132,0.27388036231181767,1
164,5000,5,stress,ccmar,0.2558505160746848,full,0.2575431218808737,0.006711184491566489,0.2443894419837996,0.27069680177794775,1
164,5000,5,stress,ccmar,0.2558505160746848,cc,0.2487939903837631,0.010109882946978862,0.22897898391976887,0.26860899684775735,1
164,5000,5,stress,ccmar,0.2558505160746848,seq,0.2496760170895999,0.009859762355348667,0.2303512379769927,0.2690007962022071,1
165,5000,5,stress,ccmar,0.2558505160746848,full,0.25649993212829286,0.006583596399355942,0.24359632029680764,0.2694035439597781,1
165,5000,5,stress,ccmar,0.2558505160746848,cc,0.26291447810234786,0.02179526947103675,0.22019653490577046,0.30563242129892526,1
165,5000,5,stress,ccmar,0.2558505160746848,seq,0.26654967608694247,0.019340958409562615,0.22864209417771264,0.3044572579961723,1
166,5000,5,stress,ccmar,0.2558505160746848,full,0.25784419549581605,0.007082537834420324,0.24396267642120992,0.2717257145704222,1
166,5000,5,stress,ccmar,0.2558505160746848,cc,0.23997603063397502,0.015435338806047607,0.20972332248494824,0.2702287387830018,1
166,5000,5,stress,ccmar,0.2558505160746848,seq,0.23207574516139076,0.016280115928231524,0.2001673042779201,0.2639841860448614,1
167,5000,5,stress,ccmar,0.2558505160746848,full,0.25003604249881645,0.006841615625748568,0.23662672227628279,0.2634453627213501,1
167,5000,5,stress,ccmar,0.2558505160746848,cc,0.25103215047985145,0.0116913848290171,0.22811745728557994,0.2739468436741229,1
167,5000,5,stress,ccmar,0.2558505160746848,seq,0.24932785626744353,0.011490623640042864,0.22680664777305498,0.27184906476183207,1
168,5000,5,stress,ccmar,0.2558505160746848,full,0.2523844050877624,0.006400346285056117,0.23983995688046766,0.2649288532950571,1
168,5000,5,stress,ccmar,0.2558505160746848,cc,0.271378707446862,0.010458414015708824,0.25088059264066376,0.2918768222530602,1
168,5000,5,stress,ccmar,0.2558505160746848,seq,0.26679567348251904,0.010558772530703111,0.2461008596013901,0.28749048736364796,1
169,5000,5,stress,ccmar,0.2558505160746848,full,0.26004588858210925,0.0065059951339923325,0.24729437243589145,0.2727974047283271,1
169,5000,5,stress,ccmar,0.2558505160746848,cc,0.2647391778274726,0.015754573108438072,0.2338607819431307,0.29561757371181446,1
169,5000,5,stress,ccmar,0.2558505160746848,seq,0.26409257763869826,0.016088792365748065,0.23255912404708906,0.29562603123030745,1
170,5000,5,stress,ccmar,0.2558505160746848,full,0.2603575677718887,0.0067948841570413445,0.24703983954496583,0.2736752959988115,1
170,5000,5,stress,ccmar,0.2558505160746848,cc,0.25958597427962954,0.012817929829408384,0.23446329345762745,0.2847086551016316,1
170,5000,5,stress,ccmar,0.2558505160746848,seq,0.2648314177403898,0.012550352429769769,0.24023317898475632,0.2894296564960233,1
171,5000,5,stress,ccmar,0.2558505160746848,full,0.2566131301205776,0.0067588323194158655,0.2433660621969772,0.26986019804417805,1
171,5000,5,stress,ccmar,0.2558505160746848,cc,0.2547885407478624,0.017153939677028777,0.22116743678791334,0.28840964470781144,1
171,5000,5,stress,ccmar,0.2558505160746848,seq,0.2610626791566491,0.016397533727533144,0.22892410361540333,0.2932012546978949,1
172,5000,5,stress,ccmar,0.2558505160746848,full,0.26042751874237285,0.006462272898326841,0.24776169660338299,0.2730933408813627,1
172,5000,5,stress,ccmar,0.2558505160746848,cc,0.2447157581207657,0.0117882015908766,0.2216113075601498,0.2678202086813816,1
172,5000,5,stress,ccmar,0.2558505160746848,seq,0.2402359996835943,0.0116143328298695,0.21747232563258892,0.2629996737345997,1
173,5000,5,stress,ccmar,0.2558505160746848,full,0.2491385553281506,0.006492800615693337,0.23641289996259218,0.261864210693709,1
173,5000,5,stress,ccmar,0.2558505160746848,cc,0.24341231894798665,0.013621437781595252,0.21671479147840678,0.2701098464175665,1
173,5000,5,stress,ccmar,0.2558505160746848,seq,0.24391509655913096,0.014146349604604114,0.21618876082139446,0.27164143229686744,1
174,5000,5,stress,ccmar,0.2558505160746848,full,0.2538462955729038,0.006240253053703015,0.24161562433322978,0.26607696681257775,1
174,5000,5,stress,ccmar,0.2558505160746848,cc,0.25796896597391705,0.0115490919224874,0.2353331617516993,0.28060477019613483,1
174,5000,5,stress,ccmar,0.2558505160746848,seq,0.26275017787908794,0.011091042763994618,0.24101213351066492,0.28448822224751097,1
175,5000,5,stress,ccmar,0.2558505160746848,full,0.24535861568558676,0.006754849077753797,0.2321193547721857,0.2585978765989878,1
175,5000,5,stress,ccmar,0.2558505160746848,cc,0.2073475057285963,0.04515754046397105,0.11884035278880288,0.2958546586683897,1
175,5000,5,stress,ccmar,0.2558505160746848,seq,0.2061103780709028,0.04273458815536135,0.12235212439224256,0.289868631749563,1
176,5000,5,stress,ccmar,0.2558505160746848,full,0.25620977285266816,0.006344231577185989,0.24377530745180187,0.26864423825353445,1
176,5000,5,stress,ccmar,0.2558505160746848,cc,0.22185655558718523,0.035268154768644956,0.15273224243945654,0.2909808687349139,1
176,5000,5,stress,ccmar,0.2558505160746848,seq,0.225885893312691,0.03452696058186734,0.15821429407659687,0.2935574925487851,1
177,5000,5,stress,ccmar,0.2558505160746848,full,0.25551586026556283,0.006636411268502519,0.2425087331927021,0.26852298733842356,1
177,5000,5,stress,ccmar,0.2558505160746848,cc,0.23595976174220587,0.035276410983032906,0.16681926671162817,0.3051002567727836,1
177,5000,5,stress,ccmar,0.2558505160746848,seq,0.23627754368961282,0.03525496922475384,0.16717907373302732,0.3053760136461983,1
178,5000,5,stress,ccmar,0.2558505160746848,full,0.2424977217206977,0.0069304799436620945,0.2289142306355428,0.2560812128058526,1
178,5000,5,stress,ccmar,0.2558505160746848,cc,0.27593776471815173,0.014066178338808669,0.2483685617739693,0.30350696766233415,1
178,5000,5,stress,ccmar,0.2558505160746848,seq,0.2736862158517843,0.013386996505944595,0.24744818483896938,0.2999242468645993,1
179,5000,5,stress,ccmar,0.2558505160746848,full,0.253444068021864,0.0069483918465950804,0.23982547025206585,0.2670626657916621,1
179,5000,5,stress,ccmar,0.2558505160746848,cc,0.2667886943955251,0.015502798467767434,0.2364037677391182,0.297173621051932,1
179,5000,5,stress,ccmar,0.2558505160746848,seq,0.27852094297438823,0.014702473074369678,0.24970462526495377,0.30733726068382267,1
180,5000,5,stress,ccmar,0.2558505160746848,full,0.247006950233475,0.006748204067202047,0.23378071330143227,0.2602331871655177,1
180,5000,5,stress,ccmar,0.2558505160746848,cc,0.294841671591377,0.02638202068199727,0.24313386121527147,0.3465494819674825,1
180,5000,5,stress,ccmar,0.2558505160746848,seq,0.2933338727001594,0.025612536502322366,0.2431342236028901,0.34353352179742874,1
181,5000,5,stress,ccmar,0.2558505160746848,full,0.25267303857641943,0.006599478462629599,0.23973829847291764,0.2656077786799212,1
181,5000,5,stress,ccmar,0.2558505160746848,cc,0.250349502276619,0.010795025722920418,0.22919164064751152,0.2715073639057265,1
181,5000,5,stress,ccmar,0.2558505160746848,seq,0.24817079262150918,0.011231512984272954,0.2261574316804402,0.27018415356257813,1
182,5000,5,stress,ccmar,0.2558505160746848,full,0.25347894537951016,0.006628427034667699,0.24048746711740984,0.2664704236416105,1
182,5000,5,stress,ccmar,0.2558505160746848,cc,0.28627221876187603,0.011799322210880998,0.26314597218656577,0.3093984653371863,0
182,5000,5,stress,ccmar,0.2558505160746848,seq,0.2906669935946372,0.01176513617813373,0.2676077504122859,0.3137262367769885,0
183,5000,5,stress,ccmar,0.2558505160746848,full,0.25499741098505435,0.006313442808203604,0.24262329046252187,0.26737153150758686,1
183,5000,5,stress,ccmar,0.2558505160746848,cc,0.26502198049238274,0.014290277631882247,0.2370135510048152,0.2930304099799503,1
183,5000,5,stress,ccmar,0.2558505160746848,seq,0.2611586633521346,0.013721117310050992,0.23426576759678555,0.28805155910748365,1
184,5000,5,stress,ccmar,0.2558505160746848,full,0.24989877964661764,0.006819652353971833,0.23653250664574904,0.26326505264748623,1
184,5000,5,stress,ccmar,0.2558505160746848,cc,0.23468826626584532,0.01832453979347247,0.19877282823736825,0.2706037042943224,1
184,5000,5,stress,ccmar,0.2558505160746848,seq,0.23230880114498237,0.0188151507870461,0.19543178323868154,0.2691858190512832,1
185,5000,5,stress,ccmar,0.2558505160746848,full,0.25144182095931517,0.0067086469354933325,0.23829311458075322,0.2645905273378771,1
185,5000,5,stress,ccmar,0.2558505160746848,cc,0.18001232893687175,0.06284146680769363,0.05684531725812299,0.3031793406156205,1
185,5000,5,stress,ccmar,0.2558505160746848,seq,0.18331937702855133,0.0640615515828442,0.05776104313242181,0.30887771092468086,1
186,5000,5,stress,ccmar,0.2558505160746848,full,0.2698287214589167,0.00652745018388246,0.2570351541876277,0.2826222887302057,0
186,5000,5,stress,ccmar,0.2558505160746848,cc,0.26816310594233783,0.013597796470179392,0.24151191459168034,0.2948142972929953,1
186,5000,5,stress,ccmar,0.2558505160746848,seq,0.2707787786492909,0.012406565955159793,0.24646235620535692,0.29509520109322485,1
187,5000,5,stress,ccmar,0.2558505160746848,full,0.27053045833267875,0.006834711888869969,0.25713466918578587,0.2839262474795716,0
187,5000,5,stress,ccmar,0.2558505160746848,cc,0.26405190399822126,0.014422460717479836,0.23578440042351706,0.29231940757292546,1
187,5000,5,stress,ccmar,0.2558505160746848,seq,0.25638845959460027,0.015696922311523864,0.2256230571958903,0.2871538619933103,1
188,5000,5,stress,ccmar,0.2558505160746848,full,0.25746080693587764,0.007849280831230328,0.24207649920212557,0.2728451146696297,1
188,5000,5,stress,ccmar,0.2558505160746848,cc,0.27204824576680176,0.017824813773202757,0.23711225274019085,0.3069842387934127,1
188,5000,5,stress,ccmar,0.2558505160746848,seq,0.2743204952266705,0.01811022297442996,0.23882511044479793,0.3098158800085431,1
189,5000,5,stress,ccmar,0.2558505160746848,full,0.25300654213313944,0.006670481934680291,0.239932637781641,0.26608044648463786,1
189,5000,5,stress,ccmar,0.2558505160746848,cc,0.24563177866694433,0.011826586179156287,0.22245209569573884,0.26881146163814984,1
189,5000,5,stress,ccmar,0.2558505160746848,seq,0.2431711484023631,0.011308246077000088,0.22100739336312655,0.2653349034415996,1
190,5000,5,stress,ccmar,0.2558505160746848,full,0.2599014042873557,0.006518841318593546,0.24712471008198075,0.27267809849273067,1
190,5000,5,stress,ccmar,0.2558505160746848,cc,0.2496311906227452,0.013130014505215401,0.2238968350760345,0.27536554616945585,1
190,5000,5,stress,ccmar,0.2558505160746848,seq,0.25289459084912735,0.012577268931278845,0.22824359671994623,0.27754558497830845,1
191,5000,5,stress,ccmar,0.2558505160746848,full,0.2568452574583928,0.007398304141555555,0.2423448477942704,0.27134566712251523,1
191,5000,5,stress,ccmar,0.2558505160746848,cc,0.2724674430333858,0.016278908368206287,0.24056136892407382,0.30437351714269784,1
191,5000,5,stress,ccmar,0.2558505160746848,seq,0.27374139617675863,0.01575627972180939,0.24285965539167345,0.30462313696184384,1
192,5000,5,stress,ccmar,0.2558505160746848,full,0.2518751890756149,0.006585722963391093,0.23896740925520996,0.2647829688960198,1
192,5000,5,stress,ccmar,0.2558505160746848,cc,0.24134226099913586,0.014530094720087169,0.2128637986558094,0.2698207233424623,1
192,5000,5,stress,ccmar,0.2558505160746848,seq,0.24212239906092958,0.013934877258246348,0.2148105415057805,0.26943425661607867,1
193,5000,5,stress,ccmar,0.2558505160746848,full,0.2616126719399803,0.0062459672327162315,0.24937080111523915,0.2738545427647214,1
193,5000,5,stress,ccmar,0.2558505160746848,cc,0.2620411651775332,0.013504528663166966,0.23557277536953708,0.28850955498552927,1
193,5000,5,stress,ccmar,0.2558505160746848,seq,0.2674422852388115,0.013626937879030502,0.24073397777634706,0.29415059270127586,1
194,5000,5,stress,ccmar,0.2558505160746848,full,0.25683539327768284,0.006980879808866125,0.2431531202719024,0.2705176662834633,1
194,5000,5,stress,ccmar,0.2558505160746848,cc,0.2537023064512254,0.016595176465173788,0.22117635826239804,0.28622825464005275,1
194,5000,5,stress,ccmar,0.2558505160746848,seq,0.25768659654146503,0.016518985418814996,0.22530998005944533,0.2900632130234847,1
195,5000,5,stress,ccmar,0.2558505160746848,full,0.2535820987382973,0.006583499623920496,0.24067867658318012,0.26648552089341443,1
195,5000,5,stress,ccmar,0.2558505160746848,cc,0.18179581404664252,0.07716016207950789,0.030564675329533858,0.33302695276375116,1
195,5000,5,stress,ccmar,0.2558505160746848,seq,0.18702351221302735,0.07149970146961865,0.04688667242720923,0.32716035199884547,1
196,5000,5,stress,ccmar,0.2558505160746848,full,0.23951315559995429,0.00635894036815736,0.227049861498528,0.25197644970138056,0
196,5000,5,stress,ccmar,0.2558505160746848,cc,0.23113042336615716,0.013051549060162301,0.20554985726578145,0.25671098946653287,1
196,5000,5,stress,ccmar,0.2558505160746848,seq,0.23278783664028688,0.01197035233947657,0.209326377172658,0.25624929610791575,1
197,5000,5,stress,ccmar,0.2558505160746848,full,0.24795021743812795,0.006509515769162793,0.23519180097377332,0.26070863390248256,1
197,5000,5,stress,ccmar,0.2558505160746848,cc,0.24755626293895425,0.011232068646318146,0.22554181292028913,0.26957071295761936,1
197,5000,5,stress,ccmar,0.2558505160746848,seq,0.24374267135682406,0.011155799133382792,0.22187770683663063,0.26560763587701747,1
198,5000,5,stress,ccmar,0.2558505160746848,full,0.24706127475306044,0.006397532130315216,0.23452234218770482,0.2596002073184161,1
198,5000,5,stress,ccmar,0.2558505160746848,cc,0.24387327260115527,0.011996412976833926,0.22036073522289185,0.2673858099794187,1
198,5000,5,stress,ccmar,0.2558505160746848,seq,0.24374805220176277,0.01151184386368167,0.22118525283329826,0.26631085157022727,1
199,5000,5,stress,ccmar,0.2558505160746848,full,0.2544554161851259,0.006437281704902577,0.24183857588517826,0.26707225648507354,1
199,5000,5,stress,ccmar,0.2558505160746848,cc,0.22042313106062766,0.012538866882082472,0.19584740356480398,0.24499885855645134,0
199,5000,5,stress,ccmar,0.2558505160746848,seq,0.21536211809292136,0.012566368575882076,0.1907324882677366,0.23999174791810612,0
200,5000,5,stress,ccmar,0.2558505160746848,full,0.2522773222485747,0.006304584198270568,0.23992056428246405,0.2646340802146853,1
200,5000,5,stress,ccmar,0.2558505160746848,cc,0.2598264555576385,0.0154848484003597,0.2294767103868708,0.29017620072840616,1
200,5000,5,stress,ccmar,0.2558505160746848,seq,0.26002060647467284,0.015323967052157337,0.22998618295216605,0.29005502999717964,1
201,5000,5,stress,ccmar,0.2558505160746848,full,0.24875184241548715,0.0075202335973873595,0.23401245540927984,0.26349122942169445,1
201,5000,5,stress,ccmar,0.2558505160746848,cc,0.23935096107441914,0.037846510134551384,0.16517316427016826,0.31352875787867,1
201,5000,5,stress,ccmar,0.2558505160746848,seq,0.23108631555277334,0.03839981710585785,0.15582405701236685,0.30634857409317984,1
202,5000,5,stress,ccmar,0.2558505160746848,full,0.26521663947363033,0.006786510886550912,0.2519153225553016,0.2785179563919591,1
202,5000,5,stress,ccmar,0.2558505160746848,cc,0.25054265716072416,0.01093677841838035,0.22910696535380373,0.27197834896764456,1
202,5000,5,stress,ccmar,0.2558505160746848,seq,0.2485903345356149,0.01046184283284283,0.22808549937132447,0.2690951696999053,1
203,5000,5,stress,ccmar,0.2558505160746848,full,0.2567098160528744,0.0070022896133904895,0.24298558060131015,0.27043405150443867,1
203,5000,5,stress,ccmar,0.2558505160746848,cc,0.2611194124381251,0.010759851854948207,0.2400304903234401,0.2822083345528101,1
203,5000,5,stress,ccmar,0.2558505160746848,seq,0.26325556689267476,0.010625344735397406,0.24243027388797359,0.28408085989737597,1
204,5000,5,stress,ccmar,0.2558505160746848,full,0.2553053086953964,0.006618013995460774,0.24233423961511127,0.2682763777756816,1
204,5000,5,stress,ccmar,0.2558505160746848,cc,0.2449437290176652,0.013925471999176563,0.21765030543155817,0.27223715260377224,1
204,5000,5,stress,ccmar,0.2558505160746848,seq,0.251424527757303,0.013048730661963263,0.22584948561589152,0.2769995698987145,1
205,5000,5,stress,ccmar,0.2558505160746848,full,0.2538484244450313,0.006428658312568608,0.2412484856834828,0.26644836320657983,1
205,5000,5,stress,ccmar,0.2558505160746848,cc,0.2538214708429461,0.013647140165880312,0.2270735676258507,0.2805693740600415,1
205,5000,5,stress,ccmar,0.2558505160746848,seq,0.25282474064418736,0.013531392129372856,0.2263036994099278,0.2793457818784469,1
206,5000,5,stress,ccmar,0.2558505160746848,full,0.25009035575772903,0.00659133611582428,0.23717157436071531,0.2630091371547427,1
206,5000,5,stress,ccmar,0.2558505160746848,cc,0.24416371993032557,0.014204755421067425,0.21632291089583333,0.2720045289648178,1
206,5000,5,stress,ccmar,0.2558505160746848,seq,0.24993927860139184,0.013665651142082095,0.22315509453762228,0.2767234626651614,1
207,5000,5,stress,ccmar,0.2558505160746848,full,0.2701125083816526,0.006449849998185836,0.25747103467952265,0.2827539820837826,0
207,5000,5,stress,ccmar,0.2558505160746848,cc,0.27083243933188506,0.014237717753332454,0.2429270253133069,0.2987378533504632,1
207,5000,5,stress,ccmar,0.2558505160746848,seq,0.2679943000482192,0.014035828075626613,0.24048458252679494,0.2955040175696435,1
208,5000,5,stress,ccmar,0.2558505160746848,full,0.25746215669804934,0.006702244814112783,0.24432599824681794,0.27059831514928073,1
208,5000,5,stress,ccmar,0.2558505160746848,cc,0.2486796504285803,0.017436357567082963,0.21450501757553525,0.2828542832816254,1
208,5000,5,stress,ccmar,0.2558505160746848,seq,0.24857436008393005,0.016581509907459397,0.21607519785601553,0.28107352231184457,1
209,5000,5,stress,ccmar,0.2558505160746848,full,0.26675729163608114,0.006500969724587355,0.25401562511130465,0.2794989581608576,1
209,5000,5,stress,ccmar,0.2558505160746848,cc,0.16909762077474946,0.08368334311319685,0.005081282166975676,0.33311395938252325,1
209,5000,5,stress,ccmar,0.2558505160746848,seq,0.17780481896010739,0.08763037689702138,0.00605243629027466,0.3495572016299401,1
210,5000,5,stress,ccmar,0.2558505160746848,full,0.2564963104324902,0.006691030008801386,0.24338213259576277,0.26961048826921763,1
210,5000,5,stress,ccmar,0.2558505160746848,cc,0.25227228443009725,0.012069661168065793,0.22861618323508665,0.27592838562510785,1
210,5000,5,stress,ccmar,0.2558505160746848,seq,0.25108940740148133,0.01260992964321694,0.22637439945319213,0.27580441534977057,1
211,5000,5,stress,ccmar,0.2558505160746848,full,0.26088283802547674,0.0072396358680101676,0.24669341246299242,0.27507226358796105,1
211,5000,5,stress,ccmar,0.2558505160746848,cc,0.24186506181461145,0.01658063034128933,0.2093676235047123,0.2743625001245106,1
211,5000,5,stress,ccmar,0.2558505160746848,seq,0.2373466436014194,0.018352926627054393,0.20137556840148663,0.2733177188013522,1
212,5000,5,stress,ccmar,0.2558505160746848,full,0.2499484836032504,0.0068220113303856375,0.23657758709357035,0.26331938011293043,1
212,5000,5,stress,ccmar,0.2558505160746848,cc,0.2541720350100098,0.014136159703419084,0.22646567111160198,0.2818783989084176,1
212,5000,5,stress,ccmar,0.2558505160746848,seq,0.25749940077017974,0.01380633747176316,0.23043947656711816,0.2845593249732413,1
213,5000,5,stress,ccmar,0.2558505160746848,full,0.24806202986505976,0.006468873017158818,0.23538327173086554,0.260740787999254,1
213,5000,5,stress,ccmar,0.2558505160746848,cc,0.22444928251268528,0.010701576299914965,0.20347457838704452,0.24542398663832604,0
213,5000,5,stress,ccmar,0.2558505160746848,seq,0.22878342932633805,0.010437409868249469,0.20832648189268616,0.24924037675998995,0
214,5000,5,stress,ccmar,0.2558505160746848,full,0.25078960222349406,0.006933930045819535,0.23719934906236761,0.2643798553846205,1
214,5000,5,stress,ccmar,0.2558505160746848,cc,0.21469403828810033,0.02964076287432404,0.15659921058013326,0.2727888659960674,1
214,5000,5,stress,ccmar,0.2558505160746848,seq,0.21308315770924705,0.031444133867644324,0.15145378780360802,0.27471252761488607,1
215,5000,5,stress,ccmar,0.2558505160746848,full,0.2548847723478996,0.006305503906027586,0.2425262117877089,0.26724333290809027,1
215,5000,5,stress,ccmar,0.2558505160746848,cc,0.2031038042369656,0.014147170287044241,0.17537585999120373,0.2308317484827275,0
215,5000,5,stress,ccmar,0.2558505160746848,seq,0.20620405007449452,0.014471515608035376,0.17784040068103593,0.2345676994679531,0
216,5000,5,stress,ccmar,0.2558505160746848,full,0.2612978829236112,0.0068864421848054995,0.24780070425977513,0.2747950615874473,1
216,5000,5,stress,ccmar,0.2558505160746848,cc,0.2435828923151211,0.012623248564207741,0.21884177976137698,0.2683240048688652,1
216,5000,5,stress,ccmar,0.2558505160746848,seq,0.23921937213840982,0.013996848263954706,0.21178605364398662,0.26665269063283303,1
217,5000,5,stress,ccmar,0.2558505160746848,full,0.26422606840458174,0.006116772694036313,0.2522374142226525,0.276214722586511,1
217,5000,5,stress,ccmar,0.2558505160746848,cc,0.26615001998162735,0.019019471679941367,0.22887254048396274,0.30342749947929193,1
217,5000,5,stress,ccmar,0.2558505160746848,seq,0.2824554387944309,0.019827357798891325,0.24359453160001454,0.3213163459888473,1
218,5000,5,stress,ccmar,0.2558505160746848,full,0.2624062168442615,0.006661280704453772,0.24935034657262053,0.27546208711590253,1
218,5000,5,stress,ccmar,0.2558505160746848,cc,0.24852758804329028,0.011107927821422297,0.22675644957043212,0.27029872651614845,1
218,5000,5,stress,ccmar,0.2558505160746848,seq,0.2513938577670901,0.011101579626148746,0.22963516152833494,0.2731525540058453,1
219,5000,5,stress,ccmar,0.2558505160746848,full,0.2439695252171186,0.007127552744062893,0.2299997785408457,0.2579392718933915,1
219,5000,5,stress,ccmar,0.2558505160746848,cc,0.21266637013448836,0.011618723682543469,0.18989409017038056,0.23543865009859616,0
219,5000,5,stress,ccmar,0.2558505160746848,seq,0.21591301201273327,0.011180712974306777,0.1939992172616123,0.23782680676385426,0
220,5000,5,stress,ccmar,0.2558505160746848,full,0.24518349600939174,0.006266896682438014,0.23290060421697967,0.2574663878018038,1
220,5000,5,stress,ccmar,0.2558505160746848,cc,0.26870073054089716,0.025339440233953316,0.21903634029394345,0.31836512078785084,1
220,5000,5,stress,ccmar,0.2558505160746848,seq,0.27224528322606684,0.027811554411442587,0.2177356382255633,0.3267549282265704,1
221,5000,5,stress,ccmar,0.2558505160746848,full,0.26927862294101285,0.006033956686012717,0.25745228515215324,0.28110496072987246,0
221,5000,5,stress,ccmar,0.2558505160746848,cc,0.29022429001148536,0.012263806580981463,0.2661876707993964,0.3142609092235743,0
221,5000,5,stress,ccmar,0.2558505160746848,seq,0.2873413461148538,0.012056022128111398,0.2637119769469375,0.3109707152827701,0
222,5000,5,stress,ccmar,0.2558505160746848,full,0.26595680364291446,0.006802123802515246,0.25262488597160193,0.279288721314227,1
222,5000,5,stress,ccmar,0.2558505160746848,cc,0.2861678316020501,0.013070626923510034,0.26054987357661086,0.3117857896274894,0
222,5000,5,stress,ccmar,0.2558505160746848,seq,0.2848988937416193,0.013204095741812439,0.2590193416392482,0.3107784458439904,0
223,5000,5,stress,ccmar,0.2558505160746848,full,0.25650282043667433,0.0067389805700606605,0.24329466122684024,0.2697109796465084,1
223,5000,5,stress,ccmar,0.2558505160746848,cc,0.24474363278294275,0.02857177462432424,0.18874398354487182,0.3007432820210137,1
223,5000,5,stress,ccmar,0.2558505160746848,seq,0.24186856702857734,0.03092863896515441,0.18124954856603254,0.30248758549112215,1
224,5000,5,stress,ccmar,0.2558505160746848,full,0.2479947751723391,0.006876526584503503,0.23451703072798,0.2614725196166982,1
224,5000,5,stress,ccmar,0.2558505160746848,cc,0.2464928893586136,0.013287102264997875,0.2204506474603172,0.27253513125691003,1
224,5000,5,stress,ccmar,0.2558505160746848,seq,0.24558663919943616,0.013618304853351292,0.21889525215638062,0.2722780262424917,1
225,5000,5,stress,ccmar,0.2558505160746848,full,0.2483014194756593,0.006426095076509829,0.2357065045644699,0.2608963343868487,1
225,5000,5,stress,ccmar,0.2558505160746848,cc,0.24364240511009166,0.014087837241988395,0.2160307514957323,0.271254058724451,1
225,5000,5,stress,ccmar,0.2558505160746848,seq,0.2405582985517839,0.013740252914280535,0.21362789770132254,0.2674886994022453,1
226,5000,5,stress,ccmar,0.2558505160746848,full,0.25711220830257125,0.006372952376564908,0.24462145116931508,0.2696029654358274,1
226,5000,5,stress,ccmar,0.2558505160746848,cc,0.2595284570908288,0.014201533633910276,0.2316939626431304,0.28736295153852714,1
226,5000,5,stress,ccmar,0.2558505160746848,seq,0.2564746379840833,0.015429027763956852,0.22623429925025934,0.2867149767179073,1
227,5000,5,stress,ccmar,0.2558505160746848,full,0.25415440698737557,0.006520639100413898,0.24137418919438067,0.26693462478037044,1
227,5000,5,stress,ccmar,0.2558505160746848,cc,0.24528118592394654,0.012780390336658828,0.2202320811557315,0.2703302906921616,1
227,5000,5,stress,ccmar,0.2558505160746848,seq,0.23986536796205027,0.014066540410217912,0.21229545537094588,0.26743528055315463,1
228,5000,5,stress,ccmar,0.2558505160746848,full,0.24973395984391136,0.007395116141654169,0.2352397985447784,0.26422812114304434,1
228,5000,5,stress,ccmar,0.2558505160746848,cc,0.21084569179272966,0.0128835924543734,0.1855943145906658,0.23609706899479352,0
228,5000,5,stress,ccmar,0.2558505160746848,seq,0.2057277284593056,0.013597936969256283,0.17907626173551755,0.23237919518309363,0
229,5000,5,stress,ccmar,0.2558505160746848,full,0.2585385884864001,0.008146761008590958,0.24257123031890662,0.2745059466538936,1
229,5000,5,stress,ccmar,0.2558505160746848,cc,0.27212770568091504,0.016334892776335028,0.2401119041479749,0.3041435072138552,1
229,5000,5,stress,ccmar,0.2558505160746848,seq,0.25941900648230326,0.016916893067144893,0.22626250534038395,0.2925755076242226,1
230,5000,5,stress,ccmar,0.2558505160746848,full,0.2525814555764054,0.006703477635269051,0.2394428808401083,0.26572003031270247,1
230,5000,5,stress,ccmar,0.2558505160746848,cc,0.26409720952429433,0.014939809243864255,0.23481572147042182,0.29337869757816687,1
230,5000,5,stress,ccmar,0.2558505160746848,seq,0.2636999614059445,0.015473604615676935,0.23337225364820494,0.294027669163684,1
231,5000,5,stress,ccmar,0.2558505160746848,full,0.2636147523320937,0.006666917740269878,0.25054783367327355,0.27668167099091384,1
231,5000,5,stress,ccmar,0.2558505160746848,cc,0.2709408682758357,0.0153465521504419,0.24086217877410385,0.3010195577775675,1
231,5000,5,stress,ccmar,0.2558505160746848,seq,0.2696408467712985,0.014349808109757757,0.2415157396911125,0.2977659538514845,1
232,5000,5,stress,ccmar,0.2558505160746848,full,0.25586388831974405,0.0069357518417689674,0.24227006450416952,0.26945771213531855,1
232,5000,5,stress,ccmar,0.2558505160746848,cc,0.24660055356121902,0.021950394856919166,0.2035785701952242,0.2896225369272138,1
232,5000,5,stress,ccmar,0.2558505160746848,seq,0.2481921336547247,0.024125432795810066,0.2009071542634955,0.2954771130459539,1
233,5000,5,stress,ccmar,0.2558505160746848,full,0.250261703795684,0.00680251924776493,0.23692901106592426,0.2635943965254438,1
233,5000,5,stress,ccmar,0.2558505160746848,cc,0.24000174609262218,0.01836590472233664,0.20400523429334827,0.2759982578918961,1
233,5000,5,stress,ccmar,0.2558505160746848,seq,0.2404013257306753,0.017577364544505387,0.20595032428031346,0.27485232718103714,1
234,5000,5,stress,ccmar,0.2558505160746848,full,0.2518423445072378,0.006910222145647212,0.23829855797659816,0.26538613103787745,1
234,5000,5,stress,ccmar,0.2558505160746848,cc,0.2588891636738567,0.023128128248493255,0.2135588652769865,0.3042194620707269,1
234,5000,5,stress,ccmar,0.2558505160746848,seq,0.26043126001852984,0.022884054748655153,0.21557933689092296,0.3052831831461367,1
235,5000,5,stress,ccmar,0.2558505160746848,full,0.2527735751604911,0.006768481554545621,0.239507595083558,0.2660395552374242,1
235,5000,5,stress,ccmar,0.2558505160746848,cc,0.26576095821948637,0.012901386685025345,0.2404747049662121,0.29104721147276064,1
235,5000,5,stress,ccmar,0.2558505160746848,seq,0.26524940896237764,0.012959487726179325,0.23984927976097728,0.290649538163778,1
236,5000,5,stress,ccmar,0.2558505160746848,full,0.23712275423926585,0.007189013674541627,0.22303254635279832,0.2512129621257334,0
236,5000,5,stress,ccmar,0.2558505160746848,cc,0.22150530853240594,0.011804662727625405,0.19836859473661778,0.2446420223281941,0
236,5000,5,stress,ccmar,0.2558505160746848,seq,0.22321714344105786,0.011365040030307609,0.20094207429879896,0.24549221258331677,0
237,5000,5,stress,ccmar,0.2558505160746848,full,0.25638306048304277,0.006298421233505277,0.24403838170591008,0.26872773926017546,1
237,5000,5,stress,ccmar,0.2558505160746848,cc,0.2313833469063009,0.012482373170820281,0.20691834504990414,0.2558483487626977,0
237,5000,5,stress,ccmar,0.2558505160746848,seq,0.2327774201810774,0.01228776130060368,0.20869385058126913,0.2568609897808857,1
238,5000,5,stress,ccmar,0.2558505160746848,full,0.25645932904763885,0.008841727227310255,0.23912986212098356,0.2737887959742941,1
238,5000,5,stress,ccmar,0.2558505160746848,cc,0.20002846540019778,0.018701658079139913,0.16337388911390102,0.23668304168649454,0
238,5000,5,stress,ccmar,0.2558505160746848,seq,0.1925008337677721,0.018775443101801553,0.15570164149446006,0.22930002604108415,0
239,5000,5,stress,ccmar,0.2558505160746848,full,0.24949455042635005,0.006696679747880932,0.23636929930450465,0.2626198015481954,1
239,5000,5,stress,ccmar,0.2558505160746848,cc,0.22390580603302496,0.029294419897219072,0.166489798086482,0.2813218139795679,1
239,5000,5,stress,ccmar,0.2558505160746848,seq,0.22506779351733738,0.02935796132054585,0.16752724666954755,0.2826083403651272,1
240,5000,5,stress,ccmar,0.2558505160746848,full,0.24777503292937453,0.006608252053021594,0.23482309690468933,0.2607269689540597,1
240,5000,5,stress,ccmar,0.2558505160746848,cc,0.23726192032829976,0.009869965458597404,0.2179171435007945,0.25660669715580503,1
240,5000,5,stress,ccmar,0.2558505160746848,seq,0.23776587142965494,0.009644084287364152,0.21886381356255258,0.2566679292967573,1
241,5000,5,stress,ccmar,0.2558505160746848,full,0.2518440970008609,0.006187813598372626,0.23971620520500336,0.26397198879671846,1
241,5000,5,stress,ccmar,0.2558505160746848,cc,0.2754132130645196,0.014347568845620535,0.24729249486139443,0.3035339312676448,1
241,5000,5,stress,ccmar,0.2558505160746848,seq,0.27845978584755005,0.014929325411226836,0.2491988457280668,0.30772072596703326,1
242,5000,5,stress,ccmar,0.2558505160746848,full,0.2439346130144284,0.0062498644895234035,0.23168510370670672,0.2561841223221501,1
242,5000,5,stress,ccmar,0.2558505160746848,cc,0.2123540235159984,0.014125089385329996,0.1846693570423426,0.24003868998965422,0
242,5000,5,stress,ccmar,0.2558505160746848,seq,0.20992429044175215,0.015516224653849798,0.17951304894417408,0.24033553193933022,0
243,5000,5,stress,ccmar,0.2558505160746848,full,0.25302068212332923,0.007180633086640843,0.2389468998873165,0.267094464359342,1
243,5000,5,stress,ccmar,0.2558505160746848,cc,0.3131688309925088,0.016835528317721796,0.28017180182906987,0.34616586015594775,0
243,5000,5,stress,ccmar,0.2558505160746848,seq,0.3217676586165883,0.016615782868806172,0.28920132261879056,0.354333994614386,0
244,5000,5,stress,ccmar,0.2558505160746848,full,0.2567974462065394,0.00657872054858098,0.24390339086696708,0.2696915015461117,1
244,5000,5,stress,ccmar,0.2558505160746848,cc,0.27318555088902546,0.011997527945196684,0.24967082821292713,0.2967002735651238,1
244,5000,5,stress,ccmar,0.2558505160746848,seq,0.2680029362672764,0.011727029898076773,0.2450183800214215,0.2909874925131313,1
245,5000,5,stress,ccmar,0.2558505160746848,full,0.2582288151119872,0.006384568523009963,0.24571529075005957,0.2707423394739148,1
245,5000,5,stress,ccmar,0.2558505160746848,cc,0.26182201886102197,0.011998063152013887,0.23830624719883764,0.2853377905232063,1
245,5000,5,stress,ccmar,0.2558505160746848,seq,0.26082535997215883,0.012021127601780653,0.2372643828191084,0.2843863371252093,1
246,5000,5,stress,ccmar,0.2558505160746848,full,0.25107242085598186,0.006448166122244533,0.23843424749005127,0.26371059422191245,1
246,5000,5,stress,ccmar,0.2558505160746848,cc,0.25768070764258016,0.009999773558110835,0.23808151161512697,0.27727990367003336,1
246,5000,5,stress,ccmar,0.2558505160746848,seq,0.2575219678949408,0.009987020212426567,0.23794776796571118,0.27709616782417046,1
247,5000,5,stress,ccmar,0.2558505160746848,full,0.2582098935214008,0.007442584145105243,0.24362269664508568,0.2727970903977159,1
247,5000,5,stress,ccmar,0.2558505160746848,cc,0.3076927226714529,0.06773797716962217,0.17492872703339704,0.44045671830950883,1
247,5000,5,stress,ccmar,0.2558505160746848,seq,0.29800460499639475,0.06144195027864654,0.1775805953103468,0.4184286146824427,1
248,5000,5,stress,ccmar,0.2558505160746848,full,0.24584017211685286,0.006377310781122036,0.23334087266763467,0.25833947156607107,1
248,5000,5,stress,ccmar,0.2558505160746848,cc,0.24415796888039296,0.014338746173289696,0.21605454279728364,0.27226139496350227,1
248,5000,5,stress,ccmar,0.2558505160746848,seq,0.242579382727351,0.015522421034136747,0.212155996547576,0.273002768907126,1
249,5000,5,stress,ccmar,0.2558505160746848,full,0.26003245811192277,0.007779930514247609,0.24478407450177328,0.2752808417220723,1
249,5000,5,stress,ccmar,0.2558505160746848,cc,0.250056348963284,0.014908009200953531,0.22083718784822332,0.27927551007834467,1
249,5000,5,stress,ccmar,0.2558505160746848,seq,0.24960118999838668,0.015478204804140026,0.2192644660369374,0.27993791395983597,1
250,5000,5,stress,ccmar,0.2558505160746848,full,0.255352095705828,0.006917132273460372,0.241794765573546,0.26890942583811,1
250,5000,5,stress,ccmar,0.2558505160746848,cc,0.2560635304803839,0.016679612574792703,0.2233720905577088,0.288754970403059,1
250,5000,5,stress,ccmar,0.2558505160746848,seq,0.25513957394308834,0.016835696717457143,0.2221422147222331,0.28813693316394356,1
251,5000,5,stress,ccmar,0.2558505160746848,full,0.262225706520807,0.006735175534579988,0.24902500504347494,0.2754264079981391,1
251,5000,5,stress,ccmar,0.2558505160746848,cc,0.2973761384911354,0.014855540387495047,0.26825981436076496,0.3264924626215059,0
251,5000,5,stress,ccmar,0.2558505160746848,seq,0.2978499889040634,0.01546357963797361,0.2675419297415682,0.32815804806655857,0
252,5000,5,stress,ccmar,0.2558505160746848,full,0.25254513916407234,0.006356900857869752,0.24008584242935585,0.2650044358987888,1
252,5000,5,stress,ccmar,0.2558505160746848,cc,0.26475224267775876,0.019056005884132258,0.22740315745567619,0.30210132789984134,1
252,5000,5,stress,ccmar,0.2558505160746848,seq,0.2682438170807804,0.018793136412930133,0.23140994655488906,0.3050776876066717,1
253,5000,5,stress,ccmar,0.2558505160746848,full,0.2600184312945199,0.006608216170068985,0.24706656559912948,0.2729702969899103,1
253,5000,5,stress,ccmar,0.2558505160746848,cc,0.24410615230056254,0.013748465672689376,0.21715965473940613,0.27105264986171895,1
253,5000,5,stress,ccmar,0.2558505160746848,seq,0.239142987537487,0.013201371579769283,0.21326877469460856,0.2650172003803654,1
254,5000,5,stress,ccmar,0.2558505160746848,full,0.27070007977702326,0.00648803012700074,0.257983774397491,0.28341638515655554,0
254,5000,5,stress,ccmar,0.2558505160746848,cc,0.25368437858572335,0.013796756091660206,0.22664323354258575,0.28072552362886094,1
254,5000,5,stress,ccmar,0.2558505160746848,seq,0.25188548848771636,0.01369387956195593,0.2250459777376536,0.2787249992377791,1
255,5000,5,stress,ccmar,0.2558505160746848,full,0.2806337444171217,0.006604519629286926,0.2676891238085315,0.2935783650257119,0
255,5000,5,stress,ccmar,0.2558505160746848,cc,0.29560960221538535,0.015607652216267427,0.26501916598827446,0.32620003844249623,0
255,5000,5,stress,ccmar,0.2558505160746848,seq,0.297542383142609,0.015671536125726585,0.2668267367537665,0.3282580295314515,0
256,5000,5,stress,ccmar,0.2558505160746848,full,0.255328376835688,0.006837280948558439,0.2419275524243316,0.26872920124704436,1
256,5000,5,stress,ccmar,0.2558505160746848,cc,0.23719606035810292,0.010699631974200657,0.21622516704083644,0.2581669536753694,1
256,5000,5,stress,ccmar,0.2558505160746848,seq,0.23885264066353248,0.010731575040153265,0.2178191400874431,0.25988614123962184,1
257,5000,5,stress,ccmar,0.2558505160746848,full,0.2514374862649798,0.006209576939014871,0.23926693910528019,0.2636080334246794,1
257,5000,5,stress,ccmar,0.2558505160746848,cc,0.22930076007138164,0.010602619110635566,0.20852000847273983,0.25008151167002346,0
257,5000,5,stress,ccmar,0.2558505160746848,seq,0.22983362738671131,0.010924342627055914,0.20842230928290603,0.25124494549051657,0
258,5000,5,stress,ccmar,0.2558505160746848,full,0.24321217325028993,0.006640363887767311,0.23019729918602563,0.25622704731455426,1
258,5000,5,stress,ccmar,0.2558505160746848,cc,0.2248722385910447,0.014306956402921903,0.19683111931293304,0.25291335786915636,0
258,5000,5,stress,ccmar,0.2558505160746848,seq,0.22847331861422918,0.014204980775685836,0.2006320678928011,0.25631456933565727,1
259,5000,5,stress,ccmar,0.2558505160746848,full,0.2620207753509927,0.006561810690909672,0.24915986272343987,0.27488168797854556,1
259,5000,5,stress,ccmar,0.2558505160746848,cc,0.2819338471417412,0.01961505968411445,0.24348903660627325,0.32037865767720913,1
259,5000,5,stress,ccmar,0.2558505160746848,seq,0.29181484292364945,0.01942972107516083,0.2537332893866754,0.3298963964606235,1
260,5000,5,stress,ccmar,0.2558505160746848,full,0.25291305653940127,0.006391925253374012,0.24038511325091616,0.2654409998278864,1
260,5000,5,stress,ccmar,0.2558505160746848,cc,0.26499771424239454,0.016947323823317848,0.23178156991435392,0.2982138585704352,1
260,5000,5,stress,ccmar,0.2558505160746848,seq,0.26097304056027626,0.016018102657499596,0.22957813625091172,0.2923679448696408,1
261,5000,5,stress,ccmar,0.2558505160746848,full,0.25719615319965405,0.006613218175455636,0.2442344837538553,0.2701578226454528,1
261,5000,5,stress,ccmar,0.2558505160746848,cc,0.2961042117726629,0.012876738282232224,0.27086626850113954,0.32134215504418623,0
261,5000,5,stress,ccmar,0.2558505160746848,seq,0.29583340873056413,0.012678914422538903,0.2709831930993224,0.32068362436180586,0
262,5000,5,stress,ccmar,0.2558505160746848,full,0.24760955523979492,0.007038225757400994,0.23381488624022684,0.261404224239363,1
262,5000,5,stress,ccmar,0.2558505160746848,cc,0.2828252439510934,0.010194427309757842,0.26284453358095644,0.3028059543212303,0
262,5000,5,stress,ccmar,0.2558505160746848,seq,0.2846673549308596,0.009849570186894105,0.2653625521013477,0.3039721577603715,0
263,5000,5,stress,ccmar,0.2558505160746848,full,0.2553852106319922,0.006622472045519242,0.2424054039341512,0.2683650173298332,1
263,5000,5,stress,ccmar,0.2558505160746848,cc,0.2605710510641304,0.01062470366497168,0.23974701453437522,0.28139508759388565,1
263,5000,5,stress,ccmar,0.2558505160746848,seq,0.26063263632591627,0.010494982705607557,0.24006284820455473,0.28120242444727783,1
264,5000,5,stress,ccmar,0.2558505160746848,full,0.2704516119664902,0.006455732042650647,0.2577986096690537,0.2831046142639267,0
264,5000,5,stress,ccmar,0.2558505160746848,cc,0.2768269790378427,0.01631801446913453,0.24484425837913554,0.30880969969654987,1
264,5000,5,stress,ccmar,0.2558505160746848,seq,0.276138029576101,0.015680410462946243,0.24540498980592135,0.30687106934628067,1
265,5000,5,stress,ccmar,0.2558505160746848,full,0.26367103660414604,0.006766582108270079,0.2504087793735036,0.2769332938347885,1
265,5000,5,stress,ccmar,0.2558505160746848,cc,0.25660629889898917,0.014366905178026511,0.2284476821807552,0.28476491561722317,1
265,5000,5,stress,ccmar,0.2558505160746848,seq,0.265767279579168,0.014110204375373933,0.2381117871889356,0.2934227719694004,1
266,5000,5,stress,ccmar,0.2558505160746848,full,0.26087834662654574,0.00685899670117681,0.24743496012216015,0.27432173313093133,1
266,5000,5,stress,ccmar,0.2558505160746848,cc,0.27770950955425194,0.01539102627032151,0.24754365237931195,0.3078753667291919,1
266,5000,5,stress,ccmar,0.2558505160746848,seq,0.26983724268911974,0.016322355480721827,0.237846013804045,0.30182847157419446,1
267,5000,5,stress,ccmar,0.2558505160746848,full,0.2576555557810318,0.006355007188225668,0.24519997057061632,0.27011114099144723,1
267,5000,5,stress,ccmar,0.2558505160746848,cc,0.26619792209563664,0.020041421962466156,0.22691745685023293,0.3054783873410404,1
267,5000,5,stress,ccmar,0.2558505160746848,seq,0.27527998167478956,0.02148692696966097,0.2331663786758117,0.31739358467376744,1
268,5000,5,stress,ccmar,0.2558505160746848,full,0.2398325709019997,0.006406239225307219,0.22727657274404978,0.2523885690599496,0
268,5000,5,stress,ccmar,0.2558505160746848,cc,0.22359189596062298,0.012867005463090284,0.1983730286640859,0.24881076325716006,0
268,5000,5,stress,ccmar,0.2558505160746848,seq,0.21574798628839661,0.012931145850651178,0.19040340614228574,0.2410925664345075,0
269,5000,5,stress,ccmar,0.2558505160746848,full,0.25705121800471686,0.006383103693018183,0.24454056465681662,0.2695618713526171,1
269,5000,5,stress,ccmar,0.2558505160746848,cc,0.2362253834367606,0.012586779729667038,0.21155574848527442,0.2608950183882468,1
269,5000,5,stress,ccmar,0.2558505160746848,seq,0.2368812364905697,0.012866535466935513,0.21166329036956882,0.26209918261157056,1
270,5000,5,stress,ccmar,0.2558505160746848,full,0.25513105516848666,0.006919643731194996,0.24156880266949612,0.26869330766747723,1
270,5000,5,stress,ccmar,0.2558505160746848,cc,0.26755908215829566,0.0169390469843055,0.23435916013662506,0.30075900417996626,1
270,5000,5,stress,ccmar,0.2558505160746848,seq,0.2694723748661307,0.01853459294094935,0.23314524023375965,0.3057995094985017,1
271,5000,5,stress,ccmar,0.2558505160746848,full,0.2500646542360035,0.007068482646192474,0.23621068282411986,0.2639186256478871,1
271,5000,5,stress,ccmar,0.2558505160746848,cc,0.24690569549982125,0.026493090359853255,0.19498019255534357,0.29883119844429895,1
271,5000,5,stress,ccmar,0.2558505160746848,seq,0.24273034763665538,0.026679247532642017,0.19043998333804793,0.2950207119352628,1
272,5000,5,stress,ccmar,0.2558505160746848,full,0.2443552422443512,0.006421398740679419,0.2317695319822487,0.2569409525064537,1
272,5000,5,stress,ccmar,0.2558505160746848,cc,0.23074945261101235,0.02670688975856745,0.17840491054513852,0.2830939946768862,1
272,5000,5,stress,ccmar,0.2558505160746848,seq,0.22911582399734717,0.027969808559962426,0.17429600656534072,0.2839356414293536,1
273,5000,5,stress,ccmar,0.2558505160746848,full,0.25594820600134693,0.00752340530327335,0.24120260256583353,0.27069380943686033,1
273,5000,5,stress,ccmar,0.2558505160746848,cc,0.2580137178299096,0.023912336932153933,0.2111463986567009,0.3048810370031183,1
273,5000,5,stress,ccmar,0.2558505160746848,seq,0.2568544008562989,0.023552706928456714,0.21069194353809675,0.3030168581745011,1
274,5000,5,stress,ccmar,0.2558505160746848,full,0.2716747652451676,0.007391161700236805,0.25718835450879163,0.28616117598154356,0
274,5000,5,stress,ccmar,0.2558505160746848,cc,0.2959819287130766,0.01519358814672496,0.266203043149561,0.3257608142765922,0
274,5000,5,stress,ccmar,0.2558505160746848,seq,0.2979920000194998,0.014910400461595275,0.2687681521197037,0.327215847919296,0
275,5000,5,stress,ccmar,0.2558505160746848,full,0.25626229218056434,0.006272830857542873,0.2439677696186688,0.26855681474245985,1
275,5000,5,stress,ccmar,0.2558505160746848,cc,0.2449857069057152,0.020283782976977662,0.20523022280061234,0.2847411910108181,1
275,5000,5,stress,ccmar,0.2558505160746848,seq,0.23626431868894415,0.022826442337746937,0.1915253138117799,0.2810033235661084,1
276,5000,5,stress,ccmar,0.2558505160746848,full,0.26389548134939195,0.0062199344991543115,0.2517046337448513,0.2760863289539326,1
276,5000,5,stress,ccmar,0.2558505160746848,cc,0.29751958507102555,0.013559398036475908,0.27094365326748965,0.32409551687456145,0
276,5000,5,stress,ccmar,0.2558505160746848,seq,0.3045572693260485,0.01367101081352963,0.27776258049927277,0.3313519581528242,0
277,5000,5,stress,ccmar,0.2558505160746848,full,0.2604958045343351,0.006681369032277934,0.2474005618636491,0.27359104720502103,1
277,5000,5,stress,ccmar,0.2558505160746848,cc,0.276386522242965,0.014150813037956443,0.24865143833661055,0.3041216061493195,1
277,5000,5,stress,ccmar,0.2558505160746848,seq,0.2756387608455594,0.014205531289821311,0.2477964311362528,0.303481090554866,1
278,5000,5,stress,ccmar,0.2558505160746848,full,0.260331647636514,0.007096869667626394,0.24642203868499152,0.2742412565880365,1
278,5000,5,stress,ccmar,0.2558505160746848,cc,0.3160923646107139,0.030001617305139665,0.2572902752146865,0.37489445400674126,0
278,5000,5,stress,ccmar,0.2558505160746848,seq,0.3197990683842666,0.029229680710750123,0.26250994691159124,0.3770881898569419,0
279,5000,5,stress,ccmar,0.2558505160746848,full,0.24956215149312966,0.006470416600252671,0.23688036799166431,0.262243934994595,1
279,5000,5,stress,ccmar,0.2558505160746848,cc,0.24497763041876455,0.009963265759027309,0.2254499883626699,0.2645052724748592,1
279,5000,5,stress,ccmar,0.2558505160746848,seq,0.24222894970157818,0.009319561697049887,0.2239629444236614,0.26049495497949493,1
280,5000,5,stress,ccmar,0.2558505160746848,full,0.2589569240257724,0.007149113390564711,0.24494491925887255,0.27296892879267226,1
280,5000,5,stress,ccmar,0.2558505160746848,cc,0.22469090113639353,0.015563523020462015,0.19418695654372795,0.25519484572905915,0
280,5000,5,stress,ccmar,0.2558505160746848,seq,0.22565619444882729,0.01593053660371926,0.1944329164511405,0.25687947244651405,1
281,5000,5,stress,ccmar,0.2558505160746848,full,0.25580641241932994,0.006591748746939176,0.24288682228019212,0.26872600255846774,1
281,5000,5,stress,ccmar,0.2558505160746848,cc,0.24760368614852896,0.018461256967544745,0.2114202873828021,0.2837870849142558,1
281,5000,5,stress,ccmar,0.2558505160746848,seq,0.24406129641400268,0.019528174722980025,0.20578677727315636,0.282335815554849,1
282,5000,5,stress,ccmar,0.2558505160746848,full,0.25803721803298457,0.0063673563603910245,0.24555742888988613,0.270517007176083,1
282,5000,5,stress,ccmar,0.2558505160746848,cc,0.31153732012910335,0.02229038820143238,0.26784896205287934,0.35522567820532736,0
282,5000,5,stress,ccmar,0.2558505160746848,seq,0.3141403301339068,0.02455489488571285,0.26601362051374283,0.36226703975407076,0
283,5000,5,stress,ccmar,0.2558505160746848,full,0.24318821615068864,0.006182655564198098,0.2310704339160442,0.2553059983853331,0
283,5000,5,stress,ccmar,0.2558505160746848,cc,0.24669083884720694,0.016970423150077383,0.2134294206706505,0.27995225702376336,1
283,5000,5,stress,ccmar,0.2558505160746848,seq,0.2500431566279226,0.015044817101437664,0.22055585695511248,0.2795304563007327,1
284,5000,5,stress,ccmar,0.2558505160746848,full,0.26327833999156985,0.006915208187304984,0.24972478099885556,0.2768318989842841,1
284,5000,5,stress,ccmar,0.2558505160746848,cc,0.2954853060814082,0.014456169505547138,0.2671517344961296,0.3238188776666868,0
284,5000,5,stress,ccmar,0.2558505160746848,seq,0.2888198843059812,0.014084033861005544,0.26121568518136773,0.3164240834305947,0
285,5000,5,stress,ccmar,0.2558505160746848,full,0.25873236478811507,0.0066152708610579015,0.2457666721524643,0.27169805742376585,1
285,5000,5,stress,ccmar,0.2558505160746848,cc,0.2734894531933987,0.01618880507073002,0.24175997830202844,0.3052189280847689,1
285,5000,5,stress,ccmar,0.2558505160746848,seq,0.26873374013990936,0.01610103060433917,0.2371763000414274,0.3002911802383913,1
286,5000,5,stress,ccmar,0.2558505160746848,full,0.2590268461618079,0.006705053653923205,0.2458851824857097,0.272168509837906,1
286,5000,5,stress,ccmar,0.2558505160746848,cc,0.26063859631112346,0.012361069157622584,0.23641134595177432,0.2848658466704726,1
286,5000,5,stress,ccmar,0.2558505160746848,seq,0.2644032791835444,0.01204706988101818,0.2407914560975115,0.28801510226957727,1
287,5000,5,stress,ccmar,0.2558505160746848,full,0.25716159745592443,0.0066031936799548635,0.2442195756602704,0.27010361925157844,1
287,5000,5,stress,ccmar,0.2558505160746848,cc,0.2851281997808356,0.01711623440433525,0.2515809967973931,0.3186754027642781,1
287,5000,5,stress,ccmar,0.2558505160746848,seq,0.28876424675440715,0.017739424943322868,0.2539956127590428,0.3235328807497715,1
288,5000,5,stress,ccmar,0.2558505160746848,full,0.24253657239314852,0.006891815157563428,0.22902886289621696,0.2560442818900801,1
288,5000,5,stress,ccmar,0.2558505160746848,cc,0.4056611509937855,0.1810977931984297,0.05071599864518056,0.7606063033423904,1
288,5000,5,stress,ccmar,0.2558505160746848,seq,0.45888326450863903,0.2327051410313884,0.002789569069803821,0.9149769599474742,1
289,5000,5,stress,ccmar,0.2558505160746848,full,0.24732408219633867,0.006643860655364095,0.23430235459352236,0.260345809799155,1
289,5000,5,stress,ccmar,0.2558505160746848,cc,0.24874775557974443,0.014238745203079568,0.220840327796666,0.27665518336282285,1
289,5000,5,stress,ccmar,0.2558505160746848,seq,0.24714844023953156,0.014076560608603775,0.21955888842047294,0.2747379920585902,1
290,5000,5,stress,ccmar,0.2558505160746848,full,0.2616870855647225,0.006479875758912134,0.24898676245296053,0.2743874086764844,1
290,5000,5,stress,ccmar,0.2558505160746848,cc,0.2783386036722324,0.01493895828557162,0.2490587834659658,0.307618423878499,1
290,5000,5,stress,ccmar,0.2558505160746848,seq,0.2797850946961455,0.015586336913648708,0.24923643569448684,0.31033375369780414,1
291,5000,5,stress,ccmar,0.2558505160746848,full,0.2554998770934912,0.00612675520286316,0.24349165755378602,0.2675080966331964,1
291,5000,5,stress,ccmar,0.2558505160746848,cc,0.2419060284803184,0.01343895531540124,0.21556616007228885,0.26824589688834793,1
291,5000,5,stress,ccmar,0.2558505160746848,seq,0.24281680724696217,0.013559342799191083,0.21624098370651512,0.2693926307874092,1
292,5000,5,stress,ccmar,0.2558505160746848,full,0.2517884958483704,0.0072347690469232225,0.2376086090799357,0.26596838261680505,1
292,5000,5,stress,ccmar,0.2558505160746848,cc,0.24973192338090183,0.02219304017386058,0.20623436393268457,0.2932294828291191,1
292,5000,5,stress,ccmar,0.2558505160746848,seq,0.25658841140837146,0.021445398303236256,0.21455620309991202,0.2986206197168309,1
293,5000,5,stress,ccmar,0.2558505160746848,full,0.26643427297272976,0.006787182392397307,0.2531316399271266,0.2797369060183329,1
293,5000,5,stress,ccmar,0.2558505160746848,cc,0.26880761511342205,0.013425770622418929,0.24249358822878503,0.29512164199805907,1
293,5000,5,stress,ccmar,0.2558505160746848,seq,0.2660000812219893,0.013168310002374865,0.24019066788007604,0.2918094945639026,1
294,5000,5,stress,ccmar,0.2558505160746848,full,0.259724995024877,0.007135826491748622,0.2457390321011229,0.2737109579486311,1
294,5000,5,stress,ccmar,0.2558505160746848,cc,0.24267336348955368,0.012141570002567423,0.21887632356874964,0.2664704034103577,1
294,5000,5,stress,ccmar,0.2558505160746848,seq,0.24436915140464024,0.011570726573892963,0.22169094404484951,0.267047358764431,1
295,5000,5,stress,ccmar,0.2558505160746848,full,0.24975824511386985,0.0071355758354918085,0.2357727734673516,0.2637437167603881,1
295,5000,5,stress,ccmar,0.2558505160746848,cc,0.18424883189409413,0.020234759643867076,0.14458943175629013,0.22390823203189814,0
295,5000,5,stress,ccmar,0.2558505160746848,seq,0.18106743613442933,0.021414437961101356,0.1390959089815033,0.22303896328735534,0
296,5000,5,stress,ccmar,0.2558505160746848,full,0.2538841556174738,0.006712461790075395,0.24072797226132475,0.26704033897362284,1
296,5000,5,stress,ccmar,0.2558505160746848,cc,0.19547566467965238,0.050542301284741666,0.09641457446578622,0.29453675489351855,1
296,5000,5,stress,ccmar,0.2558505160746848,seq,0.19333900760601144,0.05684983727148551,0.08191537402693704,0.30476264118508584,1
297,5000,5,stress,ccmar,0.2558505160746848,full,0.2552857879484025,0.006599561870730455,0.24235088436802704,0.268220691528778,1
297,5000,5,stress,ccmar,0.2558505160746848,cc,0.24272271934415476,0.012663493670623928,0.21790272783128095,0.2675427108570286,1
297,5000,5,stress,ccmar,0.2558505160746848,seq,0.24081980474253564,0.012616571195766662,0.21609177959044754,0.2655478298946237,1
298,5000,5,stress,ccmar,0.2558505160746848,full,0.2643710717669085,0.006601508521764673,0.2514323528206155,0.2773097907132015,1
298,5000,5,stress,ccmar,0.2558505160746848,cc,0.2577214657085506,0.01557755462075387,0.2271900196846675,0.28825291173243367,1
298,5000,5,stress,ccmar,0.2558505160746848,seq,0.25844880832729966,0.015467706484266099,0.22813266069470145,0.2887649559598979,1
299,5000,5,stress,ccmar,0.2558505160746848,full,0.24697138603534485,0.006546789489296965,0.23413991442195742,0.2598028576487323,1
299,5000,5,stress,ccmar,0.2558505160746848,cc,0.2750021091551539,0.01356560326887609,0.24841401531959792,0.3015902029907098,1
299,5000,5,stress,ccmar,0.2558505160746848,seq,0.2719069552079651,0.013124748629148085,0.2461829205886934,0.2976309898272368,1
300,5000,5,stress,ccmar,0.2558505160746848,full,0.25075167162299244,0.007151310749957144,0.23673536011082233,0.2647679831351626,1
300,5000,5,stress,ccmar,0.2558505160746848,cc,0.2324345059773789,0.018664878099541427,0.19585201712644731,0.26901699482831054,1
300,5000,5,stress,ccmar,0.2558505160746848,seq,0.22951190012204753,0.017183583822861972,0.19583269470391296,0.2631911055401821,1
301,5000,5,stress,ccmar,0.2558505160746848,full,0.2616839072288211,0.007300771244551877,0.24737465853013377,0.27599315592750845,1
301,5000,5,stress,ccmar,0.2558505160746848,cc,0.27116710871508737,0.015293055535115393,0.24119327065269028,0.3011409467774845,1
301,5000,5,stress,ccmar,0.2558505160746848,seq,0.2709061179165462,0.0158918275665001,0.23975870823768516,0.30205352759540716,1
302,5000,5,stress,ccmar,0.2558505160746848,full,0.2546920114325795,0.006704070728343994,0.24155227425521608,0.26783174860994297,1
302,5000,5,stress,ccmar,0.2558505160746848,cc,0.24280397269376244,0.015218819031541545,0.21297563550470827,0.2726323098828166,1
302,5000,5,stress,ccmar,0.2558505160746848,seq,0.2384369727923688,0.016344996584235782,0.20640136815983648,0.27047257742490116,1
303,5000,5,stress,ccmar,0.2558505160746848,full,0.24679269094218417,0.006666584351348392,0.233726425713643,0.25985895617072535,1
303,5000,5,stress,ccmar,0.2558505160746848,cc,0.26313262755384914,0.0134026612331152,0.23686389423995216,0.28940136086774615,1
303,5000,5,stress,ccmar,0.2558505160746848,seq,0.2582818153849211,0.014717323461323392,0.2294363914519009,0.2871272393179413,1
304,5000,5,stress,ccmar,0.2558505160746848,full,0.25846383494907155,0.006687721998350902,0.24535614069368755,0.27157152920445554,1
304,5000,5,stress,ccmar,0.2558505160746848,cc,0.27268924220620794,0.014294851151373116,0.24467184878515572,0.3007066356272602,1
304,5000,5,stress,ccmar,0.2558505160746848,seq,0.2798409732577583,0.013298670837072549,0.253776057374843,0.3059058891406736,1
305,5000,5,stress,ccmar,0.2558505160746848,full,0.27268202115452245,0.006695091273788045,0.2595598833846895,0.2858041589243554,0
305,5000,5,stress,ccmar,0.2558505160746848,cc,0.2389015455680231,0.014982340071662143,0.20953669862343405,0.26826639251261214,1
305,5000,5,stress,ccmar,0.2558505160746848,seq,0.2435807120226381,0.0151056322667669,0.21397421681606882,0.27318720722920736,1
306,5000,5,stress,ccmar,0.2558505160746848,full,0.2568328740945562,0.006758149572417341,0.24358714433048342,0.2700786038586289,1
306,5000,5,stress,ccmar,0.2558505160746848,cc,0.2522313731043123,0.01912625960233071,0.21474459312478075,0.28971815308384385,1
306,5000,5,stress,ccmar,0.2558505160746848,seq,0.2547099921367635,0.020398088467222544,0.21473047338754547,0.2946895108859815,1
307,5000,5,stress,ccmar,0.2558505160746848,full,0.26376349547244216,0.006746451048916246,0.25054069439310384,0.2769862965517805,1
307,5000,5,stress,ccmar,0.2558505160746848,cc,0.2565372792992399,0.014766442553826887,0.22759558371395955,0.2854789748845203,1
307,5000,5,stress,ccmar,0.2558505160746848,seq,0.2584940983118445,0.014289262115700157,0.23048765919941958,0.2865005374242694,1
308,5000,5,stress,ccmar,0.2558505160746848,full,0.2653246591794797,0.006636381332524572,0.2523175907800576,0.27833172757890184,1
308,5000,5,stress,ccmar,0.2558505160746848,cc,0.22334982585893595,0.017273789218981223,0.1894938211131965,0.2572058306046754,1
308,5000,5,stress,ccmar,0.2558505160746848,seq,0.21986862994760814,0.0180584168025207,0.1844747833968546,0.25526247649836165,0
309,5000,5,stress,ccmar,0.2558505160746848,full,0.2633411190554658,0.006648551324040524,0.2503101979109803,0.2763720401999513,1
309,5000,5,stress,ccmar,0.2558505160746848,cc,0.24592517236893977,0.014073571987832127,0.21834147813895702,0.2735088665989225,1
309,5000,5,stress,ccmar,0.2558505160746848,seq,0.2439426511776739,0.013555550004602493,0.21737426137802127,0.2705110409773266,1
310,5000,5,stress,ccmar,0.2558505160746848,full,0.2378287838872947,0.006589407027655231,0.22491378343361532,0.25074378434097405,0
310,5000,5,stress,ccmar,0.2558505160746848,cc,0.21197269815154396,0.018660589044525742,0.1753986156939708,0.2485467806091171,0
310,5000,5,stress,ccmar,0.2558505160746848,seq,0.2101062556222918,0.02094578697356265,0.16905326752626076,0.2511592437183228,0
311,5000,5,stress,ccmar,0.2558505160746848,full,0.2612762423051873,0.006690641783550765,0.24816282537596898,0.27438965923440567,1
311,5000,5,stress,ccmar,0.2558505160746848,cc,0.2722218643959084,0.014191337638661051,0.24440735373168504,0.30003637506013175,1
311,5000,5,stress,ccmar,0.2558505160746848,seq,0.2701312651856672,0.01431275552224206,0.242078779842546,0.2981837505287884,1
312,5000,5,stress,ccmar,0.2558505160746848,full,0.23845884682219648,0.007007843723792215,0.2247237255142787,0.2521939681301143,0
312,5000,5,stress,ccmar,0.2558505160746848,cc,0.2721199734458354,0.018155960558145036,0.23653494464714137,0.3077050022445294,1
312,5000,5,stress,ccmar,0.2558505160746848,seq,0.2719198436260021,0.01851588028531828,0.23562938512472303,0.3082103021272811,1
313,5000,5,stress,ccmar,0.2558505160746848,full,0.25866670256163277,0.00644301459143004,0.24603862601056384,0.2712947791127017,1
313,5000,5,stress,ccmar,0.2558505160746848,cc,0.25538227197586144,0.012424785928751696,0.23103013903988806,0.2797344049118348,1
313,5000,5,stress,ccmar,0.2558505160746848,seq,0.2471211295807827,0.012804989658382672,0.2220238110279448,0.27221844813362056,1
314,5000,5,stress,ccmar,0.2558505160746848,full,0.2361794707140283,0.009044553710225497,0.21845247118574823,0.2539064702423084,0
314,5000,5,stress,ccmar,0.2558505160746848,cc,0.23792188349948593,0.012210692432223044,0.21398936610603297,0.2618544008929389,1
314,5000,5,stress,ccmar,0.2558505160746848,seq,0.23242722635290328,0.012072433066429605,0.20876569233693082,0.25608876036887573,1
315,5000,5,stress,ccmar,0.2558505160746848,full,0.26589157605960934,0.0062813996233956285,0.25358025902525044,0.27820289309396823,1
315,5000,5,stress,ccmar,0.2558505160746848,cc,0.26863387982875836,0.010929764041483972,0.24721193594792884,0.2900558237095879,1
315,5000,5,stress,ccmar,0.2558505160746848,seq,0.26974459556889174,0.010864371637060392,0.2484508184455949,0.2910383726921886,1
316,5000,5,stress,ccmar,0.2558505160746848,full,0.24869578174797624,0.0063648352528129235,0.236220933884932,0.26117062961102044,1
316,5000,5,stress,ccmar,0.2558505160746848,cc,0.2556164727050394,0.010894648590266016,0.23426335384389793,0.27696959156618084,1
316,5000,5,stress,ccmar,0.2558505160746848,seq,0.2580317715737248,0.01114521950426322,0.23618754274557555,0.2798760004018741,1
317,5000,5,stress,ccmar,0.2558505160746848,full,0.25780794510130517,0.0064920633570028675,0.24508373473622735,0.270532155466383,1
317,5000,5,stress,ccmar,0.2558505160746848,cc,0.25189397047243545,0.019234287663293506,0.2141954593840971,0.2895924815607738,1
317,5000,5,stress,ccmar,0.2558505160746848,seq,0.25439264110476567,0.019973485609585045,0.21524532866424995,0.2935399535452814,1
318,5000,5,stress,ccmar,0.2558505160746848,full,0.2562036483574653,0.006533678039956511,0.24339787471257027,0.2690094220023603,1
318,5000,5,stress,ccmar,0.2558505160746848,cc,0.2637834246363199,0.013195469093636456,0.23792078045368104,0.2896460688189587,1
318,5000,5,stress,ccmar,0.2558505160746848,seq,0.27026839107755285,0.013406177138316005,0.24399276671608924,0.2965440154390165,1
319,5000,5,stress,ccmar,0.2558505160746848,full,0.24376819401644226,0.0075222259136424495,0.22902490214212914,0.25851148589075534,1
319,5000,5,stress,ccmar,0.2558505160746848,cc,0.2666938028753362,0.013813556116140933,0.239619730389277,0.2937678753613954,1
319,5000,5,stress,ccmar,0.2558505160746848,seq,0.2734494021934853,0.014615768377569983,0.2448030225670687,0.3020957818199019,1
320,5000,5,stress,ccmar,0.2558505160746848,full,0.24534203764317053,0.0061680411904409555,0.2332528990547467,0.25743117623159434,1
320,5000,5,stress,ccmar,0.2558505160746848,cc,0.2982496481603934,0.012654886024474133,0.27344652732396485,0.32305276899682195,0
320,5000,5,stress,ccmar,0.2558505160746848,seq,0.3031054175961985,0.012690017351169612,0.2782334406247177,0.3279773945676793,0
321,5000,5,stress,ccmar,0.2558505160746848,full,0.2570652621813404,0.0065225670145183335,0.2442812657461355,0.2698492586165453,1
321,5000,5,stress,ccmar,0.2558505160746848,cc,0.2637912006733316,0.024848495859036937,0.21508904371962656,0.31249335762703667,1
321,5000,5,stress,ccmar,0.2558505160746848,seq,0.27100509860166977,0.025904873383099353,0.22023247974672477,0.32177771745661476,1
322,5000,5,stress,ccmar,0.2558505160746848,full,0.2514842298412468,0.006535823721327432,0.23867425073814247,0.26429420894435113,1
322,5000,5,stress,ccmar,0.2558505160746848,cc,0.24337789264975782,0.018171997776585232,0.20776143148050882,0.27899435381900684,1
322,5000,5,stress,ccmar,0.2558505160746848,seq,0.24452343037244187,0.01741209840849369,0.21039634459652704,0.2786505161483567,1
323,5000,5,stress,ccmar,0.2558505160746848,full,0.2581620802354407,0.006725872015749744,0.24497961331994536,0.271344547150936,1
323,5000,5,stress,ccmar,0.2558505160746848,cc,0.24794253957541845,0.010160094415262687,0.22802912044197704,0.26785595870885986,1
323,5000,5,stress,ccmar,0.2558505160746848,seq,0.24208532994985543,0.010420680533344592,0.2216611714101024,0.2625094884896085,1
324,5000,5,stress,ccmar,0.2558505160746848,full,0.24991491780503466,0.006270725268116352,0.23762452212258134,0.262205313487488,1
324,5000,5,stress,ccmar,0.2558505160746848,cc,0.23004612392571025,0.018817467891347348,0.19316456457843056,0.26692768327298994,1
324,5000,5,stress,ccmar,0.2558505160746848,seq,0.23687129537617535,0.017810688848854388,0.2019629866925716,0.2717796040597791,1
325,5000,5,stress,ccmar,0.2558505160746848,full,0.2624217924724082,0.006589483991919018,0.2495066411715437,0.2753369437732727,1
325,5000,5,stress,ccmar,0.2558505160746848,cc,0.30621882480979595,0.015495802856440866,0.275847609299639,0.33659004031995293,0
325,5000,5,stress,ccmar,0.2558505160746848,seq,0.3069554746965985,0.015693166295601434,0.27619743395382185,0.33771351543937517,0
326,5000,5,stress,ccmar,0.2558505160746848,full,0.25170380641708917,0.007040192730633316,0.23790528222082719,0.26550233061335116,1
326,5000,5,stress,ccmar,0.2558505160746848,cc,0.26531982835304896,0.01975970666937102,0.22659151493600585,0.30404814177009204,1
326,5000,5,stress,ccmar,0.2558505160746848,seq,0.26402463731054676,0.018388680182954947,0.22798348642872965,0.30006578819236385,1
327,5000,5,stress,ccmar,0.2558505160746848,full,0.2616801621079341,0.0065607222524248715,0.24882138278061086,0.27453894143525737,1
327,5000,5,stress,ccmar,0.2558505160746848,cc,0.2583637263895568,0.01331957256851937,0.23225784386579115,0.2844696089133224,1
327,5000,5,stress,ccmar,0.2558505160746848,seq,0.2576372142059848,0.014401799209171357,0.2294102064434315,0.28586422196853806,1
328,5000,5,stress,ccmar,0.2558505160746848,full,0.2520958070577498,0.006614007612665916,0.23913259034345086,0.26505902377204876,1
328,5000,5,stress,ccmar,0.2558505160746848,cc,0.2679111079101577,0.01942195245190861,0.22984478059496743,0.305977435225348,1
328,5000,5,stress,ccmar,0.2558505160746848,seq,0.2597267569478626,0.020253518203067138,0.22003059070962463,0.2994229231861006,1
329,5000,5,stress,ccmar,0.2558505160746848,full,0.25925252864779685,0.006834497935606586,0.2458571588415946,0.2726478984539991,1
329,5000,5,stress,ccmar,0.2558505160746848,cc,0.27781062396256356,0.018591619099954177,0.2413717201123664,0.3142495278127607,1
329,5000,5,stress,ccmar,0.2558505160746848,seq,0.2781834335626671,0.020086732467241922,0.23881416135978156,0.31755270576555267,1
330,5000,5,stress,ccmar,0.2558505160746848,full,0.2433092892251366,0.006560037319518341,0.23045185234164198,0.2561667261086312,1
330,5000,5,stress,ccmar,0.2558505160746848,cc,0.2519644599358284,0.014075299008826262,0.2243773808068966,0.27955153906476016,1
330,5000,5,stress,ccmar,0.2558505160746848,seq,0.2534703098875098,0.014638335797598531,0.22477969893061325,0.2821609208444063,1
331,5000,5,stress,ccmar,0.2558505160746848,full,0.2654391675767377,0.006365561172329613,0.25296289693758506,0.2779154382158903,1
331,5000,5,stress,ccmar,0.2558505160746848,cc,0.26322510729758125,0.013134912574222748,0.2374811517120224,0.2889690628831401,1
331,5000,5,stress,ccmar,0.2558505160746848,seq,0.26867464478457354,0.013747727132871548,0.2417295947348612,0.29561969483428585,1
332,5000,5,stress,ccmar,0.2558505160746848,full,0.25694496017278623,0.009408020943983719,0.23850557795677962,0.27538434238879284,1
332,5000,5,stress,ccmar,0.2558505160746848,cc,0.23502609459214469,0.011400197016925635,0.2126821190223095,0.2573700701619799,1
332,5000,5,stress,ccmar,0.2558505160746848,seq,0.23977361580438997,0.010875885164081183,0.21845727258279735,0.2610899590259826,1
333,5000,5,stress,ccmar,0.2558505160746848,full,0.2647526882066696,0.006696539368056211,0.2516277122242248,0.27787766418911436,1
333,5000,5,stress,ccmar,0.2558505160746848,cc,0.2249333510569681,0.029091836233496256,0.16791439979517805,0.2819523023187581,1
333,5000,5,stress,ccmar,0.2558505160746848,seq,0.2256761472747771,0.029017024943504506,0.1688038234470079,0.28254847110254633,1
334,5000,5,stress,ccmar,0.2558505160746848,full,0.252960717060567,0.006421630548509416,0.24037455246346634,0.26554688165766765,1
334,5000,5,stress,ccmar,0.2558505160746848,cc,0.2987019648618443,0.0807144074995177,0.14050463312929995,0.45689929659438866,1
334,5000,5,stress,ccmar,0.2558505160746848,seq,0.2965365048836297,0.08414935062177513,0.13160680834251726,0.46146620142474215,1
335,5000,5,stress,ccmar,0.2558505160746848,full,0.25803127411704396,0.0063610392459777666,0.24556386629068172,0.2704986819434062,1
335,5000,5,stress,ccmar,0.2558505160746848,cc,0.23427350096148042,0.010111799016886688,0.214454739069475,0.25409226285348585,0
335,5000,5,stress,ccmar,0.2558505160746848,seq,0.23293692441460498,0.009852804657334544,0.21362578213952077,0.2522480666896892,0
336,5000,5,stress,ccmar,0.2558505160746848,full,0.2631117515325783,0.00647738838072892,0.2504163035924714,0.2758071994726852,1
336,5000,5,stress,ccmar,0.2558505160746848,cc,0.2670232334033787,0.013879993522870485,0.23981894599290332,0.29422752081385406,1
336,5000,5,stress,ccmar,0.2558505160746848,seq,0.26906694122577524,0.014152357624409063,0.24132882998560262,0.29680505246594785,1
337,5000,5,stress,ccmar,0.2558505160746848,full,0.2610281063492526,0.0067796121425422635,0.24774031072071934,0.2743159019777859,1
337,5000,5,stress,ccmar,0.2558505160746848,cc,0.27555096957933145,0.010616893796541684,0.254742240110423,0.2963596990482399,1
337,5000,5,stress,ccmar,0.2558505160746848,seq,0.27882012312267995,0.010367465820296132,0.2585002635039495,0.2991399827414104,0
338,5000,5,stress,ccmar,0.2558505160746848,full,0.2610636564885339,0.006701312909335623,0.24792932453710276,0.27419798843996507,1
338,5000,5,stress,ccmar,0.2558505160746848,cc,0.2800902059749092,0.015023676935101182,0.25064434026674576,0.3095360716830726,1
338,5000,5,stress,ccmar,0.2558505160746848,seq,0.2827066615221913,0.015129860892342029,0.2530526790820999,0.31236064396228275,1
339,5000,5,stress,ccmar,0.2558505160746848,full,0.2547816714056391,0.007203366314609054,0.24066333286155636,0.2689000099497219,1
339,5000,5,stress,ccmar,0.2558505160746848,cc,0.23350712492577785,0.03840622658806318,0.15823230403108937,0.30878194582046636,1
339,5000,5,stress,ccmar,0.2558505160746848,seq,0.23328404869352318,0.03810092319111142,0.15860761146121788,0.3079604859258285,1
340,5000,5,stress,ccmar,0.2558505160746848,full,0.25382797374355276,0.006463687072522874,0.2411593798740708,0.26649656761303475,1
340,5000,5,stress,ccmar,0.2558505160746848,cc,0.2632525286401429,0.013562118156916445,0.23667126549850995,0.2898337917817759,1
340,5000,5,stress,ccmar,0.2558505160746848,seq,0.26216111612348547,0.013268257554691062,0.2361558091786895,0.28816642306828144,1
341,5000,5,stress,ccmar,0.2558505160746848,full,0.2503636377835023,0.006829687918460088,0.2369776954376722,0.2637495801293324,1
341,5000,5,stress,ccmar,0.2558505160746848,cc,0.30775739111572853,0.025031400464044888,0.25869674772360135,0.3568180345078557,0
341,5000,5,stress,ccmar,0.2558505160746848,seq,0.3017817612312692,0.026370253041933592,0.25009701500587156,0.35346650745666686,1
342,5000,5,stress,ccmar,0.2558505160746848,full,0.2594683357613284,0.006263633942261473,0.24719183882215326,0.27174483270050354,1
342,5000,5,stress,ccmar,0.2558505160746848,cc,0.26890839224000707,0.012391136213609894,0.24462221153380165,0.2931945729462125,1
342,5000,5,stress,ccmar,0.2558505160746848,seq,0.26823800758086974,0.01247156316699743,0.2437941929426385,0.292681822219101,1
343,5000,5,stress,ccmar,0.2558505160746848,full,0.2616769019882754,0.0066088124207443226,0.24872386766303559,0.2746299363135153,1
343,5000,5,stress,ccmar,0.2558505160746848,cc,0.2289824938084761,0.02518767971084197,0.17961554872109559,0.2783494388958566,1
343,5000,5,stress,ccmar,0.2558505160746848,seq,0.22348747431662955,0.028558495161000716,0.16751385234840674,0.2794610962848524,1
344,5000,5,stress,ccmar,0.2558505160746848,full,0.25657426458135413,0.0065416072842528405,0.2437529499032137,0.2693955792594946,1
344,5000,5,stress,ccmar,0.2558505160746848,cc,0.26499646933805354,0.025097547010235494,0.21580618109769106,0.314186757578416,1
344,5000,5,stress,ccmar,0.2558505160746848,seq,0.26497975907883303,0.02630437573100545,0.2134241300102529,0.31653538814741317,1
345,5000,5,stress,ccmar,0.2558505160746848,full,0.26171509805536913,0.006802099647505398,0.24838322772700597,0.2750469683837323,1
345,5000,5,stress,ccmar,0.2558505160746848,cc,0.2915627168776921,0.010954626180987323,0.2700920440988574,0.3130333896565268,0
345,5000,5,stress,ccmar,0.2558505160746848,seq,0.2889131398726042,0.010841572452649351,0.26766404832962987,0.3101622314155785,0
346,5000,5,stress,ccmar,0.2558505160746848,full,0.25014114051995695,0.006497755852197754,0.23740577306931498,0.2628765079705989,1
346,5000,5,stress,ccmar,0.2558505160746848,cc,0.24947029737740123,0.017425971833956073,0.21531602018723794,0.2836245745675645,1
346,5000,5,stress,ccmar,0.2558505160746848,seq,0.2490920939090744,0.01862053047527869,0.2125965248044977,0.2855876630136511,1
347,5000,5,stress,ccmar,0.2558505160746848,full,0.267608781418432,0.006663640098043807,0.25454828682032915,0.2806692760165348,1
347,5000,5,stress,ccmar,0.2558505160746848,cc,0.2736515866095863,0.014160857277796856,0.24589681635489252,0.30140635686428,1
347,5000,5,stress,ccmar,0.2558505160746848,seq,0.2760552078454997,0.013803539027436345,0.24900076849253142,0.303109647198468,1
348,5000,5,stress,ccmar,0.2558505160746848,full,0.26334575508117103,0.006890336865925116,0.2498409429826092,0.27685056717973283,1
348,5000,5,stress,ccmar,0.2558505160746848,cc,0.20504482909786498,0.01495370207995136,0.1757361115856186,0.23435354661011135,0
348,5000,5,stress,ccmar,0.2558505160746848,seq,0.20569105221606218,0.014282415348153225,0.17769803252143976,0.2336840719106846,0
349,5000,5,stress,ccmar,0.2558505160746848,full,0.2648978945841536,0.00664273457680659,0.2518783740547538,0.2779174151135534,1
349,5000,5,stress,ccmar,0.2558505160746848,cc,0.314063638543662,0.01339677374658824,0.2878064444913173,0.34032083259600665,0
349,5000,5,stress,ccmar,0.2558505160746848,seq,0.32268140051615046,0.014033085651798923,0.2951770580466588,0.35018574298564215,0
350,5000,5,stress,ccmar,0.2558505160746848,full,0.23967168665765648,0.00679543153901473,0.22635288558178002,0.25299048773353294,0
350,5000,5,stress,ccmar,0.2558505160746848,cc,0.2693176342474061,0.013742526344699432,0.24238277755520235,0.29625249093960987,1
350,5000,5,stress,ccmar,0.2558505160746848,seq,0.2696181381220124,0.013073816775985639,0.243993928100605,0.2952423481434198,1
351,5000,5,stress,ccmar,0.2558505160746848,full,0.25969846177085665,0.007278346253062059,0.24543316524784295,0.2739637582938703,1
351,5000,5,stress,ccmar,0.2558505160746848,cc,0.27840577429812413,0.020858213139175987,0.23752442776347904,0.3192871208327692,1
351,5000,5,stress,ccmar,0.2558505160746848,seq,0.2814313822008839,0.020478436786084065,0.24129438364047892,0.3215683807612888,1
352,5000,5,stress,ccmar,0.2558505160746848,full,0.25678435076657385,0.006422926318167407,0.24419564650761127,0.26937305502553643,1
352,5000,5,stress,ccmar,0.2558505160746848,cc,0.23310775352758184,0.010839417089365457,0.21186288641901757,0.2543526206361461,0
352,5000,5,stress,ccmar,0.2558505160746848,seq,0.2392461899634235,0.010690231340504595,0.21829372154963317,0.26019865837721384,1
353,5000,5,stress,ccmar,0.2558505160746848,full,0.24461450356167744,0.006303076877930957,0.2322606998891456,0.25696830723420927,1
353,5000,5,stress,ccmar,0.2558505160746848,cc,0.20235515652966612,0.01318106963992415,0.17652073475770044,0.2281895783016318,0
353,5000,5,stress,ccmar,0.2558505160746848,seq,0.19801091793031675,0.012880386506642636,0.1727658242703415,0.223256011590292,0
354,5000,5,stress,ccmar,0.2558505160746848,full,0.24038674189334497,0.006664627796335474,0.2273243114421629,0.253449172344527,0
354,5000,5,stress,ccmar,0.2558505160746848,cc,0.24437659817433346,0.020006548196327,0.20516448425456776,0.28358871209409914,1
354,5000,5,stress,ccmar,0.2558505160746848,seq,0.2487078170042374,0.019940062490572726,0.20962601267323683,0.287789621335238,1
355,5000,5,stress,ccmar,0.2558505160746848,full,0.25652600186060825,0.00637410024889009,0.24403299493893588,0.26901900878228063,1
355,5000,5,stress,ccmar,0.2558505160746848,cc,0.20808625657916927,0.026483672143645547,0.1561792129992573,0.25999330015908123,1
355,5000,5,stress,ccmar,0.2558505160746848,seq,0.2171113992475468,0.026513103133723955,0.1651466719870518,0.2690761265080418,1
356,5000,5,stress,ccmar,0.2558505160746848,full,0.2701052728779279,0.006519103421493945,0.2573280649603079,0.2828824807955479,0
356,5000,5,stress,ccmar,0.2558505160746848,cc,0.2717916629852949,0.011863281663251492,0.24854005818686753,0.29504326778372225,1
356,5000,5,stress,ccmar,0.2558505160746848,seq,0.26777240227759097,0.012641094138161578,0.2429963130416139,0.29254849151356804,1
357,5000,5,stress,ccmar,0.2558505160746848,full,0.24765910868581165,0.006366352065906026,0.23518128792373366,0.26013692944788963,1
357,5000,5,stress,ccmar,0.2558505160746848,cc,0.24154665027234543,0.014227444639643228,0.21366137118660725,0.2694319293580836,1
357,5000,5,stress,ccmar,0.2558505160746848,seq,0.24991389119108381,0.01436994214719071,0.22174932212266585,0.2780784602595018,1
358,5000,5,stress,ccmar,0.2558505160746848,full,0.2685984842697765,0.006189084576209456,0.25646810140313364,0.28072886713641937,0
358,5000,5,stress,ccmar,0.2558505160746848,cc,0.26081021456315456,0.011590433378846625,0.2380933825754043,0.2835270465509048,1
358,5000,5,stress,ccmar,0.2558505160746848,seq,0.2593768549017182,0.011779053351158694,0.23629033456147133,0.2824633752419651,1
359,5000,5,stress,ccmar,0.2558505160746848,full,0.2527071472832833,0.006408060964371784,0.2401475785823776,0.265266715984189,1
359,5000,5,stress,ccmar,0.2558505160746848,cc,0.2311568323456454,0.009627907285975673,0.21228648081864232,0.2500271838726485,0
359,5000,5,stress,ccmar,0.2558505160746848,seq,0.23812932432018474,0.009722642849255458,0.21907329450109814,0.25718535413927135,1
360,5000,5,stress,ccmar,0.2558505160746848,full,0.2655420868890833,0.006399505420232095,0.2529992867465595,0.2780848870316071,1
360,5000,5,stress,ccmar,0.2558505160746848,cc,0.19664895328438112,0.01802701077870454,0.16131666140920486,0.23198124515955737,0
360,5000,5,stress,ccmar,0.2558505160746848,seq,0.1788854079608128,0.020582553015267867,0.13854434534100146,0.2192264705806241,0
361,5000,5,stress,ccmar,0.2558505160746848,full,0.25796714342026844,0.006346490351396033,0.24552825090330127,0.2704060359372356,1
361,5000,5,stress,ccmar,0.2558505160746848,cc,0.2580212184354821,0.0161640624045568,0.22634023827869287,0.2897021985922713,1
361,5000,5,stress,ccmar,0.2558505160746848,seq,0.26143004647761336,0.01631638395056792,0.22945052157657286,0.29340957137865387,1
362,5000,5,stress,ccmar,0.2558505160746848,full,0.24805133520629002,0.007351174904658384,0.23364329714910492,0.2624593732634751,1
362,5000,5,stress,ccmar,0.2558505160746848,cc,0.2793866040232607,0.013956485089285922,0.25203239589749005,0.30674081214903137,1
362,5000,5,stress,ccmar,0.2558505160746848,seq,0.2777156052736751,0.013929422128396924,0.2504144395765619,0.30501677097078833,1
363,5000,5,stress,ccmar,0.2558505160746848,full,0.2574148720764476,0.0065723673488339894,0.24453326877956597,0.2702964753733292,1
363,5000,5,stress,ccmar,0.2558505160746848,cc,0.2529767777502025,0.01201902082814294,0.22941992979760556,0.27653362570279943,1
363,5000,5,stress,ccmar,0.2558505160746848,seq,0.25494861480024117,0.012337110187356413,0.2307683231597204,0.27912890644076194,1
364,5000,5,stress,ccmar,0.2558505160746848,full,0.25131340524091367,0.006266403151186178,0.23903148075198044,0.2635953297298469,1
364,5000,5,stress,ccmar,0.2558505160746848,cc,0.2470636814667325,0.01441456160645223,0.2188116598651523,0.2753157030683127,1
364,5000,5,stress,ccmar,0.2558505160746848,seq,0.24718166531016705,0.013960728871565374,0.21981913952397042,0.2745441910963637,1
365,5000,5,stress,ccmar,0.2558505160746848,full,0.2538175410721792,0.006767768589716364,0.24055295838063367,0.2670821237637247,1
365,5000,5,stress,ccmar,0.2558505160746848,cc,0.2758941401102714,0.01748508651968787,0.24162400026511638,0.31016427995542645,1
365,5000,5,stress,ccmar,0.2558505160746848,seq,0.2755138754839723,0.0171351551656336,0.24192958848982501,0.30909816247811966,1
366,5000,5,stress,ccmar,0.2558505160746848,full,0.24830346219684588,0.006474173170038264,0.23561431595389537,0.2609926084397964,1
366,5000,5,stress,ccmar,0.2558505160746848,cc,0.2247217306927317,0.0169813832431475,0.19143883112849064,0.2580046302569728,1
366,5000,5,stress,ccmar,0.2558505160746848,seq,0.22514869251318595,0.01603535887836721,0.19371996663241162,0.25657741839396025,1
367,5000,5,stress,ccmar,0.2558505160746848,full,0.25675586730411093,0.006584360691791442,0.24385075748697846,0.2696609771212434,1
367,5000,5,stress,ccmar,0.2558505160746848,cc,0.23255700400175255,0.01354820239502046,0.20600301525225315,0.25911099275125193,1
367,5000,5,stress,ccmar,0.2558505160746848,seq,0.2382961245806758,0.012995975353361016,0.21282448094411802,0.2637677682172336,1
368,5000,5,stress,ccmar,0.2558505160746848,full,0.2627115952246389,0.007002121040881275,0.24898769016912148,0.2764355002801563,1
368,5000,5,stress,ccmar,0.2558505160746848,cc,0.23719075517703272,0.013244032601803986,0.2112329282674226,0.2631485820866428,1
368,5000,5,stress,ccmar,0.2558505160746848,seq,0.2414428194281781,0.01353430696153389,0.21491606522786194,0.2679695736284943,1
369,5000,5,stress,ccmar,0.2558505160746848,full,0.2522166151275028,0.006280215028767619,0.2399076198559511,0.26452561039905453,1
369,5000,5,stress,ccmar,0.2558505160746848,cc,0.22530811067820372,0.011341592084183845,0.20307899866585882,0.24753722269054862,0
369,5000,5,stress,ccmar,0.2558505160746848,seq,0.22713748503311135,0.010957788692104644,0.20566061384638598,0.2486143562198367,0
370,5000,5,stress,ccmar,0.2558505160746848,full,0.27398065506936264,0.006402368151390358,0.26143224407687127,0.286529066061854,0
370,5000,5,stress,ccmar,0.2558505160746848,cc,0.27212691624843083,0.013303342780247107,0.24605284352515555,0.2982009889717061,1
370,5000,5,stress,ccmar,0.2558505160746848,seq,0.2660629768678489,0.013628683393015973,0.23935124826083845,0.29277470547485934,1
371,5000,5,stress,ccmar,0.2558505160746848,full,0.2534270121302229,0.006514087156877511,0.24065963591058806,0.26619438834985776,1
371,5000,5,stress,ccmar,0.2558505160746848,cc,0.24106677014673014,0.0119343791357776,0.2176758168627598,0.2644577234307005,1
371,5000,5,stress,ccmar,0.2558505160746848,seq,0.2429250314170753,0.011684495746967115,0.22002384057550833,0.2658262222586423,1
372,5000,5,stress,ccmar,0.2558505160746848,full,0.2585732129829593,0.00642713556372204,0.2459762587543076,0.2711701672116111,1
372,5000,5,stress,ccmar,0.2558505160746848,cc,0.28538748472894004,0.013694858886388743,0.2585460545382598,0.3122289149196203,0
372,5000,5,stress,ccmar,0.2558505160746848,seq,0.28374956740332274,0.01411383267520565,0.25608696367609507,0.3114121711305504,0
373,5000,5,stress,ccmar,0.2558505160746848,full,0.2561604695081609,0.006938532288841662,0.24256119611646298,0.2697597428998588,1
373,5000,5,stress,ccmar,0.2558505160746848,cc,0.2548031764181146,0.018839550715473916,0.21787833553086994,0.2917280173053593,1
373,5000,5,stress,ccmar,0.2558505160746848,seq,0.23792614267678336,0.018646000971428746,0.20138065231708416,0.2744716330364826,1
374,5000,5,stress,ccmar,0.2558505160746848,full,0.2621819478056017,0.006779984695474521,0.2488934219867389,0.27547047362446453,1
374,5000,5,stress,ccmar,0.2558505160746848,cc,0.3107645652628607,0.013399490161821946,0.28450204713449095,0.3370270833912305,0
374,5000,5,stress,ccmar,0.2558505160746848,seq,0.31042579088349714,0.012954151280998066,0.28503612092245756,0.33581546084453673,0
375,5000,5,stress,ccmar,0.2558505160746848,full,0.24984643791395802,0.006662568686371405,0.23678804324414574,0.26290483258377034,1
375,5000,5,stress,ccmar,0.2558505160746848,cc,0.26090421640567185,0.010616550257276652,0.24009616026135017,0.28171227254999354,1
375,5000,5,stress,ccmar,0.2558505160746848,seq,0.2622124759158779,0.010733158996320734,0.24117587084274716,0.2832490809890086,1
376,5000,5,stress,ccmar,0.2558505160746848,full,0.24396925171996314,0.006651590339783214,0.2309323742140735,0.2570061292258528,1
376,5000,5,stress,ccmar,0.2558505160746848,cc,0.22655744385530416,0.025746078454377794,0.176096057341581,0.2770188303690273,1
376,5000,5,stress,ccmar,0.2558505160746848,seq,0.22650206541310908,0.027916320550490915,0.17178708255327152,0.28121704827294663,1
377,5000,5,stress,ccmar,0.2558505160746848,full,0.27194872353680755,0.006296038844524529,0.2596087141562743,0.2842887329173408,0
377,5000,5,stress,ccmar,0.2558505160746848,cc,0.26594096096791264,0.009097224968323492,0.24811072767074005,0.28377119426508524,1
377,5000,5,stress,ccmar,0.2558505160746848,seq,0.26478495695245896,0.008637319475307489,0.24785612185788988,0.281713792047028,1
378,5000,5,stress,ccmar,0.2558505160746848,full,0.25267371752169904,0.0073578988363546954,0.23825250080055466,0.2670949342428434,1
378,5000,5,stress,ccmar,0.2558505160746848,cc,0.24800390157811972,0.01673729361627692,0.2151994088915448,0.2808083942646946,1
378,5000,5,stress,ccmar,0.2558505160746848,seq,0.24370291011323056,0.016185534269177626,0.2119798458751036,0.2754259743513575,1
379,5000,5,stress,ccmar,0.2558505160746848,full,0.25547930376442185,0.006723443497625083,0.24230159665698667,0.268657010871857,1
379,5000,5,stress,ccmar,0.2558505160746848,cc,0.2338151743633147,0.012713761399357986,0.20889665991253747,0.2587336888140919,1
379,5000,5,stress,ccmar,0.2558505160746848,seq,0.23723802115250245,0.012577037595947731,0.21258748043223868,0.2618885618727662,1
380,5000,5,stress,ccmar,0.2558505160746848,full,0.25851906561028004,0.0066319219519760985,0.24552073743612632,0.2715173937844338,1
380,5000,5,stress,ccmar,0.2558505160746848,cc,0.22650887003906445,0.01414833377027168,0.19877864540808016,0.25423909467004874,0
380,5000,5,stress,ccmar,0.2558505160746848,seq,0.22642964716323735,0.014556986243096558,0.19789847840332309,0.2549608159231516,0
381,5000,5,stress,ccmar,0.2558505160746848,full,0.2478302416743153,0.006280162768430455,0.23552134883114226,0.2601391345174884,1
381,5000,5,stress,ccmar,0.2558505160746848,cc,0.2409684012297804,0.013570722513228911,0.21437027385966484,0.26756652859989594,1
381,5000,5,stress,ccmar,0.2558505160746848,seq,0.24571648803459165,0.0122910182345918,0.22162653496146664,0.2698064411077167,1
382,5000,5,stress,ccmar,0.2558505160746848,full,0.24615044049854842,0.006725630946390908,0.2329684460703142,0.25933243492678265,1
382,5000,5,stress,ccmar,0.2558505160746848,cc,0.22728120025179618,0.010649772107592438,0.2064080304773558,0.24815437002623658,0
382,5000,5,stress,ccmar,0.2558505160746848,seq,0.22743003213425608,0.01033740958251232,0.2071690816590927,0.24769098260941946,0
383,5000,5,stress,ccmar,0.2558505160746848,full,0.25495204587676995,0.006620692391016367,0.2419757272376595,0.2679283645158804,1
383,5000,5,stress,ccmar,0.2558505160746848,cc,0.2500886594326595,0.014825162435866021,0.221031874993406,0.27914544387191303,1
383,5000,5,stress,ccmar,0.2558505160746848,seq,0.2504684591177454,0.015859713518756924,0.21938399181585883,0.281552926419632,1
384,5000,5,stress,ccmar,0.2558505160746848,full,0.2520861275541187,0.0063100052224235505,0.2397187445759089,0.2644535105323285,1
384,5000,5,stress,ccmar,0.2558505160746848,cc,0.22563834546759032,0.015023279111782846,0.19619325947880306,0.2550834314563776,0
384,5000,5,stress,ccmar,0.2558505160746848,seq,0.22906430024016544,0.015695706714348567,0.19830128036813874,0.2598273201121921,1
385,5000,5,stress,ccmar,0.2558505160746848,full,0.258902029496254,0.006668015500067409,0.24583295926776705,0.271971099724741,1
385,5000,5,stress,ccmar,0.2558505160746848,cc,0.26042612809680266,0.011746172119271472,0.23740405378682206,0.28344820240678326,1
385,5000,5,stress,ccmar,0.2558505160746848,seq,0.2574880329903499,0.012215981917329874,0.2335451483965908,0.281430917584109,1
386,5000,5,stress,ccmar,0.2558505160746848,full,0.2584383738570602,0.006195159414936535,0.24629608452530036,0.27058066318882,1
386,5000,5,stress,ccmar,0.2558505160746848,cc,0.2861727712996464,0.011402683318427559,0.2638239226684127,0.3085216199308801,0
386,5000,5,stress,ccmar,0.2558505160746848,seq,0.2867932787628965,0.011354472521507453,0.2645389215572922,0.3090476359685008,0
387,5000,5,stress,ccmar,0.2558505160746848,full,0.25451762535380057,0.006443897593240268,0.2418878181509853,0.2671474325566158,1
387,5000,5,stress,ccmar,0.2558505160746848,cc,0.253456592645692,0.012439182775295765,0.2290762424090013,0.2778369428823827,1
387,5000,5,stress,ccmar,0.2558505160746848,seq,0.2554688869360261,0.012118234100503967,0.2317175845428132,0.27922018932923903,1
388,5000,5,stress,ccmar,0.2558505160746848,full,0.251809907182997,0.006895707241734747,0.23829456934126486,0.26532524502472915,1
388,5000,5,stress,ccmar,0.2558505160746848,cc,0.24492604143792487,0.022783480629172043,0.2002712399622817,0.28958084291356806,1
388,5000,5,stress,ccmar,0.2558505160746848,seq,0.2363153621574269,0.022012323132457504,0.1931720016017523,0.2794587227131015,1
389,5000,5,stress,ccmar,0.2558505160746848,full,0.25118798414937865,0.006413797969554921,0.23861717112493488,0.26375879717382245,1
389,5000,5,stress,ccmar,0.2558505160746848,cc,0.22815207637305113,0.015590736469104955,0.19759479440115024,0.258709358344952,1
389,5000,5,stress,ccmar,0.2558505160746848,seq,0.22261737177438698,0.014638961618720438,0.19392553423063075,0.2513092093181432,0
390,5000,5,stress,ccmar,0.2558505160746848,full,0.260812380519239,0.0066568952876194494,0.24776510550665048,0.2738596555318275,1
390,5000,5,stress,ccmar,0.2558505160746848,cc,0.23295280624533315,0.011914649711850415,0.20960052192169581,0.2563050905689705,1
390,5000,5,stress,ccmar,0.2558505160746848,seq,0.23702035927756204,0.011715412479177022,0.21405857275434398,0.2599821458007801,1
391,5000,5,stress,ccmar,0.2558505160746848,full,0.2639641903276787,0.006609765729224442,0.2510092875521517,0.2769190931032057,1
391,5000,5,stress,ccmar,0.2558505160746848,cc,0.28978492037135734,0.013995293864888105,0.2623546484431223,0.3172151922995924,0
391,5000,5,stress,ccmar,0.2558505160746848,seq,0.2906124521660142,0.01384273501551149,0.2634811900880802,0.31774371424394826,0
392,5000,5,stress,ccmar,0.2558505160746848,full,0.261644560556283,0.0062216856480518746,0.24945028076297157,0.27383884034959444,1
392,5000,5,stress,ccmar,0.2558505160746848,cc,0.2812961240701848,0.010938393480976309,0.2598572667987435,0.3027349813416261,0
392,5000,5,stress,ccmar,0.2558505160746848,seq,0.28447593019290346,0.010723449479176464,0.2634583554236828,0.30549350496212413,0
393,5000,5,stress,ccmar,0.2558505160746848,full,0.2632747855464961,0.006339486387398797,0.2508496205467125,0.27569995054627966,1
393,5000,5,stress,ccmar,0.2558505160746848,cc,0.21016581506132506,0.03516479150672941,0.14124409018427544,0.27908753993837465,1
393,5000,5,stress,ccmar,0.2558505160746848,seq,0.2123448393245304,0.03570854045377687,0.1423573860946362,0.2823322925544246,1
394,5000,5,stress,ccmar,0.2558505160746848,full,0.24542420951033847,0.006490877249757912,0.23270232387274256,0.25814609514793435,1
394,5000,5,stress,ccmar,0.2558505160746848,cc,0.26702517871320325,0.012301793752411248,0.24291410601323735,0.2911362514131691,1
394,5000,5,stress,ccmar,0.2558505160746848,seq,0.26645792836663984,0.014326434472408615,0.23837863277384586,0.2945372239594338,1
395,5000,5,stress,ccmar,0.2558505160746848,full,0.2567136900801659,0.006884460648985564,0.24322039515517097,0.2702069850051609,1
395,5000,5,stress,ccmar,0.2558505160746848,cc,0.2450208716794497,0.020006366124030995,0.20580911461482676,0.2842326287440726,1
395,5000,5,stress,ccmar,0.2558505160746848,seq,0.23993086212354092,0.01823710087943527,0.20418680121742405,0.2756749230296578,1
396,5000,5,stress,ccmar,0.2558505160746848,full,0.2604945789090929,0.006446131374576366,0.24786039357530953,0.27312876424287624,1
396,5000,5,stress,ccmar,0.2558505160746848,cc,0.3004861108727816,0.02819659311341427,0.24522180388375953,0.35575041786180367,1
396,5000,5,stress,ccmar,0.2558505160746848,seq,0.3000330350882602,0.027649096587560987,0.24584180157157134,0.35422426860494904,1
397,5000,5,stress,ccmar,0.2558505160746848,full,0.2603744060924767,0.0066231081713932815,0.24739335261083292,0.27335545957412044,1
397,5000,5,stress,ccmar,0.2558505160746848,cc,0.2985985057651516,0.03626776208195672,0.22751499828464905,0.3696820132456542,1
397,5000,5,stress,ccmar,0.2558505160746848,seq,0.2996254248692117,0.036985853196926294,0.22713448466575054,0.3721163650726728,1
398,5000,5,stress,ccmar,0.2558505160746848,full,0.25525020900512735,0.0063124011047064185,0.24287813018393192,0.2676222878263228,1
398,5000,5,stress,ccmar,0.2558505160746848,cc,0.20714372837102396,0.01646841292889398,0.17486623214785796,0.23942122459418996,0
398,5000,5,stress,ccmar,0.2558505160746848,seq,0.2087007237182418,0.017131163883278816,0.17512425949376198,0.24227718794272163,0
399,5000,5,stress,ccmar,0.2558505160746848,full,0.263476164818444,0.00643773945842174,0.250858427338085,0.276093902298803,1
399,5000,5,stress,ccmar,0.2558505160746848,cc,0.27359367084578345,0.027364276330894312,0.21996067477422876,0.32722666691733815,1
399,5000,5,stress,ccmar,0.2558505160746848,seq,0.27545867293127557,0.026785104335072005,0.22296083311238676,0.32795651275016435,1
400,5000,5,stress,ccmar,0.2558505160746848,full,0.26826866805639776,0.0061488268282942765,0.25621718892576734,0.2803201471870282,0
400,5000,5,stress,ccmar,0.2558505160746848,cc,0.26936578017762913,0.009658256859519291,0.2504359445795344,0.2882956157757239,1
400,5000,5,stress,ccmar,0.2558505160746848,seq,0.2695534152734234,0.009759277043544498,0.25042558375292767,0.28868124679391916,1
401,5000,5,stress,ccmar,0.2558505160746848,full,0.25366598295789544,0.006298323769624657,0.24132149520645857,0.2660104707093323,1
401,5000,5,stress,ccmar,0.2558505160746848,cc,0.24881526028175505,0.010858053541680955,0.2275338663978528,0.2700966541656573,1
401,5000,5,stress,ccmar,0.2558505160746848,seq,0.25282149033435425,0.013124016565737974,0.22709889053300078,0.27854409013570774,1
402,5000,5,stress,ccmar,0.2558505160746848,full,0.23288524035822283,0.006643728573803865,0.2198637716305076,0.24590670908593806,0
402,5000,5,stress,ccmar,0.2558505160746848,cc,0.256475113788128,0.011574335563487947,0.2337898329387105,0.2791603946375455,1
402,5000,5,stress,ccmar,0.2558505160746848,seq,0.2571439731916094,0.011611914740142807,0.23438503850937975,0.2799029078738391,1
403,5000,5,stress,ccmar,0.2558505160746848,full,0.2638207352064112,0.00656730104809941,0.2509490616765042,0.2766924087363182,1
403,5000,5,stress,ccmar,0.2558505160746848,cc,0.240936118161116,0.01171468050036647,0.21797576629000404,0.26389647003222794,1
403,5000,5,stress,ccmar,0.2558505160746848,seq,0.2388058606658833,0.011891173430624163,0.21549958900794033,0.26211213232382624,1
404,5000,5,stress,ccmar,0.2558505160746848,full,0.2599167193766717,0.006524448663496225,0.24712903497723862,0.27270440377610483,1
404,5000,5,stress,ccmar,0.2558505160746848,cc,0.2596848778841803,0.012844587966800262,0.23450994807299524,0.2848598076953654,1
404,5000,5,stress,ccmar,0.2558505160746848,seq,0.2609660783838257,0.01227477565278402,0.23690796018605986,0.2850241965815915,1
405,5000,5,stress,ccmar,0.2558505160746848,full,0.2520285173270054,0.006892926844033241,0.23851862896463089,0.26553840568937986,1
405,5000,5,stress,ccmar,0.2558505160746848,cc,0.23149555027930055,0.014247451427770313,0.20357105860938696,0.25942004194921414,1
405,5000,5,stress,ccmar,0.2558505160746848,seq,0.22878046134578844,0.013744001779014083,0.2018427128554664,0.2557182098361105,0
406,5000,5,stress,ccmar,0.2558505160746848,full,0.24911255718558536,0.00645382392415729,0.23646329473167413,0.26176181963949663,1
406,5000,5,stress,ccmar,0.2558505160746848,cc,0.25087247101372934,0.015180913465290154,0.22111842736934148,0.28062651465811717,1
406,5000,5,stress,ccmar,0.2558505160746848,seq,0.2499509541921713,0.015026592640898886,0.22049937380565487,0.27940253457868774,1
407,5000,5,stress,ccmar,0.2558505160746848,full,0.25517298786004405,0.00653745462657821,0.242359812241386,0.2679861634787021,1
407,5000,5,stress,ccmar,0.2558505160746848,cc,0.24011307925294764,0.024375346458656882,0.1923382780832942,0.28788788042260105,1
407,5000,5,stress,ccmar,0.2558505160746848,seq,0.2514513300184652,0.021212083011962805,0.2098764112779442,0.2930262487589862,1
408,5000,5,stress,ccmar,0.2558505160746848,full,0.25278611277799173,0.006385343092165497,0.24027107028841574,0.26530115526756776,1
408,5000,5,stress,ccmar,0.2558505160746848,cc,0.26085642077017995,0.009779523222444358,0.24168890746821592,0.280023934072144,1
408,5000,5,stress,ccmar,0.2558505160746848,seq,0.2560217863245856,0.009797990872983501,0.2368180770926858,0.27522549555648546,1
409,5000,5,stress,ccmar,0.2558505160746848,full,0.2572295544966252,0.006279160885115123,0.24492262530866693,0.2695364836845835,1
409,5000,5,stress,ccmar,0.2558505160746848,cc,0.2500022202140467,0.015445872872565635,0.21972886567403385,0.2802755747540596,1
409,5000,5,stress,ccmar,0.2558505160746848,seq,0.24887947124045176,0.015614919412565872,0.2182747915703273,0.2794841509105762,1
410,5000,5,stress,ccmar,0.2558505160746848,full,0.25340134262651137,0.006742146616344417,0.24018697807998773,0.266615707173035,1
410,5000,5,stress,ccmar,0.2558505160746848,cc,0.25833622425262953,0.013753706743362968,0.23137945438171242,0.28529299412354664,1
410,5000,5,stress,ccmar,0.2558505160746848,seq,0.2596266245283262,0.014313601080020567,0.23157248192241225,0.2876807671342401,1
411,5000,5,stress,ccmar,0.2558505160746848,full,0.24864951844645394,0.00671784848711274,0.23548277735811607,0.2618162595347918,1
411,5000,5,stress,ccmar,0.2558505160746848,cc,0.2722502047340956,0.013587607992688065,0.24561898243237842,0.2988814270358128,1
411,5000,5,stress,ccmar,0.2558505160746848,seq,0.2651400017855597,0.01402646898447021,0.23764862774572998,0.2926313758253894,1
412,5000,5,stress,ccmar,0.2558505160746848,full,0.25820439734092276,0.0065977770402825785,0.24527299196394364,0.2711358027179019,1
412,5000,5,stress,ccmar,0.2558505160746848,cc,0.30269065887346097,0.015045343237261066,0.273202327993386,0.33217898975353594,0
412,5000,5,stress,ccmar,0.2558505160746848,seq,0.2982946548618178,0.014115090460413773,0.2706295859208819,0.3259597238027537,0
413,5000,5,stress,ccmar,0.2558505160746848,full,0.244631310554393,0.006873813889713516,0.2311588828941233,0.25810373821466265,1
413,5000,5,stress,ccmar,0.2558505160746848,cc,0.22778596026624914,0.01665236867487741,0.19514791740620643,0.2604240031262919,1
413,5000,5,stress,ccmar,0.2558505160746848,seq,0.22453443191837108,0.01699989811062109,0.1912152438807032,0.25785361995603895,1
414,5000,5,stress,ccmar,0.2558505160746848,full,0.24663800268369113,0.006508638871853469,0.23388130490648093,0.25939470046090135,1
414,5000,5,stress,ccmar,0.2558505160746848,cc,0.2066165731959529,0.011122951513675747,0.18481598882736314,0.22841715756454264,0
414,5000,5,stress,ccmar,0.2558505160746848,seq,0.20303638774718843,0.010998473353873342,0.18147977608867322,0.22459299940570365,0
415,5000,5,stress,ccmar,0.2558505160746848,full,0.24083663836655628,0.006694704200788917,0.227715259245861,0.25395801748725155,0
415,5000,5,stress,ccmar,0.2558505160746848,cc,0.25351737995606544,0.016138976032765224,0.22188556818449048,0.2851491917276404,1
415,5000,5,stress,ccmar,0.2558505160746848,seq,0.2518696157590878,0.01600662973598685,0.2204971979626857,0.2832420335554899,1
416,5000,5,stress,ccmar,0.2558505160746848,full,0.24853800907639603,0.006511372085935649,0.23577595429802273,0.26130006385476934,1
416,5000,5,stress,ccmar,0.2558505160746848,cc,0.24478311423391078,0.013874546811359483,0.21758950218183115,0.2719767262859904,1
416,5000,5,stress,ccmar,0.2558505160746848,seq,0.2487015999036104,0.014456038172737353,0.22036828572590897,0.2770349140813118,1
417,5000,5,stress,ccmar,0.2558505160746848,full,0.26455839435121137,0.007472549274523685,0.24991246690044402,0.2792043218019787,1
417,5000,5,stress,ccmar,0.2558505160746848,cc,0.25915982710917645,0.018099284161141812,0.22368588200738226,0.29463377221097065,1
417,5000,5,stress,ccmar,0.2558505160746848,seq,0.26273379882418285,0.021345875087586032,0.22089665243402345,0.30457094521434225,1
418,5000,5,stress,ccmar,0.2558505160746848,full,0.25935991882507603,0.006799388257788511,0.246033362722906,0.27268647492724607,1
418,5000,5,stress,ccmar,0.2558505160746848,cc,0.2771340240137258,0.010786798887015718,0.2559922866866982,0.29827576134075334,0
418,5000,5,stress,ccmar,0.2558505160746848,seq,0.2745247477536906,0.010540684077685073,0.2538653865890131,0.29518410891836816,1
419,5000,5,stress,ccmar,0.2558505160746848,full,0.25930901528529093,0.0067270861484346155,0.24612416871346082,0.27249386185712104,1
419,5000,5,stress,ccmar,0.2558505160746848,cc,0.26684535615972416,0.02304359418396269,0.22168074148480063,0.31200997083464765,1
419,5000,5,stress,ccmar,0.2558505160746848,seq,0.2676413889839416,0.023834651408189876,0.22092633063982253,0.3143564473280606,1
420,5000,5,stress,ccmar,0.2558505160746848,full,0.27222617219198736,0.006383515801081956,0.25971471112712435,0.28473763325685036,0
420,5000,5,stress,ccmar,0.2558505160746848,cc,0.2775890518360454,0.009601492673482573,0.25877047199819436,0.2964076316738964,0
420,5000,5,stress,ccmar,0.2558505160746848,seq,0.2765441704434857,0.009523815593619414,0.2578778348845907,0.29521050600238075,0
421,5000,5,stress,ccmar,0.2558505160746848,full,0.26179523176949104,0.007891477883085354,0.24632821933384935,0.27726224420513274,1
421,5000,5,stress,ccmar,0.2558505160746848,cc,0.20226890816697096,0.039805318628933134,0.12425191726112074,0.2802858990728212,1
421,5000,5,stress,ccmar,0.2558505160746848,seq,0.20248421451495302,0.04207864789588684,0.1200115801208727,0.28495684890903333,1
422,5000,5,stress,ccmar,0.2558505160746848,full,0.2542248418025278,0.007024103931904425,0.24045785107232895,0.2679918325327267,1
422,5000,5,stress,ccmar,0.2558505160746848,cc,0.21566102929574144,0.01182599137729331,0.1924825121147653,0.23883954647671757,0
422,5000,5,stress,ccmar,0.2558505160746848,seq,0.22379353883312128,0.01196528135576529,0.20034201831093273,0.24724505935530983,0
423,5000,5,stress,ccmar,0.2558505160746848,full,0.25450260047051404,0.0065881220315394135,0.24159011856294194,0.26741508237808614,1
423,5000,5,stress,ccmar,0.2558505160746848,cc,0.2747596372323018,0.013563735641536281,0.24817520387906838,0.3013440705855352,1
423,5000,5,stress,ccmar,0.2558505160746848,seq,0.27527001700038123,0.012847500352637545,0.250089379017846,0.30045065498291645,1
424,5000,5,stress,ccmar,0.2558505160746848,full,0.257747389170324,0.006243931272659881,0.24550950875396732,0.26998526958668073,1
424,5000,5,stress,ccmar,0.2558505160746848,cc,0.2576801069169699,0.013004362904926339,0.2321920239814256,0.2831681898525142,1
424,5000,5,stress,ccmar,0.2558505160746848,seq,0.26098410463223537,0.013853207401084963,0.23383231705574511,0.2881358922087256,1
425,5000,5,stress,ccmar,0.2558505160746848,full,0.26967960772376,0.006786036595361664,0.25637922039908034,0.2829799950484396,0
425,5000,5,stress,ccmar,0.2558505160746848,cc,0.2154049580376981,0.02498350579167192,0.1664381864784733,0.2643717295969229,1
425,5000,5,stress,ccmar,0.2558505160746848,seq,0.21409092840704802,0.02550811219191691,0.16409594719728382,0.2640859096168122,1
426,5000,5,stress,ccmar,0.2558505160746848,full,0.25456676460297256,0.007900829074504628,0.23908142416893657,0.27005210503700855,1
426,5000,5,stress,ccmar,0.2558505160746848,cc,0.23534163706745995,0.011591857069981993,0.21262201469635925,0.2580612594385607,1
426,5000,5,stress,ccmar,0.2558505160746848,seq,0.23414237658148526,0.011507120386260585,0.2115888350586479,0.25669591810432263,1
427,5000,5,stress,ccmar,0.2558505160746848,full,0.2585408402641976,0.007772732898291393,0.24330656372209683,0.27377511680629835,1
427,5000,5,stress,ccmar,0.2558505160746848,cc,0.273786485243874,0.013173010214136246,0.2479678596561887,0.29960511083155933,1
427,5000,5,stress,ccmar,0.2558505160746848,seq,0.2765476483161239,0.012883082304385894,0.25129727098966226,0.3017980256425855,1
428,5000,5,stress,ccmar,0.2558505160746848,full,0.2525414803161553,0.006982527473866127,0.23885597794631624,0.2662269826859944,1
428,5000,5,stress,ccmar,0.2558505160746848,cc,0.27344990920201484,0.013993849771745953,0.24602246764432872,0.30087735075970096,1
428,5000,5,stress,ccmar,0.2558505160746848,seq,0.2703054650378945,0.01391193421444623,0.24303857502228934,0.2975723550534996,1
429,5000,5,stress,ccmar,0.2558505160746848,full,0.25057508311117876,0.006293153713380438,0.2382407284837786,0.26290943773857894,1
429,5000,5,stress,ccmar,0.2558505160746848,cc,0.26313618742739125,0.009989891805883187,0.2435563592784084,0.2827160155763741,1
429,5000,5,stress,ccmar,0.2558505160746848,seq,0.26126812234728786,0.009925221268813445,0.24181504612182256,0.28072119857275313,1
430,5000,5,stress,ccmar,0.2558505160746848,full,0.25622499190105646,0.006346927308043701,0.24378524296479706,0.2686647408373159,1
430,5000,5,stress,ccmar,0.2558505160746848,cc,0.24343644859564387,0.029465915804632918,0.1856843148470738,0.301188582344214,1
430,5000,5,stress,ccmar,0.2558505160746848,seq,0.23608249288747038,0.03047213561713176,0.17635820454587192,0.29580678122906884,1
431,5000,5,stress,ccmar,0.2558505160746848,full,0.25486567421844786,0.007110817392076234,0.24092872822933742,0.2688026202075583,1
431,5000,5,stress,ccmar,0.2558505160746848,cc,0.25405678226948014,0.01147093012866514,0.23157417234812105,0.27653939219083923,1
431,5000,5,stress,ccmar,0.2558505160746848,seq,0.24346454929775205,0.011402939164273611,0.2211151992178745,0.2658138993776296,1
432,5000,5,stress,ccmar,0.2558505160746848,full,0.23571828359610808,0.008096421597107327,0.21984958886212547,0.2515869783300907,0
432,5000,5,stress,ccmar,0.2558505160746848,cc,0.2045563755448095,0.04949985185083003,0.10753844867711429,0.3015743024125047,1
432,5000,5,stress,ccmar,0.2558505160746848,seq,0.20388486705590075,0.04933650318444483,0.1071870976912432,0.3005826364205583,1
433,5000,5,stress,ccmar,0.2558505160746848,full,0.27143471583874706,0.006303937933780038,0.25907922452776233,0.2837902071497318,0
433,5000,5,stress,ccmar,0.2558505160746848,cc,0.26194997533949455,0.015472811549774096,0.23162382196236195,0.29227612871662717,1
433,5000,5,stress,ccmar,0.2558505160746848,seq,0.2546734469440827,0.016846372493315866,0.2216551635870374,0.28769173030112805,1
434,5000,5,stress,ccmar,0.2558505160746848,full,0.25650127372192255,0.006423045002087082,0.24391233684675187,0.2690902105970932,1
434,5000,5,stress,ccmar,0.2558505160746848,cc,0.2654037249943312,0.015493966070307164,0.23503610951884354,0.2957713404698188,1
434,5000,5,stress,ccmar,0.2558505160746848,seq,0.27207347404455595,0.015769916379910032,0.241165005900724,0.30298194218838786,1
435,5000,5,stress,ccmar,0.2558505160746848,full,0.26157613184900314,0.007060569553125546,0.247737669814537,0.2754145938834693,1
435,5000,5,stress,ccmar,0.2558505160746848,cc,0.23805901804260465,0.014990484919662447,0.20867820748927546,0.26743982859593385,1
435,5000,5,stress,ccmar,0.2558505160746848,seq,0.23713187515628664,0.015697866869572644,0.20636462145781975,0.26789912885475353,1
436,5000,5,stress,ccmar,0.2558505160746848,full,0.25488783139959037,0.007063011992263084,0.24104458227238024,0.2687310805268005,1
436,5000,5,stress,ccmar,0.2558505160746848,cc,0.25444107680882544,0.014466674754180273,0.22608691531457725,0.2827952383030736,1
436,5000,5,stress,ccmar,0.2558505160746848,seq,0.2562581492200003,0.014894410411489627,0.2270656412425222,0.28545065719747836,1
437,5000,5,stress,ccmar,0.2558505160746848,full,0.2576658375088301,0.007419865537425067,0.24312316828534702,0.27220850673231317,1
437,5000,5,stress,ccmar,0.2558505160746848,cc,0.23871516483158703,0.011042343865524157,0.21707256855025286,0.2603577611129212,1
437,5000,5,stress,ccmar,0.2558505160746848,seq,0.23962455445767827,0.01107065346953104,0.21792647237207405,0.2613226365432825,1
438,5000,5,stress,ccmar,0.2558505160746848,full,0.25870488477388603,0.006607470236162573,0.24575448108208703,0.27165528846568504,1
438,5000,5,stress,ccmar,0.2558505160746848,cc,0.25400588638312194,0.01157497852147683,0.23131934535920268,0.2766924274070412,1
438,5000,5,stress,ccmar,0.2558505160746848,seq,0.25252618201379184,0.011767803486080797,0.2294617110039286,0.2755906530236551,1
439,5000,5,stress,ccmar,0.2558505160746848,full,0.26508519062651004,0.006306570593161218,0.25272453939795464,0.27744584185506543,1
439,5000,5,stress,ccmar,0.2558505160746848,cc,0.2718877534453341,0.01078819004048666,0.25074328950760655,0.2930322173830617,1
439,5000,5,stress,ccmar,0.2558505160746848,seq,0.27605596067917537,0.010567187263457045,0.2553446542249092,0.29676726713344154,1
440,5000,5,stress,ccmar,0.2558505160746848,full,0.25963892953109846,0.0063314176835293215,0.24722957890030098,0.272048280161896,1
440,5000,5,stress,ccmar,0.2558505160746848,cc,0.2608096904943115,0.016945431911636475,0.2275972542450283,0.29402212674359474,1
440,5000,5,stress,ccmar,0.2558505160746848,seq,0.2595112483628717,0.01688253574780595,0.22642208632946206,0.2926004103962814,1
441,5000,5,stress,ccmar,0.2558505160746848,full,0.2654194075136006,0.006436326408100946,0.2528044395609787,0.2780343754662225,1
441,5000,5,stress,ccmar,0.2558505160746848,cc,0.32520497471853815,0.010813961915575666,0.30400999883382207,0.34639995060325424,0
441,5000,5,stress,ccmar,0.2558505160746848,seq,0.32455479615046795,0.010674681448596637,0.3036328049647807,0.3454767873361552,0
442,5000,5,stress,ccmar,0.2558505160746848,full,0.2538529294428991,0.006777621411459464,0.24056903557559103,0.26713682331020716,1
442,5000,5,stress,ccmar,0.2558505160746848,cc,0.26563133584796683,0.013618004629160498,0.23894053723351252,0.29232213446242117,1
442,5000,5,stress,ccmar,0.2558505160746848,seq,0.25952250953154776,0.013982249631944624,0.23211780383008787,0.2869272152330076,1
443,5000,5,stress,ccmar,0.2558505160746848,full,0.25469176415288974,0.006590287550187805,0.24177503790675894,0.26760849039902057,1
443,5000,5,stress,ccmar,0.2558505160746848,cc,0.2657910040977489,0.010446835498291514,0.245315582768683,0.28626642542681485,1
443,5000,5,stress,ccmar,0.2558505160746848,seq,0.26655935347061394,0.009934261282234938,0.24708855914442276,0.28603014779680513,1
444,5000,5,stress,ccmar,0.2558505160746848,full,0.2557936577411669,0.006181457930863584,0.24367822282472482,0.26790909265760904,1
444,5000,5,stress,ccmar,0.2558505160746848,cc,0.2580241529793654,0.011557975851204192,0.23537093657682148,0.28067736938190924,1
444,5000,5,stress,ccmar,0.2558505160746848,seq,0.2570381641871369,0.011079344006926058,0.2353230489612321,0.2787532794130416,1
445,5000,5,stress,ccmar,0.2558505160746848,full,0.25731163230577275,0.006801552265478985,0.24398083482646712,0.27064242978507835,1
445,5000,5,stress,ccmar,0.2558505160746848,cc,0.25389899671525007,0.012539187922809239,0.22932263999116434,0.27847535343933577,1
445,5000,5,stress,ccmar,0.2558505160746848,seq,0.2547954668822871,0.012697231897047806,0.2299093496607202,0.27968158410385396,1
446,5000,5,stress,ccmar,0.2558505160746848,full,0.2652249821352275,0.00649812820111153,0.25248888489412485,0.27796107937633013,1
446,5000,5,stress,ccmar,0.2558505160746848,cc,0.25655856723607257,0.011048350649637016,0.2349041978742143,0.27821293659793084,1
446,5000,5,stress,ccmar,0.2558505160746848,seq,0.25903471756258556,0.010584685828999078,0.23828911455007587,0.2797803205750952,1
447,5000,5,stress,ccmar,0.2558505160746848,full,0.2521530233086561,0.0069294930908769484,0.23857146641941812,0.26573458019789403,1
447,5000,5,stress,ccmar,0.2558505160746848,cc,0.2724920608557165,0.016292404891056794,0.24055953404770095,0.30442458766373204,1
447,5000,5,stress,ccmar,0.2558505160746848,seq,0.2794640552649423,0.017396994735272148,0.24536657214457594,0.31356153838530865,1
448,5000,5,stress,ccmar,0.2558505160746848,full,0.2583469635797646,0.006269371936134898,0.24605922037925407,0.2706347067802752,1
448,5000,5,stress,ccmar,0.2558505160746848,cc,0.248264636713116,0.013277094325106775,0.22224201001656557,0.2742872634096664,1
448,5000,5,stress,ccmar,0.2558505160746848,seq,0.2533511885847139,0.013544506754570881,0.22680444315739548,0.27989793401203233,1
449,5000,5,stress,ccmar,0.2558505160746848,full,0.2665342895689784,0.0065607894843874035,0.25367537846943,0.2793932006685268,1
449,5000,5,stress,ccmar,0.2558505160746848,cc,0.28732152206476635,0.013620999617345603,0.2606248533813351,0.3140181907481976,0
449,5000,5,stress,ccmar,0.2558505160746848,seq,0.28666428401335314,0.013532468568817537,0.2601411329965505,0.3131874350301558,0
450,5000,5,stress,ccmar,0.2558505160746848,full,0.2547736073098051,0.006216532230504612,0.2425894280292836,0.2669577865903266,1
450,5000,5,stress,ccmar,0.2558505160746848,cc,0.26665499762917777,0.010741455140726563,0.2456021324118011,0.2877078628465545,1
450,5000,5,stress,ccmar,0.2558505160746848,seq,0.267433348783503,0.010558404707352477,0.24673925582289397,0.28812744174411203,1
451,5000,5,stress,ccmar,0.2558505160746848,full,0.2598491295986626,0.006534639084104881,0.2470414723418492,0.27265678685547595,1
451,5000,5,stress,ccmar,0.2558505160746848,cc,0.27430674311573966,0.01342870206324433,0.24798697071266207,0.30062651551881725,1
451,5000,5,stress,ccmar,0.2558505160746848,seq,0.2693195614949619,0.01385841651701644,0.24215756423885465,0.29648155875106913,1
452,5000,5,stress,ccmar,0.2558505160746848,full,0.2499098027062836,0.0065904296297595805,0.23699279798930917,0.26282680742325804,1
452,5000,5,stress,ccmar,0.2558505160746848,cc,0.24174926300728566,0.011418409875114484,0.21936959089134478,0.26412893512322655,1
452,5000,5,stress,ccmar,0.2558505160746848,seq,0.24004247259976813,0.011340912687360084,0.21781469218072902,0.26227025301880724,1
453,5000,5,stress,ccmar,0.2558505160746848,full,0.2528146083528773,0.006563916170962938,0.23994956906024986,0.26567964764550467,1
453,5000,5,stress,ccmar,0.2558505160746848,cc,0.2652527408782074,0.013827618046984066,0.23815110751414253,0.29235437424227223,1
453,5000,5,stress,ccmar,0.2558505160746848,seq,0.2656574586642286,0.013636115105659973,0.23893116416809243,0.2923837531603647,1
454,5000,5,stress,ccmar,0.2558505160746848,full,0.2592284326420646,0.006364270043463956,0.24675469256898805,0.2717021727151411,1
454,5000,5,stress,ccmar,0.2558505160746848,cc,0.2722586149314411,0.011492014288488788,0.24973468081618339,0.2947825490466988,1
454,5000,5,stress,ccmar,0.2558505160746848,seq,0.276763608797102,0.011689491330870192,0.25385262679100323,0.29967459080320075,1
455,5000,5,stress,ccmar,0.2558505160746848,full,0.26113251986841535,0.006670136148876916,0.2480592932446379,0.2742057464921928,1
455,5000,5,stress,ccmar,0.2558505160746848,cc,0.23818274163510886,0.015000695311945578,0.2087819190806367,0.267583564189581,1
455,5000,5,stress,ccmar,0.2558505160746848,seq,0.23650149404511275,0.015530893489850615,0.20606150215727795,0.26694148593294753,1
456,5000,5,stress,ccmar,0.2558505160746848,full,0.2517689525426664,0.006692624857212359,0.23865164886049267,0.26488625622484013,1
456,5000,5,stress,ccmar,0.2558505160746848,cc,0.24981285356946423,0.0246341207469415,0.20153086411464793,0.2980948430242805,1
456,5000,5,stress,ccmar,0.2558505160746848,seq,0.24418782084488652,0.02737427367584082,0.19053523033729564,0.2978404113524774,1
457,5000,5,stress,ccmar,0.2558505160746848,full,0.2633023640223935,0.006394493185673417,0.2507693876790868,0.2758353403657002,1
457,5000,5,stress,ccmar,0.2558505160746848,cc,0.26431437988972223,0.010942523098541886,0.24286742871658248,0.28576133106286195,1
457,5000,5,stress,ccmar,0.2558505160746848,seq,0.2594900986261745,0.010915952157378046,0.23809522554075124,0.28088497171159776,1
458,5000,5,stress,ccmar,0.2558505160746848,full,0.26454038068044156,0.006460352689573784,0.25187832208145045,0.27720243927943267,1
458,5000,5,stress,ccmar,0.2558505160746848,cc,0.26474124258030146,0.021100311629230654,0.22338539172443772,0.3060970934361652,1
458,5000,5,stress,ccmar,0.2558505160746848,seq,0.257725161874918,0.021884256122839844,0.21483280804570176,0.30061751570413425,1
459,5000,5,stress,ccmar,0.2558505160746848,full,0.25401657934666066,0.00643575913920303,0.24140272322064824,0.2666304354726731,1
459,5000,5,stress,ccmar,0.2558505160746848,cc,0.295548573025764,0.012718176973286933,0.27062140420911496,0.320475741842413,0
459,5000,5,stress,ccmar,0.2558505160746848,seq,0.29586733123257897,0.01273488367923727,0.270907417873967,0.32082724459119094,0
460,5000,5,stress,ccmar,0.2558505160746848,full,0.2530489657792155,0.006188261864414055,0.24092019539806125,0.2651777361603697,1
460,5000,5,stress,ccmar,0.2558505160746848,cc,0.2813235556303516,0.024650556930160824,0.23300935184838215,0.32963775941232104,1
460,5000,5,stress,ccmar,0.2558505160746848,seq,0.27844236690009794,0.024056548955992026,0.23129239735402893,0.3255923364461669,1
461,5000,5,stress,ccmar,0.2558505160746848,full,0.2604813977132553,0.006459820015555938,0.24782038313615468,0.2731424122903559,1
461,5000,5,stress,ccmar,0.2558505160746848,cc,0.30662710270263477,0.04113321840208682,0.2260074760663244,0.3872467293389451,1
461,5000,5,stress,ccmar,0.2558505160746848,seq,0.3145371313110567,0.04321912433830664,0.22982920416461722,0.3992450584574962,1
462,5000,5,stress,ccmar,0.2558505160746848,full,0.24051002217325868,0.006627493975521629,0.2275203726734801,0.2534996716730373,0
462,5000,5,stress,ccmar,0.2558505160746848,cc,0.2604024725134116,0.01767999152603671,0.22575032587540628,0.2950546191514169,1
462,5000,5,stress,ccmar,0.2558505160746848,seq,0.261954193293445,0.01766361580833833,0.2273341424723495,0.2965742441145405,1
463,5000,5,stress,ccmar,0.2558505160746848,full,0.25973109896085783,0.0071548589824989755,0.24570783304069693,0.27375436488101873,1
463,5000,5,stress,ccmar,0.2558505160746848,cc,0.2579486540232312,0.01512738958376628,0.22829951525894293,0.28759779278751946,1
463,5000,5,stress,ccmar,0.2558505160746848,seq,0.25450362729425247,0.014409644516247856,0.22626124301238157,0.28274601157612334,1
464,5000,5,stress,ccmar,0.2558505160746848,full,0.24123319019758502,0.006723506698770092,0.22805535921818185,0.2544110211769882,0
464,5000,5,stress,ccmar,0.2558505160746848,cc,0.19817980718154998,0.04425733304396773,0.1114370283635788,0.28492258599952114,1
464,5000,5,stress,ccmar,0.2558505160746848,seq,0.19118089722952683,0.051919095830186154,0.08942133929247827,0.2929404551665754,1
465,5000,5,stress,ccmar,0.2558505160746848,full,0.2514936017542298,0.0059678560115944,0.23979681890658391,0.26319038460187566,1
465,5000,5,stress,ccmar,0.2558505160746848,cc,0.2602363586915638,0.011175825895996184,0.2383321424379212,0.2821405749452064,1
465,5000,5,stress,ccmar,0.2558505160746848,seq,0.25961469949393096,0.011445563477853684,0.23718180729457072,0.2820475916932912,1
466,5000,5,stress,ccmar,0.2558505160746848,full,0.2601541255594267,0.006526477792048046,0.24736246414111202,0.27294578697774136,1
466,5000,5,stress,ccmar,0.2558505160746848,cc,0.22327218433151338,0.02164663959095558,0.1808455503469216,0.26569881831610515,1
466,5000,5,stress,ccmar,0.2558505160746848,seq,0.2178754259278122,0.021763055989751975,0.17522061999436964,0.2605302318612548,1
467,5000,5,stress,ccmar,0.2558505160746848,full,0.24522412908638058,0.006586894507360759,0.2323140530819888,0.2581342050907724,1
467,5000,5,stress,ccmar,0.2558505160746848,cc,0.21906497323668986,0.010685996591363423,0.19812080477869976,0.24000914169467996,0
467,5000,5,stress,ccmar,0.2558505160746848,seq,0.219752741164504,0.010491218622367193,0.19919033051072838,0.24031515181827962,0
468,5000,5,stress,ccmar,0.2558505160746848,full,0.249258473226793,0.006855946168717105,0.23582106565616212,0.2626958807974239,1
468,5000,5,stress,ccmar,0.2558505160746848,cc,0.2535643381833583,0.016823289047853757,0.22059129754805779,0.28653737881865876,1
468,5000,5,stress,ccmar,0.2558505160746848,seq,0.2556520566484001,0.01737355348785083,0.22160051752873222,0.2897035957680679,1
469,5000,5,stress,ccmar,0.2558505160746848,full,0.2465163787091794,0.006193540827330449,0.2343772617508333,0.2586554956675255,1
469,5000,5,stress,ccmar,0.2558505160746848,cc,0.26277666438764724,0.009886916913102145,0.24339866331982712,0.28215466545546736,1
469,5000,5,stress,ccmar,0.2558505160746848,seq,0.26332681789585227,0.008981342235325995,0.24572371058178485,0.28092992520991966,1
470,5000,5,stress,ccmar,0.2558505160746848,full,0.24829136529491866,0.006995108449139075,0.23458120466665425,0.2620015259231831,1
470,5000,5,stress,ccmar,0.2558505160746848,cc,0.2590926973969502,0.01303791467322794,0.23353885420391712,0.28464654058998323,1
470,5000,5,stress,ccmar,0.2558505160746848,seq,0.26071519772665697,0.012556559556195864,0.23610479322678082,0.2853256022265331,1
471,5000,5,stress,ccmar,0.2558505160746848,full,0.26077042971929065,0.0066640188270800605,0.24770919282591689,0.27383166661266445,1
471,5000,5,stress,ccmar,0.2558505160746848,cc,0.2608016800188064,0.01012756429939371,0.2409520187408811,0.2806513412967317,1
471,5000,5,stress,ccmar,0.2558505160746848,seq,0.2623733580453776,0.010303308961514147,0.24217924355922107,0.2825674725315341,1
472,5000,5,stress,ccmar,0.2558505160746848,full,0.26945969948451803,0.006405600971638756,0.2569049522807713,0.28201444668826475,0
472,5000,5,stress,ccmar,0.2558505160746848,cc,0.2566205196979408,0.013114631390010532,0.2309163145030017,0.2823247248928799,1
472,5000,5,stress,ccmar,0.2558505160746848,seq,0.2523575638489317,0.012990540618935046,0.22689657209611436,0.27781855560174906,1
473,5000,5,stress,ccmar,0.2558505160746848,full,0.26750420855591667,0.007088725372851995,0.2536105621288315,0.28139785498300185,1
473,5000,5,stress,ccmar,0.2558505160746848,cc,0.23555714671098385,0.015335948594173766,0.2054992397976456,0.2656150536243221,1
473,5000,5,stress,ccmar,0.2558505160746848,seq,0.23339533779527755,0.01587127445677496,0.20228821147124812,0.264502464119307,1
474,5000,5,stress,ccmar,0.2558505160746848,full,0.24888613576786855,0.0065358278085589135,0.23607614865393772,0.2616961228817994,1
474,5000,5,stress,ccmar,0.2558505160746848,cc,0.2517266154335603,0.018931894570373302,0.21462078391651923,0.28883244695060134,1
474,5000,5,stress,ccmar,0.2558505160746848,seq,0.25689868739621113,0.01634158356232438,0.22486977216370357,0.2889276026287187,1
475,5000,5,stress,ccmar,0.2558505160746848,full,0.25827446474232435,0.006361400163186534,0.2458063495312315,0.27074257995341716,1
475,5000,5,stress,ccmar,0.2558505160746848,cc,0.2327808206006726,0.012970360688547615,0.20735938078462512,0.25820226041672006,1
475,5000,5,stress,ccmar,0.2558505160746848,seq,0.22779109085170526,0.01265468512458642,0.2029883637718211,0.2525938179315894,0
476,5000,5,stress,ccmar,0.2558505160746848,full,0.2506278079148317,0.006186996866069717,0.23850151688487287,0.2627540989447905,1
476,5000,5,stress,ccmar,0.2558505160746848,cc,0.2445005317026964,0.01555720215682028,0.2140089757751198,0.274992087630273,1
476,5000,5,stress,ccmar,0.2558505160746848,seq,0.2460169232477876,0.014794384279201784,0.21702046288710652,0.27501338360846866,1
477,5000,5,stress,ccmar,0.2558505160746848,full,0.2531305379752168,0.006355287382999154,0.24067440359313663,0.26558667235729694,1
477,5000,5,stress,ccmar,0.2558505160746848,cc,0.23566666826178354,0.011411500177890827,0.21330053890354508,0.25803279762002196,1
477,5000,5,stress,ccmar,0.2558505160746848,seq,0.23450321309812697,0.01132528900142964,0.21230605454081727,0.25670037165543663,1
478,5000,5,stress,ccmar,0.2558505160746848,full,0.25777185307700323,0.00656718286385289,0.24490041118396297,0.2706432949700435,1
478,5000,5,stress,ccmar,0.2558505160746848,cc,0.252375804662889,0.0127142979471649,0.22745623859773426,0.2772953707280438,1
478,5000,5,stress,ccmar,0.2558505160746848,seq,0.25570600491085727,0.012618913199650346,0.2309733895155055,0.28043862030620903,1
479,5000,5,stress,ccmar,0.2558505160746848,full,0.26778585953294226,0.006372408879369021,0.2552961676346157,0.2802755514312688,1
479,5000,5,stress,ccmar,0.2558505160746848,cc,0.24418246706746705,0.022727050840108738,0.19963826594604314,0.2887266681888909,1
479,5000,5,stress,ccmar,0.2558505160746848,seq,0.24791917945198938,0.02042492107349658,0.2078870697608629,0.28795128914311585,1
480,5000,5,stress,ccmar,0.2558505160746848,full,0.2670077182897462,0.006952718574576625,0.2533806402889333,0.28063479629055904,1
480,5000,5,stress,ccmar,0.2558505160746848,cc,0.2608864356626506,0.013872878153410402,0.23369609412005365,0.2880767772052475,1
480,5000,5,stress,ccmar,0.2558505160746848,seq,0.26083642623579506,0.013980077191421627,0.2334359784395188,0.2882368740320713,1
481,5000,5,stress,ccmar,0.2558505160746848,full,0.2526961795182624,0.007146955991868664,0.2386884031751071,0.2667039558614177,1
481,5000,5,stress,ccmar,0.2558505160746848,cc,0.27099861809637377,0.02105106779439308,0.2297392833832523,0.31225795280949525,1
481,5000,5,stress,ccmar,0.2558505160746848,seq,0.26786281116328853,0.018692878348961522,0.23122544283193538,0.30450017949464164,1
482,5000,5,stress,ccmar,0.2558505160746848,full,0.2543329466670971,0.007024456936716341,0.24056526406018053,0.2681006292740137,1
482,5000,5,stress,ccmar,0.2558505160746848,cc,0.2467159635744856,0.00960388494976615,0.22789269496127768,0.26553923218769354,1
482,5000,5,stress,ccmar,0.2558505160746848,seq,0.24776038343913093,0.009373799840175992,0.22938807335409866,0.2661326935241632,1
483,5000,5,stress,ccmar,0.2558505160746848,full,0.26306486580377086,0.006515137803133507,0.25029543035531376,0.27583430125222796,1
483,5000,5,stress,ccmar,0.2558505160746848,cc,0.268621037558096,0.021279710884712026,0.22691357062263548,0.31032850449355653,1
483,5000,5,stress,ccmar,0.2558505160746848,seq,0.2686794597010855,0.02107253599596874,0.22737804808606288,0.3099808713161081,1
484,5000,5,stress,ccmar,0.2558505160746848,full,0.26804244504736646,0.006470948831959061,0.2553596183909252,0.28072527170380773,1
484,5000,5,stress,ccmar,0.2558505160746848,cc,0.27759695539860124,0.016588392525400713,0.2450843034874024,0.3101096073098001,1
484,5000,5,stress,ccmar,0.2558505160746848,seq,0.2767672891706933,0.01606956281255577,0.24527152481077982,0.3082630535306068,1
485,5000,5,stress,ccmar,0.2558505160746848,full,0.2508711931604905,0.006897884260247033,0.2373515884408806,0.2643907978801004,1
485,5000,5,stress,ccmar,0.2558505160746848,cc,0.2793891770720199,0.014680273273747718,0.25061637017226845,0.3081619839717713,1
485,5000,5,stress,ccmar,0.2558505160746848,seq,0.2827060472569808,0.014461709435592026,0.25436161760833736,0.3110504769056242,1
486,5000,5,stress,ccmar,0.2558505160746848,full,0.24351243383376023,0.006778288584001988,0.23022723233229733,0.25679763533522315,1
486,5000,5,stress,ccmar,0.2558505160746848,cc,0.241539704974688,0.011316688130610387,0.2193594038144197,0.2637200061349563,1
486,5000,5,stress,ccmar,0.2558505160746848,seq,0.24176654668875744,0.011144102197355149,0.21992450774190767,0.2636085856356072,1
487,5000,5,stress,ccmar,0.2558505160746848,full,0.2510097809109695,0.007146166422453803,0.2370035520954306,0.2650160097265084,1
487,5000,5,stress,ccmar,0.2558505160746848,cc,0.2580247102153432,0.021689830599443804,0.2155134234096585,0.30053599702102785,1
487,5000,5,stress,ccmar,0.2558505160746848,seq,0.25404996793018897,0.02158173427380198,0.2117505460296234,0.29634938983075454,1
488,5000,5,stress,ccmar,0.2558505160746848,full,0.25136506854217394,0.006592325081888811,0.23844434880729182,0.26428578827705607,1
488,5000,5,stress,ccmar,0.2558505160746848,cc,0.2862694646751262,0.01738355546284895,0.25219832204468773,0.3203406073055647,1
488,5000,5,stress,ccmar,0.2558505160746848,seq,0.28503479600102116,0.018087101353459235,0.2495847287635154,0.32048486323852693,1
489,5000,5,stress,ccmar,0.2558505160746848,full,0.2606925920252391,0.007862221714436153,0.24528292062647547,0.2761022634240027,1
489,5000,5,stress,ccmar,0.2558505160746848,cc,0.2494594046140707,0.01645256276893658,0.21721297413357044,0.281705835094571,1
489,5000,5,stress,ccmar,0.2558505160746848,seq,0.24823314039014518,0.01552082050141024,0.2178128911968702,0.2786533895834202,1
490,5000,5,stress,ccmar,0.2558505160746848,full,0.2622261259223727,0.006079211558445375,0.2503110902134202,0.27414116163132524,1
490,5000,5,stress,ccmar,0.2558505160746848,cc,0.26170024310653583,0.01142593169991793,0.2393058284848822,0.2840946577281895,1
490,5000,5,stress,ccmar,0.2558505160746848,seq,0.2604805101475129,0.011145924957409936,0.23863489865660328,0.2823261216384225,1
491,5000,5,stress,ccmar,0.2558505160746848,full,0.26397902325870043,0.006735724321168724,0.2507772461794192,0.27718080033798165,1
491,5000,5,stress,ccmar,0.2558505160746848,cc,0.2544233600415431,0.013025943662953888,0.2288929795975057,0.27995374048558047,1
491,5000,5,stress,ccmar,0.2558505160746848,seq,0.25646590695918464,0.012580433134764308,0.23180871110513226,0.281123102813237,1
492,5000,5,stress,ccmar,0.2558505160746848,full,0.2544259564924831,0.00703329549234246,0.240640950634864,0.2682109623501022,1
492,5000,5,stress,ccmar,0.2558505160746848,cc,0.26396645902081084,0.03136309474759249,0.20249592287181223,0.32543699516980945,1
492,5000,5,stress,ccmar,0.2558505160746848,seq,0.26447319434177785,0.033787080058735305,0.1982517342838852,0.3306946543996705,1
493,5000,5,stress,ccmar,0.2558505160746848,full,0.24979255373784232,0.0066148636709413835,0.2368276591801548,0.2627574482955298,1
493,5000,5,stress,ccmar,0.2558505160746848,cc,0.25157158225497706,0.010647251816238417,0.23070335216082108,0.27243981234913306,1
493,5000,5,stress,ccmar,0.2558505160746848,seq,0.23656105788387669,0.012513340792362949,0.2120353606045694,0.26108675516318397,1
494,5000,5,stress,ccmar,0.2558505160746848,full,0.261064231168684,0.006161718094081211,0.24898748562139603,0.27314097671597193,1
494,5000,5,stress,ccmar,0.2558505160746848,cc,0.29452399297475357,0.028882261697279987,0.2379158002560241,0.35113218569348303,1
494,5000,5,stress,ccmar,0.2558505160746848,seq,0.2890587397846601,0.026065742703597003,0.23797082285532228,0.34014665671399796,1
495,5000,5,stress,ccmar,0.2558505160746848,full,0.25481164161431114,0.00672727038987376,0.24162643393589583,0.26799684929272644,1
495,5000,5,stress,ccmar,0.2558505160746848,cc,0.20706706592277305,0.014537025579241051,0.17857501934512307,0.23555911250042302,0
495,5000,5,stress,ccmar,0.2558505160746848,seq,0.20217796921791126,0.01505819432030611,0.17266445067790567,0.23169148775791684,0
496,5000,5,stress,ccmar,0.2558505160746848,full,0.2619574718140896,0.006198165958749192,0.24980928976473904,0.2741056538634402,1
496,5000,5,stress,ccmar,0.2558505160746848,cc,0.279684073453294,0.01223805331015504,0.25569792972450894,0.30367021718207904,1
496,5000,5,stress,ccmar,0.2558505160746848,seq,0.2768546204281749,0.01224344892397146,0.25285790149063514,0.3008513393657146,1
497,5000,5,stress,ccmar,0.2558505160746848,full,0.2511647616352563,0.0062659012637669605,0.23888382082758905,0.26344570244292354,1
497,5000,5,stress,ccmar,0.2558505160746848,cc,0.25058598764736423,0.010999692759007359,0.22902698599870377,0.27214498929602465,1
497,5000,5,stress,ccmar,0.2558505160746848,seq,0.24949843147385364,0.012779848498927113,0.22445038868807823,0.2745464742596291,1
498,5000,5,stress,ccmar,0.2558505160746848,full,0.26012361274615314,0.0063294282259199,0.2477181613806189,0.27252906411168737,1
498,5000,5,stress,ccmar,0.2558505160746848,cc,0.23351107983446673,0.011612248781410638,0.21075149044338276,0.2562706692255507,1
498,5000,5,stress,ccmar,0.2558505160746848,seq,0.2310128282840199,0.01150684828943033,0.20845982006117011,0.25356583650686965,0
499,5000,5,stress,ccmar,0.2558505160746848,full,0.2545406320017496,0.006338330028108476,0.24211773342452822,0.26696353057897093,1
499,5000,5,stress,ccmar,0.2558505160746848,cc,0.27141600868517696,0.014579940511824437,0.24283985038526457,0.29999216698508935,1
499,5000,5,stress,ccmar,0.2558505160746848,seq,0.2716653084813552,0.015537681291941973,0.2412120127458872,0.3021186042168233,1
500,5000,5,stress,ccmar,0.2558505160746848,full,0.26010101497402627,0.006658839942947544,0.24704992850703233,0.2731521014410202,1
500,5000,5,stress,ccmar,0.2558505160746848,cc,0.26919644315236585,0.01972232435245099,0.23054139773014465,0.30785148857458705,1
500,5000,5,stress,ccmar,0.2558505160746848,seq,0.26477577677148617,0.020653407567283733,0.22429584178158304,0.3052557117613893,1
501,5000,5,stress,ccmar,0.2558505160746848,full,0.24824522529851764,0.006218981258521142,0.23605624601128664,0.2604342045857487,1
501,5000,5,stress,ccmar,0.2558505160746848,cc,0.2524407090164337,0.01064370978797919,0.231579421170098,0.27330199686276935,1
501,5000,5,stress,ccmar,0.2558505160746848,seq,0.2511680698093859,0.010501647170258638,0.23058521957733197,0.2717509200414398,1
502,5000,5,stress,ccmar,0.2558505160746848,full,0.25706000065950896,0.00669321371681741,0.24394154283371736,0.27017845848530053,1
502,5000,5,stress,ccmar,0.2558505160746848,cc,0.37942075673967884,0.08233581570264749,0.21804552332476232,0.5407959901545953,1
502,5000,5,stress,ccmar,0.2558505160746848,seq,0.41515037547855316,0.10983203180965563,0.19988354878277054,0.6304172021743357,1
503,5000,5,stress,ccmar,0.2558505160746848,full,0.2589616049397135,0.006582770886759003,0.24605961108318705,0.27186359879623995,1
503,5000,5,stress,ccmar,0.2558505160746848,cc,0.29547747021890547,0.008627660432371658,0.27856756650061576,0.3123873739371952,0
503,5000,5,stress,ccmar,0.2558505160746848,seq,0.29331112733413395,0.008718268058664689,0.2762236359315852,0.3103986187366827,0
504,5000,5,stress,ccmar,0.2558505160746848,full,0.26808976692810665,0.006184329109462447,0.2559687046050176,0.2802108292511957,0
504,5000,5,stress,ccmar,0.2558505160746848,cc,0.2962195247321793,0.012020166458883449,0.27266043138459134,0.3197786180797672,0
504,5000,5,stress,ccmar,0.2558505160746848,seq,0.2931423767425098,0.01224982508795294,0.26913316075320687,0.31715159273181276,0
505,5000,5,stress,ccmar,0.2558505160746848,full,0.25353898867667185,0.006205427008225053,0.2413765752318586,0.2657014021214851,1
505,5000,5,stress,ccmar,0.2558505160746848,cc,0.2504239147937978,0.011756813194447506,0.22738098435971535,0.2734668452278802,1
505,5000,5,stress,ccmar,0.2558505160746848,seq,0.2544369803464607,0.011227206542359876,0.23243205987644286,0.2764419008164785,1
506,5000,5,stress,ccmar,0.2558505160746848,full,0.25678356779964284,0.007148008501292189,0.24277372857592402,0.2707934070233617,1
506,5000,5,stress,ccmar,0.2558505160746848,cc,0.2782610713944266,0.019952459047653057,0.23915497025801624,0.3173671725308369,1
506,5000,5,stress,ccmar,0.2558505160746848,seq,0.2802768890652934,0.018863413775402904,0.243305277440027,0.3172485006905598,1
507,5000,5,stress,ccmar,0.2558505160746848,full,0.25167332411147264,0.006942867789282297,0.2380655532950561,0.26528109492788915,1
507,5000,5,stress,ccmar,0.2558505160746848,cc,0.27221639634226497,0.011319732870165808,0.2500301276021258,0.29440266508240415,1
507,5000,5,stress,ccmar,0.2558505160746848,seq,0.26955971669979906,0.011366444154651637,0.24728189552439603,0.29183753787520206,1
508,5000,5,stress,ccmar,0.2558505160746848,full,0.26269487634483457,0.006102839978205231,0.2507335297841411,0.27465622290552805,1
508,5000,5,stress,ccmar,0.2558505160746848,cc,0.2575327730965105,0.013833978858190502,0.23041867277156858,0.28464687342145245,1
508,5000,5,stress,ccmar,0.2558505160746848,seq,0.2608408751980528,0.013878020001789467,0.23364045581781898,0.2880412945782867,1
509,5000,5,stress,ccmar,0.2558505160746848,full,0.2590193499506143,0.0064324868366157535,0.24641190741981947,0.2716267924814092,1
509,5000,5,stress,ccmar,0.2558505160746848,cc,0.2599282025393408,0.014984927001275246,0.23055828530587952,0.28929811977280206,1
509,5000,5,stress,ccmar,0.2558505160746848,seq,0.2630455771912183,0.014329757213431922,0.23495976914568867,0.2911313852367479,1
510,5000,5,stress,ccmar,0.2558505160746848,full,0.25786238775714876,0.006392022729209731,0.24533425341953627,0.2703905220947613,1
510,5000,5,stress,ccmar,0.2558505160746848,cc,0.21303209918329225,0.029938092154197196,0.15435451679522458,0.2717096815713599,1
510,5000,5,stress,ccmar,0.2558505160746848,seq,0.20688820187102075,0.032466107677202455,0.1432558001055046,0.2705206036365369,1
511,5000,5,stress,ccmar,0.2558505160746848,full,0.2558512796482835,0.006446198241271935,0.2432169632581851,0.26848559603838196,1
511,5000,5,stress,ccmar,0.2558505160746848,cc,0.25338477523842623,0.010541635540964357,0.23272354923998867,0.2740460012368638,1
511,5000,5,stress,ccmar,0.2558505160746848,seq,0.2571489720747165,0.010975044332017651,0.23563828045523144,0.27865966369420153,1
512,5000,5,stress,ccmar,0.2558505160746848,full,0.2581319194200545,0.006102955346798538,0.2461703467410732,0.27009349209903577,1
512,5000,5,stress,ccmar,0.2558505160746848,cc,0.268034328164109,0.024141387519887585,0.2207180780883046,0.3153505782399134,1
512,5000,5,stress,ccmar,0.2558505160746848,seq,0.27095306373486455,0.02428424733455685,0.22335681356747034,0.31854931390225877,1
513,5000,5,stress,ccmar,0.2558505160746848,full,0.26366811588687633,0.006370433288455284,0.2511822960755889,0.27615393569816377,1
513,5000,5,stress,ccmar,0.2558505160746848,cc,0.2770078453391779,0.010512279112090916,0.256404156884047,0.29761153379430877,0
513,5000,5,stress,ccmar,0.2558505160746848,seq,0.27396869587166417,0.010516005242566323,0.25335770433499977,0.29457968740832857,1
514,5000,5,stress,ccmar,0.2558505160746848,full,0.2637539291871236,0.006948013761873691,0.2501360724497625,0.2773717859244847,1
514,5000,5,stress,ccmar,0.2558505160746848,cc,0.2880236098238469,0.012970142419772956,0.2626025978067367,0.31344462184095706,0
514,5000,5,stress,ccmar,0.2558505160746848,seq,0.2873055371338456,0.012324799519941029,0.26314937395808463,0.31146170030960657,0
515,5000,5,stress,ccmar,0.2558505160746848,full,0.2664127722566218,0.007802975955883499,0.25111922041085816,0.28170632410238544,1
515,5000,5,stress,ccmar,0.2558505160746848,cc,0.2813348377892883,0.01048811871647259,0.26077850283942156,0.30189117273915506,0
515,5000,5,stress,ccmar,0.2558505160746848,seq,0.2753519932834648,0.011024797229523334,0.2537437877767421,0.29696019879018754,1
516,5000,5,stress,ccmar,0.2558505160746848,full,0.24745884449088895,0.006332525580210207,0.23504732242249834,0.2598703665592796,1
516,5000,5,stress,ccmar,0.2558505160746848,cc,0.27399793366344444,0.010782915868886444,0.2528638069121016,0.2951320604147873,1
516,5000,5,stress,ccmar,0.2558505160746848,seq,0.27200521253522203,0.011188635661470317,0.25007588960259974,0.2939345354678443,1
517,5000,5,stress,ccmar,0.2558505160746848,full,0.2503912334475973,0.006478297334163682,0.23769400399149462,0.2630884629036999,1
517,5000,5,stress,ccmar,0.2558505160746848,cc,0.2586731490626387,0.010481658085552719,0.23812947671669232,0.2792168214085851,1
517,5000,5,stress,ccmar,0.2558505160746848,seq,0.26552523668057476,0.01006569358257647,0.24579683977930894,0.2852536335818406,1
518,5000,5,stress,ccmar,0.2558505160746848,full,0.25385324155387823,0.006419566584818408,0.24127112225127736,0.2664353608564791,1
518,5000,5,stress,ccmar,0.2558505160746848,cc,0.19555704312305666,0.013919322779989161,0.16827567178508995,0.22283841446102337,0
518,5000,5,stress,ccmar,0.2558505160746848,seq,0.18264946274203472,0.014476889025795657,0.15427528164329207,0.21102364384077738,0
519,5000,5,stress,ccmar,0.2558505160746848,full,0.2635648684172209,0.006411538479444448,0.25099848391201707,0.2761312529224247,1
519,5000,5,stress,ccmar,0.2558505160746848,cc,0.3005202187170117,0.010721894842482866,0.2795056909797195,0.32153474645430385,0
519,5000,5,stress,ccmar,0.2558505160746848,seq,0.2991003881056922,0.01102346935039102,0.2774947851942447,0.32070599101713976,0
520,5000,5,stress,ccmar,0.2558505160746848,full,0.25660469522677776,0.0065729307305008415,0.24372198772211956,0.26948740273143595,1
520,5000,5,stress,ccmar,0.2558505160746848,cc,0.26356775794231685,0.010826212450916292,0.2423487714495418,0.2847867444350919,1
520,5000,5,stress,ccmar,0.2558505160746848,seq,0.2667884280606464,0.010571835380003579,0.24606801146535306,0.28750884465593973,1
521,5000,5,stress,ccmar,0.2558505160746848,full,0.25172766581541156,0.006086719409921673,0.23979791498796418,0.2636574166428589,1
521,5000,5,stress,ccmar,0.2558505160746848,cc,0.24697997536104968,0.009731873497602189,0.22790585380364953,0.26605409691844983,1
521,5000,5,stress,ccmar,0.2558505160746848,seq,0.2513809124136734,0.009411178921253194,0.23293534067595462,0.26982648415139215,1
522,5000,5,stress,ccmar,0.2558505160746848,full,0.2537487582521433,0.006613030058441337,0.2407874575089175,0.26671005899536915,1
522,5000,5,stress,ccmar,0.2558505160746848,cc,0.24087986334476236,0.01748803334271864,0.20660394783259822,0.2751557788569265,1
522,5000,5,stress,ccmar,0.2558505160746848,seq,0.24241811151845005,0.017272334533600924,0.2085649579036648,0.2762712651332353,1
523,5000,5,stress,ccmar,0.2558505160746848,full,0.25875265224555294,0.007193110058198962,0.24465441559465015,0.2728508888964557,1
523,5000,5,stress,ccmar,0.2558505160746848,cc,0.25730963386873457,0.012421009330191236,0.23296490292992378,0.28165436480754535,1
523,5000,5,stress,ccmar,0.2558505160746848,seq,0.2539670256507808,0.01219685487094378,0.23006162937906904,0.2778724219224925,1
524,5000,5,stress,ccmar,0.2558505160746848,full,0.2631371907210979,0.008224876947109204,0.24701672812749015,0.2792576533147057,1
524,5000,5,stress,ccmar,0.2558505160746848,cc,0.3066330520897358,0.044019007685642174,0.2203573823906853,0.3929087217887863,1
524,5000,5,stress,ccmar,0.2558505160746848,seq,0.3163419612231396,0.04868006780420652,0.22093078156192703,0.4117531408843522,1
525,5000,5,stress,ccmar,0.2558505160746848,full,0.25071768720375665,0.007068091619734221,0.2368644821896482,0.2645708922178651,1
525,5000,5,stress,ccmar,0.2558505160746848,cc,0.21426508228698532,0.02829396368532661,0.158809932483861,0.26972023209010965,1
525,5000,5,stress,ccmar,0.2558505160746848,seq,0.20225485754833858,0.03716330952573491,0.12941610933158382,0.27509360576509334,1
526,5000,5,stress,ccmar,0.2558505160746848,full,0.2523766592075095,0.0068668369987846135,0.23891790600218454,0.2658354124128345,1
526,5000,5,stress,ccmar,0.2558505160746848,cc,0.23495740871174903,0.033001274481788745,0.17027609928352233,0.2996387181399757,1
526,5000,5,stress,ccmar,0.2558505160746848,seq,0.2245273022578836,0.04213513441944453,0.1419439563120183,0.3071106482037489,1
527,5000,5,stress,ccmar,0.2558505160746848,full,0.25041500890322266,0.006179907733481075,0.23830261231781918,0.26252740548862613,1
527,5000,5,stress,ccmar,0.2558505160746848,cc,0.24583238381761285,0.012645604239636551,0.2210474549451782,0.2706173126900475,1
527,5000,5,stress,ccmar,0.2558505160746848,seq,0.24864282027493365,0.012930727463221763,0.223299060153116,0.2739865803967513,1
528,5000,5,stress,ccmar,0.2558505160746848,full,0.26356763453335463,0.007702038107369857,0.24847191723535467,0.2786633518313546,1
528,5000,5,stress,ccmar,0.2558505160746848,cc,0.29854427670935313,0.06027210191219541,0.1804131276889224,0.4166754257297839,1
528,5000,5,stress,ccmar,0.2558505160746848,seq,0.29701713441748506,0.05615142284896983,0.18696236795282473,0.4070719008821454,1
529,5000,5,stress,ccmar,0.2558505160746848,full,0.2594534671253669,0.006632946206940408,0.2464531314483721,0.27245380280236164,1
529,5000,5,stress,ccmar,0.2558505160746848,cc,0.25410531125679303,0.024290262378472288,0.2064972718199591,0.3017133506936269,1
529,5000,5,stress,ccmar,0.2558505160746848,seq,0.24914057484543065,0.023344614322954333,0.20338597153946225,0.29489517815139904,1
530,5000,5,stress,ccmar,0.2558505160746848,full,0.2652246734624521,0.006659833608371035,0.2521716394470154,0.27827770747788877,1
530,5000,5,stress,ccmar,0.2558505160746848,cc,0.24506549325928054,0.016644092524617595,0.2124436713556777,0.27768731516288336,1
530,5000,5,stress,ccmar,0.2558505160746848,seq,0.24185631600106325,0.018256030301210164,0.20607515411001942,0.2776374778921071,1
531,5000,5,stress,ccmar,0.2558505160746848,full,0.2562312796464776,0.006532189161232438,0.24342842415025914,0.2690341351426961,1
531,5000,5,stress,ccmar,0.2558505160746848,cc,0.25683261700891646,0.009836519312689,0.23755339342281334,0.2761118405950196,1
531,5000,5,stress,ccmar,0.2558505160746848,seq,0.2531345304455324,0.009710622723271996,0.23410205964046304,0.2721670012506018,1
532,5000,5,stress,ccmar,0.2558505160746848,full,0.25702337319187146,0.00653561814321729,0.24421379701445903,0.26983294936928387,1
532,5000,5,stress,ccmar,0.2558505160746848,cc,0.24307007267718064,0.014639095046006577,0.21437797362074903,0.2717621717336123,1
532,5000,5,stress,ccmar,0.2558505160746848,seq,0.23999606768358261,0.0148349598574896,0.21092008065080553,0.2690720547163597,1
533,5000,5,stress,ccmar,0.2558505160746848,full,0.2442714866011714,0.006351201350311772,0.23182336069599818,0.2567196125063446,1
533,5000,5,stress,ccmar,0.2558505160746848,cc,0.26943049669433217,0.016859515382216916,0.23638645374838796,0.3024745396402764,1
533,5000,5,stress,ccmar,0.2558505160746848,seq,0.2658499753003255,0.01533761860520687,0.23578879522550858,0.29591115537514245,1
534,5000,5,stress,ccmar,0.2558505160746848,full,0.24493261803205205,0.006707868143160553,0.23178543805841378,0.2580797980056903,1
534,5000,5,stress,ccmar,0.2558505160746848,cc,0.24820383826131556,0.016845703345896443,0.21518686640911266,0.28122081011351846,1
534,5000,5,stress,ccmar,0.2558505160746848,seq,0.24307214476509298,0.017652035182271472,0.20847479155400697,0.277669497976179,1
535,5000,5,stress,ccmar,0.2558505160746848,full,0.255434493866325,0.007384454175770603,0.2409612296363282,0.2699077580963218,1
535,5000,5,stress,ccmar,0.2558505160746848,cc,0.26580619981112324,0.012855779572127806,0.240609334856567,0.2910030647656795,1
535,5000,5,stress,ccmar,0.2558505160746848,seq,0.26674273499069334,0.012288472098463031,0.24265777225268045,0.2908276977287062,1
536,5000,5,stress,ccmar,0.2558505160746848,full,0.253604898325409,0.006765121171192448,0.24034550447882236,0.26686429217199564,1
536,5000,5,stress,ccmar,0.2558505160746848,cc,0.24423326459273112,0.017586815622143596,0.2097637393705833,0.27870278981487895,1
536,5000,5,stress,ccmar,0.2558505160746848,seq,0.23896722856825336,0.01831918245042716,0.2030622907391979,0.2748721663973088,1
537,5000,5,stress,ccmar,0.2558505160746848,full,0.2518847887441743,0.006752199528875087,0.2386507208511508,0.2651188566371978,1
537,5000,5,stress,ccmar,0.2558505160746848,cc,0.25303896477027893,0.01562376759231041,0.22241694298652645,0.2836609865540314,1
537,5000,5,stress,ccmar,0.2558505160746848,seq,0.25467993959717405,0.015704639374218392,0.22389941203351635,0.28546046716083173,1
538,5000,5,stress,ccmar,0.2558505160746848,full,0.26077408922398215,0.006587498880154566,0.24786282867068127,0.27368534977728304,1
538,5000,5,stress,ccmar,0.2558505160746848,cc,0.3105426154702198,0.014300418449710858,0.28251431034493435,0.3385709205955052,0
538,5000,5,stress,ccmar,0.2558505160746848,seq,0.3145265977023842,0.015007572829570928,0.2851122954610633,0.34394089994370514,0
539,5000,5,stress,ccmar,0.2558505160746848,full,0.2504194075438644,0.006238805121054427,0.23819157420003365,0.2626472408876951,1
539,5000,5,stress,ccmar,0.2558505160746848,cc,0.26092281199902567,0.010208440834521729,0.24091463562505508,0.2809309883729963,1
539,5000,5,stress,ccmar,0.2558505160746848,seq,0.26022237286623456,0.010536634043593281,0.2395709496225131,0.28087379610995605,1
540,5000,5,stress,ccmar,0.2558505160746848,full,0.25390933518837094,0.006282110437951413,0.24159662498308304,0.26622204539365885,1
540,5000,5,stress,ccmar,0.2558505160746848,cc,0.2644459507879706,0.011435326907423427,0.2420331218979789,0.28685877967796236,1
540,5000,5,stress,ccmar,0.2558505160746848,seq,0.26412178824669447,0.011711050595765266,0.2411685508578682,0.28707502563552073,1
541,5000,5,stress,ccmar,0.2558505160746848,full,0.24987322006217036,0.007485080788748749,0.23520273129485014,0.2645437088294906,1
541,5000,5,stress,ccmar,0.2558505160746848,cc,0.24906227296603115,0.02329327222691702,0.2034082983191867,0.2947162476128756,1
541,5000,5,stress,ccmar,0.2558505160746848,seq,0.25194465369356134,0.02359784012686851,0.20569373693196497,0.2981955704551577,1
542,5000,5,stress,ccmar,0.2558505160746848,full,0.24634437158290834,0.00602846769436369,0.2345287920199923,0.2581599511458244,1
542,5000,5,stress,ccmar,0.2558505160746848,cc,0.21867306832269806,0.012794532594443048,0.19359624523856586,0.24374989140683026,0
542,5000,5,stress,ccmar,0.2558505160746848,seq,0.22759935820756635,0.011632047200541288,0.20480096462803546,0.2503977517870972,0
543,5000,5,stress,ccmar,0.2558505160746848,full,0.2709215332087556,0.006603004872414177,0.25797988146908135,0.2838631849484299,0
543,5000,5,stress,ccmar,0.2558505160746848,cc,0.2813336230080077,0.02346979646928208,0.2353336672037295,0.32733357881228586,1
543,5000,5,stress,ccmar,0.2558505160746848,seq,0.2843803026836021,0.02244271671724304,0.24039338620257072,0.32836721916463346,1
544,5000,5,stress,ccmar,0.2558505160746848,full,0.2646439862339216,0.006542079729549645,0.25182174558001474,0.27746622688782846,1
544,5000,5,stress,ccmar,0.2558505160746848,cc,0.2670457042961288,0.013890959898396758,0.23981992318458098,0.2942714854076766,1
544,5000,5,stress,ccmar,0.2558505160746848,seq,0.26474245247868755,0.014381882076178397,0.23655448157947576,0.2929304233778993,1
545,5000,5,stress,ccmar,0.2558505160746848,full,0.2539979983744661,0.006715888971314014,0.2408350978665209,0.26716089888241135,1
545,5000,5,stress,ccmar,0.2558505160746848,cc,0.28869580239521775,0.01645696792786715,0.2564407379618674,0.3209508668285681,0
545,5000,5,stress,ccmar,0.2558505160746848,seq,0.28348901011787525,0.01592700495086729,0.25227265403258425,0.31470536620316625,1
546,5000,5,stress,ccmar,0.2558505160746848,full,0.24626468560215217,0.006524234749673524,0.23347742046610737,0.259051950738197,1
546,5000,5,stress,ccmar,0.2558505160746848,cc,0.20797345857011995,0.02143405465704871,0.16596348339964145,0.24998343374059845,0
546,5000,5,stress,ccmar,0.2558505160746848,seq,0.2149670322778778,0.020279500670574227,0.17521994133909646,0.25471412321665915,0
547,5000,5,stress,ccmar,0.2558505160746848,full,0.2509015957693319,0.006240929810579026,0.23866959811055463,0.26313359342810916,1
547,5000,5,stress,ccmar,0.2558505160746848,cc,0.24434708643085493,0.009820181101092298,0.22509988515105311,0.26359428771065674,1
547,5000,5,stress,ccmar,0.2558505160746848,seq,0.24528595432015712,0.01009677592054743,0.22549663715591292,0.26507527148440135,1
548,5000,5,stress,ccmar,0.2558505160746848,full,0.2677026699515799,0.006372157737386239,0.2552134702824946,0.28019186962066517,1
548,5000,5,stress,ccmar,0.2558505160746848,cc,0.28432903193026704,0.016808127863682694,0.2513857066699048,0.3172723571906293,1
548,5000,5,stress,ccmar,0.2558505160746848,seq,0.2810044479080746,0.01770344937694676,0.2463063247271309,0.31570257108901834,1
549,5000,5,stress,ccmar,0.2558505160746848,full,0.2612998964614166,0.006499187084082171,0.24856172384782765,0.27403806907500555,1
549,5000,5,stress,ccmar,0.2558505160746848,cc,0.22150274531787317,0.021721320737927985,0.17892973897489134,0.264075751660855,1
549,5000,5,stress,ccmar,0.2558505160746848,seq,0.2250178906568744,0.023055814162762395,0.1798293252636116,0.27020645605013716,1
550,5000,5,stress,ccmar,0.2558505160746848,full,0.2680285501419985,0.0062332483526896295,0.25581160786403323,0.28024549241996377,1
550,5000,5,stress,ccmar,0.2558505160746848,cc,0.2532555010113842,0.015450549334680163,0.2229729807740518,0.28353802124871663,1
550,5000,5,stress,ccmar,0.2558505160746848,seq,0.2528367448133118,0.01513294440938933,0.22317671879086196,0.28249677083576163,1
551,5000,5,stress,ccmar,0.2558505160746848,full,0.2594707479202342,0.006376959958588777,0.2469721360705462,0.27196935976992226,1
551,5000,5,stress,ccmar,0.2558505160746848,cc,0.2555685972061001,0.01439598374597837,0.22735298754195848,0.2837842068702417,1
551,5000,5,stress,ccmar,0.2558505160746848,seq,0.2588898009334026,0.014095891454184013,0.23126236135321598,0.2865172405135892,1
552,5000,5,stress,ccmar,0.2558505160746848,full,0.2639579667661911,0.007086050604974518,0.2500695627878128,0.2778463707445694,1
552,5000,5,stress,ccmar,0.2558505160746848,cc,0.2442538677836695,0.011474662236146918,0.2217639430660597,0.26674379250127933,1
552,5000,5,stress,ccmar,0.2558505160746848,seq,0.2430015151591424,0.011891594699542478,0.21969441782929172,0.26630861248899307,1
553,5000,5,stress,ccmar,0.2558505160746848,full,0.2707775096392594,0.007474848868928207,0.25612707506628013,0.28542794421223866,0
553,5000,5,stress,ccmar,0.2558505160746848,cc,0.2666010648114883,0.01269350676393924,0.24172224871665185,0.2914798809063248,1
553,5000,5,stress,ccmar,0.2558505160746848,seq,0.2695985258746383,0.012170937597999094,0.24574392652447563,0.29345312522480094,1
554,5000,5,stress,ccmar,0.2558505160746848,full,0.25438620963337866,0.007203046198367749,0.24026849850559973,0.2685039207611576,1
554,5000,5,stress,ccmar,0.2558505160746848,cc,0.27807835086362775,0.01723413696041141,0.2443000631165908,0.3118566386106647,1
554,5000,5,stress,ccmar,0.2558505160746848,seq,0.27796286670098996,0.017793090569526864,0.24308905001105802,0.3128366833909219,1
555,5000,5,stress,ccmar,0.2558505160746848,full,0.25496942135535605,0.007109390842784286,0.24103527135147998,0.2689035713592321,1
555,5000,5,stress,ccmar,0.2558505160746848,cc,0.2714043239089411,0.014500985787732732,0.24298291402465774,0.2998257337932244,1
555,5000,5,stress,ccmar,0.2558505160746848,seq,0.2722444820418696,0.014330481690494133,0.24415725404739042,0.30033171003634873,1
556,5000,5,stress,ccmar,0.2558505160746848,full,0.26267563404607314,0.007105046362544571,0.24874999906699846,0.2766012690251478,1
556,5000,5,stress,ccmar,0.2558505160746848,cc,0.23082897866360194,0.014210690967768837,0.20297653617134637,0.2586814211558575,1
556,5000,5,stress,ccmar,0.2558505160746848,seq,0.2338453713930085,0.01369484664688052,0.20700396519132358,0.26068677759469344,1
557,5000,5,stress,ccmar,0.2558505160746848,full,0.26510181174141173,0.006484446330293015,0.2523925304743545,0.27781109300846896,1
557,5000,5,stress,ccmar,0.2558505160746848,cc,0.26919406467967466,0.010396524221447104,0.24881725164124002,0.2895708777181093,1
557,5000,5,stress,ccmar,0.2558505160746848,seq,0.2629856105607173,0.010872196312348257,0.24167649735566551,0.28429472376576903,1
558,5000,5,stress,ccmar,0.2558505160746848,full,0.2593154384206403,0.007307757683084925,0.24499249655404798,0.27363838028723264,1
558,5000,5,stress,ccmar,0.2558505160746848,cc,0.274655828929318,0.014957651695370333,0.24533937031309766,0.30397228754553834,1
558,5000,5,stress,ccmar,0.2558505160746848,seq,0.2660694960401502,0.014492563953277875,0.23766459264808212,0.29447439943221826,1
559,5000,5,stress,ccmar,0.2558505160746848,full,0.2607072234327915,0.006414019614348202,0.24813597599253556,0.27327847087304746,1
559,5000,5,stress,ccmar,0.2558505160746848,cc,0.26782414639223495,0.011869129157104738,0.2445610807164554,0.29108721206801447,1
559,5000,5,stress,ccmar,0.2558505160746848,seq,0.26676621400616024,0.011939435060114334,0.24336535129258133,0.2901670767197391,1
560,5000,5,stress,ccmar,0.2558505160746848,full,0.2569859714141133,0.006573866671321064,0.24410142949915578,0.26987051332907075,1
560,5000,5,stress,ccmar,0.2558505160746848,cc,0.24634912453499286,0.014472589581615746,0.21798337019199637,0.27471487887798934,1
560,5000,5,stress,ccmar,0.2558505160746848,seq,0.24504677790975937,0.013638342246925877,0.21831611829695358,0.27177743752256517,1
561,5000,5,stress,ccmar,0.2558505160746848,full,0.26490789557251765,0.007490963514268985,0.2502258768750468,0.27958991426998847,1
561,5000,5,stress,ccmar,0.2558505160746848,cc,0.25546816893467394,0.01240018396416348,0.23116425496324242,0.2797720829061055,1
561,5000,5,stress,ccmar,0.2558505160746848,seq,0.2586129918177648,0.013109280660176479,0.23291927386059144,0.28430670977493816,1
562,5000,5,stress,ccmar,0.2558505160746848,full,0.2541801104918119,0.0065951059758527905,0.24125394030491554,0.26710628067870823,1
562,5000,5,stress,ccmar,0.2558505160746848,cc,0.25763469964961505,0.010126582225376955,0.23778696320139275,0.27748243609783735,1
562,5000,5,stress,ccmar,0.2558505160746848,seq,0.2556294182734065,0.010617273245681567,0.23481994509784995,0.27643889144896305,1
563,5000,5,stress,ccmar,0.2558505160746848,full,0.2589825591662359,0.00668843683367593,0.24587346385936,0.27209165447311184,1
563,5000,5,stress,ccmar,0.2558505160746848,cc,0.2930403076011349,0.015483939846866397,0.2626923431624921,0.3233882720397777,0
563,5000,5,stress,ccmar,0.2558505160746848,seq,0.2955307390805341,0.01603395644201344,0.2641047619245038,0.32695671623656447,0
564,5000,5,stress,ccmar,0.2558505160746848,full,0.255416085715173,0.00700541956780991,0.24168571566567343,0.26914645576467255,1
564,5000,5,stress,ccmar,0.2558505160746848,cc,0.2756804803630499,0.026153316652054354,0.22442092164875166,0.3269400390773481,1
564,5000,5,stress,ccmar,0.2558505160746848,seq,0.2833274733115784,0.027651497344185795,0.2291315343983693,0.33752341222478754,1
565,5000,5,stress,ccmar,0.2558505160746848,full,0.25184513738036884,0.006663780706663188,0.23878436719443613,0.26490590756630156,1
565,5000,5,stress,ccmar,0.2558505160746848,cc,0.24525323756991202,0.021518404551235222,0.2030779396447282,0.28742853549509584,1
565,5000,5,stress,ccmar,0.2558505160746848,seq,0.24157746110213738,0.022788176887615225,0.19691345512908348,0.28624146707519127,1
566,5000,5,stress,ccmar,0.2558505160746848,full,0.26022345618428333,0.0066352369534532114,0.24721863072662575,0.2732282816419409,1
566,5000,5,stress,ccmar,0.2558505160746848,cc,0.24795296823534954,0.012518704224781144,0.2234167588216691,0.27248917764903,1
566,5000,5,stress,ccmar,0.2558505160746848,seq,0.24655223711505542,0.012433242504078417,0.22218352959600912,0.2709209446341017,1
567,5000,5,stress,ccmar,0.2558505160746848,full,0.24701386870233405,0.007004843160155633,0.23328462839107728,0.2607431090135908,1
567,5000,5,stress,ccmar,0.2558505160746848,cc,0.33306090430009433,0.06375035024265212,0.20811251382268187,0.4580092947775068,1
567,5000,5,stress,ccmar,0.2558505160746848,seq,0.34824244358046724,0.07065168153288048,0.20976769232882786,0.4867171948321066,1
568,5000,5,stress,ccmar,0.2558505160746848,full,0.2551287195424264,0.00648002154905646,0.24242811068723227,0.2678293283976205,1
568,5000,5,stress,ccmar,0.2558505160746848,cc,0.23188203991688716,0.010810584175021558,0.21069368428200624,0.2530703955517681,0
568,5000,5,stress,ccmar,0.2558505160746848,seq,0.23166067423749345,0.011243951101109716,0.20962293503538892,0.253698413439598,0
569,5000,5,stress,ccmar,0.2558505160746848,full,0.2468261283401921,0.006339132618894942,0.23440165671393495,0.2592505999664493,1
569,5000,5,stress,ccmar,0.2558505160746848,cc,0.25805218991945733,0.015138842428728665,0.22838060399152227,0.2877237758473924,1
569,5000,5,stress,ccmar,0.2558505160746848,seq,0.25836067326467727,0.01593346429512063,0.22713165709728594,0.2895896894320686,1
570,5000,5,stress,ccmar,0.2558505160746848,full,0.26245769821119663,0.006695387179810731,0.24933498047621638,0.2755804159461769,1
570,5000,5,stress,ccmar,0.2558505160746848,cc,0.25203884200610416,0.011374962389130848,0.22974432539791,0.2743333586142983,1
570,5000,5,stress,ccmar,0.2558505160746848,seq,0.2529751436256377,0.011604880119253555,0.23022999654699586,0.27572029070427956,1
571,5000,5,stress,ccmar,0.2558505160746848,full,0.2403727399439047,0.006574575036856796,0.2274868096580093,0.25325867022980014,0
571,5000,5,stress,ccmar,0.2558505160746848,cc,0.24286086506065221,0.014079221104524007,0.21526609876540892,0.2704556313558955,1
571,5000,5,stress,ccmar,0.2558505160746848,seq,0.24165922747797472,0.014684384355912626,0.21287836300524257,0.27044009195070684,1
572,5000,5,stress,ccmar,0.2558505160746848,full,0.26859543459143215,0.006329080398978914,0.2561906649541751,0.2810002042286892,0
572,5000,5,stress,ccmar,0.2558505160746848,cc,0.260817254235018,0.012884295467158486,0.2355644991532147,0.2860700093168213,1
572,5000,5,stress,ccmar,0.2558505160746848,seq,0.26402037763047714,0.013132440728940176,0.23828126677264747,0.2897594884883068,1
573,5000,5,stress,ccmar,0.2558505160746848,full,0.27321506991849076,0.007497214998546668,0.2585207985369858,0.28790934129999574,0
573,5000,5,stress,ccmar,0.2558505160746848,cc,0.3166856584154472,0.030418832734591963,0.2570658418038989,0.3763054750269955,0
573,5000,5,stress,ccmar,0.2558505160746848,seq,0.31793100082587133,0.030992198762070572,0.25718740745050617,0.3786745942012365,0
574,5000,5,stress,ccmar,0.2558505160746848,full,0.25255674668745753,0.006548452896899066,0.23972201485507838,0.2653914785198367,1
574,5000,5,stress,ccmar,0.2558505160746848,cc,0.2343888072317427,0.012288235911248719,0.2103043074121635,0.25847330705132193,1
574,5000,5,stress,ccmar,0.2558505160746848,seq,0.2341335635103555,0.011639954801731233,0.2113196713172882,0.25694745570342276,1
575,5000,5,stress,ccmar,0.2558505160746848,full,0.2582772854096059,0.00661778789794241,0.24530665947231373,0.271247911346898,1
575,5000,5,stress,ccmar,0.2558505160746848,cc,0.28044074374792943,0.015728416623857783,0.2496136136313271,0.31126787386453175,1
575,5000,5,stress,ccmar,0.2558505160746848,seq,0.2762980733216106,0.01471277840339518,0.24746155753843735,0.30513458910478386,1
576,5000,5,stress,ccmar,0.2558505160746848,full,0.2717517891630204,0.006225679380937126,0.25954968179709004,0.28395389652895076,0
576,5000,5,stress,ccmar,0.2558505160746848,cc,0.26349831389481576,0.012198039107637402,0.23959059656183535,0.2874060312277962,1
576,5000,5,stress,ccmar,0.2558505160746848,seq,0.2576525592782176,0.012253561703361143,0.2336360196572905,0.2816690988991447,1
577,5000,5,stress,ccmar,0.2558505160746848,full,0.2503736447466689,0.00653336223650556,0.23756849006516395,0.26317879942817385,1
577,5000,5,stress,ccmar,0.2558505160746848,cc,0.2591095533961364,0.011423082685275346,0.23672072274057362,0.28149838405169914,1
577,5000,5,stress,ccmar,0.2558505160746848,seq,0.25704017261413753,0.01132339325387751,0.2348467296537538,0.27923361557452125,1
578,5000,5,stress,ccmar,0.2558505160746848,full,0.24993400977126076,0.00660911693544873,0.2369803786081675,0.262887640934354,1
578,5000,5,stress,ccmar,0.2558505160746848,cc,0.23339387613270365,0.011681628525263662,0.21049830494241112,0.2562894473229962,1
578,5000,5,stress,ccmar,0.2558505160746848,seq,0.234277780598216,0.011100484145620591,0.21252123146184176,0.2560343297345902,1
579,5000,5,stress,ccmar,0.2558505160746848,full,0.2635351006922924,0.007077609449373052,0.24966324107488086,0.27740696030970396,1
579,5000,5,stress,ccmar,0.2558505160746848,cc,0.26627633491383124,0.02168009464518885,0.2237841302278414,0.3087685395998211,1
579,5000,5,stress,ccmar,0.2558505160746848,seq,0.26134278895203406,0.023777884345265884,0.21473899200675417,0.30794658589731394,1
580,5000,5,stress,ccmar,0.2558505160746848,full,0.2619691341127436,0.006591131356265271,0.249050754037091,0.27488751418839613,1
580,5000,5,stress,ccmar,0.2558505160746848,cc,0.25806684084770276,0.012193502054353525,0.23416801597575468,0.2819656657196508,1
580,5000,5,stress,ccmar,0.2558505160746848,seq,0.25713788903914725,0.012188573339117664,0.23324872427155152,0.281027053806743,1
581,5000,5,stress,ccmar,0.2558505160746848,full,0.24468159420620794,0.006747149255050836,0.23145742466799205,0.2579057637444238,1
581,5000,5,stress,ccmar,0.2558505160746848,cc,0.2940689160124331,0.05846911560293043,0.17947155522278055,0.40866627680208567,1
581,5000,5,stress,ccmar,0.2558505160746848,seq,0.3080804648153283,0.06915824151546597,0.17253280221089223,0.4436281274197644,1
582,5000,5,stress,ccmar,0.2558505160746848,full,0.25479140757233426,0.006344308883844019,0.24235679065320248,0.26722602449146604,1
582,5000,5,stress,ccmar,0.2558505160746848,cc,0.2603824632168471,0.011607651431617723,0.23763188446578157,0.2831330419679126,1
582,5000,5,stress,ccmar,0.2558505160746848,seq,0.25854860064339175,0.011316550648053272,0.23636856894398392,0.28072863234279954,1
583,5000,5,stress,ccmar,0.2558505160746848,full,0.255129714697973,0.006479767984572956,0.24242960282003434,0.2678298265759117,1
583,5000,5,stress,ccmar,0.2558505160746848,cc,0.22476766965918032,0.02587237734702226,0.17405874186458675,0.2754765974537739,1
583,5000,5,stress,ccmar,0.2558505160746848,seq,0.22531754502990198,0.024583331653172877,0.17713510036967964,0.27349998969012435,1
584,5000,5,stress,ccmar,0.2558505160746848,full,0.2547689482397536,0.007026881438215363,0.24099651369721847,0.26854138278228873,1
584,5000,5,stress,ccmar,0.2558505160746848,cc,0.2717474268083273,0.012815276506234005,0.24662994640418637,0.2968649072124683,1
584,5000,5,stress,ccmar,0.2558505160746848,seq,0.27094351727168275,0.01300444692203155,0.24545526966563816,0.2964317648777274,1
585,5000,5,stress,ccmar,0.2558505160746848,full,0.26726933019689514,0.006665448118520508,0.25420529194377467,0.2803333684500156,1
585,5000,5,stress,ccmar,0.2558505160746848,cc,0.26704586813253,0.01298338023093594,0.24159891048230625,0.29249282578275376,1
585,5000,5,stress,ccmar,0.2558505160746848,seq,0.2666231541336284,0.01439038536141325,0.23841851710160603,0.2948277911656508,1
586,5000,5,stress,ccmar,0.2558505160746848,full,0.2521735287600741,0.006872731069074328,0.23870322338925895,0.2656438341308892,1
586,5000,5,stress,ccmar,0.2558505160746848,cc,0.2703655148441271,0.02835713284579753,0.2147865557615461,0.32594447392670806,1
586,5000,5,stress,ccmar,0.2558505160746848,seq,0.2739214893410144,0.03250661090102088,0.21020970271555636,0.3376332759664724,1
587,5000,5,stress,ccmar,0.2558505160746848,full,0.255221716179255,0.006798515375643616,0.2418968708946517,0.26854656146385825,1
587,5000,5,stress,ccmar,0.2558505160746848,cc,0.2045077371919229,0.02376693007717858,0.15792541021757112,0.25109006416627466,0
587,5000,5,stress,ccmar,0.2558505160746848,seq,0.21082607131527883,0.023744966080983827,0.16428679298242535,0.25736534964813235,1
588,5000,5,stress,ccmar,0.2558505160746848,full,0.25734725709727335,0.006400122825686843,0.2448032468622944,0.26989126733225227,1
588,5000,5,stress,ccmar,0.2558505160746848,cc,0.2696926736574454,0.012164998829829833,0.24584971407900705,0.2935356332358838,1
588,5000,5,stress,ccmar,0.2558505160746848,seq,0.2700099556974745,0.012500290364103116,0.2455098367875393,0.2945100746074097,1
589,5000,5,stress,ccmar,0.2558505160746848,full,0.2542139874242351,0.006580670622012464,0.2413161100109699,0.2671118648375003,1
589,5000,5,stress,ccmar,0.2558505160746848,cc,0.24510609925754015,0.013383601606045443,0.21887472212625866,0.27133747638882166,1
589,5000,5,stress,ccmar,0.2558505160746848,seq,0.24991170411903885,0.013622303940406798,0.22321247900938346,0.27661092922869424,1
590,5000,5,stress,ccmar,0.2558505160746848,full,0.2670280418349079,0.006797983647779478,0.2537042387177679,0.2803518449520479,1
590,5000,5,stress,ccmar,0.2558505160746848,cc,0.19312620904045422,0.04962625252854221,0.0958605413968217,0.2903918766840867,1
590,5000,5,stress,ccmar,0.2558505160746848,seq,0.19696870520391793,0.04753005119257554,0.10381151668312483,0.29012589372471104,1
591,5000,5,stress,ccmar,0.2558505160746848,full,0.2593625725899631,0.006966017808394432,0.24570942856984537,0.27301571661008084,1
591,5000,5,stress,ccmar,0.2558505160746848,cc,0.2708145627333063,0.016624103666528826,0.23823191827164952,0.30339720719496305,1
591,5000,5,stress,ccmar,0.2558505160746848,seq,0.2713874897772817,0.015232113241700209,0.24153309641511367,0.3012418831394498,1
592,5000,5,stress,ccmar,0.2558505160746848,full,0.2495099386043223,0.006286561431195828,0.2371885046125799,0.2618313725960647,1
592,5000,5,stress,ccmar,0.2558505160746848,cc,0.26276736997279376,0.013997067478511883,0.2353336218257336,0.29020111811985394,1
592,5000,5,stress,ccmar,0.2558505160746848,seq,0.25693919415629424,0.01400716044045722,0.22948566416732388,0.28439272414526456,1
593,5000,5,stress,ccmar,0.2558505160746848,full,0.24976248769931972,0.006768851413852631,0.23649578271146554,0.2630291926871739,1
593,5000,5,stress,ccmar,0.2558505160746848,cc,0.27635397921512633,0.011352094848158174,0.2541042821636536,0.29860367626659906,1
593,5000,5,stress,ccmar,0.2558505160746848,seq,0.2752914714391898,0.011005461648874486,0.25372116297415903,0.2968617799042206,1
594,5000,5,stress,ccmar,0.2558505160746848,full,0.2483615298030692,0.0070483555922817645,0.23454700669196546,0.26217605291417295,1
594,5000,5,stress,ccmar,0.2558505160746848,cc,0.25206118351241313,0.015918817352915476,0.22086087482422756,0.2832614922005987,1
594,5000,5,stress,ccmar,0.2558505160746848,seq,0.259945351138485,0.018181507612508547,0.2243102510333274,0.2955804512436426,1
595,5000,5,stress,ccmar,0.2558505160746848,full,0.24548550388922705,0.006637781552937462,0.23247569110822527,0.25849531667022885,1
595,5000,5,stress,ccmar,0.2558505160746848,cc,0.24732001268728146,0.011635505450411296,0.22451484106255581,0.2701251843120071,1
595,5000,5,stress,ccmar,0.2558505160746848,seq,0.24643805136603741,0.01147350613537207,0.22395039256430882,0.268925710167766,1
596,5000,5,stress,ccmar,0.2558505160746848,full,0.26200887863634587,0.006615394419289598,0.249042943831011,0.27497481344168073,1
596,5000,5,stress,ccmar,0.2558505160746848,cc,0.22020911887390662,0.011555969273686639,0.19755983529102933,0.24285840245678392,0
596,5000,5,stress,ccmar,0.2558505160746848,seq,0.22024506097326976,0.011310678948787168,0.19807653759295155,0.24241358435358798,0
597,5000,5,stress,ccmar,0.2558505160746848,full,0.2565626967007755,0.007002756420580881,0.24283754632393037,0.27028784707762066,1
597,5000,5,stress,ccmar,0.2558505160746848,cc,0.23108228658749053,0.024119939346978578,0.18380807415812195,0.2783564990168591,1
597,5000,5,stress,ccmar,0.2558505160746848,seq,0.23377018773842748,0.020901311460244397,0.19280437004669418,0.2747360054301608,1
598,5000,5,stress,ccmar,0.2558505160746848,full,0.25974554300572394,0.006607551407589046,0.24679498022085247,0.2726961057905954,1
598,5000,5,stress,ccmar,0.2558505160746848,cc,0.2581662593643289,0.01364477791884899,0.2314229860663375,0.28490953266232033,1
598,5000,5,stress,ccmar,0.2558505160746848,seq,0.2565669636983998,0.013499150560483243,0.23010911477796897,0.28302481261883067,1
599,5000,5,stress,ccmar,0.2558505160746848,full,0.26179261902322853,0.006918016517595222,0.24823355580428869,0.2753516822421684,1
599,5000,5,stress,ccmar,0.2558505160746848,cc,0.18235447039250907,0.03695220351046347,0.1099294823626061,0.254779458422412,0
599,5000,5,stress,ccmar,0.2558505160746848,seq,0.18843729150986674,0.034060689832001514,0.12167956615055414,0.25519501686917934,0
600,5000,5,stress,ccmar,0.2558505160746848,full,0.2484097408963085,0.006865098376987368,0.23495439532708887,0.2618650864655281,1
600,5000,5,stress,ccmar,0.2558505160746848,cc,0.23742213964593403,0.014073548675211215,0.20983849110784866,0.26500578818401943,1
600,5000,5,stress,ccmar,0.2558505160746848,seq,0.2382004918839216,0.013822453972011173,0.21110897992081706,0.2652920038470261,1
601,5000,5,stress,ccmar,0.2558505160746848,full,0.25811551128591476,0.006277707821099051,0.2458114300510952,0.27041959252073433,1
601,5000,5,stress,ccmar,0.2558505160746848,cc,0.25411870952889687,0.010672265223071365,0.23320145405821766,0.27503596499957605,1
601,5000,5,stress,ccmar,0.2558505160746848,seq,0.2509152318764463,0.010930056814060306,0.22949271417191153,0.2723377495809811,1
602,5000,5,stress,ccmar,0.2558505160746848,full,0.2615155401331075,0.006130893979309213,0.249499208740628,0.273531871525587,1
602,5000,5,stress,ccmar,0.2558505160746848,cc,0.25678890468263976,0.010723318308900392,0.23577158700243603,0.27780622236284347,1
602,5000,5,stress,ccmar,0.2558505160746848,seq,0.25875992922108565,0.010683779255928933,0.2378201066606888,0.2796997517814825,1
603,5000,5,stress,ccmar,0.2558505160746848,full,0.2572616312486283,0.006139666170083514,0.2452281066781656,0.2692951558190909,1
603,5000,5,stress,ccmar,0.2558505160746848,cc,0.25286792050437296,0.01189057535397405,0.2295628210551242,0.2761730199536217,1
603,5000,5,stress,ccmar,0.2558505160746848,seq,0.24796438823541256,0.013454327737051462,0.2215943904345934,0.2743343860362317,1
604,5000,5,stress,ccmar,0.2558505160746848,full,0.2520819010077112,0.006808563930824221,0.2387373609168573,0.26542644109856517,1
604,5000,5,stress,ccmar,0.2558505160746848,cc,0.2627527849756937,0.010468586424612025,0.2422347326144092,0.2832708373369782,1
604,5000,5,stress,ccmar,0.2558505160746848,seq,0.257412385280558,0.010831842063013117,0.23618236495082623,0.27864240561028975,1
605,5000,5,stress,ccmar,0.2558505160746848,full,0.2657384981490556,0.006754663061172986,0.2524996018214535,0.2789773944766577,1
605,5000,5,stress,ccmar,0.2558505160746848,cc,0.2625903093295456,0.010310663636415036,0.24238177994546534,0.2827988387136258,1
605,5000,5,stress,ccmar,0.2558505160746848,seq,0.2618203313560435,0.010388369773314404,0.24145950074226274,0.28218116196982423,1
606,5000,5,stress,ccmar,0.2558505160746848,full,0.24771250707583659,0.006257091623956419,0.23544883284491477,0.2599761813067584,1
606,5000,5,stress,ccmar,0.2558505160746848,cc,0.2638234717650129,0.014180058090581416,0.23603106860878753,0.2916158749212383,1
606,5000,5,stress,ccmar,0.2558505160746848,seq,0.26792511561564597,0.013484937548422428,0.24149512368696616,0.29435510754432576,1
607,5000,5,stress,ccmar,0.2558505160746848,full,0.2570631747356879,0.006490672169582238,0.24434169104785025,0.26978465842352556,1
607,5000,5,stress,ccmar,0.2558505160746848,cc,0.2230639354554387,0.0230677491350178,0.17785197794639884,0.26827589296447857,1
607,5000,5,stress,ccmar,0.2558505160746848,seq,0.21621915731411423,0.02753766138957243,0.16224633277209305,0.2701919818561354,1
608,5000,5,stress,ccmar,0.2558505160746848,full,0.2558746226424857,0.0060773428751711,0.24396324948544926,0.26778599579952217,1
608,5000,5,stress,ccmar,0.2558505160746848,cc,0.24884417678477466,0.011818898067126542,0.22567956223625657,0.27200879133329275,1
608,5000,5,stress,ccmar,0.2558505160746848,seq,0.2499431995149017,0.012044139008982092,0.22633712083250287,0.27354927819730057,1
609,5000,5,stress,ccmar,0.2558505160746848,full,0.255936487075857,0.007056127530685397,0.24210673124539206,0.2697662429063219,1
609,5000,5,stress,ccmar,0.2558505160746848,cc,0.2786109559256654,0.013662547489954572,0.25183285490828633,0.3053890569430445,1
609,5000,5,stress,ccmar,0.2558505160746848,seq,0.2772538547868053,0.013741678409624158,0.2503206600168103,0.3041870495568003,1
610,5000,5,stress,ccmar,0.2558505160746848,full,0.25897087588292833,0.00671065346949701,0.24581823676998543,0.27212351499587123,1
610,5000,5,stress,ccmar,0.2558505160746848,cc,0.24702462975934367,0.011188412203218643,0.2250957447968467,0.26895351472184065,1
610,5000,5,stress,ccmar,0.2558505160746848,seq,0.25013198311471535,0.011122153384440314,0.22833296305068207,0.27193100317874863,1
611,5000,5,stress,ccmar,0.2558505160746848,full,0.251369778298827,0.006476223070699437,0.2386766143244087,0.2640629422732453,1
611,5000,5,stress,ccmar,0.2558505160746848,cc,0.2767488698072046,0.02092206757454563,0.23574237087898187,0.3177553687354273,1
611,5000,5,stress,ccmar,0.2558505160746848,seq,0.27833612005213215,0.019660536235194613,0.239802177114406,0.3168700629898583,1
612,5000,5,stress,ccmar,0.2558505160746848,full,0.2575837147448724,0.00628879668692116,0.24525789973241213,0.2699095297573327,1
612,5000,5,stress,ccmar,0.2558505160746848,cc,0.2622682722716599,0.018676142166851272,0.22566370625448154,0.2988728382888382,1
612,5000,5,stress,ccmar,0.2558505160746848,seq,0.2595398339583603,0.01768567114735451,0.22487655546712626,0.2942031124495943,1
613,5000,5,stress,ccmar,0.2558505160746848,full,0.26459719904909035,0.007856159666275179,0.2491994090463948,0.2799949890517859,1
613,5000,5,stress,ccmar,0.2558505160746848,cc,0.31406463299982157,0.014924394230580512,0.2848133578168064,0.34331590818283675,0
613,5000,5,stress,ccmar,0.2558505160746848,seq,0.3201436001970874,0.015201730981557285,0.2903487549705684,0.34993844542360636,0
614,5000,5,stress,ccmar,0.2558505160746848,full,0.24632954044626562,0.006337074318135812,0.23390910301536572,0.2587499778771655,1
614,5000,5,stress,ccmar,0.2558505160746848,cc,0.22579072415084483,0.015025834950324559,0.19634062881056552,0.25524081949112415,0
614,5000,5,stress,ccmar,0.2558505160746848,seq,0.2233920998939383,0.015657204355889746,0.19270454325781072,0.25407965653006587,0
615,5000,5,stress,ccmar,0.2558505160746848,full,0.2471329516646643,0.006794562962088958,0.23381585296828017,0.26045005036104846,1
615,5000,5,stress,ccmar,0.2558505160746848,cc,0.21150072271787984,0.010188117065409891,0.19153238019939856,0.23146906523636113,0
615,5000,5,stress,ccmar,0.2558505160746848,seq,0.2098860082607811,0.010651397572928158,0.18900965263282457,0.23076236388873764,0
616,5000,5,stress,ccmar,0.2558505160746848,full,0.2525750544677744,0.006497314922616813,0.23984055122323078,0.265309557712318,1
616,5000,5,stress,ccmar,0.2558505160746848,cc,0.2677001078523931,0.028977729175598967,0.2109048023144636,0.3244954133903226,1
616,5000,5,stress,ccmar,0.2558505160746848,seq,0.26351521687709445,0.02963153155765713,0.20543848221732441,0.3215919515368645,1
617,5000,5,stress,ccmar,0.2558505160746848,full,0.25520401332335824,0.0068385194745576505,0.24180076144564946,0.268607265201067,1
617,5000,5,stress,ccmar,0.2558505160746848,cc,0.23198911255814528,0.036161270343847376,0.1611143250489881,0.30286390006730246,1
617,5000,5,stress,ccmar,0.2558505160746848,seq,0.2337069507489995,0.034215467454190455,0.16664586682458382,0.3007680346734152,1
618,5000,5,stress,ccmar,0.2558505160746848,full,0.24108865817191144,0.006511912707422792,0.22832554379489406,0.2538517725489288,0
618,5000,5,stress,ccmar,0.2558505160746848,cc,0.22861749551483013,0.01391086749385236,0.20135269623317054,0.2558822947964897,1
618,5000,5,stress,ccmar,0.2558505160746848,seq,0.22814191585800225,0.013476101197749269,0.2017292428583966,0.2545545888576079,0
619,5000,5,stress,ccmar,0.2558505160746848,full,0.24730992786842898,0.006399507863392055,0.23476712293739968,0.2598527327994583,1
619,5000,5,stress,ccmar,0.2558505160746848,cc,0.23645700636945904,0.01346369039684871,0.21006865809263778,0.2628453546462803,1
619,5000,5,stress,ccmar,0.2558505160746848,seq,0.23363695338858048,0.012941532884227593,0.20827201503075363,0.2590018917464073,1
620,5000,5,stress,ccmar,0.2558505160746848,full,0.25934779009570286,0.00679585762767462,0.2460281539013988,0.27266742629000695,1
620,5000,5,stress,ccmar,0.2558505160746848,cc,0.2593696383099928,0.02699960930944329,0.20645137646683162,0.31228790015315405,1
620,5000,5,stress,ccmar,0.2558505160746848,seq,0.2638396545408191,0.02717936019027888,0.21056908744503078,0.3171102216366074,1
621,5000,5,stress,ccmar,0.2558505160746848,full,0.25844749380551424,0.0067204173415375025,0.2452757178550223,0.27161926975600614,1
621,5000,5,stress,ccmar,0.2558505160746848,cc,0.2656247019549718,0.030736270400925712,0.2053827189500729,0.3258666849598707,1
621,5000,5,stress,ccmar,0.2558505160746848,seq,0.2700302955953175,0.03063957869409875,0.20997782485340316,0.3300827663372318,1
622,5000,5,stress,ccmar,0.2558505160746848,full,0.25523351679983336,0.00623810488559278,0.24300705589228816,0.26745997770737856,1
622,5000,5,stress,ccmar,0.2558505160746848,cc,0.2703762168430994,0.01334543183779939,0.24421965108287844,0.2965327826033204,1
622,5000,5,stress,ccmar,0.2558505160746848,seq,0.26561521886404527,0.014193277915741064,0.23779690532662506,0.29343353240146547,1
623,5000,5,stress,ccmar,0.2558505160746848,full,0.249125978725611,0.0071296952437325525,0.2351520328271487,0.26309992462407333,1
623,5000,5,stress,ccmar,0.2558505160746848,cc,0.2438574118548825,0.012828047099231625,0.218714901548405,0.26899992216136,1
623,5000,5,stress,ccmar,0.2558505160746848,seq,0.24490768853433456,0.012624484426066016,0.22016415373585835,0.2696512233328108,1
624,5000,5,stress,ccmar,0.2558505160746848,full,0.2511562236904655,0.006755769095366958,0.2379151595756775,0.26439728780525346,1
624,5000,5,stress,ccmar,0.2558505160746848,cc,0.27156340614133906,0.021465829184810405,0.22949115404082188,0.31363565824185624,1
624,5000,5,stress,ccmar,0.2558505160746848,seq,0.2689448872589182,0.02184192573952141,0.22613549945645783,0.31175427506137854,1
625,5000,5,stress,ccmar,0.2558505160746848,full,0.2511016669254621,0.006619484279661347,0.2381277161410968,0.2640756177098274,1
625,5000,5,stress,ccmar,0.2558505160746848,cc,0.2368561251890595,0.02014708709691395,0.19736856008571652,0.27634369029240247,1
625,5000,5,stress,ccmar,0.2558505160746848,seq,0.24074255373072612,0.018020113644843985,0.2054237799895131,0.2760613274719391,1
626,5000,5,stress,ccmar,0.2558505160746848,full,0.2561586429016816,0.006552130539370944,0.24331670302250957,0.26900058278085365,1
626,5000,5,stress,ccmar,0.2558505160746848,cc,0.2869221594875362,0.02160379151540459,0.2445795061878312,0.3292648127872412,1
626,5000,5,stress,ccmar,0.2558505160746848,seq,0.2903621496594781,0.020254180824988748,0.2506646847061384,0.3300596146128178,1
627,5000,5,stress,ccmar,0.2558505160746848,full,0.2502671945256747,0.006307567806446295,0.23790458879499565,0.26262980025635374,1
627,5000,5,stress,ccmar,0.2558505160746848,cc,0.25160721134402386,0.013397657201073781,0.22534828575270555,0.2778661369353422,1
627,5000,5,stress,ccmar,0.2558505160746848,seq,0.2506178782915862,0.013416649220585296,0.22432172902603165,0.2769140275571408,1
628,5000,5,stress,ccmar,0.2558505160746848,full,0.25394018110925026,0.007039306969208466,0.24014339297347986,0.26773696924502066,1
628,5000,5,stress,ccmar,0.2558505160746848,cc,0.22798890366480923,0.031600399506295486,0.16605325873539278,0.2899245485942257,1
628,5000,5,stress,ccmar,0.2558505160746848,seq,0.22921348442645004,0.029487870189647443,0.17141832087394876,0.2870086479789513,1
629,5000,5,stress,ccmar,0.2558505160746848,full,0.2580142959688692,0.006186856134878989,0.24588828076697572,0.2701403111707627,1
629,5000,5,stress,ccmar,0.2558505160746848,cc,0.27471953077501265,0.011126501674746393,0.2529119882185851,0.2965270733314402,1
629,5000,5,stress,ccmar,0.2558505160746848,seq,0.27479939167287465,0.011023405309949027,0.25319391427838694,0.29640486906736235,1
630,5000,5,stress,ccmar,0.2558505160746848,full,0.25472239983037315,0.006515355403927122,0.24195253789219756,0.26749226176854873,1
630,5000,5,stress,ccmar,0.2558505160746848,cc,0.2734154269590448,0.01201207273469987,0.2498721970193575,0.29695865689873213,1
630,5000,5,stress,ccmar,0.2558505160746848,seq,0.26363138303966416,0.012320015251564542,0.23948459685761347,0.28777816922171484,1
631,5000,5,stress,ccmar,0.2558505160746848,full,0.2474405060243601,0.006788012678697258,0.23413624564751223,0.260744766401208,1
631,5000,5,stress,ccmar,0.2558505160746848,cc,0.2329708045834502,0.01670771946514369,0.20022427616796976,0.26571733299893063,1
631,5000,5,stress,ccmar,0.2558505160746848,seq,0.2374333802259038,0.017243918201501368,0.2036359215986064,0.2712308388532012,1
632,5000,5,stress,ccmar,0.2558505160746848,full,0.2565171641902792,0.0063664217042346885,0.24403920693958508,0.2689951214409733,1
632,5000,5,stress,ccmar,0.2558505160746848,cc,0.2571510373293925,0.012748211332022003,0.23216500225132397,0.282137072407461,1
632,5000,5,stress,ccmar,0.2558505160746848,seq,0.25467731083632245,0.012489191269990063,0.23019894575110986,0.279155675921535,1
633,5000,5,stress,ccmar,0.2558505160746848,full,0.24932022088224184,0.007104755984299271,0.23539515503406985,0.26324528673041386,1
633,5000,5,stress,ccmar,0.2558505160746848,cc,0.23556824956747932,0.02078962350104535,0.19482133625328293,0.27631516288167574,1
633,5000,5,stress,ccmar,0.2558505160746848,seq,0.24063283717645337,0.020237187594695057,0.20096867834247029,0.28029699601043645,1
634,5000,5,stress,ccmar,0.2558505160746848,full,0.2614967233594776,0.006423608145307972,0.24890668274387584,0.27408676397507936,1
634,5000,5,stress,ccmar,0.2558505160746848,cc,0.25773654649995154,0.016462416565020396,0.22547080293401597,0.29000229006588707,1
634,5000,5,stress,ccmar,0.2558505160746848,seq,0.25618709116032473,0.017197037291151414,0.2224815174288757,0.28989266489177373,1
635,5000,5,stress,ccmar,0.2558505160746848,full,0.2622042123579313,0.006504018030724217,0.2494565712629127,0.27495185345294987,1
635,5000,5,stress,ccmar,0.2558505160746848,cc,0.2712868239495036,0.013810345222519966,0.24421904469929967,0.2983546031997075,1
635,5000,5,stress,ccmar,0.2558505160746848,seq,0.2727323202905224,0.013542273228087048,0.24618995249467082,0.29927468808637403,1
636,5000,5,stress,ccmar,0.2558505160746848,full,0.261136933151776,0.006893304716627897,0.24762630417272524,0.27464756213082675,1
636,5000,5,stress,ccmar,0.2558505160746848,cc,0.27415754303522233,0.01041653825481833,0.2537415032121947,0.29457358285824997,1
636,5000,5,stress,ccmar,0.2558505160746848,seq,0.27359089425175165,0.01017434139123618,0.2536495515585136,0.2935322369449897,1
637,5000,5,stress,ccmar,0.2558505160746848,full,0.26047198729618337,0.00702606882544271,0.24670114544541602,0.27424282914695075,1
637,5000,5,stress,ccmar,0.2558505160746848,cc,0.2666791557780008,0.01211239673575066,0.24293929440946896,0.29041901714653257,1
637,5000,5,stress,ccmar,0.2558505160746848,seq,0.26511135806140634,0.011900629722283196,0.24178655241238436,0.2884361637104283,1
638,5000,5,stress,ccmar,0.2558505160746848,full,0.2570497929038561,0.006741515977772544,0.2438366643862206,0.2702629214214916,1
638,5000,5,stress,ccmar,0.2558505160746848,cc,0.21309220041314242,0.01802930317059929,0.177755415532414,0.24842898529387084,0
638,5000,5,stress,ccmar,0.2558505160746848,seq,0.22037618899331102,0.018660332787171347,0.18380260879092325,0.2569497691956988,1
639,5000,5,stress,ccmar,0.2558505160746848,full,0.26818558228467054,0.006578452937815366,0.25529205145256073,0.28107911311678035,1
639,5000,5,stress,ccmar,0.2558505160746848,cc,0.34783494821479627,0.09156655640145404,0.1683677954795908,0.5273021009500017,1
639,5000,5,stress,ccmar,0.2558505160746848,seq,0.37283781722802034,0.11121134493928056,0.15486758647476964,0.5908080479812711,1
640,5000,5,stress,ccmar,0.2558505160746848,full,0.2742093179446439,0.0069089695206014995,0.26066798651398004,0.2877506493753078,0
640,5000,5,stress,ccmar,0.2558505160746848,cc,0.28846447760635674,0.013950505550220153,0.26112198916179913,0.31580696605091435,0
640,5000,5,stress,ccmar,0.2558505160746848,seq,0.28821204114745724,0.014533469095699303,0.2597269651494607,0.3166971171454538,0
641,5000,5,stress,ccmar,0.2558505160746848,full,0.25244663585523397,0.006291935412292838,0.24011466905408782,0.2647786026563801,1
641,5000,5,stress,ccmar,0.2558505160746848,cc,0.24557649112512564,0.018342671215738845,0.20962551616201797,0.2815274660882333,1
641,5000,5,stress,ccmar,0.2558505160746848,seq,0.23626621108640597,0.023112258021966075,0.19096701776195552,0.2815654044108564,1
642,5000,5,stress,ccmar,0.2558505160746848,full,0.25488570959510387,0.0059240632926831766,0.24327475889930908,0.2664966602908987,1
642,5000,5,stress,ccmar,0.2558505160746848,cc,0.2569289820318644,0.01112830378888593,0.23511790739662733,0.27874005666710144,1
642,5000,5,stress,ccmar,0.2558505160746848,seq,0.2552382409239959,0.01067742900094511,0.23431086463465997,0.27616561721333177,1
643,5000,5,stress,ccmar,0.2558505160746848,full,0.2669518686012983,0.006428599071477236,0.2543520459501553,0.27955169125244134,1
643,5000,5,stress,ccmar,0.2558505160746848,cc,0.2985557196930293,0.012289160384175355,0.2744694079398092,0.3226420314462494,0
643,5000,5,stress,ccmar,0.2558505160746848,seq,0.29812985614697335,0.012240538908521174,0.2741388407349106,0.32212087155903607,0
644,5000,5,stress,ccmar,0.2558505160746848,full,0.2572520026941597,0.006396943112229969,0.2447142245830374,0.269789780805282,1
644,5000,5,stress,ccmar,0.2558505160746848,cc,0.2614879887549505,0.01129909052834852,0.23934217826132975,0.28363379924857124,1
644,5000,5,stress,ccmar,0.2558505160746848,seq,0.26189541849106607,0.010834655489725422,0.24065988394630505,0.2831309530358271,1
645,5000,5,stress,ccmar,0.2558505160746848,full,0.2718309762064303,0.0064460526236850895,0.2591969452215576,0.284465007191303,0
645,5000,5,stress,ccmar,0.2558505160746848,cc,0.23695545635242699,0.013750696920947016,0.210004585625045,0.26390632707980893,1
645,5000,5,stress,ccmar,0.2558505160746848,seq,0.24894601853126325,0.0128305072795815,0.22379868635990452,0.274093350702622,1
646,5000,5,stress,ccmar,0.2558505160746848,full,0.2467864334220013,0.006382144303090146,0.23427766044380713,0.2592952064001955,1
646,5000,5,stress,ccmar,0.2558505160746848,cc,0.22759824775350848,0.011266238294281413,0.20551682645547095,0.249679669051546,0
646,5000,5,stress,ccmar,0.2558505160746848,seq,0.23314470874996318,0.011675167780243308,0.21026180038722386,0.2560276171127025,1
647,5000,5,stress,ccmar,0.2558505160746848,full,0.24688272970488087,0.006139022383631398,0.23485046693267808,0.25891499247708366,1
647,5000,5,stress,ccmar,0.2558505160746848,cc,0.24615108426606802,0.010158164606791602,0.226241447487727,0.26606072104440903,1
647,5000,5,stress,ccmar,0.2558505160746848,seq,0.23859922493283603,0.009920585226491975,0.21915523518335162,0.25804321468232044,1
648,5000,5,stress,ccmar,0.2558505160746848,full,0.25664627168990156,0.0068392560378124564,0.24324157617474104,0.2700509672050621,1
648,5000,5,stress,ccmar,0.2558505160746848,cc,0.2459317031483205,0.015858559587053074,0.21484949751101406,0.27701390878562693,1
648,5000,5,stress,ccmar,0.2558505160746848,seq,0.25146683298660816,0.014994513635276591,0.22207812629577128,0.28085553967744503,1
649,5000,5,stress,ccmar,0.2558505160746848,full,0.2621478123858165,0.006446658052203198,0.24951259478285312,0.2747830299887799,1
649,5000,5,stress,ccmar,0.2558505160746848,cc,0.30895361899357743,0.01142298281893931,0.2865649840724366,0.3313422539147183,0
649,5000,5,stress,ccmar,0.2558505160746848,seq,0.30907100751937594,0.011416364573408914,0.28669534412111547,0.3314466709176364,0
650,5000,5,stress,ccmar,0.2558505160746848,full,0.24989351548681765,0.006278704418109114,0.23758748095775128,0.262199550015884,1
650,5000,5,stress,ccmar,0.2558505160746848,cc,0.24899101234717178,0.009804523973450621,0.229774498473649,0.26820752622069455,1
650,5000,5,stress,ccmar,0.2558505160746848,seq,0.2493140781754867,0.00956480320881743,0.2305674083669914,0.268060747983982,1
651,5000,5,stress,ccmar,0.2558505160746848,full,0.2616142665813977,0.00627721233901009,0.24931115647362748,0.2739173766891679,1
651,5000,5,stress,ccmar,0.2558505160746848,cc,0.254889154154474,0.016813953240937183,0.2219344113644966,0.2878438969444514,1
651,5000,5,stress,ccmar,0.2558505160746848,seq,0.25816188737476814,0.015959312516247905,0.22688220962490294,0.28944156512463337,1
652,5000,5,stress,ccmar,0.2558505160746848,full,0.2534246499933502,0.006447958526390832,0.24078688350781619,0.2660624164788842,1
652,5000,5,stress,ccmar,0.2558505160746848,cc,0.24155583234993155,0.015621098235672795,0.2109390424090507,0.2721726222908124,1
652,5000,5,stress,ccmar,0.2558505160746848,seq,0.23458739600100662,0.015718343887785806,0.20378000808433114,0.26539478391768206,1
653,5000,5,stress,ccmar,0.2558505160746848,full,0.24476502027096358,0.006695618889474065,0.23164184839338833,0.2578881921485388,1
653,5000,5,stress,ccmar,0.2558505160746848,cc,0.2226049447087992,0.022586371993969807,0.17833646905919426,0.26687342035840417,1
653,5000,5,stress,ccmar,0.2558505160746848,seq,0.22125230008760308,0.02305987797726456,0.17605576976427617,0.26644883041093,1
654,5000,5,stress,ccmar,0.2558505160746848,full,0.2589842409667634,0.0064466699027738395,0.24634900013710836,0.2716194817964185,1
654,5000,5,stress,ccmar,0.2558505160746848,cc,0.23453417797855763,0.033706108559232166,0.16847141914346533,0.30059693681364996,1
654,5000,5,stress,ccmar,0.2558505160746848,seq,0.23969977757899552,0.03173606334500897,0.17749823641169618,0.30190131874629483,1
655,5000,5,stress,ccmar,0.2558505160746848,full,0.26394440453425105,0.0059674325927705245,0.25224845157225034,0.27564035749625176,1
655,5000,5,stress,ccmar,0.2558505160746848,cc,0.26658124985084464,0.009491360028913902,0.24797852602987033,0.2851839736718189,1
655,5000,5,stress,ccmar,0.2558505160746848,seq,0.2639056639036142,0.009360792615894226,0.24555884750971302,0.2822524802975154,1
656,5000,5,stress,ccmar,0.2558505160746848,full,0.25608168585073315,0.006481108455195757,0.24337894669865145,0.26878442500281485,1
656,5000,5,stress,ccmar,0.2558505160746848,cc,0.26664291963724274,0.024097027211058605,0.21941361416908622,0.31387222510539925,1
656,5000,5,stress,ccmar,0.2558505160746848,seq,0.26811227040701896,0.022674370492615482,0.22367132086937488,0.312553219944663,1
657,5000,5,stress,ccmar,0.2558505160746848,full,0.254363832913935,0.006444743098052391,0.24173236855213923,0.2669952972757308,1
657,5000,5,stress,ccmar,0.2558505160746848,cc,0.2799599046077417,0.01512897434829157,0.25030765976205993,0.3096121494534235,1
657,5000,5,stress,ccmar,0.2558505160746848,seq,0.27971127895304443,0.014991068307130054,0.2503293249812897,0.3090932329247992,1
658,5000,5,stress,ccmar,0.2558505160746848,full,0.2611945556794669,0.006247298531903369,0.24895007555626636,0.2734390358026675,1
658,5000,5,stress,ccmar,0.2558505160746848,cc,0.23934289337185766,0.01606369059356307,0.20785863834967921,0.2708271483940361,1
658,5000,5,stress,ccmar,0.2558505160746848,seq,0.24200767165782905,0.016613440324379756,0.20944592696273928,0.2745694163529188,1
659,5000,5,stress,ccmar,0.2558505160746848,full,0.2532982874384254,0.00656020876444858,0.2404405145290422,0.26615606034780864,1
659,5000,5,stress,ccmar,0.2558505160746848,cc,0.24303613527980789,0.011457852461325543,0.22057915711543621,0.2654931134441796,1
659,5000,5,stress,ccmar,0.2558505160746848,seq,0.24927930812285462,0.01142017899866995,0.22689616858846082,0.2716624476572484,1
660,5000,5,stress,ccmar,0.2558505160746848,full,0.26696557878500954,0.006602511720816342,0.2540248936047059,0.27990626396531315,1
660,5000,5,stress,ccmar,0.2558505160746848,cc,0.25952703939136645,0.011092022146564278,0.2377870754683798,0.2812670033143531,1
660,5000,5,stress,ccmar,0.2558505160746848,seq,0.2583456718064837,0.010876865847465294,0.237027406480778,0.2796639371321894,1
661,5000,5,stress,ccmar,0.2558505160746848,full,0.24752944085472645,0.006429067539092477,0.23492870002392963,0.26013018168552327,1
661,5000,5,stress,ccmar,0.2558505160746848,cc,0.23782049615625447,0.011998359114443009,0.2143041444183683,0.2613368478941407,1
661,5000,5,stress,ccmar,0.2558505160746848,seq,0.2448282162370241,0.011969231136412574,0.22136895428702005,0.2682874781870282,1
662,5000,5,stress,ccmar,0.2558505160746848,full,0.25169075213889325,0.00661090406748314,0.23873361826137696,0.26464788601640954,1
662,5000,5,stress,ccmar,0.2558505160746848,cc,0.2523009004236073,0.014526505904786212,0.2238294720290179,0.2807723288181967,1
662,5000,5,stress,ccmar,0.2558505160746848,seq,0.2560017623300795,0.015389203894575786,0.2258394769459674,0.28616404771419157,1
663,5000,5,stress,ccmar,0.2558505160746848,full,0.24910761764636596,0.00617358302051542,0.23700761727058775,0.2612076180221442,1
663,5000,5,stress,ccmar,0.2558505160746848,cc,0.23760225583481598,0.01134389472118811,0.21536863073687323,0.2598358809327587,1
663,5000,5,stress,ccmar,0.2558505160746848,seq,0.240376938749889,0.010760771284913847,0.21928621458558506,0.26146766291419293,1
664,5000,5,stress,ccmar,0.2558505160746848,full,0.2638151754791675,0.0065206129238685505,0.25103500899125875,0.27659534196707625,1
664,5000,5,stress,ccmar,0.2558505160746848,cc,0.24766878381575366,0.017469631724870812,0.21342893481182854,0.2819086328196788,1
664,5000,5,stress,ccmar,0.2558505160746848,seq,0.24485585130596496,0.017174305572835953,0.21119483092372096,0.278516871688209,1
665,5000,5,stress,ccmar,0.2558505160746848,full,0.2697547227202885,0.006335089938179625,0.25733817460263436,0.28217127083794263,0
665,5000,5,stress,ccmar,0.2558505160746848,cc,0.28080252712034687,0.013760158198204324,0.25383311263029285,0.3077719416104009,1
665,5000,5,stress,ccmar,0.2558505160746848,seq,0.2826382100038624,0.013800478486100012,0.2555897692016865,0.3096866508060383,1
666,5000,5,stress,ccmar,0.2558505160746848,full,0.24316817962549803,0.006650324551741794,0.23013378301858164,0.25620257623241444,1
666,5000,5,stress,ccmar,0.2558505160746848,cc,0.2222493797751534,0.012483773159641847,0.19778163399108759,0.24671712555921924,0
666,5000,5,stress,ccmar,0.2558505160746848,seq,0.223473796419268,0.012541709829729044,0.19889249684844712,0.2480550959900889,0
667,5000,5,stress,ccmar,0.2558505160746848,full,0.2544801216767355,0.006406122155630027,0.24192435297113657,0.26703589038233444,1
667,5000,5,stress,ccmar,0.2558505160746848,cc,0.22431022128160777,0.009961499259881993,0.20478604150021665,0.2438344010629989,0
667,5000,5,stress,ccmar,0.2558505160746848,seq,0.22412682188934882,0.009878256715910335,0.20476579449612364,0.243487849282574,0
668,5000,5,stress,ccmar,0.2558505160746848,full,0.2539624663559205,0.006630115717807954,0.240967678335684,0.266957254376157,1
668,5000,5,stress,ccmar,0.2558505160746848,cc,0.2347957982914684,0.011022933071968694,0.2131912464664143,0.2564003501165225,1
668,5000,5,stress,ccmar,0.2558505160746848,seq,0.22987525454907323,0.010975714748683769,0.20836324893706795,0.2513872601610785,0
669,5000,5,stress,ccmar,0.2558505160746848,full,0.25581056701399485,0.006487914316099137,0.2430944886196587,0.268526645408331,1
669,5000,5,stress,ccmar,0.2558505160746848,cc,0.2517151581587508,0.01856170892090997,0.21533487718225142,0.28809543913525015,1
669,5000,5,stress,ccmar,0.2558505160746848,seq,0.24151599599523474,0.020017081131057532,0.2022832379027457,0.2807487540877238,1
670,5000,5,stress,ccmar,0.2558505160746848,full,0.2644052751728989,0.006485808487096136,0.2516933241275663,0.27711722621823154,1
670,5000,5,stress,ccmar,0.2558505160746848,cc,0.2420531690978696,0.014070359040706772,0.2144757721285368,0.2696305660672024,1
670,5000,5,stress,ccmar,0.2558505160746848,seq,0.24325861353868933,0.014816717324424576,0.21421838121370648,0.27229884586367215,1
671,5000,5,stress,ccmar,0.2558505160746848,full,0.2610615152903394,0.007041773643480433,0.24725989256183434,0.27486313801884443,1
671,5000,5,stress,ccmar,0.2558505160746848,cc,0.23640860911853656,0.022122199388619552,0.19304989505802822,0.2797673231790449,1
671,5000,5,stress,ccmar,0.2558505160746848,seq,0.23164853434990376,0.023834969306615213,0.18493285293632034,0.2783642157634872,1
672,5000,5,stress,ccmar,0.2558505160746848,full,0.26233755064977704,0.006382840460590655,0.24982741322795432,0.27484768807159976,1
672,5000,5,stress,ccmar,0.2558505160746848,cc,0.27174884677899647,0.01474754309297247,0.242844193456318,0.30065350010167496,1
672,5000,5,stress,ccmar,0.2558505160746848,seq,0.2518199112886676,0.01796338116255951,0.2166123311694857,0.2870274914078495,1
673,5000,5,stress,ccmar,0.2558505160746848,full,0.261411870033768,0.006633809394436842,0.2484098425403683,0.27441389752716766,1
673,5000,5,stress,ccmar,0.2558505160746848,cc,0.27190329404918145,0.015828715954434316,0.24087958085697564,0.30292700724138727,1
673,5000,5,stress,ccmar,0.2558505160746848,seq,0.2693930283208016,0.018508919181306874,0.2331162133326775,0.30566984330892566,1
674,5000,5,stress,ccmar,0.2558505160746848,full,0.259577946551138,0.007191276351366162,0.2454833038995857,0.2736725892026903,1
674,5000,5,stress,ccmar,0.2558505160746848,cc,0.29018915350727587,0.030261289146530146,0.23087811665432395,0.3495001903602278,1
674,5000,5,stress,ccmar,0.2558505160746848,seq,0.2933411316766723,0.03133570216077261,0.23192428401128404,0.35475797934206055,1
675,5000,5,stress,ccmar,0.2558505160746848,full,0.2417351978506183,0.006660753452625476,0.22868036097357156,0.25479003472766504,0
675,5000,5,stress,ccmar,0.2558505160746848,cc,0.24124273866263485,0.011153404906234458,0.21938246674142298,0.2631030105838467,1
675,5000,5,stress,ccmar,0.2558505160746848,seq,0.23931502184228343,0.011343635668732543,0.21708190447782372,0.26154813920674314,1
676,5000,5,stress,ccmar,0.2558505160746848,full,0.25451680685813444,0.006502035115757435,0.24177305220503514,0.26726056151123373,1
676,5000,5,stress,ccmar,0.2558505160746848,cc,0.2590662900132869,0.01031097785027002,0.23885714478136744,0.27927543524520637,1
676,5000,5,stress,ccmar,0.2558505160746848,seq,0.253019604388972,0.009891559677335137,0.23363250367046648,0.2724067051074775,1
677,5000,5,stress,ccmar,0.2558505160746848,full,0.2638999218278946,0.006489054134027748,0.2511816094314695,0.27661823422431975,1
677,5000,5,stress,ccmar,0.2558505160746848,cc,0.23562084516039108,0.015007868323133182,0.20620596376233052,0.26503572655845165,1
677,5000,5,stress,ccmar,0.2558505160746848,seq,0.23257462809042959,0.016416438644845897,0.2003989995921201,0.2647502565887391,1
678,5000,5,stress,ccmar,0.2558505160746848,full,0.23904954999129582,0.0064915029892663265,0.2263264379267997,0.2517726620557919,0
678,5000,5,stress,ccmar,0.2558505160746848,cc,0.23385295062371242,0.014159655840001716,0.2061005351438268,0.261605366103598,1
678,5000,5,stress,ccmar,0.2558505160746848,seq,0.23092159864098016,0.013914556949979682,0.2036495681581885,0.25819362912377186,1
679,5000,5,stress,ccmar,0.2558505160746848,full,0.2575782914644183,0.006599605488814188,0.24464330239416962,0.27051328053466694,1
679,5000,5,stress,ccmar,0.2558505160746848,cc,0.2784463086649411,0.01770107986068132,0.2437528296505384,0.31313978767934375,1
679,5000,5,stress,ccmar,0.2558505160746848,seq,0.279527511326631,0.017548255942336718,0.24513356168816006,0.313921460965102,1
680,5000,5,stress,ccmar,0.2558505160746848,full,0.27503436182464763,0.008836998008558456,0.2577141639964209,0.2923545596528744,0
680,5000,5,stress,ccmar,0.2558505160746848,cc,0.2671340773551447,0.012532682846638665,0.24257047034607002,0.29169768436421945,1
680,5000,5,stress,ccmar,0.2558505160746848,seq,0.26908902059229806,0.01231445055698021,0.24495314101121762,0.2932249001733785,1
681,5000,5,stress,ccmar,0.2558505160746848,full,0.2507250364982874,0.006663728613172014,0.23766436841372124,0.2637857045828536,1
681,5000,5,stress,ccmar,0.2558505160746848,cc,0.25009391999952163,0.01417803476775836,0.22230548248315854,0.27788235751588475,1
681,5000,5,stress,ccmar,0.2558505160746848,seq,0.2534969491945142,0.014720454250687326,0.2246453890270975,0.2823485093619309,1
682,5000,5,stress,ccmar,0.2558505160746848,full,0.26212613522000566,0.006245016381908615,0.24988612802860213,0.27436614241140916,1
682,5000,5,stress,ccmar,0.2558505160746848,cc,0.25615857332401715,0.014415343245646962,0.22790501973776636,0.2844121269102679,1
682,5000,5,stress,ccmar,0.2558505160746848,seq,0.2574525154668705,0.014999732216737649,0.22805358054431954,0.2868514503894214,1
683,5000,5,stress,ccmar,0.2558505160746848,full,0.24689992136257127,0.006216179624451834,0.23471643317721397,0.2590834095479286,1
683,5000,5,stress,ccmar,0.2558505160746848,cc,0.26099100148993176,0.01527061037737562,0.23106115512833195,0.2909208478515316,1
683,5000,5,stress,ccmar,0.2558505160746848,seq,0.2530496765083317,0.01588264487284371,0.2219202645783183,0.2841790884383451,1
684,5000,5,stress,ccmar,0.2558505160746848,full,0.24767595236809248,0.0067076541530664,0.2345291918073318,0.2608227129288531,1
684,5000,5,stress,ccmar,0.2558505160746848,cc,0.22994548923511401,0.015164843509410443,0.20022294212548356,0.2596680363447445,1
684,5000,5,stress,ccmar,0.2558505160746848,seq,0.22160429717579985,0.015208317666490924,0.1917965422840334,0.2514120520675663,0
685,5000,5,stress,ccmar,0.2558505160746848,full,0.25885278789173743,0.00629736739552368,0.24651017459909422,0.2711954011843806,1
685,5000,5,stress,ccmar,0.2558505160746848,cc,0.2648698773517095,0.009413588839940748,0.24641958226015748,0.2833201724432616,1
685,5000,5,stress,ccmar,0.2558505160746848,seq,0.2583364180107116,0.00902768014274896,0.24064249006697624,0.276030345954447,1
686,5000,5,stress,ccmar,0.2558505160746848,full,0.25094913924832934,0.007118497180422728,0.23699714115065088,0.26490113734600784,1
686,5000,5,stress,ccmar,0.2558505160746848,cc,0.25663788682376804,0.012853768747751534,0.2314449630125685,0.28183081063496757,1
686,5000,5,stress,ccmar,0.2558505160746848,seq,0.25210625059440855,0.013566031607220422,0.2255173172311245,0.2786951839576926,1
687,5000,5,stress,ccmar,0.2558505160746848,full,0.2579432974968714,0.0066282533548283565,0.24495215964100103,0.27093443535274175,1
687,5000,5,stress,ccmar,0.2558505160746848,cc,0.29461632591937287,0.014346685816121264,0.26649733842226353,0.3227353134164822,0
687,5000,5,stress,ccmar,0.2558505160746848,seq,0.28485127893297063,0.01422697617678301,0.25696691801756655,0.3127356398483747,0
688,5000,5,stress,ccmar,0.2558505160746848,full,0.24392843689293073,0.0070468970252952024,0.23011677252058968,0.25774010126527175,1
688,5000,5,stress,ccmar,0.2558505160746848,cc,0.2665836431161592,0.01076623356089501,0.24548221308765855,0.2876850731446598,1
688,5000,5,stress,ccmar,0.2558505160746848,seq,0.2657742041654011,0.010595285007779471,0.24500782714421615,0.28654058118658604,1
689,5000,5,stress,ccmar,0.2558505160746848,full,0.23843846289317638,0.00673310232600339,0.22524182482998686,0.2516351009563659,0
689,5000,5,stress,ccmar,0.2558505160746848,cc,0.2579966332381563,0.01387796145002649,0.23079632861726912,0.2851969378590435,1
689,5000,5,stress,ccmar,0.2558505160746848,seq,0.2504105417014391,0.014710135282882862,0.22157920633927677,0.27924187706360143,1
690,5000,5,stress,ccmar,0.2558505160746848,full,0.2559197410503578,0.006827979885503865,0.24253714638760632,0.2693023357131093,1
690,5000,5,stress,ccmar,0.2558505160746848,cc,0.26555688307363373,0.013003207144500624,0.2400710653868986,0.29104270076036887,1
690,5000,5,stress,ccmar,0.2558505160746848,seq,0.2719438510314346,0.01272487305745165,0.24700355813098526,0.2968841439318839,1
691,5000,5,stress,ccmar,0.2558505160746848,full,0.2595501689290665,0.006509380214995376,0.246792018145998,0.27230831971213504,1
691,5000,5,stress,ccmar,0.2558505160746848,cc,0.2668454743190395,0.011358726275443525,0.24458277990892138,0.28910816872915757,1
691,5000,5,stress,ccmar,0.2558505160746848,seq,0.26864303136966156,0.011533071891206247,0.24603862583178607,0.29124743690753707,1
692,5000,5,stress,ccmar,0.2558505160746848,full,0.25337034410177606,0.006745368556321659,0.24014966466893667,0.26659102353461545,1
692,5000,5,stress,ccmar,0.2558505160746848,cc,0.2661492530360933,0.012751372743189398,0.2411570217059964,0.29114148436619025,1
692,5000,5,stress,ccmar,0.2558505160746848,seq,0.26371764256370317,0.013527348469880619,0.23720452675641415,0.2902307583709922,1
693,5000,5,stress,ccmar,0.2558505160746848,full,0.24828688488480047,0.006096224407676448,0.2363385046040806,0.2602352651655203,1
693,5000,5,stress,ccmar,0.2558505160746848,cc,0.23223221302759675,0.011768130031538138,0.2091671020003978,0.2552973240547957,0
693,5000,5,stress,ccmar,0.2558505160746848,seq,0.23384646877935164,0.012223064472998816,0.2098897026315629,0.25780323492714036,1
694,5000,5,stress,ccmar,0.2558505160746848,full,0.2430982113556067,0.006688744739174726,0.22998851256504246,0.2562079101461709,1
694,5000,5,stress,ccmar,0.2558505160746848,cc,0.2731798496865063,0.015030896562290239,0.24371983376907055,0.3026398656039421,1
694,5000,5,stress,ccmar,0.2558505160746848,seq,0.2666741218636523,0.015290922728227643,0.23670446402594117,0.2966437797013634,1
695,5000,5,stress,ccmar,0.2558505160746848,full,0.25224434995006684,0.006261530987078481,0.23997197472731147,0.2645167251728222,1
695,5000,5,stress,ccmar,0.2558505160746848,cc,0.2732182737467124,0.011568459805161656,0.25054450917199633,0.2958920383214285,1
695,5000,5,stress,ccmar,0.2558505160746848,seq,0.27096240478418465,0.01188817100350472,0.247662017775262,0.2942627917931073,1
696,5000,5,stress,ccmar,0.2558505160746848,full,0.2651255745334105,0.006498903313008659,0.25238795810090553,0.2778631909659155,1
696,5000,5,stress,ccmar,0.2558505160746848,cc,0.31298313435473624,0.027556585509303313,0.2589732192196034,0.36699304948986905,0
696,5000,5,stress,ccmar,0.2558505160746848,seq,0.3134832096145254,0.026780978608233363,0.2609934560716504,0.3659729631574004,0
697,5000,5,stress,ccmar,0.2558505160746848,full,0.2644295655915674,0.007098291492398512,0.25051716991469924,0.2783419612684355,1
697,5000,5,stress,ccmar,0.2558505160746848,cc,0.23909479703979042,0.010766476032715135,0.21799289177525508,0.2601967023043258,1
697,5000,5,stress,ccmar,0.2558505160746848,seq,0.24213926031789537,0.01011658035687233,0.22231112717172025,0.2619673934640705,1
698,5000,5,stress,ccmar,0.2558505160746848,full,0.25315236539360086,0.006962118746637133,0.23950686339410093,0.2667978673931008,1
698,5000,5,stress,ccmar,0.2558505160746848,cc,0.24772215778747378,0.01189063013948154,0.2244169509606035,0.27102736461434407,1
698,5000,5,stress,ccmar,0.2558505160746848,seq,0.2552312733279151,0.011556871200057372,0.23258022200183448,0.27788232465399576,1
699,5000,5,stress,ccmar,0.2558505160746848,full,0.2556669276704768,0.006551257145310135,0.2428266996122082,0.26850715572874534,1
699,5000,5,stress,ccmar,0.2558505160746848,cc,0.25875556232849956,0.014917146855131593,0.2295184917403467,0.2879926329166524,1
699,5000,5,stress,ccmar,0.2558505160746848,seq,0.26141374850998256,0.014621191108632166,0.23275674052598624,0.29007075649397884,1
700,5000,5,stress,ccmar,0.2558505160746848,full,0.25562189944455577,0.006398909676035257,0.2430802669392018,0.2681635319499097,1
700,5000,5,stress,ccmar,0.2558505160746848,cc,0.2500666097454252,0.01203613094643663,0.22647622657720143,0.273656992913649,1
700,5000,5,stress,ccmar,0.2558505160746848,seq,0.24496717082795186,0.012817470256248525,0.21984539075279136,0.27008895090311236,1
701,5000,5,stress,ccmar,0.2558505160746848,full,0.2638951688205312,0.006534933585092153,0.2510869343523894,0.27670340328867304,1
701,5000,5,stress,ccmar,0.2558505160746848,cc,0.25656718893891617,0.0118887992334832,0.2332655706218617,0.27986880725597063,1
701,5000,5,stress,ccmar,0.2558505160746848,seq,0.2546434619166044,0.01184449579648922,0.23142867674044948,0.27785824709275936,1
702,5000,5,stress,ccmar,0.2558505160746848,full,0.2544856457714396,0.006468016862065327,0.2418085656703938,0.2671627258724854,1
702,5000,5,stress,ccmar,0.2558505160746848,cc,0.2661370971520872,0.00861181121574822,0.24925825732756263,0.2830159369766118,1
702,5000,5,stress,ccmar,0.2558505160746848,seq,0.26189564049349057,0.009165462820891344,0.24393166346290265,0.2798596175240785,1
703,5000,5,stress,ccmar,0.2558505160746848,full,0.2553376339782089,0.006810020796354101,0.2419902384833861,0.26868502947303174,1
703,5000,5,stress,ccmar,0.2558505160746848,cc,0.26712916903619127,0.02015539727986385,0.22762531627356156,0.306633021798821,1
703,5000,5,stress,ccmar,0.2558505160746848,seq,0.26404965922247836,0.019921680403187075,0.22500388312071432,0.30309543532424243,1
704,5000,5,stress,ccmar,0.2558505160746848,full,0.2654489679674434,0.006295322493029637,0.2531103626100404,0.2777875733248464,1
704,5000,5,stress,ccmar,0.2558505160746848,cc,0.2950728494267254,0.03559332827045864,0.22531120792671513,0.3648344909267357,1
704,5000,5,stress,ccmar,0.2558505160746848,seq,0.2948827974689638,0.036011517737715736,0.22430151967441564,0.36546407526351193,1
705,5000,5,stress,ccmar,0.2558505160746848,full,0.24901629424034036,0.006781599143273639,0.23572460416193633,0.26230798431874436,1
705,5000,5,stress,ccmar,0.2558505160746848,cc,0.25505185393767904,0.015683283315170507,0.22431318348060691,0.28579052439475117,1
705,5000,5,stress,ccmar,0.2558505160746848,seq,0.25120151277337655,0.01581086906447828,0.2202127788427206,0.2821902467040325,1
706,5000,5,stress,ccmar,0.2558505160746848,full,0.26570266646620655,0.006362067240095503,0.25323324380839723,0.27817208912401586,1
706,5000,5,stress,ccmar,0.2558505160746848,cc,0.24150802772349952,0.012411218840107036,0.21718248579264476,0.2658335696543543,1
706,5000,5,stress,ccmar,0.2558505160746848,seq,0.24389277352545977,0.011739338461368695,0.22088409293885128,0.2669014541120683,1
707,5000,5,stress,ccmar,0.2558505160746848,full,0.2574702974256287,0.006411552837125459,0.2449038847798872,0.2700367100713702,1
707,5000,5,stress,ccmar,0.2558505160746848,cc,0.2563928912075621,0.01992954182213365,0.21733170700779536,0.2954540754073288,1
707,5000,5,stress,ccmar,0.2558505160746848,seq,0.25919377331077376,0.01992583969957095,0.22013984513789628,0.2982477014836512,1
708,5000,5,stress,ccmar,0.2558505160746848,full,0.25406051665937696,0.006328870554608485,0.2416561583095283,0.2664648750092256,1
708,5000,5,stress,ccmar,0.2558505160746848,cc,0.24863533247827974,0.015097286684837835,0.21904519431172148,0.278225470644838,1
708,5000,5,stress,ccmar,0.2558505160746848,seq,0.24993258450696632,0.014825433303997331,0.2208752691759309,0.27898989983800176,1
709,5000,5,stress,ccmar,0.2558505160746848,full,0.25972821552185504,0.007285852098530526,0.24544820781204965,0.27400822323166046,1
709,5000,5,stress,ccmar,0.2558505160746848,cc,0.2735352857176998,0.012844272429582642,0.24836097434809706,0.29870959708730255,1
709,5000,5,stress,ccmar,0.2558505160746848,seq,0.27504989437721267,0.013449080984467503,0.24869018002249388,0.30140960873193146,1
710,5000,5,stress,ccmar,0.2558505160746848,full,0.2539808531958126,0.006255370762084263,0.24172055179218258,0.26624115459944264,1
710,5000,5,stress,ccmar,0.2558505160746848,cc,0.24089795429900013,0.01209768988669341,0.2171869178249466,0.26460899077305367,1
710,5000,5,stress,ccmar,0.2558505160746848,seq,0.24185275162889897,0.01211905199649178,0.21809984618900685,0.2656056570687911,1
711,5000,5,stress,ccmar,0.2558505160746848,full,0.274265540081782,0.007396721932760233,0.25976823148991446,0.28876284867364954,0
711,5000,5,stress,ccmar,0.2558505160746848,cc,0.2438891923919802,0.014898258376816938,0.21468914254104685,0.2730892422429136,1
711,5000,5,stress,ccmar,0.2558505160746848,seq,0.24860567758128396,0.013956452686341256,0.22125153296411781,0.2759598221984501,1
712,5000,5,stress,ccmar,0.2558505160746848,full,0.2611015829932899,0.006689122053668214,0.2479911446799076,0.2742120213066722,1
712,5000,5,stress,ccmar,0.2558505160746848,cc,0.26056415659756926,0.0172159603332606,0.2268214943851083,0.29430681881003024,1
712,5000,5,stress,ccmar,0.2558505160746848,seq,0.25861228622459564,0.017137786319489777,0.22502284226365243,0.29220173018553885,1
713,5000,5,stress,ccmar,0.2558505160746848,full,0.2508058785898367,0.0063393838049278645,0.23838091464800162,0.26323084253167184,1
713,5000,5,stress,ccmar,0.2558505160746848,cc,0.24360817439334032,0.010819502025590856,0.22240234009252408,0.26481400869415656,1
713,5000,5,stress,ccmar,0.2558505160746848,seq,0.24127981447939395,0.01052652223348315,0.22064821001930685,0.26191141893948106,1
714,5000,5,stress,ccmar,0.2558505160746848,full,0.2643533361106248,0.006487832599167083,0.2516374178785324,0.2770692543427172,1
714,5000,5,stress,ccmar,0.2558505160746848,cc,0.27323318402156027,0.012509379676377311,0.24871525038692344,0.2977511176561971,1
714,5000,5,stress,ccmar,0.2558505160746848,seq,0.26941292438293546,0.012718717377743285,0.2444846963930149,0.294341152372856,1
715,5000,5,stress,ccmar,0.2558505160746848,full,0.2694948169520065,0.006580023234944701,0.25659820839407815,0.28239142550993485,0
715,5000,5,stress,ccmar,0.2558505160746848,cc,0.30815451046364134,0.01644087872780159,0.27593098028295954,0.34037804064432314,0
715,5000,5,stress,ccmar,0.2558505160746848,seq,0.3062388121304094,0.016650004666281668,0.27360540264207345,0.3388722216187453,0
716,5000,5,stress,ccmar,0.2558505160746848,full,0.2588338536696556,0.006162920182343812,0.24675475207266673,0.2709129552666445,1
716,5000,5,stress,ccmar,0.2558505160746848,cc,0.3023905395266123,0.00994493326043736,0.2828988285075006,0.32188225054572406,0
716,5000,5,stress,ccmar,0.2558505160746848,seq,0.29969796577426094,0.01008024029645707,0.27994105783769574,0.31945487371082615,0
717,5000,5,stress,ccmar,0.2558505160746848,full,0.2604433509479026,0.0063935379449116345,0.24791224684208557,0.27297445505371964,1
717,5000,5,stress,ccmar,0.2558505160746848,cc,0.2744906825710299,0.01359894198615524,0.247837246050316,0.30114411909174377,1
717,5000,5,stress,ccmar,0.2558505160746848,seq,0.27529141472791807,0.013386454172493423,0.24905444666913504,0.30152838278670113,1
718,5000,5,stress,ccmar,0.2558505160746848,full,0.24394029173650902,0.006522925360988236,0.23115559295512916,0.2567249905178889,1
718,5000,5,stress,ccmar,0.2558505160746848,cc,0.3085478514293035,0.012455912134298723,0.28413471225148257,0.3329609906071245,0
718,5000,5,stress,ccmar,0.2558505160746848,seq,0.31198568159882195,0.012631090550446799,0.287229199034482,0.3367421641631619,0
719,5000,5,stress,ccmar,0.2558505160746848,full,0.2612037426245422,0.0070041056950953945,0.24747594771824336,0.27493153753084104,1
719,5000,5,stress,ccmar,0.2558505160746848,cc,0.23607957541680116,0.011372581374300554,0.21378972551192105,0.2583694253216813,1
719,5000,5,stress,ccmar,0.2558505160746848,seq,0.23090926465481992,0.011283502386416502,0.20879400635797182,0.253024522951668,0
720,5000,5,stress,ccmar,0.2558505160746848,full,0.25506910337074384,0.006888519009174045,0.24156785420594318,0.2685703525355445,1
720,5000,5,stress,ccmar,0.2558505160746848,cc,0.29894991729348686,0.013659190857776355,0.27217839515428643,0.3257214394326873,0
720,5000,5,stress,ccmar,0.2558505160746848,seq,0.2968598013952977,0.013437803507579614,0.2705221904891157,0.32319741230147975,0
721,5000,5,stress,ccmar,0.2558505160746848,full,0.2642800137573998,0.006464613619094082,0.25160960389000825,0.27695042362479133,1
721,5000,5,stress,ccmar,0.2558505160746848,cc,0.27788599145325316,0.012882635893571456,0.25263648907591013,0.3031354938305962,1
721,5000,5,stress,ccmar,0.2558505160746848,seq,0.2790848006088066,0.01272525006785161,0.25414376878155154,0.3040258324360616,1
722,5000,5,stress,ccmar,0.2558505160746848,full,0.2491579774366126,0.006640567372123769,0.23614270455033823,0.26217325032288696,1
722,5000,5,stress,ccmar,0.2558505160746848,cc,0.2546916644286669,0.010342874845713702,0.2344200022344628,0.27496332662287104,1
722,5000,5,stress,ccmar,0.2558505160746848,seq,0.2523233057227739,0.010244865305117819,0.23224373869827902,0.27240287274726876,1
723,5000,5,stress,ccmar,0.2558505160746848,full,0.2562185550613449,0.006625903560917411,0.24323202271691108,0.2692050874057787,1
723,5000,5,stress,ccmar,0.2558505160746848,cc,0.2857778235837444,0.015200985274878762,0.25598443991545833,0.3155712072520304,0
723,5000,5,stress,ccmar,0.2558505160746848,seq,0.2838699731913921,0.014371569521655405,0.255702214527634,0.31203773185515027,1
724,5000,5,stress,ccmar,0.2558505160746848,full,0.27113975168523774,0.006389431407929077,0.2586166962440077,0.2836628071264678,0
724,5000,5,stress,ccmar,0.2558505160746848,cc,0.2796206419724206,0.013494003011786092,0.25317288206204486,0.3060684018827963,1
724,5000,5,stress,ccmar,0.2558505160746848,seq,0.2815013881575851,0.014223985116761389,0.253622889612099,0.30937988670307115,1
725,5000,5,stress,ccmar,0.2558505160746848,full,0.253428752469411,0.006749867990795303,0.24019925430705247,0.2666582506317695,1
725,5000,5,stress,ccmar,0.2558505160746848,cc,0.2725958947825143,0.01137138190507686,0.2503083957941132,0.2948833937709154,1
725,5000,5,stress,ccmar,0.2558505160746848,seq,0.265618602312047,0.011418020433207379,0.24323969348821808,0.28799751113587585,1
726,5000,5,stress,ccmar,0.2558505160746848,full,0.2459612475938201,0.006479698834413279,0.2332612712477039,0.2586612239399363,1
726,5000,5,stress,ccmar,0.2558505160746848,cc,0.25061352274157256,0.014840145916679088,0.2215273712195624,0.2796996742635827,1
726,5000,5,stress,ccmar,0.2558505160746848,seq,0.25303214950018,0.015500575026124582,0.2226515807093148,0.2834127182910452,1
727,5000,5,stress,ccmar,0.2558505160746848,full,0.25013722328377064,0.006315715799424044,0.23775864778030892,0.26251579878723236,1
727,5000,5,stress,ccmar,0.2558505160746848,cc,0.25508765634446257,0.01202794820008433,0.23151331106438391,0.27866200162454124,1
727,5000,5,stress,ccmar,0.2558505160746848,seq,0.252680326981969,0.011510339540473377,0.23012047603281388,0.27524017793112415,1
728,5000,5,stress,ccmar,0.2558505160746848,full,0.2582936658405859,0.006594569153457267,0.24536854780625084,0.27121878387492093,1
728,5000,5,stress,ccmar,0.2558505160746848,cc,0.24678179602102993,0.014344241349700438,0.21866759959006685,0.274895992451993,1
728,5000,5,stress,ccmar,0.2558505160746848,seq,0.24666204046053122,0.014827734413206029,0.21760021503832225,0.27572386588274017,1
729,5000,5,stress,ccmar,0.2558505160746848,full,0.26437018529871203,0.00636181946132613,0.2519012482783668,0.2768391223190573,1
729,5000,5,stress,ccmar,0.2558505160746848,cc,0.2689725679134826,0.010365752506192618,0.24865606632868928,0.28928906949827593,1
729,5000,5,stress,ccmar,0.2558505160746848,seq,0.2676629884884488,0.009969524400921847,0.24812307971964875,0.2872028972572489,1
730,5000,5,stress,ccmar,0.2558505160746848,full,0.25075093430814105,0.006237714266133819,0.23852523900066708,0.262976629615615,1
730,5000,5,stress,ccmar,0.2558505160746848,cc,0.2570056090525141,0.013399565977591768,0.23074294232796597,0.28326827577706215,1
730,5000,5,stress,ccmar,0.2558505160746848,seq,0.2562879637826913,0.013056291068973509,0.23069810351583125,0.28187782404955136,1
731,5000,5,stress,ccmar,0.2558505160746848,full,0.25968012995073675,0.007001704622905754,0.24595704105945387,0.2734032188420196,1
731,5000,5,stress,ccmar,0.2558505160746848,cc,0.25099501812173025,0.012803999768653186,0.22589963971711083,0.2760903965263497,1
731,5000,5,stress,ccmar,0.2558505160746848,seq,0.25232172195112185,0.013069504272309213,0.22670596428160342,0.27793747962064025,1
732,5000,5,stress,ccmar,0.2558505160746848,full,0.2618526498091657,0.006901030668692348,0.24832687824232236,0.2753784213760091,1
732,5000,5,stress,ccmar,0.2558505160746848,cc,0.2963798888164927,0.01775889132646482,0.2615731014112609,0.3311866762217245,0
732,5000,5,stress,ccmar,0.2558505160746848,seq,0.28740220256725146,0.0173449341009232,0.25340675641522137,0.32139764871928156,1
733,5000,5,stress,ccmar,0.2558505160746848,full,0.252500810140667,0.006445226372397676,0.23986839857855982,0.2651332217027742,1
733,5000,5,stress,ccmar,0.2558505160746848,cc,0.13526050968918107,0.09930351413615318,-0.05937080155594329,0.32989182093430547,1
733,5000,5,stress,ccmar,0.2558505160746848,seq,0.11452375648528264,0.12071089660100803,-0.12206525339423153,0.3511127663647968,1
734,5000,5,stress,ccmar,0.2558505160746848,full,0.26675694494799557,0.006707551340768228,0.2536103858956365,0.27990350400035463,1
734,5000,5,stress,ccmar,0.2558505160746848,cc,0.3079169091153735,0.03966696636298893,0.2301710836679534,0.3856627345627936,1
734,5000,5,stress,ccmar,0.2558505160746848,seq,0.3109425031980786,0.03910840505605324,0.2342914377954101,0.3875935686007471,1
735,5000,5,stress,ccmar,0.2558505160746848,full,0.24728147306404463,0.006302475677677238,0.2349288477223576,0.2596340984057317,1
735,5000,5,stress,ccmar,0.2558505160746848,cc,0.231014216662353,0.012200869342866358,0.20710095217025606,0.25492748115444996,0
735,5000,5,stress,ccmar,0.2558505160746848,seq,0.2287237111529469,0.011669532978929906,0.20585184679784188,0.25159557550805195,0
736,5000,5,stress,ccmar,0.2558505160746848,full,0.2588208621798316,0.00624650005930721,0.24657794703416214,0.271063777325501,1
736,5000,5,stress,ccmar,0.2558505160746848,cc,0.2651709110273683,0.011567518887791577,0.24249899061680996,0.2878428314379266,1
736,5000,5,stress,ccmar,0.2558505160746848,seq,0.26631407585625805,0.011843711010207711,0.24310082883295042,0.2895273228795657,1
737,5000,5,stress,ccmar,0.2558505160746848,full,0.25412670333687093,0.006873721251284938,0.24065445724458487,0.267598949429157,1
737,5000,5,stress,ccmar,0.2558505160746848,cc,0.2635269870372065,0.014453813928075971,0.23519803229893418,0.2918559417754788,1
737,5000,5,stress,ccmar,0.2558505160746848,seq,0.25700576616408705,0.014366808929712035,0.22884733808908303,0.28516419423909106,1
738,5000,5,stress,ccmar,0.2558505160746848,full,0.2621187205547529,0.00627330963842563,0.24982325959957066,0.27441418150993513,1
738,5000,5,stress,ccmar,0.2558505160746848,cc,0.2690257946477632,0.010822699553512649,0.2478136933073807,0.29023789598814576,1
738,5000,5,stress,ccmar,0.2558505160746848,seq,0.27646112720322724,0.01198270310749313,0.2529754606751045,0.29994679373134997,1
739,5000,5,stress,ccmar,0.2558505160746848,full,0.25103650075365325,0.0067201619484929375,0.23786522536433058,0.2642077761429759,1
739,5000,5,stress,ccmar,0.2558505160746848,cc,0.21702287998587244,0.013801035679219134,0.18997334710525066,0.24407241286649423,0
739,5000,5,stress,ccmar,0.2558505160746848,seq,0.22565374627741494,0.013701933512928503,0.19879845007351268,0.25250904248131717,0
740,5000,5,stress,ccmar,0.2558505160746848,full,0.25437070478969237,0.006681499706719712,0.2412752060018068,0.26746620357757794,1
740,5000,5,stress,ccmar,0.2558505160746848,cc,0.26433131030463247,0.012049462613325075,0.24071479754945344,0.2879478230598115,1
740,5000,5,stress,ccmar,0.2558505160746848,seq,0.2569740377497347,0.012477926149899638,0.2325177518941809,0.2814303236052885,1
741,5000,5,stress,ccmar,0.2558505160746848,full,0.2559670865436872,0.006363591477857897,0.24349467643475972,0.2684394966526147,1
741,5000,5,stress,ccmar,0.2558505160746848,cc,0.2676669915896922,0.024312452042620256,0.22001546121029925,0.31531852196908516,1
741,5000,5,stress,ccmar,0.2558505160746848,seq,0.2752080763774907,0.026519385411791083,0.22323103607824324,0.3271851166767381,1
742,5000,5,stress,ccmar,0.2558505160746848,full,0.2599841469721156,0.007075016071245822,0.2461173702824317,0.2738509236617995,1
742,5000,5,stress,ccmar,0.2558505160746848,cc,0.273490105329899,0.015496520682280386,0.24311748290694934,0.3038627277528486,1
742,5000,5,stress,ccmar,0.2558505160746848,seq,0.2706727190164201,0.016861031704193973,0.2376257041340119,0.3037197338988283,1
743,5000,5,stress,ccmar,0.2558505160746848,full,0.23889619537556592,0.006541725956519147,0.22607464810405756,0.2517177426470743,0
743,5000,5,stress,ccmar,0.2558505160746848,cc,0.28476718283756564,0.016812506702077325,0.2518152752116558,0.31771909046347546,1
743,5000,5,stress,ccmar,0.2558505160746848,seq,0.28559638527253184,0.016803793323571948,0.2526615555546762,0.3185312149903875,1
744,5000,5,stress,ccmar,0.2558505160746848,full,0.2571034440142913,0.006683040002359965,0.2440049263024253,0.2702019617261573,1
744,5000,5,stress,ccmar,0.2558505160746848,cc,0.2839935768407736,0.015038979391861001,0.25451771886848595,0.3134694348130612,1
744,5000,5,stress,ccmar,0.2558505160746848,seq,0.2931095557523466,0.014809793453599802,0.26408289396481394,0.32213621753987925,0
745,5000,5,stress,ccmar,0.2558505160746848,full,0.2535386825177978,0.006764036431400013,0.24028141472213696,0.26679595031345865,1
745,5000,5,stress,ccmar,0.2558505160746848,cc,0.22001441119598716,0.016708316762265713,0.18726671209965948,0.2527621102923148,0
745,5000,5,stress,ccmar,0.2558505160746848,seq,0.22176158395268186,0.01713063736839155,0.1881861516784184,0.2553370162269453,0
746,5000,5,stress,ccmar,0.2558505160746848,full,0.26120579002300354,0.0067797130983581755,0.24791779652470705,0.27449378352130005,1
746,5000,5,stress,ccmar,0.2558505160746848,cc,0.2429788156200396,0.012194680050465008,0.2190776819181391,0.2668799493219401,1
746,5000,5,stress,ccmar,0.2558505160746848,seq,0.24137170785544804,0.011705376133909321,0.21842959220749109,0.264313823503405,1
747,5000,5,stress,ccmar,0.2558505160746848,full,0.2649759030824641,0.0066310819826029205,0.2519792212180299,0.2779725849468983,1
747,5000,5,stress,ccmar,0.2558505160746848,cc,0.29952693535769975,0.02648000751593461,0.24762707431611797,0.35142679639928154,1
747,5000,5,stress,ccmar,0.2558505160746848,seq,0.30078350510539176,0.029067025852847497,0.243813181296116,0.3577538289146675,1
748,5000,5,stress,ccmar,0.2558505160746848,full,0.24581649291238605,0.006485489508219874,0.2331051670541627,0.2585278187706094,1
748,5000,5,stress,ccmar,0.2558505160746848,cc,0.25300664863483135,0.01988496288595997,0.21403283754443414,0.29198045972522857,1
748,5000,5,stress,ccmar,0.2558505160746848,seq,0.2539946297432788,0.02134301017430315,0.21216309847997267,0.29582616100658493,1
749,5000,5,stress,ccmar,0.2558505160746848,full,0.25578152620079797,0.006602382080312492,0.24284109511121285,0.2687219572903831,1
749,5000,5,stress,ccmar,0.2558505160746848,cc,0.25171253136909516,0.01150505128994683,0.22916304520051328,0.27426201753767704,1
749,5000,5,stress,ccmar,0.2558505160746848,seq,0.25866566789830225,0.013292675914027495,0.23261250184864532,0.28471883394795916,1
750,5000,5,stress,ccmar,0.2558505160746848,full,0.2569567828665696,0.006349144748972549,0.24451268782595179,0.26940087790718736,1
750,5000,5,stress,ccmar,0.2558505160746848,cc,0.24705401370928703,0.011535682045591524,0.22444449236282232,0.26966353505575175,1
750,5000,5,stress,ccmar,0.2558505160746848,seq,0.24242501182998352,0.011543414766536336,0.21980033462896448,0.26504968903100257,1
751,5000,5,stress,ccmar,0.2558505160746848,full,0.24323543846412304,0.006397163280773035,0.2306972288305858,0.2557736480976603,0
751,5000,5,stress,ccmar,0.2558505160746848,cc,0.23171929361374705,0.016306541242923554,0.1997590600651999,0.2636795271622942,1
751,5000,5,stress,ccmar,0.2558505160746848,seq,0.23309813209365357,0.016505003241920595,0.20074892017477236,0.2654473440125348,1
752,5000,5,stress,ccmar,0.2558505160746848,full,0.26276224454639635,0.006368945567339898,0.25027934061491414,0.27524514847787857,1
752,5000,5,stress,ccmar,0.2558505160746848,cc,0.2715459308176138,0.011778138172916505,0.24846120419376105,0.29463065744146655,1
752,5000,5,stress,ccmar,0.2558505160746848,seq,0.27015687211646544,0.011783712729442126,0.2470612195625927,0.2932525246703382,1
753,5000,5,stress,ccmar,0.2558505160746848,full,0.2686113802005672,0.006770928956060875,0.25534060330480846,0.2818821570963259,1
753,5000,5,stress,ccmar,0.2558505160746848,cc,0.24381608676087663,0.016595889062117106,0.21128874190770489,0.2763434316140484,1
753,5000,5,stress,ccmar,0.2558505160746848,seq,0.23904825532406335,0.01776965827255828,0.20422036509226488,0.2738761455558618,1
754,5000,5,stress,ccmar,0.2558505160746848,full,0.2560610494391587,0.006349168124320905,0.2436169085837,0.2685051902946174,1
754,5000,5,stress,ccmar,0.2558505160746848,cc,0.24860303929168917,0.016637645886172354,0.21599385256726036,0.28121222601611795,1
754,5000,5,stress,ccmar,0.2558505160746848,seq,0.2483609288498722,0.016392540738763763,0.21623213938678962,0.28048971831295477,1
755,5000,5,stress,ccmar,0.2558505160746848,full,0.2469487359658121,0.00690405973114885,0.23341702754564705,0.2604804443859771,1
755,5000,5,stress,ccmar,0.2558505160746848,cc,0.2398387868302538,0.01312019284438184,0.21412368138504528,0.26555389227546233,1
755,5000,5,stress,ccmar,0.2558505160746848,seq,0.23326289566410205,0.013585409738723018,0.20663598186098522,0.25988980946721885,1
756,5000,5,stress,ccmar,0.2558505160746848,full,0.2465160228040816,0.006622454690015582,0.2335362501224027,0.2594957954857605,1
756,5000,5,stress,ccmar,0.2558505160746848,cc,0.2722944899325996,0.011022745887898327,0.2506903049815819,0.29389867488361726,1
756,5000,5,stress,ccmar,0.2558505160746848,seq,0.27642436647735774,0.010561470789621405,0.25572426410592797,0.2971244688487875,1
757,5000,5,stress,ccmar,0.2558505160746848,full,0.2498610023796264,0.006765137400667625,0.23660157672385296,0.26312042803539987,1
757,5000,5,stress,ccmar,0.2558505160746848,cc,0.26235911904375037,0.02548395458257199,0.2124114858782548,0.3123067522092459,1
757,5000,5,stress,ccmar,0.2558505160746848,seq,0.26016997555843274,0.02766871068367482,0.20594029911977146,0.314399651997094,1
758,5000,5,stress,ccmar,0.2558505160746848,full,0.26495831068706427,0.00681918071319372,0.25159296208513443,0.2783236592889941,1
758,5000,5,stress,ccmar,0.2558505160746848,cc,0.29325144881282017,0.011826485381836426,0.27007196340073136,0.316430934224909,0
758,5000,5,stress,ccmar,0.2558505160746848,seq,0.2921254593483437,0.012330308467385956,0.26795849883399797,0.31629241986268947,0
759,5000,5,stress,ccmar,0.2558505160746848,full,0.25098643792715686,0.006584981298663553,0.2380801117429065,0.2638927641114072,1
759,5000,5,stress,ccmar,0.2558505160746848,cc,0.2507729729795855,0.015054775545139435,0.22126615511577785,0.28027979084339316,1
759,5000,5,stress,ccmar,0.2558505160746848,seq,0.24332304754258502,0.015542639674145743,0.212860033556576,0.273786061528594,1
760,5000,5,stress,ccmar,0.2558505160746848,full,0.2670544800266072,0.006601415676023493,0.25411594305462304,0.27999301699859136,1
760,5000,5,stress,ccmar,0.2558505160746848,cc,0.2370975150545262,0.04469576134358431,0.14949543255950337,0.324699597549549,1
760,5000,5,stress,ccmar,0.2558505160746848,seq,0.2356104493194052,0.045981160243793666,0.14548903127420465,0.32573186736460574,1
761,5000,5,stress,ccmar,0.2558505160746848,full,0.2483856595737075,0.006723527201901882,0.23520778840890444,0.2615635307385106,1
761,5000,5,stress,ccmar,0.2558505160746848,cc,0.26113474154450367,0.021331223147817692,0.21932631242859388,0.3029431706604135,1
761,5000,5,stress,ccmar,0.2558505160746848,seq,0.25333671402414876,0.020734504565300946,0.21269783183887758,0.29397559620941993,1
762,5000,5,stress,ccmar,0.2558505160746848,full,0.2559987487059573,0.0072285261082180394,0.24183109787254245,0.2701663995393721,1
762,5000,5,stress,ccmar,0.2558505160746848,cc,0.20267541148423274,0.06148347175305919,0.08217002120375098,0.3231808017647145,1
762,5000,5,stress,ccmar,0.2558505160746848,seq,0.19917039570365422,0.06171210660640486,0.07821688934500436,0.32012390206230407,1
763,5000,5,stress,ccmar,0.2558505160746848,full,0.24642448089874866,0.006342693560137424,0.23399302995590518,0.25885593184159217,1
763,5000,5,stress,ccmar,0.2558505160746848,cc,0.23774070802641836,0.011928967521779849,0.21436036131098185,0.2611210547418549,1
763,5000,5,stress,ccmar,0.2558505160746848,seq,0.24119078785043693,0.012361314755181334,0.21696305612871797,0.2654185195721559,1
764,5000,5,stress,ccmar,0.2558505160746848,full,0.25739160476161743,0.006527443092189128,0.244598051389792,0.2701851581334429,1
764,5000,5,stress,ccmar,0.2558505160746848,cc,0.27252154195472034,0.019017793360820545,0.23524735190208712,0.30979573200735355,1
764,5000,5,stress,ccmar,0.2558505160746848,seq,0.2743706848905902,0.020935179846502214,0.23333848638157706,0.3154028833996033,1
765,5000,5,stress,ccmar,0.2558505160746848,full,0.24593926346435818,0.006682645954393701,0.23284151807231424,0.25903700885640213,1
765,5000,5,stress,ccmar,0.2558505160746848,cc,0.2288650946114536,0.019657013980692094,0.19033805516569677,0.2673921340572104,1
765,5000,5,stress,ccmar,0.2558505160746848,seq,0.22086564808627626,0.023319919235166863,0.17515944626296637,0.26657184990958616,1
766,5000,5,stress,ccmar,0.2558505160746848,full,0.25033973234170764,0.006762460412173633,0.23708555348696944,0.2635939111964459,1
766,5000,5,stress,ccmar,0.2558505160746848,cc,0.2207882064236735,0.013640680420221188,0.19405296407541928,0.24752344877192772,0
766,5000,5,stress,ccmar,0.2558505160746848,seq,0.2227371553715936,0.013307452536040404,0.19665502767497822,0.248819283068209,0
767,5000,5,stress,ccmar,0.2558505160746848,full,0.2441401818739298,0.006309476140674707,0.2317738358768926,0.256506527870967,1
767,5000,5,stress,ccmar,0.2558505160746848,cc,0.23096061828330766,0.014836624152085684,0.2018813692930626,0.2600398672735527,1
767,5000,5,stress,ccmar,0.2558505160746848,seq,0.22759409944985204,0.014821812388699103,0.1985438809823922,0.25664431791731185,1
768,5000,5,stress,ccmar,0.2558505160746848,full,0.2648210559713123,0.006477796017730864,0.2521248090773628,0.2775173028652618,1
768,5000,5,stress,ccmar,0.2558505160746848,cc,0.2673088964376846,0.011509711936185918,0.2447502755703294,0.28986751730503973,1
768,5000,5,stress,ccmar,0.2558505160746848,seq,0.26662763868465256,0.01162868757738438,0.24383582984551083,0.2894194475237943,1
769,5000,5,stress,ccmar,0.2558505160746848,full,0.2624091401055747,0.006406279761272167,0.2498530624985934,0.274965217712556,1
769,5000,5,stress,ccmar,0.2558505160746848,cc,0.2478646178837196,0.012514113244644064,0.22333740662576157,0.27239182914167764,1
769,5000,5,stress,ccmar,0.2558505160746848,seq,0.2496037651185255,0.012041627404101652,0.2260026090912357,0.2732049211458153,1
770,5000,5,stress,ccmar,0.2558505160746848,full,0.25082129994522767,0.006221297993115016,0.23862777994163092,0.2630148199488244,1
770,5000,5,stress,ccmar,0.2558505160746848,cc,0.26656607487225126,0.011066255391840729,0.24487661286052126,0.28825553688398126,1
770,5000,5,stress,ccmar,0.2558505160746848,seq,0.2675381351131481,0.010747870700886659,0.246472695628917,0.28860357459737923,1
771,5000,5,stress,ccmar,0.2558505160746848,full,0.2627454314236822,0.006294233387766032,0.2504089606733712,0.27508190217399314,1
771,5000,5,stress,ccmar,0.2558505160746848,cc,0.2818242880439624,0.02002423282656638,0.24257751288584764,0.32107106320207723,1
771,5000,5,stress,ccmar,0.2558505160746848,seq,0.28415995813209083,0.021261536812736816,0.24248811172315415,0.3258318045410275,1
772,5000,5,stress,ccmar,0.2558505160746848,full,0.2622937051108557,0.006567140345519484,0.2494223465522176,0.27516506366949384,1
772,5000,5,stress,ccmar,0.2558505160746848,cc,0.2533072176012904,0.0133159012277397,0.2272085307732279,0.27940590442935287,1
772,5000,5,stress,ccmar,0.2558505160746848,seq,0.25599400462355104,0.012367886928492213,0.2317533916788426,0.2802346175682595,1
773,5000,5,stress,ccmar,0.2558505160746848,full,0.2626775368187152,0.006701180165179395,0.2495434650410494,0.275811608596381,1
773,5000,5,stress,ccmar,0.2558505160746848,cc,0.26860247727172015,0.011430337741998288,0.24619942696627461,0.2910055275771657,1
773,5000,5,stress,ccmar,0.2558505160746848,seq,0.26263964995990147,0.011665502646953171,0.2397756849103166,0.28550361500948634,1
774,5000,5,stress,ccmar,0.2558505160746848,full,0.24704533092320324,0.006535111003541844,0.23423674872128983,0.2598539131251167,1
774,5000,5,stress,ccmar,0.2558505160746848,cc,0.2874350427242083,0.037118973049589145,0.21468319240390066,0.3601868930445159,1
774,5000,5,stress,ccmar,0.2558505160746848,seq,0.2795325251950239,0.03546529574109664,0.21002182284141274,0.3490432275486351,1
775,5000,5,stress,ccmar,0.2558505160746848,full,0.2589067685062655,0.0070934905631412385,0.24500378247783391,0.2728097545346971,1
775,5000,5,stress,ccmar,0.2558505160746848,cc,0.27835724573471987,0.019227891047841894,0.24067127178228964,0.3160432196871501,1
775,5000,5,stress,ccmar,0.2558505160746848,seq,0.2784286567723817,0.019101027991581816,0.2409913298411899,0.3158659837035735,1
776,5000,5,stress,ccmar,0.2558505160746848,full,0.25807546688035227,0.006240983343570525,0.24584336429883968,0.27030756946186485,1
776,5000,5,stress,ccmar,0.2558505160746848,cc,0.2553119192754956,0.011107529312509162,0.23354156186575473,0.27708227668523655,1
776,5000,5,stress,ccmar,0.2558505160746848,seq,0.258911711512677,0.011102914912018777,0.2371503981617075,0.2806730248636465,1
777,5000,5,stress,ccmar,0.2558505160746848,full,0.23984061534194911,0.006472162863387661,0.22715540922763167,0.25252582145626656,0
777,5000,5,stress,ccmar,0.2558505160746848,cc,0.240000493487552,0.012822975220209804,0.21486792388129122,0.2651330630938128,1
777,5000,5,stress,ccmar,0.2558505160746848,seq,0.24151620392185386,0.012855687930801055,0.21631951858099754,0.2667128892627102,1
778,5000,5,stress,ccmar,0.2558505160746848,full,0.26713860015461466,0.006152911569764942,0.25507911507781555,0.27919808523141376,1
778,5000,5,stress,ccmar,0.2558505160746848,cc,0.22254794038043096,0.017647160087633933,0.18796014217925575,0.25713573858160615,1
778,5000,5,stress,ccmar,0.2558505160746848,seq,0.22014688740377028,0.018043056509170863,0.1847831464747744,0.25551062833276617,0
779,5000,5,stress,ccmar,0.2558505160746848,full,0.24523114960175035,0.006336997816358706,0.2328108621115783,0.2576514370919224,1
779,5000,5,stress,ccmar,0.2558505160746848,cc,0.2629139811070113,0.011871208168831205,0.23964684064312447,0.28618112157089814,1
779,5000,5,stress,ccmar,0.2558505160746848,seq,0.26663713159852803,0.01107720855195051,0.24492620178746594,0.28834806140959013,1
780,5000,5,stress,ccmar,0.2558505160746848,full,0.2560014765433714,0.006882859479437094,0.2425113198530246,0.2694916332337182,1
780,5000,5,stress,ccmar,0.2558505160746848,cc,0.25410284475747985,0.01310211175114174,0.22842317760382302,0.2797825119111367,1
780,5000,5,stress,ccmar,0.2558505160746848,seq,0.2573372631869033,0.012203303696764336,0.23341922744884072,0.2812552989249659,1
781,5000,5,stress,ccmar,0.2558505160746848,full,0.24388988338084763,0.006810738818655587,0.2305410805881738,0.25723868617352147,1
781,5000,5,stress,ccmar,0.2558505160746848,cc,0.24180334022173455,0.016384472988082342,0.2096903632594238,0.2739163171840453,1
781,5000,5,stress,ccmar,0.2558505160746848,seq,0.24649750391089464,0.01549092171504699,0.2161358552620731,0.2768591525597162,1
782,5000,5,stress,ccmar,0.2558505160746848,full,0.2726774675390861,0.006190259432095973,0.26054478199721864,0.2848101530809536,0
782,5000,5,stress,ccmar,0.2558505160746848,cc,0.2593120083002145,0.011636669351750886,0.2365045554707817,0.2821194611296473,1
782,5000,5,stress,ccmar,0.2558505160746848,seq,0.2535021488753977,0.011538824300736718,0.23088646882201813,0.27611782892877723,1
783,5000,5,stress,ccmar,0.2558505160746848,full,0.2718633599915809,0.006783236804677592,0.25856846015580626,0.28515825982735554,0
783,5000,5,stress,ccmar,0.2558505160746848,cc,0.25521148949283484,0.017192968241623093,0.22151389095191265,0.28890908803375703,1
783,5000,5,stress,ccmar,0.2558505160746848,seq,0.257281184591594,0.01725629356127602,0.22345947070484257,0.2911028984783454,1
784,5000,5,stress,ccmar,0.2558505160746848,full,0.2512396650651081,0.0064402767526018975,0.2386169545795378,0.2638623755506784,1
784,5000,5,stress,ccmar,0.2558505160746848,cc,0.25698598591756244,0.019123462212816595,0.21950468872072926,0.29446728311439563,1
784,5000,5,stress,ccmar,0.2558505160746848,seq,0.25247910612663854,0.018173751696360475,0.2168592073377983,0.2880990049154788,1
785,5000,5,stress,ccmar,0.2558505160746848,full,0.24600180117542167,0.006364742631537446,0.2335271348467416,0.25847646750410175,1
785,5000,5,stress,ccmar,0.2558505160746848,cc,0.2697729765704812,0.014752186064333008,0.24085922319115483,0.2986867299498076,1
785,5000,5,stress,ccmar,0.2558505160746848,seq,0.2719556902251086,0.014683995102292286,0.2431755886754532,0.30073579177476406,1
786,5000,5,stress,ccmar,0.2558505160746848,full,0.2559873335643402,0.006340195832350561,0.24356077807800217,0.26841388905067826,1
786,5000,5,stress,ccmar,0.2558505160746848,cc,0.25589609806926866,0.010701533660674584,0.2349214775150034,0.2768707186235339,1
786,5000,5,stress,ccmar,0.2558505160746848,seq,0.2635776454330905,0.010334611677208285,0.24332217875155515,0.2838331121146258,1
787,5000,5,stress,ccmar,0.2558505160746848,full,0.24966838483829648,0.006229708581161871,0.23745838038503908,0.2618783892915539,1
787,5000,5,stress,ccmar,0.2558505160746848,cc,0.22715917468073543,0.012701150097798061,0.20226537792681384,0.252052971434657,0
787,5000,5,stress,ccmar,0.2558505160746848,seq,0.22877363215027086,0.014511832092512653,0.20033096389925353,0.2572163004012882,1
788,5000,5,stress,ccmar,0.2558505160746848,full,0.265551512856105,0.006993963391064488,0.251843596500427,0.27925942921178304,1
788,5000,5,stress,ccmar,0.2558505160746848,cc,0.2691327207031336,0.015000253084133313,0.23973276489924644,0.29853267650702076,1
788,5000,5,stress,ccmar,0.2558505160746848,seq,0.2710710503258717,0.015303514698247062,0.2410767126804281,0.30106538797131527,1
789,5000,5,stress,ccmar,0.2558505160746848,full,0.2584688467033184,0.011258076204023628,0.23640342280822466,0.28053427059841207,1
789,5000,5,stress,ccmar,0.2558505160746848,cc,0.32662083194910113,0.016563911000177206,0.29415616294562696,0.3590855009525753,0
789,5000,5,stress,ccmar,0.2558505160746848,seq,0.3275209763738038,0.015933796125252097,0.2962913098313058,0.35875064291630177,0
790,5000,5,stress,ccmar,0.2558505160746848,full,0.2660279698103174,0.0070861186650789075,0.2521394324365857,0.2799165071840491,1
790,5000,5,stress,ccmar,0.2558505160746848,cc,0.2627879952493028,0.01023589672495786,0.2427260063189139,0.2828499841796917,1
790,5000,5,stress,ccmar,0.2558505160746848,seq,0.26495450642923096,0.010049586686220609,0.24525767846472535,0.2846513343937366,1
791,5000,5,stress,ccmar,0.2558505160746848,full,0.24717600814230026,0.006318236765384427,0.23479249163634994,0.2595595246482506,1
791,5000,5,stress,ccmar,0.2558505160746848,cc,0.2575418232641506,0.01484631861311994,0.22844357347942887,0.2866400730488723,1
791,5000,5,stress,ccmar,0.2558505160746848,seq,0.2603137008955397,0.01592758282359124,0.22909621220052206,0.2915311895905573,1
792,5000,5,stress,ccmar,0.2558505160746848,full,0.2657297738322426,0.006410581695874084,0.2531652645883777,0.27829428307610754,1
792,5000,5,stress,ccmar,0.2558505160746848,cc,0.26719309238809175,0.012258267088048506,0.243167330382644,0.2912188543935395,1
792,5000,5,stress,ccmar,0.2558505160746848,seq,0.2701684802368486,0.012301624855610715,0.24605773856852883,0.2942792219051683,1
793,5000,5,stress,ccmar,0.2558505160746848,full,0.2579715142481501,0.0064887467714493975,0.24525380427130875,0.2706892242249915,1
793,5000,5,stress,ccmar,0.2558505160746848,cc,0.25724800188852576,0.02212410995179912,0.2138855431929953,0.3006104605840562,1
793,5000,5,stress,ccmar,0.2558505160746848,seq,0.258941020219691,0.02348169046358121,0.2129177526149542,0.30496428782442786,1
794,5000,5,stress,ccmar,0.2558505160746848,full,0.2792461394917008,0.006417860104899966,0.2666673648282804,0.2918249141551212,0
794,5000,5,stress,ccmar,0.2558505160746848,cc,0.2808326496194236,0.01525239702891211,0.25093850076485014,0.3107267984739971,1
794,5000,5,stress,ccmar,0.2558505160746848,seq,0.2796883354533177,0.015252530526733515,0.2497939249478223,0.30958274595881313,1
795,5000,5,stress,ccmar,0.2558505160746848,full,0.26241909843353767,0.006409805587268979,0.24985611033458685,0.27498208653248846,1
795,5000,5,stress,ccmar,0.2558505160746848,cc,0.4158190412263758,0.13064809778873118,0.1597534749117956,0.671884607540956,1
795,5000,5,stress,ccmar,0.2558505160746848,seq,0.4107962613752925,0.1342391063825167,0.14769244754871885,0.6739000752018662,1
796,5000,5,stress,ccmar,0.2558505160746848,full,0.250143021601111,0.00679426873621083,0.2368264995768513,0.2634595436253707,1
796,5000,5,stress,ccmar,0.2558505160746848,cc,0.23154929887860204,0.012425074640961235,0.20719660007709606,0.255901997680108,1
796,5000,5,stress,ccmar,0.2558505160746848,seq,0.22884199646346942,0.012794666910508715,0.20376491012468598,0.25391908280225284,0
797,5000,5,stress,ccmar,0.2558505160746848,full,0.25649245725775566,0.0070970209407998095,0.24258255181626145,0.27040236269924983,1
797,5000,5,stress,ccmar,0.2558505160746848,cc,0.25765894476237877,0.011470388785055345,0.23517739585499814,0.2801404936697594,1
797,5000,5,stress,ccmar,0.2558505160746848,seq,0.25118336224717025,0.010948099409129464,0.22972548170611226,0.27264124278822827,1
798,5000,5,stress,ccmar,0.2558505160746848,full,0.24882553836588395,0.00630349372786854,0.23647091768248749,0.26118015904928044,1
798,5000,5,stress,ccmar,0.2558505160746848,cc,0.24665862791349327,0.011863991063799198,0.2234056327155418,0.26991162311144473,1
798,5000,5,stress,ccmar,0.2558505160746848,seq,0.25779275782331995,0.016340002181505567,0.22576694204026312,0.28981857360637675,1
799,5000,5,stress,ccmar,0.2558505160746848,full,0.25501283504930294,0.006029700051325903,0.24319484011112485,0.26683082998748103,1
799,5000,5,stress,ccmar,0.2558505160746848,cc,0.27335376307985876,0.011398264109546011,0.2510135759388731,0.29569395022084444,1
799,5000,5,stress,ccmar,0.2558505160746848,seq,0.27518721533801876,0.01097677672495355,0.25367312829077227,0.29670130238526526,1
800,5000,5,stress,ccmar,0.2558505160746848,full,0.26065609577844934,0.007034118412894056,0.24686947702618695,0.27444271453071173,1
800,5000,5,stress,ccmar,0.2558505160746848,cc,0.2695324185062355,0.012999561049114462,0.24405374703514143,0.29501108997732955,1
800,5000,5,stress,ccmar,0.2558505160746848,seq,0.2677523440840385,0.013004006600877291,0.24226495949159785,0.2932397286764791,1
801,5000,5,stress,ccmar,0.2558505160746848,full,0.26784100882368755,0.007231055521843955,0.2536684004306639,0.2820136172167112,1
801,5000,5,stress,ccmar,0.2558505160746848,cc,0.2748281799098824,0.027078539038080298,0.22175521864128314,0.3279011411784817,1
801,5000,5,stress,ccmar,0.2558505160746848,seq,0.265605997696541,0.028219383487030496,0.21029702239603687,0.3209149729970451,1
802,5000,5,stress,ccmar,0.2558505160746848,full,0.2549480755684113,0.006438369026271768,0.24232910415774042,0.2675670469790822,1
802,5000,5,stress,ccmar,0.2558505160746848,cc,0.24762463041934765,0.010888283806626698,0.22628398630490865,0.26896527453378666,1
802,5000,5,stress,ccmar,0.2558505160746848,seq,0.24548649869372174,0.010981135132933688,0.22396386932380424,0.26700912806363925,1
803,5000,5,stress,ccmar,0.2558505160746848,full,0.25105653686723034,0.006121550280030983,0.23905851878881854,0.26305455494564217,1
803,5000,5,stress,ccmar,0.2558505160746848,cc,0.2629361893565518,0.011946072993809927,0.23952231653199774,0.2863500621811058,1
803,5000,5,stress,ccmar,0.2558505160746848,seq,0.26124999986711317,0.011827869152376968,0.238067802314602,0.28443219741962433,1
804,5000,5,stress,ccmar,0.2558505160746848,full,0.26524937844333296,0.006473631539571206,0.2525612937765908,0.2779374631100751,1
804,5000,5,stress,ccmar,0.2558505160746848,cc,0.299982005991152,0.016931205433730778,0.2667974531261908,0.3331665588561132,0
804,5000,5,stress,ccmar,0.2558505160746848,seq,0.30482456634453936,0.01618276250868748,0.27310693465714686,0.33654219803193186,0
805,5000,5,stress,ccmar,0.2558505160746848,full,0.26787969339807666,0.006452212637823726,0.255233589007348,0.2805257977888053,1
805,5000,5,stress,ccmar,0.2558505160746848,cc,0.2759358267441334,0.013815042878190334,0.24885884025800378,0.303012813230263,1
805,5000,5,stress,ccmar,0.2558505160746848,seq,0.2835319152418016,0.014379525255142508,0.25534856362693814,0.31171526685666506,1
806,5000,5,stress,ccmar,0.2558505160746848,full,0.24355502300015133,0.006548629586450316,0.2307199448626153,0.2563901011376874,1
806,5000,5,stress,ccmar,0.2558505160746848,cc,0.2393781620922508,0.013489174402799326,0.21293986608158452,0.2658164581029171,1
806,5000,5,stress,ccmar,0.2558505160746848,seq,0.23575251865429472,0.013443659961943437,0.20940342930848246,0.26210160800010696,1
807,5000,5,stress,ccmar,0.2558505160746848,full,0.2397080220755687,0.006897311898056104,0.22618953916523915,0.25322650498589827,0
807,5000,5,stress,ccmar,0.2558505160746848,cc,0.23458161032846975,0.010806429660669688,0.21340139739209177,0.25576182326484775,0
807,5000,5,stress,ccmar,0.2558505160746848,seq,0.24070278543456752,0.010104993829106098,0.22089736146552008,0.26050820940361497,1
808,5000,5,stress,ccmar,0.2558505160746848,full,0.2667811562669004,0.006759451919429376,0.2535328739495887,0.28002943858421214,1
808,5000,5,stress,ccmar,0.2558505160746848,cc,0.23553187519235816,0.04428450592353768,0.14873583850907363,0.3223279118756427,1
808,5000,5,stress,ccmar,0.2558505160746848,seq,0.24323522684518845,0.04519881555673634,0.1546471762101165,0.3318232774802604,1
809,5000,5,stress,ccmar,0.2558505160746848,full,0.24457125603006752,0.006655500526554697,0.23152671469893293,0.2576157973612021,1
809,5000,5,stress,ccmar,0.2558505160746848,cc,0.25452355502727164,0.01214254595010553,0.2307246022844421,0.27832250777010115,1
809,5000,5,stress,ccmar,0.2558505160746848,seq,0.2524449707166426,0.01246525118868177,0.22801352732858127,0.276876414104704,1
810,5000,5,stress,ccmar,0.2558505160746848,full,0.25840185605673166,0.006291042403663593,0.24607163952033673,0.2707320725931266,1
810,5000,5,stress,ccmar,0.2558505160746848,cc,0.2712842635323764,0.010035036390773255,0.251615953622912,0.2909525734418408,1
810,5000,5,stress,ccmar,0.2558505160746848,seq,0.2717030480765686,0.010186339468673474,0.2517381895836697,0.29166790656946745,1
811,5000,5,stress,ccmar,0.2558505160746848,full,0.239775677344191,0.007280445085934395,0.22550626718433797,0.25404508750404403,0
811,5000,5,stress,ccmar,0.2558505160746848,cc,0.07577309264493381,0.17123974360401875,-0.259850637540816,0.41139682283068363,1
811,5000,5,stress,ccmar,0.2558505160746848,seq,0.07079881963348203,0.17617080143855796,-0.2744896063136487,0.4160872455806127,1
812,5000,5,stress,ccmar,0.2558505160746848,full,0.25473988778294804,0.006308675475163803,0.24237511106147588,0.2671046645044202,1
812,5000,5,stress,ccmar,0.2558505160746848,cc,0.26644560610350726,0.010472018292624168,0.24592082740451926,0.28697038480249526,1
812,5000,5,stress,ccmar,0.2558505160746848,seq,0.27035423022672883,0.01023799409101154,0.25028813053441235,0.2904203299190453,1
813,5000,5,stress,ccmar,0.2558505160746848,full,0.25905737054637173,0.006398270030269029,0.24651699172368244,0.27159774936906106,1
813,5000,5,stress,ccmar,0.2558505160746848,cc,0.31316221190180216,0.014483699923817052,0.2847746816882352,0.3415497421153691,0
813,5000,5,stress,ccmar,0.2558505160746848,seq,0.3216020454337877,0.01415270793837208,0.2938632475908643,0.34934084327671105,0
814,5000,5,stress,ccmar,0.2558505160746848,full,0.2596227918474279,0.00673476636371705,0.24642289233025072,0.27282269136460513,1
814,5000,5,stress,ccmar,0.2558505160746848,cc,0.30177584667279245,0.014180511295655542,0.27398255525094417,0.3295691380946407,0
814,5000,5,stress,ccmar,0.2558505160746848,seq,0.2991975523469147,0.01413012853849938,0.2715030093145343,0.3268920953792951,0
815,5000,5,stress,ccmar,0.2558505160746848,full,0.2454791529622302,0.006423444848911436,0.23288943240168444,0.2580688735227759,1
815,5000,5,stress,ccmar,0.2558505160746848,cc,0.2132455350074041,0.013147123488606199,0.18747764646943535,0.23901342354537283,0
815,5000,5,stress,ccmar,0.2558505160746848,seq,0.2102140150744241,0.013407823214858798,0.18393516446222083,0.2364928656866274,0
816,5000,5,stress,ccmar,0.2558505160746848,full,0.2598437702036599,0.006467460374417716,0.24716778079836124,0.2725197596089586,1
816,5000,5,stress,ccmar,0.2558505160746848,cc,0.23574356278627737,0.011455209595082961,0.21329176454455712,0.2581953610279976,1
816,5000,5,stress,ccmar,0.2558505160746848,seq,0.23291495561247416,0.011555986234218982,0.21026563878756432,0.255564272437384,0
817,5000,5,stress,ccmar,0.2558505160746848,full,0.25241684737524483,0.006020813233337478,0.24061627028026122,0.26421742447022845,1
817,5000,5,stress,ccmar,0.2558505160746848,cc,0.19785529197570553,0.05346740198661822,0.09306110973500847,0.3026494742164026,1
817,5000,5,stress,ccmar,0.2558505160746848,seq,0.19901018666675352,0.05435258180903809,0.09248108385427196,0.3055392894792351,1
818,5000,5,stress,ccmar,0.2558505160746848,full,0.25485692149205535,0.007242825331554848,0.24066124469589348,0.26905259828821726,1
818,5000,5,stress,ccmar,0.2558505160746848,cc,0.250284078625287,0.018727471221961497,0.21357890950873215,0.28698924774184187,1
818,5000,5,stress,ccmar,0.2558505160746848,seq,0.2584315775235163,0.020893324205758505,0.2174814145629107,0.2993817404841219,1
819,5000,5,stress,ccmar,0.2558505160746848,full,0.26121331962183075,0.006749637874488393,0.247984272479146,0.2744423667645155,1
819,5000,5,stress,ccmar,0.2558505160746848,cc,0.2785270766960514,0.023739885862478178,0.2319977554085026,0.32505639798360025,1
819,5000,5,stress,ccmar,0.2558505160746848,seq,0.2702302761431626,0.026324295079106483,0.2186356058697089,0.32182494641661624,1
820,5000,5,stress,ccmar,0.2558505160746848,full,0.25645447258726917,0.006607072172897487,0.24350484908513328,0.269404096089405,1
820,5000,5,stress,ccmar,0.2558505160746848,cc,0.2975602170166032,0.02966542492774105,0.23941705257215398,0.35570338146105235,1
820,5000,5,stress,ccmar,0.2558505160746848,seq,0.30594097417626265,0.03746163259589916,0.23251752348622856,0.37936442486629673,1
821,5000,5,stress,ccmar,0.2558505160746848,full,0.2504317654547838,0.006805053562450044,0.2370941055595157,0.2637694253500519,1
821,5000,5,stress,ccmar,0.2558505160746848,cc,0.25502754796427396,0.011182032292404857,0.2331111673971966,0.27694392853135136,1
821,5000,5,stress,ccmar,0.2558505160746848,seq,0.2566335872164213,0.010747816599048067,0.23556825376984533,0.2776989206629973,1
822,5000,5,stress,ccmar,0.2558505160746848,full,0.25430750458575857,0.006689745760184473,0.24119584383006748,0.26741916534144966,1
822,5000,5,stress,ccmar,0.2558505160746848,cc,0.2933705808997943,0.024951488467871187,0.24446656214210027,0.3422745996574883,1
822,5000,5,stress,ccmar,0.2558505160746848,seq,0.2996873072785497,0.02507510308074703,0.25054100833165616,0.34883360622544324,1
823,5000,5,stress,ccmar,0.2558505160746848,full,0.2525104243374591,0.006730180458698508,0.2393195130289548,0.2657013356459635,1
823,5000,5,stress,ccmar,0.2558505160746848,cc,0.25048000095136924,0.010763328072286998,0.2293842655758978,0.2715757363268407,1
823,5000,5,stress,ccmar,0.2558505160746848,seq,0.25415422926745135,0.010458163554264037,0.23365660535666444,0.27465185317823826,1
824,5000,5,stress,ccmar,0.2558505160746848,full,0.2587149297115567,0.006496628803948633,0.24598177123489184,0.2714480881882215,1
824,5000,5,stress,ccmar,0.2558505160746848,cc,0.26229616559763597,0.011914472372090616,0.23894422885354086,0.2856481023417311,1
824,5000,5,stress,ccmar,0.2558505160746848,seq,0.261002902567481,0.011453907245070264,0.2385536568848809,0.2834521482500811,1
825,5000,5,stress,ccmar,0.2558505160746848,full,0.24733087979087195,0.006597190670796,0.23440062367696815,0.26026113590477573,1
825,5000,5,stress,ccmar,0.2558505160746848,cc,0.2666601760185964,0.013285271543176231,0.2406215222691361,0.29269882976805667,1
825,5000,5,stress,ccmar,0.2558505160746848,seq,0.2682240063795256,0.013116616539768236,0.24251591036255746,0.2939321023964937,1
826,5000,5,stress,ccmar,0.2558505160746848,full,0.24680053637460278,0.006682356454699806,0.2337033583915324,0.25989771435767317,1
826,5000,5,stress,ccmar,0.2558505160746848,cc,0.22448750975103832,0.01410370834630106,0.19684474934383128,0.25213027015824535,0
826,5000,5,stress,ccmar,0.2558505160746848,seq,0.22311765183773924,0.01541023851486243,0.19291413935543686,0.2533211643200416,0
827,5000,5,stress,ccmar,0.2558505160746848,full,0.25516473851106103,0.006654256869776639,0.24212263470242057,0.2682068423197015,1
827,5000,5,stress,ccmar,0.2558505160746848,cc,0.26040568113365353,0.016308879504154425,0.2284408646773074,0.29237049758999967,1
827,5000,5,stress,ccmar,0.2558505160746848,seq,0.25925731213803954,0.015982686243688503,0.2279318227242063,0.29058280155187277,1
828,5000,5,stress,ccmar,0.2558505160746848,full,0.257945130994886,0.007179712092409506,0.24387315387439662,0.27201710811537533,1
828,5000,5,stress,ccmar,0.2558505160746848,cc,0.2662849760978664,0.012054167313010596,0.24265924230074568,0.28991070989498713,1
828,5000,5,stress,ccmar,0.2558505160746848,seq,0.2737894258081569,0.011471359015730966,0.2513059752835954,0.2962728763327184,1
829,5000,5,stress,ccmar,0.2558505160746848,full,0.24870264883047352,0.0068848253837838665,0.23520863903841,0.26219665862253705,1
829,5000,5,stress,ccmar,0.2558505160746848,cc,0.27878605364900816,0.012033297363742841,0.2552012242008114,0.3023708830972049,1
829,5000,5,stress,ccmar,0.2558505160746848,seq,0.28118687112948054,0.012130091386833228,0.2574123288821079,0.3049614133768532,0
830,5000,5,stress,ccmar,0.2558505160746848,full,0.2613983129480097,0.006145971587324851,0.2493524299868465,0.27344419590917285,1
830,5000,5,stress,ccmar,0.2558505160746848,cc,0.23286942705299024,0.039517087620287446,0.15541735854331323,0.31032149556266725,1
830,5000,5,stress,ccmar,0.2558505160746848,seq,0.22298218084561577,0.04762950748390333,0.12963006157578427,0.3163343001154473,1
831,5000,5,stress,ccmar,0.2558505160746848,full,0.26333671773627204,0.006349406838826025,0.25089210900898073,0.27578132646356335,1
831,5000,5,stress,ccmar,0.2558505160746848,cc,0.2590200553605825,0.010304324903366817,0.23882394966498435,0.27921616105618063,1
831,5000,5,stress,ccmar,0.2558505160746848,seq,0.2584799875192004,0.010069296186427547,0.23874452964413592,0.2782154453942649,1
832,5000,5,stress,ccmar,0.2558505160746848,full,0.2601736331242023,0.006452698121754754,0.24752657720245372,0.27282068904595086,1
832,5000,5,stress,ccmar,0.2558505160746848,cc,0.2741874419103801,0.011332311998176659,0.2519765185323827,0.2963983652883775,1
832,5000,5,stress,ccmar,0.2558505160746848,seq,0.27755135270081305,0.011419018278796053,0.2551704881355682,0.2999322172660579,1
833,5000,5,stress,ccmar,0.2558505160746848,full,0.24967143461207125,0.00680760693972926,0.23632877018929696,0.2630140990348455,1
833,5000,5,stress,ccmar,0.2558505160746848,cc,0.27330918890693684,0.013882365264742732,0.24610025296781124,0.30051812484606244,1
833,5000,5,stress,ccmar,0.2558505160746848,seq,0.27564979270963197,0.014209661013774274,0.24779936889011148,0.30350021652915243,1
834,5000,5,stress,ccmar,0.2558505160746848,full,0.25310427483817977,0.006677014396382867,0.24001756709701388,0.26619098257934565,1
834,5000,5,stress,ccmar,0.2558505160746848,cc,0.25864388211036965,0.012625046731836287,0.23389924521283542,0.2833885190079039,1
834,5000,5,stress,ccmar,0.2558505160746848,seq,0.2577636948004607,0.012367935657205878,0.23352298634922844,0.28200440325169296,1
835,5000,5,stress,ccmar,0.2558505160746848,full,0.25693919006394217,0.006495174028056148,0.24420888289563217,0.2696694972322522,1
835,5000,5,stress,ccmar,0.2558505160746848,cc,0.23729593521578207,0.015185016401776991,0.20753384996364915,0.267058020467915,1
835,5000,5,stress,ccmar,0.2558505160746848,seq,0.24165727743897839,0.01516184818788058,0.21194060105166856,0.2713739538262882,1
836,5000,5,stress,ccmar,0.2558505160746848,full,0.26149475079097767,0.006354491093110272,0.24904017710840098,0.27394932447355436,1
836,5000,5,stress,ccmar,0.2558505160746848,cc,0.28456724782321036,0.012964462814947357,0.25915736762700475,0.30997712801941596,0
836,5000,5,stress,ccmar,0.2558505160746848,seq,0.2782284374028817,0.013507764661739308,0.2517537051542298,0.30470316965153366,1
837,5000,5,stress,ccmar,0.2558505160746848,full,0.25407282979803203,0.006560955661238608,0.24121359299784018,0.2669320665982239,1
837,5000,5,stress,ccmar,0.2558505160746848,cc,0.22771154425180848,0.016738716211409915,0.19490426333000832,0.26051882517360864,1
837,5000,5,stress,ccmar,0.2558505160746848,seq,0.2317037586213613,0.015961237529522644,0.20042030791480786,0.26298720932791475,1
838,5000,5,stress,ccmar,0.2558505160746848,full,0.25232156585607934,0.006842680875299441,0.23891015778279143,0.26573297392936723,1
838,5000,5,stress,ccmar,0.2558505160746848,cc,0.22064148274160947,0.012995790403801435,0.19517020159952742,0.24611276388369152,0
838,5000,5,stress,ccmar,0.2558505160746848,seq,0.21467552608910068,0.01339357627989426,0.18842459895631797,0.24092645322188339,0
839,5000,5,stress,ccmar,0.2558505160746848,full,0.250711116649139,0.006575271297421126,0.23782382171761363,0.2635984115806643,1
839,5000,5,stress,ccmar,0.2558505160746848,cc,0.2472737079516077,0.015350672345788607,0.21718694301538705,0.27736047288782834,1
839,5000,5,stress,ccmar,0.2558505160746848,seq,0.2519372632918582,0.014305373928361884,0.22389924560689067,0.2799752809768258,1
840,5000,5,stress,ccmar,0.2558505160746848,full,0.2609209121080643,0.00685600787771742,0.24748338359001526,0.2743584406261133,1
840,5000,5,stress,ccmar,0.2558505160746848,cc,0.23966728345240698,0.017737255515169307,0.2049029014580907,0.27443166544672326,1
840,5000,5,stress,ccmar,0.2558505160746848,seq,0.24202913519810168,0.017374813756173817,0.2079751259979099,0.27608314439829346,1
841,5000,5,stress,ccmar,0.2558505160746848,full,0.2556644528315935,0.006821504214746445,0.24229455025030228,0.26903435541288473,1
841,5000,5,stress,ccmar,0.2558505160746848,cc,0.2415246501166319,0.012023614091277165,0.21795879953372038,0.26509050069954343,1
841,5000,5,stress,ccmar,0.2558505160746848,seq,0.25172015642674506,0.0119287554605698,0.22834022534364273,0.2751000875098474,1
842,5000,5,stress,ccmar,0.2558505160746848,full,0.2579102522033708,0.007909699478044716,0.24240752609786792,0.27341297830887373,1
842,5000,5,stress,ccmar,0.2558505160746848,cc,0.24823809845544237,0.015618380663923428,0.21762663485731568,0.2788495620535691,1
842,5000,5,stress,ccmar,0.2558505160746848,seq,0.24675824678844205,0.016098481134062755,0.21520580355988153,0.2783106900170026,1
843,5000,5,stress,ccmar,0.2558505160746848,full,0.2680064432795302,0.006561496755919786,0.255146145953251,0.2808667406058094,1
843,5000,5,stress,ccmar,0.2558505160746848,cc,0.28830648531216163,0.02863692223010701,0.23217914911307747,0.3444338215112458,1
843,5000,5,stress,ccmar,0.2558505160746848,seq,0.29225544086336863,0.030579943635016555,0.2323198526894713,0.35219102903726596,1
844,5000,5,stress,ccmar,0.2558505160746848,full,0.24440110933635437,0.006275237600189536,0.23210186964555132,0.25670034902715744,1
844,5000,5,stress,ccmar,0.2558505160746848,cc,0.24581789344274627,0.009634552632254267,0.22693451727637232,0.2647012696091202,1
844,5000,5,stress,ccmar,0.2558505160746848,seq,0.25080301628272844,0.009338556264330668,0.2324997823370394,0.26910625022841744,1
845,5000,5,stress,ccmar,0.2558505160746848,full,0.25938499750609895,0.006330744270876186,0.24697696673984834,0.2717930282723496,1
845,5000,5,stress,ccmar,0.2558505160746848,cc,0.25775756758626595,0.019711951921626215,0.21912285175489346,0.29639228341763846,1
845,5000,5,stress,ccmar,0.2558505160746848,seq,0.2521623329289505,0.02181228598111035,0.20941103798548633,0.2949136278724147,1
846,5000,5,stress,ccmar,0.2558505160746848,full,0.2572899320608069,0.0065267239602359,0.24449778816170992,0.2700820759599039,1
846,5000,5,stress,ccmar,0.2558505160746848,cc,0.247608761076472,0.014092670375805454,0.21998763469389876,0.27522988745904525,1
846,5000,5,stress,ccmar,0.2558505160746848,seq,0.23524396669656103,0.014883523722299835,0.20607279623780583,0.2644151371553162,1
847,5000,5,stress,ccmar,0.2558505160746848,full,0.2719249278581056,0.00637670308541711,0.25942681947058266,0.2844230362456286,0
847,5000,5,stress,ccmar,0.2558505160746848,cc,0.28615316633786886,0.0094465678874604,0.26763823350093385,0.30466809917480386,0
847,5000,5,stress,ccmar,0.2558505160746848,seq,0.2853370642844892,0.00995646179682108,0.2658227577492709,0.3048513708197075,0
848,5000,5,stress,ccmar,0.2558505160746848,full,0.25328819949701675,0.006482479853085799,0.24058277245446208,0.2659936265395714,1
848,5000,5,stress,ccmar,0.2558505160746848,cc,0.27687356979284494,0.010564452677590182,0.25616762302839047,0.2975795165572994,0
848,5000,5,stress,ccmar,0.2558505160746848,seq,0.2769340465843169,0.010462620737071153,0.25642768675575556,0.2974404064128783,0
849,5000,5,stress,ccmar,0.2558505160746848,full,0.26176368441356035,0.006374958059131673,0.2492689962147089,0.2742583726124118,1
849,5000,5,stress,ccmar,0.2558505160746848,cc,0.27123423439107003,0.015550669183245226,0.2407554828564125,0.3017129859257276,1
849,5000,5,stress,ccmar,0.2558505160746848,seq,0.27168504872844584,0.016976775630850236,0.23841117991836214,0.30495891753852955,1
850,5000,5,stress,ccmar,0.2558505160746848,full,0.25331660797170863,0.006558060121000332,0.24046304632609958,0.26617016961731765,1
850,5000,5,stress,ccmar,0.2558505160746848,cc,0.22838355263582885,0.027752799639206075,0.17398906487282872,0.282778040398829,1
850,5000,5,stress,ccmar,0.2558505160746848,seq,0.23486426916700412,0.027790500762800294,0.18039588855958263,0.2893326497744256,1
851,5000,5,stress,ccmar,0.2558505160746848,full,0.25466777544414526,0.006765392544611154,0.2414078497154316,0.2679277011728589,1
851,5000,5,stress,ccmar,0.2558505160746848,cc,0.3060256215680195,0.04600970445947731,0.21584825788811204,0.39620298524792696,1
851,5000,5,stress,ccmar,0.2558505160746848,seq,0.311584926204046,0.0477592456111738,0.2179785248773427,0.40519132753074927,1
852,5000,5,stress,ccmar,0.2558505160746848,full,0.2691951228322979,0.006808855730573615,0.2558500108244445,0.28254023484015134,1
852,5000,5,stress,ccmar,0.2558505160746848,cc,0.24313430303787645,0.019105964581894896,0.2056873005674646,0.2805813055082883,1
852,5000,5,stress,ccmar,0.2558505160746848,seq,0.24519840501964904,0.018530628738887972,0.20887904008054572,0.28151776995875233,1
853,5000,5,stress,ccmar,0.2558505160746848,full,0.26103283300024593,0.006699875800656336,0.24790131773006807,0.2741643482704238,1
853,5000,5,stress,ccmar,0.2558505160746848,cc,0.22619972570859365,0.014722062893183703,0.19734501265982005,0.2550544387573673,0
853,5000,5,stress,ccmar,0.2558505160746848,seq,0.22462172581973136,0.01451511366136351,0.19617262581195355,0.25307082582750917,0
854,5000,5,stress,ccmar,0.2558505160746848,full,0.2437062174028084,0.006574769374979749,0.23081990622119117,0.2565925285844256,1
854,5000,5,stress,ccmar,0.2558505160746848,cc,0.24006390812583686,0.014120386103106427,0.21238845991594837,0.2677393563357253,1
854,5000,5,stress,ccmar,0.2558505160746848,seq,0.23904272551877243,0.01450407001175081,0.2106152706664934,0.26747018037105147,1
855,5000,5,stress,ccmar,0.2558505160746848,full,0.25683114720572014,0.006469945224946818,0.2441502875828775,0.2695120068285628,1
855,5000,5,stress,ccmar,0.2558505160746848,cc,0.263379973869573,0.009589651468733274,0.24458460236656415,0.2821753453725819,1
855,5000,5,stress,ccmar,0.2558505160746848,seq,0.26178887556894387,0.009445534541913974,0.24327596805206345,0.2803017830858243,1
856,5000,5,stress,ccmar,0.2558505160746848,full,0.2588820951057349,0.006537155549055208,0.24606950566825053,0.27169468454321927,1
856,5000,5,stress,ccmar,0.2558505160746848,cc,0.23761543929491577,0.011044211491520777,0.21596918253389166,0.2592616960559399,1
856,5000,5,stress,ccmar,0.2558505160746848,seq,0.23833595236235866,0.01089058601781067,0.21699079599691426,0.25968110872780303,1
857,5000,5,stress,ccmar,0.2558505160746848,full,0.25187285097770745,0.006353651315173172,0.23941992322964248,0.2643257787257724,1
857,5000,5,stress,ccmar,0.2558505160746848,cc,0.26093385657770907,0.01283874998264754,0.23577036900520565,0.2860973441502125,1
857,5000,5,stress,ccmar,0.2558505160746848,seq,0.2606473955368837,0.012599327216792786,0.23595316796253457,0.28534162311123284,1
858,5000,5,stress,ccmar,0.2558505160746848,full,0.2520650319850849,0.006058763120658183,0.24019007447773535,0.26393998949243447,1
858,5000,5,stress,ccmar,0.2558505160746848,cc,0.26019148725840857,0.01595885284776428,0.22891271044221612,0.291470264074601,1
858,5000,5,stress,ccmar,0.2558505160746848,seq,0.2606157697820995,0.01649335259658164,0.2282893927084793,0.2929421468557197,1
859,5000,5,stress,ccmar,0.2558505160746848,full,0.25332863137115863,0.00622115890306846,0.24113538397904374,0.26552187876327354,1
859,5000,5,stress,ccmar,0.2558505160746848,cc,0.2680109965042442,0.011804045008146314,0.24487549341638762,0.2911464995921008,1
859,5000,5,stress,ccmar,0.2558505160746848,seq,0.2620805196592035,0.011231206265467352,0.24006775987594686,0.2840932794424601,1
860,5000,5,stress,ccmar,0.2558505160746848,full,0.2525020157146278,0.006870893322312481,0.2390353122612786,0.26596871916797704,1
860,5000,5,stress,ccmar,0.2558505160746848,cc,0.31348639966506553,0.02588982345955631,0.262743278118235,0.36422952121189606,0
860,5000,5,stress,ccmar,0.2558505160746848,seq,0.3173780089904626,0.02899537242982615,0.2605481233096777,0.3742078946712475,0
861,5000,5,stress,ccmar,0.2558505160746848,full,0.257547909129281,0.006898811786529228,0.24402648649156328,0.2710693317669987,1
861,5000,5,stress,ccmar,0.2558505160746848,cc,0.2606479840039768,0.011398980346495937,0.23830639306436488,0.2829895749435888,1
861,5000,5,stress,ccmar,0.2558505160746848,seq,0.25529174432521745,0.011082369106218563,0.2335707000136497,0.2770127886367852,1
862,5000,5,stress,ccmar,0.2558505160746848,full,0.25937280043870375,0.006270127778761217,0.24708357581386764,0.27166202506353987,1
862,5000,5,stress,ccmar,0.2558505160746848,cc,0.22467408970233033,0.02060251888586675,0.18429389469522522,0.26505428470943543,1
862,5000,5,stress,ccmar,0.2558505160746848,seq,0.2225151011589225,0.021449638534073227,0.18047458215073647,0.26455562016710854,1
863,5000,5,stress,ccmar,0.2558505160746848,full,0.25486617654947596,0.006776369058302708,0.24158473724925106,0.26814761584970087,1
863,5000,5,stress,ccmar,0.2558505160746848,cc,0.278705674854912,0.011602599757741328,0.2559649972027058,0.30144635250711815,0
863,5000,5,stress,ccmar,0.2558505160746848,seq,0.2763930775676566,0.01138088860051502,0.25408694579858465,0.2986992093367285,1
864,5000,5,stress,ccmar,0.2558505160746848,full,0.2543002940259564,0.006303472112093752,0.2419457157087,0.2666548723432128,1
864,5000,5,stress,ccmar,0.2558505160746848,cc,0.2438294892510171,0.01360757319265235,0.21715913587642577,0.27049984262560844,1
864,5000,5,stress,ccmar,0.2558505160746848,seq,0.244209273675641,0.012920265649727623,0.21888601833148486,0.26953252901979713,1
865,5000,5,stress,ccmar,0.2558505160746848,full,0.2686424039104637,0.006944579529675621,0.25503127814452536,0.282253529676402,1
865,5000,5,stress,ccmar,0.2558505160746848,cc,0.28490718185144503,0.014958419583931737,0.2555892182013002,0.31422514550158986,1
865,5000,5,stress,ccmar,0.2558505160746848,seq,0.27622349171387306,0.01457264560451978,0.24766163116954837,0.30478535225819775,1
866,5000,5,stress,ccmar,0.2558505160746848,full,0.25298417200953965,0.006493286669807233,0.24025756399542345,0.26571078002365583,1
866,5000,5,stress,ccmar,0.2558505160746848,cc,0.24999754913543265,0.02514076231695388,0.20072256045032127,0.299272537820544,1
866,5000,5,stress,ccmar,0.2558505160746848,seq,0.25838523480102293,0.026872867384136228,0.20571538256679484,0.31105508703525103,1
867,5000,5,stress,ccmar,0.2558505160746848,full,0.2638965859654091,0.007152126194168254,0.2498786762119538,0.2779144957188644,1
867,5000,5,stress,ccmar,0.2558505160746848,cc,0.3024572078678385,0.03985206801037072,0.22434858985807105,0.3805658258776059,1
867,5000,5,stress,ccmar,0.2558505160746848,seq,0.2996231576801647,0.03774634825743786,0.22564167454768025,0.3736046408126491,1
868,5000,5,stress,ccmar,0.2558505160746848,full,0.2585786388333554,0.0067044491184364684,0.24543816002503863,0.2717191176416722,1
868,5000,5,stress,ccmar,0.2558505160746848,cc,0.25119534795614157,0.01290754895606823,0.22589701687356026,0.27649367903872285,1
868,5000,5,stress,ccmar,0.2558505160746848,seq,0.24885792485750757,0.012827623829676695,0.22371624414411348,0.27399960557090164,1
869,5000,5,stress,ccmar,0.2558505160746848,full,0.2510721230096281,0.005912288125177186,0.239484251218057,0.2626599948011992,1
869,5000,5,stress,ccmar,0.2558505160746848,cc,0.27674356359470303,0.009081074600295903,0.2589449844372016,0.29454214275220447,0
869,5000,5,stress,ccmar,0.2558505160746848,seq,0.2755956353271863,0.009012314878266174,0.2579318227484501,0.29325944790592245,0
870,5000,5,stress,ccmar,0.2558505160746848,full,0.2568640948970954,0.006996404061750912,0.24315139491477386,0.27057679487941694,1
870,5000,5,stress,ccmar,0.2558505160746848,cc,0.2463775829165133,0.013194462092224222,0.2205169124203748,0.2722382534126518,1
870,5000,5,stress,ccmar,0.2558505160746848,seq,0.23747861729854677,0.013680871464188409,0.21066460195161574,0.2642926326454778,1
871,5000,5,stress,ccmar,0.2558505160746848,full,0.2514187440421768,0.006453258299295034,0.2387705901926243,0.26406689789172927,1
871,5000,5,stress,ccmar,0.2558505160746848,cc,0.2631961650807114,0.02735224967961021,0.20958674081252818,0.3168055893488947,1
871,5000,5,stress,ccmar,0.2558505160746848,seq,0.26161852511079126,0.03031075734878985,0.20221053236303038,0.32102651785855213,1
872,5000,5,stress,ccmar,0.2558505160746848,full,0.24662161863242482,0.006500288210673727,0.23388128785037401,0.25936194941447566,1
872,5000,5,stress,ccmar,0.2558505160746848,cc,0.2569582629366397,0.013083818136946621,0.2313144506079524,0.28260207526532705,1
872,5000,5,stress,ccmar,0.2558505160746848,seq,0.25272954880715404,0.013589595800438965,0.2260944304738369,0.27936466714047115,1
873,5000,5,stress,ccmar,0.2558505160746848,full,0.25378568934831036,0.006523566163970846,0.2409997346161634,0.26657164408045736,1
873,5000,5,stress,ccmar,0.2558505160746848,cc,0.27382991962189607,0.013095131070768196,0.24816393435035897,0.29949590489343314,1
873,5000,5,stress,ccmar,0.2558505160746848,seq,0.2739590098487893,0.014046182354220199,0.24642899831423568,0.3014890213833429,1
874,5000,5,stress,ccmar,0.2558505160746848,full,0.2545742636629252,0.0062837120454888595,0.2422584143645465,0.2668901129613039,1
874,5000,5,stress,ccmar,0.2558505160746848,cc,0.2501836707294876,0.011787150436724859,0.2270812803931513,0.27328606106582387,1
874,5000,5,stress,ccmar,0.2558505160746848,seq,0.2525077696157497,0.011418824822754633,0.23012728421737869,0.2748882550141208,1
875,5000,5,stress,ccmar,0.2558505160746848,full,0.2504707021541004,0.006764807031801235,0.23721192400940666,0.2637294802987941,1
875,5000,5,stress,ccmar,0.2558505160746848,cc,0.2790818097560836,0.009399951245345756,0.2606582438587735,0.2975053756533937,0
875,5000,5,stress,ccmar,0.2558505160746848,seq,0.27745308498411586,0.009263948088483201,0.25929608037604013,0.2956100895921916,0
876,5000,5,stress,ccmar,0.2558505160746848,full,0.2473661837617933,0.006905308062696652,0.23383202865675382,0.2609003388668328,1
876,5000,5,stress,ccmar,0.2558505160746848,cc,0.23623846786922395,0.011507254779610161,0.21368466294026164,0.2587922727981863,1
876,5000,5,stress,ccmar,0.2558505160746848,seq,0.23452077911051641,0.01108691035982505,0.2127908341054353,0.2562507241155975,1
877,5000,5,stress,ccmar,0.2558505160746848,full,0.2571602954771757,0.006709747231932984,0.24400943255721977,0.2703111583971317,1
877,5000,5,stress,ccmar,0.2558505160746848,cc,0.24981250402562077,0.017594202031204622,0.21532850170773826,0.2842965063435033,1
877,5000,5,stress,ccmar,0.2558505160746848,seq,0.24667661947566585,0.018811206952683308,0.2098073313426771,0.2835459076086546,1
878,5000,5,stress,ccmar,0.2558505160746848,full,0.24359312761438517,0.0067274233267635465,0.230407620185174,0.2567786350435964,1
878,5000,5,stress,ccmar,0.2558505160746848,cc,0.23293229793200582,0.013646004015654934,0.2061866215284332,0.25967797433557843,1
878,5000,5,stress,ccmar,0.2558505160746848,seq,0.2329149500810816,0.013624973870486255,0.20621049200462924,0.259619408157534,1
879,5000,5,stress,ccmar,0.2558505160746848,full,0.27127218096874917,0.0061884539198448435,0.25914303416586754,0.2834013277716308,0
879,5000,5,stress,ccmar,0.2558505160746848,cc,0.2505302149123209,0.01318487604825098,0.2246883327171242,0.27637209710751764,1
879,5000,5,stress,ccmar,0.2558505160746848,seq,0.2509495382607395,0.013021787835253604,0.22542730308932066,0.2764717734321584,1
880,5000,5,stress,ccmar,0.2558505160746848,full,0.2618121259840687,0.0063867298207747015,0.24929436555636236,0.2743298864117751,1
880,5000,5,stress,ccmar,0.2558505160746848,cc,0.29921298628559434,0.014943395797973307,0.2699244687148395,0.3285015038563492,0
880,5000,5,stress,ccmar,0.2558505160746848,seq,0.29606454666289567,0.013723061165366614,0.26916784102113683,0.3229612523046545,0
881,5000,5,stress,ccmar,0.2558505160746848,full,0.2676278441125163,0.006501104085195335,0.2548859142457872,0.28036977397924534,1
881,5000,5,stress,ccmar,0.2558505160746848,cc,0.25560221026426677,0.013596629647303071,0.22895330584442322,0.28225111468411035,1
881,5000,5,stress,ccmar,0.2558505160746848,seq,0.25546197267416393,0.013109062688484666,0.22976868193365618,0.2811552634146717,1
882,5000,5,stress,ccmar,0.2558505160746848,full,0.2685862343938638,0.0068028320574077,0.2552529285684702,0.2819195402192574,1
882,5000,5,stress,ccmar,0.2558505160746848,cc,0.2319306443602798,0.013948627046852582,0.20459183771466743,0.25926945100589216,1
882,5000,5,stress,ccmar,0.2558505160746848,seq,0.227629080352024,0.014422934333739786,0.1993606485065078,0.2558975121975402,1
883,5000,5,stress,ccmar,0.2558505160746848,full,0.24755162366109107,0.007050347740270279,0.23373319601167797,0.26137005131050417,1
883,5000,5,stress,ccmar,0.2558505160746848,cc,0.2851636052959677,0.015447377637384256,0.2548873014711051,0.31543990912083025,1
883,5000,5,stress,ccmar,0.2558505160746848,seq,0.2898509761353117,0.014872460802269205,0.26070148860138037,0.319000463669243,0
884,5000,5,stress,ccmar,0.2558505160746848,full,0.2555317453238943,0.006678974822015399,0.24244119521909427,0.26862229542869426,1
884,5000,5,stress,ccmar,0.2558505160746848,cc,0.2533659860356336,0.02452973184763679,0.20528859506384034,0.30144337700742685,1
884,5000,5,stress,ccmar,0.2558505160746848,seq,0.25611158772492615,0.023589134511730506,0.20987773365546353,0.30234544179438877,1
885,5000,5,stress,ccmar,0.2558505160746848,full,0.255261259055674,0.006300672330009845,0.24291216821046663,0.26761034990088134,1
885,5000,5,stress,ccmar,0.2558505160746848,cc,0.29238881575798165,0.013880933453180984,0.2651826861179497,0.3195949453980136,0
885,5000,5,stress,ccmar,0.2558505160746848,seq,0.2905467116745485,0.013596441139144724,0.2638981767239061,0.3171952466251909,0
886,5000,5,stress,ccmar,0.2558505160746848,full,0.26240355574854013,0.006799623133287139,0.24907653929885193,0.27573057219822833,1
886,5000,5,stress,ccmar,0.2558505160746848,cc,0.29062385451844813,0.025086139744412005,0.24145592410826178,0.3397917849286345,1
886,5000,5,stress,ccmar,0.2558505160746848,seq,0.2887197692269645,0.028823309285491035,0.23222712111214316,0.34521241734178587,1
887,5000,5,stress,ccmar,0.2558505160746848,full,0.25719679157327835,0.006648636656331779,0.24416570318057526,0.27022787996598147,1
887,5000,5,stress,ccmar,0.2558505160746848,cc,0.26802340150541265,0.013904872771748613,0.24077035166317373,0.29527645134765157,1
887,5000,5,stress,ccmar,0.2558505160746848,seq,0.27181479904048866,0.014111610402352039,0.24415655088801788,0.2994730471929594,1
888,5000,5,stress,ccmar,0.2558505160746848,full,0.254171107857199,0.007291900606854224,0.23987924528891894,0.268462970425479,1
888,5000,5,stress,ccmar,0.2558505160746848,cc,0.2821909345082367,0.017789123840339705,0.247324892464648,0.31705697655182535,1
888,5000,5,stress,ccmar,0.2558505160746848,seq,0.27985689467006464,0.01683708504378049,0.24685681437961687,0.3128569749605124,1
889,5000,5,stress,ccmar,0.2558505160746848,full,0.2601134118713777,0.006268079254591424,0.24782820228013586,0.27239862146261956,1
889,5000,5,stress,ccmar,0.2558505160746848,cc,0.24617047238705944,0.013443100717974898,0.2198224791392841,0.2725184656348348,1
889,5000,5,stress,ccmar,0.2558505160746848,seq,0.24888772503361437,0.013203429292950323,0.22300947914701058,0.27476597092021815,1
890,5000,5,stress,ccmar,0.2558505160746848,full,0.2577109955240099,0.0062075379802112324,0.24554444465013137,0.2698775463978884,1
890,5000,5,stress,ccmar,0.2558505160746848,cc,0.2766068940014267,0.013832003235023602,0.2494966658267389,0.30371712217611446,1
890,5000,5,stress,ccmar,0.2558505160746848,seq,0.2771347244166229,0.01392686590822558,0.24983856881898206,0.30443088001426377,1
891,5000,5,stress,ccmar,0.2558505160746848,full,0.2433206794630215,0.006600602124632427,0.23038373702246337,0.2562576219035796,1
891,5000,5,stress,ccmar,0.2558505160746848,cc,0.32635216190018257,0.06665611438747654,0.19570857835134642,0.4569957454490187,1
891,5000,5,stress,ccmar,0.2558505160746848,seq,0.3296214556237223,0.06847820227992228,0.19540664542902603,0.4638362658184186,1
892,5000,5,stress,ccmar,0.2558505160746848,full,0.2655601424002809,0.0065909092954028435,0.2526421975559211,0.27847808724464074,1
892,5000,5,stress,ccmar,0.2558505160746848,cc,0.2607717696113842,0.01068425654777482,0.2398310115761593,0.2817125276466091,1
892,5000,5,stress,ccmar,0.2558505160746848,seq,0.26382866828681834,0.01072609739110267,0.24280590370558808,0.2848514328680486,1
893,5000,5,stress,ccmar,0.2558505160746848,full,0.2558917796320461,0.006464803246464039,0.24322099810183898,0.26856256116225324,1
893,5000,5,stress,ccmar,0.2558505160746848,cc,0.2686462042994558,0.011399520295659582,0.24630355507892962,0.29098885351998194,1
893,5000,5,stress,ccmar,0.2558505160746848,seq,0.2756599331520239,0.011130527806350158,0.253844499522656,0.29747536678139186,1
894,5000,5,stress,ccmar,0.2558505160746848,full,0.2494190712958556,0.006613677809566162,0.23645650098375418,0.262381641607957,1
894,5000,5,stress,ccmar,0.2558505160746848,cc,0.29883549668798864,0.026402350047676673,0.247087841487323,0.3505831518886543,1
894,5000,5,stress,ccmar,0.2558505160746848,seq,0.2971071758928995,0.028346492816300698,0.24154907088492675,0.35266528090087224,1
895,5000,5,stress,ccmar,0.2558505160746848,full,0.24874948127646376,0.006906795299410384,0.23521241124102887,0.26228655131189865,1
895,5000,5,stress,ccmar,0.2558505160746848,cc,0.2727251814597361,0.012641822209240303,0.24794766523066655,0.2975026976888057,1
895,5000,5,stress,ccmar,0.2558505160746848,seq,0.2790239498415446,0.012527947147018971,0.2544696246331661,0.30357827504992313,1
896,5000,5,stress,ccmar,0.2558505160746848,full,0.24673596908524317,0.00640346186806587,0.2341854144474585,0.25928652372302785,1
896,5000,5,stress,ccmar,0.2558505160746848,cc,0.24901116846739488,0.020846728556400247,0.20815233130136773,0.289870005633422,1
896,5000,5,stress,ccmar,0.2558505160746848,seq,0.24702693220691127,0.021492456213899315,0.20490249208836453,0.289151372325458,1
897,5000,5,stress,ccmar,0.2558505160746848,full,0.24045571338320343,0.0062917450929936645,0.22812411960102924,0.2527873071653776,0
897,5000,5,stress,ccmar,0.2558505160746848,cc,0.2584427634391167,0.02095190287640354,0.2173777883937846,0.2995077384844488,1
897,5000,5,stress,ccmar,0.2558505160746848,seq,0.25377494530129086,0.018076098580517744,0.21834644310248047,0.28920344750010124,1
898,5000,5,stress,ccmar,0.2558505160746848,full,0.2514484650004566,0.006815231467772757,0.23809085677731795,0.26480607322359523,1
898,5000,5,stress,ccmar,0.2558505160746848,cc,0.23016974681651964,0.014224090445189502,0.2022910418311079,0.25804845180193137,1
898,5000,5,stress,ccmar,0.2558505160746848,seq,0.22979042934394717,0.014762215945322576,0.20085701775911202,0.2587238409287823,1
899,5000,5,stress,ccmar,0.2558505160746848,full,0.2503003519668536,0.007335678568587548,0.23592268617025963,0.2646780177634475,1
899,5000,5,stress,ccmar,0.2558505160746848,cc,0.24491755617347954,0.01357013507416942,0.2183205801627637,0.27151453218419536,1
899,5000,5,stress,ccmar,0.2558505160746848,seq,0.24508400981661288,0.013259539481931702,0.21909578998043985,0.2710722296527859,1
900,5000,5,stress,ccmar,0.2558505160746848,full,0.2510836424260348,0.006417503655969561,0.23850556638968035,0.2636617184623893,1
900,5000,5,stress,ccmar,0.2558505160746848,cc,0.24056135159698383,0.012280985251500256,0.21649106280937574,0.2646316403845919,1
900,5000,5,stress,ccmar,0.2558505160746848,seq,0.24546071981452133,0.01173725958563803,0.22245611374947327,0.2684653258795694,1
901,5000,5,stress,ccmar,0.2558505160746848,full,0.2546901775964151,0.0066715843375423035,0.24161411257501067,0.2677662426178195,1
901,5000,5,stress,ccmar,0.2558505160746848,cc,0.2685249353488617,0.014379128534811395,0.24034236129155914,0.2967075094061642,1
901,5000,5,stress,ccmar,0.2558505160746848,seq,0.27096185163813646,0.014464113905712296,0.2426127093146554,0.29931099396161753,1
902,5000,5,stress,ccmar,0.2558505160746848,full,0.2426573700383059,0.006558225361947739,0.22980348452639116,0.25551125555022064,0
902,5000,5,stress,ccmar,0.2558505160746848,cc,0.2247949026177349,0.016147973615394676,0.1931454559082583,0.2564443493272115,1
902,5000,5,stress,ccmar,0.2558505160746848,seq,0.21935568475527262,0.016402240818863604,0.1872078834845472,0.25150348602599804,0
903,5000,5,stress,ccmar,0.2558505160746848,full,0.25847914915484216,0.006573761599529157,0.2455948131768126,0.27136348513287173,1
903,5000,5,stress,ccmar,0.2558505160746848,cc,0.26651637926609484,0.011847435413849826,0.2432958325457848,0.2897369259864049,1
903,5000,5,stress,ccmar,0.2558505160746848,seq,0.27190049423412405,0.011476500845212664,0.24940696590896375,0.2943940225592844,1
904,5000,5,stress,ccmar,0.2558505160746848,full,0.2648060276109753,0.007055437295704027,0.25097762461621476,0.2786344306057359,1
904,5000,5,stress,ccmar,0.2558505160746848,cc,0.24579763503776147,0.012416417241662217,0.22146190442708136,0.2701333656484416,1
904,5000,5,stress,ccmar,0.2558505160746848,seq,0.24308451794646363,0.012343808389709566,0.21889109807056953,0.26727793782235776,1
905,5000,5,stress,ccmar,0.2558505160746848,full,0.2649095257015,0.00657549047922753,0.252021801181528,0.277797250221472,1
905,5000,5,stress,ccmar,0.2558505160746848,cc,0.3050248294950752,0.016556631938307562,0.2725744271907068,0.3374752317994436,0
905,5000,5,stress,ccmar,0.2558505160746848,seq,0.30497411789095225,0.015826330743915346,0.2739550796254592,0.3359931561564453,0
906,5000,5,stress,ccmar,0.2558505160746848,full,0.25307379601426966,0.006061896354874909,0.2411926974807002,0.2649548945478391,1
906,5000,5,stress,ccmar,0.2558505160746848,cc,0.2698522983984336,0.015096598324961324,0.2402635093924417,0.2994410874044255,1
906,5000,5,stress,ccmar,0.2558505160746848,seq,0.2695769020234668,0.015035573035737177,0.24010772038650036,0.2990460836604332,1
907,5000,5,stress,ccmar,0.2558505160746848,full,0.2543116811682055,0.006823115081447195,0.24093862134619692,0.2676847409902141,1
907,5000,5,stress,ccmar,0.2558505160746848,cc,0.23083736114264303,0.038431793992056436,0.1555124290569496,0.30616229322833644,1
907,5000,5,stress,ccmar,0.2558505160746848,seq,0.23317715405107056,0.03345178643736631,0.16761285741530715,0.298741450686834,1
908,5000,5,stress,ccmar,0.2558505160746848,full,0.24917870546476034,0.006289841170068125,0.23685084330294953,0.26150656762657115,1
908,5000,5,stress,ccmar,0.2558505160746848,cc,0.25906457860713866,0.012187939642542493,0.2351766558620074,0.2829525013522699,1
908,5000,5,stress,ccmar,0.2558505160746848,seq,0.25650105045378013,0.012240649969592269,0.23250981736601797,0.28049228354154226,1
909,5000,5,stress,ccmar,0.2558505160746848,full,0.2615785372555051,0.006364820916823955,0.24910371749048296,0.2740533570205273,1
909,5000,5,stress,ccmar,0.2558505160746848,cc,0.2606048417046075,0.012724412081990122,0.23566545229946056,0.28554423110975446,1
909,5000,5,stress,ccmar,0.2558505160746848,seq,0.2601679447393484,0.012518347516307274,0.2356324344614297,0.28470345501726707,1
910,5000,5,stress,ccmar,0.2558505160746848,full,0.2633598507123297,0.006840135612488037,0.24995343126248332,0.2767662701621761,1
910,5000,5,stress,ccmar,0.2558505160746848,cc,0.23889700327490188,0.010814908631295236,0.21770017186147184,0.2600938346883319,1
910,5000,5,stress,ccmar,0.2558505160746848,seq,0.24276243105424,0.011100848068415119,0.22100516864229536,0.26451969346618465,1
911,5000,5,stress,ccmar,0.2558505160746848,full,0.24817065248221676,0.007182547874541534,0.23409311733088065,0.2622481876335529,1
911,5000,5,stress,ccmar,0.2558505160746848,cc,0.2596137095379931,0.01800614062557728,0.22432232241129813,0.2949050966646881,1
911,5000,5,stress,ccmar,0.2558505160746848,seq,0.2616337540907147,0.017995800106450615,0.22636263400908943,0.29690487417234,1
912,5000,5,stress,ccmar,0.2558505160746848,full,0.2530486381212388,0.006484707177637079,0.24033884560278174,0.26575843063969584,1
912,5000,5,stress,ccmar,0.2558505160746848,cc,0.2652298509067296,0.011393392516898424,0.24289921191188055,0.2875604899015787,1
912,5000,5,stress,ccmar,0.2558505160746848,seq,0.2652387658718656,0.010936937026009326,0.24380276319970473,0.2866747685440265,1
913,5000,5,stress,ccmar,0.2558505160746848,full,0.25895266872130707,0.0062768922308392055,0.24665018601402294,0.2712551514285912,1
913,5000,5,stress,ccmar,0.2558505160746848,cc,0.26105414952052786,0.012984893544059855,0.23560422583108387,0.28650407320997184,1
913,5000,5,stress,ccmar,0.2558505160746848,seq,0.2667531929020623,0.012912659957982561,0.24144484443980396,0.2920615413643206,1
914,5000,5,stress,ccmar,0.2558505160746848,full,0.2545345138387089,0.0069429903606944305,0.24092650278673905,0.26814252489067875,1
914,5000,5,stress,ccmar,0.2558505160746848,cc,0.2728571234514493,0.016445768040692754,0.24062401039359166,0.30509023650930694,1
914,5000,5,stress,ccmar,0.2558505160746848,seq,0.2762173344412072,0.01597405933198933,0.2449087534636022,0.30752591541881225,1
915,5000,5,stress,ccmar,0.2558505160746848,full,0.2564917736904016,0.006484872177801123,0.24378165777756558,0.26920188960323765,1
915,5000,5,stress,ccmar,0.2558505160746848,cc,0.27340515548851324,0.01466433367056766,0.24466358963692258,0.3021467213401039,1
915,5000,5,stress,ccmar,0.2558505160746848,seq,0.2785637904988681,0.016793205737795452,0.2456497120678176,0.3114778689299186,1
916,5000,5,stress,ccmar,0.2558505160746848,full,0.26155414484906553,0.006803373483046829,0.2482197778489189,0.27488851184921215,1
916,5000,5,stress,ccmar,0.2558505160746848,cc,0.23072689234420313,0.014012481697020143,0.20326293288401695,0.2581908518043893,1
916,5000,5,stress,ccmar,0.2558505160746848,seq,0.2235856231119342,0.01467440905457475,0.1948243098705592,0.2523469363533092,0
917,5000,5,stress,ccmar,0.2558505160746848,full,0.2572800330461024,0.006203598694510969,0.24512120303032123,0.26943886306188364,1
917,5000,5,stress,ccmar,0.2558505160746848,cc,0.23598771338387864,0.01305291347712831,0.21040447307538968,0.2615709536923676,1
917,5000,5,stress,ccmar,0.2558505160746848,seq,0.23898911717941496,0.01274921997369628,0.21400110519999155,0.26397712915883836,1
918,5000,5,stress,ccmar,0.2558505160746848,full,0.24752033083620445,0.0071420364179175825,0.23352219668081253,0.26151846499159637,1
918,5000,5,stress,ccmar,0.2558505160746848,cc,0.20038839981305517,0.02463575885881788,0.15210319971795855,0.2486735999081518,0
918,5000,5,stress,ccmar,0.2558505160746848,seq,0.2003224187996219,0.023562066760794174,0.15414161654713698,0.2465032210521068,0
919,5000,5,stress,ccmar,0.2558505160746848,full,0.2505714247119015,0.006342450192863907,0.23814045076014914,0.2630023986636539,1
919,5000,5,stress,ccmar,0.2558505160746848,cc,0.23661381138114093,0.014187822826482503,0.20880618962219996,0.26442143314008193,1
919,5000,5,stress,ccmar,0.2558505160746848,seq,0.2417468172690541,0.014125105187280924,0.21406211982414358,0.2694315147139646,1
920,5000,5,stress,ccmar,0.2558505160746848,full,0.25895667795821165,0.006865655985535201,0.2455002394963208,0.27241311642010246,1
920,5000,5,stress,ccmar,0.2558505160746848,cc,0.24348043050512475,0.013278435374393566,0.21745517540027073,0.2695056856099788,1
920,5000,5,stress,ccmar,0.2558505160746848,seq,0.25309833871284,0.012654060687498728,0.22829683550715832,0.27789984191852163,1
921,5000,5,stress,ccmar,0.2558505160746848,full,0.25138530391015085,0.006818885388616329,0.23802053413375643,0.26475007368654524,1
921,5000,5,stress,ccmar,0.2558505160746848,cc,0.20850238434128365,0.029185664089539893,0.15129953386090148,0.26570523482166586,1
921,5000,5,stress,ccmar,0.2558505160746848,seq,0.20058412941241863,0.031683132718730245,0.13848633036630476,0.2626819284585325,1
922,5000,5,stress,ccmar,0.2558505160746848,full,0.24571660153765443,0.008891675527033651,0.22828923774245227,0.2631439653328566,1
922,5000,5,stress,ccmar,0.2558505160746848,cc,0.2562523439219934,0.014025392777614389,0.22876307920884104,0.2837416086351458,1
922,5000,5,stress,ccmar,0.2558505160746848,seq,0.2630032956263564,0.014429650904920637,0.23472169954322614,0.2912848917094866,1
923,5000,5,stress,ccmar,0.2558505160746848,full,0.25482388076862017,0.006637374984727287,0.2418148648466676,0.26783289669057275,1
923,5000,5,stress,ccmar,0.2558505160746848,cc,0.2845187806861386,0.011180711318330434,0.2626049891806716,0.30643257219160563,0
923,5000,5,stress,ccmar,0.2558505160746848,seq,0.2821809698149905,0.010671046143663768,0.2612661036960445,0.3030958359339365,0
924,5000,5,stress,ccmar,0.2558505160746848,full,0.24909291042323012,0.006641790823011003,0.23607523961727991,0.26211058122918035,1
924,5000,5,stress,ccmar,0.2558505160746848,cc,0.26251398382640545,0.018865507496377023,0.2255382685834361,0.29948969906937484,1
924,5000,5,stress,ccmar,0.2558505160746848,seq,0.257825065410693,0.017461458757054196,0.22360123512933525,0.2920488956920508,1
925,5000,5,stress,ccmar,0.2558505160746848,full,0.26958920737063,0.007271880768492574,0.2553365829645151,0.28384183177674494,1
925,5000,5,stress,ccmar,0.2558505160746848,cc,0.24489784503997525,0.012636172691970328,0.22013140166128486,0.26966428841866563,1
925,5000,5,stress,ccmar,0.2558505160746848,seq,0.24609666424935084,0.012078723396800365,0.2224228014124008,0.26977052708630084,1
926,5000,5,stress,ccmar,0.2558505160746848,full,0.2607711849327334,0.007189331597548737,0.24668035392862203,0.27486201593684473,1
926,5000,5,stress,ccmar,0.2558505160746848,cc,0.2607542079215724,0.01314473022669604,0.23499101009075313,0.28651740575239165,1
926,5000,5,stress,ccmar,0.2558505160746848,seq,0.2640336997338208,0.01272554738859884,0.23909208516860933,0.2889753142990323,1
927,5000,5,stress,ccmar,0.2558505160746848,full,0.26645035869882705,0.0064094083035166356,0.2538881492617225,0.2790125681359316,1
927,5000,5,stress,ccmar,0.2558505160746848,cc,0.29410772426464116,0.012014969878218776,0.27055881602799875,0.31765663250128356,0
927,5000,5,stress,ccmar,0.2558505160746848,seq,0.29221332847338527,0.011535402507462234,0.26960435501158625,0.3148223019351843,0
928,5000,5,stress,ccmar,0.2558505160746848,full,0.24619685215202403,0.0064457887010080425,0.23356333844609303,0.258830365857955,1
928,5000,5,stress,ccmar,0.2558505160746848,cc,0.2388412721651347,0.010454716843915754,0.21835040368249556,0.2593321406477738,1
928,5000,5,stress,ccmar,0.2558505160746848,seq,0.2379358453809255,0.010502315013632118,0.21735168619991224,0.25852000456193874,1
929,5000,5,stress,ccmar,0.2558505160746848,full,0.2503421747643431,0.006862454548270372,0.2368920110041901,0.26379233852449613,1
929,5000,5,stress,ccmar,0.2558505160746848,cc,0.2562664240833638,0.013340115604518081,0.2301202779489076,0.28241257021782,1
929,5000,5,stress,ccmar,0.2558505160746848,seq,0.2537531046729781,0.013065460266597322,0.22814527310900828,0.27936093623694797,1
930,5000,5,stress,ccmar,0.2558505160746848,full,0.24515025695294682,0.006528571229771094,0.2323544924720911,0.2579460214338025,1
930,5000,5,stress,ccmar,0.2558505160746848,cc,0.2748776042284385,0.011650329194836209,0.252043378598524,0.297711829858353,1
930,5000,5,stress,ccmar,0.2558505160746848,seq,0.2731209242392406,0.010930927781318754,0.25169669947024753,0.2945451490082337,1
931,5000,5,stress,ccmar,0.2558505160746848,full,0.2544517152328721,0.006085017306100038,0.24252530046761306,0.2663781299981311,1
931,5000,5,stress,ccmar,0.2558505160746848,cc,0.2683277451937766,0.025631887244839068,0.21809016933810044,0.3185653210494528,1
931,5000,5,stress,ccmar,0.2558505160746848,seq,0.27018600200641124,0.027278155588168377,0.2167217994889212,0.32365020452390125,1
932,5000,5,stress,ccmar,0.2558505160746848,full,0.24847153814301365,0.006486841778115395,0.2357575618844977,0.2611855144015296,1
932,5000,5,stress,ccmar,0.2558505160746848,cc,0.2564362275278642,0.012482032245163996,0.23197189387347517,0.28090056118225326,1
932,5000,5,stress,ccmar,0.2558505160746848,seq,0.25614477856407686,0.012858833127175593,0.23094192875160213,0.2813476283765516,1
933,5000,5,stress,ccmar,0.2558505160746848,full,0.26024667802400575,0.007061240735010068,0.2464069004972189,0.27408645555079264,1
933,5000,5,stress,ccmar,0.2558505160746848,cc,0.19964676359004627,0.018863949028860814,0.16267410288727974,0.2366194242928128,0
933,5000,5,stress,ccmar,0.2558505160746848,seq,0.19168091133820275,0.020842949422977708,0.15082948113757655,0.23253234153882896,0
934,5000,5,stress,ccmar,0.2558505160746848,full,0.2507828620295998,0.006739042615437834,0.23757458121306105,0.26399114284613856,1
934,5000,5,stress,ccmar,0.2558505160746848,cc,0.25707066930937367,0.015668054516672216,0.226361846748886,0.28777949186986135,1
934,5000,5,stress,ccmar,0.2558505160746848,seq,0.25347592548621717,0.01686206549445276,0.22042688441213418,0.28652496656030013,1
935,5000,5,stress,ccmar,0.2558505160746848,full,0.2777127877490508,0.006790464606422593,0.2644037216821685,0.29102185381593304,0
935,5000,5,stress,ccmar,0.2558505160746848,cc,0.20490719259973633,0.06621945351510712,0.07511944863420209,0.3346949365652706,1
935,5000,5,stress,ccmar,0.2558505160746848,seq,0.18126153258543798,0.09462087403684936,-0.0041919727124878625,0.3667150378833638,1
936,5000,5,stress,ccmar,0.2558505160746848,full,0.2505286406325963,0.0068822137829810896,0.23703974948404818,0.2640175317811444,1
936,5000,5,stress,ccmar,0.2558505160746848,cc,0.2721036776345313,0.010815950612443994,0.25090480397557713,0.2933025512934855,1
936,5000,5,stress,ccmar,0.2558505160746848,seq,0.2713878233873503,0.010939920276543499,0.24994597365158555,0.29282967312311503,1
937,5000,5,stress,ccmar,0.2558505160746848,full,0.2450792901928502,0.006530537481264578,0.23227967192988272,0.2578789084558177,1
937,5000,5,stress,ccmar,0.2558505160746848,cc,0.2483340290123738,0.022790495302212138,0.2036654790302087,0.2930025789945389,1
937,5000,5,stress,ccmar,0.2558505160746848,seq,0.24543619792241048,0.023041416078167856,0.20027585225639932,0.29059654358842163,1
938,5000,5,stress,ccmar,0.2558505160746848,full,0.2453898578978965,0.006714012673789277,0.23223063486552403,0.25854908093026896,1
938,5000,5,stress,ccmar,0.2558505160746848,cc,0.2703461293117026,0.009387960005762166,0.2519460658121063,0.2887461928112989,1
938,5000,5,stress,ccmar,0.2558505160746848,seq,0.2666035273354514,0.009668681810819675,0.2476532592082673,0.2855537954626355,1
939,5000,5,stress,ccmar,0.2558505160746848,full,0.23952630864357688,0.006259677132922261,0.22725756690820031,0.25179505037895344,0
939,5000,5,stress,ccmar,0.2558505160746848,cc,0.25620005112499905,0.011385967330352131,0.2338839652283592,0.2785161370216389,1
939,5000,5,stress,ccmar,0.2558505160746848,seq,0.2585262872735968,0.01081502434939447,0.23732922905685988,0.2797233454903337,1
940,5000,5,stress,ccmar,0.2558505160746848,full,0.25503815728622065,0.006283715502091299,0.24272230121302568,0.2673540133594156,1
940,5000,5,stress,ccmar,0.2558505160746848,cc,0.2543794675941666,0.012030034494150521,0.23080103325285703,0.27795790193547615,1
940,5000,5,stress,ccmar,0.2558505160746848,seq,0.25615383483872073,0.011887839205617702,0.2328540981417068,0.2794535715357347,1
941,5000,5,stress,ccmar,0.2558505160746848,full,0.27526553447516333,0.006605108582587967,0.2623197595393145,0.28821130941101214,0
941,5000,5,stress,ccmar,0.2558505160746848,cc,0.28428841538613536,0.010645484109395887,0.26342364993372597,0.30515318083854476,0
941,5000,5,stress,ccmar,0.2558505160746848,seq,0.28056061935147225,0.010639873943723595,0.25970684962172785,0.30141438908121665,0
942,5000,5,stress,ccmar,0.2558505160746848,full,0.25664656137230313,0.006870960177443003,0.2431797268853059,0.27011339585930033,1
942,5000,5,stress,ccmar,0.2558505160746848,cc,0.2811779277536146,0.015364699166229775,0.25106367075451164,0.3112921847527176,1
942,5000,5,stress,ccmar,0.2558505160746848,seq,0.27873062984587194,0.015074329020395775,0.24918548787478925,0.3082757718169546,1
943,5000,5,stress,ccmar,0.2558505160746848,full,0.26274260593567406,0.006667180108383985,0.24967517304479958,0.27581003882654853,1
943,5000,5,stress,ccmar,0.2558505160746848,cc,0.2745541965164989,0.03234749714826099,0.2111542671158953,0.33795412591710255,1
943,5000,5,stress,ccmar,0.2558505160746848,seq,0.27296617424764813,0.031253833797794145,0.2117097856251709,0.33422256287012536,1
944,5000,5,stress,ccmar,0.2558505160746848,full,0.2561437502901259,0.006150556805618608,0.24408888046624574,0.26819862011400614,1
944,5000,5,stress,ccmar,0.2558505160746848,cc,0.23427146406521387,0.01274555359461512,0.20929063805674322,0.25925229007368455,1
944,5000,5,stress,ccmar,0.2558505160746848,seq,0.23785240325202675,0.012638185536336983,0.21308201477087124,0.26262279173318226,1
945,5000,5,stress,ccmar,0.2558505160746848,full,0.25861645602869554,0.0066501738036112935,0.24558235488268565,0.27165055717470543,1
945,5000,5,stress,ccmar,0.2558505160746848,cc,0.24381654986758566,0.015202788391316491,0.2140196321560217,0.2736134675791496,1
945,5000,5,stress,ccmar,0.2558505160746848,seq,0.23633984019164708,0.014183860577143855,0.20853998429870763,0.26413969608458654,1
946,5000,5,stress,ccmar,0.2558505160746848,full,0.24769639178905217,0.006838961990006603,0.23429227259700086,0.2611005109811035,1
946,5000,5,stress,ccmar,0.2558505160746848,cc,0.20942455854009936,0.027485495073425383,0.1555539780989325,0.2632951389812662,1
946,5000,5,stress,ccmar,0.2558505160746848,seq,0.20685097844600142,0.026987731489499102,0.15395599670214566,0.2597459601898572,1
947,5000,5,stress,ccmar,0.2558505160746848,full,0.2535964990057102,0.00701574936064635,0.23984588293428344,0.26734711507713693,1
947,5000,5,stress,ccmar,0.2558505160746848,cc,0.2578394004566169,0.014086616988650451,0.23023013849485197,0.28544866241838185,1
947,5000,5,stress,ccmar,0.2558505160746848,seq,0.25887727952069683,0.0136939437495328,0.23203764296529517,0.2857169160760985,1
948,5000,5,stress,ccmar,0.2558505160746848,full,0.2519603371490916,0.00631114395373364,0.23959072229852596,0.26432995199965725,1
948,5000,5,stress,ccmar,0.2558505160746848,cc,0.26395412980404026,0.023794907007888496,0.21731696905309905,0.31059129055498147,1
948,5000,5,stress,ccmar,0.2558505160746848,seq,0.26585347473778287,0.023945916895606444,0.21892034004560507,0.31278660942996067,1
949,5000,5,stress,ccmar,0.2558505160746848,full,0.2507895350307761,0.006925655877766616,0.2372154989410354,0.26436357112051684,1
949,5000,5,stress,ccmar,0.2558505160746848,cc,0.2524677607475877,0.013208507295650642,0.22657956215857789,0.2783559593365975,1
949,5000,5,stress,ccmar,0.2558505160746848,seq,0.2584400060075012,0.013211842166718817,0.2325452711913047,0.28433474082369775,1
950,5000,5,stress,ccmar,0.2558505160746848,full,0.2558075017789285,0.006713547839263165,0.24264918980548603,0.26896581375237105,1
950,5000,5,stress,ccmar,0.2558505160746848,cc,0.3129316700888109,0.009365335782437534,0.29457594925210906,0.33128739092551274,0
950,5000,5,stress,ccmar,0.2558505160746848,seq,0.3120060333986343,0.00911134487333798,0.2941481255961682,0.3298639412011004,0
951,5000,5,stress,ccmar,0.2558505160746848,full,0.26196691031468994,0.006571475157863915,0.249087055679977,0.27484676494940286,1
951,5000,5,stress,ccmar,0.2558505160746848,cc,0.26453130146328174,0.01361392926028317,0.2378484904250507,0.2912141125015128,1
951,5000,5,stress,ccmar,0.2558505160746848,seq,0.26458754985780214,0.013964294172615136,0.2372180362099539,0.29195706350565037,1
952,5000,5,stress,ccmar,0.2558505160746848,full,0.26838780815607505,0.006606659011535309,0.25543899443532886,0.28133662187682124,1
952,5000,5,stress,ccmar,0.2558505160746848,cc,0.2704091753989256,0.00976221749202088,0.25127558070531775,0.2895427700925335,1
952,5000,5,stress,ccmar,0.2558505160746848,seq,0.2712882519181214,0.009158437687268756,0.25333804389642034,0.28923845993982245,1
953,5000,5,stress,ccmar,0.2558505160746848,full,0.26098778310368687,0.0064381413691479514,0.2483692578927795,0.27360630831459426,1
953,5000,5,stress,ccmar,0.2558505160746848,cc,0.23827422335480627,0.014732901109234392,0.20939826779291665,0.2671501789166959,1
953,5000,5,stress,ccmar,0.2558505160746848,seq,0.23780780767672294,0.01444606545607752,0.2094940396645028,0.26612157568894307,1
954,5000,5,stress,ccmar,0.2558505160746848,full,0.25554592145684984,0.006508971912398898,0.24278857093216522,0.2683032719815345,1
954,5000,5,stress,ccmar,0.2558505160746848,cc,0.24805643071385822,0.011954732659609465,0.22462558525621892,0.2714872761714975,1
954,5000,5,stress,ccmar,0.2558505160746848,seq,0.24916616743542427,0.011616024372049621,0.2263991780226675,0.27193315684818103,1
955,5000,5,stress,ccmar,0.2558505160746848,full,0.2599347144400805,0.006404207453990271,0.2473826984807366,0.2724867303994244,1
955,5000,5,stress,ccmar,0.2558505160746848,cc,0.27410642173830213,0.00907601418703603,0.2563177608085369,0.29189508266806735,0
955,5000,5,stress,ccmar,0.2558505160746848,seq,0.2747853641495554,0.00863486587257675,0.25786133802797095,0.29170939027113985,0
956,5000,5,stress,ccmar,0.2558505160746848,full,0.2560629049169387,0.006487247560999075,0.24334813333858524,0.2687776764952922,1
956,5000,5,stress,ccmar,0.2558505160746848,cc,0.24660081430088215,0.011562568382010014,0.22393859670336097,0.26926303189840334,1
956,5000,5,stress,ccmar,0.2558505160746848,seq,0.2434905635270515,0.011928104448854624,0.22011190840346445,0.26686921865063856,1
957,5000,5,stress,ccmar,0.2558505160746848,full,0.2518484452484415,0.006311477438132562,0.23947817678046457,0.2642187137164185,1
957,5000,5,stress,ccmar,0.2558505160746848,cc,0.25415932336044234,0.011764438304938033,0.23110144798442034,0.27721719873646433,1
957,5000,5,stress,ccmar,0.2558505160746848,seq,0.2524054630151018,0.012526316280068537,0.22785433424720972,0.27695659178299387,1
958,5000,5,stress,ccmar,0.2558505160746848,full,0.2424152417082192,0.0066938359559641685,0.2292955643161102,0.2555349191003282,0
958,5000,5,stress,ccmar,0.2558505160746848,cc,0.24025106298632673,0.011942621683500347,0.21684395460567896,0.2636581713669745,1
958,5000,5,stress,ccmar,0.2558505160746848,seq,0.2435478975401611,0.011791548362471456,0.2204368874277548,0.2666589076525674,1
959,5000,5,stress,ccmar,0.2558505160746848,full,0.25976122095507487,0.006982665694397824,0.24607544767797176,0.273446994232178,1
959,5000,5,stress,ccmar,0.2558505160746848,cc,0.2538926897804352,0.013356974759648617,0.2277135003091134,0.280071879251757,1
959,5000,5,stress,ccmar,0.2558505160746848,seq,0.25975696492162176,0.013216830087730051,0.2338524539598855,0.285661475883358,1
960,5000,5,stress,ccmar,0.2558505160746848,full,0.25224947343880577,0.006651065423027151,0.2392136247508529,0.26528532212675865,1
960,5000,5,stress,ccmar,0.2558505160746848,cc,0.20517514295477193,0.04646002209404223,0.11411517292951398,0.2962351129800299,1
960,5000,5,stress,ccmar,0.2558505160746848,seq,0.21043772856021156,0.04217770325197521,0.12777094923572224,0.2931045078847009,1
961,5000,5,stress,ccmar,0.2558505160746848,full,0.25661042103044956,0.006863709779756442,0.24315779706179158,0.27006304499910755,1
961,5000,5,stress,ccmar,0.2558505160746848,cc,0.2384249501115929,0.017657121505889235,0.20381762788940236,0.27303227233378347,1
961,5000,5,stress,ccmar,0.2558505160746848,seq,0.23886371086516292,0.017959965665670503,0.2036628249968728,0.27406459673345307,1
962,5000,5,stress,ccmar,0.2558505160746848,full,0.2538371937520168,0.006556939281559756,0.24098582891134374,0.26668855859268986,1
962,5000,5,stress,ccmar,0.2558505160746848,cc,0.25937374858217455,0.013244213805611587,0.23341556651962767,0.2853319306447214,1
962,5000,5,stress,ccmar,0.2558505160746848,seq,0.25671845896181866,0.012219375997040408,0.23276892209406624,0.2806679958295711,1
963,5000,5,stress,ccmar,0.2558505160746848,full,0.25310140439144635,0.006713569738926602,0.23994304949545223,0.26625975928744045,1
963,5000,5,stress,ccmar,0.2558505160746848,cc,0.25233164143802395,0.010463226343664735,0.23182409464235035,0.2728391882336975,1
963,5000,5,stress,ccmar,0.2558505160746848,seq,0.25366368554439717,0.0103792765896894,0.23332067724302624,0.2740066938457681,1
964,5000,5,stress,ccmar,0.2558505160746848,full,0.2635094256278965,0.0066160240780869465,0.25054225671399627,0.2764765945417967,1
964,5000,5,stress,ccmar,0.2558505160746848,cc,0.25451418409402954,0.013193218479848286,0.22865595103335862,0.28037241715470046,1
964,5000,5,stress,ccmar,0.2558505160746848,seq,0.25095277067335187,0.012637408448272372,0.2261839052568158,0.2757216360898879,1
965,5000,5,stress,ccmar,0.2558505160746848,full,0.2516948998936892,0.006166643929994428,0.2396084998854176,0.2637812999019608,1
965,5000,5,stress,ccmar,0.2558505160746848,cc,0.2683116069242145,0.009700076481700196,0.24929980637279814,0.2873234074756309,1
965,5000,5,stress,ccmar,0.2558505160746848,seq,0.2700517321176825,0.009732822579229665,0.2509757503944741,0.2891277138408909,1
966,5000,5,stress,ccmar,0.2558505160746848,full,0.2481653098937631,0.006604635823936347,0.23522046154784482,0.26111015823968137,1
966,5000,5,stress,ccmar,0.2558505160746848,cc,0.2394044854537391,0.01339651064363033,0.21314780707371617,0.26566116383376204,1
966,5000,5,stress,ccmar,0.2558505160746848,seq,0.23828319904044892,0.012518856937512101,0.21374669031531582,0.26281970776558206,1
967,5000,5,stress,ccmar,0.2558505160746848,full,0.25739239000816133,0.006844024716137038,0.24397834805523078,0.2708064319610919,1
967,5000,5,stress,ccmar,0.2558505160746848,cc,0.25888296239070147,0.01668159644069482,0.22618763416230805,0.29157829061909485,1
967,5000,5,stress,ccmar,0.2558505160746848,seq,0.2668882106994957,0.01625693161744094,0.23502521023018097,0.2987512111688104,1
968,5000,5,stress,ccmar,0.2558505160746848,full,0.2614407965497648,0.006881007424557009,0.24795426982028038,0.2749273232792493,1
968,5000,5,stress,ccmar,0.2558505160746848,cc,0.24178005258307794,0.01158575092335729,0.21907239803944598,0.2644877071267099,1
968,5000,5,stress,ccmar,0.2558505160746848,seq,0.24148485098251257,0.011458917909444297,0.21902578457820074,0.2639439173868244,1
969,5000,5,stress,ccmar,0.2558505160746848,full,0.2545611050584338,0.006372779390597262,0.24207068697144407,0.2670515231454236,1
969,5000,5,stress,ccmar,0.2558505160746848,cc,0.2584298834950103,0.012350008122039567,0.2342243123670356,0.282635454622985,1
969,5000,5,stress,ccmar,0.2558505160746848,seq,0.2603060590701859,0.011889480016920579,0.2370031064421129,0.2836090116982589,1
970,5000,5,stress,ccmar,0.2558505160746848,full,0.25390738691319237,0.006903582561845388,0.24037661372767666,0.2674381600987081,1
970,5000,5,stress,ccmar,0.2558505160746848,cc,0.24107964240130986,0.012401289314276528,0.21677356198346645,0.2653857228191533,1
970,5000,5,stress,ccmar,0.2558505160746848,seq,0.24459655293158467,0.012377027797144583,0.22033802421353016,0.26885508164963917,1
971,5000,5,stress,ccmar,0.2558505160746848,full,0.2500232234106513,0.006259209613400934,0.2377553979966986,0.262291048824604,1
971,5000,5,stress,ccmar,0.2558505160746848,cc,0.25418774697585567,0.014897900659799183,0.22498839823739375,0.2833870957143176,1
971,5000,5,stress,ccmar,0.2558505160746848,seq,0.2503045045839661,0.016250063614611995,0.2184549651528418,0.28215404401509037,1
972,5000,5,stress,ccmar,0.2558505160746848,full,0.262591299924112,0.006843662516603062,0.24917796786922325,0.27600463197900077,1
972,5000,5,stress,ccmar,0.2558505160746848,cc,0.2384747011501884,0.02412469754106747,0.19119116283177418,0.2857582394686026,1
972,5000,5,stress,ccmar,0.2558505160746848,seq,0.2396774447869807,0.023279266067879844,0.19405092170741084,0.28530396786655055,1
973,5000,5,stress,ccmar,0.2558505160746848,full,0.2707502475601441,0.007543414440545936,0.2559654269362147,0.2855350681840735,0
973,5000,5,stress,ccmar,0.2558505160746848,cc,0.25636176019854806,0.011296396235226608,0.23422123042241005,0.27850228997468607,1
973,5000,5,stress,ccmar,0.2558505160746848,seq,0.259008772754818,0.012377145371475207,0.23475001359530995,0.283267531914326,1
974,5000,5,stress,ccmar,0.2558505160746848,full,0.263508491561991,0.006444001372760896,0.250878480955053,0.27613850216892905,1
974,5000,5,stress,ccmar,0.2558505160746848,cc,0.2625165868113649,0.011741414716251036,0.23950383683996432,0.28552933678276554,1
974,5000,5,stress,ccmar,0.2558505160746848,seq,0.2661977566165928,0.011847703061894109,0.24297668531575542,0.2894188279174302,1
975,5000,5,stress,ccmar,0.2558505160746848,full,0.2541180323799523,0.006229232755008441,0.24190896052881852,0.266327104231086,1
975,5000,5,stress,ccmar,0.2558505160746848,cc,0.3055653951791463,0.05071282918141773,0.2061700764294357,0.40496071392885696,1
975,5000,5,stress,ccmar,0.2558505160746848,seq,0.31664684436547913,0.052649360298802995,0.2134559943707523,0.41983769436020596,1
976,5000,5,stress,ccmar,0.2558505160746848,full,0.26393739560117685,0.006695397100732712,0.2508146584215468,0.2770601327808069,1
976,5000,5,stress,ccmar,0.2558505160746848,cc,0.22668961845338764,0.014551250465758496,0.19816969161047931,0.25520954529629597,0
976,5000,5,stress,ccmar,0.2558505160746848,seq,0.22280357358448655,0.015277757041775395,0.19285972001805357,0.2527474271509195,0
977,5000,5,stress,ccmar,0.2558505160746848,full,0.2665992266312038,0.00672716880439277,0.2534142180566726,0.279784235205735,1
977,5000,5,stress,ccmar,0.2558505160746848,cc,0.3009393008476876,0.011746271391982446,0.27791703196676887,0.32396156972860635,0
977,5000,5,stress,ccmar,0.2558505160746848,seq,0.3005489801791427,0.011617056178889954,0.2777799684621399,0.3233179918961455,0
978,5000,5,stress,ccmar,0.2558505160746848,full,0.2564243760169839,0.007033219321349272,0.24263951945176812,0.27020923258219975,1
978,5000,5,stress,ccmar,0.2558505160746848,cc,0.24578991745365228,0.01570319163987601,0.21501222739716483,0.27656760751013976,1
978,5000,5,stress,ccmar,0.2558505160746848,seq,0.24487457633224025,0.01632595094223077,0.21287630047210018,0.27687285219238034,1
979,5000,5,stress,ccmar,0.2558505160746848,full,0.2547171250073437,0.006813575237197774,0.24136276293648212,0.26807148707820533,1
979,5000,5,stress,ccmar,0.2558505160746848,cc,0.25351096430582704,0.02536014352646547,0.20380599635118812,0.30321593226046595,1
979,5000,5,stress,ccmar,0.2558505160746848,seq,0.2570233433289259,0.023651291797562958,0.2106676632178549,0.3033790234399969,1
980,5000,5,stress,ccmar,0.2558505160746848,full,0.2533207715041645,0.006570613899383527,0.24044260490505448,0.2661989381032745,1
980,5000,5,stress,ccmar,0.2558505160746848,cc,0.2551597866668721,0.012549397057491689,0.23056342040649547,0.27975615292724876,1
980,5000,5,stress,ccmar,0.2558505160746848,seq,0.2616834434518144,0.01298221354192201,0.23623877247003908,0.2871281144335897,1
981,5000,5,stress,ccmar,0.2558505160746848,full,0.24665735310721848,0.006023841371427457,0.2348508409706383,0.25846386524379866,1
981,5000,5,stress,ccmar,0.2558505160746848,cc,0.24125370110169214,0.011860112685571432,0.2180083073853855,0.26449909481799877,1
981,5000,5,stress,ccmar,0.2558505160746848,seq,0.24503193342065724,0.011771675539282248,0.22195987332597292,0.2681039935153416,1
982,5000,5,stress,ccmar,0.2558505160746848,full,0.2630536386501496,0.006532582410310603,0.25025001239990097,0.2758572649003982,1
982,5000,5,stress,ccmar,0.2558505160746848,cc,0.27874944094939563,0.01597690220647373,0.2474352880401886,0.31006359385860266,1
982,5000,5,stress,ccmar,0.2558505160746848,seq,0.2807640473543412,0.014628249670842104,0.25209320484263076,0.3094348898660516,1
983,5000,5,stress,ccmar,0.2558505160746848,full,0.24909506781314894,0.006192108747122269,0.23695875768043387,0.26123137794586404,1
983,5000,5,stress,ccmar,0.2558505160746848,cc,0.28270859753832794,0.014760169997533457,0.2537791959374737,0.31163799913918216,1
983,5000,5,stress,ccmar,0.2558505160746848,seq,0.28128309433259385,0.014635463853387725,0.2525981122829161,0.3099680763822716,1
984,5000,5,stress,ccmar,0.2558505160746848,full,0.2566810748530531,0.006376495702574389,0.24418337292843284,0.2691787767776733,1
984,5000,5,stress,ccmar,0.2558505160746848,cc,0.26575393514333834,0.01851733374379611,0.22946062791578972,0.302047242370887,1
984,5000,5,stress,ccmar,0.2558505160746848,seq,0.26608760142665216,0.01806277196024131,0.23068521892361926,0.30148998392968507,1
985,5000,5,stress,ccmar,0.2558505160746848,full,0.26005370732745103,0.006064570060697674,0.2481673684267637,0.2719400462281384,1
985,5000,5,stress,ccmar,0.2558505160746848,cc,0.23457609380607472,0.01512142673972853,0.20493864200134587,0.26421354561080357,1
985,5000,5,stress,ccmar,0.2558505160746848,seq,0.23631163980912243,0.015089453126497163,0.20673685513478268,0.26588642448346217,1
986,5000,5,stress,ccmar,0.2558505160746848,full,0.24261438196573626,0.006450119543533144,0.22997237996443337,0.25525638396703915,0
986,5000,5,stress,ccmar,0.2558505160746848,cc,0.23787580337400568,0.016829328209048353,0.20489092620026694,0.2708606805477444,1
986,5000,5,stress,ccmar,0.2558505160746848,seq,0.24245342936659572,0.01687741785671275,0.20937429821540554,0.2755325605177859,1
987,5000,5,stress,ccmar,0.2558505160746848,full,0.26283779777202637,0.00631980870317242,0.25045120032462564,0.2752243952194271,1
987,5000,5,stress,ccmar,0.2558505160746848,cc,0.2890936019447941,0.04045274931242852,0.2098076702168068,0.3683795336727814,1
987,5000,5,stress,ccmar,0.2558505160746848,seq,0.2946155742405354,0.04376493025325874,0.20883788715824086,0.38039326132282997,1
988,5000,5,stress,ccmar,0.2558505160746848,full,0.26112234307877213,0.0064013689279571314,0.24857589052822238,0.2736687956293219,1
988,5000,5,stress,ccmar,0.2558505160746848,cc,0.24398910440293303,0.024378271041341465,0.196208571156548,0.29176963764931807,1
988,5000,5,stress,ccmar,0.2558505160746848,seq,0.24282553222018588,0.0255127173584517,0.19282152504987068,0.29282953939050105,1
989,5000,5,stress,ccmar,0.2558505160746848,full,0.2468679293622459,0.006059206352985533,0.23499210313549798,0.2587437555889939,1
989,5000,5,stress,ccmar,0.2558505160746848,cc,0.2419717412532893,0.011665511305178388,0.2191077592338948,0.2648357232726838,1
989,5000,5,stress,ccmar,0.2558505160746848,seq,0.24555712264981303,0.011047679984310105,0.2239040677678412,0.2672101775317849,1
990,5000,5,stress,ccmar,0.2558505160746848,full,0.25467902689205063,0.006698810436036123,0.24154959969815878,0.2678084540859425,1
990,5000,5,stress,ccmar,0.2558505160746848,cc,0.22387044027923939,0.019194440157364975,0.18625002886739472,0.26149085169108405,1
990,5000,5,stress,ccmar,0.2558505160746848,seq,0.21592507839864297,0.02384556722581235,0.1691886254451221,0.26266153135216386,1
991,5000,5,stress,ccmar,0.2558505160746848,full,0.2619199238760095,0.006556489476802868,0.24906944063646,0.27477040711555895,1
991,5000,5,stress,ccmar,0.2558505160746848,cc,0.2550954129344285,0.014323084612020792,0.2270226829473479,0.2831681429215091,1
991,5000,5,stress,ccmar,0.2558505160746848,seq,0.2514559084345885,0.01449023497013083,0.22305556976560922,0.2798562471035677,1
992,5000,5,stress,ccmar,0.2558505160746848,full,0.23556308891320918,0.0063999098008457244,0.22301949619924666,0.2481066816271717,0
992,5000,5,stress,ccmar,0.2558505160746848,cc,0.24185874647735692,0.013245873401139764,0.2158973116673459,0.26782018128736795,1
992,5000,5,stress,ccmar,0.2558505160746848,seq,0.23854752582631936,0.013156047807436917,0.21276214594485585,0.26433290570778284,1
993,5000,5,stress,ccmar,0.2558505160746848,full,0.25057625339879863,0.006220540985002134,0.23838421710383914,0.26276828969375815,1
993,5000,5,stress,ccmar,0.2558505160746848,cc,0.23769267101927863,0.011325130839399167,0.2154958224538524,0.25988951958470485,1
993,5000,5,stress,ccmar,0.2558505160746848,seq,0.2371556627572369,0.011176827814339206,0.21524948277972653,0.25906184273474725,1
994,5000,5,stress,ccmar,0.2558505160746848,full,0.24707367950563822,0.006563195807173862,0.23421005210009316,0.2599373069111833,1
994,5000,5,stress,ccmar,0.2558505160746848,cc,0.26897729976223445,0.014020655515175314,0.24149731991284795,0.29645727961162094,1
994,5000,5,stress,ccmar,0.2558505160746848,seq,0.2660046375982656,0.014044358471872213,0.23847820080742607,0.29353107438910514,1
995,5000,5,stress,ccmar,0.2558505160746848,full,0.2397541363835439,0.0065784367352747595,0.22686063730783013,0.25264763545925767,0
995,5000,5,stress,ccmar,0.2558505160746848,cc,0.25368077692688795,0.017902723454771827,0.21859208373035469,0.28876947012342125,1
995,5000,5,stress,ccmar,0.2558505160746848,seq,0.2631557883726866,0.018103910906685696,0.22767277501626076,0.29863880172911245,1
996,5000,5,stress,ccmar,0.2558505160746848,full,0.2525323709076186,0.006570554689429479,0.23965432035788606,0.26541042145735116,1
996,5000,5,stress,ccmar,0.2558505160746848,cc,0.26402656385346956,0.011655574543040715,0.24118205752998786,0.28687107017695124,1
996,5000,5,stress,ccmar,0.2558505160746848,seq,0.2651738351579543,0.011140646393379266,0.24333856946243487,0.2870091008534737,1
997,5000,5,stress,ccmar,0.2558505160746848,full,0.2545266282184565,0.006791408622506227,0.24121571191404953,0.2678375445228635,1
997,5000,5,stress,ccmar,0.2558505160746848,cc,0.2547969566334317,0.011819598087870331,0.23163097006946737,0.27796294319739606,1
997,5000,5,stress,ccmar,0.2558505160746848,seq,0.2574189725396706,0.013583808608260164,0.23079519689459554,0.2840427481847457,1
998,5000,5,stress,ccmar,0.2558505160746848,full,0.26846462359943396,0.006547249348333975,0.25563225067889606,0.28129699651997186,1
998,5000,5,stress,ccmar,0.2558505160746848,cc,0.26216037177891877,0.017630575458361816,0.22760507885381384,0.29671566470402366,1
998,5000,5,stress,ccmar,0.2558505160746848,seq,0.26546379614378585,0.017088390963765823,0.23197116530106512,0.29895642698650654,1
999,5000,5,stress,ccmar,0.2558505160746848,full,0.26140415662196986,0.006637193973533296,0.24839549547543832,0.2744128177685014,1
999,5000,5,stress,ccmar,0.2558505160746848,cc,0.26001958389757074,0.02868623449983252,0.20379559742582862,0.31624357036931283,1
999,5000,5,stress,ccmar,0.2558505160746848,seq,0.2650794556275666,0.026368273813759238,0.21339858861810784,0.3167603226370253,1
1000,5000,5,stress,ccmar,0.2558505160746848,full,0.26875017720472016,0.006262665129453555,0.25647557910375635,0.281024775305684,0
1000,5000,5,stress,ccmar,0.2558505160746848,cc,0.27360517479681157,0.022266871681457284,0.22996290825278046,0.3172474413408427,1
1000,5000,5,stress,ccmar,0.2558505160746848,seq,0.26741277421543497,0.021039514148290153,0.22617608423256536,0.3086494641983046,1
