replicate,n,scenario,psi,estimator,estimate,se,ci_lo,ci_hi,covered
1,2500,seqmar,0.2558505160746848,full,0.2664593499094809,0.013542981490491008,0.23991559394482592,0.29300310587413586,1
1,2500,seqmar,0.2558505160746848,cc,0.2202287583592184,0.02136689245914322,0.17835041867775722,0.26210709804067955,1
1,2500,seqmar,0.2558505160746848,cc_ccproj,0.2200512699286086,0.020935177589535368,0.17901907584316923,0.261083464014048,1
1,2500,seqmar,0.2558505160746848,seq,0.24980357483205406,0.01455895436916656,0.22126854861592554,0.2783386010481826,1
2,2500,seqmar,0.2558505160746848,full,0.26036478899539256,0.00931615748365754,0.2421054558531205,0.27862412213766463,1
2,2500,seqmar,0.2558505160746848,cc,0.23526881465212326,0.013663277883735319,0.2084892820892394,0.26204834721500714,1
2,2500,seqmar,0.2558505160746848,cc_ccproj,0.23706035577808957,0.013577952685369252,0.21044805753097692,0.26367265402520224,1
2,2500,seqmar,0.2558505160746848,seq,0.268013137744123,0.01285458695239775,0.2428186102812849,0.29320766520696107,1
3,2500,seqmar,0.2558505160746848,full,0.25368817379382236,0.009020411949057044,0.2360084912479558,0.2713678563396889,1
3,2500,seqmar,0.2558505160746848,cc,0.22867251200208383,0.015380219781082817,0.198527835156851,0.25881718884731664,1
3,2500,seqmar,0.2558505160746848,cc_ccproj,0.22863061049465028,0.015473775259374552,0.19830256828140921,0.2589586527078913,1
3,2500,seqmar,0.2558505160746848,seq,0.2650134726783119,0.0177656363639765,0.23019346524248283,0.29983348011414096,1
4,2500,seqmar,0.2558505160746848,full,0.25597523301956865,0.008946229686666104,0.23844094503628002,0.27350952100285725,1
4,2500,seqmar,0.2558505160746848,cc,0.23183823360942885,0.01456099830185084,0.20329920135885232,0.26037726586000537,1
4,2500,seqmar,0.2558505160746848,cc_ccproj,0.23106003714208115,0.014451873387638004,0.2027348857931778,0.2593851884909845,1
4,2500,seqmar,0.2558505160746848,seq,0.2792531483497284,0.020062879276219806,0.23993062754216257,0.3185756691572943,1
5,2500,seqmar,0.2558505160746848,full,0.26417481094450995,0.013133570008330814,0.23843348673974613,0.2899161351492738,1
5,2500,seqmar,0.2558505160746848,cc,0.2210952377605472,0.027520199865207196,0.16715663717739704,0.2750338383436974,1
5,2500,seqmar,0.2558505160746848,cc_ccproj,0.22397034821276338,0.02715751619249217,0.1707425945659154,0.27719810185961136,1
5,2500,seqmar,0.2558505160746848,seq,0.27935079596018353,0.021301719353982392,0.2376001932175982,0.3211013987027688,1
6,2500,seqmar,0.2558505160746848,full,0.26570315246727705,0.009595032743938857,0.24689723385867435,0.28450907107587975,1
6,2500,seqmar,0.2558505160746848,cc,0.233874950319568,0.015788727751245644,0.20292961256541847,0.26482028807371755,1
6,2500,seqmar,0.2558505160746848,cc_ccproj,0.23085780337778397,0.01578255970585877,0.1999245547704477,0.2617910519851202,1
6,2500,seqmar,0.2558505160746848,seq,0.29353030961367976,0.026200259247180564,0.24217874510359336,0.3448818741237662,1
7,2500,seqmar,0.2558505160746848,full,0.263345741507918,0.009804622001920733,0.24412903550212436,0.2825624475137116,1
7,2500,seqmar,0.2558505160746848,cc,0.20946293539381577,0.017292655219662348,0.175569953966209,0.24335591682142255,0
7,2500,seqmar,0.2558505160746848,cc_ccproj,0.20921943809685117,0.017109068573754244,0.1756862798832668,0.24275259631043555,0
7,2500,seqmar,0.2558505160746848,seq,0.22611686462457237,0.032096857636415274,0.16320817964028903,0.28902554960885574,1
8,2500,seqmar,0.2558505160746848,full,0.2488352903343158,0.009600072547714854,0.23001949389182302,0.2676510867768086,1
8,2500,seqmar,0.2558505160746848,cc,0.20224675150110377,0.016958112056659258,0.16900946262425715,0.2354840403779504,0
8,2500,seqmar,0.2558505160746848,cc_ccproj,0.20039384741202904,0.016801128123830448,0.16746424138967836,0.2333234534343797,0
8,2500,seqmar,0.2558505160746848,seq,0.2297529972892511,0.012885544313283717,0.20449779451402011,0.2550082000644821,0
9,2500,seqmar,0.2558505160746848,full,0.25866675397056316,0.008816980981238325,0.24138578879496142,0.2759477191461649,1
9,2500,seqmar,0.2558505160746848,cc,0.216223980716189,0.012671892989422152,0.19138752684097599,0.24106043459140203,0
9,2500,seqmar,0.2558505160746848,cc_ccproj,0.21749315453026438,0.012579514808687657,0.1928377585622483,0.24214855049828046,0
9,2500,seqmar,0.2558505160746848,seq,0.24945732355225808,0.010039024350284274,0.2297811973857803,0.2691334497187359,1
10,2500,seqmar,0.2558505160746848,full,0.23896559709597928,0.009583333214787458,0.2201826091431494,0.25774858504880915,1
10,2500,seqmar,0.2558505160746848,cc,0.21883008304343365,0.01812489796722626,0.18330593580420695,0.25435423028266035,0
10,2500,seqmar,0.2558505160746848,cc_ccproj,0.22137518723390967,0.01793704387429906,0.1862192272511687,0.2565311472166506,1
10,2500,seqmar,0.2558505160746848,seq,0.2651012272343889,0.017967948350071993,0.2298846955921719,0.3003177588766059,1
11,2500,seqmar,0.2558505160746848,full,0.2580649080495358,0.009861493448339038,0.2387367360570136,0.27739308004205804,1
11,2500,seqmar,0.2558505160746848,cc,0.22317067127137216,0.013638802534393608,0.19643910951170707,0.24990223303103726,0
11,2500,seqmar,0.2558505160746848,cc_ccproj,0.22415426535035177,0.013612288346571147,0.19747467044389805,0.2508338602568055,0
11,2500,seqmar,0.2558505160746848,seq,0.2614300315026405,0.013247575971332564,0.23546525971637045,0.28739480328891054,1
12,2500,seqmar,0.2558505160746848,full,0.23653247499733035,0.01031367875416033,0.21631803609106018,0.25674691390360055,1
12,2500,seqmar,0.2558505160746848,cc,0.22715695926888158,0.01714313393574727,0.19355703417267053,0.2607568843650926,1
12,2500,seqmar,0.2558505160746848,cc_ccproj,0.2269725058546418,0.017226772850866028,0.193208651497092,0.2607363602121916,1
12,2500,seqmar,0.2558505160746848,seq,0.2523743128783326,0.014152943978167324,0.22463505240591164,0.2801135733507536,1
13,2500,seqmar,0.2558505160746848,full,0.24430919343733998,0.00810302546176014,0.22842755536647907,0.2601908315082009,1
13,2500,seqmar,0.2558505160746848,cc,0.21105461040181836,0.010485825475147812,0.19050277012235606,0.23160645068128066,0
13,2500,seqmar,0.2558505160746848,cc_ccproj,0.20776777223533582,0.010601168364203486,0.1869898640474516,0.22854568042322004,0
13,2500,seqmar,0.2558505160746848,seq,0.2409098264622428,0.010042277662861653,0.22122732392028288,0.2605923290042027,1
14,2500,seqmar,0.2558505160746848,full,0.24766930163230286,0.009748426695121578,0.22856273640393573,0.26677586686066995,1
14,2500,seqmar,0.2558505160746848,cc,0.23758334800930303,0.014075192270109083,0.20999647808441266,0.2651702179341934,1
14,2500,seqmar,0.2558505160746848,cc_ccproj,0.2358141072199637,0.014078715733213789,0.20822033143428725,0.26340788300564016,1
14,2500,seqmar,0.2558505160746848,seq,0.26403728145450683,0.01291264708008429,0.23872895823246534,0.28934560467654835,1
15,2500,seqmar,0.2558505160746848,full,0.2557847276578726,0.009133061780001787,0.2378842555004898,0.27368519981525535,1
15,2500,seqmar,0.2558505160746848,cc,0.2419045473005607,0.014790298480766685,0.21291609495766053,0.2708929996434609,1
15,2500,seqmar,0.2558505160746848,cc_ccproj,0.2425450023970153,0.014755036392409621,0.21362566247731463,0.27146434231671596,1
15,2500,seqmar,0.2558505160746848,seq,0.2741091465617833,0.012664732460223822,0.24928672706590926,0.29893156605765736,1
16,2500,seqmar,0.2558505160746848,full,0.2508163333908218,0.011910408707700597,0.22747236128257642,0.2741603054990672,1
16,2500,seqmar,0.2558505160746848,cc,0.20963308822073545,0.018721743776686766,0.1729391446906425,0.2463270317508284,0
16,2500,seqmar,0.2558505160746848,cc_ccproj,0.21217023205060218,0.018230311214833216,0.17643947864257242,0.24790098545863193,0
16,2500,seqmar,0.2558505160746848,seq,0.24287917361524322,0.014360981659408505,0.2147321667801623,0.2710261804503242,1
17,2500,seqmar,0.2558505160746848,full,0.24839452077931806,0.010522250376108391,0.22777128900583257,0.2690177525528035,1
17,2500,seqmar,0.2558505160746848,cc,0.2080478611856184,0.011861934148713978,0.18479889746715322,0.2312968249040836,0
17,2500,seqmar,0.2558505160746848,cc_ccproj,0.2076888113937564,0.011875860742870543,0.18441255205231705,0.23096507073519573,0
17,2500,seqmar,0.2558505160746848,seq,0.23743982758633356,0.013650725883266079,0.21068489649230332,0.2641947586803638,1
18,2500,seqmar,0.2558505160746848,full,0.2723209459180539,0.010498969233985335,0.25174334434464857,0.2928985474914592,1
18,2500,seqmar,0.2558505160746848,cc,0.23577932005624747,0.015329132554227716,0.20573477233572066,0.26582386777677425,1
18,2500,seqmar,0.2558505160746848,cc_ccproj,0.23602698314573736,0.015317067078561543,0.2060060833229726,0.2660478829685021,1
18,2500,seqmar,0.2558505160746848,seq,0.2551115853247108,0.012818540064419159,0.2299877084640655,0.2802354621853561,1
19,2500,seqmar,0.2558505160746848,full,0.2653106819901369,0.011305559308170265,0.24315219292104162,0.2874691710592322,1
19,2500,seqmar,0.2558505160746848,cc,0.24004482906997995,0.023252594287788718,0.19447058171879228,0.28561907642116763,1
19,2500,seqmar,0.2558505160746848,cc_ccproj,0.239376074796058,0.0229663300224594,0.1943628950949766,0.28438925449713937,1
19,2500,seqmar,0.2558505160746848,seq,0.2637345469612353,0.02625747995945133,0.2122708319159285,0.31519826200654216,1
20,2500,seqmar,0.2558505160746848,full,0.26358507357106825,0.010418111440514357,0.2431659503607354,0.2840041967814011,1
20,2500,seqmar,0.2558505160746848,cc,0.233040326768355,0.01431169200422923,0.20498992588223586,0.26109072765447416,1
20,2500,seqmar,0.2558505160746848,cc_ccproj,0.23471171814126496,0.01443495290982941,0.20641973031946767,0.2630037059630623,1
20,2500,seqmar,0.2558505160746848,seq,0.26452867213572406,0.012330904397827781,0.24036054361917505,0.2886968006522731,1
21,2500,seqmar,0.2558505160746848,full,0.27876019381596223,0.010219507236800807,0.2587303276920862,0.29879005993983826,0
21,2500,seqmar,0.2558505160746848,cc,0.25053188671558796,0.01721770660946959,0.21678580186465032,0.2842779715665256,1
21,2500,seqmar,0.2558505160746848,cc_ccproj,0.25174865182330014,0.017295795969435934,0.21784951463925267,0.2856477890073476,1
21,2500,seqmar,0.2558505160746848,seq,0.27055542799457843,0.013886141891730854,0.24333909000257306,0.2977717659865838,1
22,2500,seqmar,0.2558505160746848,full,0.25676657610193193,0.009640814648478395,0.2378709266092881,0.27566222559457576,1
22,2500,seqmar,0.2558505160746848,cc,0.20639265482808133,0.014005538729444947,0.17894230333428837,0.2338430063218743,0
22,2500,seqmar,0.2558505160746848,cc_ccproj,0.20644635673204384,0.013746738540536601,0.1795032442877034,0.23338946917638428,0
22,2500,seqmar,0.2558505160746848,seq,0.2425766199609413,0.01339165624570686,0.21632945602601497,0.2688237838958676,1
23,2500,seqmar,0.2558505160746848,full,0.2652997507820012,0.00889866387863257,0.24785869006935385,0.2827408114946485,1
23,2500,seqmar,0.2558505160746848,cc,0.23564721110202644,0.013948730089164339,0.20830820249719417,0.2629862197068587,1
23,2500,seqmar,0.2558505160746848,cc_ccproj,0.23706512268948474,0.013922991111801546,0.20977656155328242,0.264353683825687,1
23,2500,seqmar,0.2558505160746848,seq,0.27016740886582286,0.0113395054170871,0.2479423866458353,0.2923924310858104,1
24,2500,seqmar,0.2558505160746848,full,0.2540548327019722,0.009824551893804524,0.23479906482587057,0.2733106005780739,1
24,2500,seqmar,0.2558505160746848,cc,0.2154621981474565,0.016335207176421115,0.1834457804016709,0.24747861589324213,0
24,2500,seqmar,0.2558505160746848,cc_ccproj,0.21691384420868318,0.016430560920410626,0.18471053655888708,0.24911715185847927,0
24,2500,seqmar,0.2558505160746848,seq,0.26283115187614914,0.029179134980387097,0.20564109821455756,0.3200212055377407,1
25,2500,seqmar,0.2558505160746848,full,0.2615258039165912,0.010885742342766206,0.24019014097978675,0.28286146685339564,1
25,2500,seqmar,0.2558505160746848,cc,0.22751661185387828,0.018246200146098113,0.19175471671281652,0.26327850699494004,1
25,2500,seqmar,0.2558505160746848,cc_ccproj,0.22666190817385076,0.018098916572085667,0.1911886835333677,0.2621351328143338,1
25,2500,seqmar,0.2558505160746848,seq,0.25377524302020243,0.015232484289473831,0.22392012241776152,0.2836303636226433,1
26,2500,seqmar,0.2558505160746848,full,0.23852767387723178,0.012093121751586767,0.21482559078346378,0.26222975697099976,1
26,2500,seqmar,0.2558505160746848,cc,0.19359341094520044,0.03165473174270988,0.13155127678921225,0.25563554510118863,0
26,2500,seqmar,0.2558505160746848,cc_ccproj,0.19640299048431895,0.03135808137000174,0.1349422803748391,0.2578637005937988,1
26,2500,seqmar,0.2558505160746848,seq,0.24580157439265668,0.020917407961395264,0.20480420813839056,0.2867989406469228,1
27,2500,seqmar,0.2558505160746848,full,0.24403085675510638,0.010230422109241393,0.22397959787435096,0.2640821156358618,1
27,2500,seqmar,0.2558505160746848,cc,0.1988498619497086,0.014549577876151597,0.1703332133221907,0.2273665105772265,0
27,2500,seqmar,0.2558505160746848,cc_ccproj,0.2023118691885676,0.014041460977703046,0.17479111138194506,0.22983262699519016,0
27,2500,seqmar,0.2558505160746848,seq,0.24318547043641683,0.013134939584795923,0.21744146191110733,0.26892947896172636,1
28,2500,seqmar,0.2558505160746848,full,0.25883065519493004,0.009271065376810907,0.24065970095806438,0.2770016094317957,1
28,2500,seqmar,0.2558505160746848,cc,0.21555465101173976,0.015380100910101556,0.185410207149349,0.24569909487413052,0
28,2500,seqmar,0.2558505160746848,cc_ccproj,0.21925065788463508,0.015432228552199122,0.1890040457211341,0.24949727004813604,0
28,2500,seqmar,0.2558505160746848,seq,0.26600569001668944,0.02018687456114483,0.22644014291641779,0.3055712371169611,1
29,2500,seqmar,0.2558505160746848,full,0.24970601581846855,0.009726182246124744,0.23064304890899115,0.2687689827279459,1
29,2500,seqmar,0.2558505160746848,cc,0.21126283941697574,0.015823480058909222,0.18024938839142593,0.24227629044252555,0
29,2500,seqmar,0.2558505160746848,cc_ccproj,0.21078949021384097,0.01577122347504329,0.17987846021062348,0.24170052021705846,0
29,2500,seqmar,0.2558505160746848,seq,0.25064805993864364,0.013849703617023834,0.2235031396527228,0.2777929802245645,1
30,2500,seqmar,0.2558505160746848,full,0.26876415472312076,0.009145818559068415,0.25083867973820867,0.28668962970803286,1
30,2500,seqmar,0.2558505160746848,cc,0.22726818342928368,0.015509739306236427,0.19686965297945502,0.25766671387911233,1
30,2500,seqmar,0.2558505160746848,cc_ccproj,0.22578676416863983,0.015159985676519045,0.1960737382365194,0.25549979010076024,0
30,2500,seqmar,0.2558505160746848,seq,0.26045059023428946,0.015022953752144632,0.2310061419386751,0.2898950385299038,1
31,2500,seqmar,0.2558505160746848,full,0.256151192114096,0.015948923761692282,0.22489187594900403,0.28741050827918796,1
31,2500,seqmar,0.2558505160746848,cc,0.2569503696807158,0.04998136437671986,0.15898869560417161,0.35491204375725993,1
31,2500,seqmar,0.2558505160746848,cc_ccproj,0.2564392381981176,0.049995856015608055,0.1584491610312756,0.3544293153649596,1
31,2500,seqmar,0.2558505160746848,seq,0.24693249496865874,0.03817129361934543,0.17211813423143812,0.32174685570587935,1
32,2500,seqmar,0.2558505160746848,full,0.24963858899866895,0.00927397907850041,0.23146192401143018,0.2678152539859077,1
32,2500,seqmar,0.2558505160746848,cc,0.21892319244862274,0.01241973711639228,0.1945809550030385,0.24326542989420696,0
32,2500,seqmar,0.2558505160746848,cc_ccproj,0.2193480865616093,0.012414980265805349,0.1950151723718553,0.2436810007513633,0
32,2500,seqmar,0.2558505160746848,seq,0.27494894321317326,0.014865738390959046,0.24581263136329912,0.3040852550630474,1
33,2500,seqmar,0.2558505160746848,full,0.26944233781007376,0.010710731586883649,0.24844968965170627,0.29043498596844125,1
33,2500,seqmar,0.2558505160746848,cc,0.22473662645787676,0.018358067314735764,0.1887554756952327,0.2607177772205208,1
33,2500,seqmar,0.2558505160746848,cc_ccproj,0.22187580156706418,0.01824291071679003,0.18612035358897594,0.25763124954515243,1
33,2500,seqmar,0.2558505160746848,seq,0.24804141868565036,0.01842390424944113,0.21193122990213129,0.28415160746916945,1
34,2500,seqmar,0.2558505160746848,full,0.23081677776953397,0.009460691128919778,0.2122741638879936,0.24935939165107432,0
34,2500,seqmar,0.2558505160746848,cc,0.2010902697640195,0.013022951965450846,0.17556575293934074,0.22661478658869827,0
34,2500,seqmar,0.2558505160746848,cc_ccproj,0.2008319813757492,0.013052930812140907,0.17524870709125986,0.22641525566023854,0
34,2500,seqmar,0.2558505160746848,seq,0.23618969781736995,0.011550020477726148,0.21355207366032658,0.2588273219744133,1
35,2500,seqmar,0.2558505160746848,full,0.2583182071247084,0.009807461621433216,0.23909593556694048,0.2775404786824763,1
35,2500,seqmar,0.2558505160746848,cc,0.2391250327172997,0.016928379125582024,0.20594601931451928,0.27230404612008013,1
35,2500,seqmar,0.2558505160746848,cc_ccproj,0.24040583476627334,0.016939833580147418,0.2072043710450822,0.27360729848746446,1
35,2500,seqmar,0.2558505160746848,seq,0.25431130119409134,0.01389876594888799,0.2270702205047192,0.2815523818834635,1
36,2500,seqmar,0.2558505160746848,full,0.2655032826589115,0.013818422362334836,0.2384196725055723,0.29258689281225064,1
36,2500,seqmar,0.2558505160746848,cc,0.2562300464267102,0.04001609711362678,0.1777999372821445,0.33466015557127593,1
36,2500,seqmar,0.2558505160746848,cc_ccproj,0.256412528425528,0.03993377556470291,0.17814376655200462,0.33468129029905136,1
36,2500,seqmar,0.2558505160746848,seq,0.28013743114508927,0.025686306470658476,0.2297931955667405,0.33048166672343804,1
37,2500,seqmar,0.2558505160746848,full,0.25649659305456646,0.009513334484996902,0.23785080009108964,0.2751423860180433,1
37,2500,seqmar,0.2558505160746848,cc,0.22310135968886835,0.012933915100569397,0.19775135191265358,0.24845136746508312,0
37,2500,seqmar,0.2558505160746848,cc_ccproj,0.22274029265320977,0.012946251825792872,0.1973661053398698,0.24811447996654973,0
37,2500,seqmar,0.2558505160746848,seq,0.2628159711469322,0.01522982475494434,0.23296606313638477,0.2926658791574797,1
38,2500,seqmar,0.2558505160746848,full,0.2501833129520838,0.008547518632146483,0.2334304842758916,0.26693614162827595,1
38,2500,seqmar,0.2558505160746848,cc,0.21257837978763675,0.012596245309337967,0.18789019264090273,0.23726656693437076,0
38,2500,seqmar,0.2558505160746848,cc_ccproj,0.213300447342814,0.012543759192950121,0.18871513109388854,0.23788576359173946,0
38,2500,seqmar,0.2558505160746848,seq,0.24070978911521884,0.013477845401480195,0.21429369753911887,0.2671258806913188,1
39,2500,seqmar,0.2558505160746848,full,0.2610648839299848,0.010156879321756206,0.24115776626402302,0.28097200159594654,1
39,2500,seqmar,0.2558505160746848,cc,0.2342173996759674,0.015793303762127522,0.20326309310529653,0.26517170624663833,1
39,2500,seqmar,0.2558505160746848,cc_ccproj,0.23174620157058576,0.015758187637550772,0.20086072133936192,0.26263168180180957,1
39,2500,seqmar,0.2558505160746848,seq,0.2582458147573996,0.01241756886649048,0.2339078270035324,0.2825838025112668,1
40,2500,seqmar,0.2558505160746848,full,0.28093148766351184,0.025765813425768877,0.23043142131662625,0.3314315540103974,1
40,2500,seqmar,0.2558505160746848,cc,0.21596076028824873,0.016720629936254255,0.18318892781436813,0.24873259276212933,0
40,2500,seqmar,0.2558505160746848,cc_ccproj,0.21618304674329666,0.01646017844975569,0.18392168980267318,0.24844440368392015,0
40,2500,seqmar,0.2558505160746848,seq,0.25046887695619396,0.01871308011032192,0.21379191390015018,0.28714584001223775,1
41,2500,seqmar,0.2558505160746848,full,0.2569900810328852,0.010636585937163467,0.23614275567757956,0.27783740638819077,1
41,2500,seqmar,0.2558505160746848,cc,0.231484382521391,0.01403140176058456,0.20398334041803337,0.25898542462474866,1
41,2500,seqmar,0.2558505160746848,cc_ccproj,0.23039984252632986,0.014106049937027063,0.20275249268563333,0.2580471923670264,1
41,2500,seqmar,0.2558505160746848,seq,0.25778011611735263,0.012344172068184405,0.23358598344474588,0.28197424878995936,1
42,2500,seqmar,0.2558505160746848,full,0.24511773553508748,0.012327210051606505,0.2209568478040786,0.26927862326609636,1
42,2500,seqmar,0.2558505160746848,cc,0.19126034867972358,0.013448951915521154,0.16490088729549116,0.217619810063956,0
42,2500,seqmar,0.2558505160746848,cc_ccproj,0.1928210330761908,0.01319087918641561,0.1669673849463972,0.2186746812059844,0
42,2500,seqmar,0.2558505160746848,seq,0.2329123305420061,0.0123129236777818,0.2087794435891633,0.2570452174948489,1
43,2500,seqmar,0.2558505160746848,full,0.25731708044170926,0.010182035717801964,0.23736065714551696,0.27727350373790155,1
43,2500,seqmar,0.2558505160746848,cc,0.2362179581393434,0.013658143072152256,0.20944848962222973,0.2629874266564571,1
43,2500,seqmar,0.2558505160746848,cc_ccproj,0.2368811311561106,0.013717934847004485,0.2099944729137148,0.26376778939850637,1
43,2500,seqmar,0.2558505160746848,seq,0.2653194586970401,0.012718651120640426,0.24039136056865487,0.29024755682542536,1
44,2500,seqmar,0.2558505160746848,full,0.24499883282796572,0.01109672709487023,0.2232496473757503,0.26674801828018113,1
44,2500,seqmar,0.2558505160746848,cc,0.21691019811890375,0.023127831348211666,0.17158048163589246,0.26223991460191504,1
44,2500,seqmar,0.2558505160746848,cc_ccproj,0.21885857008477655,0.022451067998478638,0.17485528539329867,0.26286185477625446,1
44,2500,seqmar,0.2558505160746848,seq,0.2551340023330923,0.017361167025162303,0.2211067402341898,0.2891612644319948,1
45,2500,seqmar,0.2558505160746848,full,0.2516210458164519,0.010699984233320848,0.23064946208399661,0.2725926295489072,1
45,2500,seqmar,0.2558505160746848,cc,0.2339446039052245,0.027624356619823515,0.1798018598342798,0.2880873479761692,1
45,2500,seqmar,0.2558505160746848,cc_ccproj,0.23221237853536003,0.02761583018647551,0.17808634596669398,0.2863384111040261,1
45,2500,seqmar,0.2558505160746848,seq,0.2783682239405324,0.019805705582254893,0.2395497543109089,0.3171866935701559,1
46,2500,seqmar,0.2558505160746848,full,0.27204653499997733,0.011623208915782491,0.2492654641402588,0.29482760585969586,1
46,2500,seqmar,0.2558505160746848,cc,0.23048009308537662,0.014474693564115742,0.20211021501245605,0.25884997115829717,1
46,2500,seqmar,0.2558505160746848,cc_ccproj,0.22460607483834505,0.014298372502970003,0.19658177969498603,0.2526303699817041,0
46,2500,seqmar,0.2558505160746848,seq,0.2689102164074735,0.012813746504987858,0.2437957347506713,0.29402469806427567,1
47,2500,seqmar,0.2558505160746848,full,0.25421843798548893,0.010143467548904345,0.23433760691128563,0.27409926905969223,1
47,2500,seqmar,0.2558505160746848,cc,0.22819929903339448,0.015153024105598809,0.19849991752955354,0.2578986805372354,1
47,2500,seqmar,0.2558505160746848,cc_ccproj,0.22927226478136195,0.01503107633505777,0.1998118965157764,0.2587326330469475,1
47,2500,seqmar,0.2558505160746848,seq,0.2504173187979868,0.012831712293017434,0.22526762484369275,0.27556701275228085,1
48,2500,seqmar,0.2558505160746848,full,0.2643956021591832,0.010415389989296722,0.24398181289522258,0.28480939142314377,1
48,2500,seqmar,0.2558505160746848,cc,0.23798652356067637,0.011124494729029023,0.2161829145455738,0.25979013257577893,1
48,2500,seqmar,0.2558505160746848,cc_ccproj,0.23656265283271963,0.011335482972255277,0.21434551445973224,0.25877979120570704,1
48,2500,seqmar,0.2558505160746848,seq,0.2708312918498017,0.010169302732963237,0.25089982474530903,0.2907627589542944,1
49,2500,seqmar,0.2558505160746848,full,0.2489626280865616,0.009504307069354588,0.23033452853261718,0.267590727640506,1
49,2500,seqmar,0.2558505160746848,cc,0.22160238942621063,0.013981346312215552,0.19419945419888623,0.24900532465353503,0
49,2500,seqmar,0.2558505160746848,cc_ccproj,0.22328902511395055,0.013527610811934843,0.19677539512568362,0.24980265510221747,0
49,2500,seqmar,0.2558505160746848,seq,0.26220048992764605,0.01470450676588961,0.23338018625607687,0.29102079359921523,1
50,2500,seqmar,0.2558505160746848,full,0.24545659794602243,0.009737546903842518,0.22637135671672157,0.26454183917532326,1
50,2500,seqmar,0.2558505160746848,cc,0.22618118040073731,0.01746441971019507,0.19195154675786352,0.2604108140436111,1
50,2500,seqmar,0.2558505160746848,cc_ccproj,0.22585726979488976,0.01709062289771287,0.19236026444201698,0.25935427514776255,1
50,2500,seqmar,0.2558505160746848,seq,0.26371273186709987,0.014466530280015669,0.23535885353701103,0.2920666101971887,1
51,2500,seqmar,0.2558505160746848,full,0.2480884185381774,0.009878802448097843,0.2287263215295195,0.2674505155468353,1
51,2500,seqmar,0.2558505160746848,cc,0.20716615585168002,0.013832334945117812,0.18005527753715428,0.23427703416620577,0
51,2500,seqmar,0.2558505160746848,cc_ccproj,0.2051633986298814,0.013538484857410191,0.17862845590411652,0.23169834135564626,0
51,2500,seqmar,0.2558505160746848,seq,0.2506367029288398,0.01199651851595127,0.22712395869770743,0.2741494471599722,1
52,2500,seqmar,0.2558505160746848,full,0.25339853258038963,0.011545437775393706,0.23076989035486972,0.27602717480590955,1
52,2500,seqmar,0.2558505160746848,cc,0.2274898218899396,0.018894674407475723,0.1904569405516765,0.2645227032282027,1
52,2500,seqmar,0.2558505160746848,cc_ccproj,0.2285923300235308,0.01868478408267038,0.1919708261625896,0.265213833884472,1
52,2500,seqmar,0.2558505160746848,seq,0.25625496779231943,0.016902939437830757,0.22312581526130945,0.28938412032332944,1
53,2500,seqmar,0.2558505160746848,full,0.2731943438194397,0.010288551697075807,0.25302915304009266,0.2933595345987867,1
53,2500,seqmar,0.2558505160746848,cc,0.27663552413589876,0.022001827000606697,0.23351273562062871,0.31975831265116883,1
53,2500,seqmar,0.2558505160746848,cc_ccproj,0.27801084085330385,0.02206216713863923,0.23476978784066788,0.32125189386593983,1
53,2500,seqmar,0.2558505160746848,seq,0.299752452609119,0.018318993148704686,0.2638478858046218,0.33565701941361614,0
54,2500,seqmar,0.2558505160746848,full,0.24746556205890047,0.011796757830593155,0.22434434157659702,0.27058678254120394,1
54,2500,seqmar,0.2558505160746848,cc,0.19502053662198987,0.024765825722265326,0.14648041015895416,0.24356066308502558,0
54,2500,seqmar,0.2558505160746848,cc_ccproj,0.19562236125911064,0.024344228633717813,0.147908549905615,0.2433361726126063,0
54,2500,seqmar,0.2558505160746848,seq,0.2530012174988955,0.020299712699169477,0.21321451171201294,0.292787923285778,1
55,2500,seqmar,0.2558505160746848,full,0.25728527597274126,0.010102478701454816,0.23748478156330685,0.2770857703821757,1
55,2500,seqmar,0.2558505160746848,cc,0.1961315750779061,0.018794799065763576,0.15929444581234242,0.23296870434346978,0
55,2500,seqmar,0.2558505160746848,cc_ccproj,0.19510995374209478,0.01821400934517029,0.15941115141148504,0.2308087560727045,0
55,2500,seqmar,0.2558505160746848,seq,0.23614093498011413,0.01367054021375635,0.20934716851194518,0.26293470144828307,1
56,2500,seqmar,0.2558505160746848,full,0.24874068200401267,0.009092429558231344,0.2309198475379118,0.26656151647011356,1
56,2500,seqmar,0.2558505160746848,cc,0.21720200989596528,0.011661114456449649,0.1943466455417246,0.24005737425020596,0
56,2500,seqmar,0.2558505160746848,cc_ccproj,0.2198402323160127,0.011359384179501561,0.19757624843763558,0.24210421619438985,0
56,2500,seqmar,0.2558505160746848,seq,0.2639958938380548,0.01201454186411902,0.24044782449363278,0.28754396318247677,1
57,2500,seqmar,0.2558505160746848,full,0.2327875358925164,0.012738149024589349,0.20782122257461727,0.25775384921041555,1
57,2500,seqmar,0.2558505160746848,cc,0.17368048031423688,0.02755296295004445,0.11967766526478328,0.22768329536369047,0
57,2500,seqmar,0.2558505160746848,cc_ccproj,0.17348633189976423,0.026917207852090973,0.12072957394528717,0.2262430898542413,0
57,2500,seqmar,0.2558505160746848,seq,0.2357940347938619,0.018246256852514048,0.20003202851026722,0.2715560410774566,1
58,2500,seqmar,0.2558505160746848,full,0.24631427825629656,0.008925298372748502,0.22882101489443554,0.26380754161815756,1
58,2500,seqmar,0.2558505160746848,cc,0.22459721651505815,0.014778257980629164,0.19563236311878335,0.25356206991133295,0
58,2500,seqmar,0.2558505160746848,cc_ccproj,0.22447405040371404,0.014696757674429297,0.19566893467232,0.2532791661351081,0
58,2500,seqmar,0.2558505160746848,seq,0.2492912616000651,0.011640078961644961,0.22647712605803857,0.2721053971420916,1
59,2500,seqmar,0.2558505160746848,full,0.25344770497712443,0.015471185714908131,0.22312473817777392,0.2837706717764749,1
59,2500,seqmar,0.2558505160746848,cc,0.2175772560219075,0.04326713375885748,0.1327752321402697,0.3023792799035453,1
59,2500,seqmar,0.2558505160746848,cc_ccproj,0.21485317304810841,0.04290779525387443,0.13075543969449588,0.29895090640172095,1
59,2500,seqmar,0.2558505160746848,seq,0.25291139551235203,0.026447172371646697,0.20107589017100175,0.3047469008537023,1
60,2500,seqmar,0.2558505160746848,full,0.2560400933658452,0.009172610558763146,0.23806210702645764,0.2740180797052328,1
60,2500,seqmar,0.2558505160746848,cc,0.2356646932647561,0.01864884314663114,0.19911363234402243,0.2722157541854897,1
60,2500,seqmar,0.2558505160746848,cc_ccproj,0.2340514666180763,0.018704840078667802,0.19739065372730605,0.2707122795088465,1
60,2500,seqmar,0.2558505160746848,seq,0.2603139970941806,0.01612827236119718,0.22870316413338138,0.2919248300549799,1
61,2500,seqmar,0.2558505160746848,full,0.27754256333683386,0.012612085282953923,0.2528233304122965,0.30226179626137123,1
61,2500,seqmar,0.2558505160746848,cc,0.22782402920920586,0.019300980461880547,0.18999480263760873,0.265653255780803,1
61,2500,seqmar,0.2558505160746848,cc_ccproj,0.2300641108379445,0.01926945602520247,0.19229667102686931,0.2678315506490197,1
61,2500,seqmar,0.2558505160746848,seq,0.2539689521057524,0.014452931908901108,0.22564172609329647,0.2822961781182083,1
62,2500,seqmar,0.2558505160746848,full,0.2740967101137493,0.012252307860581459,0.25008262797951264,0.298110792247986,1
62,2500,seqmar,0.2558505160746848,cc,0.19946912461330257,0.013613043902112732,0.17278804884519902,0.22615020038140612,0
62,2500,seqmar,0.2558505160746848,cc_ccproj,0.201573286300791,0.013553465100899975,0.1750089828373065,0.22813758976427548,0
62,2500,seqmar,0.2558505160746848,seq,0.25271395187207735,0.016562532928418687,0.220251983839618,0.28517591990453667,1
63,2500,seqmar,0.2558505160746848,full,0.24115143174010592,0.010288472597525786,0.2209863959930281,0.26131646748718373,1
63,2500,seqmar,0.2558505160746848,cc,0.1881870983047935,0.017173668808811937,0.1545273259571032,0.2218468706524838,0
63,2500,seqmar,0.2558505160746848,cc_ccproj,0.1855274532766755,0.01648507170596249,0.15321730645042875,0.21783760010292225,0
63,2500,seqmar,0.2558505160746848,seq,0.23110446157352516,0.014366644796393171,0.20294635519391477,0.25926256795313557,1
64,2500,seqmar,0.2558505160746848,full,0.23878264934334614,0.009065030170804799,0.22101551668979977,0.25654978199689255,1
64,2500,seqmar,0.2558505160746848,cc,0.19895838190581797,0.012527793050648573,0.1744043587207756,0.22351240509086034,0
64,2500,seqmar,0.2558505160746848,cc_ccproj,0.19725561760093216,0.012257982498237865,0.17323041338126363,0.2212808218206007,0
64,2500,seqmar,0.2558505160746848,seq,0.21747108912078492,0.014223282664229266,0.18959396735696266,0.24534821088460718,0
65,2500,seqmar,0.2558505160746848,full,0.2623121257602832,0.010244370120111933,0.24223352928056552,0.28239072224000084,1
65,2500,seqmar,0.2558505160746848,cc,0.2553719294369804,0.023888501531370045,0.2085513267908652,0.3021925320830956,1
65,2500,seqmar,0.2558505160746848,cc_ccproj,0.2551632497512369,0.02392014889760192,0.20828061940710166,0.30204588009537214,1
65,2500,seqmar,0.2558505160746848,seq,0.27553162205146026,0.01684553575445065,0.24251497867245522,0.3085482654304653,1
66,2500,seqmar,0.2558505160746848,full,0.2505858687871572,0.009508739445039643,0.23194908193650413,0.2692226556378103,1
66,2500,seqmar,0.2558505160746848,cc,0.19545264257966447,0.012812443556256919,0.17034071465544862,0.22056457050388031,0
66,2500,seqmar,0.2558505160746848,cc_ccproj,0.19251195011518457,0.01263008155511758,0.1677574451453505,0.21726645508501866,0
66,2500,seqmar,0.2558505160746848,seq,0.23693623905896394,0.016221287658116926,0.2051430994661907,0.2687293786517372,1
67,2500,seqmar,0.2558505160746848,full,0.2708218719794916,0.009288825515836355,0.25261610850977567,0.2890276354492075,1
67,2500,seqmar,0.2558505160746848,cc,0.24017500942203696,0.016591902003581845,0.2076554790599986,0.2726945397840753,1
67,2500,seqmar,0.2558505160746848,cc_ccproj,0.2407867190524451,0.016774632739984332,0.20790904302818936,0.2736643950767008,1
67,2500,seqmar,0.2558505160746848,seq,0.26985780616025923,0.026634493570856076,0.2176551580149177,0.32206045430560076,1
68,2500,seqmar,0.2558505160746848,full,0.25060893139894636,0.00906912133504651,0.23283378021083137,0.2683840825870613,1
68,2500,seqmar,0.2558505160746848,cc,0.22082468202828687,0.013988142310022832,0.1934084268900212,0.24824093716655254,0
68,2500,seqmar,0.2558505160746848,cc_ccproj,0.22032730732382752,0.013973267092605345,0.19294020707596232,0.24771440757169272,0
68,2500,seqmar,0.2558505160746848,seq,0.254552816844496,0.012655875357813295,0.22974775695035396,0.279357876738638,1
69,2500,seqmar,0.2558505160746848,full,0.2557364586372931,0.01026518210781362,0.23561707141123345,0.27585584586335277,1
69,2500,seqmar,0.2558505160746848,cc,0.203558099055812,0.015998644935567425,0.1722013311806557,0.23491486693096827,0
69,2500,seqmar,0.2558505160746848,cc_ccproj,0.20509134149430952,0.015894857428540382,0.17393799339497143,0.2362446895936476,0
69,2500,seqmar,0.2558505160746848,seq,0.24010275745383788,0.013058523415312108,0.21450852186855318,0.2656969930391226,1
70,2500,seqmar,0.2558505160746848,full,0.28121313888784844,0.00892247948004029,0.2637254004541718,0.29870087732152506,0
70,2500,seqmar,0.2558505160746848,cc,0.244669208043004,0.015113457992996182,0.21504737469487245,0.2742910413911355,1
70,2500,seqmar,0.2558505160746848,cc_ccproj,0.2441817302813401,0.01515412169226885,0.21448019754715597,0.27388326301552424,1
70,2500,seqmar,0.2558505160746848,seq,0.2682264712799878,0.013854682617784546,0.24107179233189696,0.2953811502280786,1
71,2500,seqmar,0.2558505160746848,full,0.25108737054474123,0.008839453503125483,0.23376236003559886,0.2684123810538836,1
71,2500,seqmar,0.2558505160746848,cc,0.2166003564090512,0.012122497146635937,0.1928406985989552,0.2403600142191472,0
71,2500,seqmar,0.2558505160746848,cc_ccproj,0.21673309591503012,0.012228022081354355,0.19276661303341508,0.24069957879664516,0
71,2500,seqmar,0.2558505160746848,seq,0.25658730239792304,0.013375819721016938,0.23037117748102925,0.28280342731481684,1
72,2500,seqmar,0.2558505160746848,full,0.2530810253242392,0.009813249553844595,0.23384740962740005,0.2723146410210784,1
72,2500,seqmar,0.2558505160746848,cc,0.23627139791733934,0.01637352461104812,0.20417987937970483,0.26836291645497384,1
72,2500,seqmar,0.2558505160746848,cc_ccproj,0.23539913404881668,0.016387857533079416,0.20327952350020762,0.26751874459742575,1
72,2500,seqmar,0.2558505160746848,seq,0.26192855334651266,0.012140376396335533,0.23813385285093486,0.28572325384209046,1
73,2500,seqmar,0.2558505160746848,full,0.2537120058615596,0.011137716835853457,0.23188248199328143,0.2755415297298378,1
73,2500,seqmar,0.2558505160746848,cc,0.23236911518310024,0.015244046018317496,0.20249133400852673,0.26224689635767373,1
73,2500,seqmar,0.2558505160746848,cc_ccproj,0.23088576404436031,0.014981536733069931,0.20152249161447938,0.26024903647424125,1
73,2500,seqmar,0.2558505160746848,seq,0.2799615484162687,0.01565206469972716,0.24928406532111272,0.31063903151142463,1
74,2500,seqmar,0.2558505160746848,full,0.27489413980593563,0.009023879849027673,0.25720766030102465,0.2925806193108466,0
74,2500,seqmar,0.2558505160746848,cc,0.23848395321504276,0.013001614848073124,0.21300125637195824,0.2639666500581273,1
74,2500,seqmar,0.2558505160746848,cc_ccproj,0.23821224355060366,0.012983954809862813,0.21276415974637694,0.26366032735483036,1
74,2500,seqmar,0.2558505160746848,seq,0.2618304183475408,0.010207435481374913,0.24182421242952967,0.2818366242655519,1
75,2500,seqmar,0.2558505160746848,full,0.25720438158631087,0.011095136189413742,0.23545831425149297,0.2789504489211288,1
75,2500,seqmar,0.2558505160746848,cc,0.2269369701843766,0.020216668079959272,0.18731302886025591,0.2665609115084973,1
75,2500,seqmar,0.2558505160746848,cc_ccproj,0.22840759896891358,0.01970457448473045,0.189787342648155,0.26702785528967216,1
75,2500,seqmar,0.2558505160746848,seq,0.25601644993181816,0.01790814585424727,0.22091712902760324,0.29111577083603307,1
76,2500,seqmar,0.2558505160746848,full,0.24850063809180065,0.010731066693999154,0.227468133855865,0.2695331423277363,1
76,2500,seqmar,0.2558505160746848,cc,0.2282140991743865,0.017762754797795304,0.19339973950449166,0.26302845884428133,1
76,2500,seqmar,0.2558505160746848,cc_ccproj,0.22983710502325858,0.017778204547656728,0.19499246440006518,0.26468174564645197,1
76,2500,seqmar,0.2558505160746848,seq,0.2552102131911437,0.012930840363560807,0.22986623178872767,0.2805541945935597,1
77,2500,seqmar,0.2558505160746848,full,0.25977393701024937,0.010478946873752289,0.2392355785417863,0.28031229547871245,1
77,2500,seqmar,0.2558505160746848,cc,0.20193190592668725,0.022306679744517124,0.15821161701276454,0.24565219484060996,0
77,2500,seqmar,0.2558505160746848,cc_ccproj,0.20298773696479175,0.022155140213702008,0.15956446007350078,0.24641101385608272,0
77,2500,seqmar,0.2558505160746848,seq,0.2257350630991879,0.018375767542111524,0.1897192205283692,0.2617509056700066,1
78,2500,seqmar,0.2558505160746848,full,0.25499059949263075,0.009441493934771079,0.2364856114202261,0.27349558756503545,1
78,2500,seqmar,0.2558505160746848,cc,0.21283665552822667,0.01591242214701831,0.18164888121327327,0.24402442984318007,0
78,2500,seqmar,0.2558505160746848,cc_ccproj,0.21377549021792375,0.01590490638598596,0.18260244652391017,0.24494853391193733,0
78,2500,seqmar,0.2558505160746848,seq,0.22261504901574117,0.017364687872272036,0.1885808861833085,0.2566492118481738,1
79,2500,seqmar,0.2558505160746848,full,0.2563594040738167,0.009919142548750889,0.23691824192074612,0.27580056622688726,1
79,2500,seqmar,0.2558505160746848,cc,0.21095559779686424,0.013468151109397206,0.18455850668410254,0.23735268890962594,0
79,2500,seqmar,0.2558505160746848,cc_ccproj,0.213953200581489,0.013308641076169185,0.187868743389027,0.240037657773951,0
79,2500,seqmar,0.2558505160746848,seq,0.25903074410389876,0.011101563452403262,0.2372720795651022,0.2807894086426953,1
80,2500,seqmar,0.2558505160746848,full,0.2550620488426709,0.01126912989120229,0.23297496011881066,0.2771491375665312,1
80,2500,seqmar,0.2558505160746848,cc,0.21481223210158823,0.021183998704908048,0.1732923575914253,0.25633210661175115,1
80,2500,seqmar,0.2558505160746848,cc_ccproj,0.21567435721946704,0.020720316089800437,0.1750632839351724,0.2562854305037617,1
80,2500,seqmar,0.2558505160746848,seq,0.26013566135748933,0.014997150609195544,0.23074178629274314,0.28952953642223556,1
81,2500,seqmar,0.2558505160746848,full,0.2848831789882569,0.010845939928740174,0.2636255273494412,0.30614083062707254,0
81,2500,seqmar,0.2558505160746848,cc,0.26563373846694893,0.023738957629481718,0.21910623648264244,0.31216124045125543,1
81,2500,seqmar,0.2558505160746848,cc_ccproj,0.2643127113017087,0.02377090072265379,0.21772260200523014,0.31090282059818725,1
81,2500,seqmar,0.2558505160746848,seq,0.3006544106616554,0.020429877855851996,0.26061258585563307,0.3406962354676777,0
82,2500,seqmar,0.2558505160746848,full,0.2549060036403069,0.010301253280112568,0.23471591821566118,0.27509608906495264,1
82,2500,seqmar,0.2558505160746848,cc,0.21603734942077799,0.013799313961578014,0.18899119104472434,0.24308350779683163,0
82,2500,seqmar,0.2558505160746848,cc_ccproj,0.21312039461087043,0.01392582759856639,0.1858262740627664,0.24041451515897447,0
82,2500,seqmar,0.2558505160746848,seq,0.24695091558913,0.01412188420688266,0.219272531149795,0.274629300028465,1
83,2500,seqmar,0.2558505160746848,full,0.2725628107075138,0.00930943088688631,0.25431666145265186,0.29080895996237577,1
83,2500,seqmar,0.2558505160746848,cc,0.2485038335645458,0.01893552474772757,0.21139088703063288,0.28561678009845876,1
83,2500,seqmar,0.2558505160746848,cc_ccproj,0.24919544037620273,0.01896499579986674,0.21202473164151053,0.2863661491108949,1
83,2500,seqmar,0.2558505160746848,seq,0.2787007888828819,0.014762213192939156,0.24976738269261914,0.3076341950731447,1
84,2500,seqmar,0.2558505160746848,full,0.2673929502531053,0.009620480986672585,0.24853715400527465,0.2862487465009359,1
84,2500,seqmar,0.2558505160746848,cc,0.24648411739224602,0.013541262353271662,0.21994373087462546,0.27302450390986654,1
84,2500,seqmar,0.2558505160746848,cc_ccproj,0.24651765249411556,0.01366098238635443,0.21974261902342485,0.27329268596480627,1
84,2500,seqmar,0.2558505160746848,seq,0.2916974498147033,0.016372251249110365,0.25960842702060605,0.32378647260880056,0
85,2500,seqmar,0.2558505160746848,full,0.25682843782263287,0.010264043457258678,0.2367112823106519,0.2769455933346139,1
85,2500,seqmar,0.2558505160746848,cc,0.22856818495576753,0.0156738602306123,0.19784798340505275,0.2592883865064823,1
85,2500,seqmar,0.2558505160746848,cc_ccproj,0.23068744676078967,0.015445687788192752,0.20041445497948174,0.2609604385420976,1
85,2500,seqmar,0.2558505160746848,seq,0.26067545388611807,0.013570333842227757,0.23407808829716661,0.28727281947506955,1
86,2500,seqmar,0.2558505160746848,full,0.257005245817741,0.009501419391033026,0.23838280600930575,0.2756276856261762,1
86,2500,seqmar,0.2558505160746848,cc,0.22897729416838464,0.017988524079605862,0.19372043483732562,0.2642341534994437,1
86,2500,seqmar,0.2558505160746848,cc_ccproj,0.22709692724162814,0.01797069559340225,0.19187501110142707,0.2623188433818292,1
86,2500,seqmar,0.2558505160746848,seq,0.2525744123346064,0.012519383285446415,0.2280368719864787,0.27711195268273414,1
87,2500,seqmar,0.2558505160746848,full,0.25954243813366695,0.009615746095622858,0.24069592210176452,0.2783889541655694,1
87,2500,seqmar,0.2558505160746848,cc,0.2297026626690414,0.013419237693244655,0.20340144009029953,0.2560038852477833,1
87,2500,seqmar,0.2558505160746848,cc_ccproj,0.23034209227987676,0.013428416372837815,0.20402287981970665,0.2566613047400469,1
87,2500,seqmar,0.2558505160746848,seq,0.26501001289349,0.012879682248507192,0.23976629955409606,0.290253726232884,1
88,2500,seqmar,0.2558505160746848,full,0.2352518591093468,0.010171921667471715,0.21531525898753962,0.25518845923115396,0
88,2500,seqmar,0.2558505160746848,cc,0.2027927753837453,0.013172454396985882,0.1769752391776567,0.2286103115898339,0
88,2500,seqmar,0.2558505160746848,cc_ccproj,0.20436744159016787,0.012587994050652465,0.17969542661328458,0.22903945656705116,0
88,2500,seqmar,0.2558505160746848,seq,0.2393111662051208,0.011050610576368823,0.2176523674682605,0.2609699649419811,1
89,2500,seqmar,0.2558505160746848,full,0.29061373688941056,0.011287054201790343,0.26849151716235,0.31273595661647113,0
89,2500,seqmar,0.2558505160746848,cc,0.2756353250573351,0.027428661916922316,0.22187613555604202,0.3293945145586282,1
89,2500,seqmar,0.2558505160746848,cc_ccproj,0.27685101642209237,0.027460160993325586,0.22303008986550257,0.33067194297868213,1
89,2500,seqmar,0.2558505160746848,seq,0.296503280912141,0.019471007677423838,0.2583408071216874,0.33466575470259463,0
90,2500,seqmar,0.2558505160746848,full,0.26046774301674075,0.009499984493419874,0.24184811555594882,0.2790873704775327,1
90,2500,seqmar,0.2558505160746848,cc,0.22521623198612642,0.011446458591540537,0.20278158539617788,0.24765087857607496,0
90,2500,seqmar,0.2558505160746848,cc_ccproj,0.21958379467781933,0.011583834035826886,0.19687989716470938,0.24228769219092927,0
90,2500,seqmar,0.2558505160746848,seq,0.24773238772806308,0.012471034121858937,0.22328960999924946,0.2721751654568767,1
91,2500,seqmar,0.2558505160746848,full,0.2622199286508557,0.011156712782101659,0.24035317341207876,0.2840866838896326,1
91,2500,seqmar,0.2558505160746848,cc,0.2222760144134139,0.01861922133372311,0.1857830111791368,0.25876901764769106,1
91,2500,seqmar,0.2558505160746848,cc_ccproj,0.21902487124936101,0.01814066328309919,0.18346982455881847,0.25457991793990353,0
91,2500,seqmar,0.2558505160746848,seq,0.27681605858908986,0.01897772923043897,0.23962039278907646,0.3140117243891033,1
92,2500,seqmar,0.2558505160746848,full,0.2560342007562975,0.00877860147085782,0.23882845803878583,0.2732399434738092,1
92,2500,seqmar,0.2558505160746848,cc,0.2278799968555329,0.014597276344497206,0.1992698609479399,0.25649013276312593,1
92,2500,seqmar,0.2558505160746848,cc_ccproj,0.22776301844047303,0.014615989053586506,0.19911620629701182,0.25640983058393424,1
92,2500,seqmar,0.2558505160746848,seq,0.2600768028678103,0.013959489106747316,0.23271670697600638,0.28743689875961426,1
93,2500,seqmar,0.2558505160746848,full,0.2656024669855631,0.009772655116935331,0.2464484149230388,0.2847565190480874,1
93,2500,seqmar,0.2558505160746848,cc,0.2659654719264707,0.02040243550831838,0.22597743313326552,0.30595351071967586,1
93,2500,seqmar,0.2558505160746848,cc_ccproj,0.26746651001789623,0.020351833506458288,0.22757764932588248,0.30735537070991,1
93,2500,seqmar,0.2558505160746848,seq,0.27860331979406183,0.014173678939431632,0.25082341954434195,0.3063832200437817,1
94,2500,seqmar,0.2558505160746848,full,0.2722176589619563,0.010627242573694193,0.251388646262545,0.29304667166136766,1
94,2500,seqmar,0.2558505160746848,cc,0.23970604280419097,0.013330269896494098,0.21357919390286406,0.2658328917055179,1
94,2500,seqmar,0.2558505160746848,cc_ccproj,0.23974191932488176,0.013420532515719629,0.21343815894072254,0.26604567970904097,1
94,2500,seqmar,0.2558505160746848,seq,0.2765638083623631,0.013899615568889261,0.24932106244838795,0.3038065542763383,1
95,2500,seqmar,0.2558505160746848,full,0.23946100099723844,0.01508856428823543,0.20988795841387975,0.2690340435805971,1
95,2500,seqmar,0.2558505160746848,cc,0.21919726625496783,0.0156746745663187,0.1884754686355972,0.24991906387433846,0
95,2500,seqmar,0.2558505160746848,cc_ccproj,0.2231514241341263,0.015586802964694623,0.1926018516892027,0.25370099657904993,0
95,2500,seqmar,0.2558505160746848,seq,0.25364504635433716,0.014734834102672612,0.22476530219492627,0.282524790513748,1
96,2500,seqmar,0.2558505160746848,full,0.24358315045851878,0.008536121239451142,0.22685266026152712,0.26031364065551044,1
96,2500,seqmar,0.2558505160746848,cc,0.22129382746193987,0.016902006798146234,0.1881665028711221,0.25442115205275767,0
96,2500,seqmar,0.2558505160746848,cc_ccproj,0.2215595339671021,0.016849967539666465,0.18853420444868685,0.25458486348551734,0
96,2500,seqmar,0.2558505160746848,seq,0.2537924668774579,0.012840104494276345,0.22862632451094536,0.2789586092439704,1
97,2500,seqmar,0.2558505160746848,full,0.25475755657636917,0.01029523684012631,0.23457926315741165,0.27493584999532666,1
97,2500,seqmar,0.2558505160746848,cc,0.2321240452088036,0.01687896691429552,0.1990418779605412,0.265206212457066,1
97,2500,seqmar,0.2558505160746848,cc_ccproj,0.2329195551874922,0.016883823031168654,0.19982787012505374,0.2660112402499306,1
97,2500,seqmar,0.2558505160746848,seq,0.26014769550761974,0.013878994187542766,0.23294536675839517,0.2873500242568443,1
98,2500,seqmar,0.2558505160746848,full,0.25650608313088497,0.00871450582776309,0.2394259655654049,0.273586200696365,1
98,2500,seqmar,0.2558505160746848,cc,0.21780501622308412,0.012070787443703466,0.19414670756838703,0.24146332487778122,0
98,2500,seqmar,0.2558505160746848,cc_ccproj,0.2170080113342954,0.011998238038653885,0.1934918969005953,0.2405241257679955,0
98,2500,seqmar,0.2558505160746848,seq,0.2575483655099702,0.012831284351364311,0.23239951030590375,0.28269722071403663,1
99,2500,seqmar,0.2558505160746848,full,0.28286557084246206,0.012540833944101612,0.2582859879759255,0.3074451537089986,0
99,2500,seqmar,0.2558505160746848,cc,0.22405072875440374,0.017049692893212065,0.19063394473623957,0.2574675127725679,1
99,2500,seqmar,0.2558505160746848,cc_ccproj,0.22399567350533206,0.01682832015161036,0.19101277208786613,0.25697857492279796,1
99,2500,seqmar,0.2558505160746848,seq,0.2624629719560177,0.013546648462448916,0.23591202885839294,0.2890139150536425,1
100,2500,seqmar,0.2558505160746848,full,0.25320251628124907,0.00933409923931576,0.23490801794406746,0.2714970146184307,1
100,2500,seqmar,0.2558505160746848,cc,0.22796007826329542,0.016566502367447822,0.19549033027330015,0.2604298262532907,1
100,2500,seqmar,0.2558505160746848,cc_ccproj,0.22625161376365754,0.0166405800726772,0.1936366761393553,0.2588665513879598,1
100,2500,seqmar,0.2558505160746848,seq,0.25195964774009855,0.017054325660891816,0.21853378366413334,0.28538551181606375,1
101,2500,seqmar,0.2558505160746848,full,0.25560014658722713,0.01040742223010062,0.2352019738443284,0.27599831933012586,1
101,2500,seqmar,0.2558505160746848,cc,0.2304380681602186,0.017945986865334627,0.1952645802371339,0.26561155608330334,1
101,2500,seqmar,0.2558505160746848,cc_ccproj,0.22895744076502678,0.017979540026524975,0.1937181898544415,0.26419669167561205,1
101,2500,seqmar,0.2558505160746848,seq,0.2653311671729091,0.014168492963029869,0.23756143125016138,0.29310090309565684,1
102,2500,seqmar,0.2558505160746848,full,0.2532488038850475,0.01042683357234456,0.23281258561045906,0.27368502215963597,1
102,2500,seqmar,0.2558505160746848,cc,0.21797539903458554,0.011512207212153064,0.19541188751620328,0.2405389105529678,0
102,2500,seqmar,0.2558505160746848,cc_ccproj,0.2177538959051261,0.011665087451297186,0.19489074462407346,0.2406170471861787,0
102,2500,seqmar,0.2558505160746848,seq,0.25974935292923684,0.011172741383794638,0.23785118220841914,0.2816475236500545,1
103,2500,seqmar,0.2558505160746848,full,0.25985703821111916,0.009034763099890276,0.24214922792648277,0.2775648484957556,1
103,2500,seqmar,0.2558505160746848,cc,0.24959460778328862,0.01873307728608772,0.21287845098295136,0.2863107645836259,1
103,2500,seqmar,0.2558505160746848,cc_ccproj,0.25517958084332415,0.018718056939114797,0.21849286338208912,0.2918662983045592,1
103,2500,seqmar,0.2558505160746848,seq,0.27434993106830124,0.015376938298055455,0.24421168581161792,0.3044881763249846,1
104,2500,seqmar,0.2558505160746848,full,0.26629715129237663,0.008834222327643531,0.2489823936987757,0.28361190888597754,1
104,2500,seqmar,0.2558505160746848,cc,0.22324250936528442,0.013354621431493517,0.1970679323323904,0.24941708639817844,0
104,2500,seqmar,0.2558505160746848,cc_ccproj,0.21909678764441187,0.013375362723832392,0.19288155842554083,0.2453120168632829,0
104,2500,seqmar,0.2558505160746848,seq,0.2708455651514455,0.016246861408761634,0.239002301928459,0.30268882837443195,1
105,2500,seqmar,0.2558505160746848,full,0.26323338435594007,0.009606838391437058,0.24440432710342674,0.2820624416084534,1
105,2500,seqmar,0.2558505160746848,cc,0.24386065264978005,0.017051620021559435,0.21044009152946147,0.2772812137700986,1
105,2500,seqmar,0.2558505160746848,cc_ccproj,0.24248453667174044,0.017054944777033298,0.20905745915043566,0.2759116141930452,1
105,2500,seqmar,0.2558505160746848,seq,0.2681587696781332,0.012503379878604566,0.24365259543104545,0.2926649439252209,1
106,2500,seqmar,0.2558505160746848,full,0.27023026224340463,0.009470747421489355,0.2516679383906099,0.28879258609619934,1
106,2500,seqmar,0.2558505160746848,cc,0.25128693572742705,0.019870477415603292,0.21234151563722808,0.290232355817626,1
106,2500,seqmar,0.2558505160746848,cc_ccproj,0.2529512408384052,0.01988983805794467,0.21396787458649955,0.2919346070903108,1
106,2500,seqmar,0.2558505160746848,seq,0.29264799728220664,0.017113223979963895,0.2591066946221102,0.32618929994230306,0
107,2500,seqmar,0.2558505160746848,full,0.2504595038130881,0.00949429725361259,0.2318510231374899,0.26906798448868635,1
107,2500,seqmar,0.2558505160746848,cc,0.22720866123621872,0.015394221626166165,0.1970365412789054,0.257380781193532,1
107,2500,seqmar,0.2558505160746848,cc_ccproj,0.22735302871559807,0.015426651239234358,0.19711734788463853,0.2575887095465576,1
107,2500,seqmar,0.2558505160746848,seq,0.2620132585533863,0.012932447757466641,0.2366661267168059,0.2873603903899667,1
108,2500,seqmar,0.2558505160746848,full,0.24663542097938643,0.009589714736248119,0.22783992547432708,0.2654309164844458,1
108,2500,seqmar,0.2558505160746848,cc,0.2142001218476861,0.011030246090679206,0.19258123676934114,0.23581900692603108,0
108,2500,seqmar,0.2558505160746848,cc_ccproj,0.21294293146744248,0.011061214626709249,0.1912633491738247,0.23462251376106025,0
108,2500,seqmar,0.2558505160746848,seq,0.24979106837324588,0.009835541462379697,0.23051376133853127,0.2690683754079605,1
109,2500,seqmar,0.2558505160746848,full,0.24393778155833798,0.010777323934454503,0.22281461479708564,0.2650609483195903,1
109,2500,seqmar,0.2558505160746848,cc,0.19638853495944272,0.016157427495831222,0.16472055898479632,0.22805651093408913,0
109,2500,seqmar,0.2558505160746848,cc_ccproj,0.19825605664666698,0.01570341600262964,0.16747792684726295,0.22903418644607101,0
109,2500,seqmar,0.2558505160746848,seq,0.24485273194792362,0.012959226022607129,0.2194531156760994,0.27025234821974786,1
110,2500,seqmar,0.2558505160746848,full,0.2875871711584942,0.009542542228133164,0.26888413207040057,0.3062902102465878,0
110,2500,seqmar,0.2558505160746848,cc,0.24786055460793924,0.013844073730216643,0.22072666869739754,0.27499444051848093,1
110,2500,seqmar,0.2558505160746848,cc_ccproj,0.24820448754302443,0.013762997464708644,0.22122950819287943,0.27517946689316947,1
110,2500,seqmar,0.2558505160746848,seq,0.2875249904003824,0.01269118662494572,0.26265072169441234,0.3123992591063524,0
111,2500,seqmar,0.2558505160746848,full,0.2451734100873149,0.009524413990719129,0.22650590169165602,0.2638409184829738,1
111,2500,seqmar,0.2558505160746848,cc,0.21705077127722966,0.013755970304882658,0.19008956490725717,0.24401197764720214,0
111,2500,seqmar,0.2558505160746848,cc_ccproj,0.21765236587757378,0.013757561000227325,0.19068804180201537,0.24461668995313218,0
111,2500,seqmar,0.2558505160746848,seq,0.2630068615706211,0.012813946319432794,0.23789198828470323,0.28812173485653897,1
112,2500,seqmar,0.2558505160746848,full,0.2556665822431742,0.012390812389269196,0.23138103622101386,0.2799521282653345,1
112,2500,seqmar,0.2558505160746848,cc,0.2774330149772651,0.03525164043764435,0.20834106932352636,0.3465249606310038,1
112,2500,seqmar,0.2558505160746848,cc_ccproj,0.2770122962437551,0.03532248641829395,0.20778149501949378,0.34624309746801646,1
112,2500,seqmar,0.2558505160746848,seq,0.2935554644934444,0.02219830283840801,0.25004759041225144,0.33706333857463733,1
113,2500,seqmar,0.2558505160746848,full,0.26960491793787517,0.010881061528724178,0.24827842922801144,0.2909314066477389,1
113,2500,seqmar,0.2558505160746848,cc,0.26365797811936326,0.025194683294213843,0.21427730626081115,0.31303864997791536,1
113,2500,seqmar,0.2558505160746848,cc_ccproj,0.26544756385463675,0.025294140545351954,0.2158719593658526,0.3150231683434209,1
113,2500,seqmar,0.2558505160746848,seq,0.2951685733742651,0.02744824536582101,0.2413710010184375,0.3489661457300927,1
114,2500,seqmar,0.2558505160746848,full,0.2544490058646695,0.00858382164094056,0.23762502459871052,0.27127298713062853,1
114,2500,seqmar,0.2558505160746848,cc,0.22410639993071776,0.010474007337001445,0.20357772277638664,0.2446350770850489,0
114,2500,seqmar,0.2558505160746848,cc_ccproj,0.2224442816946438,0.010557729327384946,0.20175151245444703,0.2431370509348406,0
114,2500,seqmar,0.2558505160746848,seq,0.2490917769824835,0.011783989907854887,0.22599558116890445,0.27218797279606255,1
115,2500,seqmar,0.2558505160746848,full,0.2574847844433183,0.010139960680441002,0.23761082670500167,0.2773587421816349,1
115,2500,seqmar,0.2558505160746848,cc,0.23694122193290132,0.020069553991224644,0.1976056189243189,0.2762768249414837,1
115,2500,seqmar,0.2558505160746848,cc_ccproj,0.23682077410802477,0.020118403179725557,0.19738942844930657,0.27625211976674297,1
115,2500,seqmar,0.2558505160746848,seq,0.25570676672419723,0.017679707334187472,0.22105517709198114,0.2903583563564133,1
116,2500,seqmar,0.2558505160746848,full,0.2646156620076292,0.00904892200501939,0.24688010077887923,0.2823512232363792,1
116,2500,seqmar,0.2558505160746848,cc,0.25435327415083414,0.01626672399078874,0.22247108098243457,0.2862354673192337,1
116,2500,seqmar,0.2558505160746848,cc_ccproj,0.2590907457454303,0.016206198005066112,0.22732718132917584,0.2908543101616847,1
116,2500,seqmar,0.2558505160746848,seq,0.30496152865495724,0.020672989479492424,0.2644432138223767,0.3454798434875378,0
117,2500,seqmar,0.2558505160746848,full,0.2421144766131495,0.011594975246795956,0.21938874272779602,0.264840210498503,1
117,2500,seqmar,0.2558505160746848,cc,0.1943825652051934,0.018107846602909233,0.15889183802591533,0.22987329238447146,0
117,2500,seqmar,0.2558505160746848,cc_ccproj,0.1948231221588282,0.01739195179034725,0.16073552302889066,0.22891072128876572,0
117,2500,seqmar,0.2558505160746848,seq,0.2229986968592086,0.016297743416075726,0.19105570673442537,0.2549416869839918,0
118,2500,seqmar,0.2558505160746848,full,0.24959017242346673,0.011540406559024923,0.22697139120082807,0.2722089536461054,1
118,2500,seqmar,0.2558505160746848,cc,0.22898948575706446,0.02777728378143142,0.1745470099571103,0.2834319615570186,1
118,2500,seqmar,0.2558505160746848,cc_ccproj,0.23461706754576217,0.02773711731836589,0.18025331656680282,0.2889808185247215,1
118,2500,seqmar,0.2558505160746848,seq,0.26253489830092686,0.019408441712512617,0.22449505154835725,0.30057474505349646,1
119,2500,seqmar,0.2558505160746848,full,0.25018188051592705,0.010069888542496318,0.23044526164430174,0.26991849938755236,1
119,2500,seqmar,0.2558505160746848,cc,0.23555498848984166,0.014507251630373596,0.20712129777964944,0.2639886792000339,1
119,2500,seqmar,0.2558505160746848,cc_ccproj,0.23449333834423097,0.014527741773459096,0.2060194876915531,0.26296718899690885,1
119,2500,seqmar,0.2558505160746848,seq,0.2640153565900116,0.014106652853816322,0.2363668250541224,0.2916638881259007,1
120,2500,seqmar,0.2558505160746848,full,0.2694907418419799,0.008571011434662401,0.2526918681189606,0.2862896155649992,1
120,2500,seqmar,0.2558505160746848,cc,0.22108926357141667,0.011706804185711564,0.19814434899335925,0.2440341781494741,0
120,2500,seqmar,0.2558505160746848,cc_ccproj,0.2208698293467602,0.011662894664931391,0.19801097584801033,0.24372868284551005,0
120,2500,seqmar,0.2558505160746848,seq,0.2703241621574016,0.011462954731853419,0.24785718372655594,0.29279114058824735,1
121,2500,seqmar,0.2558505160746848,full,0.2586268418775986,0.009315211037997973,0.2403693637347326,0.2768843200204646,1
121,2500,seqmar,0.2558505160746848,cc,0.2398872310215861,0.012719137992351866,0.21495817864218136,0.26481628340099084,1
121,2500,seqmar,0.2558505160746848,cc_ccproj,0.23966216958601472,0.012991466599677514,0.21419936294429176,0.2651249762277377,1
121,2500,seqmar,0.2558505160746848,seq,0.27397844728660775,0.012917058094084007,0.2486614786359915,0.299295415937224,1
122,2500,seqmar,0.2558505160746848,full,0.2504027812856192,0.010063404086115295,0.23067887171496002,0.2701266908562784,1
122,2500,seqmar,0.2558505160746848,cc,0.19866007259679605,0.016548876140343595,0.1662248713771084,0.2310952738164837,0
122,2500,seqmar,0.2558505160746848,cc_ccproj,0.20169336887050346,0.016084347696044367,0.1701686266714367,0.23321811106957022,0
122,2500,seqmar,0.2558505160746848,seq,0.2500972794340533,0.015498149225338972,0.21972146512536156,0.28047309374274504,1
123,2500,seqmar,0.2558505160746848,full,0.25547788995394577,0.00992774766759433,0.23601986207785935,0.2749359178300322,1
123,2500,seqmar,0.2558505160746848,cc,0.22183163011143556,0.01483918105174685,0.19274736968994252,0.25091589053292856,0
123,2500,seqmar,0.2558505160746848,cc_ccproj,0.2201100026633774,0.014954907588827447,0.19079892239715088,0.24942108292960394,0
123,2500,seqmar,0.2558505160746848,seq,0.251049204295633,0.013840279755569607,0.22392275443875773,0.2781756541525082,1
124,2500,seqmar,0.2558505160746848,full,0.2615526948918741,0.009672701577152418,0.24259454816745157,0.28051084161629664,1
124,2500,seqmar,0.2558505160746848,cc,0.22272493619438882,0.01599433391486556,0.1913766177645448,0.25407325462423286,0
124,2500,seqmar,0.2558505160746848,cc_ccproj,0.2197031949485895,0.01598835051136638,0.18836660377410885,0.25103978612307015,0
124,2500,seqmar,0.2558505160746848,seq,0.25728185240407253,0.014562412694311855,0.22874004799521241,0.28582365681293265,1
125,2500,seqmar,0.2558505160746848,full,0.2566975378489183,0.008969481425365773,0.2391176772952004,0.2742773984026362,1
125,2500,seqmar,0.2558505160746848,cc,0.22030396979463257,0.012415890927189881,0.19596927074136278,0.24463866884790236,0
125,2500,seqmar,0.2558505160746848,cc_ccproj,0.22213622599591645,0.012541428336942053,0.19755547814081997,0.24671697385101293,0
125,2500,seqmar,0.2558505160746848,seq,0.25022813807910044,0.012506122653655066,0.22571658809169604,0.27473968806650484,1
126,2500,seqmar,0.2558505160746848,full,0.2662388006541172,0.010112296893319724,0.24641906294223426,0.28605853836600015,1
126,2500,seqmar,0.2558505160746848,cc,0.22656013982336162,0.014385048520590835,0.1983659628071424,0.25475431683958083,0
126,2500,seqmar,0.2558505160746848,cc_ccproj,0.2252488589450116,0.014352945996819291,0.19711760171919743,0.25338011617082573,0
126,2500,seqmar,0.2558505160746848,seq,0.24812870012040109,0.013271407274467026,0.22211721983828284,0.27414018040251936,1
127,2500,seqmar,0.2558505160746848,full,0.26223127438965066,0.009763454579803328,0.24309525504854348,0.2813672937307578,1
127,2500,seqmar,0.2558505160746848,cc,0.23016799060743606,0.012429161978034186,0.20580728077247445,0.25452870044239767,0
127,2500,seqmar,0.2558505160746848,cc_ccproj,0.22846607181666778,0.012327354121324376,0.2043049017142006,0.252627241919135,0
127,2500,seqmar,0.2558505160746848,seq,0.2485721850057652,0.011262196894706533,0.22649868470534157,0.2706456853061888,1
128,2500,seqmar,0.2558505160746848,full,0.2497300403221951,0.01042438168542781,0.22929862765765763,0.27016145298673255,1
128,2500,seqmar,0.2558505160746848,cc,0.2007249001434839,0.015086433406637017,0.17115603401131343,0.23029376627565437,0
128,2500,seqmar,0.2558505160746848,cc_ccproj,0.2008365430880885,0.014964914307145421,0.17150585001435528,0.2301672361618217,0
128,2500,seqmar,0.2558505160746848,seq,0.24387755824663845,0.015551869069587049,0.2133964549779654,0.2743586615153115,1
129,2500,seqmar,0.2558505160746848,full,0.2318409697473286,0.01709314846319549,0.19833901437706924,0.26534292511758795,1
129,2500,seqmar,0.2558505160746848,cc,0.2113364178722015,0.02869705933077338,0.15509121512167656,0.26758162062272645,1
129,2500,seqmar,0.2558505160746848,cc_ccproj,0.211169404656139,0.028109606461585102,0.15607558837183783,0.2662632209404402,1
129,2500,seqmar,0.2558505160746848,seq,0.24862928760840605,0.017805663192183196,0.2137308290308765,0.2835277461859356,1
130,2500,seqmar,0.2558505160746848,full,0.25701391393979145,0.011256456548129859,0.23495166451191687,0.27907616336766605,1
130,2500,seqmar,0.2558505160746848,cc,0.23592690559750212,0.025878582992239177,0.18520581496178257,0.2866479962332217,1
130,2500,seqmar,0.2558505160746848,cc_ccproj,0.2335761600264791,0.025828973489929706,0.18295230222857706,0.28420001782438115,1
130,2500,seqmar,0.2558505160746848,seq,0.2529830411418876,0.019837207337794413,0.21410282920595686,0.2918632530778183,1
131,2500,seqmar,0.2558505160746848,full,0.25125109853807104,0.011456625230018036,0.22879652570286277,0.2737056713732793,1
131,2500,seqmar,0.2558505160746848,cc,0.19345612924220276,0.02466916372165351,0.1451054568190398,0.24180680166536572,0
131,2500,seqmar,0.2558505160746848,cc_ccproj,0.1918138269133346,0.024105700979417454,0.14456752117158447,0.23906013265508472,0
131,2500,seqmar,0.2558505160746848,seq,0.23924087086149343,0.018583185926312914,0.2028184957279085,0.27566324599507835,1
132,2500,seqmar,0.2558505160746848,full,0.2532308708678969,0.009010708885041744,0.23557020597804004,0.2708915357577538,1
132,2500,seqmar,0.2558505160746848,cc,0.21015312438659275,0.012032466295646208,0.1865699238019341,0.2337363249712514,0
132,2500,seqmar,0.2558505160746848,cc_ccproj,0.212628299107055,0.011871395601529026,0.1893607912818309,0.2358958069322791,0
132,2500,seqmar,0.2558505160746848,seq,0.2592131906462776,0.012919406993613906,0.23389161823717947,0.2845347630553758,1
133,2500,seqmar,0.2558505160746848,full,0.2564406699386418,0.011647772932731339,0.2336114544903879,0.2792698853868957,1
133,2500,seqmar,0.2558505160746848,cc,0.19809571290901398,0.017648709929992023,0.1635048770726352,0.23268654874539277,0
133,2500,seqmar,0.2558505160746848,cc_ccproj,0.19620644141416554,0.0171822232242679,0.1625299027202728,0.2298829801080583,0
133,2500,seqmar,0.2558505160746848,seq,0.24757414988705415,0.014088261250178124,0.2199616652319138,0.2751866345421945,1
134,2500,seqmar,0.2558505160746848,full,0.25181863334028703,0.009444388080320243,0.23330797284684,0.2703292938337341,1
134,2500,seqmar,0.2558505160746848,cc,0.2076612672238382,0.01699225125446656,0.1743570667488282,0.24096546769884822,0
134,2500,seqmar,0.2558505160746848,cc_ccproj,0.20774970822679956,0.016609427474658683,0.1751958285726385,0.24030358788096062,0
134,2500,seqmar,0.2558505160746848,seq,0.25909876145221994,0.014778164406679168,0.23013409145751704,0.28806343144692287,1
135,2500,seqmar,0.2558505160746848,full,0.2546325687061877,0.010553471194607892,0.23394814525287536,0.2753169921595001,1
135,2500,seqmar,0.2558505160746848,cc,0.207815027272098,0.018269762374105446,0.17200695101274632,0.24362310353144967,0
135,2500,seqmar,0.2558505160746848,cc_ccproj,0.2069971706752489,0.017977677406432458,0.17176157043296184,0.24223277091753595,0
135,2500,seqmar,0.2558505160746848,seq,0.22969875534913617,0.02574441519618699,0.179240628761564,0.28015688193670835,1
136,2500,seqmar,0.2558505160746848,full,0.2594954242989529,0.009556924230438442,0.24076419700431537,0.2782266515935904,1
136,2500,seqmar,0.2558505160746848,cc,0.22681353365757495,0.01551781754589439,0.19639917014895822,0.25722789716619165,1
136,2500,seqmar,0.2558505160746848,cc_ccproj,0.22630401759628307,0.015578003795196898,0.19577169120666887,0.2568363439858973,1
136,2500,seqmar,0.2558505160746848,seq,0.25346003893643576,0.01677959020015795,0.22057264646878494,0.2863474314040866,1
137,2500,seqmar,0.2558505160746848,full,0.26820998688788783,0.011161742777291157,0.24633337303969707,0.29008660073607856,1
137,2500,seqmar,0.2558505160746848,cc,0.2558991876911604,0.026962221399044403,0.2030542048058382,0.30874417057648257,1
137,2500,seqmar,0.2558505160746848,cc_ccproj,0.2571603389275759,0.026957591009195824,0.2043244314395913,0.30999624641556045,1
137,2500,seqmar,0.2558505160746848,seq,0.2668359316120764,0.023948298646360076,0.21989812877420134,0.3137737344499515,1
138,2500,seqmar,0.2558505160746848,full,0.26770943917149254,0.008647464561954064,0.25076072007247613,0.28465815827050894,1
138,2500,seqmar,0.2558505160746848,cc,0.23590916072256402,0.014203444286445615,0.2080709214647094,0.26374739998041863,1
138,2500,seqmar,0.2558505160746848,cc_ccproj,0.23616833335852308,0.014266064446868955,0.2082073608415326,0.26412930587551353,1
138,2500,seqmar,0.2558505160746848,seq,0.2705697043371464,0.011485515915263075,0.24805850679936917,0.29308090187492364,1
139,2500,seqmar,0.2558505160746848,full,0.2468644864928298,0.012558963804905484,0.22224936975207293,0.27147960323358666,1
139,2500,seqmar,0.2558505160746848,cc,0.20759556264159343,0.029227516159160635,0.15031068361207614,0.26488044167111074,1
139,2500,seqmar,0.2558505160746848,cc_ccproj,0.20462266395918016,0.02905118165114176,0.14768339421461146,0.26156193370374886,1
139,2500,seqmar,0.2558505160746848,seq,0.25561419022420007,0.01970201936909935,0.2169989418380548,0.29422943861034534,1
140,2500,seqmar,0.2558505160746848,full,0.25332937629157015,0.009257013188089346,0.23518596383850274,0.2714727887446376,1
140,2500,seqmar,0.2558505160746848,cc,0.23182545863969845,0.014844176071364597,0.20273140815965257,0.2609195091197443,1
140,2500,seqmar,0.2558505160746848,cc_ccproj,0.23006012123089814,0.014857595240192352,0.2009397696632474,0.2591804727985489,1
140,2500,seqmar,0.2558505160746848,seq,0.2736815229712385,0.01422454404571075,0.24580192894514175,0.30156111699733523,1
141,2500,seqmar,0.2558505160746848,full,0.24079052193991055,0.009971031184585805,0.2212476599293966,0.2603333839504245,1
141,2500,seqmar,0.2558505160746848,cc,0.18586065858465162,0.015076901844859108,0.15631047397028228,0.21541084319902096,0
141,2500,seqmar,0.2558505160746848,cc_ccproj,0.18803731570547838,0.014684348515449532,0.1592565214787631,0.21681810993219366,0
141,2500,seqmar,0.2558505160746848,seq,0.22376403964344227,0.013789283971373564,0.19673753968695465,0.2507905395999299,0
142,2500,seqmar,0.2558505160746848,full,0.2681507904389882,0.010929378583033887,0.2467296020428384,0.289571978835138,1
142,2500,seqmar,0.2558505160746848,cc,0.26795776688660716,0.02102632038154613,0.22674693621137626,0.30916859756183807,1
142,2500,seqmar,0.2558505160746848,cc_ccproj,0.2676428830306489,0.021132856850208378,0.22622324471379995,0.3090625213474979,1
142,2500,seqmar,0.2558505160746848,seq,0.27263258706892,0.015747972558842704,0.24176712802406325,0.3034980461137768,1
143,2500,seqmar,0.2558505160746848,full,0.24554193602499058,0.011052899650942766,0.2238786507844074,0.2672052212655737,1
143,2500,seqmar,0.2558505160746848,cc,0.22084408573296319,0.021651225572304488,0.17840846339009375,0.2632797080758326,1
143,2500,seqmar,0.2558505160746848,cc_ccproj,0.22213761365810533,0.021129631504447174,0.180724296902786,0.2635509304134247,1
143,2500,seqmar,0.2558505160746848,seq,0.23841649183404778,0.016109586129077504,0.20684228321520987,0.2699907004528857,1
144,2500,seqmar,0.2558505160746848,full,0.2642387803674212,0.010108058530886173,0.24442734969326146,0.28405021104158096,1
144,2500,seqmar,0.2558505160746848,cc,0.24476895394307294,0.02122911939131743,0.2031606445125899,0.28637726337355596,1
144,2500,seqmar,0.2558505160746848,cc_ccproj,0.24554168030712153,0.021264787498161915,0.2038634626718266,0.2872198979424165,1
144,2500,seqmar,0.2558505160746848,seq,0.27031337868008076,0.015111313634207391,0.2406957481979452,0.2999310091622163,1
145,2500,seqmar,0.2558505160746848,full,0.2354645396890468,0.011788846147700184,0.21235882582027066,0.2585702535578229,1
145,2500,seqmar,0.2558505160746848,cc,0.20850713441918342,0.021840008025624972,0.16570150526689276,0.2513127635714741,0
145,2500,seqmar,0.2558505160746848,cc_ccproj,0.21102866533442893,0.021589038888255908,0.1687149266526127,0.25334240401624514,0
145,2500,seqmar,0.2558505160746848,seq,0.2501768598448203,0.015011678626769108,0.22075451038886315,0.2795992093007774,1
146,2500,seqmar,0.2558505160746848,full,0.2513701463363455,0.009308173926544035,0.23312646067848444,0.26961383199420663,1
146,2500,seqmar,0.2558505160746848,cc,0.2122755523081919,0.015045682173076107,0.1827865571261264,0.2417645474902574,0
146,2500,seqmar,0.2558505160746848,cc_ccproj,0.21135858457652704,0.014602103480825359,0.18273898765558239,0.2399781814974717,0
146,2500,seqmar,0.2558505160746848,seq,0.2559996513657559,0.0126464376749053,0.23121308899021106,0.28078621374130075,1
147,2500,seqmar,0.2558505160746848,full,0.2381884072031194,0.010050747047934967,0.2184893049714446,0.2578875094347942,1
147,2500,seqmar,0.2558505160746848,cc,0.21306601886681756,0.012603319939892388,0.18836396569899297,0.23776807203464215,0
147,2500,seqmar,0.2558505160746848,cc_ccproj,0.2110600207986491,0.01276825524476471,0.18603470037349562,0.2360853412238026,0
147,2500,seqmar,0.2558505160746848,seq,0.26830678360360377,0.01958395642698957,0.2299229343319025,0.30669063287530507,1
148,2500,seqmar,0.2558505160746848,full,0.2461414785455816,0.010366365894340939,0.22582377474210902,0.2664591823490542,1
148,2500,seqmar,0.2558505160746848,cc,0.20793528284608892,0.01825545111232908,0.17215525614439225,0.24371530954778559,0
148,2500,seqmar,0.2558505160746848,cc_ccproj,0.20938185909009052,0.018044779854484237,0.1740147404663475,0.24474897771383355,0
148,2500,seqmar,0.2558505160746848,seq,0.23641252551129646,0.015305983663049487,0.20641334878376102,0.2664117022388319,1
149,2500,seqmar,0.2558505160746848,full,0.24862254235083864,0.010144316656254487,0.22874004705681006,0.2685050376448672,1
149,2500,seqmar,0.2558505160746848,cc,0.21485953840963193,0.01657572077999219,0.18237172266305507,0.2473473541562088,0
149,2500,seqmar,0.2558505160746848,cc_ccproj,0.21690526041194244,0.016184819527149272,0.18518359704244927,0.2486269237814356,0
149,2500,seqmar,0.2558505160746848,seq,0.2632971722828557,0.015345074290820295,0.2332213793327564,0.293372965232955,1
150,2500,seqmar,0.2558505160746848,full,0.2556378337170709,0.011080712435008572,0.23392003642140896,0.2773556310127328,1
150,2500,seqmar,0.2558505160746848,cc,0.23591593817609702,0.02434631894558985,0.18819802988661571,0.2836338464655783,1
150,2500,seqmar,0.2558505160746848,cc_ccproj,0.23947811884884995,0.024002044334772866,0.1924349763973615,0.2865212613003384,1
150,2500,seqmar,0.2558505160746848,seq,0.2724566855645181,0.01943192163958336,0.23437081900053017,0.31054255212850596,1
151,2500,seqmar,0.2558505160746848,full,0.24410757124446755,0.009294432965788824,0.22589081737479966,0.26232432511413545,1
151,2500,seqmar,0.2558505160746848,cc,0.2466896444332204,0.01803428472507665,0.21134309588512934,0.28203619298131144,1
151,2500,seqmar,0.2558505160746848,cc_ccproj,0.24892364089159655,0.01804324857795818,0.21355952351469498,0.2842877582684981,1
151,2500,seqmar,0.2558505160746848,seq,0.26503773373741396,0.015907231171835304,0.23386013354686389,0.29621533392796406,1
152,2500,seqmar,0.2558505160746848,full,0.24637329659509413,0.009140988678646749,0.22845728800185813,0.26428930518833016,1
152,2500,seqmar,0.2558505160746848,cc,0.19132064088353262,0.012064694013889092,0.16767427513181402,0.21496700663525123,0
152,2500,seqmar,0.2558505160746848,cc_ccproj,0.19080904028943588,0.01178972334936237,0.1677016071369947,0.21391647344187706,0
152,2500,seqmar,0.2558505160746848,seq,0.2339592596453057,0.01135395409806103,0.21170591853098514,0.25621260075962626,1
153,2500,seqmar,0.2558505160746848,full,0.23852570085139752,0.008963605829760196,0.22095735625345425,0.2560940454493408,1
153,2500,seqmar,0.2558505160746848,cc,0.2091130020350064,0.014910419348083452,0.17988911711837366,0.23833688695163915,0
153,2500,seqmar,0.2558505160746848,cc_ccproj,0.21395764293306055,0.015002391507328388,0.18455349589672734,0.24336178996939375,0
153,2500,seqmar,0.2558505160746848,seq,0.2500205965573831,0.014692569927246166,0.22122368865964437,0.2788175044551219,1
154,2500,seqmar,0.2558505160746848,full,0.2526958983399203,0.012744463606023335,0.22771720866983308,0.2776745880100075,1
154,2500,seqmar,0.2558505160746848,cc,0.2007634748400446,0.030656400076740066,0.1406780347939831,0.26084891488610606,1
154,2500,seqmar,0.2558505160746848,cc_ccproj,0.19976892265097276,0.030258386663782676,0.14046357455967162,0.2590742707422739,1
154,2500,seqmar,0.2558505160746848,seq,0.2547385548278009,0.021988716116523678,0.21164146317313903,0.29783564648246275,1
155,2500,seqmar,0.2558505160746848,full,0.24924421052059842,0.010937875841883897,0.22780636780313526,0.2706820532380616,1
155,2500,seqmar,0.2558505160746848,cc,0.20692042594838614,0.013665887353777608,0.18013577891820065,0.23370507297857163,0
155,2500,seqmar,0.2558505160746848,cc_ccproj,0.20734784271991788,0.013407805377612887,0.18106902706807415,0.2336266583717616,0
155,2500,seqmar,0.2558505160746848,seq,0.24362265321648802,0.01366586223649843,0.2168380554152651,0.2704072510177109,1
156,2500,seqmar,0.2558505160746848,full,0.2375277228897763,0.00865812839538114,0.2205581030613057,0.2544973427182469,0
156,2500,seqmar,0.2558505160746848,cc,0.20993300896004674,0.011363901770422957,0.18766017076616678,0.2322058471539267,0
156,2500,seqmar,0.2558505160746848,cc_ccproj,0.20783331413912323,0.011419610944583906,0.18545128797027935,0.23021534030796711,0
156,2500,seqmar,0.2558505160746848,seq,0.24232712142318127,0.011635559799905056,0.21952184327540528,0.26513239957095724,1
157,2500,seqmar,0.2558505160746848,full,0.25800050335420793,0.013021183909064841,0.23247945185636837,0.2835215548520475,1
157,2500,seqmar,0.2558505160746848,cc,0.25016057304587586,0.013533666934250631,0.223635073275984,0.2766860728157677,1
157,2500,seqmar,0.2558505160746848,cc_ccproj,0.2498482340278083,0.013528074437896245,0.22333369534935474,0.27636277270626186,1
157,2500,seqmar,0.2558505160746848,seq,0.2843622552056637,0.012388650406270128,0.26008094659231673,0.3086435638190107,0
158,2500,seqmar,0.2558505160746848,full,0.26149264893169805,0.009239619859833452,0.24338332677558347,0.27960197108781265,1
158,2500,seqmar,0.2558505160746848,cc,0.2408578245797782,0.01612504782297388,0.2092533115977634,0.272462337561793,1
158,2500,seqmar,0.2558505160746848,cc_ccproj,0.23783654795862003,0.016248984983508276,0.20598912260561164,0.2696839733116284,1
158,2500,seqmar,0.2558505160746848,seq,0.2657347947432781,0.012461780299208604,0.24131015417357846,0.2901594353129777,1
159,2500,seqmar,0.2558505160746848,full,0.2659698686977402,0.009918847197124249,0.2465292854232206,0.2854104519722598,1
159,2500,seqmar,0.2558505160746848,cc,0.22732087605890955,0.016255812908291315,0.19546006821923725,0.2591816838985818,1
159,2500,seqmar,0.2558505160746848,cc_ccproj,0.22630594404460008,0.015950300206707888,0.19504393009685084,0.25756795799234933,1
159,2500,seqmar,0.2558505160746848,seq,0.25203099728265577,0.023752751814633603,0.2054764591922555,0.29858553537305604,1
160,2500,seqmar,0.2558505160746848,full,0.24463545924861405,0.013696099175498008,0.21779159813594923,0.27147932036127886,1
160,2500,seqmar,0.2558505160746848,cc,0.2053995611498342,0.03328328258348152,0.1401655259989412,0.27063359630072725,1
160,2500,seqmar,0.2558505160746848,cc_ccproj,0.20849222567902506,0.03255216292587852,0.14469115872542315,0.27229329263262697,1
160,2500,seqmar,0.2558505160746848,seq,0.24467036229311243,0.020557330176348615,0.20437873552917069,0.28496198905705417,1
161,2500,seqmar,0.2558505160746848,full,0.24731002909435884,0.010639076931777725,0.22645782147932358,0.2681622367093941,1
161,2500,seqmar,0.2558505160746848,cc,0.2329183494463832,0.023815904316624906,0.18624003472654638,0.27959666416622003,1
161,2500,seqmar,0.2558505160746848,cc_ccproj,0.2320034672641364,0.0237927298606053,0.18537057364345932,0.27863636088481347,1
161,2500,seqmar,0.2558505160746848,seq,0.26108652970940543,0.017079946348797344,0.22761045000788624,0.2945626094109246,1
162,2500,seqmar,0.2558505160746848,full,0.25888871102827654,0.009080786339762986,0.2410906968510378,0.2766867252055153,1
162,2500,seqmar,0.2558505160746848,cc,0.2166598720277547,0.015575223908608292,0.18613299411573528,0.2471867499397741,0
162,2500,seqmar,0.2558505160746848,cc_ccproj,0.2169902352176071,0.015342114796284554,0.1869202427702103,0.2470602276650039,0
162,2500,seqmar,0.2558505160746848,seq,0.2555080425002604,0.015172544609951231,0.22577040151092864,0.2852456834895921,1
163,2500,seqmar,0.2558505160746848,full,0.26665605839846435,0.009802204888282125,0.24744408984834892,0.28586802694857977,1
163,2500,seqmar,0.2558505160746848,cc,0.24124550994492566,0.01822357460756305,0.20552796004452342,0.2769630598453279,1
163,2500,seqmar,0.2558505160746848,cc_ccproj,0.23977217245357474,0.018197159118745324,0.20410639595988928,0.2754379489472602,1
163,2500,seqmar,0.2558505160746848,seq,0.2691702073113587,0.017905752103260456,0.2340755780728659,0.30426483654985154,1
164,2500,seqmar,0.2558505160746848,full,0.2661306993748565,0.008984318019995106,0.24852175963001188,0.2837396391197011,1
164,2500,seqmar,0.2558505160746848,cc,0.24066321801043478,0.014472505810381125,0.21229762785604112,0.26902880816482844,1
164,2500,seqmar,0.2558505160746848,cc_ccproj,0.23858572598649824,0.014429530217202963,0.210304366446948,0.2668670855260485,1
164,2500,seqmar,0.2558505160746848,seq,0.2619600473745716,0.01147681587516697,0.23946590160204684,0.2844541931470964,1
165,2500,seqmar,0.2558505160746848,full,0.2584332705229178,0.009827646469225827,0.23917143739044297,0.2776951036553927,1
165,2500,seqmar,0.2558505160746848,cc,0.21778952307545182,0.013213112235165381,0.19189229897084215,0.2436867471800615,0
165,2500,seqmar,0.2558505160746848,cc_ccproj,0.2166549030011747,0.01312116538522076,0.19093789141094838,0.24237191459140103,0
165,2500,seqmar,0.2558505160746848,seq,0.25175998524790894,0.011663496866175422,0.22889995145640932,0.2746200190394085,1
166,2500,seqmar,0.2558505160746848,full,0.26040124619335636,0.010030721294644988,0.2407413937168932,0.28006109866981954,1
166,2500,seqmar,0.2558505160746848,cc,0.2439969520177183,0.01885369644652908,0.20704438600707048,0.2809495180283661,1
166,2500,seqmar,0.2558505160746848,cc_ccproj,0.24162084214147117,0.01870974343286806,0.20495041885306498,0.27829126542987737,1
166,2500,seqmar,0.2558505160746848,seq,0.258136439971847,0.014064028061138996,0.23057145149445388,0.2857014284492401,1
167,2500,seqmar,0.2558505160746848,full,0.2520216213961665,0.009111429693746134,0.23416354734875527,0.26987969544357776,1
167,2500,seqmar,0.2558505160746848,cc,0.20430637804992136,0.01574191967801687,0.17345278243348594,0.23515997366635677,0
167,2500,seqmar,0.2558505160746848,cc_ccproj,0.2037957954783457,0.01547158952582175,0.17347203722414795,0.23411955373254345,0
167,2500,seqmar,0.2558505160746848,seq,0.24790603814773077,0.01752079037936046,0.21356592002350838,0.28224615627195315,1
168,2500,seqmar,0.2558505160746848,full,0.251809536984658,0.012620814645904716,0.22707319482312915,0.2765458791461869,1
168,2500,seqmar,0.2558505160746848,cc,0.24382440702381647,0.03368669649724954,0.17779969513107577,0.3098491189165572,1
168,2500,seqmar,0.2558505160746848,cc_ccproj,0.24477837830285135,0.033698867052772814,0.17872981255961318,0.3108269440460895,1
168,2500,seqmar,0.2558505160746848,seq,0.2634201971594619,0.026109855386142074,0.2122458209610743,0.3145945733578495,1
169,2500,seqmar,0.2558505160746848,full,0.25639399305095284,0.010526603458844019,0.2357622293920838,0.2770257567098219,1
169,2500,seqmar,0.2558505160746848,cc,0.2290038300382324,0.013034027559677495,0.20345760544776204,0.2545500546287028,0
169,2500,seqmar,0.2558505160746848,cc_ccproj,0.2265813091785043,0.013011390311550415,0.2010794527790721,0.25208316557793653,0
169,2500,seqmar,0.2558505160746848,seq,0.26145620318606005,0.015351205109204943,0.2313683940527311,0.29154401231938903,1
170,2500,seqmar,0.2558505160746848,full,0.2546563713191557,0.010301481045376879,0.23446583948279498,0.2748469031555164,1
170,2500,seqmar,0.2558505160746848,cc,0.20172837357327267,0.018011050095452768,0.16642736406243855,0.2370293830841068,0
170,2500,seqmar,0.2558505160746848,cc_ccproj,0.2049443758292495,0.01771251447392576,0.17022848538471058,0.2396602662737884,0
170,2500,seqmar,0.2558505160746848,seq,0.24645882336415398,0.015023634992884371,0.21701303986122494,0.275904606867083,1
171,2500,seqmar,0.2558505160746848,full,0.2646178499509441,0.010631218743531592,0.24378104410185503,0.2854546558000332,1
171,2500,seqmar,0.2558505160746848,cc,0.2261957894851471,0.011637509844089488,0.20338668932100135,0.24900488964929285,0
171,2500,seqmar,0.2558505160746848,cc_ccproj,0.2256275381468748,0.01174269488316571,0.20261227909442725,0.24864279719932236,0
171,2500,seqmar,0.2558505160746848,seq,0.2652175421505703,0.013178216569293865,0.23938871229428535,0.2910463720068553,1
172,2500,seqmar,0.2558505160746848,full,0.23998092154711867,0.009499108399522562,0.22136301119881252,0.2585988318954248,1
172,2500,seqmar,0.2558505160746848,cc,0.1995777941231275,0.016700020956334497,0.16684635450764773,0.2323092337386073,0
172,2500,seqmar,0.2558505160746848,cc_ccproj,0.19937106296469473,0.016525519468569776,0.1669816399804825,0.23176048594890697,0
172,2500,seqmar,0.2558505160746848,seq,0.22313455926392617,0.0158635919955486,0.192042490287213,0.2542266282406393,0
173,2500,seqmar,0.2558505160746848,full,0.25789974248342395,0.014833473839671216,0.2288266679920513,0.2869728169747966,1
173,2500,seqmar,0.2558505160746848,cc,0.22455862946013008,0.014008166039392147,0.19710312853346437,0.25201413038679576,0
173,2500,seqmar,0.2558505160746848,cc_ccproj,0.22206446097726212,0.013891871454124247,0.19483689324931852,0.24929202870520573,0
173,2500,seqmar,0.2558505160746848,seq,0.2571400479671743,0.013437320527329422,0.2308033836848879,0.28347671224946075,1
174,2500,seqmar,0.2558505160746848,full,0.26215286431274937,0.008865687291560804,0.24477643652309572,0.279529292102403,1
174,2500,seqmar,0.2558505160746848,cc,0.22234348231702752,0.015706263185948345,0.19155977214086145,0.2531271924931936,0
174,2500,seqmar,0.2558505160746848,cc_ccproj,0.22026990681682174,0.015596772688750529,0.18970079407181276,0.25083901956183074,0
174,2500,seqmar,0.2558505160746848,seq,0.2548725735887455,0.028032407666052285,0.1999300641633385,0.3098150830141525,1
175,2500,seqmar,0.2558505160746848,full,0.2478561559669953,0.008742713427309113,0.23072075252231472,0.2649915594116759,1
175,2500,seqmar,0.2558505160746848,cc,0.22437390132565188,0.01180020444761658,0.20124592559811402,0.24750187705318974,0
175,2500,seqmar,0.2558505160746848,cc_ccproj,0.22350218434900354,0.011954735402629956,0.2000713335151429,0.2469330351828642,0
175,2500,seqmar,0.2558505160746848,seq,0.25523731541894423,0.011534277695207111,0.23263054654865464,0.27784408428923385,1
176,2500,seqmar,0.2558505160746848,full,0.2603467076444493,0.010317174148988195,0.24012541789020475,0.2805679973986938,1
176,2500,seqmar,0.2558505160746848,cc,0.22121844290115036,0.012659535396801248,0.19640620946240994,0.24603067633989079,0
176,2500,seqmar,0.2558505160746848,cc_ccproj,0.2183339617825881,0.012603427665212143,0.19363169747701656,0.24303622608815964,0
176,2500,seqmar,0.2558505160746848,seq,0.2529551178726525,0.01203798084538494,0.229361108969115,0.27654912677619004,1
177,2500,seqmar,0.2558505160746848,full,0.2741246883368218,0.008886598918693566,0.25670727451112985,0.29154210216251375,0
177,2500,seqmar,0.2558505160746848,cc,0.22449383777472695,0.012039009588754401,0.20089781257123596,0.24808986297821795,0
177,2500,seqmar,0.2558505160746848,cc_ccproj,0.2262757499834561,0.011939198174044692,0.20287535155804212,0.24967614840887006,0
177,2500,seqmar,0.2558505160746848,seq,0.24966359655898018,0.011086089395165179,0.227935260615065,0.27139193250289534,1
178,2500,seqmar,0.2558505160746848,full,0.27315148856323895,0.010011340488126422,0.2535296217695435,0.2927733553569344,1
178,2500,seqmar,0.2558505160746848,cc,0.2572870653800431,0.021268087990069167,0.21560237889947864,0.29897175186060754,1
178,2500,seqmar,0.2558505160746848,cc_ccproj,0.25735605415656976,0.021075356837218985,0.21604911379429056,0.2986629945188489,1
178,2500,seqmar,0.2558505160746848,seq,0.2818295566632857,0.01569642794668692,0.2510651232018513,0.31259399012472006,1
179,2500,seqmar,0.2558505160746848,full,0.26383491762304623,0.009854386823891496,0.24452067435849284,0.2831491608875996,1
179,2500,seqmar,0.2558505160746848,cc,0.24478085134040667,0.01719663639240745,0.21107606335605728,0.27848563932475606,1
179,2500,seqmar,0.2558505160746848,cc_ccproj,0.24539962101980417,0.017215594652750785,0.2116576755279723,0.279141566511636,1
179,2500,seqmar,0.2558505160746848,seq,0.26762397203841115,0.01281869937952665,0.24249978292589297,0.29274816115092933,1
180,2500,seqmar,0.2558505160746848,full,0.2550126709190245,0.010635316621444036,0.23416783337681402,0.275857508461235,1
180,2500,seqmar,0.2558505160746848,cc,0.22924831489696718,0.013546135586159603,0.202698377018398,0.25579825277553636,0
180,2500,seqmar,0.2558505160746848,cc_ccproj,0.22969759442216015,0.013669687803302808,0.20290549864778018,0.2564896901965401,1
180,2500,seqmar,0.2558505160746848,seq,0.26747439420736524,0.012299291559596281,0.24336822571519906,0.2915805626995314,1
181,2500,seqmar,0.2558505160746848,full,0.2578084558980594,0.009025912373673315,0.24011799271804526,0.2754989190780735,1
181,2500,seqmar,0.2558505160746848,cc,0.21418706638727364,0.01274705928448617,0.18920328928088384,0.23917084349366344,0
181,2500,seqmar,0.2558505160746848,cc_ccproj,0.2165774853107035,0.012611921419202317,0.19185857355321767,0.24129639706818934,0
181,2500,seqmar,0.2558505160746848,seq,0.2472232107554507,0.012105543981339584,0.2234967805387595,0.2709496409721419,1
182,2500,seqmar,0.2558505160746848,full,0.2502687843637323,0.00968852753958244,0.23127961932292623,0.26925794940453834,1
182,2500,seqmar,0.2558505160746848,cc,0.2088202168795089,0.01325422916858314,0.1828424050662457,0.23479802869277214,0
182,2500,seqmar,0.2558505160746848,cc_ccproj,0.20795058456512797,0.013161659512364771,0.182154205944114,0.23374696318614194,0
182,2500,seqmar,0.2558505160746848,seq,0.24117986902070707,0.011420408326885125,0.21879628001127088,0.26356345803014325,1
183,2500,seqmar,0.2558505160746848,full,0.2681362379460394,0.009443106138343987,0.2496280900126961,0.28664438587938273,1
183,2500,seqmar,0.2558505160746848,cc,0.22755257040002344,0.01622500707730642,0.19575214087959536,0.2593529999204515,1
183,2500,seqmar,0.2558505160746848,cc_ccproj,0.22843570818754425,0.015999971747160238,0.19707633980945177,0.2597950765656367,1
183,2500,seqmar,0.2558505160746848,seq,0.26483477646091197,0.01390056442531551,0.23759017082251485,0.29207938209930906,1
184,2500,seqmar,0.2558505160746848,full,0.25588727836375696,0.009176116260580288,0.23790242097506725,0.2738721357524467,1
184,2500,seqmar,0.2558505160746848,cc,0.20814408427345707,0.015541891622600564,0.17768253644153517,0.23860563210537897,0
184,2500,seqmar,0.2558505160746848,cc_ccproj,0.20504428802526095,0.015492007826204992,0.17468051063768653,0.23540806541283538,0
184,2500,seqmar,0.2558505160746848,seq,0.2446318997559228,0.014024278403589822,0.21714481917572387,0.27211898033612175,1
185,2500,seqmar,0.2558505160746848,full,0.2576088392902152,0.008746484828234525,0.24046604403554955,0.2747516345448809,1
185,2500,seqmar,0.2558505160746848,cc,0.22904101514304348,0.013638717307596936,0.2023096204248304,0.25577240986125654,0
185,2500,seqmar,0.2558505160746848,cc_ccproj,0.22785492115480965,0.013558528793667462,0.20128069303587212,0.25442914927374716,0
185,2500,seqmar,0.2558505160746848,seq,0.25243202374949086,0.013115886581782215,0.22672535842388555,0.27813868907509615,1
186,2500,seqmar,0.2558505160746848,full,0.24970774251535277,0.009254123027891222,0.23156999467218323,0.26784549035852234,1
186,2500,seqmar,0.2558505160746848,cc,0.21282403895837934,0.012794221351969459,0.18774782589828584,0.23790025201847284,0
186,2500,seqmar,0.2558505160746848,cc_ccproj,0.20844759033715982,0.012747178740478786,0.18346357910132674,0.2334316015729929,0
186,2500,seqmar,0.2558505160746848,seq,0.24965595325042522,0.014507392725158042,0.22122198599953707,0.27808992050131337,1
187,2500,seqmar,0.2558505160746848,full,0.24937361120558207,0.009283157646461666,0.2311789565557096,0.26756826585545457,1
187,2500,seqmar,0.2558505160746848,cc,0.20077091470645636,0.011425254210366657,0.1783778279399231,0.22316400147298962,0
187,2500,seqmar,0.2558505160746848,cc_ccproj,0.20094561716584405,0.011281127587446389,0.1788350133894479,0.2230562209422402,0
187,2500,seqmar,0.2558505160746848,seq,0.24791495680932185,0.012025219407956651,0.22434595986353476,0.271483953755109,1
188,2500,seqmar,0.2558505160746848,full,0.25033900527124253,0.009459485892974968,0.23179875360874688,0.26887925693373815,1
188,2500,seqmar,0.2558505160746848,cc,0.21708913542476702,0.019436965298324057,0.17899338347129704,0.25518488737823697,0
188,2500,seqmar,0.2558505160746848,cc_ccproj,0.21698591476587126,0.019232197665059677,0.17929149999879895,0.25468032953294356,0
188,2500,seqmar,0.2558505160746848,seq,0.25256034775490116,0.01291317404903983,0.22725099169268584,0.2778697038171165,1
189,2500,seqmar,0.2558505160746848,full,0.2536518947202336,0.009002666163883632,0.23600699327418428,0.2712967961662829,1
189,2500,seqmar,0.2558505160746848,cc,0.23823370553128115,0.016648434895851695,0.205603372736452,0.27086403832611033,1
189,2500,seqmar,0.2558505160746848,cc_ccproj,0.23738107069741177,0.016673333159983348,0.20470193820160698,0.27006020319321655,1
189,2500,seqmar,0.2558505160746848,seq,0.26024385820834,0.017141026979692817,0.2266480626701127,0.2938396537465673,1
190,2500,seqmar,0.2558505160746848,full,0.25097109838712695,0.010011536491062806,0.23134884743473533,0.27059334933951856,1
190,2500,seqmar,0.2558505160746848,cc,0.2241001969300969,0.016998088546393585,0.19078455557314267,0.2574158382870511,1
190,2500,seqmar,0.2558505160746848,cc_ccproj,0.22994668158221848,0.017049093576875406,0.19653107220248953,0.26336229096194747,1
190,2500,seqmar,0.2558505160746848,seq,0.24395665413845607,0.012515863665598828,0.2194260121184689,0.26848729615844324,1
191,2500,seqmar,0.2558505160746848,full,0.2651885053878157,0.009269979533189152,0.24701967936534153,0.28335733141028985,1
191,2500,seqmar,0.2558505160746848,cc,0.22731909425183894,0.013740193496661435,0.20038880985777105,0.2542493786459068,0
191,2500,seqmar,0.2558505160746848,cc_ccproj,0.22885269444127598,0.013497889338238882,0.20239731747102058,0.2553080714115314,0
191,2500,seqmar,0.2558505160746848,seq,0.25686714965501634,0.013634368248868345,0.23014427893527795,0.2835900203747547,1
192,2500,seqmar,0.2558505160746848,full,0.24421228395516592,0.009008158952865962,0.2265566168405366,0.26186795106979527,1
192,2500,seqmar,0.2558505160746848,cc,0.21170444408106515,0.0115181019596988,0.18912937906979527,0.23427950909233503,0
192,2500,seqmar,0.2558505160746848,cc_ccproj,0.21067239233154095,0.011584869178905144,0.18796646597527877,0.23337831868780312,0
192,2500,seqmar,0.2558505160746848,seq,0.25665019711213627,0.011495393376556771,0.2341196401059647,0.27918075411830784,1
193,2500,seqmar,0.2558505160746848,full,0.26399244009273914,0.011676575451123964,0.24110677274577164,0.28687810743970665,1
193,2500,seqmar,0.2558505160746848,cc,0.2432935485850702,0.03155883001356313,0.18143937836426477,0.30514771880587566,1
193,2500,seqmar,0.2558505160746848,cc_ccproj,0.24267873950178345,0.031638282012451516,0.18066884622465706,0.30468863277890984,1
193,2500,seqmar,0.2558505160746848,seq,0.274399379371757,0.020312348464477176,0.23458790793995427,0.31421085080355976,1
194,2500,seqmar,0.2558505160746848,full,0.2484919488249477,0.009416874736555203,0.2300352134943744,0.26694868415552103,1
194,2500,seqmar,0.2558505160746848,cc,0.21909587186047255,0.011843021535891078,0.1958839761819938,0.2423077675389513,0
194,2500,seqmar,0.2558505160746848,cc_ccproj,0.21884080673927173,0.01191972444947732,0.19547857611265465,0.2422030373658888,0
194,2500,seqmar,0.2558505160746848,seq,0.25298956524795685,0.011092427332132372,0.23124880717584967,0.27473032332006403,1
195,2500,seqmar,0.2558505160746848,full,0.25700349989674603,0.008734726382117551,0.2398837507729838,0.2741232490205083,1
195,2500,seqmar,0.2558505160746848,cc,0.22326009268668326,0.01328324161046957,0.19722541753221906,0.24929476784114746,0
195,2500,seqmar,0.2558505160746848,cc_ccproj,0.22410668491297775,0.013203426533455577,0.19822844443488427,0.24998492539107123,0
195,2500,seqmar,0.2558505160746848,seq,0.25919816070541063,0.013653849223911434,0.23243710797620404,0.2859592134346172,1
196,2500,seqmar,0.2558505160746848,full,0.26026692024212944,0.007962475866007252,0.24466075431698586,0.275873086167273,1
196,2500,seqmar,0.2558505160746848,cc,0.22441777290898599,0.011118070620251871,0.2026267549157194,0.24620879090225256,0
196,2500,seqmar,0.2558505160746848,cc_ccproj,0.22433373020846692,0.010979502903278546,0.202814299949888,0.24585316046704583,0
196,2500,seqmar,0.2558505160746848,seq,0.26972818854091846,0.013200133123426166,0.24385640302786896,0.29559997405396793,1
197,2500,seqmar,0.2558505160746848,full,0.25749637212336984,0.01236271402967473,0.23326589787403934,0.28172684637270035,1
197,2500,seqmar,0.2558505160746848,cc,0.19096481585674205,0.019764099338132356,0.1522278929671307,0.22970173874635338,0
197,2500,seqmar,0.2558505160746848,cc_ccproj,0.19008641524153305,0.019622831585691707,0.1516263720588823,0.2285464584241838,0
197,2500,seqmar,0.2558505160746848,seq,0.23990068583662105,0.015382196259587238,0.20975213516470334,0.2700492365085388,1
198,2500,seqmar,0.2558505160746848,full,0.24633819224491962,0.009550145702497815,0.22762025062091393,0.2650561338689253,1
198,2500,seqmar,0.2558505160746848,cc,0.22704056365550723,0.01813924156899364,0.19148830347340787,0.26259282383760657,1
198,2500,seqmar,0.2558505160746848,cc_ccproj,0.2254363477099872,0.017923615746013172,0.19030670637506636,0.260565989044908,1
198,2500,seqmar,0.2558505160746848,seq,0.26136891316145083,0.014349942487311845,0.23324354270609848,0.2894942836168032,1
199,2500,seqmar,0.2558505160746848,full,0.2664199338116399,0.010338707508169065,0.2461564394489347,0.2866834281743451,1
199,2500,seqmar,0.2558505160746848,cc,0.22601955449711267,0.018857296919703042,0.1890599316887166,0.26297917730550874,1
199,2500,seqmar,0.2558505160746848,cc_ccproj,0.2258232258318036,0.018863456774140246,0.1888515299305606,0.2627949217330466,1
199,2500,seqmar,0.2558505160746848,seq,0.23302846803025323,0.0325667307816228,0.1691988486040606,0.2968580874564459,1
200,2500,seqmar,0.2558505160746848,full,0.26993578636411586,0.010027833328050947,0.2502815941981656,0.28958997853006613,1
200,2500,seqmar,0.2558505160746848,cc,0.2320503058728047,0.013126190253113759,0.20632344572248104,0.2577771660231284,1
200,2500,seqmar,0.2558505160746848,cc_ccproj,0.23162864479510595,0.013110162659725956,0.20593319815058123,0.25732409143963064,1
200,2500,seqmar,0.2558505160746848,seq,0.2790121609563488,0.0164760826637237,0.24671963232914557,0.311304689583552,1
201,2500,seqmar,0.2558505160746848,full,0.2523140878639002,0.009570327803156977,0.2335565900494702,0.27107158567833023,1
201,2500,seqmar,0.2558505160746848,cc,0.22816242630000824,0.01955315426241376,0.18983894816152141,0.26648590443849507,1
201,2500,seqmar,0.2558505160746848,cc_ccproj,0.22649762515698793,0.01939567507388051,0.18848280055634087,0.264512449757635,1
201,2500,seqmar,0.2558505160746848,seq,0.2534813622609834,0.014223653700645553,0.22560351327914824,0.28135921124281854,1
202,2500,seqmar,0.2558505160746848,full,0.26812506329931474,0.009729166304875293,0.2490562477421585,0.28719387885647096,1
202,2500,seqmar,0.2558505160746848,cc,0.24102855659935266,0.01479234337880898,0.21203609632993753,0.2700210168687678,1
202,2500,seqmar,0.2558505160746848,cc_ccproj,0.23819155792008223,0.014800470913754176,0.20918316797489142,0.267199947865273,1
202,2500,seqmar,0.2558505160746848,seq,0.255714077081446,0.011435271161946819,0.23330135745058073,0.2781267967123113,1
203,2500,seqmar,0.2558505160746848,full,0.25378400117390176,0.010519190724020721,0.23316676620831334,0.2744012361394902,1
203,2500,seqmar,0.2558505160746848,cc,0.21945297635620095,0.023021320774182757,0.17433201676225898,0.2645739359501429,1
203,2500,seqmar,0.2558505160746848,cc_ccproj,0.21921600435549649,0.02307524565420551,0.1739893539388393,0.2644426547721537,1
203,2500,seqmar,0.2558505160746848,seq,0.2361933318334792,0.028415753395857557,0.18049947858402665,0.29188718508293177,1
204,2500,seqmar,0.2558505160746848,full,0.25153365439428743,0.008583825421214407,0.23470966571912782,0.26835764306944704,1
204,2500,seqmar,0.2558505160746848,cc,0.21882965987352926,0.012913226601156704,0.19352020081105753,0.244139118936001,0
204,2500,seqmar,0.2558505160746848,cc_ccproj,0.21466832380911138,0.012831251003055107,0.18951953396652993,0.23981711365169284,0
204,2500,seqmar,0.2558505160746848,seq,0.2437779275830716,0.014084604684681874,0.216172609664611,0.2713832455015322,1
205,2500,seqmar,0.2558505160746848,full,0.251442209718788,0.010827434654816283,0.2302208277503872,0.2726635916871888,1
205,2500,seqmar,0.2558505160746848,cc,0.22543277018637822,0.022031832782095293,0.18225117142006256,0.2686143689526939,1
205,2500,seqmar,0.2558505160746848,cc_ccproj,0.22749079732534505,0.02166342588134973,0.1850312628161467,0.2699503318345434,1
205,2500,seqmar,0.2558505160746848,seq,0.25389717590215477,0.01782895512687185,0.21895306597150518,0.28884128583280433,1
206,2500,seqmar,0.2558505160746848,full,0.25127082274447593,0.00981334442667657,0.232037021100303,0.27050462438864886,1
206,2500,seqmar,0.2558505160746848,cc,0.23259157815291964,0.017507849377844182,0.19827682392559304,0.26690633238024625,1
206,2500,seqmar,0.2558505160746848,cc_ccproj,0.23176759756385035,0.017555024459379568,0.19736038187574667,0.266174813251954,1
206,2500,seqmar,0.2558505160746848,seq,0.2592017957350018,0.012349082628055714,0.23499803854190335,0.2834055529281002,1
207,2500,seqmar,0.2558505160746848,full,0.26499852050478623,0.009636449698200147,0.24611142615748208,0.2838856148520904,1
207,2500,seqmar,0.2558505160746848,cc,0.2345811868995369,0.017720059401629767,0.19985050866843215,0.2693118651306416,1
207,2500,seqmar,0.2558505160746848,cc_ccproj,0.2346856961302487,0.017602042536117593,0.20018632670511616,0.26918506555538124,1
207,2500,seqmar,0.2558505160746848,seq,0.2537533755188749,0.015480941053247163,0.22341128860772289,0.2840954624300269,1
208,2500,seqmar,0.2558505160746848,full,0.23934610391534003,0.011271015095588748,0.2172553202587788,0.26143688757190126,1
208,2500,seqmar,0.2558505160746848,cc,0.2017798438090905,0.016934211568826255,0.16858939902760953,0.23497028859057148,0
208,2500,seqmar,0.2558505160746848,cc_ccproj,0.20357151331757387,0.016487495732177528,0.17125661548724808,0.23588641114789966,0
208,2500,seqmar,0.2558505160746848,seq,0.22817379560138748,0.02338007520237912,0.1823496902488864,0.2739979009538886,1
209,2500,seqmar,0.2558505160746848,full,0.2531256892951898,0.008957921645090747,0.23556848549448015,0.27068289309589944,1
209,2500,seqmar,0.2558505160746848,cc,0.20995838613848827,0.012731121616237127,0.18500584628786415,0.2349109259891124,0
209,2500,seqmar,0.2558505160746848,cc_ccproj,0.20903172722592936,0.012708484299729346,0.18412355570036712,0.2339398987514916,0
209,2500,seqmar,0.2558505160746848,seq,0.24614151338676601,0.012754960587981782,0.22114225001009388,0.2711407767634381,1
210,2500,seqmar,0.2558505160746848,full,0.24907300573940197,0.008973462847060791,0.23148534174255456,0.26666066973624936,1
210,2500,seqmar,0.2558505160746848,cc,0.22732629832847437,0.012787579832973264,0.20226310240641604,0.2523894942505327,0
210,2500,seqmar,0.2558505160746848,cc_ccproj,0.22804830193467707,0.012909247899638288,0.20274664098388667,0.25334996288546746,0
210,2500,seqmar,0.2558505160746848,seq,0.2617026335790477,0.013480695327317813,0.23528095625094742,0.288124310907148,1
211,2500,seqmar,0.2558505160746848,full,0.27568225270848307,0.010169388289276797,0.2557506179166972,0.29561388750026896,1
211,2500,seqmar,0.2558505160746848,cc,0.2506225379046867,0.01898335292351301,0.21341584986878803,0.28782922594058535,1
211,2500,seqmar,0.2558505160746848,cc_ccproj,0.25126494981454706,0.01877004997057417,0.21447632788420457,0.28805357174488955,1
211,2500,seqmar,0.2558505160746848,seq,0.2915667134530145,0.01522561670239025,0.2617250530739181,0.3214083738321109,0
212,2500,seqmar,0.2558505160746848,full,0.25706207538718745,0.008895778768372699,0.23962666938674088,0.274497481387634,1
212,2500,seqmar,0.2558505160746848,cc,0.2359454885938635,0.01263276039933844,0.21118573318583633,0.26070524400189066,1
212,2500,seqmar,0.2558505160746848,cc_ccproj,0.2358871539000379,0.012707830781287812,0.2109802632470843,0.2607940445529915,1
212,2500,seqmar,0.2558505160746848,seq,0.2678928987019183,0.011424330935209852,0.2455016215214402,0.2902841758823964,1
213,2500,seqmar,0.2558505160746848,full,0.2614020137426785,0.010238674112994152,0.2413345812317674,0.28146944625358966,1
213,2500,seqmar,0.2558505160746848,cc,0.24375607335668634,0.015241742763346484,0.21388280647890323,0.27362934023446944,1
213,2500,seqmar,0.2558505160746848,cc_ccproj,0.24275744013556796,0.01521270667226501,0.21294108295055636,0.27257379732057957,1
213,2500,seqmar,0.2558505160746848,seq,0.27088462707797945,0.012704414531835137,0.24598443215091528,0.29578482200504363,1
214,2500,seqmar,0.2558505160746848,full,0.27221076701048397,0.009547678349422753,0.2534976613096425,0.2909238727113254,1
214,2500,seqmar,0.2558505160746848,cc,0.24923054028079783,0.01503770494962522,0.2197571801693927,0.27870390039220294,1
214,2500,seqmar,0.2558505160746848,cc_ccproj,0.24260850525312772,0.015198787529250482,0.21281942908712026,0.27239758141913517,1
214,2500,seqmar,0.2558505160746848,seq,0.28697302130764,0.026215254976402605,0.2355920657083565,0.33835397690692354,1
215,2500,seqmar,0.2558505160746848,full,0.24766454730786,0.010338529878971423,0.22740140109198476,0.26792769352373524,1
215,2500,seqmar,0.2558505160746848,cc,0.1922891576654921,0.014851755340762355,0.1631802520903975,0.2213980632405867,0
215,2500,seqmar,0.2558505160746848,cc_ccproj,0.19154733963935486,0.014778347260420367,0.16258231125790476,0.22051236802080496,0
215,2500,seqmar,0.2558505160746848,seq,0.22455879353084343,0.016257910427823916,0.19269387462843038,0.25642371243325646,1
216,2500,seqmar,0.2558505160746848,full,0.2611890142233361,0.009579496079318362,0.2424135469178295,0.2799644815288428,1
216,2500,seqmar,0.2558505160746848,cc,0.23064168310897504,0.0152130887224778,0.2008245771193061,0.260458789098644,1
216,2500,seqmar,0.2558505160746848,cc_ccproj,0.23185190877366404,0.015028037159784877,0.20239749718215608,0.261306320365172,1
216,2500,seqmar,0.2558505160746848,seq,0.2536441137578769,0.02326925366047298,0.20803721463622302,0.2992510128795307,1
217,2500,seqmar,0.2558505160746848,full,0.2592903443894298,0.009761137360988784,0.24015886671374345,0.2784218220651162,1
217,2500,seqmar,0.2558505160746848,cc,0.22424085030315782,0.016572693286223246,0.19175896833533151,0.25672273227098413,1
217,2500,seqmar,0.2558505160746848,cc_ccproj,0.22327868927292738,0.016490094929812446,0.19095869710884844,0.2555986814370063,0
217,2500,seqmar,0.2558505160746848,seq,0.25940536398020075,0.012630735102469594,0.23464957808109452,0.28416114987930696,1
218,2500,seqmar,0.2558505160746848,full,0.2471894823118295,0.00915408815241751,0.22924779922178637,0.26513116540187265,1
218,2500,seqmar,0.2558505160746848,cc,0.21655361480813326,0.017536701766661122,0.18218231093785753,0.250924918678409,0
218,2500,seqmar,0.2558505160746848,cc_ccproj,0.21581068740485634,0.017173107769498805,0.1821520146740137,0.24946936013569898,0
218,2500,seqmar,0.2558505160746848,seq,0.25741899720380834,0.01704079107011046,0.22401966043832008,0.2908183339692966,1
219,2500,seqmar,0.2558505160746848,full,0.2730993932160268,0.010340339459324032,0.2528327002878333,0.2933660861442203,1
219,2500,seqmar,0.2558505160746848,cc,0.2502493491643868,0.015088956770323124,0.22067553733027165,0.2798231609985019,1
219,2500,seqmar,0.2558505160746848,cc_ccproj,0.2510599476026783,0.015243500035487679,0.22118323653478741,0.28093665867056916,1
219,2500,seqmar,0.2558505160746848,seq,0.27209870352256166,0.0127019521988881,0.24720333467939165,0.29699407236573167,1
220,2500,seqmar,0.2558505160746848,full,0.25244667633214324,0.011524007290005292,0.22986003708615582,0.27503331557813065,1
220,2500,seqmar,0.2558505160746848,cc,0.21319349115237332,0.01376982480340056,0.1862051304642819,0.24018185184046476,0
220,2500,seqmar,0.2558505160746848,cc_ccproj,0.2124607160937363,0.013735074525267215,0.18554046469923896,0.23938096748823362,0
220,2500,seqmar,0.2558505160746848,seq,0.25541738840972256,0.014934991373649193,0.22614534320795376,0.28468943361149135,1
221,2500,seqmar,0.2558505160746848,full,0.2535713712734495,0.009501881737707125,0.23494802528218464,0.2721947172647143,1
221,2500,seqmar,0.2558505160746848,cc,0.21349304531959387,0.013544259784863287,0.1869467839440076,0.24003930669518014,0
221,2500,seqmar,0.2558505160746848,cc_ccproj,0.2138188414370238,0.013112444766963147,0.18811892194450533,0.23951876092954225,0
221,2500,seqmar,0.2558505160746848,seq,0.261088158227365,0.017015522355611032,0.22773834723223121,0.29443796922249876,1
222,2500,seqmar,0.2558505160746848,full,0.2532128091456095,0.00975978506130153,0.23408398192860647,0.27234163636261255,1
222,2500,seqmar,0.2558505160746848,cc,0.21808614027844597,0.015234415288454022,0.1882272349875497,0.24794504556934224,0
222,2500,seqmar,0.2558505160746848,cc_ccproj,0.21348248257120553,0.015219936066446513,0.18365195603396814,0.24331300910844292,0
222,2500,seqmar,0.2558505160746848,seq,0.2504063082745408,0.02061489118156625,0.21000186401345858,0.290810752535623,1
223,2500,seqmar,0.2558505160746848,full,0.25616549857692805,0.009619742813364114,0.23731114912219636,0.27501984803165974,1
223,2500,seqmar,0.2558505160746848,cc,0.23794693297907415,0.013326475945739803,0.21182752008458477,0.26406634587356353,1
223,2500,seqmar,0.2558505160746848,cc_ccproj,0.23819181884601098,0.013672519150324757,0.21139417373344027,0.2649894639585817,1
223,2500,seqmar,0.2558505160746848,seq,0.25664301455493205,0.011522848180492382,0.2340586471218441,0.27922738198802,1
224,2500,seqmar,0.2558505160746848,full,0.2579507682390495,0.01024449920806255,0.2378719187515978,0.2780296177265012,1
224,2500,seqmar,0.2558505160746848,cc,0.24423938798947498,0.015425651057085854,0.2140056674795045,0.27447310849944545,1
224,2500,seqmar,0.2558505160746848,cc_ccproj,0.24262514370160915,0.015549203158664714,0.21214926552232985,0.2731010218808884,1
224,2500,seqmar,0.2558505160746848,seq,0.2683267579535967,0.013789332994473357,0.24130016191359904,0.2953533539935943,1
225,2500,seqmar,0.2558505160746848,full,0.2680874331271894,0.011171556860783145,0.2461915840288131,0.28998328222556574,1
225,2500,seqmar,0.2558505160746848,cc,0.24931464468100745,0.020003468233578396,0.21010856737730274,0.2885207219847122,1
225,2500,seqmar,0.2558505160746848,cc_ccproj,0.24854893906765718,0.019943376412474137,0.20946063956908223,0.28763723856623213,1
225,2500,seqmar,0.2558505160746848,seq,0.282092429558958,0.015181562066094277,0.25233711468035375,0.3118477444375623,1
226,2500,seqmar,0.2558505160746848,full,0.25740603137596824,0.009513727317885667,0.23875946847417748,0.27605259427775897,1
226,2500,seqmar,0.2558505160746848,cc,0.24608421806954334,0.020173242937265443,0.20654538846112605,0.2856230476779606,1
226,2500,seqmar,0.2558505160746848,cc_ccproj,0.24804372503533478,0.020176443284672635,0.2084986228612614,0.28758882720940815,1
226,2500,seqmar,0.2558505160746848,seq,0.26954280164605204,0.015268717366012883,0.23961666551854552,0.2994689377735586,1
227,2500,seqmar,0.2558505160746848,full,0.25926973968669165,0.011310599085171293,0.23710137283618424,0.2814381065371991,1
227,2500,seqmar,0.2558505160746848,cc,0.22034083420681533,0.012321346435545244,0.19619143895210567,0.244490229461525,0
227,2500,seqmar,0.2558505160746848,cc_ccproj,0.2204172899938767,0.01242807317647163,0.19605871417076398,0.2447758658169894,0
227,2500,seqmar,0.2558505160746848,seq,0.25877506360658054,0.011263739830455415,0.23669853920765863,0.2808515880055024,1
228,2500,seqmar,0.2558505160746848,full,0.26583008991320684,0.010426549599499006,0.24539442821516827,0.2862657516112454,1
228,2500,seqmar,0.2558505160746848,cc,0.2572689695143935,0.021410658958556917,0.21530484907035208,0.2992330899584349,1
228,2500,seqmar,0.2558505160746848,cc_ccproj,0.2569034586221467,0.021265935693318135,0.21522299056569832,0.29858392667859507,1
228,2500,seqmar,0.2558505160746848,seq,0.28526578718423423,0.02588469492941964,0.23453271737176518,0.3359988569967033,1
229,2500,seqmar,0.2558505160746848,full,0.25173881491274985,0.009976849345618113,0.23218454951615636,0.27129308030934335,1
229,2500,seqmar,0.2558505160746848,cc,0.23277709427600143,0.020220238037521966,0.19314615596363152,0.2724080325883714,1
229,2500,seqmar,0.2558505160746848,cc_ccproj,0.23192311457002351,0.02022787540501219,0.19227720729243605,0.27156902184761095,1
229,2500,seqmar,0.2558505160746848,seq,0.26541975045419625,0.013546213694820286,0.23886965948546524,0.29196984142292726,1
230,2500,seqmar,0.2558505160746848,full,0.24723555892992077,0.011566430064204264,0.2245657725743791,0.26990534528546245,1
230,2500,seqmar,0.2558505160746848,cc,0.19482728747139313,0.02588329626104906,0.14409695899855673,0.24555761594422953,0
230,2500,seqmar,0.2558505160746848,cc_ccproj,0.19456258550547464,0.025773156756949595,0.1440481264939483,0.245077044517001,0
230,2500,seqmar,0.2558505160746848,seq,0.23842795660374594,0.017423799626354052,0.20427793686224954,0.27257797634524233,1
231,2500,seqmar,0.2558505160746848,full,0.25269942562538744,0.013633512375842262,0.2259782323859555,0.2794206188648194,1
231,2500,seqmar,0.2558505160746848,cc,0.2348142423177812,0.03189538745224016,0.17230043163843972,0.29732805299712267,1
231,2500,seqmar,0.2558505160746848,cc_ccproj,0.2357534143311287,0.031874325696609335,0.17328088393427482,0.2982259447279826,1
231,2500,seqmar,0.2558505160746848,seq,0.24874333444238308,0.025377464947649406,0.1990044171260626,0.2984822517587036,1
232,2500,seqmar,0.2558505160746848,full,0.2433010543838651,0.010335667316250484,0.2230435186878264,0.2635585900799038,1
232,2500,seqmar,0.2558505160746848,cc,0.2041592009318107,0.016949540990143615,0.17093871103664385,0.23737969082697755,0
232,2500,seqmar,0.2558505160746848,cc_ccproj,0.20804187232255236,0.01641730679717405,0.1758645422769466,0.24021920236815814,0
232,2500,seqmar,0.2558505160746848,seq,0.26389335917758344,0.0283107979805887,0.2084052147620403,0.31938150359312656,1
233,2500,seqmar,0.2558505160746848,full,0.2749584680126598,0.010289784689531836,0.2547908606125057,0.2951260754128138,1
233,2500,seqmar,0.2558505160746848,cc,0.23281986292731807,0.0181395522323545,0.19726699385622012,0.26837273199841605,1
233,2500,seqmar,0.2558505160746848,cc_ccproj,0.23068236093824213,0.018138952538621172,0.19513066724526323,0.266234054631221,1
233,2500,seqmar,0.2558505160746848,seq,0.2559742575503956,0.01342784483950763,0.22965616527496863,0.2822923498258226,1
234,2500,seqmar,0.2558505160746848,full,0.2734604516874062,0.009914982966747019,0.2540274421652539,0.29289346120955845,1
234,2500,seqmar,0.2558505160746848,cc,0.23763383095445798,0.01709222855949956,0.2041336785623119,0.27113398334660405,1
234,2500,seqmar,0.2558505160746848,cc_ccproj,0.2364064612432218,0.017069835609049247,0.20295019822746593,0.26986272425897767,1
234,2500,seqmar,0.2558505160746848,seq,0.2659873722080978,0.0134184071175319,0.23968777752783937,0.29228696688835626,1
235,2500,seqmar,0.2558505160746848,full,0.24959336221816125,0.010754936015130027,0.22851407497247367,0.27067264946384884,1
235,2500,seqmar,0.2558505160746848,cc,0.206259758569707,0.013846355579578466,0.17912140031659796,0.23339811682281603,0
235,2500,seqmar,0.2558505160746848,cc_ccproj,0.20459448998723692,0.013900402967146072,0.17735020080103692,0.23183877917343693,0
235,2500,seqmar,0.2558505160746848,seq,0.23733771240093657,0.016597045503707508,0.2048081009638974,0.26986732383797574,1
236,2500,seqmar,0.2558505160746848,full,0.24790165782830373,0.010139105573140789,0.22802937606949844,0.26777393958710904,1
236,2500,seqmar,0.2558505160746848,cc,0.2281515666242975,0.01842042279056572,0.1920482013747879,0.2642549318738071,1
236,2500,seqmar,0.2558505160746848,cc_ccproj,0.22820570376429622,0.01836031439930319,0.1922201487968298,0.26419125873176263,1
236,2500,seqmar,0.2558505160746848,seq,0.2550196487080803,0.014934295026446092,0.22574896832175032,0.2842903290944103,1
237,2500,seqmar,0.2558505160746848,full,0.24636991015893914,0.008639461098752741,0.22943687755954892,0.26330294275832933,1
237,2500,seqmar,0.2558505160746848,cc,0.1987305817383718,0.01375506100707755,0.17177115755934855,0.22569000591739505,0
237,2500,seqmar,0.2558505160746848,cc_ccproj,0.1969813298513149,0.013570189523467328,0.17038424712193617,0.2235784125806936,0
237,2500,seqmar,0.2558505160746848,seq,0.23284975552465947,0.011283090262827637,0.21073530497520274,0.25496420607411624,0
238,2500,seqmar,0.2558505160746848,full,0.25027543378860867,0.009569835780737454,0.2315189003204005,0.26903196725681683,1
238,2500,seqmar,0.2558505160746848,cc,0.2371554531861747,0.01755888405382466,0.2027406728319637,0.2715702335403857,1
238,2500,seqmar,0.2558505160746848,cc_ccproj,0.23675034745835147,0.0176330617910229,0.20219018141077724,0.27131051350592567,1
238,2500,seqmar,0.2558505160746848,seq,0.26329715439516305,0.01639112492986309,0.23117113986653476,0.29542316892379133,1
239,2500,seqmar,0.2558505160746848,full,0.26987815857090824,0.009454075007194133,0.2513485120496675,0.28840780509214897,1
239,2500,seqmar,0.2558505160746848,cc,0.23869664272024593,0.016828847655861796,0.2057127074134455,0.27168057802704637,1
239,2500,seqmar,0.2558505160746848,cc_ccproj,0.2384831827924876,0.016873758738348274,0.20541122338150697,0.2715551422034682,1
239,2500,seqmar,0.2558505160746848,seq,0.26557230477724497,0.014434219130726442,0.2372817551360621,0.29386285441842785,1
240,2500,seqmar,0.2558505160746848,full,0.24080684344573974,0.009675500787522953,0.2218432103698058,0.2597704765216737,1
240,2500,seqmar,0.2558505160746848,cc,0.21754276851705034,0.01375919339851225,0.19057524499964507,0.24451029203445562,0
240,2500,seqmar,0.2558505160746848,cc_ccproj,0.21791388677981555,0.013817595548195756,0.1908318971524109,0.2449958764072202,0
240,2500,seqmar,0.2558505160746848,seq,0.24663085422763042,0.014536932245220768,0.21813899058129874,0.27512271787396214,1
241,2500,seqmar,0.2558505160746848,full,0.24487122631829392,0.00951647777861073,0.22621927261254116,0.2635231800240467,1
241,2500,seqmar,0.2558505160746848,cc,0.1906906594613143,0.012313847338949049,0.16655596216584978,0.21482535675677883,0
241,2500,seqmar,0.2558505160746848,cc_ccproj,0.1918631518293999,0.012409549412105031,0.16754088191730382,0.21618542174149596,0
241,2500,seqmar,0.2558505160746848,seq,0.21857540913013027,0.014649214447974991,0.18986347641029547,0.24728734184996506,0
242,2500,seqmar,0.2558505160746848,full,0.2528691074770786,0.01041625000219307,0.2324536326188149,0.27328458233534225,1
242,2500,seqmar,0.2558505160746848,cc,0.2115246642492381,0.01554348665655689,0.1810599902082077,0.2419893382902685,0
242,2500,seqmar,0.2558505160746848,cc_ccproj,0.21348627484967664,0.015315578625849287,0.1834682923406206,0.24350425735873268,0
242,2500,seqmar,0.2558505160746848,seq,0.25560598480985575,0.01285216327424188,0.2304162076689133,0.2807957619507982,1
243,2500,seqmar,0.2558505160746848,full,0.2504413905267045,0.011083106338877378,0.22871890126567726,0.2721638797877317,1
243,2500,seqmar,0.2558505160746848,cc,0.21171330090758111,0.020114028305725312,0.1722905298443403,0.25113607197082194,0
243,2500,seqmar,0.2558505160746848,cc_ccproj,0.20835987191958885,0.020031626142359375,0.16909860612879346,0.24762113771038424,0
243,2500,seqmar,0.2558505160746848,seq,0.24053769488665738,0.014203492029484299,0.21269936205416645,0.2683760277191483,1
244,2500,seqmar,0.2558505160746848,full,0.2524352209313881,0.009737191689723505,0.2333506759089673,0.2715197659538089,1
244,2500,seqmar,0.2558505160746848,cc,0.19983998192375257,0.017818282830791687,0.16491678930905246,0.2347631745384527,0
244,2500,seqmar,0.2558505160746848,cc_ccproj,0.20055238781840903,0.017821686539946178,0.16562252405635228,0.2354822515804658,0
244,2500,seqmar,0.2558505160746848,seq,0.2468599408786798,0.014612187117508698,0.2182205803930026,0.27549930136435696,1
245,2500,seqmar,0.2558505160746848,full,0.24622192905506826,0.010055968712353973,0.22651259254919284,0.26593126556094365,1
245,2500,seqmar,0.2558505160746848,cc,0.21855058948307687,0.01743616310691161,0.1843763377649641,0.25272484120118965,0
245,2500,seqmar,0.2558505160746848,cc_ccproj,0.21720007162955612,0.017359089566216034,0.18317688127536766,0.25122326198374456,0
245,2500,seqmar,0.2558505160746848,seq,0.24929393355791998,0.014378971377567749,0.22111166752315492,0.27747619959268505,1
246,2500,seqmar,0.2558505160746848,full,0.2596231489466577,0.010704937198979542,0.23864185757989473,0.2806044403134207,1
246,2500,seqmar,0.2558505160746848,cc,0.21159149186640588,0.015909616045672977,0.1804092174090263,0.24277376632378547,0
246,2500,seqmar,0.2558505160746848,cc_ccproj,0.21201144506602537,0.01604953685644717,0.18055493085884072,0.24346795927321002,0
246,2500,seqmar,0.2558505160746848,seq,0.23996396404701376,0.014191570623873934,0.21214899674016421,0.26777893135386327,1
247,2500,seqmar,0.2558505160746848,full,0.2440087271301453,0.011042821359824307,0.22236519497718002,0.26565225928311054,1
247,2500,seqmar,0.2558505160746848,cc,0.19189591642356948,0.01769927956868621,0.15720596591663888,0.2265858669305001,0
247,2500,seqmar,0.2558505160746848,cc_ccproj,0.19159049508025897,0.01732643139871989,0.15763131355816404,0.2255496766023539,0
247,2500,seqmar,0.2558505160746848,seq,0.23788548501226087,0.014287083055625807,0.20988331677910183,0.2658876532454199,1
248,2500,seqmar,0.2558505160746848,full,0.2653968647937993,0.009542195370709357,0.24669450553376415,0.2840992240538345,1
248,2500,seqmar,0.2558505160746848,cc,0.23226452314244544,0.018900646194392003,0.19521993731690307,0.2693091089679878,1
248,2500,seqmar,0.2558505160746848,cc_ccproj,0.2308725538846019,0.018825087778639154,0.19397605983266403,0.2677690479365398,1
248,2500,seqmar,0.2558505160746848,seq,0.25801024530174144,0.016539692179312202,0.22559304431491073,0.29042744628857214,1
249,2500,seqmar,0.2558505160746848,full,0.24934580962012962,0.0099977507715574,0.22975057818146957,0.26894104105878963,1
249,2500,seqmar,0.2558505160746848,cc,0.21317219595373554,0.013586956760286473,0.18654225004407105,0.23980214186340004,0
249,2500,seqmar,0.2558505160746848,cc_ccproj,0.21489828904088434,0.013504831029111142,0.1884293066065275,0.24136727147524117,0
249,2500,seqmar,0.2558505160746848,seq,0.2495864949372015,0.011481820223051309,0.2270825408230573,0.2720904490513457,1
250,2500,seqmar,0.2558505160746848,full,0.28598426326164583,0.01106401765736295,0.2642991871288992,0.30766933939439245,0
250,2500,seqmar,0.2558505160746848,cc,0.29860223441318695,0.024060867036583198,0.2514438015846769,0.345760667241697,1
250,2500,seqmar,0.2558505160746848,cc_ccproj,0.2996705300843196,0.024263916290714834,0.25211412803062383,0.34722693213801537,1
250,2500,seqmar,0.2558505160746848,seq,0.3216115429331439,0.018721892924970965,0.28491730707778556,0.3583057787885023,0
251,2500,seqmar,0.2558505160746848,full,0.23782537076621688,0.009908925452646388,0.2184042337535377,0.25724650777889607,1
251,2500,seqmar,0.2558505160746848,cc,0.1898555185062413,0.014504698103602429,0.1614268326165541,0.2182842043959285,0
251,2500,seqmar,0.2558505160746848,cc_ccproj,0.19450525180077674,0.014112615752061335,0.16684503319908386,0.22216547040246962,0
251,2500,seqmar,0.2558505160746848,seq,0.22534583610582926,0.011413006995369113,0.2029767534396021,0.24771491877205642,0
252,2500,seqmar,0.2558505160746848,full,0.26373681956080147,0.011693697521618225,0.24081759357232446,0.2866560455492785,1
252,2500,seqmar,0.2558505160746848,cc,0.21723793577953457,0.01703313384290211,0.1838536069035961,0.25062226465547305,0
252,2500,seqmar,0.2558505160746848,cc_ccproj,0.21865818997832015,0.016974506064705564,0.18538876943614052,0.2519276105204998,0
252,2500,seqmar,0.2558505160746848,seq,0.24592478875434334,0.012849836119300007,0.22073957275327338,0.2711100047554133,1
253,2500,seqmar,0.2558505160746848,full,0.24808549140813912,0.011996387226035243,0.22457300450051368,0.27159797831576454,1
253,2500,seqmar,0.2558505160746848,cc,0.21937534402567352,0.017548825470812556,0.18498027813190177,0.2537704099194453,0
253,2500,seqmar,0.2558505160746848,cc_ccproj,0.22047394249202257,0.017417902644616807,0.18633548062234867,0.25461240436169646,0
253,2500,seqmar,0.2558505160746848,seq,0.2537859782135275,0.01282150687510069,0.22865628651079745,0.27891566991625755,1
254,2500,seqmar,0.2558505160746848,full,0.24235354781599716,0.009145441002985245,0.2244288128274102,0.2602782828045841,1
254,2500,seqmar,0.2558505160746848,cc,0.22333772121981502,0.014727105706175223,0.19447312443919726,0.2522023180004328,0
254,2500,seqmar,0.2558505160746848,cc_ccproj,0.22408325863598957,0.014813791605820786,0.19504876061409906,0.2531177566578801,0
254,2500,seqmar,0.2558505160746848,seq,0.25592940356049587,0.014304506374930952,0.2278930862490076,0.28396572087198413,1
255,2500,seqmar,0.2558505160746848,full,0.2562913195507644,0.010407520556385266,0.235892954091889,0.2766896850096398,1
255,2500,seqmar,0.2558505160746848,cc,0.21886711616994572,0.022815472251356748,0.17414961226701353,0.2635846200728779,1
255,2500,seqmar,0.2558505160746848,cc_ccproj,0.2238766009002642,0.022490565076661057,0.17979590335805423,0.2679572984424742,1
255,2500,seqmar,0.2558505160746848,seq,0.26288164245836454,0.019169690106531134,0.22530974025476974,0.30045354466195934,1
256,2500,seqmar,0.2558505160746848,full,0.2523606230089896,0.010252656618712965,0.23226578529045597,0.2724554607275232,1
256,2500,seqmar,0.2558505160746848,cc,0.21943385232539522,0.013356043820886851,0.19325648746051827,0.24561121719027218,0
256,2500,seqmar,0.2558505160746848,cc_ccproj,0.22020956422229998,0.013294187956389538,0.19415343462407034,0.24626569382052962,0
256,2500,seqmar,0.2558505160746848,seq,0.26525097789638263,0.014546241251220083,0.23674086893356042,0.2937610868592048,1
257,2500,seqmar,0.2558505160746848,full,0.2580218517159427,0.008712997097335997,0.24094469120776213,0.2750990122241233,1
257,2500,seqmar,0.2558505160746848,cc,0.22177252896495503,0.015293167178709134,0.1917984720851351,0.25174658584477494,0
257,2500,seqmar,0.2558505160746848,cc_ccproj,0.22189549943857123,0.015108961663450502,0.19228247873441187,0.2515085201427306,0
257,2500,seqmar,0.2558505160746848,seq,0.26321450845819655,0.013392627381116993,0.23696544113284226,0.28946357578355086,1
258,2500,seqmar,0.2558505160746848,full,0.26106732365933416,0.01023919828743291,0.24099886378540145,0.28113578353326685,1
258,2500,seqmar,0.2558505160746848,cc,0.22624636113238925,0.013642273205798045,0.1995079969817693,0.2529847252830092,0
258,2500,seqmar,0.2558505160746848,cc_ccproj,0.2275006467308518,0.013419642920520882,0.20119862992124296,0.25380266354046066,0
258,2500,seqmar,0.2558505160746848,seq,0.25233914326931406,0.011711493214718023,0.2293850383632815,0.2752932481753466,1
259,2500,seqmar,0.2558505160746848,full,0.25381779575138746,0.00954509565638444,0.23510975203588425,0.2725258394668907,1
259,2500,seqmar,0.2558505160746848,cc,0.2168303650227691,0.020923562353173594,0.1758209363822707,0.2578397936632675,1
259,2500,seqmar,0.2558505160746848,cc_ccproj,0.21454538319394736,0.020611559981628943,0.17414746796476757,0.25494329842312713,0
259,2500,seqmar,0.2558505160746848,seq,0.24123169839207445,0.01450186703063495,0.21280856130344114,0.2696548354807078,1
260,2500,seqmar,0.2558505160746848,full,0.255786789205535,0.009843341394151944,0.2364941945854649,0.2750793838256051,1
260,2500,seqmar,0.2558505160746848,cc,0.19647328513721285,0.017086225025647092,0.1629848994551976,0.2299616708192281,0
260,2500,seqmar,0.2558505160746848,cc_ccproj,0.19551238047258362,0.016819073433186102,0.16254760229020443,0.22847715865496282,0
260,2500,seqmar,0.2558505160746848,seq,0.23397407782642712,0.014675174495527764,0.20521126434835196,0.2627368913045023,1
261,2500,seqmar,0.2558505160746848,full,0.24521345691719654,0.010315095745626245,0.22499624075868677,0.26543067307570634,1
261,2500,seqmar,0.2558505160746848,cc,0.2077653972804997,0.021709589133699008,0.16521538445928752,0.2503154101017119,0
261,2500,seqmar,0.2558505160746848,cc_ccproj,0.2062763391639131,0.021798239298171658,0.163552575213111,0.2490001031147152,0
261,2500,seqmar,0.2558505160746848,seq,0.22867793365201713,0.01791239718147418,0.19357028029955098,0.2637855870044833,1
262,2500,seqmar,0.2558505160746848,full,0.24705134349054106,0.010275773781119924,0.22691119696626505,0.26719149001481707,1
262,2500,seqmar,0.2558505160746848,cc,0.21884931125859794,0.015461443219549752,0.1885454393992694,0.24915318311792647,0
262,2500,seqmar,0.2558505160746848,cc_ccproj,0.21761044746370517,0.015438772023721466,0.18735101033168652,0.24786988459572382,0
262,2500,seqmar,0.2558505160746848,seq,0.24278194683012722,0.01869038112378961,0.20614947297017233,0.2794144206900821,1
263,2500,seqmar,0.2558505160746848,full,0.2566921187640507,0.009338012659563492,0.23838995026412715,0.27499428726397424,1
263,2500,seqmar,0.2558505160746848,cc,0.23461079702341167,0.018252396431389314,0.1988367573863412,0.27038483666048213,1
263,2500,seqmar,0.2558505160746848,cc_ccproj,0.2337573194417323,0.01835092725590303,0.19779016293724794,0.2697244759462167,1
263,2500,seqmar,0.2558505160746848,seq,0.25886629984821685,0.015236987023652986,0.22900235404895286,0.28873024564748084,1
264,2500,seqmar,0.2558505160746848,full,0.2625653623844693,0.010032500962839174,0.2429020218224411,0.2822287029464975,1
264,2500,seqmar,0.2558505160746848,cc,0.22123041496933338,0.0174156086048351,0.1870964493350107,0.255364380603656,0
264,2500,seqmar,0.2558505160746848,cc_ccproj,0.22235900266473763,0.01720309902266936,0.18864154815782946,0.2560764571716458,1
264,2500,seqmar,0.2558505160746848,seq,0.2620054492108604,0.015933416050024796,0.23077652760211934,0.2932343708196014,1
265,2500,seqmar,0.2558505160746848,full,0.2540652271325418,0.010616675236603267,0.23325692603324116,0.27487352823184247,1
265,2500,seqmar,0.2558505160746848,cc,0.22296697621889044,0.013414998769321824,0.19667406177837052,0.24925989065941037,0
265,2500,seqmar,0.2558505160746848,cc_ccproj,0.22452364759237584,0.013600758898063727,0.19786664998975825,0.2511806451949934,0
265,2500,seqmar,0.2558505160746848,seq,0.24907940002182635,0.012842253103158167,0.2239090464592886,0.2742497535843641,1
266,2500,seqmar,0.2558505160746848,full,0.2562139307006456,0.009765669968318043,0.2370735692778378,0.27535429212345336,1
266,2500,seqmar,0.2558505160746848,cc,0.2333161054215243,0.01551102199799567,0.20291506094204428,0.2637171499010043,1
266,2500,seqmar,0.2558505160746848,cc_ccproj,0.23328454175812402,0.01540294201313621,0.20309533015641817,0.26347375335982987,1
266,2500,seqmar,0.2558505160746848,seq,0.26111248139964577,0.013872663886647154,0.2339225598121879,0.28830240298710363,1
267,2500,seqmar,0.2558505160746848,full,0.24325054376402672,0.0103585245992655,0.22294820861649414,0.2635528789115593,1
267,2500,seqmar,0.2558505160746848,cc,0.21916591071305389,0.015268390122325788,0.18924041597138824,0.24909140545471953,0
267,2500,seqmar,0.2558505160746848,cc_ccproj,0.2204474535564109,0.015226482250131507,0.19060409673491474,0.25029081037790707,0
267,2500,seqmar,0.2558505160746848,seq,0.2560535330692191,0.015764633006848848,0.22515542014630396,0.2869516459921342,1
268,2500,seqmar,0.2558505160746848,full,0.23216146842069352,0.012590095889227331,0.20748533391590215,0.25683760292548485,1
268,2500,seqmar,0.2558505160746848,cc,0.1556681069286181,0.028654370518868353,0.09950657271196983,0.21182964114526637,0
268,2500,seqmar,0.2558505160746848,cc_ccproj,0.1553736747008518,0.027772555797878393,0.1009404655783811,0.20980688382332252,0
268,2500,seqmar,0.2558505160746848,seq,0.18961260571177524,0.022490658302677633,0.14553172544993034,0.23369348597362014,0
269,2500,seqmar,0.2558505160746848,full,0.2715231019557254,0.008855675358158776,0.2541662971949553,0.28887990671649544,1
269,2500,seqmar,0.2558505160746848,cc,0.2556405779682799,0.013720930431932952,0.22874804848731167,0.2825331074492481,1
269,2500,seqmar,0.2558505160746848,cc_ccproj,0.2552515667364451,0.013644554433820129,0.22850873146106135,0.28199440201182885,1
269,2500,seqmar,0.2558505160746848,seq,0.2843513181669717,0.012388506614086373,0.26007029138112614,0.3086323449528172,0
270,2500,seqmar,0.2558505160746848,full,0.275416858219951,0.014450190520997616,0.2470950052290536,0.3037387112108484,1
270,2500,seqmar,0.2558505160746848,cc,0.2894444506136969,0.045175557271816096,0.20090198537941079,0.377986915847983,1
270,2500,seqmar,0.2558505160746848,cc_ccproj,0.2887786988504689,0.045203743025474974,0.2001809905541343,0.37737640714680354,1
270,2500,seqmar,0.2558505160746848,seq,0.2936702372478945,0.025406155293253928,0.24387508788748513,0.34346538660830384,1
271,2500,seqmar,0.2558505160746848,full,0.2462070776477216,0.010885341256483383,0.22487220082558618,0.267541954469857,1
271,2500,seqmar,0.2558505160746848,cc,0.20777024401421462,0.01838192982602363,0.17174232358886568,0.24379816443956356,0
271,2500,seqmar,0.2558505160746848,cc_ccproj,0.20883814691735653,0.017925049166902404,0.17370569612911813,0.24397059770559493,0
271,2500,seqmar,0.2558505160746848,seq,0.2218543457361257,0.027659823670753356,0.16764208752272064,0.27606660394953075,1
272,2500,seqmar,0.2558505160746848,full,0.26411822014060027,0.01014446727988443,0.24423542962968178,0.2840010106515188,1
272,2500,seqmar,0.2558505160746848,cc,0.24224275790431501,0.022217098814532234,0.1986980443868643,0.28578747142176575,1
272,2500,seqmar,0.2558505160746848,cc_ccproj,0.24418565172999138,0.022041332012897038,0.20098543481342346,0.2873858686465593,1
272,2500,seqmar,0.2558505160746848,seq,0.27186768314386034,0.015114121210653609,0.24224454991300634,0.3014908163747143,1
273,2500,seqmar,0.2558505160746848,full,0.25574523225105733,0.009769252502893604,0.23659784918950807,0.27489261531260656,1
273,2500,seqmar,0.2558505160746848,cc,0.2282441736333284,0.012584384950596357,0.2035792323625717,0.25290911490408513,0
273,2500,seqmar,0.2558505160746848,cc_ccproj,0.22570504570643535,0.012587146698313359,0.20103469150961892,0.2503753999032518,0
273,2500,seqmar,0.2558505160746848,seq,0.2702412570370402,0.014675829076685666,0.2414771606034706,0.29900535347060986,1
274,2500,seqmar,0.2558505160746848,full,0.2685054133581195,0.010332591808366572,0.24825390554676743,0.28875692116947155,1
274,2500,seqmar,0.2558505160746848,cc,0.24171601960831376,0.01848566268936863,0.2054847865067954,0.2779472527098321,1
274,2500,seqmar,0.2558505160746848,cc_ccproj,0.2430471760147434,0.01860742776565679,0.20657728774912548,0.2795170642803613,1
274,2500,seqmar,0.2558505160746848,seq,0.2975577103699639,0.03529535219789568,0.22838009124043174,0.3667353294994961,1
275,2500,seqmar,0.2558505160746848,full,0.26116150416958794,0.010072319388280319,0.241420120927774,0.2809028874114019,1
275,2500,seqmar,0.2558505160746848,cc,0.24066403088367347,0.018843117339107283,0.20373219954256097,0.27759586222478594,1
275,2500,seqmar,0.2558505160746848,cc_ccproj,0.24309333104065245,0.018913991965011086,0.20602258798535075,0.2801640740959541,1
275,2500,seqmar,0.2558505160746848,seq,0.28031354227912,0.018156506201735586,0.2447274440386401,0.31589964051959984,1
276,2500,seqmar,0.2558505160746848,full,0.24549847794099625,0.009859014992047306,0.22617516363354306,0.26482179224844943,1
276,2500,seqmar,0.2558505160746848,cc,0.23653309547387308,0.014296233641145293,0.2085129924226584,0.2645531985250878,1
276,2500,seqmar,0.2558505160746848,cc_ccproj,0.2357944512535946,0.014448696245581226,0.2074755269886963,0.2641133755184929,1
276,2500,seqmar,0.2558505160746848,seq,0.27206592296384663,0.012837087629680303,0.2469056935432886,0.2972261523844047,1
277,2500,seqmar,0.2558505160746848,full,0.25220192337180336,0.010166925696284503,0.23227511517359092,0.2721287315700158,1
277,2500,seqmar,0.2558505160746848,cc,0.21964198679850228,0.01420590612900997,0.19179892241788593,0.24748505117911862,0
277,2500,seqmar,0.2558505160746848,cc_ccproj,0.2203324208085567,0.014197543559105585,0.19250574676377114,0.24815909485334225,0
277,2500,seqmar,0.2558505160746848,seq,0.25559147380343156,0.01400431943142841,0.22814351208983744,0.2830394355170257,1
278,2500,seqmar,0.2558505160746848,full,0.25563749012901915,0.010483580360591131,0.2350900501932291,0.2761849300648092,1
278,2500,seqmar,0.2558505160746848,cc,0.22100215932204106,0.02233071827168054,0.1772347557606367,0.26476956288344544,1
278,2500,seqmar,0.2558505160746848,cc_ccproj,0.22253491728765934,0.021991063591598033,0.17943322466639716,0.2656366099089215,1
278,2500,seqmar,0.2558505160746848,seq,0.25095253855899147,0.01566348912661864,0.22025266399858417,0.28165241311939876,1
279,2500,seqmar,0.2558505160746848,full,0.24621338230467774,0.012513768262924874,0.22168684719846463,0.2707399174108908,1
279,2500,seqmar,0.2558505160746848,cc,0.22955181795397292,0.0336757431237342,0.16354857427883152,0.2955550616291143,1
279,2500,seqmar,0.2558505160746848,cc_ccproj,0.2331919633643308,0.03352121008119014,0.16749159888699713,0.2988923278416644,1
279,2500,seqmar,0.2558505160746848,seq,0.2598083874201575,0.02049441896480558,0.2196400643650639,0.2999767104752511,1
280,2500,seqmar,0.2558505160746848,full,0.2643502227435635,0.012164136996281407,0.24050895232784072,0.2881914931592863,1
280,2500,seqmar,0.2558505160746848,cc,0.24683415551475965,0.026740963656441314,0.19442282983624015,0.29924548119327915,1
280,2500,seqmar,0.2558505160746848,cc_ccproj,0.24654962963756105,0.026737352115425626,0.194145382449361,0.29895387682576113,1
280,2500,seqmar,0.2558505160746848,seq,0.27558504803421185,0.021464094761753323,0.2335161953404205,0.3176539007280032,1
281,2500,seqmar,0.2558505160746848,full,0.2464157278361149,0.011423718528183826,0.22402565095135168,0.2688058047208781,1
281,2500,seqmar,0.2558505160746848,cc,0.2249636167001605,0.01718625950075687,0.1912791670497177,0.2586480663506033,1
281,2500,seqmar,0.2558505160746848,cc_ccproj,0.22409353015805572,0.017281820299656126,0.19022178478343651,0.25796527553267495,1
281,2500,seqmar,0.2558505160746848,seq,0.25097131851679133,0.014035153485842979,0.2234629231670473,0.27847971386653536,1
282,2500,seqmar,0.2558505160746848,full,0.25328757432591065,0.00837935523994119,0.23686433984195893,0.26971080880986237,1
282,2500,seqmar,0.2558505160746848,cc,0.21641932437429692,0.011958053167215581,0.19298197084133925,0.2398566779072546,0
282,2500,seqmar,0.2558505160746848,cc_ccproj,0.2177817959768354,0.012089868960546974,0.19408608823635462,0.24147750371731616,0
282,2500,seqmar,0.2558505160746848,seq,0.24974801782820233,0.012566612997892811,0.2251179089446795,0.2743781267117252,1
283,2500,seqmar,0.2558505160746848,full,0.2430327086889338,0.010045929247706515,0.2233430491721915,0.2627223682056761,1
283,2500,seqmar,0.2558505160746848,cc,0.20572886223357928,0.013303347698860175,0.17965477986999953,0.23180294459715903,0
283,2500,seqmar,0.2558505160746848,cc_ccproj,0.20438993218442567,0.01330543012958603,0.17831176833162293,0.2304680960372284,0
283,2500,seqmar,0.2558505160746848,seq,0.23850704659973554,0.012898892590834685,0.213225681681249,0.2637884115182221,1
284,2500,seqmar,0.2558505160746848,full,0.2590869227387914,0.012546531491133597,0.23449617288527194,0.28367767259231086,1
284,2500,seqmar,0.2558505160746848,cc,0.25446857000056217,0.01739417839889725,0.22037660679805898,0.28856053320306535,1
284,2500,seqmar,0.2558505160746848,cc_ccproj,0.25607874995951024,0.017545009914084968,0.2216911624195055,0.29046633749951495,1
284,2500,seqmar,0.2558505160746848,seq,0.28395638911285076,0.01594856579588718,0.2526977745478445,0.31521500367785704,1
285,2500,seqmar,0.2558505160746848,full,0.25800216673902904,0.0090899451835752,0.2401862015577783,0.27581813192027976,1
285,2500,seqmar,0.2558505160746848,cc,0.2411188254149249,0.013273027527994965,0.21510416949424607,0.2671334813356038,1
285,2500,seqmar,0.2558505160746848,cc_ccproj,0.23898875321201207,0.013450647641225826,0.21262596826647082,0.2653515381575533,1
285,2500,seqmar,0.2558505160746848,seq,0.26816069050903657,0.011435637328578387,0.2457472532047611,0.29057412781331204,1
286,2500,seqmar,0.2558505160746848,full,0.2355007107817698,0.013376153095856626,0.20928393246219684,0.26171748910134274,1
286,2500,seqmar,0.2558505160746848,cc,0.17848425439157792,0.02683745289009731,0.12588381329019682,0.231084695492959,0
286,2500,seqmar,0.2558505160746848,cc_ccproj,0.1777667279505785,0.026888436251100732,0.12506636129781987,0.2304670946033371,0
286,2500,seqmar,0.2558505160746848,seq,0.1807965704298899,0.06122498647635908,0.06079780198227423,0.30079533887750554,1
287,2500,seqmar,0.2558505160746848,full,0.2570144926176119,0.009351385948799881,0.2386861129524302,0.2753428722827936,1
287,2500,seqmar,0.2558505160746848,cc,0.21693270716178245,0.012922926328105202,0.1916042369838318,0.2422611773397331,0
287,2500,seqmar,0.2558505160746848,cc_ccproj,0.2159892322381117,0.012813285851189314,0.190875653446164,0.2411028110300594,0
287,2500,seqmar,0.2558505160746848,seq,0.2609263770980795,0.011824730607432544,0.23775033098062326,0.2841024232155357,1
288,2500,seqmar,0.2558505160746848,full,0.272247389874469,0.009204939207932382,0.2542060405470409,0.29028873920189713,1
288,2500,seqmar,0.2558505160746848,cc,0.2462169195531215,0.015450869742291335,0.21593377132841082,0.2765000677778322,1
288,2500,seqmar,0.2558505160746848,cc_ccproj,0.24803772344362315,0.01561236949333641,0.21743804152335194,0.27863740536389436,1
288,2500,seqmar,0.2558505160746848,seq,0.2738259320851062,0.014677498295508826,0.24505856404276086,0.3025933001274515,1
289,2500,seqmar,0.2558505160746848,full,0.24818594553297052,0.008892910898359589,0.23075616045446198,0.26561573061147903,1
289,2500,seqmar,0.2558505160746848,cc,0.23483993019855492,0.01290302239559012,0.20955047101148455,0.2601293893856253,1
289,2500,seqmar,0.2558505160746848,cc_ccproj,0.2317856843190403,0.013112319185705174,0.2060860109612646,0.257485357676816,1
289,2500,seqmar,0.2558505160746848,seq,0.26128739068733575,0.017076951901668594,0.22781717999434253,0.29475760138032897,1
290,2500,seqmar,0.2558505160746848,full,0.2538442106860897,0.0095643576898729,0.2350984140786801,0.2725900072934993,1
290,2500,seqmar,0.2558505160746848,cc,0.22139250175855013,0.013102034765869942,0.19571298549325336,0.2470720180238469,0
290,2500,seqmar,0.2558505160746848,cc_ccproj,0.21848470223064506,0.013131400617329637,0.19274762995411193,0.2442217745071782,0
290,2500,seqmar,0.2558505160746848,seq,0.25471162484681664,0.012062128930871264,0.23107028656543033,0.27835296312820296,1
291,2500,seqmar,0.2558505160746848,full,0.2366500687602453,0.011485159977910837,0.21413956884685922,0.2591605686736314,1
291,2500,seqmar,0.2558505160746848,cc,0.228030069096323,0.014618505889298514,0.19937832404551126,0.25668181414713476,1
291,2500,seqmar,0.2558505160746848,cc_ccproj,0.22717196781429722,0.014626306962144158,0.1985049329416672,0.2558390026869272,0
291,2500,seqmar,0.2558505160746848,seq,0.25331733479167073,0.01339489206151021,0.22706382877430925,0.2795708408090322,1
292,2500,seqmar,0.2558505160746848,full,0.25321691988093287,0.010437892905682231,0.23275902571130955,0.27367481405055616,1
292,2500,seqmar,0.2558505160746848,cc,0.22094879379878352,0.02221157790747194,0.17741490106033297,0.26448268653723406,1
292,2500,seqmar,0.2558505160746848,cc_ccproj,0.22050795267404616,0.02174337481752745,0.17789172112933718,0.26312418421875516,1
292,2500,seqmar,0.2558505160746848,seq,0.259594598627469,0.021460237371087546,0.21753330628045686,0.3016558909744811,1
293,2500,seqmar,0.2558505160746848,full,0.26266176442572947,0.010081083250281935,0.24290320433002688,0.28242032452143206,1
293,2500,seqmar,0.2558505160746848,cc,0.2397810616339323,0.0204202553245327,0.19975809664273594,0.2798040266251287,1
293,2500,seqmar,0.2558505160746848,cc_ccproj,0.23945242549982768,0.020421740457098925,0.19942654970228924,0.2794783012973661,1
293,2500,seqmar,0.2558505160746848,seq,0.2748511319085253,0.024065047926786765,0.22768450468579293,0.32201775913125763,1
294,2500,seqmar,0.2558505160746848,full,0.26442651158467556,0.012572630581929313,0.23978460845316724,0.2890684147161839,1
294,2500,seqmar,0.2558505160746848,cc,0.2722579405100693,0.03010367800656674,0.21325581581500797,0.3312600652051306,1
294,2500,seqmar,0.2558505160746848,cc_ccproj,0.272409333283206,0.030101532773692766,0.2134114131673161,0.3314072533990959,1
294,2500,seqmar,0.2558505160746848,seq,0.2888911743348195,0.018150349982426085,0.25331714206246714,0.3244652066071718,1
295,2500,seqmar,0.2558505160746848,full,0.25588818870495245,0.010810917169977695,0.23469918041195048,0.2770771969979544,1
295,2500,seqmar,0.2558505160746848,cc,0.20021778345686178,0.016835998018562805,0.16721983369669097,0.2332157332170326,0
295,2500,seqmar,0.2558505160746848,cc_ccproj,0.20135603570956023,0.016738825645831276,0.16854854030023553,0.23416353111888494,0
295,2500,seqmar,0.2558505160746848,seq,0.23155372752586773,0.017401200995834778,0.19744800028628903,0.2656594547654464,1
296,2500,seqmar,0.2558505160746848,full,0.27211311427044055,0.01048494686588006,0.2515629960334995,0.2926632325073816,1
296,2500,seqmar,0.2558505160746848,cc,0.2280008312030418,0.02213987183441544,0.1846074797852548,0.2713941826208288,1
296,2500,seqmar,0.2558505160746848,cc_ccproj,0.22825981154531283,0.021668888141394796,0.18578957120315195,0.2707300518874737,1
296,2500,seqmar,0.2558505160746848,seq,0.2637245214384226,0.014608602332134759,0.23509218700297066,0.2923568558738746,1
297,2500,seqmar,0.2558505160746848,full,0.24451944242115087,0.009263988813218774,0.22636235799406013,0.2626765268482416,1
297,2500,seqmar,0.2558505160746848,cc,0.2114842728302614,0.015492605679569544,0.1811193236716244,0.24184922198889838,0
297,2500,seqmar,0.2558505160746848,cc_ccproj,0.2148745987801514,0.015092121969449281,0.18529458326974507,0.2444546142905577,0
297,2500,seqmar,0.2558505160746848,seq,0.23617125100620057,0.01189460102748487,0.2128582613818571,0.25948424063054404,1
298,2500,seqmar,0.2558505160746848,full,0.2561280163798596,0.008765823959866975,0.23894731712370204,0.27330871563601716,1
298,2500,seqmar,0.2558505160746848,cc,0.22309062699130713,0.015612950794453708,0.19248980574178184,0.25369144824083245,0
298,2500,seqmar,0.2558505160746848,cc_ccproj,0.2260837395123662,0.01563521928152188,0.1954392728301971,0.2567282061945353,1
298,2500,seqmar,0.2558505160746848,seq,0.25607443082131615,0.01609224141027926,0.22453421722664474,0.28761464441598755,1
299,2500,seqmar,0.2558505160746848,full,0.25660574263548,0.009715247158850167,0.23756420810322862,0.27564727716773146,1
299,2500,seqmar,0.2558505160746848,cc,0.20809120096795777,0.012675788187186808,0.18324711264541338,0.23293528929050217,0
299,2500,seqmar,0.2558505160746848,cc_ccproj,0.20995588770861567,0.01249415654165585,0.1854677908697647,0.23444398454746665,0
299,2500,seqmar,0.2558505160746848,seq,0.24561989272587542,0.012325238292351,0.22146286957199351,0.26977691587975733,1
300,2500,seqmar,0.2558505160746848,full,0.2461532684938702,0.010458949263779722,0.22565410462073024,0.2666524323670102,1
300,2500,seqmar,0.2558505160746848,cc,0.20607324842175168,0.016102404140147988,0.17451311624255295,0.2376333806009504,0
300,2500,seqmar,0.2558505160746848,cc_ccproj,0.2100287629199767,0.01610977582165547,0.17845418251051784,0.2416033433294356,0
300,2500,seqmar,0.2558505160746848,seq,0.2561695699539219,0.026375817156446123,0.20447391826447386,0.30786522164337,1
301,2500,seqmar,0.2558505160746848,full,0.25773166153467736,0.00939371927293259,0.23932031007884969,0.27614301299050503,1
301,2500,seqmar,0.2558505160746848,cc,0.24184752202446025,0.01580479913801627,0.21087068493105868,0.27282435911786185,1
301,2500,seqmar,0.2558505160746848,cc_ccproj,0.2421030254674917,0.015692202035908546,0.21134687463898486,0.2728591762959986,1
301,2500,seqmar,0.2558505160746848,seq,0.27088150391294125,0.013545891632381875,0.2443320441749903,0.2974309636508922,1
302,2500,seqmar,0.2558505160746848,full,0.24918966330252493,0.008384141463048412,0.2327570479936611,0.26562227861138876,1
302,2500,seqmar,0.2558505160746848,cc,0.20970582825188186,0.012248654486063834,0.18569890660012178,0.23371274990364194,0
302,2500,seqmar,0.2558505160746848,cc_ccproj,0.21268050519185108,0.012298967477845922,0.18857497188824365,0.2367860384954585,0
302,2500,seqmar,0.2558505160746848,seq,0.24138548694235115,0.011462281332159992,0.21891982835065177,0.26385114553405054,1
303,2500,seqmar,0.2558505160746848,full,0.2509653169094895,0.009268031844472703,0.23280030828675266,0.2691303255322263,1
303,2500,seqmar,0.2558505160746848,cc,0.20834868590711253,0.015997385545707343,0.1769943863907245,0.23970298542350055,0
303,2500,seqmar,0.2558505160746848,cc_ccproj,0.2102461054595658,0.015686586800929755,0.1795009602893821,0.2409912506297495,0
303,2500,seqmar,0.2558505160746848,seq,0.2466974300471769,0.014749076504919821,0.21778977129230814,0.27560508880204565,1
304,2500,seqmar,0.2558505160746848,full,0.2562229564182868,0.009585540932127962,0.2374356414189815,0.2750102714175921,1
304,2500,seqmar,0.2558505160746848,cc,0.21596289636120186,0.019330355784713135,0.17807609521481862,0.2538496975075851,0
304,2500,seqmar,0.2558505160746848,cc_ccproj,0.2172524727709127,0.018830005686868,0.180346339795967,0.25415860574585836,0
304,2500,seqmar,0.2558505160746848,seq,0.2494273788012751,0.013052503878227671,0.22384494129187948,0.27500981631067073,1
305,2500,seqmar,0.2558505160746848,full,0.242410426292557,0.011902373379187578,0.21908220313880103,0.2657386494463129,1
305,2500,seqmar,0.2558505160746848,cc,0.21350464547187462,0.026492745136060532,0.1615798191535973,0.26542947179015197,1
305,2500,seqmar,0.2558505160746848,cc_ccproj,0.21459586400823963,0.02621699091561637,0.16321150603061776,0.26598022198586146,1
305,2500,seqmar,0.2558505160746848,seq,0.2422990160458781,0.01708698968601084,0.2088091316570895,0.27578890043466675,1
306,2500,seqmar,0.2558505160746848,full,0.2587234213273079,0.010207941695527674,0.23871622324778893,0.27873061940682686,1
306,2500,seqmar,0.2558505160746848,cc,0.23952013660093338,0.014050724520342468,0.21198122258436833,0.26705905061749846,1
306,2500,seqmar,0.2558505160746848,cc_ccproj,0.2381828333848046,0.01414959983579297,0.2104501273109965,0.2659155394586127,1
306,2500,seqmar,0.2558505160746848,seq,0.27147844012336625,0.011594889956136747,0.248752873404633,0.29420400684209946,1
307,2500,seqmar,0.2558505160746848,full,0.25165468023184956,0.008583441824913508,0.23483144339162432,0.2684779170720748,1
307,2500,seqmar,0.2558505160746848,cc,0.19413703988279266,0.010823711864062814,0.17292295445019065,0.21535112531539466,0
307,2500,seqmar,0.2558505160746848,cc_ccproj,0.19416510510544993,0.010562323548015461,0.1734633313582803,0.21486687885261957,0
307,2500,seqmar,0.2558505160746848,seq,0.2340545486240704,0.012568442163058371,0.2094208546427013,0.2586882426054395,1
308,2500,seqmar,0.2558505160746848,full,0.2448121985659815,0.009683374821603084,0.22583313266683747,0.2637912644651255,1
308,2500,seqmar,0.2558505160746848,cc,0.21086487579610816,0.015339514544787637,0.18079997974799605,0.24092977184422026,0
308,2500,seqmar,0.2558505160746848,cc_ccproj,0.2149397016664032,0.014890433177220205,0.18575498892485126,0.24412441440795513,0
308,2500,seqmar,0.2558505160746848,seq,0.2453871737751937,0.012086679326832052,0.22169771760191806,0.26907662994846937,1
309,2500,seqmar,0.2558505160746848,full,0.26526566313549277,0.008737585897973167,0.2481403094636403,0.28239101680734524,1
309,2500,seqmar,0.2558505160746848,cc,0.24172532100369398,0.01194059663256521,0.21832218164994593,0.26512846035744203,1
309,2500,seqmar,0.2558505160746848,cc_ccproj,0.24437289231950107,0.011931750028273307,0.22098709199155062,0.2677586926474515,1
309,2500,seqmar,0.2558505160746848,seq,0.2722711857899928,0.012051279593519345,0.2486511118190724,0.29589125976091324,1
310,2500,seqmar,0.2558505160746848,full,0.26357153248461557,0.009000511662633047,0.24593085378342208,0.2812122111858091,1
310,2500,seqmar,0.2558505160746848,cc,0.23794550721440014,0.012933541170329578,0.21259623232798813,0.26329478210081214,1
310,2500,seqmar,0.2558505160746848,cc_ccproj,0.24016097346487664,0.012540481057197765,0.21558208224396225,0.264739864685791,1
310,2500,seqmar,0.2558505160746848,seq,0.27262163710950416,0.012034245969829889,0.2490349484275413,0.29620832579146705,1
311,2500,seqmar,0.2558505160746848,full,0.2556616307343936,0.009393398057306665,0.237250908849624,0.27407235261916313,1
311,2500,seqmar,0.2558505160746848,cc,0.22517918626768907,0.01473072204521511,0.19630750159279725,0.2540508709425809,0
311,2500,seqmar,0.2558505160746848,cc_ccproj,0.22610066788941313,0.01463581003495893,0.19741500733632372,0.25478632844250254,0
311,2500,seqmar,0.2558505160746848,seq,0.25955765119268626,0.01656668551572279,0.22708754423866823,0.2920277581467043,1
312,2500,seqmar,0.2558505160746848,full,0.2534241860574287,0.011073772076839175,0.23171999161381862,0.2751283805010388,1
312,2500,seqmar,0.2558505160746848,cc,0.23240541111996804,0.024389291444147664,0.18460327828098774,0.28020754395894837,1
312,2500,seqmar,0.2558505160746848,cc_ccproj,0.23211526561385126,0.02442212263570106,0.18424878482185678,0.2799817464058458,1
312,2500,seqmar,0.2558505160746848,seq,0.26384344220557077,0.0163470705358585,0.23180377270255223,0.29588311170858933,1
313,2500,seqmar,0.2558505160746848,full,0.25843930140085664,0.014318705733466181,0.23037515385803575,0.2865034489436775,1
313,2500,seqmar,0.2558505160746848,cc,0.1892187737281939,0.034041620646332586,0.12249842328600692,0.2559391241703809,1
313,2500,seqmar,0.2558505160746848,cc_ccproj,0.18966497837809437,0.03358709114937997,0.12383548937984562,0.2554944673763431,0
313,2500,seqmar,0.2558505160746848,seq,0.22746320084524085,0.02259043869381642,0.18318675461040063,0.2717396470800811,1
314,2500,seqmar,0.2558505160746848,full,0.21999743361475477,0.012899941844351049,0.1947140121971655,0.24528085503234404,0
314,2500,seqmar,0.2558505160746848,cc,0.1912931251612285,0.0201260134076985,0.1518468637297692,0.23073938659268783,0
314,2500,seqmar,0.2558505160746848,cc_ccproj,0.19289454101870054,0.019430540796153098,0.15481138085810425,0.23097770117929683,0
314,2500,seqmar,0.2558505160746848,seq,0.2151291882116157,0.02155640731548508,0.1728794062371892,0.2573789701860422,1
315,2500,seqmar,0.2558505160746848,full,0.28010877675624385,0.011956175669841189,0.25667510305052105,0.30354245046196665,0
315,2500,seqmar,0.2558505160746848,cc,0.25063019757527427,0.023583928652336435,0.2044065468027326,0.2968538483478159,1
315,2500,seqmar,0.2558505160746848,cc_ccproj,0.25218468181318265,0.023578168104541414,0.20597232150685046,0.29839704211951484,1
315,2500,seqmar,0.2558505160746848,seq,0.266226299129342,0.01613254051132817,0.2346071007480054,0.29784549751067857,1
316,2500,seqmar,0.2558505160746848,full,0.26366156136234675,0.011623880185623284,0.24087917483791635,0.28644394788677713,1
316,2500,seqmar,0.2558505160746848,cc,0.22494936070761773,0.015040760048236648,0.19547001271296496,0.25442870870227047,0
316,2500,seqmar,0.2558505160746848,cc_ccproj,0.22330844473914677,0.015095226102142825,0.1937223452404579,0.25289454423783564,0
316,2500,seqmar,0.2558505160746848,seq,0.26884009301816186,0.016721689036653775,0.2360661847456422,0.30161400129068155,1
317,2500,seqmar,0.2558505160746848,full,0.26055364920526264,0.011054777118194567,0.2388866841964838,0.2822206142140415,1
317,2500,seqmar,0.2558505160746848,cc,0.25040847735157207,0.020647661279450547,0.2099398048788668,0.29087714982427737,1
317,2500,seqmar,0.2558505160746848,cc_ccproj,0.25043631063671534,0.020572596154138027,0.2101147631061176,0.2907578581673131,1
317,2500,seqmar,0.2558505160746848,seq,0.26072889377512176,0.01343315261764527,0.2344003984457071,0.28705738910453643,1
318,2500,seqmar,0.2558505160746848,full,0.2465416606104388,0.008952636167942306,0.2289948161545812,0.2640885050662964,1
318,2500,seqmar,0.2558505160746848,cc,0.21382602167832174,0.015023555428660048,0.18438039411840684,0.24327164923823663,0
318,2500,seqmar,0.2558505160746848,cc_ccproj,0.2146692140179377,0.014818604003591265,0.18562528386973776,0.24371314416613765,0
318,2500,seqmar,0.2558505160746848,seq,0.2533332756157879,0.014619698858018742,0.2246791923892498,0.28198735884232595,1
319,2500,seqmar,0.2558505160746848,full,0.2444381198167573,0.011226094175984452,0.22243537954477294,0.2664408600887417,1
319,2500,seqmar,0.2558505160746848,cc,0.24037000687299723,0.018951710817564603,0.20322533622515246,0.27751467752084197,1
319,2500,seqmar,0.2558505160746848,cc_ccproj,0.2369207786668926,0.01900783398649081,0.1996661086292542,0.274175448704531,1
319,2500,seqmar,0.2558505160746848,seq,0.2589064197801916,0.0152315729339604,0.2290530854017341,0.2887597541586491,1
320,2500,seqmar,0.2558505160746848,full,0.28020098120701675,0.01011647969212648,0.260373045360118,0.3000289170539155,0
320,2500,seqmar,0.2558505160746848,cc,0.2601064714159673,0.01838666388196047,0.2240692724114814,0.29614367042045325,1
320,2500,seqmar,0.2558505160746848,cc_ccproj,0.2602824660622382,0.018438445717790117,0.2241437765244728,0.2964211556000036,1
320,2500,seqmar,0.2558505160746848,seq,0.2821174213196966,0.014855145051299373,0.2530018720340314,0.31123297060536176,1
321,2500,seqmar,0.2558505160746848,full,0.2671748846841075,0.008969972727025446,0.24959406119683109,0.2847557081713839,1
321,2500,seqmar,0.2558505160746848,cc,0.2303696707085086,0.014068511798373966,0.20279589426761882,0.25794344714939843,1
321,2500,seqmar,0.2558505160746848,cc_ccproj,0.2309190413509497,0.013937605051456671,0.20360183741935112,0.2582362452825483,1
321,2500,seqmar,0.2558505160746848,seq,0.2558963972394655,0.011163444531576399,0.23401644801416516,0.27777634646476584,1
322,2500,seqmar,0.2558505160746848,full,0.277505335315825,0.00960533702360256,0.25867922069019483,0.29633144994145516,0
322,2500,seqmar,0.2558505160746848,cc,0.2452835130501157,0.015688791127029294,0.21453404748016672,0.2760329786200647,1
322,2500,seqmar,0.2558505160746848,cc_ccproj,0.24789046867832668,0.01567021056323699,0.21717742034422305,0.2786035170124303,1
322,2500,seqmar,0.2558505160746848,seq,0.27303249546438635,0.013321248019754145,0.24692332911654272,0.29914166181223,1
323,2500,seqmar,0.2558505160746848,full,0.2588039603618323,0.009468777865491355,0.24024549676785917,0.2773624239558054,1
323,2500,seqmar,0.2558505160746848,cc,0.2441564230936485,0.015833517683100137,0.21312329868619415,0.27518954750110286,1
323,2500,seqmar,0.2558505160746848,cc_ccproj,0.24358116800083734,0.01595729877918764,0.21230543710308458,0.2748568988985901,1
323,2500,seqmar,0.2558505160746848,seq,0.27185042703439133,0.01618406675922454,0.24013023906291936,0.3035706150058633,1
324,2500,seqmar,0.2558505160746848,full,0.25743942585235546,0.008684941671389975,0.2404172529686,0.2744615987361109,1
324,2500,seqmar,0.2558505160746848,cc,0.21306429441344782,0.013495239145128658,0.18661411172624054,0.2395144771006551,0
324,2500,seqmar,0.2558505160746848,cc_ccproj,0.2127034239690542,0.013386845236666271,0.18646568943857672,0.23894115849953168,0
324,2500,seqmar,0.2558505160746848,seq,0.24102200109060515,0.015148043635357244,0.21133238112906377,0.2707116210521465,1
325,2500,seqmar,0.2558505160746848,full,0.2516415153599921,0.009577468231829258,0.23287002256253023,0.27041300815745395,1
325,2500,seqmar,0.2558505160746848,cc,0.20980803598476264,0.015122417251287643,0.18016864281305167,0.2394474291564736,0
325,2500,seqmar,0.2558505160746848,cc_ccproj,0.21098646047591524,0.01516731842289523,0.18125906262498973,0.24071385832684075,0
325,2500,seqmar,0.2558505160746848,seq,0.2445597454701278,0.0188298505285947,0.2076539165998097,0.2814655743404459,1
326,2500,seqmar,0.2558505160746848,full,0.23063000744885703,0.010562232061361138,0.20992841301223494,0.2513316018854791,0
326,2500,seqmar,0.2558505160746848,cc,0.19240476427299552,0.012121504533140075,0.16864705194960197,0.21616247659638907,0
326,2500,seqmar,0.2558505160746848,cc_ccproj,0.1905800042697378,0.012161627706261469,0.16674365197208085,0.21441635656739477,0
326,2500,seqmar,0.2558505160746848,seq,0.22277116271932604,0.011833458237638657,0.19957801076099546,0.24596431467765661,0
327,2500,seqmar,0.2558505160746848,full,0.24987277230881927,0.013004732906645333,0.22438396418323153,0.275361580434407,1
327,2500,seqmar,0.2558505160746848,cc,0.18631352327933828,0.03399782842891083,0.11967900400610108,0.25294804255257547,0
327,2500,seqmar,0.2558505160746848,cc_ccproj,0.18479476239212655,0.033364039744318015,0.1194024461145003,0.2501870786697528,0
327,2500,seqmar,0.2558505160746848,seq,0.24272122145167196,0.02132487077116157,0.2009252427652244,0.28451720013811954,1
328,2500,seqmar,0.2558505160746848,full,0.26923275277212244,0.009639101413350261,0.2503404611586268,0.2881250443856181,1
328,2500,seqmar,0.2558505160746848,cc,0.2377674305960786,0.014837020427120267,0.2086874049210378,0.26684745627111944,1
328,2500,seqmar,0.2558505160746848,cc_ccproj,0.23853555793649267,0.014573302986718805,0.2099724089467338,0.26709870692625154,1
328,2500,seqmar,0.2558505160746848,seq,0.27174258913686017,0.012582179195499461,0.24708197106665208,0.29640320720706825,1
329,2500,seqmar,0.2558505160746848,full,0.26315693037662946,0.010445468864487637,0.2426841876005992,0.28362967315265974,1
329,2500,seqmar,0.2558505160746848,cc,0.24008911830508908,0.01948197833899052,0.2019051424130782,0.27827309419709995,1
329,2500,seqmar,0.2558505160746848,cc_ccproj,0.23702022081785948,0.01959595223470045,0.1986128601950794,0.27542758144063956,1
329,2500,seqmar,0.2558505160746848,seq,0.26069365309824144,0.01350622266794277,0.23422194310189512,0.28716536309458773,1
330,2500,seqmar,0.2558505160746848,full,0.24940766963094074,0.009420720731337758,0.2309433962891089,0.2678719429727726,1
330,2500,seqmar,0.2558505160746848,cc,0.20967424237045942,0.014576173267537858,0.1811054677336697,0.23824301700724915,0
330,2500,seqmar,0.2558505160746848,cc_ccproj,0.2070597213529396,0.014552434605513732,0.17853747363875833,0.23558196906712087,0
330,2500,seqmar,0.2558505160746848,seq,0.23381700966784297,0.015519200184601017,0.20339993623715763,0.2642340830985283,1
331,2500,seqmar,0.2558505160746848,full,0.2374912772475858,0.011839448335660046,0.21428638491286944,0.2606961695823022,1
331,2500,seqmar,0.2558505160746848,cc,0.21347339733240642,0.015280629170130084,0.18352391449783928,0.24342288016697355,0
331,2500,seqmar,0.2558505160746848,cc_ccproj,0.21368556541666184,0.015316529521506925,0.18366571918636376,0.2437054116469599,0
331,2500,seqmar,0.2558505160746848,seq,0.25120787580329196,0.015955894237195692,0.21993489775725822,0.2824808538493257,1
332,2500,seqmar,0.2558505160746848,full,0.258423341956611,0.009859550596899714,0.23909897788293716,0.2777477060302848,1
332,2500,seqmar,0.2558505160746848,cc,0.24718784865282878,0.017583668359219998,0.21272449195266108,0.2816512053529965,1
332,2500,seqmar,0.2558505160746848,cc_ccproj,0.2478521829898229,0.017634277530247256,0.21328963413715435,0.28241473184249144,1
332,2500,seqmar,0.2558505160746848,seq,0.26644512931517894,0.01355996083348649,0.2398680944497717,0.2930221641805862,1
333,2500,seqmar,0.2558505160746848,full,0.2548377960454055,0.009998934601811975,0.2352402443420827,0.27443534774872835,1
333,2500,seqmar,0.2558505160746848,cc,0.20316721960127196,0.012332162374684135,0.1789966254953911,0.2273378137071528,0
333,2500,seqmar,0.2558505160746848,cc_ccproj,0.20385564487901126,0.012066229860020377,0.18020626892418953,0.22750502083383298,0
333,2500,seqmar,0.2558505160746848,seq,0.24716178196537283,0.012563495873955156,0.22253778253250317,0.2717857813982425,1
334,2500,seqmar,0.2558505160746848,full,0.24832777176824097,0.012107924688921093,0.2245966754504323,0.2720588680860497,1
334,2500,seqmar,0.2558505160746848,cc,0.23581965670186542,0.03109446796074568,0.17487561938036927,0.29676369402336156,1
334,2500,seqmar,0.2558505160746848,cc_ccproj,0.2369422364925572,0.03089824409281056,0.17638279088512102,0.2975016820999934,1
334,2500,seqmar,0.2558505160746848,seq,0.26123145738285486,0.01914121805916156,0.22371535936667053,0.2987475553990392,1
335,2500,seqmar,0.2558505160746848,full,0.22375233733760305,0.011753438611239522,0.20071602096507113,0.24678865371013498,0
335,2500,seqmar,0.2558505160746848,cc,0.14621197904741307,0.027710985552906485,0.0918994453876066,0.20052451270721955,0
335,2500,seqmar,0.2558505160746848,cc_ccproj,0.15048980940088755,0.02700952976390985,0.0975521038242616,0.2034275149775135,0
335,2500,seqmar,0.2558505160746848,seq,0.1889273638448516,0.02590109416569616,0.1381621521199066,0.2396925755697966,0
336,2500,seqmar,0.2558505160746848,full,0.25575923769030295,0.009011205182799027,0.2380976000747162,0.2734208753058897,1
336,2500,seqmar,0.2558505160746848,cc,0.22356646950198827,0.014865875547467053,0.1944298888302982,0.25270305017367833,0
336,2500,seqmar,0.2558505160746848,cc_ccproj,0.22376011593804052,0.014904282560735291,0.19454825890359093,0.2529719729724901,0
336,2500,seqmar,0.2558505160746848,seq,0.24996685644668004,0.014074615428791577,0.22238111710999678,0.27755259578336333,1
337,2500,seqmar,0.2558505160746848,full,0.2416656130517645,0.0107679275913832,0.2205608627845183,0.2627703633190107,1
337,2500,seqmar,0.2558505160746848,cc,0.2120484973621822,0.021369969031046092,0.17016412771059555,0.2539328670137689,0
337,2500,seqmar,0.2558505160746848,cc_ccproj,0.21321969358324336,0.021252257849474394,0.1715660336081149,0.2548733535583718,0
337,2500,seqmar,0.2558505160746848,seq,0.22785204343369428,0.018980200479765567,0.19065153407400393,0.26505255279338463,1
338,2500,seqmar,0.2558505160746848,full,0.26254337251178833,0.01057533909529713,0.24181608876070756,0.2832706562628691,1
338,2500,seqmar,0.2558505160746848,cc,0.2356485204795918,0.01997351095874161,0.19650115835564216,0.27479588260354143,1
338,2500,seqmar,0.2558505160746848,cc_ccproj,0.23226620372119633,0.019904755227871898,0.19325360035348205,0.2712788070889106,1
338,2500,seqmar,0.2558505160746848,seq,0.25815041767165203,0.014713817810500128,0.22931186468798778,0.28698897065531626,1
339,2500,seqmar,0.2558505160746848,full,0.24976130874454644,0.010030004707339408,0.230102860753394,0.2694197567356989,1
339,2500,seqmar,0.2558505160746848,cc,0.2183720868330831,0.014794803207660965,0.18937480538770993,0.24736936827845626,0
339,2500,seqmar,0.2558505160746848,cc_ccproj,0.2177809489551476,0.014655523134192525,0.1890566514375367,0.2465052464727585,0
339,2500,seqmar,0.2558505160746848,seq,0.25538590887133233,0.01287602810330439,0.23014935752493015,0.2806224602177345,1
340,2500,seqmar,0.2558505160746848,full,0.2627165992743111,0.009502435538510969,0.24409216785341614,0.2813410306952061,1
340,2500,seqmar,0.2558505160746848,cc,0.2236208937281374,0.014367287540384167,0.19546152759345337,0.25178025986282143,0
340,2500,seqmar,0.2558505160746848,cc_ccproj,0.2221474529597929,0.014331705961723616,0.19405782543779665,0.25023708048178916,0
340,2500,seqmar,0.2558505160746848,seq,0.25161380325698285,0.014550658563890288,0.22309503652041857,0.28013256999354713,1
341,2500,seqmar,0.2558505160746848,full,0.24905396380750564,0.00894587685533409,0.23152036736092038,0.2665875602540909,1
341,2500,seqmar,0.2558505160746848,cc,0.2005848762034231,0.011270377834616076,0.17849534155541708,0.22267441085142914,0
341,2500,seqmar,0.2558505160746848,cc_ccproj,0.19760359761709925,0.011057977598151653,0.17593035978287128,0.21927683545132723,0
341,2500,seqmar,0.2558505160746848,seq,0.23920356218104927,0.012449370858313298,0.2148032436685727,0.2636038806935258,1
342,2500,seqmar,0.2558505160746848,full,0.24512676354492113,0.012569479601923039,0.22049103622074112,0.26976249086910115,1
342,2500,seqmar,0.2558505160746848,cc,0.21554470541636325,0.014037915062100613,0.1880308974766137,0.2430585133561128,0
342,2500,seqmar,0.2558505160746848,cc_ccproj,0.2132350012538917,0.014131600790750442,0.18553757266012308,0.2409324298476603,0
342,2500,seqmar,0.2558505160746848,seq,0.2550692294804617,0.01319852311699361,0.22920059952203486,0.2809378594388885,1
343,2500,seqmar,0.2558505160746848,full,0.2525382009832779,0.008759263650699442,0.23537035969681616,0.26970604226973965,1
343,2500,seqmar,0.2558505160746848,cc,0.21379013408859454,0.013620567353819321,0.18709431262610665,0.24048595555108243,0
343,2500,seqmar,0.2558505160746848,cc_ccproj,0.21214414308177612,0.013194396661186512,0.18628360082811501,0.23800468533543723,0
343,2500,seqmar,0.2558505160746848,seq,0.25012347707685495,0.012052876100573399,0.2265002740096075,0.27374668014410236,1
344,2500,seqmar,0.2558505160746848,full,0.25883405014984456,0.010313534420468366,0.23861989413241239,0.2790482061672767,1
344,2500,seqmar,0.2558505160746848,cc,0.23267790510111472,0.019477873656082906,0.19450197423977073,0.2708538359624587,1
344,2500,seqmar,0.2558505160746848,cc_ccproj,0.2329979609950773,0.019468604983188628,0.19484019639879058,0.271155725591364,1
344,2500,seqmar,0.2558505160746848,seq,0.2788320005337973,0.015928246354068597,0.24761321134294142,0.31005078972465316,1
345,2500,seqmar,0.2558505160746848,full,0.26561105948460867,0.009719336533027865,0.24656150992624964,0.2846606090429677,1
345,2500,seqmar,0.2558505160746848,cc,0.2363366295591035,0.01290495464592482,0.21104338323096802,0.261629875887239,1
345,2500,seqmar,0.2558505160746848,cc_ccproj,0.2344333521220567,0.012973286637113108,0.20900617755220027,0.2598605266919132,1
345,2500,seqmar,0.2558505160746848,seq,0.26721997375455264,0.010921309866835583,0.24581459975155295,0.28862534775755233,1
346,2500,seqmar,0.2558505160746848,full,0.24701332287333366,0.01056944702382565,0.22629758737013134,0.267729058376536,1
346,2500,seqmar,0.2558505160746848,cc,0.2180571166656995,0.015659221911594256,0.1873656056930543,0.24874862763834468,0
346,2500,seqmar,0.2558505160746848,cc_ccproj,0.21444297652761238,0.015621861178797426,0.18382469124568498,0.24506126180953977,0
346,2500,seqmar,0.2558505160746848,seq,0.2549912345689759,0.01364677204248777,0.22824405286047172,0.28173841627748003,1
347,2500,seqmar,0.2558505160746848,full,0.2551044021826834,0.010142498855944267,0.23522546971179392,0.27498333465357283,1
347,2500,seqmar,0.2558505160746848,cc,0.24822822647357087,0.020667309538156743,0.20772104412144252,0.28873540882569926,1
347,2500,seqmar,0.2558505160746848,cc_ccproj,0.24769419338449997,0.02084791949037758,0.20683302203076928,0.2885553647382307,1
347,2500,seqmar,0.2558505160746848,seq,0.2782021452825894,0.017678767757508883,0.24355239718682406,0.31285189337835473,1
348,2500,seqmar,0.2558505160746848,full,0.2614947930530722,0.010906778930380034,0.24011789916218707,0.28287168694395737,1
348,2500,seqmar,0.2558505160746848,cc,0.23051480487271173,0.015241395884909406,0.2006422178641723,0.26038739188125115,1
348,2500,seqmar,0.2558505160746848,cc_ccproj,0.23168392253805078,0.015001672251532837,0.20228118521717253,0.26108665985892904,1
348,2500,seqmar,0.2558505160746848,seq,0.2627895556026101,0.014098696336936035,0.23515661855324865,0.2904224926519715,1
349,2500,seqmar,0.2558505160746848,full,0.24933929060146862,0.010698484353046498,0.22837064658033218,0.27030793462260505,1
349,2500,seqmar,0.2558505160746848,cc,0.2209990369674345,0.02330340504569696,0.1753252023607195,0.26667287157414954,1
349,2500,seqmar,0.2558505160746848,cc_ccproj,0.22418575572011537,0.02316890142072704,0.17877554337413148,0.26959596806609926,1
349,2500,seqmar,0.2558505160746848,seq,0.25014863686714095,0.016446380914869742,0.21791432259796933,0.28238295113631257,1
350,2500,seqmar,0.2558505160746848,full,0.26082585737333536,0.009907127096372557,0.24140824507418426,0.2802434696724865,1
350,2500,seqmar,0.2558505160746848,cc,0.2376115254996273,0.01403239553251081,0.21010853563908535,0.2651145153601692,1
350,2500,seqmar,0.2558505160746848,cc_ccproj,0.2386050613447336,0.013877018999158133,0.2114066038936056,0.2658035187958616,1
350,2500,seqmar,0.2558505160746848,seq,0.27924276173294865,0.012602102674210844,0.2545430943620195,0.3039424291038778,1
351,2500,seqmar,0.2558505160746848,full,0.26456020569511385,0.009771767314751222,0.24540789369289578,0.2837125176973319,1
351,2500,seqmar,0.2558505160746848,cc,0.2240019909873427,0.015431458370073491,0.19375688835306948,0.2542470936216159,0
351,2500,seqmar,0.2558505160746848,cc_ccproj,0.22650537440403068,0.015356335321032507,0.19640751024028663,0.2566032385677747,1
351,2500,seqmar,0.2558505160746848,seq,0.2679175700326458,0.01360092970585711,0.24126023765290494,0.2945749024123867,1
352,2500,seqmar,0.2558505160746848,full,0.261672940220951,0.009629512528067756,0.24279944247726096,0.28054643796464107,1
352,2500,seqmar,0.2558505160746848,cc,0.21936318865003826,0.012276646550769411,0.19530140355960235,0.24342497374047417,0
352,2500,seqmar,0.2558505160746848,cc_ccproj,0.21834639973023087,0.01242389148773263,0.19399601986644116,0.24269677959402058,0
352,2500,seqmar,0.2558505160746848,seq,0.2543145331749018,0.010943581776196651,0.2328655070316875,0.27576355931811614,1
353,2500,seqmar,0.2558505160746848,full,0.259466501263191,0.009995866214928071,0.23987496348765125,0.2790580390387307,1
353,2500,seqmar,0.2558505160746848,cc,0.22959974809914646,0.012666535005316466,0.20477379567981033,0.25442570051848257,0
353,2500,seqmar,0.2558505160746848,cc_ccproj,0.228315456322316,0.012908921790247304,0.20301443453418697,0.253616478110445,0
353,2500,seqmar,0.2558505160746848,seq,0.27073912892307955,0.015717866965480515,0.23993267575694588,0.3015455820892132,1
354,2500,seqmar,0.2558505160746848,full,0.26560666688140105,0.012199206683094502,0.2416966611425755,0.2895166726202266,1
354,2500,seqmar,0.2558505160746848,cc,0.24239732673211525,0.026482743285363545,0.19049210368098277,0.29430254978324777,1
354,2500,seqmar,0.2558505160746848,cc_ccproj,0.2437906928640899,0.026128976602314658,0.1925788397706634,0.29500254595751635,1
354,2500,seqmar,0.2558505160746848,seq,0.27293077163406554,0.017553426065375122,0.23852668874064367,0.30733485452748743,1
355,2500,seqmar,0.2558505160746848,full,0.24489997301004005,0.010669164620297085,0.2239887946091288,0.2658111514109513,1
355,2500,seqmar,0.2558505160746848,cc,0.21894572210108917,0.018028145705922063,0.1836112058094415,0.25428023839273683,0
355,2500,seqmar,0.2558505160746848,cc_ccproj,0.21688795837209082,0.017989740573109984,0.1816287147575763,0.25214720198660534,0
355,2500,seqmar,0.2558505160746848,seq,0.24241501493006076,0.012990768413845763,0.21695357670742255,0.267876453152699,1
356,2500,seqmar,0.2558505160746848,full,0.25157719137437096,0.011347677469728305,0.22933615222552686,0.273818230523215,1
356,2500,seqmar,0.2558505160746848,cc,0.19881766753396987,0.022060384444691036,0.1555801085372678,0.24205522653067194,0
356,2500,seqmar,0.2558505160746848,cc_ccproj,0.1998397961581752,0.021783112889830217,0.15714567942293778,0.24253391289341264,0
356,2500,seqmar,0.2558505160746848,seq,0.24106457100571801,0.015068599021849679,0.21153065962541717,0.27059848238601886,1
357,2500,seqmar,0.2558505160746848,full,0.2523632022684893,0.010663761835669748,0.23146261313086386,0.27326379140611473,1
357,2500,seqmar,0.2558505160746848,cc,0.21522525439435367,0.015143431884187361,0.18554467329901092,0.2449058354896964,0
357,2500,seqmar,0.2558505160746848,cc_ccproj,0.21384968757124626,0.015018163297094912,0.18441462839499892,0.2432847467474936,0
357,2500,seqmar,0.2558505160746848,seq,0.2603528189471429,0.015532439946684079,0.22990979605961087,0.29079584183467494,1
358,2500,seqmar,0.2558505160746848,full,0.2672157034145585,0.012508870781847209,0.2426987671948726,0.29173263963424445,1
358,2500,seqmar,0.2558505160746848,cc,0.27851451686891293,0.02605312691954157,0.22745132642196048,0.3295777073158654,1
358,2500,seqmar,0.2558505160746848,cc_ccproj,0.27753849003623565,0.026144741268370693,0.22629573876511105,0.32878124130736025,1
358,2500,seqmar,0.2558505160746848,seq,0.2926045824286157,0.01645624491202664,0.26035093508027296,0.32485822977695844,0
359,2500,seqmar,0.2558505160746848,full,0.259881394076857,0.010499754411953624,0.23930225358291238,0.28046053457080167,1
359,2500,seqmar,0.2558505160746848,cc,0.21651867321404442,0.015653778044910163,0.18583783202403667,0.24719951440405216,0
359,2500,seqmar,0.2558505160746848,cc_ccproj,0.21679577831095612,0.015326791905882962,0.1867558181768855,0.24683573844502674,0
359,2500,seqmar,0.2558505160746848,seq,0.27060313077417014,0.014228151720708373,0.24271646583501014,0.2984897957133302,1
360,2500,seqmar,0.2558505160746848,full,0.26228492552340765,0.009534394914904909,0.2435978548758122,0.2809719961710031,1
360,2500,seqmar,0.2558505160746848,cc,0.22895986555285927,0.012820692944560832,0.20383176912467327,0.2540879619810453,0
360,2500,seqmar,0.2558505160746848,cc_ccproj,0.22677978240734672,0.012775383028298807,0.20174049178317682,0.2518190730315166,0
360,2500,seqmar,0.2558505160746848,seq,0.25464768249430203,0.01201056329064453,0.23110741101059987,0.27818795397800417,1
361,2500,seqmar,0.2558505160746848,full,0.26343568853810084,0.009846817920212433,0.24413628005216087,0.2827350970240408,1
361,2500,seqmar,0.2558505160746848,cc,0.24341817723073822,0.019099056475310548,0.20598471440043303,0.2808516400610434,1
361,2500,seqmar,0.2558505160746848,cc_ccproj,0.2492653682397456,0.019192709218863693,0.2116483494050229,0.28688238707446834,1
361,2500,seqmar,0.2558505160746848,seq,0.27815044889626117,0.014490800802383044,0.24974900121644628,0.30655189657607607,1
362,2500,seqmar,0.2558505160746848,full,0.2584708047943548,0.010510052261728924,0.23787148088573237,0.2790701287029772,1
362,2500,seqmar,0.2558505160746848,cc,0.21811317824055626,0.024210578731449574,0.17066131588204367,0.2655650405990688,1
362,2500,seqmar,0.2558505160746848,cc_ccproj,0.21773141184388736,0.023876317952260407,0.17093468857402982,0.2645281351137449,1
362,2500,seqmar,0.2558505160746848,seq,0.260399723311821,0.016415790256987247,0.22822536563036247,0.29257408099327953,1
363,2500,seqmar,0.2558505160746848,full,0.25212601034145593,0.009234080423260533,0.23402754528151892,0.27022447540139294,1
363,2500,seqmar,0.2558505160746848,cc,0.21922688280804314,0.013620912699924664,0.19253038447962656,0.24592338113645973,0
363,2500,seqmar,0.2558505160746848,cc_ccproj,0.2223879947734331,0.013357604013653681,0.1962075719869242,0.248568417559942,0
363,2500,seqmar,0.2558505160746848,seq,0.25841497644855943,0.01272965211934566,0.23346531675891796,0.2833646361382009,1
364,2500,seqmar,0.2558505160746848,full,0.2650820556991154,0.010501344188137827,0.24449979930110627,0.28566431209712456,1
364,2500,seqmar,0.2558505160746848,cc,0.2116152296221682,0.014066774363406545,0.18404485849124003,0.23918560075309636,0
364,2500,seqmar,0.2558505160746848,cc_ccproj,0.2108699171966047,0.013964612328143838,0.18349977997537875,0.23824005441783064,0
364,2500,seqmar,0.2558505160746848,seq,0.24654563460690998,0.013014069020743988,0.2210385280339333,0.27205274117988665,1
365,2500,seqmar,0.2558505160746848,full,0.26380831680559935,0.010400605836898245,0.24342350394788173,0.284193129663317,1
365,2500,seqmar,0.2558505160746848,cc,0.23053037753482666,0.019399962866524,0.1925071490150252,0.26855360605462814,1
365,2500,seqmar,0.2558505160746848,cc_ccproj,0.23557071722193104,0.019090588369702476,0.19815385157363496,0.2729875828702271,1
365,2500,seqmar,0.2558505160746848,seq,0.25762479202728045,0.014407144003554442,0.22938730866023155,0.28586227539432935,1
366,2500,seqmar,0.2558505160746848,full,0.24910519389567898,0.009953046329824524,0.22959758155276433,0.2686128062385936,1
366,2500,seqmar,0.2558505160746848,cc,0.20645539345896163,0.017379876392609083,0.1723914616736899,0.24051932524423336,0
366,2500,seqmar,0.2558505160746848,cc_ccproj,0.20863474545993255,0.016985073224118213,0.17534461366588522,0.24192487725397988,0
366,2500,seqmar,0.2558505160746848,seq,0.25538175819132564,0.01288232082049998,0.2301328733458552,0.2806306430367961,1
367,2500,seqmar,0.2558505160746848,full,0.2584109282163711,0.010016608168127732,0.23877873695959104,0.2780431194731512,1
367,2500,seqmar,0.2558505160746848,cc,0.22269884727740746,0.01766432725600024,0.18807740204451776,0.2573202925102972,1
367,2500,seqmar,0.2558505160746848,cc_ccproj,0.2209493679057705,0.017465147336974608,0.18671830814061463,0.25518042767092636,0
367,2500,seqmar,0.2558505160746848,seq,0.25663715102657286,0.018654468106923533,0.22007506538625166,0.29319923666689407,1
368,2500,seqmar,0.2558505160746848,full,0.25714158585992325,0.010052722903601964,0.2374386110223025,0.27684456069754404,1
368,2500,seqmar,0.2558505160746848,cc,0.23514596733976367,0.017659569034964878,0.20053384804873375,0.2697580866307936,1
368,2500,seqmar,0.2558505160746848,cc_ccproj,0.23539032975130222,0.0173472700101681,0.20139030530128096,0.26939035420132346,1
368,2500,seqmar,0.2558505160746848,seq,0.27192084076805534,0.013933280491831615,0.24461211281757084,0.29922956871853984,1
369,2500,seqmar,0.2558505160746848,full,0.28250539110670936,0.009367322058848685,0.26414577723977833,0.3008650049736404,0
369,2500,seqmar,0.2558505160746848,cc,0.2589126662853019,0.017191380792159375,0.22521817908815586,0.2926071534824479,1
369,2500,seqmar,0.2558505160746848,cc_ccproj,0.26059231741661587,0.017240616255316903,0.22680133048491893,0.29438330434831284,1
369,2500,seqmar,0.2558505160746848,seq,0.2808950235178596,0.012436042827358945,0.25652082746603844,0.3052692195696808,0
370,2500,seqmar,0.2558505160746848,full,0.25500788995390733,0.009497950351887606,0.23639224933725808,0.27362353057055655,1
370,2500,seqmar,0.2558505160746848,cc,0.21969606401565442,0.019871728718339397,0.18074819141715892,0.2586439366141499,1
370,2500,seqmar,0.2558505160746848,cc_ccproj,0.22008528683982986,0.019921530063474774,0.18103980539848738,0.2591307682811724,1
370,2500,seqmar,0.2558505160746848,seq,0.2461217087625326,0.014593974869066861,0.21751804362787888,0.27472537389718626,1
371,2500,seqmar,0.2558505160746848,full,0.2493116831095742,0.008904256911309041,0.2318596602543166,0.2667637059648318,1
371,2500,seqmar,0.2558505160746848,cc,0.2239889978872673,0.012786923073692216,0.19892708918974636,0.24905090658478826,0
371,2500,seqmar,0.2558505160746848,cc_ccproj,0.22605453951691856,0.01287009406503119,0.20082961867181473,0.2512794603620224,0
371,2500,seqmar,0.2558505160746848,seq,0.25305114979837545,0.014275318389981886,0.22507203988616864,0.28103025971058226,1
372,2500,seqmar,0.2558505160746848,full,0.2670150123730994,0.010230451648489361,0.24696369559648182,0.28706632914971697,1
372,2500,seqmar,0.2558505160746848,cc,0.24070530878786522,0.01955254240588082,0.20238302986614667,0.2790275877095838,1
372,2500,seqmar,0.2558505160746848,cc_ccproj,0.2378369996217547,0.01932498557751393,0.19996072388807143,0.275713275355438,1
372,2500,seqmar,0.2558505160746848,seq,0.2725698782796588,0.020331508015166637,0.23272085481854474,0.3124189017407728,1
373,2500,seqmar,0.2558505160746848,full,0.26402629518817505,0.009075225210448571,0.24623918062410594,0.28181340975224417,1
373,2500,seqmar,0.2558505160746848,cc,0.24002913856313363,0.01439184307584816,0.21182164446331908,0.26823663266294817,1
373,2500,seqmar,0.2558505160746848,cc_ccproj,0.2393596752505622,0.014390827680174221,0.21115417128969863,0.26756517921142575,1
373,2500,seqmar,0.2558505160746848,seq,0.2723114448684873,0.01404801406605658,0.2447778432447043,0.2998450464922703,1
374,2500,seqmar,0.2558505160746848,full,0.2582935307222089,0.008341420867365487,0.24194464624228168,0.2746424152021361,1
374,2500,seqmar,0.2558505160746848,cc,0.2267318919869253,0.013288642726214685,0.20068663084012436,0.25277715313372623,0
374,2500,seqmar,0.2558505160746848,cc_ccproj,0.22825835269123262,0.013186824044520014,0.2024126524935066,0.25410405288895865,0
374,2500,seqmar,0.2558505160746848,seq,0.2687733902681707,0.012590061053664557,0.24409732403982778,0.29344945649651366,1
375,2500,seqmar,0.2558505160746848,full,0.2517755948936737,0.010589320636735067,0.2310209078249262,0.2725302819624212,1
375,2500,seqmar,0.2558505160746848,cc,0.22288060331393927,0.012439450040606048,0.1984997292468661,0.24726147738101245,0
375,2500,seqmar,0.2558505160746848,cc_ccproj,0.22103231378400323,0.012438730163398103,0.19665285065033092,0.24541177691767554,0
375,2500,seqmar,0.2558505160746848,seq,0.2557477543534829,0.01270289011802256,0.23085054722258894,0.2806449614843769,1
376,2500,seqmar,0.2558505160746848,full,0.25608768605986104,0.00896144874128551,0.23852356927763965,0.27365180284208246,1
376,2500,seqmar,0.2558505160746848,cc,0.22289310191713385,0.011339375413615738,0.20066833449926802,0.24511786933499968,0
376,2500,seqmar,0.2558505160746848,cc_ccproj,0.22154985293341825,0.011389759363560792,0.19922633478826124,0.24387337107857526,0
376,2500,seqmar,0.2558505160746848,seq,0.25973478235286285,0.014433581311984267,0.2314454828134433,0.2880240818922824,1
377,2500,seqmar,0.2558505160746848,full,0.24240274703527548,0.009124698443323465,0.22451866671657278,0.2602868273539782,1
377,2500,seqmar,0.2558505160746848,cc,0.2005600207339432,0.012550504598175038,0.17596148373371578,0.2251585577341706,0
377,2500,seqmar,0.2558505160746848,cc_ccproj,0.199822707358671,0.012430231302166594,0.17545990168692205,0.22418551303041995,0
377,2500,seqmar,0.2558505160746848,seq,0.23782404092436435,0.013292966295269649,0.211770305737931,0.2638777761107977,1
378,2500,seqmar,0.2558505160746848,full,0.256184662640533,0.009917627357498609,0.2367464702077466,0.27562285507331946,1
378,2500,seqmar,0.2558505160746848,cc,0.21860331366859254,0.015875359153705446,0.18748818148569157,0.2497184458514935,0
378,2500,seqmar,0.2558505160746848,cc_ccproj,0.21632466816466137,0.01573558889007474,0.18548348066458628,0.24716585566473645,0
378,2500,seqmar,0.2558505160746848,seq,0.25208883366933504,0.013160514530295243,0.2262946991719403,0.2778829681667298,1
379,2500,seqmar,0.2558505160746848,full,0.2762860631151204,0.009808918876859078,0.2570609353892015,0.2955111908410393,0
379,2500,seqmar,0.2558505160746848,cc,0.2320202923572141,0.013708064927509067,0.20515297880155967,0.2588876059128685,1
379,2500,seqmar,0.2558505160746848,cc_ccproj,0.22683771854456214,0.013611266196606442,0.20016012701522604,0.25351531007389827,0
379,2500,seqmar,0.2558505160746848,seq,0.26538538143659346,0.014026634446293752,0.23789368309754877,0.29287707977563815,1
380,2500,seqmar,0.2558505160746848,full,0.2574411074209338,0.01130171377594682,0.23529015545649784,0.27959205938536974,1
380,2500,seqmar,0.2558505160746848,cc,0.231074749930792,0.02742223180844501,0.1773281632105311,0.2848213366510529,1
380,2500,seqmar,0.2558505160746848,cc_ccproj,0.22938835851516923,0.027252423103976176,0.17597459073992866,0.2828021262904098,1
380,2500,seqmar,0.2558505160746848,seq,0.25737949729969223,0.017875093140347638,0.22234495852431188,0.29241403607507255,1
381,2500,seqmar,0.2558505160746848,full,0.26757833220937727,0.00918130832378388,0.24958329856380304,0.28557336585495147,1
381,2500,seqmar,0.2558505160746848,cc,0.22870364988496047,0.014563130876185411,0.20016043786549384,0.25724686190442714,1
381,2500,seqmar,0.2558505160746848,cc_ccproj,0.22750408305198616,0.014631485956572104,0.19882689753680124,0.25618126856717105,1
381,2500,seqmar,0.2558505160746848,seq,0.2617265749881251,0.012765664177217995,0.2367063329620447,0.28674681701420557,1
382,2500,seqmar,0.2558505160746848,full,0.2530830214195948,0.008871609700928783,0.23569498592087826,0.2704710569183114,1
382,2500,seqmar,0.2558505160746848,cc,0.2261026075058212,0.012991924696791637,0.20063890301025314,0.2515663120013893,0
382,2500,seqmar,0.2558505160746848,cc_ccproj,0.2275107679662071,0.012833767498250595,0.2023570458836752,0.252664490048739,0
382,2500,seqmar,0.2558505160746848,seq,0.2635488589432118,0.013950334695923444,0.23620670536692231,0.2908910125195013,1
383,2500,seqmar,0.2558505160746848,full,0.2574135515283971,0.012395825917262106,0.23311817917193522,0.281708923884859,1
383,2500,seqmar,0.2558505160746848,cc,0.20993740734943295,0.014142746828455004,0.18221813292319305,0.23765668177567284,0
383,2500,seqmar,0.2558505160746848,cc_ccproj,0.21373548698141526,0.013944402390873712,0.18640496050936856,0.24106601345346196,0
383,2500,seqmar,0.2558505160746848,seq,0.2578113581836319,0.014329322258790658,0.22972640263353405,0.2858963137337297,1
384,2500,seqmar,0.2558505160746848,full,0.2577704303311458,0.009374524628155561,0.23939669968777713,0.27614416097451444,1
384,2500,seqmar,0.2558505160746848,cc,0.22477588454183084,0.015457829481505094,0.1944790954789194,0.2550726736047423,0
384,2500,seqmar,0.2558505160746848,cc_ccproj,0.2231143453710693,0.015451099137911421,0.19283074753920504,0.2533979432029336,0
384,2500,seqmar,0.2558505160746848,seq,0.2513513060664609,0.01402615677606551,0.22386054394386007,0.2788420681890617,1
385,2500,seqmar,0.2558505160746848,full,0.2688567500326335,0.01064200597481239,0.24799880159874113,0.28971469846652587,1
385,2500,seqmar,0.2558505160746848,cc,0.23791690067486765,0.01620051865640013,0.20616446757745416,0.26966933377228114,1
385,2500,seqmar,0.2558505160746848,cc_ccproj,0.2378098409951613,0.01622711322797102,0.20600528349528463,0.269614398495038,1
385,2500,seqmar,0.2558505160746848,seq,0.2651867237580381,0.013392881197752827,0.2389371589612189,0.2914362885548573,1
386,2500,seqmar,0.2558505160746848,full,0.2600395946263344,0.009181264179399835,0.24204464750216304,0.2780345417505058,1
386,2500,seqmar,0.2558505160746848,cc,0.2246331679570798,0.014197729976406358,0.19680612854109863,0.25246020737306096,0
386,2500,seqmar,0.2558505160746848,cc_ccproj,0.22608300825035868,0.014059314414480101,0.19852725835065285,0.25363875815006454,0
386,2500,seqmar,0.2558505160746848,seq,0.25500619719808876,0.014951444882035498,0.22570190371246346,0.28431049068371406,1
387,2500,seqmar,0.2558505160746848,full,0.26061212688392255,0.010226810730028315,0.24056794617635927,0.2806563075914858,1
387,2500,seqmar,0.2558505160746848,cc,0.2235492797393271,0.015277443690538935,0.1936060403300321,0.2534925191486221,0
387,2500,seqmar,0.2558505160746848,cc_ccproj,0.22269551282298308,0.015289038742096014,0.19272954753023733,0.25266147811572887,0
387,2500,seqmar,0.2558505160746848,seq,0.2637796140222193,0.014609390413890318,0.23514573497490954,0.292413493069529,1
388,2500,seqmar,0.2558505160746848,full,0.25488898006066724,0.011885465037315246,0.23159389664801935,0.27818406347331515,1
388,2500,seqmar,0.2558505160746848,cc,0.22843958361215774,0.015368582147885647,0.19831771610885665,0.25856145111545886,1
388,2500,seqmar,0.2558505160746848,cc_ccproj,0.2290655902715817,0.015321079085058637,0.19903682706057688,0.25909435348258647,1
388,2500,seqmar,0.2558505160746848,seq,0.2699506004765937,0.014721681091209143,0.24109663574593945,0.29880456520724796,1
389,2500,seqmar,0.2558505160746848,full,0.24794242698234056,0.010619474831951515,0.22712863877698605,0.2687562151876951,1
389,2500,seqmar,0.2558505160746848,cc,0.22408834371971484,0.01438254294206014,0.19589907754717623,0.25227760989225345,0
389,2500,seqmar,0.2558505160746848,cc_ccproj,0.22338929531438098,0.014411434665154137,0.19514340240512681,0.2516351882236351,0
389,2500,seqmar,0.2558505160746848,seq,0.2608795243947946,0.011706186627298632,0.2379358202089849,0.2838232285806043,1
390,2500,seqmar,0.2558505160746848,full,0.2505662409252569,0.009324562343451743,0.2322904345604931,0.26884204729002076,1
390,2500,seqmar,0.2558505160746848,cc,0.204796267997357,0.012023506811646186,0.18123062767865847,0.22836190831605555,0
390,2500,seqmar,0.2558505160746848,cc_ccproj,0.20389863483554543,0.011993493846232595,0.18039181884812677,0.2274054508229641,0
390,2500,seqmar,0.2558505160746848,seq,0.2478917136536228,0.010676895787341066,0.2269653824437469,0.2688180448634987,1
391,2500,seqmar,0.2558505160746848,full,0.2567937771673877,0.010527982346295322,0.2361593109387754,0.27742824339600003,1
391,2500,seqmar,0.2558505160746848,cc,0.2312063185094727,0.017377291268008344,0.19714745347531398,0.26526518354363143,1
391,2500,seqmar,0.2558505160746848,cc_ccproj,0.2293403335695383,0.01733445794018559,0.19536542031525017,0.26331524682382645,1
391,2500,seqmar,0.2558505160746848,seq,0.2579478544925116,0.012641772596062795,0.23317043550348313,0.28272527348154014,1
392,2500,seqmar,0.2558505160746848,full,0.25934448703521523,0.009409049942795027,0.24090308801859833,0.27778588605183213,1
392,2500,seqmar,0.2558505160746848,cc,0.23765453322141047,0.016746747575960043,0.20483151111434533,0.2704775553284756,1
392,2500,seqmar,0.2558505160746848,cc_ccproj,0.23515838132949665,0.01675795745589189,0.2023133882614941,0.2680033743974992,1
392,2500,seqmar,0.2558505160746848,seq,0.2604396402893857,0.01259368556936306,0.2357564701408123,0.2851228104379591,1
393,2500,seqmar,0.2558505160746848,full,0.2545462291283052,0.010564526924862705,0.23384013684187063,0.2752523214147398,1
393,2500,seqmar,0.2558505160746848,cc,0.235305792716233,0.019862030834454317,0.1963769276208785,0.2742346578115875,1
393,2500,seqmar,0.2558505160746848,cc_ccproj,0.23476250907121543,0.019904517671910354,0.19575037130463008,0.2737746468378008,1
393,2500,seqmar,0.2558505160746848,seq,0.26549923184162116,0.015458561643160125,0.235201007768235,0.29579745591500733,1
394,2500,seqmar,0.2558505160746848,full,0.24817986447111576,0.008639804631015229,0.23124615856086353,0.26511357038136796,1
394,2500,seqmar,0.2558505160746848,cc,0.21602575463553275,0.014562888988952584,0.18748301670633077,0.24456849256473473,0
394,2500,seqmar,0.2558505160746848,cc_ccproj,0.2156095984383256,0.014525682449998516,0.187139783985463,0.24407941289118823,0
394,2500,seqmar,0.2558505160746848,seq,0.2533565506081898,0.01380110107889474,0.22630688954655923,0.2804062116698204,1
395,2500,seqmar,0.2558505160746848,full,0.2565391982307816,0.009731495497956521,0.23746581753907312,0.27561257892249,1
395,2500,seqmar,0.2558505160746848,cc,0.22504202352869979,0.015873841267367093,0.19392986634835463,0.25615418070904494,1
395,2500,seqmar,0.2558505160746848,cc_ccproj,0.22328128633075361,0.015694965949757177,0.19251971833064707,0.25404285433086016,0
395,2500,seqmar,0.2558505160746848,seq,0.25359913583012594,0.012633218872080871,0.2288384818320357,0.2783597898282162,1
396,2500,seqmar,0.2558505160746848,full,0.26815100109638623,0.009939660013549612,0.2486696254512561,0.28763237674151637,1
396,2500,seqmar,0.2558505160746848,cc,0.24204260143917422,0.019462602192013553,0.20389660209739735,0.2801886007809511,1
396,2500,seqmar,0.2558505160746848,cc_ccproj,0.24007769296101913,0.019362994762063258,0.20212692059453743,0.2780284653275008,1
396,2500,seqmar,0.2558505160746848,seq,0.2810803392596418,0.014592182059283034,0.2524801879675955,0.3096804905516881,1
397,2500,seqmar,0.2558505160746848,full,0.2356845500625336,0.010712830349733663,0.214687788404568,0.25668131172049924,1
397,2500,seqmar,0.2558505160746848,cc,0.19877727511108081,0.019063098730396185,0.16141428816577308,0.23614026205638855,0
397,2500,seqmar,0.2558505160746848,cc_ccproj,0.19992602745047344,0.018817790850893898,0.16304383511411408,0.2368082197868328,0
397,2500,seqmar,0.2558505160746848,seq,0.22224750735172102,0.015501631074857856,0.1918648687433727,0.25263014596006933,0
398,2500,seqmar,0.2558505160746848,full,0.23863871770784761,0.009531712212176085,0.21995690506098187,0.25732053035471336,1
398,2500,seqmar,0.2558505160746848,cc,0.20181312723239014,0.016648633516223622,0.1691824051487854,0.23444384931599488,0
398,2500,seqmar,0.2558505160746848,cc_ccproj,0.20098501243847086,0.016683118985571593,0.16828670007695412,0.2336833247999876,0
398,2500,seqmar,0.2558505160746848,seq,0.21799471296537204,0.01858956008957344,0.1815598447013649,0.25442958122937914,0
399,2500,seqmar,0.2558505160746848,full,0.27542297003503474,0.010833154238210553,0.2541903778891746,0.2966555621808949,1
399,2500,seqmar,0.2558505160746848,cc,0.2428598351929676,0.02252080151252319,0.198719875325447,0.2869997950604882,1
399,2500,seqmar,0.2558505160746848,cc_ccproj,0.24459836392395437,0.022395702655448838,0.2007035933108066,0.2884931345371021,1
399,2500,seqmar,0.2558505160746848,seq,0.2651119257950386,0.01870140447950608,0.22845784655489065,0.3017660050351866,1
400,2500,seqmar,0.2558505160746848,full,0.2686067291407835,0.009492335730941414,0.25000209297897563,0.28721136530259134,1
400,2500,seqmar,0.2558505160746848,cc,0.21630536196214015,0.013181965093412372,0.19046918513358774,0.24214153879069256,0
400,2500,seqmar,0.2558505160746848,cc_ccproj,0.2176300405129381,0.013193021849096995,0.19177219284145797,0.24348788818441824,0
400,2500,seqmar,0.2558505160746848,seq,0.25092342262410067,0.015354286556759793,0.22082957396454395,0.2810172712836574,1
401,2500,seqmar,0.2558505160746848,full,0.26218709671386226,0.010239730633533298,0.2421175934607455,0.28225659996697905,1
401,2500,seqmar,0.2558505160746848,cc,0.25390165971602663,0.02309991406974748,0.2086266600933515,0.29917665933870174,1
401,2500,seqmar,0.2558505160746848,cc_ccproj,0.2540118885270733,0.023123802220012,0.2086900689902224,0.2993337080639242,1
401,2500,seqmar,0.2558505160746848,seq,0.27441747124219273,0.015797794366608216,0.24345436324847086,0.3053805792359146,1
402,2500,seqmar,0.2558505160746848,full,0.2568394163456146,0.008457261711157881,0.24026348798391556,0.2734153447073136,1
402,2500,seqmar,0.2558505160746848,cc,0.22180716846697018,0.012876155737009266,0.19657036696310323,0.24704396997083714,0
402,2500,seqmar,0.2558505160746848,cc_ccproj,0.2234671633797847,0.012972076968762118,0.19804235971632944,0.24889196704323996,0
402,2500,seqmar,0.2558505160746848,seq,0.24343536339048938,0.015320720679599558,0.21340730264127622,0.27346342413970254,1
403,2500,seqmar,0.2558505160746848,full,0.24058579840213787,0.009175572801095887,0.22260200617446463,0.2585695906298111,1
403,2500,seqmar,0.2558505160746848,cc,0.19209187213147838,0.011672355960783132,0.16921447483361202,0.21496926942934474,0
403,2500,seqmar,0.2558505160746848,cc_ccproj,0.1892412221600279,0.011595037675056773,0.16651536591753158,0.2119670784025242,0
403,2500,seqmar,0.2558505160746848,seq,0.24149794492145057,0.012358095566218278,0.21727652269415862,0.2657193671487425,1
404,2500,seqmar,0.2558505160746848,full,0.261779747630457,0.010454309766917289,0.2412896770040738,0.2822698182568402,1
404,2500,seqmar,0.2558505160746848,cc,0.23619651855868587,0.01737611667579665,0.2021399556829586,0.2702530814344131,1
404,2500,seqmar,0.2558505160746848,cc_ccproj,0.23561563014441994,0.017301016572918482,0.20170626076556913,0.26952499952327075,1
404,2500,seqmar,0.2558505160746848,seq,0.2628310801932284,0.014883801904397255,0.23365936450758107,0.2920027958788757,1
405,2500,seqmar,0.2558505160746848,full,0.25654222819380756,0.008938728439286866,0.2390226423852214,0.27406181400239377,1
405,2500,seqmar,0.2558505160746848,cc,0.22347259019732202,0.01324834224929334,0.1975063165338467,0.24943886386079733,0
405,2500,seqmar,0.2558505160746848,cc_ccproj,0.22373162387194515,0.013399522965378363,0.19746904144978622,0.24999420629410407,0
405,2500,seqmar,0.2558505160746848,seq,0.2450487477956462,0.011957697160046464,0.22161209202391824,0.26848540356737416,1
406,2500,seqmar,0.2558505160746848,full,0.27521849486582595,0.008379466472651403,0.2587950423697683,0.2916419473618836,0
406,2500,seqmar,0.2558505160746848,cc,0.24421003074057945,0.013728470750100606,0.21730272250757068,0.27111733897358825,1
406,2500,seqmar,0.2558505160746848,cc_ccproj,0.24481877280163536,0.013799863165845137,0.217771538004998,0.27186600759827273,1
406,2500,seqmar,0.2558505160746848,seq,0.30107383283389116,0.018898577115320492,0.2640333023288101,0.3381143633389722,0
407,2500,seqmar,0.2558505160746848,full,0.25354661877937384,0.010855354624066251,0.23227051467679366,0.27482272288195403,1
407,2500,seqmar,0.2558505160746848,cc,0.20053092332354394,0.013066178098896552,0.17492168483412066,0.22614016181296723,0
407,2500,seqmar,0.2558505160746848,cc_ccproj,0.19877585760634384,0.012999440182345928,0.17329742302976303,0.22425429218292464,0
407,2500,seqmar,0.2558505160746848,seq,0.23073603355376318,0.011415952925500563,0.2083611769705774,0.25311089013694893,0
408,2500,seqmar,0.2558505160746848,full,0.25427894931783984,0.008977997479148559,0.23668239760541726,0.2718755010302624,1
408,2500,seqmar,0.2558505160746848,cc,0.22465430946838777,0.0168458765643495,0.1916369981142554,0.25767162082252015,1
408,2500,seqmar,0.2558505160746848,cc_ccproj,0.2254909937515421,0.016697181376692023,0.19276511960989282,0.25821686789319137,1
408,2500,seqmar,0.2558505160746848,seq,0.26154790338657546,0.012673655172513391,0.23670799569596945,0.2863878110771815,1
409,2500,seqmar,0.2558505160746848,full,0.25423059706066714,0.01013155604001785,0.2343731121148829,0.2740880820064514,1
409,2500,seqmar,0.2558505160746848,cc,0.24799952926292676,0.017167660521613094,0.21435153294175496,0.28164752558409856,1
409,2500,seqmar,0.2558505160746848,cc_ccproj,0.24654544505047607,0.017317117705206362,0.21260451803223068,0.28048637206872146,1
409,2500,seqmar,0.2558505160746848,seq,0.27713478335772473,0.020609529304714443,0.23674084818216162,0.31752871853328785,1
410,2500,seqmar,0.2558505160746848,full,0.2502964071426978,0.010017450604050238,0.23066256474185032,0.2699302495435453,1
410,2500,seqmar,0.2558505160746848,cc,0.23193459104251424,0.015656443676831135,0.20124852530994536,0.2626206567750831,1
410,2500,seqmar,0.2558505160746848,cc_ccproj,0.22991598371075225,0.015759524321561573,0.19902788362700854,0.260804083794496,1
410,2500,seqmar,0.2558505160746848,seq,0.25636268602095136,0.012068761297032169,0.2327083485407574,0.2800170235011453,1
411,2500,seqmar,0.2558505160746848,full,0.263111586620293,0.01050417862527931,0.2425237748275701,0.2836993984130159,1
411,2500,seqmar,0.2558505160746848,cc,0.2298876315111545,0.0151875957068214,0.2001204909140294,0.2596547721082796,1
411,2500,seqmar,0.2558505160746848,cc_ccproj,0.2330707736580128,0.015225965139834366,0.20322843035407506,0.2629131169619505,1
411,2500,seqmar,0.2558505160746848,seq,0.2662122234305391,0.01355675809397813,0.23964146581922008,0.29278298104185807,1
412,2500,seqmar,0.2558505160746848,full,0.26127782022262225,0.009639438426615627,0.24238486807526416,0.28017077236998034,1
412,2500,seqmar,0.2558505160746848,cc,0.23914604654836202,0.01769014137160112,0.20447400657860182,0.27381808651812223,1
412,2500,seqmar,0.2558505160746848,cc_ccproj,0.2361219983326846,0.017723931533824056,0.2013837308619357,0.27086026580343353,1
412,2500,seqmar,0.2558505160746848,seq,0.26049216728438906,0.013131899385382237,0.2347541174404362,0.2862302171283419,1
413,2500,seqmar,0.2558505160746848,full,0.2658072528026158,0.01108505772937024,0.24408093888650279,0.2875335667187288,1
413,2500,seqmar,0.2558505160746848,cc,0.22365591013429326,0.025130776124766222,0.17440049402621238,0.27291132624237413,1
413,2500,seqmar,0.2558505160746848,cc_ccproj,0.22440434629747297,0.02469866922579568,0.17599584414884567,0.27281284844610026,1
413,2500,seqmar,0.2558505160746848,seq,0.2576106408777037,0.018732508627126585,0.22089559862844974,0.29432568312695767,1
414,2500,seqmar,0.2558505160746848,full,0.26526186629446946,0.00876274191600954,0.24808720773327125,0.28243652485566767,1
414,2500,seqmar,0.2558505160746848,cc,0.2361053552163109,0.01396416866893312,0.20873608755115935,0.26347462288146245,1
414,2500,seqmar,0.2558505160746848,cc_ccproj,0.2364831111555923,0.013953484210014709,0.20913478464511515,0.2638314376660695,1
414,2500,seqmar,0.2558505160746848,seq,0.27000684184186735,0.014044862918201933,0.24247941635438944,0.29753426732934524,1
415,2500,seqmar,0.2558505160746848,full,0.25848259184098193,0.011421152059636059,0.2360975451421398,0.28086763853982405,1
415,2500,seqmar,0.2558505160746848,cc,0.22244799482260297,0.01563688221856034,0.19180026884372992,0.253095720801476,0
415,2500,seqmar,0.2558505160746848,cc_ccproj,0.22504659924463805,0.01565523833846599,0.19436289593185402,0.2557303025574221,0
415,2500,seqmar,0.2558505160746848,seq,0.25793993534200244,0.013040088024580627,0.23238183245859234,0.28349803822541253,1
416,2500,seqmar,0.2558505160746848,full,0.26099292912733363,0.009754743104890993,0.24187398396330687,0.2801118742913604,1
416,2500,seqmar,0.2558505160746848,cc,0.25005121239940575,0.020838732372633895,0.20920804746557442,0.2908943773332371,1
416,2500,seqmar,0.2558505160746848,cc_ccproj,0.25265956340585743,0.020921229956535576,0.21165470617876722,0.2936644206329476,1
416,2500,seqmar,0.2558505160746848,seq,0.2630735310849711,0.014915704261682943,0.23383928792802194,0.2923077742419203,1
417,2500,seqmar,0.2558505160746848,full,0.2549784760678056,0.010046114100379535,0.2352884542464817,0.2746684978891295,1
417,2500,seqmar,0.2558505160746848,cc,0.23116093626999146,0.014634302221757727,0.20247823097647183,0.2598436415635111,1
417,2500,seqmar,0.2558505160746848,cc_ccproj,0.23149793482781048,0.014815692336786764,0.20245971144168234,0.2605361582139386,1
417,2500,seqmar,0.2558505160746848,seq,0.26941278723578616,0.013469931796582775,0.24301220604027302,0.2958133684312993,1
418,2500,seqmar,0.2558505160746848,full,0.24198263124415698,0.011885157512233391,0.21868815056959387,0.2652771119187201,1
418,2500,seqmar,0.2558505160746848,cc,0.18820847527960813,0.016644410123455605,0.15558603089372128,0.22083091966549498,0
418,2500,seqmar,0.2558505160746848,cc_ccproj,0.18392599206104837,0.016564168667733338,0.15146081803844422,0.21639116608365253,0
418,2500,seqmar,0.2558505160746848,seq,0.22790213608437138,0.01269800568331567,0.20301450226958775,0.252789769899155,0
419,2500,seqmar,0.2558505160746848,full,0.2575453216873604,0.009438229699710391,0.23904673139811172,0.27604391197660905,1
419,2500,seqmar,0.2558505160746848,cc,0.21244657938488826,0.018425789988759034,0.17633269462022186,0.24856046414955466,0
419,2500,seqmar,0.2558505160746848,cc_ccproj,0.21346586152164737,0.018045025268101852,0.1780982618960525,0.24883346114724225,0
419,2500,seqmar,0.2558505160746848,seq,0.2472784652599707,0.014684035749443738,0.21849828404336233,0.276058646476579,1
420,2500,seqmar,0.2558505160746848,full,0.2591666215699653,0.009057305471358834,0.2414146290491244,0.2769186140908062,1
420,2500,seqmar,0.2558505160746848,cc,0.2077434242401519,0.011802071290958045,0.1846117895669,0.23087505891340382,0
420,2500,seqmar,0.2558505160746848,cc_ccproj,0.20758632375243832,0.011700100428820142,0.1846545482964492,0.23051809920842745,0
420,2500,seqmar,0.2558505160746848,seq,0.2537897697117288,0.010844613526075481,0.2325347177743649,0.27504482164909266,1
421,2500,seqmar,0.2558505160746848,full,0.25530893234189733,0.009422117438041482,0.23684192150522923,0.27377594317856546,1
421,2500,seqmar,0.2558505160746848,cc,0.2240675452113187,0.014626546090373022,0.19540004165597244,0.25273504876666497,0
421,2500,seqmar,0.2558505160746848,cc_ccproj,0.2255149522285564,0.014586561860501184,0.1969258163237085,0.2541040881334043,0
421,2500,seqmar,0.2558505160746848,seq,0.2485046435989334,0.01170090746759344,0.22557128637601448,0.2714380008218523,1
422,2500,seqmar,0.2558505160746848,full,0.24619455028889983,0.0103441309942334,0.22592042608883786,0.2664686744889618,1
422,2500,seqmar,0.2558505160746848,cc,0.20538562829295592,0.016505499789731478,0.1730354431582488,0.23773581342766306,0
422,2500,seqmar,0.2558505160746848,cc_ccproj,0.20336126197617896,0.0159105456455619,0.17217716553649703,0.23454535841586088,0
422,2500,seqmar,0.2558505160746848,seq,0.24512661271220704,0.012368781765762654,0.2208842459186765,0.26936897950573757,1
423,2500,seqmar,0.2558505160746848,full,0.2591870008489679,0.009223742181023654,0.2411087983714786,0.2772652033264572,1
423,2500,seqmar,0.2558505160746848,cc,0.23607133089478102,0.010818038791147637,0.21486836448077443,0.2572742973087876,1
423,2500,seqmar,0.2558505160746848,cc_ccproj,0.23733610807396244,0.010730751619666632,0.21630422137237099,0.2583679947755539,1
423,2500,seqmar,0.2558505160746848,seq,0.263692882869357,0.01068690640378723,0.24274693121178356,0.28463883452693045,1
424,2500,seqmar,0.2558505160746848,full,0.24885924786795668,0.009545449537917505,0.23015051055739388,0.2675679851785195,1
424,2500,seqmar,0.2558505160746848,cc,0.23298513373189395,0.014580060667971746,0.20440873993026032,0.26156152753352757,1
424,2500,seqmar,0.2558505160746848,cc_ccproj,0.22910085285634121,0.014652544318242982,0.20038239371070796,0.25781931200197444,1
424,2500,seqmar,0.2558505160746848,seq,0.26398691433338106,0.013040945624168812,0.23842713058566498,0.2895466980810971,1
425,2500,seqmar,0.2558505160746848,full,0.24237067631923884,0.009490787595844381,0.22376907444646438,0.2609722781920133,1
425,2500,seqmar,0.2558505160746848,cc,0.20823489186274363,0.015558231769945917,0.17774131793052278,0.23872846579496448,0
425,2500,seqmar,0.2558505160746848,cc_ccproj,0.206303199166191,0.015298061773132698,0.17631954905758196,0.23628684927480004,0
425,2500,seqmar,0.2558505160746848,seq,0.23574255041957284,0.017960697314052792,0.2005402305468041,0.2709448702923416,1
426,2500,seqmar,0.2558505160746848,full,0.2522606497265053,0.009003144187847707,0.23461481137070267,0.26990648808230794,1
426,2500,seqmar,0.2558505160746848,cc,0.21090193196713097,0.010943000019289202,0.189454046046503,0.23234981788775894,0
426,2500,seqmar,0.2558505160746848,cc_ccproj,0.2101892232947841,0.011013519456562622,0.1886031218168902,0.23177532477267798,0
426,2500,seqmar,0.2558505160746848,seq,0.247143967455637,0.012551722518546688,0.2225430433753451,0.2717448915359289,1
427,2500,seqmar,0.2558505160746848,full,0.24948708435047742,0.01024300989743224,0.22941115385822292,0.26956301484273193,1
427,2500,seqmar,0.2558505160746848,cc,0.22505578920765937,0.0126936006184895,0.2001767891612846,0.24993478925403415,0
427,2500,seqmar,0.2558505160746848,cc_ccproj,0.22332802367111446,0.012800917188291882,0.19823868701298264,0.24841736032924627,0
427,2500,seqmar,0.2558505160746848,seq,0.25529058107312896,0.011512895345229342,0.23272572083870063,0.2778554413075573,1
428,2500,seqmar,0.2558505160746848,full,0.2614608449651814,0.01129136701608305,0.23933017227743514,0.28359151765292767,1
428,2500,seqmar,0.2558505160746848,cc,0.22927342348058438,0.019658098407383414,0.1907442585975687,0.26780258836360005,1
428,2500,seqmar,0.2558505160746848,cc_ccproj,0.22630160482925135,0.019698112496819704,0.18769401377206638,0.26490919588643635,1
428,2500,seqmar,0.2558505160746848,seq,0.2431613953308023,0.015400615172676421,0.2129767442525954,0.27334604640900917,1
429,2500,seqmar,0.2558505160746848,full,0.24669148403053578,0.009417021917580613,0.22823446023045346,0.2651485078306181,1
429,2500,seqmar,0.2558505160746848,cc,0.20168881877512462,0.015886381013274872,0.17055208414442494,0.2328255534058243,0
429,2500,seqmar,0.2558505160746848,cc_ccproj,0.20528625850387636,0.015603544633326557,0.17470387299139306,0.23586864401635965,0
429,2500,seqmar,0.2558505160746848,seq,0.2518271603975472,0.013643709457855235,0.22508598124462245,0.278568339550472,1
430,2500,seqmar,0.2558505160746848,full,0.2505012834288494,0.010443271003126399,0.2300328483819302,0.2709697184757687,1
430,2500,seqmar,0.2558505160746848,cc,0.21235615983340367,0.011425675233820739,0.18996224787606375,0.2347500717907436,0
430,2500,seqmar,0.2558505160746848,cc_ccproj,0.21202620254416416,0.011465538193048401,0.18955416062242084,0.23449824446590747,0
430,2500,seqmar,0.2558505160746848,seq,0.2563126879187303,0.012891301395414724,0.23104620146986649,0.2815791743675941,1
431,2500,seqmar,0.2558505160746848,full,0.26508106210349625,0.01018704713013993,0.24511481661960988,0.2850473075873826,1
431,2500,seqmar,0.2558505160746848,cc,0.2320361004199769,0.019308440113344535,0.19419225320017314,0.2698799476397807,1
431,2500,seqmar,0.2558505160746848,cc_ccproj,0.23638857714153969,0.01917942955177337,0.1987975859760407,0.2739795683070387,1
431,2500,seqmar,0.2558505160746848,seq,0.25089958740235635,0.015013378233109134,0.22147390677918485,0.2803252680255278,1
432,2500,seqmar,0.2558505160746848,full,0.24302562763221872,0.009825280413948603,0.22376843188287265,0.2622828233815648,1
432,2500,seqmar,0.2558505160746848,cc,0.1919784461440158,0.017867737531301834,0.1569583240974496,0.226998568190582,0
432,2500,seqmar,0.2558505160746848,cc_ccproj,0.1912042583359067,0.017397192848784958,0.1571063869201904,0.225302129751623,0
432,2500,seqmar,0.2558505160746848,seq,0.24536022479713812,0.015616647724966366,0.21475215769695466,0.2759682918973216,1
433,2500,seqmar,0.2558505160746848,full,0.2548274117302893,0.010048572155440893,0.2351325722095731,0.27452225125100543,1
433,2500,seqmar,0.2558505160746848,cc,0.2375572402644784,0.019014493205201446,0.20028951839800196,0.2748249621309548,1
433,2500,seqmar,0.2558505160746848,cc_ccproj,0.23853722473713224,0.01902554280022538,0.20124784606236518,0.2758266034118993,1
433,2500,seqmar,0.2558505160746848,seq,0.26460026590796915,0.018804568973685886,0.2277439879747455,0.3014565438411928,1
434,2500,seqmar,0.2558505160746848,full,0.2659061669802517,0.009564360084547665,0.24716036567936583,0.2846519682811376,1
434,2500,seqmar,0.2558505160746848,cc,0.24708027984116537,0.01783408442381589,0.21212611667323947,0.2820344430090913,1
434,2500,seqmar,0.2558505160746848,cc_ccproj,0.24667800012040603,0.01791459700018411,0.2115660352024959,0.28178996503831616,1
434,2500,seqmar,0.2558505160746848,seq,0.2790128767305326,0.015129885743136734,0.24935884558377858,0.3086669078772866,1
435,2500,seqmar,0.2558505160746848,full,0.2509986482780662,0.010030792131860353,0.23133865696321218,0.27065863959292025,1
435,2500,seqmar,0.2558505160746848,cc,0.21011569936986457,0.014675851565127882,0.18135155885975815,0.238879839879971,0
435,2500,seqmar,0.2558505160746848,cc_ccproj,0.21038099186499767,0.014858960017073073,0.18125796538381378,0.23950401834618157,0
435,2500,seqmar,0.2558505160746848,seq,0.25135464382261263,0.019281545244678004,0.2135635095767642,0.2891457780684611,1
436,2500,seqmar,0.2558505160746848,full,0.2740625447784092,0.011307028325839923,0.2519011764875887,0.2962239130692297,1
436,2500,seqmar,0.2558505160746848,cc,0.28017139324647244,0.02964157223821911,0.22207497921442068,0.33826780727852424,1
436,2500,seqmar,0.2558505160746848,cc_ccproj,0.27811083801698455,0.02970009931477686,0.21989971302275918,0.3363219630112099,1
436,2500,seqmar,0.2558505160746848,seq,0.29236739214367546,0.018703263781569078,0.25570966873844764,0.3290251155489033,1
437,2500,seqmar,0.2558505160746848,full,0.2602308060265696,0.008750349674291608,0.24308043581282626,0.27738117624031294,1
437,2500,seqmar,0.2558505160746848,cc,0.21675934106218475,0.012906602408659509,0.1914628651784342,0.2420558169459353,0
437,2500,seqmar,0.2558505160746848,cc_ccproj,0.21863762889783134,0.012818129192893936,0.19351455733057776,0.2437607004650849,0
437,2500,seqmar,0.2558505160746848,seq,0.26864045549563503,0.013694698246032129,0.2417993401542682,0.29548157083700183,1
438,2500,seqmar,0.2558505160746848,full,0.27097717071003496,0.013036591263603712,0.24542592135220218,0.2965284200678677,1
438,2500,seqmar,0.2558505160746848,cc,0.2300087622699351,0.0153509335642233,0.19992148535499035,0.2600960391848799,1
438,2500,seqmar,0.2558505160746848,cc_ccproj,0.2283694376465979,0.01515854574869155,0.1986592339211597,0.2580796413720361,1
438,2500,seqmar,0.2558505160746848,seq,0.2667317493197865,0.013550725273726614,0.24017281581888567,0.2932906828206873,1
439,2500,seqmar,0.2558505160746848,full,0.2621951082090677,0.009158742272814924,0.24424430321066595,0.2801459132074695,1
439,2500,seqmar,0.2558505160746848,cc,0.2452623570853828,0.012934614180291666,0.21991097913809005,0.27061373503267555,1
439,2500,seqmar,0.2558505160746848,cc_ccproj,0.24762127160069816,0.012993209602706732,0.222155048735813,0.27308749446558334,1
439,2500,seqmar,0.2558505160746848,seq,0.29151928422760803,0.015317459861693049,0.2614976145640518,0.32154095389116427,0
440,2500,seqmar,0.2558505160746848,full,0.2479051644760147,0.011347293423869984,0.22566487804322136,0.2701454509088081,1
440,2500,seqmar,0.2558505160746848,cc,0.2184142340205082,0.019695383595141832,0.17981199151232918,0.2570164765286872,1
440,2500,seqmar,0.2558505160746848,cc_ccproj,0.21632629327473396,0.01954483595885305,0.1780191187116386,0.2546334678378293,0
440,2500,seqmar,0.2558505160746848,seq,0.2229830389696601,0.023328767311153995,0.17725949523608295,0.2687065827032372,1
441,2500,seqmar,0.2558505160746848,full,0.2544759528777238,0.010321891066934779,0.23424541813418592,0.27470648762126165,1
441,2500,seqmar,0.2558505160746848,cc,0.20018445416860584,0.01896586758644543,0.1630120367636172,0.23735687157359447,0
441,2500,seqmar,0.2558505160746848,cc_ccproj,0.20420366318068423,0.01864427900483725,0.16766154781348694,0.2407457785478815,0
441,2500,seqmar,0.2558505160746848,seq,0.2399010295214161,0.016981171754208223,0.20661854446787914,0.27318351457495305,1
442,2500,seqmar,0.2558505160746848,full,0.24329044576312212,0.009579879847473294,0.22451422628585338,0.26206666524039085,1
442,2500,seqmar,0.2558505160746848,cc,0.18741681536705218,0.016863417996354144,0.15436512343795344,0.22046850729615092,0
442,2500,seqmar,0.2558505160746848,cc_ccproj,0.18970164478674048,0.016587533585872803,0.15719067636608125,0.2222126132073997,0
442,2500,seqmar,0.2558505160746848,seq,0.2281800684809676,0.01406909720284864,0.20060514466839108,0.25575499229354415,0
443,2500,seqmar,0.2558505160746848,full,0.23568603151774642,0.01055444734781923,0.21499969483929643,0.2563723681961964,1
443,2500,seqmar,0.2558505160746848,cc,0.20382244486097809,0.022733892729360508,0.1592648338830345,0.24838005583892167,0
443,2500,seqmar,0.2558505160746848,cc_ccproj,0.20336827325972504,0.022810282995159355,0.15866094011204626,0.2480756064074038,0
443,2500,seqmar,0.2558505160746848,seq,0.23086005628336406,0.018394366851525987,0.1948077597359557,0.2669123528307724,1
444,2500,seqmar,0.2558505160746848,full,0.26493119739125076,0.011241684368557974,0.24289790090331023,0.2869644938791913,1
444,2500,seqmar,0.2558505160746848,cc,0.24592515823561922,0.026893450087414828,0.19321496464426058,0.29863535182697787,1
444,2500,seqmar,0.2558505160746848,cc_ccproj,0.24578379946549267,0.02686883059886642,0.1931218591850067,0.29844573974597866,1
444,2500,seqmar,0.2558505160746848,seq,0.2592049391030549,0.017215824751514012,0.22546254262593424,0.2929473355801756,1
445,2500,seqmar,0.2558505160746848,full,0.25512719775310777,0.011047811853570257,0.23347388441213537,0.2767805110940802,1
445,2500,seqmar,0.2558505160746848,cc,0.23751833532555944,0.022182238652721283,0.19404194646975342,0.28099472418136545,1
445,2500,seqmar,0.2558505160746848,cc_ccproj,0.23328731503380049,0.0222229251017623,0.18973118220321528,0.2768434478643857,1
445,2500,seqmar,0.2558505160746848,seq,0.24919457271536044,0.01848290298875762,0.21296874852764777,0.2854203969030731,1
446,2500,seqmar,0.2558505160746848,full,0.2480973299827886,0.010645970161669486,0.22723161188542834,0.26896304808014887,1
446,2500,seqmar,0.2558505160746848,cc,0.20645930483804528,0.02344370721762592,0.16051048302739676,0.25240812664869383,0
446,2500,seqmar,0.2558505160746848,cc_ccproj,0.20724458938643578,0.023232540067918802,0.1617096475839312,0.25277953118894037,0
446,2500,seqmar,0.2558505160746848,seq,0.2522217067483773,0.019149668797532687,0.2146890455893428,0.2897543679074118,1
447,2500,seqmar,0.2558505160746848,full,0.23446875980171752,0.009260075530381807,0.21631934526804855,0.2526181743353865,0
447,2500,seqmar,0.2558505160746848,cc,0.19573734502910983,0.012071464938533122,0.1720777085089469,0.21939698154927276,0
447,2500,seqmar,0.2558505160746848,cc_ccproj,0.1953230500425379,0.012090886866992747,0.17162534724208378,0.219020752842992,0
447,2500,seqmar,0.2558505160746848,seq,0.2192397722165133,0.013421448359948764,0.19293421681064954,0.24554532762237707,0
448,2500,seqmar,0.2558505160746848,full,0.2682666020871969,0.008955363338003019,0.25071441247624054,0.2858187916981532,1
448,2500,seqmar,0.2558505160746848,cc,0.24281441945849702,0.011114041455991092,0.22103129848206937,0.26459754043492467,1
448,2500,seqmar,0.2558505160746848,cc_ccproj,0.24165134123558196,0.011278059581390585,0.21954675064055953,0.26375593183060436,1
448,2500,seqmar,0.2558505160746848,seq,0.2667105370483423,0.009671071539145275,0.24775558513970722,0.2856654889569774,1
449,2500,seqmar,0.2558505160746848,full,0.2631923254118662,0.01315860998100528,0.2374019237624866,0.28898272706124584,1
449,2500,seqmar,0.2558505160746848,cc,0.2407708906479731,0.030160361429479678,0.18165766848548195,0.29988411281046423,1
449,2500,seqmar,0.2558505160746848,cc_ccproj,0.23887214288399608,0.030034593835850103,0.18000542067544117,0.297738865092551,1
449,2500,seqmar,0.2558505160746848,seq,0.2681192776649448,0.01886342614917122,0.23114764178753813,0.30509091354235146,1
450,2500,seqmar,0.2558505160746848,full,0.26471416499236666,0.008789365134054872,0.24748732588264705,0.2819410041020863,1
450,2500,seqmar,0.2558505160746848,cc,0.25276051085371715,0.014812448648846573,0.22372864497912887,0.2817923767283054,1
450,2500,seqmar,0.2558505160746848,cc_ccproj,0.25165623874296333,0.014663505928689848,0.22291629523564166,0.280396182250285,1
450,2500,seqmar,0.2558505160746848,seq,0.2753354019261141,0.015439531167071528,0.24507447690047024,0.305596326951758,1
451,2500,seqmar,0.2558505160746848,full,0.24897102964991646,0.015354670296235247,0.2188764288748084,0.2790656304250245,1
451,2500,seqmar,0.2558505160746848,cc,0.21051123062675592,0.0258470913089436,0.15985186255610823,0.2611705986974036,1
451,2500,seqmar,0.2558505160746848,cc_ccproj,0.21079242657282551,0.02529226830408149,0.16122049160950186,0.26036436153614917,1
451,2500,seqmar,0.2558505160746848,seq,0.25522598633092175,0.016888410157561422,0.22212531066596095,0.2883266619958825,1
452,2500,seqmar,0.2558505160746848,full,0.24701179391299583,0.0118353596878634,0.22381491518070634,0.2702086726452853,1
452,2500,seqmar,0.2558505160746848,cc,0.20234403368580822,0.017495429168564235,0.16805362262135076,0.23663444475026568,0
452,2500,seqmar,0.2558505160746848,cc_ccproj,0.20260950521661408,0.016963207667265973,0.16936222912649906,0.2358567813067291,0
452,2500,seqmar,0.2558505160746848,seq,0.2419249392495296,0.013015779762793434,0.2164144796837492,0.26743539881531003,1
453,2500,seqmar,0.2558505160746848,full,0.25216100730433916,0.010048669230331138,0.2324659775203343,0.271856037088344,1
453,2500,seqmar,0.2558505160746848,cc,0.21321933653470343,0.018701057550346546,0.17656593726321335,0.2498727358061935,0
453,2500,seqmar,0.2558505160746848,cc_ccproj,0.2163097483462263,0.018139113961782583,0.1807577382696648,0.2518617584227878,0
453,2500,seqmar,0.2558505160746848,seq,0.2511030471502546,0.013996271133840277,0.22367085981007007,0.27853523449043915,1
454,2500,seqmar,0.2558505160746848,full,0.24302895550137035,0.0116904628100482,0.22011606943107095,0.2659418415716697,1
454,2500,seqmar,0.2558505160746848,cc,0.22101253670961177,0.024151515908965436,0.17367643535599336,0.26834863806323017,1
454,2500,seqmar,0.2558505160746848,cc_ccproj,0.2212534620136782,0.023707908265085297,0.17478681566533155,0.26772010836202487,1
454,2500,seqmar,0.2558505160746848,seq,0.2543978474849032,0.015784828049201102,0.2234601530063114,0.285335541963495,1
455,2500,seqmar,0.2558505160746848,full,0.24389607260833845,0.009329214111461039,0.22561114894581197,0.26218099627086494,1
455,2500,seqmar,0.2558505160746848,cc,0.19850025044392586,0.013306394217515127,0.17242019701350417,0.22458030387434755,0
455,2500,seqmar,0.2558505160746848,cc_ccproj,0.19711564083878647,0.013254791970100217,0.17113672595481932,0.2230945557227536,0
455,2500,seqmar,0.2558505160746848,seq,0.22174296711923772,0.01733429023251258,0.18776838256594863,0.2557175516725268,0
456,2500,seqmar,0.2558505160746848,full,0.27103589719567417,0.009908200500401827,0.25161618106328487,0.29045561332806347,1
456,2500,seqmar,0.2558505160746848,cc,0.2270881013473508,0.011627416314628608,0.20429878413742528,0.24987741855727633,0
456,2500,seqmar,0.2558505160746848,cc_ccproj,0.22616933676193585,0.011568452715956317,0.2034955860818069,0.2488430874420648,0
456,2500,seqmar,0.2558505160746848,seq,0.2715317442752983,0.013245216874661453,0.2455715962335397,0.2974918923170569,1
457,2500,seqmar,0.2558505160746848,full,0.2452277085148442,0.009463083512774573,0.22668040564711128,0.26377501138257714,1
457,2500,seqmar,0.2558505160746848,cc,0.19232626465428734,0.01257785528019066,0.1676741213023567,0.21697840800621798,0
457,2500,seqmar,0.2558505160746848,cc_ccproj,0.19304049032148246,0.012349159338015494,0.1688365827796256,0.21724439786333932,0
457,2500,seqmar,0.2558505160746848,seq,0.22363283230192074,0.011939285364410902,0.20023226298652919,0.2470334016173123,0
458,2500,seqmar,0.2558505160746848,full,0.2621755538809048,0.009154012499993359,0.24423401906688835,0.28011708869492125,1
458,2500,seqmar,0.2558505160746848,cc,0.23369140711667405,0.015393916016944295,0.20351988614242894,0.26386292809091916,1
458,2500,seqmar,0.2558505160746848,cc_ccproj,0.23231679918528836,0.0152377176503054,0.20245142138409947,0.2621821769864772,1
458,2500,seqmar,0.2558505160746848,seq,0.2787877099586088,0.01674855355650529,0.2459611481947182,0.3116142717224994,1
459,2500,seqmar,0.2558505160746848,full,0.25554324446708393,0.010412088275330779,0.23513592644358383,0.27595056249058403,1
459,2500,seqmar,0.2558505160746848,cc,0.21564277723501973,0.013673869909126756,0.18884248468384532,0.24244306978619415,0
459,2500,seqmar,0.2558505160746848,cc_ccproj,0.21639945268312122,0.013650303273069929,0.18964534988985493,0.2431535554763875,0
459,2500,seqmar,0.2558505160746848,seq,0.25687018944602574,0.012280277561348703,0.2328012877056269,0.28093909118642457,1
460,2500,seqmar,0.2558505160746848,full,0.24219082795686744,0.01067034697263339,0.22127733218796,0.26310432372577486,1
460,2500,seqmar,0.2558505160746848,cc,0.1983687048587169,0.014789215862866235,0.16938237440791062,0.2273550353095232,0
460,2500,seqmar,0.2558505160746848,cc_ccproj,0.1961937451870989,0.014567071139587846,0.1676428103932739,0.2247446799809239,0
460,2500,seqmar,0.2558505160746848,seq,0.22364662442917538,0.017042831138613213,0.1902432892028957,0.257049959655455,1
461,2500,seqmar,0.2558505160746848,full,0.24644719692222483,0.008928657783316222,0.2289473492366418,0.2639470446078079,1
461,2500,seqmar,0.2558505160746848,cc,0.20612578957765035,0.013456606421112976,0.17975132563813848,0.23250025351716222,0
461,2500,seqmar,0.2558505160746848,cc_ccproj,0.20558069841518073,0.01328606254827731,0.17954049432421074,0.23162090250615072,0
461,2500,seqmar,0.2558505160746848,seq,0.23740754097368835,0.011135118378244227,0.2155831099887396,0.2592319719586371,1
462,2500,seqmar,0.2558505160746848,full,0.2637050350295397,0.010466246725999925,0.24319156839326958,0.2842185016658098,1
462,2500,seqmar,0.2558505160746848,cc,0.20576036659723654,0.010065736243743618,0.18603188608161955,0.22548884711285352,0
462,2500,seqmar,0.2558505160746848,cc_ccproj,0.20478733835117474,0.009966944314903607,0.18525248645804743,0.22432219024430206,0
462,2500,seqmar,0.2558505160746848,seq,0.24559493913303082,0.010265981099306749,0.22547398591242068,0.26571589235364096,1
463,2500,seqmar,0.2558505160746848,full,0.257771553007178,0.0117575334301176,0.23472721093712184,0.2808158950772342,1
463,2500,seqmar,0.2558505160746848,cc,0.2453761162410527,0.017941616981517593,0.210211193132866,0.2805410393492394,1
463,2500,seqmar,0.2558505160746848,cc_ccproj,0.247083058411114,0.017934551940293614,0.2119319825292756,0.2822341342929524,1
463,2500,seqmar,0.2558505160746848,seq,0.26327948250145944,0.01398778210934782,0.235863933343544,0.2906950316593749,1
464,2500,seqmar,0.2558505160746848,full,0.2554408042133839,0.00942471537893766,0.2369687015061253,0.27391290692064246,1
464,2500,seqmar,0.2558505160746848,cc,0.21780561826959038,0.014742469804713885,0.18891090840918193,0.24670032812999884,0
464,2500,seqmar,0.2558505160746848,cc_ccproj,0.2219358544625039,0.014442992254939098,0.19362810981383233,0.2502435991111755,0
464,2500,seqmar,0.2558505160746848,seq,0.2615670643799809,0.014959090550714593,0.23224778565910686,0.2908863431008549,1
465,2500,seqmar,0.2558505160746848,full,0.25701180596257267,0.009659749105621422,0.23807904561586168,0.27594456630928366,1
465,2500,seqmar,0.2558505160746848,cc,0.2089463838944632,0.016902455095362267,0.17581818065724764,0.2420745871316788,0
465,2500,seqmar,0.2558505160746848,cc_ccproj,0.20919949176592337,0.016791908629964186,0.17628795561950625,0.2421110279123405,0
465,2500,seqmar,0.2558505160746848,seq,0.24892567877556276,0.01596330739395774,0.21763817120926365,0.2802131863418619,1
466,2500,seqmar,0.2558505160746848,full,0.2557760058166404,0.009118757121441059,0.2379035702748478,0.273648441358433,1
466,2500,seqmar,0.2558505160746848,cc,0.20688529083962104,0.011096832504424755,0.1851358987884751,0.22863468289076697,0
466,2500,seqmar,0.2558505160746848,cc_ccproj,0.20838729231160588,0.011201047532822046,0.18643364255815345,0.2303409420650583,0
466,2500,seqmar,0.2558505160746848,seq,0.24761006917613,0.013263225097923239,0.2216146256653527,0.27360551268690725,1
467,2500,seqmar,0.2558505160746848,full,0.24939188678161991,0.008804968556104398,0.23213446552664765,0.2666493080365922,1
467,2500,seqmar,0.2558505160746848,cc,0.2256873962169886,0.01632527613054732,0.19369044296344445,0.25768434947053276,1
467,2500,seqmar,0.2558505160746848,cc_ccproj,0.22277164066531033,0.016226259039341953,0.1909687573443826,0.25457452398623803,0
467,2500,seqmar,0.2558505160746848,seq,0.24752453431177474,0.012298436308117357,0.22342004208170496,0.2716290265418445,1
468,2500,seqmar,0.2558505160746848,full,0.23072956524935626,0.010300439086708977,0.210541075614458,0.2509180548842545,0
468,2500,seqmar,0.2558505160746848,cc,0.20067419677922527,0.01326160548104154,0.17468192765920487,0.22666646589924566,0
468,2500,seqmar,0.2558505160746848,cc_ccproj,0.20307941564220255,0.013213986934892863,0.17718047715762972,0.2289783541267754,0
468,2500,seqmar,0.2558505160746848,seq,0.24811958531391007,0.013410562014720183,0.2218353667526176,0.2744038038752025,1
469,2500,seqmar,0.2558505160746848,full,0.2517688062917329,0.010791041913885328,0.2306187527848555,0.27291885979861036,1
469,2500,seqmar,0.2558505160746848,cc,0.23752613384675947,0.021823260490111237,0.19475332926090552,0.28029893843261344,1
469,2500,seqmar,0.2558505160746848,cc_ccproj,0.23988226079075703,0.02197725939775708,0.1968076238922587,0.28295689768925536,1
469,2500,seqmar,0.2558505160746848,seq,0.25191406660479154,0.01649847523039668,0.2195776493533879,0.2842504838561952,1
470,2500,seqmar,0.2558505160746848,full,0.2644920413334658,0.009678096878631701,0.24552332001245816,0.28346076265447345,1
470,2500,seqmar,0.2558505160746848,cc,0.24357365741861098,0.016057429121096884,0.21210167465695642,0.2750456401802655,1
470,2500,seqmar,0.2558505160746848,cc_ccproj,0.2408729609044168,0.016032070792565342,0.2094506795533922,0.2722952422554414,1
470,2500,seqmar,0.2558505160746848,seq,0.27806304648745456,0.014634852767124253,0.24937926214484468,0.30674683083006443,1
471,2500,seqmar,0.2558505160746848,full,0.24493095667998988,0.010131572059185006,0.22507344033721494,0.2647884730227648,1
471,2500,seqmar,0.2558505160746848,cc,0.1958827115193803,0.01816164649972264,0.16028653847997598,0.23147888455878463,0
471,2500,seqmar,0.2558505160746848,cc_ccproj,0.19579604178641913,0.017725815446189248,0.16105408191528442,0.23053800165755384,0
471,2500,seqmar,0.2558505160746848,seq,0.22468376575650864,0.015800339284416452,0.19371566981553903,0.2556518616974783,0
472,2500,seqmar,0.2558505160746848,full,0.24990295335571655,0.010149872673868545,0.23000956846726694,0.26979633824416616,1
472,2500,seqmar,0.2558505160746848,cc,0.19915772543099716,0.016374740096108124,0.1670638245864213,0.23125162627557302,0
472,2500,seqmar,0.2558505160746848,cc_ccproj,0.19749888391326637,0.016310770223890644,0.16553036171433239,0.22946740611220035,0
472,2500,seqmar,0.2558505160746848,seq,0.2399197729047953,0.012156606599168784,0.21609326179620253,0.26374628401338807,1
473,2500,seqmar,0.2558505160746848,full,0.2621053652518933,0.009761793460693209,0.242972601644416,0.2812381288593706,1
473,2500,seqmar,0.2558505160746848,cc,0.24285073876516317,0.01608744424476335,0.21131992744213082,0.2743815500881955,1
473,2500,seqmar,0.2558505160746848,cc_ccproj,0.2411208272862188,0.016173926141601697,0.2094205145600686,0.272821140012369,1
473,2500,seqmar,0.2558505160746848,seq,0.2663079578113603,0.012592550773241817,0.24162701182231433,0.29098890380040626,1
474,2500,seqmar,0.2558505160746848,full,0.25275805077852176,0.010815508413718916,0.23156004381314274,0.27395605774390075,1
474,2500,seqmar,0.2558505160746848,cc,0.19929194924393961,0.019396096694075392,0.16127629828289544,0.2373076002049838,0
474,2500,seqmar,0.2558505160746848,cc_ccproj,0.19868662746144572,0.019188552408081174,0.1610777558261473,0.23629549909674413,0
474,2500,seqmar,0.2558505160746848,seq,0.23568696497115052,0.015013787345986098,0.20626048250147455,0.2651134474408265,1
475,2500,seqmar,0.2558505160746848,full,0.2584015706410085,0.010942570816661067,0.23695452594207375,0.2798486153399432,1
475,2500,seqmar,0.2558505160746848,cc,0.2433379251497946,0.02243666614612124,0.19936286757024788,0.28731298272934136,1
475,2500,seqmar,0.2558505160746848,cc_ccproj,0.24236862521722125,0.022448010390136126,0.19837133332797352,0.28636591710646897,1
475,2500,seqmar,0.2558505160746848,seq,0.27771539939083184,0.01973541118385532,0.23903470425038642,0.31639609453127726,1
476,2500,seqmar,0.2558505160746848,full,0.26023417695896894,0.009628200883109594,0.24136324999215739,0.2791051039257805,1
476,2500,seqmar,0.2558505160746848,cc,0.21134412471747177,0.015255819809308317,0.18144326733659474,0.2412449820983488,0
476,2500,seqmar,0.2558505160746848,cc_ccproj,0.2109309941666038,0.015059863985375779,0.18141420314319542,0.24044778519001217,0
476,2500,seqmar,0.2558505160746848,seq,0.24186358047924592,0.0179762916050609,0.20663069635773684,0.277096464600755,1
477,2500,seqmar,0.2558505160746848,full,0.2606200747028068,0.008937534636639377,0.24310282870441433,0.27813732070119923,1
477,2500,seqmar,0.2558505160746848,cc,0.23917649086226697,0.01499391306316464,0.20978896127113963,0.2685640204533943,1
477,2500,seqmar,0.2558505160746848,cc_ccproj,0.2361670848499405,0.015013145780067617,0.20674185982635848,0.26559230987352256,1
477,2500,seqmar,0.2558505160746848,seq,0.25722751304052754,0.01196798159826207,0.23377070014029577,0.2806843259407593,1
478,2500,seqmar,0.2558505160746848,full,0.2448802620493314,0.008895946916048952,0.2274445264854953,0.2623159976131675,1
478,2500,seqmar,0.2558505160746848,cc,0.21348520271062293,0.013494762203773587,0.18703595481129434,0.23993445060995153,0
478,2500,seqmar,0.2558505160746848,cc_ccproj,0.21311705734852732,0.013384608647644552,0.18688370645198063,0.239350408245074,0
478,2500,seqmar,0.2558505160746848,seq,0.2458620678672086,0.01075550961205129,0.2247816563922137,0.2669424793422035,1
479,2500,seqmar,0.2558505160746848,full,0.2577351793406485,0.008860831527854905,0.24036826867297587,0.27510209000832114,1
479,2500,seqmar,0.2558505160746848,cc,0.20960896509717722,0.014101558952022577,0.1819704174253446,0.23724751276900985,0
479,2500,seqmar,0.2558505160746848,cc_ccproj,0.20970363227438907,0.01410851912289013,0.18205144291832978,0.23735582163044835,0
479,2500,seqmar,0.2558505160746848,seq,0.24730926266675707,0.020942007473209182,0.2062636822552984,0.28835484307821574,1
480,2500,seqmar,0.2558505160746848,full,0.2611905219427487,0.009443906543898616,0.2426808052433453,0.27970023864215215,1
480,2500,seqmar,0.2558505160746848,cc,0.21853590725227126,0.013187477347206343,0.19268892660480902,0.2443828878997335,0
480,2500,seqmar,0.2558505160746848,cc_ccproj,0.21667129233364468,0.013191220047670623,0.19081697612806753,0.24252560853922184,0
480,2500,seqmar,0.2558505160746848,seq,0.24823420299033505,0.015109057206775108,0.2186209950247005,0.2778474109559696,1
481,2500,seqmar,0.2558505160746848,full,0.2717530767029782,0.011431856696992863,0.24934704930044918,0.2941591041055073,1
481,2500,seqmar,0.2558505160746848,cc,0.2689685458558937,0.024923647688085464,0.2201190940238812,0.3178179976879062,1
481,2500,seqmar,0.2558505160746848,cc_ccproj,0.26779658496362463,0.024941272051220664,0.2189125900146167,0.31668057991263254,1
481,2500,seqmar,0.2558505160746848,seq,0.2824123365322267,0.018265040173276768,0.246613515616427,0.3182111574480264,1
482,2500,seqmar,0.2558505160746848,full,0.26345507669029405,0.009138800486019555,0.2455433568757986,0.2813667965047895,1
482,2500,seqmar,0.2558505160746848,cc,0.21412781201707867,0.010739095469677846,0.19307957166997283,0.2351760523641845,0
482,2500,seqmar,0.2558505160746848,cc_ccproj,0.21411361797969886,0.010679921414048207,0.19318135665044628,0.23504587930895143,0
482,2500,seqmar,0.2558505160746848,seq,0.25708605119233646,0.01019975081399287,0.23709490694562735,0.2770771954390456,1
483,2500,seqmar,0.2558505160746848,full,0.25661326410451374,0.010285109754811799,0.23645481940804103,0.27677170880098645,1
483,2500,seqmar,0.2558505160746848,cc,0.24412691388752633,0.0182875059829668,0.20828406079385064,0.279969766981202,1
483,2500,seqmar,0.2558505160746848,cc_ccproj,0.24782691165941706,0.018147936426168486,0.2122576098704043,0.28339621344842986,1
483,2500,seqmar,0.2558505160746848,seq,0.2599537828390521,0.015197246331048953,0.2301677273660127,0.28973983831209155,1
484,2500,seqmar,0.2558505160746848,full,0.24915774205632552,0.00955185198156052,0.23043645618680936,0.2678790279258417,1
484,2500,seqmar,0.2558505160746848,cc,0.2123845964414917,0.01715150679099404,0.17876826085054923,0.2460009320324342,0
484,2500,seqmar,0.2558505160746848,cc_ccproj,0.21443111334491083,0.016927455514240672,0.18125391018709516,0.2476083165027265,0
484,2500,seqmar,0.2558505160746848,seq,0.25914555601714345,0.021456625022496262,0.21709134374326985,0.301199768291017,1
485,2500,seqmar,0.2558505160746848,full,0.24232498699731478,0.012232999667874292,0.21834874822539072,0.2663012257692388,1
485,2500,seqmar,0.2558505160746848,cc,0.1940591901010142,0.02261579032161686,0.14973305558873562,0.23838532461329276,0
485,2500,seqmar,0.2558505160746848,cc_ccproj,0.1942777500359917,0.022056273384931022,0.15104824856835755,0.23750725150362587,0
485,2500,seqmar,0.2558505160746848,seq,0.24957932427032284,0.028595090367490555,0.19353397701537312,0.30562467152527256,1
486,2500,seqmar,0.2558505160746848,full,0.2526957857227324,0.009598314835461128,0.23388343433295208,0.2715081371125127,1
486,2500,seqmar,0.2558505160746848,cc,0.21052601960190373,0.010397367685212607,0.19014755340486644,0.23090448579894102,0
486,2500,seqmar,0.2558505160746848,cc_ccproj,0.20739593959922667,0.010338991111187587,0.18713188938481926,0.22765998981363408,0
486,2500,seqmar,0.2558505160746848,seq,0.2445329438612357,0.011705304537030796,0.22159096854058205,0.26747491918188937,1
487,2500,seqmar,0.2558505160746848,full,0.23385865035949363,0.009763304253587833,0.21472292565235476,0.25299437506663247,0
487,2500,seqmar,0.2558505160746848,cc,0.20446022192267407,0.012614646185827588,0.17973596972073644,0.2291844741246117,0
487,2500,seqmar,0.2558505160746848,cc_ccproj,0.20984904049869318,0.012355627348491787,0.18563245588925115,0.23406562510813522,0
487,2500,seqmar,0.2558505160746848,seq,0.2501948717441104,0.013186990645796648,0.22434884501388241,0.27604089847433844,1
488,2500,seqmar,0.2558505160746848,full,0.24409184739300985,0.009494904378286682,0.22548217677491628,0.2627015180111034,1
488,2500,seqmar,0.2558505160746848,cc,0.21580204881348586,0.016315354398481655,0.18382454179745467,0.24777955582951705,0
488,2500,seqmar,0.2558505160746848,cc_ccproj,0.21330346225904642,0.016187302622098065,0.18157693211288345,0.2450299924052094,0
488,2500,seqmar,0.2558505160746848,seq,0.255219490208752,0.012934959238049487,0.22986743596068135,0.28057154445682264,1
489,2500,seqmar,0.2558505160746848,full,0.2716388536175484,0.009164627773941525,0.25367651324890755,0.2896011939861893,1
489,2500,seqmar,0.2558505160746848,cc,0.21684255039443873,0.014027610569754705,0.18934893888856613,0.24433616190031132,0
489,2500,seqmar,0.2558505160746848,cc_ccproj,0.21541621161538266,0.013712347066161144,0.18854050522219334,0.24229191800857197,0
489,2500,seqmar,0.2558505160746848,seq,0.27397545044327815,0.015206429458566812,0.2441713963710383,0.303779504515518,1
490,2500,seqmar,0.2558505160746848,full,0.2822318232091702,0.018865674783622822,0.24525578008922397,0.31920786632911635,1
490,2500,seqmar,0.2558505160746848,cc,0.2701487216225673,0.030877177599971422,0.20963056558237642,0.3306668776627582,1
490,2500,seqmar,0.2558505160746848,cc_ccproj,0.2713976993119635,0.030831731303587736,0.21096861637591535,0.33182678224801165,1
490,2500,seqmar,0.2558505160746848,seq,0.27270269344248643,0.018334582868196093,0.236767571349257,0.30863781553571584,1
491,2500,seqmar,0.2558505160746848,full,0.2531357577039451,0.010168601278025324,0.2332056654258675,0.27306584998202266,1
491,2500,seqmar,0.2558505160746848,cc,0.21690925222814122,0.017251080832292626,0.1830977551024584,0.25072074935382405,0
491,2500,seqmar,0.2558505160746848,cc_ccproj,0.2174832103340408,0.016724600376228665,0.1847035959408076,0.250262824727274,0
491,2500,seqmar,0.2558505160746848,seq,0.25455091998764046,0.015379175537645735,0.2244082898219354,0.2846935501533455,1
492,2500,seqmar,0.2558505160746848,full,0.2522564297435502,0.008688866770323446,0.2352265638072494,0.269286295679851,1
492,2500,seqmar,0.2558505160746848,cc,0.21539444118307552,0.011676140640012744,0.1925096260502261,0.23827925631592495,0
492,2500,seqmar,0.2558505160746848,cc_ccproj,0.21145898142165206,0.01168489830933393,0.1885570015723446,0.23436096127095954,0
492,2500,seqmar,0.2558505160746848,seq,0.24306811214505625,0.012771327261713896,0.21803677067732247,0.26809945361279003,1
493,2500,seqmar,0.2558505160746848,full,0.2521116981549459,0.009173872895281878,0.23413123768144523,0.27009215862844654,1
493,2500,seqmar,0.2558505160746848,cc,0.21139102996622333,0.014673159594198737,0.18263216562218546,0.2401498943102612,0
493,2500,seqmar,0.2558505160746848,cc_ccproj,0.2093171128035678,0.014493571438662742,0.18091023477643045,0.23772399083070514,0
493,2500,seqmar,0.2558505160746848,seq,0.2601203223692585,0.015172548742259429,0.23038267328075154,0.2898579714577655,1
494,2500,seqmar,0.2558505160746848,full,0.2513508040155868,0.00951913869749239,0.2326936350046602,0.2700079730265134,1
494,2500,seqmar,0.2558505160746848,cc,0.20628149384488714,0.014447394086172937,0.17796512176553123,0.23459786592424306,0
494,2500,seqmar,0.2558505160746848,cc_ccproj,0.20582144753711454,0.014271168710988848,0.17785047084628147,0.2337924242279476,0
494,2500,seqmar,0.2558505160746848,seq,0.2410214653034157,0.01537995564202767,0.21087730616121786,0.27116562444561354,1
495,2500,seqmar,0.2558505160746848,full,0.25620538745878796,0.009711082491190565,0.23717201552515693,0.275238759392419,1
495,2500,seqmar,0.2558505160746848,cc,0.2309772073229698,0.0123438904441074,0.20678362662341118,0.25517078802252846,0
495,2500,seqmar,0.2558505160746848,cc_ccproj,0.23062734957344655,0.012329065598482944,0.20646282503738822,0.2547918741095049,0
495,2500,seqmar,0.2558505160746848,seq,0.2648728898943776,0.015463676777364712,0.23456464034217434,0.2951811394465808,1
496,2500,seqmar,0.2558505160746848,full,0.25209725008025013,0.01039034780390885,0.23173254259774395,0.2724619575627563,1
496,2500,seqmar,0.2558505160746848,cc,0.2105559163362665,0.015151460841390407,0.18085959877397234,0.24025223389856065,0
496,2500,seqmar,0.2558505160746848,cc_ccproj,0.20987499984808863,0.014954223864813059,0.18056525965630565,0.2391847400398716,0
496,2500,seqmar,0.2558505160746848,seq,0.2511642003261391,0.013598346823153527,0.22451193030347355,0.2778164703488047,1
497,2500,seqmar,0.2558505160746848,full,0.24609240740067242,0.011615551947552295,0.22332634392291584,0.268858470878429,1
497,2500,seqmar,0.2558505160746848,cc,0.21901749515594007,0.01493841253998584,0.1897387445913663,0.24829624572051384,0
497,2500,seqmar,0.2558505160746848,cc_ccproj,0.21686782443092084,0.014933945262030474,0.18759782957024854,0.24613781929159315,0
497,2500,seqmar,0.2558505160746848,seq,0.2586198982223346,0.017509459459830016,0.22430198829230363,0.2929378081523656,1
498,2500,seqmar,0.2558505160746848,full,0.24906155344205963,0.009253406788440562,0.23092520940241767,0.2671978974817016,1
498,2500,seqmar,0.2558505160746848,cc,0.2359694460977874,0.014285367578925288,0.20797064013717767,0.2639682520583971,1
498,2500,seqmar,0.2558505160746848,cc_ccproj,0.23619738541648375,0.014437546857568661,0.20790031355053973,0.26449445728242776,1
498,2500,seqmar,0.2558505160746848,seq,0.2755454663182426,0.014060287482798826,0.2479878092396776,0.30310312339680767,1
499,2500,seqmar,0.2558505160746848,full,0.27077720290682117,0.008951803796336928,0.2532319898693319,0.28832241594431046,1
499,2500,seqmar,0.2558505160746848,cc,0.247440515591456,0.01656538267681508,0.21497296215477474,0.27990806902813725,1
499,2500,seqmar,0.2558505160746848,cc_ccproj,0.24742925389286147,0.016604611299537567,0.214884813768481,0.2799736940172419,1
499,2500,seqmar,0.2558505160746848,seq,0.27967899623934,0.016347823075109853,0.24763785178649186,0.3117201406921882,1
500,2500,seqmar,0.2558505160746848,full,0.25249651964527003,0.011812712611982473,0.22934402836606232,0.27564901092447774,1
500,2500,seqmar,0.2558505160746848,cc,0.21974380506914049,0.022962038222381836,0.17473903714163996,0.264748572996641,1
500,2500,seqmar,0.2558505160746848,cc_ccproj,0.21909476313009738,0.022787457857724496,0.1744321664297331,0.26375735983046167,1
500,2500,seqmar,0.2558505160746848,seq,0.2558025529287313,0.02053979258635639,0.21554529920954996,0.2960598066479126,1
501,2500,seqmar,0.2558505160746848,full,0.24436689047555177,0.010531622217719914,0.2237252902300389,0.26500849072106464,1
501,2500,seqmar,0.2558505160746848,cc,0.20788252330531212,0.017419273906332744,0.17374137381206162,0.24202367279856263,0
501,2500,seqmar,0.2558505160746848,cc_ccproj,0.20598624252940853,0.017261075511405616,0.17215515619262722,0.23981732886618984,0
501,2500,seqmar,0.2558505160746848,seq,0.2514645135926622,0.014458651434229142,0.2231260775165547,0.27980294966876973,1
502,2500,seqmar,0.2558505160746848,full,0.2622355818059845,0.010571656392969211,0.24151551601883223,0.28295564759313674,1
502,2500,seqmar,0.2558505160746848,cc,0.20052407047728105,0.012883239875218106,0.17527338431766326,0.22577475663689883,0
502,2500,seqmar,0.2558505160746848,cc_ccproj,0.1994700738052963,0.012922199392469807,0.1741430283950101,0.22479711921558249,0
502,2500,seqmar,0.2558505160746848,seq,0.22580482707424462,0.020365288968304453,0.18588959416161702,0.2657200599868722,1
503,2500,seqmar,0.2558505160746848,full,0.2601394352262025,0.009599234658176385,0.2413252810170281,0.27895358943537685,1
503,2500,seqmar,0.2558505160746848,cc,0.2415097874527958,0.01927882520639003,0.2037239843840284,0.2792955905215632,1
503,2500,seqmar,0.2558505160746848,cc_ccproj,0.24164665522984755,0.01933283673488443,0.20375499151048113,0.279538318949214,1
503,2500,seqmar,0.2558505160746848,seq,0.26743449685592074,0.016456149300126344,0.2351810369034591,0.2996879568083824,1
504,2500,seqmar,0.2558505160746848,full,0.23839952086336924,0.009095910155550306,0.22057186455187852,0.25622717717486,1
504,2500,seqmar,0.2558505160746848,cc,0.19704205440935812,0.017103730056935308,0.16351935949646973,0.23056474932224652,0
504,2500,seqmar,0.2558505160746848,cc_ccproj,0.19667942764259752,0.016906013165739697,0.16354425071558773,0.2298146045696073,0
504,2500,seqmar,0.2558505160746848,seq,0.2348035531553116,0.017215145110220473,0.20106248875064864,0.26854461755997455,1
505,2500,seqmar,0.2558505160746848,full,0.25853946754956386,0.008566404549801792,0.2417496231549523,0.2753293119441754,1
505,2500,seqmar,0.2558505160746848,cc,0.2112527871891783,0.013062645079349677,0.18565047329082357,0.23685510108753305,0
505,2500,seqmar,0.2558505160746848,cc_ccproj,0.2112419175284363,0.013128842518484316,0.1855098590335089,0.2369739760233637,0
505,2500,seqmar,0.2558505160746848,seq,0.2505498981806864,0.012635429624681721,0.22578491118711977,0.275314885174253,1
506,2500,seqmar,0.2558505160746848,full,0.25680038969360214,0.008683199890131403,0.23978163063838243,0.27381914874882185,1
506,2500,seqmar,0.2558505160746848,cc,0.21947590976499023,0.013963500486692095,0.1921079517129662,0.24684386781701426,0
506,2500,seqmar,0.2558505160746848,cc_ccproj,0.22124296127168427,0.013830034354718707,0.19413659203148395,0.2483493305118846,0
506,2500,seqmar,0.2558505160746848,seq,0.24820628045271678,0.011536174384237194,0.22559579414023834,0.2708167667651952,1
507,2500,seqmar,0.2558505160746848,full,0.25737041730344673,0.010101411492718006,0.23757201458470045,0.277168820022193,1
507,2500,seqmar,0.2558505160746848,cc,0.2375176582857511,0.015220448035852383,0.20768612830691704,0.2673491882645852,1
507,2500,seqmar,0.2558505160746848,cc_ccproj,0.23824216536182144,0.01520854000463754,0.20843397469529523,0.26805035602834765,1
507,2500,seqmar,0.2558505160746848,seq,0.2783921093857886,0.01841102114064873,0.24230717103151156,0.3144770477400657,1
508,2500,seqmar,0.2558505160746848,full,0.25076520419726056,0.00953466307131303,0.23207760797276297,0.2694528004217582,1
508,2500,seqmar,0.2558505160746848,cc,0.21569826622527422,0.01643990334697079,0.18347664775589198,0.24791988469465645,0
508,2500,seqmar,0.2558505160746848,cc_ccproj,0.217857267197456,0.016452751781673755,0.18561046625879823,0.25010406813611374,0
508,2500,seqmar,0.2558505160746848,seq,0.2540870118661946,0.02448256381321653,0.20610206854308658,0.30207195518930263,1
509,2500,seqmar,0.2558505160746848,full,0.25740395102084984,0.011370672531067445,0.23511784237995875,0.27969005966174093,1
509,2500,seqmar,0.2558505160746848,cc,0.2026122479857072,0.016576117146782733,0.1701236553744962,0.23510084059691821,0
509,2500,seqmar,0.2558505160746848,cc_ccproj,0.2047759836991426,0.016329129419366324,0.17277147813829116,0.23678048925999404,0
509,2500,seqmar,0.2558505160746848,seq,0.24406372616359925,0.011940467189950342,0.2206608405127144,0.2674666118144841,1
510,2500,seqmar,0.2558505160746848,full,0.2563432900074149,0.009914624487570042,0.23691098309153874,0.27577559692329107,1
510,2500,seqmar,0.2558505160746848,cc,0.2191677999898722,0.015087651246569063,0.18959654693529598,0.24873905304444843,0
510,2500,seqmar,0.2558505160746848,cc_ccproj,0.2185663989668565,0.014983244392836112,0.18919977958533601,0.247933018348377,0
510,2500,seqmar,0.2558505160746848,seq,0.23740810019117506,0.016840319779608794,0.20440167993500433,0.2704145204473458,1
511,2500,seqmar,0.2558505160746848,full,0.2468496259370304,0.011978767995883786,0.2233716720859371,0.27032757978812366,1
511,2500,seqmar,0.2558505160746848,cc,0.21810356350316001,0.015621290362285928,0.18748639700103695,0.24872073000528308,0
511,2500,seqmar,0.2558505160746848,cc_ccproj,0.21487111577036536,0.01560317518383957,0.18428945436557065,0.24545277717516006,0
511,2500,seqmar,0.2558505160746848,seq,0.23118239880209007,0.016127924232410808,0.19957224816117408,0.26279254944300606,1
512,2500,seqmar,0.2558505160746848,full,0.2641286765873191,0.009749673073739524,0.2450196685017497,0.28323768467288846,1
512,2500,seqmar,0.2558505160746848,cc,0.22740469335890057,0.014280432404686662,0.199415560162056,0.25539382655574516,0
512,2500,seqmar,0.2558505160746848,cc_ccproj,0.22774226810964468,0.014201637185825509,0.1999075707039219,0.25557696551536746,0
512,2500,seqmar,0.2558505160746848,seq,0.26703995553828547,0.013707091062802719,0.24017455072238128,0.2939053603541896,1
513,2500,seqmar,0.2558505160746848,full,0.24720672277130898,0.010871857811909804,0.22589827301492532,0.26851517252769264,1
513,2500,seqmar,0.2558505160746848,cc,0.24691341741614173,0.017516229964364586,0.2125822375410658,0.28124459729121765,1
513,2500,seqmar,0.2558505160746848,cc_ccproj,0.24561990200214837,0.017461343971719494,0.2113962966959126,0.27984350730838414,1
513,2500,seqmar,0.2558505160746848,seq,0.2868701501466966,0.014754701870996294,0.2579514658769181,0.3157888344164751,0
514,2500,seqmar,0.2558505160746848,full,0.26457626309809784,0.011820586362302368,0.24140833955183988,0.2877441866443558,1
514,2500,seqmar,0.2558505160746848,cc,0.25882646913246277,0.029525616712626736,0.20095732375438047,0.31669561451054506,1
514,2500,seqmar,0.2558505160746848,cc_ccproj,0.2574176719175611,0.02960118908954295,0.19940040740249693,0.31543493643262527,1
514,2500,seqmar,0.2558505160746848,seq,0.27736755397794743,0.019939304741233618,0.2382872348083608,0.3164478731475341,1
515,2500,seqmar,0.2558505160746848,full,0.2491346815148344,0.011879760200243464,0.22585077937738487,0.27241858365228394,1
515,2500,seqmar,0.2558505160746848,cc,0.2111615410079603,0.01235922633693723,0.18693790251078443,0.23538517950513618,0
515,2500,seqmar,0.2558505160746848,cc_ccproj,0.21095437835795364,0.012108976640757472,0.18722122025243218,0.2346875364634751,0
515,2500,seqmar,0.2558505160746848,seq,0.248620712624067,0.013426095690146965,0.22230604861839048,0.2749353766297435,1
516,2500,seqmar,0.2558505160746848,full,0.24906595028647524,0.011232624630844547,0.2270504105581624,0.2710814900147881,1
516,2500,seqmar,0.2558505160746848,cc,0.22779497900033713,0.019625802846577733,0.1893291122533611,0.2662608457473132,1
516,2500,seqmar,0.2558505160746848,cc_ccproj,0.2304264479855621,0.019332482000003724,0.19253547953378594,0.2683174164373383,1
516,2500,seqmar,0.2558505160746848,seq,0.2833043838664355,0.020798691045183167,0.24253969849230078,0.3240690692405703,1
517,2500,seqmar,0.2558505160746848,full,0.2502233972498778,0.010621305710529548,0.22940602058845028,0.2710407739113053,1
517,2500,seqmar,0.2558505160746848,cc,0.2245576611484974,0.021484020378978598,0.1824497549625748,0.26666556733442004,1
517,2500,seqmar,0.2558505160746848,cc_ccproj,0.22182923011031147,0.021559894789106776,0.1795726128131894,0.2640858474074335,1
517,2500,seqmar,0.2558505160746848,seq,0.24054444829902671,0.0146661075190966,0.2117994057682053,0.26928949082984815,1
518,2500,seqmar,0.2558505160746848,full,0.26510614058619975,0.010450912467406082,0.2446227285445032,0.2855895526278963,1
518,2500,seqmar,0.2558505160746848,cc,0.24150547408018738,0.018167263191537,0.20589829252711467,0.2771126556332601,1
518,2500,seqmar,0.2558505160746848,cc_ccproj,0.2434587699060512,0.01820221389515448,0.2077830862326539,0.2791344535794485,1
518,2500,seqmar,0.2558505160746848,seq,0.2534460063119316,0.015441427976951921,0.22318136360723664,0.28371064901662657,1
519,2500,seqmar,0.2558505160746848,full,0.2781738207377699,0.008843687178145987,0.2608405123780651,0.29550712909747473,0
519,2500,seqmar,0.2558505160746848,cc,0.2412657468640963,0.013890199274017643,0.2140414565489373,0.2684900371792553,1
519,2500,seqmar,0.2558505160746848,cc_ccproj,0.2413415843687565,0.013894576429646716,0.2141087149862098,0.2685744537513032,1
519,2500,seqmar,0.2558505160746848,seq,0.28180077061284425,0.01460507460978915,0.25317535038613714,0.31042619083955136,1
520,2500,seqmar,0.2558505160746848,full,0.2559993064456271,0.0095578004559613,0.2372663617805224,0.27473225111073174,1
520,2500,seqmar,0.2558505160746848,cc,0.22209835271874345,0.017984777106589776,0.18684883731984703,0.2573478681176399,1
520,2500,seqmar,0.2558505160746848,cc_ccproj,0.22333166409104024,0.01794964926074757,0.188150998004849,0.2585123301772315,1
520,2500,seqmar,0.2558505160746848,seq,0.24282922630048862,0.01803582994038059,0.20747964918605347,0.27817880341492374,1
521,2500,seqmar,0.2558505160746848,full,0.25772412796944155,0.011305039394910366,0.23556665791161074,0.27988159802727236,1
521,2500,seqmar,0.2558505160746848,cc,0.2458698670558736,0.02499335253839206,0.19688379622771243,0.2948559378840348,1
521,2500,seqmar,0.2558505160746848,cc_ccproj,0.24475716429601535,0.024931559812984817,0.19589220498415894,0.29362212360787177,1
521,2500,seqmar,0.2558505160746848,seq,0.27613552180024603,0.024567642547908438,0.22798382722129165,0.32428721637920044,1
522,2500,seqmar,0.2558505160746848,full,0.26048281846114457,0.012552830747138737,0.23587972229272564,0.2850859146295635,1
522,2500,seqmar,0.2558505160746848,cc,0.1943067076228712,0.025635250364465064,0.14406254017385237,0.24455087507189002,0
522,2500,seqmar,0.2558505160746848,cc_ccproj,0.19664781004074267,0.0249992977326377,0.14765008684597894,0.2456455332355064,0
522,2500,seqmar,0.2558505160746848,seq,0.23658397373594975,0.020526309322825044,0.19635314672768392,0.2768148007442156,1
523,2500,seqmar,0.2558505160746848,full,0.25525085220927185,0.008720627206159319,0.23815873696259943,0.2723429674559443,1
523,2500,seqmar,0.2558505160746848,cc,0.21978533408529935,0.013916281005108057,0.1925099245165487,0.24706074365405,0
523,2500,seqmar,0.2558505160746848,cc_ccproj,0.221761586390101,0.01396860558345838,0.19438362253227745,0.24913955024792453,0
523,2500,seqmar,0.2558505160746848,seq,0.2363705613374913,0.014237822703394838,0.2084649416205707,0.26427618105441186,1
524,2500,seqmar,0.2558505160746848,full,0.2586892181844431,0.009326515341987376,0.2404095840128876,0.27696885235599866,1
524,2500,seqmar,0.2558505160746848,cc,0.21927141112829185,0.017179923787088477,0.18559937924845546,0.2529434430081282,0
524,2500,seqmar,0.2558505160746848,cc_ccproj,0.22218755489767847,0.017118835456507272,0.18863525394565692,0.2557398558497,0
524,2500,seqmar,0.2558505160746848,seq,0.24885399360366237,0.013518011166310469,0.22235917857508355,0.2753488086322412,1
525,2500,seqmar,0.2558505160746848,full,0.25889886674692864,0.010897247605634605,0.23754065390926948,0.2802570795845878,1
525,2500,seqmar,0.2558505160746848,cc,0.22067315734097173,0.018217844728406377,0.18496683779735235,0.2563794768845911,1
525,2500,seqmar,0.2558505160746848,cc_ccproj,0.21818222822055358,0.017854950909217057,0.18318716749275746,0.2531772889483497,0
525,2500,seqmar,0.2558505160746848,seq,0.2597196509847961,0.014430345302679575,0.2314366939070674,0.2880026080625248,1
526,2500,seqmar,0.2558505160746848,full,0.27364032598623694,0.010755269512817437,0.2525603850970931,0.2947202668753808,1
526,2500,seqmar,0.2558505160746848,cc,0.2531739192315546,0.019224703639262142,0.21549419248514468,0.2908536459779645,1
526,2500,seqmar,0.2558505160746848,cc_ccproj,0.2523592670973565,0.019284218242782817,0.2145628938714919,0.2901556403232211,1
526,2500,seqmar,0.2558505160746848,seq,0.2652693305817871,0.017550784809049,0.23087042445563835,0.2996682367079358,1
527,2500,seqmar,0.2558505160746848,full,0.2682306310360963,0.009351274598573444,0.24990246961334808,0.28655879245884447,1
527,2500,seqmar,0.2558505160746848,cc,0.23420012690382727,0.014245154470051168,0.20628013718831723,0.2621201166193373,1
527,2500,seqmar,0.2558505160746848,cc_ccproj,0.23464309752984985,0.01430443458981957,0.2066069209145945,0.26267927414510517,1
527,2500,seqmar,0.2558505160746848,seq,0.26723360336364915,0.013548158882112929,0.24067969989788138,0.29378750682941696,1
528,2500,seqmar,0.2558505160746848,full,0.23961672728975972,0.010998477063175366,0.21806010836114614,0.2611733462183733,1
528,2500,seqmar,0.2558505160746848,cc,0.19748731806086606,0.016032328428572818,0.1660645317525457,0.2289101043691864,0
528,2500,seqmar,0.2558505160746848,cc_ccproj,0.19848410067715322,0.015950889836108435,0.1672209310770147,0.22974727027729175,0
528,2500,seqmar,0.2558505160746848,seq,0.23780695509782682,0.013027067248978725,0.21227437246564723,0.2633395377300064,1
529,2500,seqmar,0.2558505160746848,full,0.2504877040407737,0.011293965329858761,0.2283519387516065,0.2726234693299409,1
529,2500,seqmar,0.2558505160746848,cc,0.19988991349634333,0.01762668906813856,0.16534223775610585,0.2344375892365808,0
529,2500,seqmar,0.2558505160746848,cc_ccproj,0.1992775257089776,0.017459706875160862,0.16505712905303593,0.23349792236491929,0
529,2500,seqmar,0.2558505160746848,seq,0.22608922145118154,0.015177210714546809,0.19634243506489438,0.2558360078374687,0
530,2500,seqmar,0.2558505160746848,full,0.2643733867262026,0.01126318023291079,0.24229795911831398,0.2864488143340912,1
530,2500,seqmar,0.2558505160746848,cc,0.24604036464448062,0.020967855852009012,0.20494412234151554,0.2871366069474457,1
530,2500,seqmar,0.2558505160746848,cc_ccproj,0.24530050154022093,0.020683806600444003,0.20476098554015884,0.28584001754028304,1
530,2500,seqmar,0.2558505160746848,seq,0.27726871099006656,0.01497902599817866,0.24791035951014725,0.3066270624699859,1
531,2500,seqmar,0.2558505160746848,full,0.2381734138602338,0.009403188046811358,0.21974350394862602,0.2566033237718416,1
531,2500,seqmar,0.2558505160746848,cc,0.17685381112238338,0.015949630685484405,0.14559310941211906,0.2081145128326477,0
531,2500,seqmar,0.2558505160746848,cc_ccproj,0.17518522656113447,0.01578867178024845,0.1442399985081236,0.20613045461414534,0
531,2500,seqmar,0.2558505160746848,seq,0.20126117687324319,0.015039551476371624,0.1717841976359186,0.23073815611056778,0
532,2500,seqmar,0.2558505160746848,full,0.25451576486779376,0.009074703967472904,0.23672967192118413,0.2723018578144034,1
532,2500,seqmar,0.2558505160746848,cc,0.21781725648390002,0.01428702703913179,0.1898151980410518,0.24581931492674824,0
532,2500,seqmar,0.2558505160746848,cc_ccproj,0.21471326853134962,0.01436644242756004,0.18655555878736374,0.2428709782753355,0
532,2500,seqmar,0.2558505160746848,seq,0.2561755245336869,0.011543411915460166,0.23355085292067446,0.2788001961466994,1
533,2500,seqmar,0.2558505160746848,full,0.2611073809208824,0.00884962143570308,0.24376244163009075,0.2784523202116741,1
533,2500,seqmar,0.2558505160746848,cc,0.23156902135623686,0.013598310849576266,0.20491682184048712,0.2582212208719866,1
533,2500,seqmar,0.2558505160746848,cc_ccproj,0.23118788290108583,0.013646969683054656,0.2044403138241887,0.25793545197798295,1
533,2500,seqmar,0.2558505160746848,seq,0.26387346126889955,0.011500495608609178,0.2413329040716645,0.28641401846613457,1
534,2500,seqmar,0.2558505160746848,full,0.25985469572344816,0.011312870622923679,0.23768187674075655,0.2820275147061398,1
534,2500,seqmar,0.2558505160746848,cc,0.21112150086175624,0.016616877679117396,0.17855301907517862,0.24368998264833386,0
534,2500,seqmar,0.2558505160746848,cc_ccproj,0.21206070045428652,0.016226851983553357,0.1802566549840596,0.24386474592451343,0
534,2500,seqmar,0.2558505160746848,seq,0.2486982419144937,0.014856126106685972,0.21958076979560393,0.27781571403338345,1
535,2500,seqmar,0.2558505160746848,full,0.26593014672274584,0.008638595386749336,0.2489988108877033,0.2828614825577884,1
535,2500,seqmar,0.2558505160746848,cc,0.24054504213468217,0.012531758069430386,0.21598324765562943,0.2651068366137349,1
535,2500,seqmar,0.2558505160746848,cc_ccproj,0.24142811038674872,0.012688506546308294,0.21655909453838376,0.2662971262351137,1
535,2500,seqmar,0.2558505160746848,seq,0.2664383928671412,0.014284383257854819,0.23844151614037884,0.2944352695939036,1
536,2500,seqmar,0.2558505160746848,full,0.2529230872387689,0.00873832537136508,0.23579628422570073,0.270049890251837,1
536,2500,seqmar,0.2558505160746848,cc,0.20537933062480715,0.01098282549751537,0.18385338820118882,0.22690527304842548,0
536,2500,seqmar,0.2558505160746848,cc_ccproj,0.2043551632054428,0.011019944817511831,0.1827564682515008,0.22595385815938482,0
536,2500,seqmar,0.2558505160746848,seq,0.22838250984806518,0.014903643501407242,0.19917190534688256,0.2575931143492478,1
537,2500,seqmar,0.2558505160746848,full,0.24697571103769697,0.010250471225510366,0.2268851566111325,0.26706626546426143,1
537,2500,seqmar,0.2558505160746848,cc,0.22259355797274308,0.014426038404279086,0.1943190422607644,0.25086807368472175,0
537,2500,seqmar,0.2558505160746848,cc_ccproj,0.22060575148848274,0.01444024922478982,0.19230338308011227,0.2489081198968532,0
537,2500,seqmar,0.2558505160746848,seq,0.24906667971054047,0.013163956779272947,0.22326579852912362,0.27486756089195735,1
538,2500,seqmar,0.2558505160746848,full,0.25612547462478336,0.010245243678640275,0.23604516600181175,0.27620578324775497,1
538,2500,seqmar,0.2558505160746848,cc,0.21347168018097246,0.013382342582451752,0.18724277069059028,0.23970058967135463,0
538,2500,seqmar,0.2558505160746848,cc_ccproj,0.2135483143261146,0.012873870197513832,0.18831599239734392,0.23878063625488527,0
538,2500,seqmar,0.2558505160746848,seq,0.2551572308324427,0.011239465987025568,0.23312828229240964,0.27718617937247575,1
539,2500,seqmar,0.2558505160746848,full,0.25792411731819287,0.009886301620857088,0.23854732220101302,0.2773009124353727,1
539,2500,seqmar,0.2558505160746848,cc,0.21779017177372542,0.015368947939600926,0.18766758733183653,0.24791275621561432,0
539,2500,seqmar,0.2558505160746848,cc_ccproj,0.21825212281269396,0.015383631144714258,0.18810075981760532,0.2484034858077826,0
539,2500,seqmar,0.2558505160746848,seq,0.237770280801435,0.015403276521659326,0.20758041357507132,0.26796014802779866,1
540,2500,seqmar,0.2558505160746848,full,0.2551898986690573,0.009412518558294149,0.23674170129098587,0.2736380960471287,1
540,2500,seqmar,0.2558505160746848,cc,0.21970210813280727,0.01739070396646365,0.18561695469274064,0.2537872615728739,0
540,2500,seqmar,0.2558505160746848,cc_ccproj,0.21813979032021844,0.017352581841712175,0.18412935487167886,0.252150225768758,0
540,2500,seqmar,0.2558505160746848,seq,0.2555432742829914,0.015774273803523028,0.2246262657458126,0.28646028282017016,1
541,2500,seqmar,0.2558505160746848,full,0.24090222995429122,0.010116480732920778,0.22107429206747314,0.2607301678411093,1
541,2500,seqmar,0.2558505160746848,cc,0.21592124350193645,0.01834545709656856,0.1799648083127373,0.2518776786911356,0
541,2500,seqmar,0.2558505160746848,cc_ccproj,0.21194292645644308,0.017982422493352388,0.17669802601468942,0.24718782689819674,0
541,2500,seqmar,0.2558505160746848,seq,0.24897070560046064,0.013430369355572116,0.22264766536446887,0.2752937458364524,1
542,2500,seqmar,0.2558505160746848,full,0.2643497074232288,0.010710925040137442,0.24335668010345116,0.2853427347430064,1
542,2500,seqmar,0.2558505160746848,cc,0.23350059407008925,0.01552489043507705,0.20307236795340786,0.26392882018677066,1
542,2500,seqmar,0.2558505160746848,cc_ccproj,0.23432382059325782,0.015419371013896389,0.20410240874176006,0.2645452324447556,1
542,2500,seqmar,0.2558505160746848,seq,0.2892074404394408,0.022676468616552595,0.2447623786544449,0.3336525022244367,1
543,2500,seqmar,0.2558505160746848,full,0.2404067594990285,0.00973991531277813,0.2213168762735132,0.2594966427245438,1
543,2500,seqmar,0.2558505160746848,cc,0.20166255226269494,0.015044194864591787,0.1721764721516926,0.2311486323736973,0
543,2500,seqmar,0.2558505160746848,cc_ccproj,0.2022342651969861,0.01494058973160024,0.17295124741526066,0.23151728297871152,0
543,2500,seqmar,0.2558505160746848,seq,0.23416679955718822,0.019519843038456098,0.19590861021793937,0.27242498889643707,1
544,2500,seqmar,0.2558505160746848,full,0.23948309936481754,0.009081641966214062,0.22168340819055046,0.25728279053908465,1
544,2500,seqmar,0.2558505160746848,cc,0.19708743501741446,0.01357375660560524,0.17048336093551553,0.2236915090993134,0
544,2500,seqmar,0.2558505160746848,cc_ccproj,0.19752806385870533,0.013579761770577584,0.1709122198697394,0.22414390784767127,0
544,2500,seqmar,0.2558505160746848,seq,0.22734883107215592,0.015936654064994053,0.19611356307069372,0.2585840990736181,1
545,2500,seqmar,0.2558505160746848,full,0.23229955349777195,0.012363002588883171,0.2080685136827855,0.2565305933127584,1
545,2500,seqmar,0.2558505160746848,cc,0.21050038373812777,0.014826958685245077,0.18144007871478407,0.23956068876147146,0
545,2500,seqmar,0.2558505160746848,cc_ccproj,0.21185805589727152,0.014703072484855632,0.18304056336487265,0.2406755484296704,0
545,2500,seqmar,0.2558505160746848,seq,0.2432527102043001,0.011313231467551801,0.22107918397913334,0.26542623642946683,1
546,2500,seqmar,0.2558505160746848,full,0.2643199832759969,0.009597632162197249,0.24550896990122698,0.28313099665076674,1
546,2500,seqmar,0.2558505160746848,cc,0.2155572773271787,0.012228570040879684,0.19158972046462902,0.23952483418972836,0
546,2500,seqmar,0.2558505160746848,cc_ccproj,0.21708795295842456,0.012131118735812386,0.1933113971440532,0.24086450877279592,0
546,2500,seqmar,0.2558505160746848,seq,0.25001848275756766,0.012355338994637066,0.2258024633112957,0.2742345022038396,1
547,2500,seqmar,0.2558505160746848,full,0.23901961259092167,0.010328082913292411,0.21877694205152504,0.2592622831303183,1
547,2500,seqmar,0.2558505160746848,cc,0.20047715294685475,0.01686117843634989,0.1674298504747056,0.2335244554190039,0
547,2500,seqmar,0.2558505160746848,cc_ccproj,0.2023613053520205,0.016638156794944684,0.16975111726479852,0.23497149343924245,0
547,2500,seqmar,0.2558505160746848,seq,0.2332617401424975,0.022236379853673594,0.18967923648274523,0.2768442438022498,1
548,2500,seqmar,0.2558505160746848,full,0.25534605195049936,0.009607771218648536,0.23651516639024772,0.274176937510751,1
548,2500,seqmar,0.2558505160746848,cc,0.2355703862065944,0.01650465465734466,0.2032218575009276,0.2679189149122612,1
548,2500,seqmar,0.2558505160746848,cc_ccproj,0.23419764742888818,0.016496393079303867,0.20186531111863681,0.26652998373913955,1
548,2500,seqmar,0.2558505160746848,seq,0.26601100275728967,0.012367290618557444,0.241771558558577,0.29025044695600233,1
549,2500,seqmar,0.2558505160746848,full,0.26204120687259896,0.010071760768424684,0.24230091850558313,0.2817814952396148,1
549,2500,seqmar,0.2558505160746848,cc,0.21633350119297665,0.017231584567130243,0.18256021604484515,0.25010678634110817,0
549,2500,seqmar,0.2558505160746848,cc_ccproj,0.2177943182465549,0.017019510660239167,0.18443669031799062,0.25115194617511916,0
549,2500,seqmar,0.2558505160746848,seq,0.2662873291068012,0.02223997260229371,0.22269778378914798,0.30987687442445444,1
550,2500,seqmar,0.2558505160746848,full,0.2568100590887208,0.01140250234427848,0.23446156516030142,0.27915855301714015,1
550,2500,seqmar,0.2558505160746848,cc,0.23542308593832809,0.026608860077625623,0.18327067851651618,0.28757549336014,1
550,2500,seqmar,0.2558505160746848,cc_ccproj,0.2353709125595904,0.026589329683050732,0.18325678400774914,0.28748504111143164,1
550,2500,seqmar,0.2558505160746848,seq,0.2329511450517699,0.02856948161623136,0.17695599002697726,0.2889463000765625,1
551,2500,seqmar,0.2558505160746848,full,0.26158740184192764,0.009457565593722045,0.24305091389680725,0.280123889787048,1
551,2500,seqmar,0.2558505160746848,cc,0.21884798229762528,0.011155384195204586,0.19698383104131695,0.24071213355393362,0
551,2500,seqmar,0.2558505160746848,cc_ccproj,0.21778427726279714,0.01096570011935519,0.1962918999635944,0.2392766545619999,0
551,2500,seqmar,0.2558505160746848,seq,0.2610946985421208,0.012842345157356909,0.2359241645566689,0.28626523252757274,1
552,2500,seqmar,0.2558505160746848,full,0.2502542041029317,0.011232935358009488,0.22823805536056657,0.2722703528452968,1
552,2500,seqmar,0.2558505160746848,cc,0.20478303911954385,0.020155019715101904,0.16527992637024938,0.2442861518688383,0
552,2500,seqmar,0.2558505160746848,cc_ccproj,0.20812012983294945,0.019898940491732714,0.16911892313864757,0.24712133652725132,0
552,2500,seqmar,0.2558505160746848,seq,0.24089051016653057,0.01409921134867239,0.2132565637127143,0.26852445662034685,1
553,2500,seqmar,0.2558505160746848,full,0.23260106226647304,0.00979913763685326,0.21339510541868972,0.25180701911425635,0
553,2500,seqmar,0.2558505160746848,cc,0.202509629660374,0.01529868311211186,0.1725247617497436,0.2324944975710044,0
553,2500,seqmar,0.2558505160746848,cc_ccproj,0.20622385636028648,0.014990402128283618,0.176843208075078,0.23560450464549496,0
553,2500,seqmar,0.2558505160746848,seq,0.2372086978933869,0.014598806489381002,0.2085955629569305,0.2658218328298433,1
554,2500,seqmar,0.2558505160746848,full,0.25312290591926373,0.011187625788865644,0.23119556230057556,0.2750502495379519,1
554,2500,seqmar,0.2558505160746848,cc,0.22189118737711905,0.021202253899320254,0.18033553334337743,0.26344684141086067,1
554,2500,seqmar,0.2558505160746848,cc_ccproj,0.22110088321850307,0.021050332187591038,0.1798429902682204,0.2623587761687858,1
554,2500,seqmar,0.2558505160746848,seq,0.252184181333442,0.020709852874300178,0.21159361557469034,0.29277474709219364,1
555,2500,seqmar,0.2558505160746848,full,0.2524740495150906,0.012376454510373683,0.2282166444184599,0.27673145461172133,1
555,2500,seqmar,0.2558505160746848,cc,0.19831119388174348,0.018983297255098383,0.16110461495393258,0.23551777280955438,0
555,2500,seqmar,0.2558505160746848,cc_ccproj,0.19942641629827773,0.018650659950229492,0.16287179450792433,0.23598103808863113,0
555,2500,seqmar,0.2558505160746848,seq,0.23437571889651668,0.01586485831343966,0.20328116798234408,0.2654702698106893,1
556,2500,seqmar,0.2558505160746848,full,0.25622786338887465,0.010205591427028215,0.2362252717509686,0.2762304550267807,1
556,2500,seqmar,0.2558505160746848,cc,0.233678014489626,0.019500849073574227,0.19545705263746924,0.2718989763417828,1
556,2500,seqmar,0.2558505160746848,cc_ccproj,0.23702728778784984,0.019385663147028873,0.19903208620324786,0.27502248937245183,1
556,2500,seqmar,0.2558505160746848,seq,0.2764977689633808,0.01619831513452933,0.24474965468947324,0.30824588323728835,1
557,2500,seqmar,0.2558505160746848,full,0.25974012874739244,0.011083002404746896,0.2380178431935177,0.28146241430126717,1
557,2500,seqmar,0.2558505160746848,cc,0.22705948743280943,0.021061906495598578,0.185778909255686,0.26834006560993284,1
557,2500,seqmar,0.2558505160746848,cc_ccproj,0.22803159470867626,0.02101219272033501,0.18684845374060494,0.2692147356767476,1
557,2500,seqmar,0.2558505160746848,seq,0.27693306562256415,0.025050730925502397,0.22783453522217573,0.32603159602295256,1
558,2500,seqmar,0.2558505160746848,full,0.26549192828183493,0.009495456032854888,0.24688117644065577,0.2841026801230141,1
558,2500,seqmar,0.2558505160746848,cc,0.24317609223198453,0.013837601371466049,0.21605489191148902,0.27029729255248003,1
558,2500,seqmar,0.2558505160746848,cc_ccproj,0.24359090183510357,0.013766508833705787,0.21660904032818773,0.2705727633420194,1
558,2500,seqmar,0.2558505160746848,seq,0.2658097815712267,0.014112992981684079,0.23814882361305936,0.29347073952939406,1
559,2500,seqmar,0.2558505160746848,full,0.2742727218112192,0.009586879903717708,0.2554827824758217,0.2930626611466167,1
559,2500,seqmar,0.2558505160746848,cc,0.24590218534020755,0.012618810692062395,0.2211697708560363,0.2706345998243788,1
559,2500,seqmar,0.2558505160746848,cc_ccproj,0.2435163823455061,0.012877364644814735,0.2182772114258798,0.2687555532651324,1
559,2500,seqmar,0.2558505160746848,seq,0.2851669024888669,0.012768134697324547,0.26014181833235456,0.3101919866453792,0
560,2500,seqmar,0.2558505160746848,full,0.24987923101370943,0.008737516039461046,0.23275401426202472,0.2670044477653941,1
560,2500,seqmar,0.2558505160746848,cc,0.21715107526798283,0.013046624556916358,0.19158016101661093,0.24272198951935472,0
560,2500,seqmar,0.2558505160746848,cc_ccproj,0.2152793685171708,0.013145518938208468,0.189514624840193,0.24104411219414862,0
560,2500,seqmar,0.2558505160746848,seq,0.23457919161415797,0.011582131949830248,0.2118786301283,0.25727975310001594,1
561,2500,seqmar,0.2558505160746848,full,0.24480011665591592,0.0104577480443889,0.22430330712951949,0.2652969261823123,1
561,2500,seqmar,0.2558505160746848,cc,0.19051661832535952,0.015159214355306547,0.1608051041550361,0.22022813249568293,0
561,2500,seqmar,0.2558505160746848,cc_ccproj,0.18992163317798855,0.014926299334934431,0.1606666240590529,0.21917664229692418,0
561,2500,seqmar,0.2558505160746848,seq,0.21715449617769214,0.016520932952820342,0.1847740625991633,0.249534929756221,0
562,2500,seqmar,0.2558505160746848,full,0.2490380806504977,0.010110034944225705,0.22922277627737392,0.2688533850236215,1
562,2500,seqmar,0.2558505160746848,cc,0.2113651165977148,0.012890098193542497,0.18610098838118672,0.2366292448142429,0
562,2500,seqmar,0.2558505160746848,cc_ccproj,0.2090529633887387,0.012940131713821738,0.18369077127444353,0.23441515550303385,0
562,2500,seqmar,0.2558505160746848,seq,0.23813275429566902,0.012103233923530387,0.21441085170908605,0.261854656882252,1
563,2500,seqmar,0.2558505160746848,full,0.23758367531083469,0.010241040512027786,0.2175116047430446,0.2576557458786248,1
563,2500,seqmar,0.2558505160746848,cc,0.21614337870921785,0.014858894931891272,0.18702047979264622,0.24526627762578948,0
563,2500,seqmar,0.2558505160746848,cc_ccproj,0.21626187669784985,0.015049973058672488,0.18676447153455367,0.24575928186114604,0
563,2500,seqmar,0.2558505160746848,seq,0.2527170071103658,0.018808690273018944,0.21585265157887984,0.2895813626418518,1
564,2500,seqmar,0.2558505160746848,full,0.25732637867292424,0.011469983846808529,0.23484562342992332,0.27980713391592515,1
564,2500,seqmar,0.2558505160746848,cc,0.20533359731402911,0.02588674076915828,0.15459651772935418,0.25607067689870405,1
564,2500,seqmar,0.2558505160746848,cc_ccproj,0.20914059081910064,0.02563801198552995,0.1588910106922557,0.2593901709459456,1
564,2500,seqmar,0.2558505160746848,seq,0.243376685265153,0.019639405577236327,0.20488415765599471,0.28186921287431127,1
565,2500,seqmar,0.2558505160746848,full,0.2576167398840974,0.009203211948197626,0.23957877592354135,0.27565470384465346,1
565,2500,seqmar,0.2558505160746848,cc,0.22991738451821958,0.01684880138546666,0.19689434062003636,0.2629404284164028,1
565,2500,seqmar,0.2558505160746848,cc_ccproj,0.23095543973044297,0.016851168446185835,0.19792775647850094,0.26398312298238497,1
565,2500,seqmar,0.2558505160746848,seq,0.2553712031110218,0.01549677466084229,0.224998082899238,0.2857443233228056,1
566,2500,seqmar,0.2558505160746848,full,0.23946425809400035,0.008879299171231796,0.22206115151042968,0.25686736467757104,1
566,2500,seqmar,0.2558505160746848,cc,0.19229127257032075,0.013997083854188854,0.1648574923275235,0.219725052813118,0
566,2500,seqmar,0.2558505160746848,cc_ccproj,0.1931976637359205,0.013862130974918592,0.16602838627610297,0.22036694119573805,0
566,2500,seqmar,0.2558505160746848,seq,0.24429810080880957,0.01632734108579239,0.21229710031735538,0.27629910130026375,1
567,2500,seqmar,0.2558505160746848,full,0.25403963479232544,0.010309757481429037,0.23383288143938216,0.27424638814526875,1
567,2500,seqmar,0.2558505160746848,cc,0.20212438489926762,0.014097889536144997,0.17449302915039933,0.22975574064813592,0
567,2500,seqmar,0.2558505160746848,cc_ccproj,0.20449547458139963,0.013864473653950571,0.17732160555505208,0.23166934360774719,0
567,2500,seqmar,0.2558505160746848,seq,0.22527448568035652,0.01961841443097333,0.18682309996186794,0.2637258713988451,1
568,2500,seqmar,0.2558505160746848,full,0.2610241220992981,0.009807338244732603,0.2418020923554199,0.28024615184317625,1
568,2500,seqmar,0.2558505160746848,cc,0.21131065004066157,0.012257108951883923,0.18728715794038558,0.23533414214093756,0
568,2500,seqmar,0.2558505160746848,cc_ccproj,0.21026049730456142,0.012105981051869686,0.18653321044537252,0.23398778416375032,0
568,2500,seqmar,0.2558505160746848,seq,0.24861308270664326,0.011015043671538572,0.22702399382229183,0.2702021715909947,1
569,2500,seqmar,0.2558505160746848,full,0.28768821885570894,0.011050920656856438,0.2660288123722606,0.3093476253391573,0
569,2500,seqmar,0.2558505160746848,cc,0.26336276627622074,0.02095230252931059,0.2222970079255845,0.304428524626857,1
569,2500,seqmar,0.2558505160746848,cc_ccproj,0.2635259137010437,0.021000353103764066,0.2223659779550422,0.30468584944704524,1
569,2500,seqmar,0.2558505160746848,seq,0.285307684230123,0.022197366772054083,0.24180164480527086,0.3288137236549751,1
570,2500,seqmar,0.2558505160746848,full,0.2650518963435995,0.008973653910567822,0.24746385786915953,0.28263993481803945,1
570,2500,seqmar,0.2558505160746848,cc,0.23533987274176266,0.012273809589577855,0.21128364799308771,0.25939609749043757,1
570,2500,seqmar,0.2558505160746848,cc_ccproj,0.23747762941221226,0.012261578519543547,0.21344537712029696,0.2615098817041276,1
570,2500,seqmar,0.2558505160746848,seq,0.2744375138464415,0.013415648127743793,0.24814332668680145,0.30073170100608154,1
571,2500,seqmar,0.2558505160746848,full,0.23788638269768367,0.010941064626554954,0.21644229007711077,0.25933047531825654,1
571,2500,seqmar,0.2558505160746848,cc,0.19065736039998193,0.017827937851714954,0.15571524429200223,0.22559947650796164,0
571,2500,seqmar,0.2558505160746848,cc_ccproj,0.19403388173053104,0.01731019322421249,0.16010652644564527,0.22796123701541682,0
571,2500,seqmar,0.2558505160746848,seq,0.22356547957511758,0.015085185990587844,0.19399905833347722,0.2531319008167579,0
572,2500,seqmar,0.2558505160746848,full,0.2503620719912087,0.00950469840029166,0.23173320544272158,0.2689909385396958,1
572,2500,seqmar,0.2558505160746848,cc,0.2300317245748261,0.015932813233562524,0.1988039844646404,0.2612594646850118,1
572,2500,seqmar,0.2558505160746848,cc_ccproj,0.22998888213029678,0.015974020423155377,0.19868037741260497,0.2612973868479886,1
572,2500,seqmar,0.2558505160746848,seq,0.26721476800653127,0.016951130930274998,0.23399116188596933,0.3004383741270932,1
573,2500,seqmar,0.2558505160746848,full,0.2614479773041559,0.00909698443754931,0.2436182154386379,0.2792777391696739,1
573,2500,seqmar,0.2558505160746848,cc,0.23700425627231925,0.011791899556206737,0.2138925578328402,0.26011595471179827,1
573,2500,seqmar,0.2558505160746848,cc_ccproj,0.2390912665373488,0.01208282620540525,0.21540936234329774,0.26277317073139983,1
573,2500,seqmar,0.2558505160746848,seq,0.2549263342009378,0.011012264624228392,0.23334269214922565,0.27650997625264995,1
574,2500,seqmar,0.2558505160746848,full,0.24760739127113407,0.009374692634056679,0.22923333134225005,0.2659814512000181,1
574,2500,seqmar,0.2558505160746848,cc,0.21816946140205593,0.014422306248798549,0.1899022605804038,0.24643666222370805,0
574,2500,seqmar,0.2558505160746848,cc_ccproj,0.21604191638596348,0.014454227896777196,0.18771215028394606,0.2443716824879809,0
574,2500,seqmar,0.2558505160746848,seq,0.2569162889525047,0.01486541376875985,0.22778061335044955,0.28605196455455983,1
575,2500,seqmar,0.2558505160746848,full,0.2656897688676833,0.010904818227909969,0.24431671788302387,0.2870628198523427,1
575,2500,seqmar,0.2558505160746848,cc,0.262366929286693,0.023551370530486716,0.216207091260381,0.30852676731300493,1
575,2500,seqmar,0.2558505160746848,cc_ccproj,0.2628420257270693,0.023557598106074433,0.2166699818768944,0.30901406957724414,1
575,2500,seqmar,0.2558505160746848,seq,0.26992345815720764,0.01627122287927184,0.2380324473294107,0.3018144689850046,1
576,2500,seqmar,0.2558505160746848,full,0.27408630550159935,0.011906860642080339,0.2507492874741844,0.2974233235290143,1
576,2500,seqmar,0.2558505160746848,cc,0.24959332211397878,0.02228163306203407,0.20592212379565508,0.2932645204323025,1
576,2500,seqmar,0.2558505160746848,cc_ccproj,0.2535224543996155,0.022145160335741938,0.21011873770969638,0.2969261710895347,1
576,2500,seqmar,0.2558505160746848,seq,0.2722542820498824,0.014492406836564357,0.2438496866009142,0.30065887749885056,1
577,2500,seqmar,0.2558505160746848,full,0.2677613576947096,0.008936575298495475,0.2502459919645282,0.285276723424891,1
577,2500,seqmar,0.2558505160746848,cc,0.24076759846375004,0.014281075548428635,0.2127772047283343,0.26875799219916574,1
577,2500,seqmar,0.2558505160746848,cc_ccproj,0.23784939920411297,0.014366541795513634,0.20969149470251686,0.2660073037057091,1
577,2500,seqmar,0.2558505160746848,seq,0.2797628587255109,0.023357938110775234,0.23398214127527586,0.32554357617574586,1
578,2500,seqmar,0.2558505160746848,full,0.2547993509487289,0.01040412004477242,0.23440765037014372,0.2751910515273141,1
578,2500,seqmar,0.2558505160746848,cc,0.22130492453852907,0.016554055002199163,0.1888595729361236,0.25375027614093454,0
578,2500,seqmar,0.2558505160746848,cc_ccproj,0.2218297907872954,0.016475742517974908,0.1895379288335093,0.25412165274108145,0
578,2500,seqmar,0.2558505160746848,seq,0.25183415960248845,0.01823645060388086,0.21609137321303823,0.28757694599193867,1
579,2500,seqmar,0.2558505160746848,full,0.2550565001284407,0.00887973774775706,0.23765253395067606,0.27246046630620535,1
579,2500,seqmar,0.2558505160746848,cc,0.22788379193308866,0.01365001612626022,0.2011302519372277,0.25463733192894966,0
579,2500,seqmar,0.2558505160746848,cc_ccproj,0.2288435363353379,0.013873812580720285,0.20165136334886746,0.25603570932180836,1
579,2500,seqmar,0.2558505160746848,seq,0.23799916998001527,0.0159952602928374,0.20664903588271039,0.26934930407732016,1
580,2500,seqmar,0.2558505160746848,full,0.2381763974366867,0.010007684341304888,0.21856169655908367,0.25779109831428976,1
580,2500,seqmar,0.2558505160746848,cc,0.193263038951931,0.012775670934396617,0.16822318404217845,0.21830289386168356,0
580,2500,seqmar,0.2558505160746848,cc_ccproj,0.19356010791472678,0.012506202450106564,0.16904840152915132,0.21807181430030223,0
580,2500,seqmar,0.2558505160746848,seq,0.22201251763998617,0.01417170684587345,0.19423648262261448,0.24978855265735786,0
581,2500,seqmar,0.2558505160746848,full,0.2585519070277172,0.008756605047356952,0.24138927650805592,0.27571453754737846,1
581,2500,seqmar,0.2558505160746848,cc,0.21666123632029252,0.010117446263219164,0.19683140602886362,0.23649106661172142,0
581,2500,seqmar,0.2558505160746848,cc_ccproj,0.21734799067659488,0.010006008255372853,0.19773657486705362,0.23695940648613614,0
581,2500,seqmar,0.2558505160746848,seq,0.25426125981097275,0.010256438334085089,0.23415901006651,0.27436350955543554,1
582,2500,seqmar,0.2558505160746848,full,0.25746478845991416,0.011058925035013607,0.23578969368355912,0.2791398832362692,1
582,2500,seqmar,0.2558505160746848,cc,0.2286763787257244,0.02475333105962453,0.18016074135146365,0.2771920160999852,1
582,2500,seqmar,0.2558505160746848,cc_ccproj,0.22843206670000346,0.0243818019828347,0.18064461293546016,0.27621952046454673,1
582,2500,seqmar,0.2558505160746848,seq,0.26059027074901225,0.0173954400492377,0.2264958347572807,0.2946847067407438,1
583,2500,seqmar,0.2558505160746848,full,0.2370369451297396,0.011354606967848114,0.21478232441414977,0.2592915658453295,1
583,2500,seqmar,0.2558505160746848,cc,0.19617971993442979,0.021532107089180012,0.15397756552837738,0.2383818743404822,0
583,2500,seqmar,0.2558505160746848,cc_ccproj,0.19945522634622995,0.02077931998488315,0.15872850755262558,0.24018194513983432,0
583,2500,seqmar,0.2558505160746848,seq,0.23431434902616924,0.01564851785618505,0.2036438176166146,0.2649848804357239,1
584,2500,seqmar,0.2558505160746848,full,0.24007213595749807,0.010045286364110393,0.2203837364694504,0.2597605354455457,1
584,2500,seqmar,0.2558505160746848,cc,0.20242640737031514,0.015273765662599416,0.17249037676331574,0.23236243797731454,0
584,2500,seqmar,0.2558505160746848,cc_ccproj,0.2026947405748458,0.01494341434763571,0.1734061866474207,0.2319832945022709,0
584,2500,seqmar,0.2558505160746848,seq,0.2508973778041808,0.01688076489297499,0.2178116865824617,0.2839830690258999,1
585,2500,seqmar,0.2558505160746848,full,0.24025443383136716,0.009948506891205116,0.2207557186246566,0.2597531490380777,1
585,2500,seqmar,0.2558505160746848,cc,0.20681525295019595,0.015564314015407681,0.1763097580359249,0.237320747864467,0
585,2500,seqmar,0.2558505160746848,cc_ccproj,0.20973917125261796,0.015462061825779387,0.17943408694735874,0.24004425555787717,0
585,2500,seqmar,0.2558505160746848,seq,0.25558148098562833,0.014046954835507662,0.22804995541557255,0.2831130065556841,1
586,2500,seqmar,0.2558505160746848,full,0.2508903966639716,0.009359102724737882,0.23254689239587467,0.26923390093206856,1
586,2500,seqmar,0.2558505160746848,cc,0.22065378667772667,0.014074366538756726,0.19306853515654782,0.24823903819890553,0
586,2500,seqmar,0.2558505160746848,cc_ccproj,0.2188699747815258,0.013931406119303207,0.19156492053369062,0.246175029029361,0
586,2500,seqmar,0.2558505160746848,seq,0.24316551950589219,0.01155397896768216,0.2205201368511019,0.2658109021606825,1
587,2500,seqmar,0.2558505160746848,full,0.2559725232939198,0.010094742795483135,0.23618719098157764,0.2757578556062619,1
587,2500,seqmar,0.2558505160746848,cc,0.22702561330259197,0.019715211116885224,0.18838450956589323,0.2656667170392907,1
587,2500,seqmar,0.2558505160746848,cc_ccproj,0.22868768332150957,0.01962471629413602,0.1902239461781866,0.26715142046483253,1
587,2500,seqmar,0.2558505160746848,seq,0.24491124817793897,0.017171159719686396,0.21125639355456874,0.2785661028013092,1
588,2500,seqmar,0.2558505160746848,full,0.23065023174171312,0.010177970093072477,0.2107017769235653,0.25059868655986095,0
588,2500,seqmar,0.2558505160746848,cc,0.18700703440797448,0.018830064504345795,0.15010078615289066,0.2239132826630583,0
588,2500,seqmar,0.2558505160746848,cc_ccproj,0.18891128721616154,0.018616780432642113,0.15242306806009298,0.2253995063722301,0
588,2500,seqmar,0.2558505160746848,seq,0.2082561319593382,0.02951182278384872,0.1504140221848661,0.2660982417338103,1
589,2500,seqmar,0.2558505160746848,full,0.2635754816051523,0.008996947315787736,0.24594178889540405,0.2812091743149006,1
589,2500,seqmar,0.2558505160746848,cc,0.2171138143193589,0.012499391047151748,0.19261545803825908,0.2416121706004587,0
589,2500,seqmar,0.2558505160746848,cc_ccproj,0.21809979058146886,0.012423120440992306,0.19375092194152058,0.24244865922141715,0
589,2500,seqmar,0.2558505160746848,seq,0.24648952900403046,0.012090306929908095,0.22279296285937555,0.27018609514868536,1
590,2500,seqmar,0.2558505160746848,full,0.26062963188950833,0.010049254350442969,0.24093345529115764,0.280325808487859,1
590,2500,seqmar,0.2558505160746848,cc,0.22794809509728192,0.0160877425362205,0.19641669913373666,0.2594794910608272,1
590,2500,seqmar,0.2558505160746848,cc_ccproj,0.22436946821528309,0.016077994417110518,0.19285717821411041,0.25588175821645576,1
590,2500,seqmar,0.2558505160746848,seq,0.2554168017147381,0.013147725490179478,0.22964773327536708,0.28118587015410906,1
591,2500,seqmar,0.2558505160746848,full,0.26699505809675456,0.01559529644248502,0.23642883874125828,0.2975612774522508,1
591,2500,seqmar,0.2558505160746848,cc,0.18801192327307611,0.02334678500510924,0.14225306550826222,0.23377078103789,0
591,2500,seqmar,0.2558505160746848,cc_ccproj,0.1892172104015118,0.022850251898510594,0.14443153964276303,0.23400288116026055,0
591,2500,seqmar,0.2558505160746848,seq,0.224589441130623,0.017133568361097674,0.1910082642162166,0.2581706180450294,1
592,2500,seqmar,0.2558505160746848,full,0.25597338334889347,0.011685278947454797,0.23307065746257796,0.278876109235209,1
592,2500,seqmar,0.2558505160746848,cc,0.23688442834497328,0.028218613887699875,0.18157696143143973,0.29219189525850686,1
592,2500,seqmar,0.2558505160746848,cc_ccproj,0.2363460229606841,0.027996597450643153,0.18147370026775764,0.2912183456536106,1
592,2500,seqmar,0.2558505160746848,seq,0.25101234712089043,0.017691472278498627,0.21633769862154437,0.28568699562023653,1
593,2500,seqmar,0.2558505160746848,full,0.2628447252457338,0.01270753819702983,0.2379384080473883,0.28775104244407934,1
593,2500,seqmar,0.2558505160746848,cc,0.21480310965726812,0.020518373755936792,0.17458783607430017,0.25501838324023607,0
593,2500,seqmar,0.2558505160746848,cc_ccproj,0.22036312449120032,0.020362696195627413,0.18045297331963983,0.2602732756627608,1
593,2500,seqmar,0.2558505160746848,seq,0.24670119219949985,0.017012475581835038,0.21335735277123608,0.2800450316277636,1
594,2500,seqmar,0.2558505160746848,full,0.2564802774976442,0.011962762989204985,0.23303369288321368,0.2799268621120747,1
594,2500,seqmar,0.2558505160746848,cc,0.23558029211774437,0.014595317588433333,0.20697399530149105,0.2641865889339977,1
594,2500,seqmar,0.2558505160746848,cc_ccproj,0.23895490646738576,0.014698852854742173,0.21014568425803734,0.26776412867673416,1
594,2500,seqmar,0.2558505160746848,seq,0.27781068351033944,0.01579557543429204,0.24685192454404142,0.30876944247663746,1
595,2500,seqmar,0.2558505160746848,full,0.253459894004447,0.009052222654904626,0.2357178636207964,0.27120192438809765,1
595,2500,seqmar,0.2558505160746848,cc,0.23162525615043278,0.015439196223146975,0.20136498760281787,0.26188552469804766,1
595,2500,seqmar,0.2558505160746848,cc_ccproj,0.23192084128967694,0.015541291295793349,0.20146047007667614,0.2623812125026777,1
595,2500,seqmar,0.2558505160746848,seq,0.25634625396567107,0.012250654324663561,0.23233541270228064,0.2803570952290615,1
596,2500,seqmar,0.2558505160746848,full,0.2448073145140841,0.00993822763432371,0.22532874628064892,0.2642858827475193,1
596,2500,seqmar,0.2558505160746848,cc,0.20946750373830433,0.017371131392525545,0.17542071183824115,0.24351429563836752,0
596,2500,seqmar,0.2558505160746848,cc_ccproj,0.20778562769763903,0.01728634640192362,0.17390501132558517,0.2416662440696929,0
596,2500,seqmar,0.2558505160746848,seq,0.23587120977177528,0.015146835704996286,0.2061839573102372,0.26555846223331336,1
597,2500,seqmar,0.2558505160746848,full,0.25008509319813377,0.011314215573621467,0.22790963816051352,0.272260548235754,1
597,2500,seqmar,0.2558505160746848,cc,0.20054241190990388,0.015293796217794902,0.17056712213613098,0.23051770168367677,0
597,2500,seqmar,0.2558505160746848,cc_ccproj,0.20073588644256096,0.015034656202731343,0.1712685017652658,0.2302032711198561,0
597,2500,seqmar,0.2558505160746848,seq,0.24649515181094994,0.019277095315646718,0.20871273926573658,0.2842775643561633,1
598,2500,seqmar,0.2558505160746848,full,0.26535361576631483,0.008674488808991606,0.24835193011639553,0.2823553014162341,1
598,2500,seqmar,0.2558505160746848,cc,0.24552649390680795,0.012154299257787946,0.22170450510422166,0.2693484827093942,1
598,2500,seqmar,0.2558505160746848,cc_ccproj,0.24424081929977523,0.012276061503174507,0.22018018088155455,0.2683014577179959,1
598,2500,seqmar,0.2558505160746848,seq,0.2703077444111277,0.011361676144219164,0.24803926836445023,0.2925762204578052,1
599,2500,seqmar,0.2558505160746848,full,0.25555887572762853,0.010585276500570109,0.23481211502011295,0.2763056364351441,1
599,2500,seqmar,0.2558505160746848,cc,0.24766895808951395,0.020704370558404826,0.20708913747246904,0.28824877870655885,1
599,2500,seqmar,0.2558505160746848,cc_ccproj,0.24680458046069526,0.02078883567717056,0.2060592112529196,0.2875499496684709,1
599,2500,seqmar,0.2558505160746848,seq,0.287813188140024,0.017013701389201653,0.25446694617346965,0.3211594301065783,1
600,2500,seqmar,0.2558505160746848,full,0.2520148209979554,0.009103792475691213,0.2341717156228739,0.2698579263730369,1
600,2500,seqmar,0.2558505160746848,cc,0.2088143692558513,0.012704977006309702,0.18391307189907477,0.23371566661262785,0
600,2500,seqmar,0.2558505160746848,cc_ccproj,0.20696225148007835,0.012727029105477692,0.18201773280314906,0.23190677015700764,0
600,2500,seqmar,0.2558505160746848,seq,0.25297529320656004,0.021555840953656168,0.2107266212809204,0.2952239651321997,1
601,2500,seqmar,0.2558505160746848,full,0.2571098076113462,0.01025080664670083,0.23701859577132878,0.27720101945136366,1
601,2500,seqmar,0.2558505160746848,cc,0.24736568552527352,0.01720273355996582,0.213648947312102,0.28108242373844505,1
601,2500,seqmar,0.2558505160746848,cc_ccproj,0.24896644844941337,0.01731355872697945,0.2150324969003145,0.28290039999851224,1
601,2500,seqmar,0.2558505160746848,seq,0.27725874684971186,0.014625489041585093,0.24859331507191984,0.3059241786275039,1
602,2500,seqmar,0.2558505160746848,full,0.2443078094442826,0.01000454686311209,0.22469925791093973,0.2639163609776255,1
602,2500,seqmar,0.2558505160746848,cc,0.21267415917604002,0.016972448058963484,0.17940877225099483,0.2459395461010852,0
602,2500,seqmar,0.2558505160746848,cc_ccproj,0.21221718016123095,0.016576065630990157,0.17972868851911805,0.24470567180334385,0
602,2500,seqmar,0.2558505160746848,seq,0.25011846546278604,0.013368029595022176,0.22391760891227702,0.27631932201329507,1
603,2500,seqmar,0.2558505160746848,full,0.2677658410254116,0.009035552088257622,0.250056484351991,0.28547519769883223,1
603,2500,seqmar,0.2558505160746848,cc,0.24494918553250095,0.013304394986588173,0.21887305052269287,0.27102532054230905,1
603,2500,seqmar,0.2558505160746848,cc_ccproj,0.24434446490896253,0.013353833795538202,0.21817143161417385,0.2705174982037512,1
603,2500,seqmar,0.2558505160746848,seq,0.2683815324144405,0.011486156511657443,0.2458690793308017,0.2908939854980793,1
604,2500,seqmar,0.2558505160746848,full,0.2592238330453691,0.008754043987388441,0.24206622211100837,0.27638144397972986,1
604,2500,seqmar,0.2558505160746848,cc,0.20707158771737577,0.011501317150085193,0.18452942032843594,0.2296137551063156,0
604,2500,seqmar,0.2558505160746848,cc_ccproj,0.20646311666450806,0.01114186303351019,0.1846254663981499,0.22830076693086623,0
604,2500,seqmar,0.2558505160746848,seq,0.2480550921506676,0.010361749804682465,0.22774643571667502,0.26836374858466017,1
605,2500,seqmar,0.2558505160746848,full,0.2501599600228776,0.009476020026893798,0.23158730205338549,0.2687326179923697,1
605,2500,seqmar,0.2558505160746848,cc,0.21808196444178338,0.01681841729456344,0.18511847226747347,0.2510454566160933,0
605,2500,seqmar,0.2558505160746848,cc_ccproj,0.21794481144516284,0.016710104016038053,0.18519360939581014,0.25069601349451553,0
605,2500,seqmar,0.2558505160746848,seq,0.25705694053727357,0.012659616090824166,0.23224454894115446,0.2818693321333927,1
606,2500,seqmar,0.2558505160746848,full,0.24151505951456012,0.010783210304886886,0.22038035567926065,0.26264976334985957,1
606,2500,seqmar,0.2558505160746848,cc,0.1924271584828474,0.021164307456376163,0.1509458781106176,0.23390843885507717,0
606,2500,seqmar,0.2558505160746848,cc_ccproj,0.19217837384563802,0.021065864119141665,0.15089003886890576,0.23346670882237028,0
606,2500,seqmar,0.2558505160746848,seq,0.22341093514669783,0.015292804270174773,0.19343758955453494,0.2533842807388607,0
607,2500,seqmar,0.2558505160746848,full,0.26378733254819803,0.01567249293970296,0.23306981083842196,0.2945048542579741,1
607,2500,seqmar,0.2558505160746848,cc,0.25100920702769786,0.020505950046814592,0.2108182834671638,0.2912001305882319,1
607,2500,seqmar,0.2558505160746848,cc_ccproj,0.25283073871294254,0.020570756873494602,0.21251279610616336,0.2931486813197217,1
607,2500,seqmar,0.2558505160746848,seq,0.28919264183767973,0.017869479822891585,0.254169104962347,0.32421617871301245,1
608,2500,seqmar,0.2558505160746848,full,0.2487046046601812,0.010592420835867542,0.22794384131278916,0.26946536800757326,1
608,2500,seqmar,0.2558505160746848,cc,0.20464073012073522,0.01767116414232282,0.17000588483688686,0.23927557540458358,0
608,2500,seqmar,0.2558505160746848,cc_ccproj,0.20342429662290956,0.01747239559366388,0.16917903053569203,0.2376695627101271,0
608,2500,seqmar,0.2558505160746848,seq,0.25075441507255236,0.018567732191997744,0.21436232870165184,0.2871465014434529,1
609,2500,seqmar,0.2558505160746848,full,0.26297905790232046,0.010598599462879601,0.24220618466851088,0.28375193113613006,1
609,2500,seqmar,0.2558505160746848,cc,0.2332875361920795,0.021982261097322802,0.1902030961425709,0.27637197624158816,1
609,2500,seqmar,0.2558505160746848,cc_ccproj,0.23215702375327382,0.021971651637611157,0.18909337786269545,0.27522066964385217,1
609,2500,seqmar,0.2558505160746848,seq,0.23617444657160658,0.025760389991537482,0.18568500996048704,0.2866638831827261,1
610,2500,seqmar,0.2558505160746848,full,0.24863334888632926,0.01234027230172922,0.2244468596155228,0.27281983815713573,1
610,2500,seqmar,0.2558505160746848,cc,0.19771958607118462,0.03186900041831251,0.13525749302800016,0.26018167911436907,1
610,2500,seqmar,0.2558505160746848,cc_ccproj,0.20235318332769547,0.03132581758503065,0.1409557090747639,0.26375065758062705,1
610,2500,seqmar,0.2558505160746848,seq,0.24933098090013273,0.021399044230147456,0.20738962490546406,0.29127233689480136,1
611,2500,seqmar,0.2558505160746848,full,0.2590205593534996,0.01105153676504144,0.23735994532019808,0.2806811733868011,1
611,2500,seqmar,0.2558505160746848,cc,0.2283487665405074,0.014387279605201532,0.20015021667880475,0.25654731640221007,1
611,2500,seqmar,0.2558505160746848,cc_ccproj,0.2287250489603338,0.014449391645852192,0.20040476173594957,0.25704533618471803,1
611,2500,seqmar,0.2558505160746848,seq,0.27316725417649423,0.017537179722675062,0.238795013529645,0.3075394948233435,1
612,2500,seqmar,0.2558505160746848,full,0.24487975943540852,0.01105375302570003,0.2232148016110358,0.26654471725978124,1
612,2500,seqmar,0.2558505160746848,cc,0.22669179679295812,0.023649034871512015,0.18034054017566276,0.2730430534102535,1
612,2500,seqmar,0.2558505160746848,cc_ccproj,0.22902989559098055,0.02354219168165701,0.18288804777779438,0.2751717434041667,1
612,2500,seqmar,0.2558505160746848,seq,0.23783295926585307,0.016499477352201867,0.20549457789180312,0.270171340639903,1
613,2500,seqmar,0.2558505160746848,full,0.25348581888974414,0.010490323280634357,0.23292516307351874,0.27404647470596954,1
613,2500,seqmar,0.2558505160746848,cc,0.23910788006502817,0.01862956162773872,0.2025946102268909,0.27562114990316544,1
613,2500,seqmar,0.2558505160746848,cc_ccproj,0.239879898553394,0.01870584461317926,0.2032171168111601,0.27654268029562795,1
613,2500,seqmar,0.2558505160746848,seq,0.25912835440457127,0.01703146061969133,0.22574730498586404,0.2925094038232785,1
614,2500,seqmar,0.2558505160746848,full,0.25677989947524454,0.0095111269567608,0.23813843318760533,0.2754213657628838,1
614,2500,seqmar,0.2558505160746848,cc,0.2194797230384531,0.014942947877755554,0.19019208337519297,0.2487673627017132,0
614,2500,seqmar,0.2558505160746848,cc_ccproj,0.2210561145248007,0.014635248072752184,0.1923715553973972,0.2497406736522042,0
614,2500,seqmar,0.2558505160746848,seq,0.2614514980364864,0.01370713185714983,0.2345860132651311,0.2883169828078417,1
615,2500,seqmar,0.2558505160746848,full,0.2602111349954317,0.0095952607711124,0.24140476946178135,0.27901750052908203,1
615,2500,seqmar,0.2558505160746848,cc,0.24660154882398674,0.020272597391357724,0.20686798806384496,0.28633510958412856,1
615,2500,seqmar,0.2558505160746848,cc_ccproj,0.24723198911231462,0.020358147972336788,0.20733075229459738,0.2871332259300319,1
615,2500,seqmar,0.2558505160746848,seq,0.2730842022928923,0.01593619454085807,0.24184983494218668,0.30431856964359794,1
616,2500,seqmar,0.2558505160746848,full,0.25327516248139964,0.009945748900128672,0.2337818528378686,0.2727684721249307,1
616,2500,seqmar,0.2558505160746848,cc,0.21430051943844955,0.015174591254835052,0.18455886709885638,0.24404217177804272,0
616,2500,seqmar,0.2558505160746848,cc_ccproj,0.214013517262696,0.015091116049947364,0.1844354733182848,0.24359156120710718,0
616,2500,seqmar,0.2558505160746848,seq,0.24648828022623928,0.01288887867907939,0.22122654221413748,0.27175001823834105,1
617,2500,seqmar,0.2558505160746848,full,0.28014261518181843,0.01211231501560362,0.2564029139818316,0.30388231638180524,0
617,2500,seqmar,0.2558505160746848,cc,0.2382968332022845,0.009227698618388356,0.2202108762500533,0.2563827901545157,1
617,2500,seqmar,0.2558505160746848,cc_ccproj,0.2357329992802269,0.009250332671413846,0.21760268039924158,0.2538633181612122,0
617,2500,seqmar,0.2558505160746848,seq,0.26753021848961156,0.009241087134253267,0.2494180205284787,0.2856424164507444,1
618,2500,seqmar,0.2558505160746848,full,0.28129109360960086,0.008953502936856475,0.26374255031788857,0.29883963690131315,0
618,2500,seqmar,0.2558505160746848,cc,0.24986633060062868,0.013136936631681783,0.22411840793534746,0.27561425326590994,1
618,2500,seqmar,0.2558505160746848,cc_ccproj,0.24641644442844804,0.013096062183470501,0.22074863420954888,0.2720842546473472,1
618,2500,seqmar,0.2558505160746848,seq,0.2892807344050039,0.012585921932980405,0.2646127807041296,0.3139486881058782,0
619,2500,seqmar,0.2558505160746848,full,0.2658637680188236,0.012083873502221211,0.24217981116073214,0.28954772487691505,1
619,2500,seqmar,0.2558505160746848,cc,0.25525117785376245,0.029238422189890992,0.19794492339679937,0.3125574323107255,1
619,2500,seqmar,0.2558505160746848,cc_ccproj,0.25210758522953486,0.02928200553399834,0.19471590898779556,0.30949926147127416,1
619,2500,seqmar,0.2558505160746848,seq,0.2873362540710401,0.019540679362355783,0.24903722628737762,0.32563528185470253,1
620,2500,seqmar,0.2558505160746848,full,0.26167037595477943,0.009600450539592012,0.24285383866182098,0.2804869132477379,1
620,2500,seqmar,0.2558505160746848,cc,0.2130839098208131,0.015156940354259177,0.18337685261064335,0.24279096703098285,0
620,2500,seqmar,0.2558505160746848,cc_ccproj,0.21191705422752208,0.015069543253188836,0.1823812921878034,0.24145281626724074,0
620,2500,seqmar,0.2558505160746848,seq,0.24110061086883455,0.017373909000492238,0.20704837495719347,0.27515284678047564,1
621,2500,seqmar,0.2558505160746848,full,0.25995295952803227,0.012089213809776032,0.236258535859467,0.28364738319659755,1
621,2500,seqmar,0.2558505160746848,cc,0.21976948375698513,0.025322500297743397,0.17013829517490328,0.269400672339067,1
621,2500,seqmar,0.2558505160746848,cc_ccproj,0.2194984281399748,0.02529528724185787,0.16992057616733786,0.26907628011261175,1
621,2500,seqmar,0.2558505160746848,seq,0.2446386894987944,0.018590299696370886,0.20820237163210153,0.28107500736548724,1
622,2500,seqmar,0.2558505160746848,full,0.24206703602385832,0.012428289141712671,0.21770803691665125,0.2664260351310654,1
622,2500,seqmar,0.2558505160746848,cc,0.21068833984418406,0.033885020495233,0.14427492005812578,0.2771017596302423,1
622,2500,seqmar,0.2558505160746848,cc_ccproj,0.21001905706137042,0.033439731545154235,0.14447838758018017,0.27555972654256067,1
622,2500,seqmar,0.2558505160746848,seq,0.2433617177207005,0.020012094538169177,0.20413873317067818,0.2825847022707228,1
623,2500,seqmar,0.2558505160746848,full,0.26409215548779713,0.014696469946195601,0.23528760369337845,0.29289670728221584,1
623,2500,seqmar,0.2558505160746848,cc,0.2709970385160071,0.04198983642598386,0.18869847140435064,0.35329560562766354,1
623,2500,seqmar,0.2558505160746848,cc_ccproj,0.27263264920679675,0.04182542634134758,0.1906563199397226,0.3546089784738709,1
623,2500,seqmar,0.2558505160746848,seq,0.26860449025593863,0.02402465582574593,0.22151703009650622,0.31569195041537107,1
624,2500,seqmar,0.2558505160746848,full,0.2516751351416786,0.009678888290958386,0.23270486268101373,0.27064540760234346,1
624,2500,seqmar,0.2558505160746848,cc,0.21071392555562807,0.015426818847536194,0.18047791621843343,0.2409499348928227,0
624,2500,seqmar,0.2558505160746848,cc_ccproj,0.2136417752059735,0.015309985413821376,0.18363475519105005,0.24364879522089694,0
624,2500,seqmar,0.2558505160746848,seq,0.23573712624684376,0.016587148710219685,0.20322691216860317,0.26824734032508435,1
625,2500,seqmar,0.2558505160746848,full,0.2545584821939495,0.010102379328367096,0.23475818255218805,0.27435878183571094,1
625,2500,seqmar,0.2558505160746848,cc,0.20175254914902513,0.015442587629682692,0.1714856335667433,0.23201946473130697,0
625,2500,seqmar,0.2558505160746848,cc_ccproj,0.2007629401919554,0.01492273583039604,0.17151491541357375,0.23001096497033705,0
625,2500,seqmar,0.2558505160746848,seq,0.24112370625246754,0.012357667115448435,0.21690312377325363,0.2653442887316815,1
626,2500,seqmar,0.2558505160746848,full,0.25504744363213233,0.00924584094154609,0.2369259283799161,0.27316895888434856,1
626,2500,seqmar,0.2558505160746848,cc,0.22476701900236432,0.01229672034690663,0.20066588999446644,0.2488681480102622,0
626,2500,seqmar,0.2558505160746848,cc_ccproj,0.22489499723977216,0.012362034301944696,0.2006658552323118,0.2491241392472325,0
626,2500,seqmar,0.2558505160746848,seq,0.2515082978016035,0.014307602275857294,0.2234659126357999,0.2795506829674071,1
627,2500,seqmar,0.2558505160746848,full,0.2616031795262317,0.00860694809617418,0.24473387124092472,0.27847248781153866,1
627,2500,seqmar,0.2558505160746848,cc,0.23307044752931225,0.011788878544419002,0.20996467016413403,0.2561762248944905,1
627,2500,seqmar,0.2558505160746848,cc_ccproj,0.23215748993232616,0.011773909142683498,0.20908105205541963,0.25523392780923265,0
627,2500,seqmar,0.2558505160746848,seq,0.26447185970115794,0.011253221529162392,0.2424159507939489,0.286527768608367,1
628,2500,seqmar,0.2558505160746848,full,0.2542704783294288,0.009014913392226714,0.23660157275691662,0.27193938390194095,1
628,2500,seqmar,0.2558505160746848,cc,0.21914775324712746,0.014018525579516432,0.19167194799492177,0.24662355849933315,0
628,2500,seqmar,0.2558505160746848,cc_ccproj,0.21711426361244293,0.014016972974891653,0.18964150140938404,0.24458702581550182,0
628,2500,seqmar,0.2558505160746848,seq,0.244907248147265,0.013763404287678915,0.21793147143875016,0.2718830248557798,1
629,2500,seqmar,0.2558505160746848,full,0.24222343130539453,0.009254152070300208,0.22408562654014935,0.2603612360706397,1
629,2500,seqmar,0.2558505160746848,cc,0.19975923656396868,0.013320847653534508,0.17365085491949617,0.2258676182084412,0
629,2500,seqmar,0.2558505160746848,cc_ccproj,0.20011169889747443,0.013290972152093485,0.1740618721598464,0.22616152563510247,0
629,2500,seqmar,0.2558505160746848,seq,0.23917803598580967,0.01191585778188823,0.2158233838884074,0.26253268808321195,1
630,2500,seqmar,0.2558505160746848,full,0.2649528697681102,0.011896985855846622,0.2416352059660684,0.28827053357015203,1
630,2500,seqmar,0.2558505160746848,cc,0.23185931446121535,0.022567854650243503,0.18762713213840332,0.2760914967840274,1
630,2500,seqmar,0.2558505160746848,cc_ccproj,0.2314571752171235,0.02184014011047874,0.18865128718327653,0.2742630632509705,1
630,2500,seqmar,0.2558505160746848,seq,0.25960760360944285,0.015919205904367396,0.22840653337440536,0.29080867384448034,1
631,2500,seqmar,0.2558505160746848,full,0.2769866488347966,0.01241844244144024,0.2526469489054901,0.30132634876410314,1
631,2500,seqmar,0.2558505160746848,cc,0.2457431913999757,0.020855513025431826,0.20486713699102332,0.28661924580892806,1
631,2500,seqmar,0.2558505160746848,cc_ccproj,0.24670554383431276,0.02089019908262517,0.20576150600249576,0.28764958166612975,1
631,2500,seqmar,0.2558505160746848,seq,0.26004604856554303,0.016615343418684474,0.22748057387415685,0.2926115232569292,1
632,2500,seqmar,0.2558505160746848,full,0.25567771244603044,0.009143122111350883,0.2377575224015309,0.27359790249053,1
632,2500,seqmar,0.2558505160746848,cc,0.2099150046900214,0.012659586572290937,0.18510267094916427,0.2347273384308785,0
632,2500,seqmar,0.2558505160746848,cc_ccproj,0.2094084348703017,0.012622576713878085,0.18466863911900672,0.23414823062159668,0
632,2500,seqmar,0.2558505160746848,seq,0.24606143285798754,0.012826147683344932,0.22092264533823963,0.27120022037773545,1
633,2500,seqmar,0.2558505160746848,full,0.28607386829191184,0.01560722557088463,0.25548426827438536,0.3166634683094383,1
633,2500,seqmar,0.2558505160746848,cc,0.2970805328713561,0.04777565950074364,0.2034419609122497,0.3907191048304625,1
633,2500,seqmar,0.2558505160746848,cc_ccproj,0.2973827397339356,0.04776515933346622,0.20376474772452458,0.3910007317433466,1
633,2500,seqmar,0.2558505160746848,seq,0.30670974604401674,0.027131985279213434,0.2535320320676875,0.359887460020346,1
634,2500,seqmar,0.2558505160746848,full,0.23686448048953107,0.013633035854237373,0.21014422121528256,0.26358473976377955,1
634,2500,seqmar,0.2558505160746848,cc,0.19618152844103726,0.02947774247171058,0.1384062148509378,0.2539568420311367,0
634,2500,seqmar,0.2558505160746848,cc_ccproj,0.19969114791893763,0.029029220859534077,0.142794920534992,0.2565873753028833,1
634,2500,seqmar,0.2558505160746848,seq,0.2331866585558867,0.01821357249223201,0.1974887124413025,0.2688846046704709,1
635,2500,seqmar,0.2558505160746848,full,0.26016710560173906,0.010595389077420234,0.23940052460780634,0.2809336865956718,1
635,2500,seqmar,0.2558505160746848,cc,0.22737691507966729,0.013567881887586473,0.20078435523350446,0.2539694749258301,0
635,2500,seqmar,0.2558505160746848,cc_ccproj,0.225822916954989,0.01359204189398373,0.1991830043664213,0.2524628295435567,0
635,2500,seqmar,0.2558505160746848,seq,0.25835879454262783,0.015341160605767148,0.22829067227427954,0.2884269168109761,1
636,2500,seqmar,0.2558505160746848,full,0.26455681527053676,0.011150627836968654,0.24270198630506842,0.28641164423600507,1
636,2500,seqmar,0.2558505160746848,cc,0.2044695004892959,0.01647818246685614,0.17217285632357848,0.23676614465501333,0
636,2500,seqmar,0.2558505160746848,cc_ccproj,0.20357509924654069,0.016245391068142514,0.17173471783821267,0.2354154806548687,0
636,2500,seqmar,0.2558505160746848,seq,0.26221114116307853,0.022452972127206965,0.21820412444787118,0.3062181578782859,1
637,2500,seqmar,0.2558505160746848,full,0.2591150559151708,0.009470687196236734,0.2405528501017022,0.27767726172863944,1
637,2500,seqmar,0.2558505160746848,cc,0.22282287729619082,0.01449864057069507,0.19440606395283724,0.25123969063954443,0
637,2500,seqmar,0.2558505160746848,cc_ccproj,0.2238472487651196,0.014354674221841297,0.19571260428050513,0.2519818932497341,0
637,2500,seqmar,0.2558505160746848,seq,0.2577981861997124,0.01482101692876116,0.2287495268050821,0.2868468455943427,1
638,2500,seqmar,0.2558505160746848,full,0.2496995340787877,0.01029490852514527,0.22952188414536862,0.2698771840122068,1
638,2500,seqmar,0.2558505160746848,cc,0.19991361552985235,0.02146184791155154,0.15784916658153514,0.24197806447816955,0
638,2500,seqmar,0.2558505160746848,cc_ccproj,0.19820805331027255,0.021208364314004236,0.15664042308381973,0.23977568353672538,0
638,2500,seqmar,0.2558505160746848,seq,0.23298794556469773,0.0230843560864921,0.18774343902887525,0.2782324521005202,1
639,2500,seqmar,0.2558505160746848,full,0.24598069489092278,0.015076126384129829,0.21643203015165424,0.2755293596301913,1
639,2500,seqmar,0.2558505160746848,cc,0.19493386455252756,0.03924458370325182,0.11801589390588646,0.27185183519916867,1
639,2500,seqmar,0.2558505160746848,cc_ccproj,0.19797650370040795,0.038723808731154226,0.12207923324312799,0.27387377415768793,1
639,2500,seqmar,0.2558505160746848,seq,0.2546023330745314,0.024884758017340823,0.20582910359654902,0.30337556255251374,1
640,2500,seqmar,0.2558505160746848,full,0.253362943584023,0.010214114070814623,0.23334364787124254,0.27338223929680344,1
640,2500,seqmar,0.2558505160746848,cc,0.24735125235532068,0.019758732670473175,0.20862484794103833,0.286077656769603,1
640,2500,seqmar,0.2558505160746848,cc_ccproj,0.2487312339974798,0.01971425586138045,0.21009200252716645,0.2873704654677931,1
640,2500,seqmar,0.2558505160746848,seq,0.28291511115841833,0.023313298513742416,0.23722188571065203,0.32860833660618466,1
641,2500,seqmar,0.2558505160746848,full,0.25917558214155423,0.010209735395402793,0.23916486847488094,0.2791862958082275,1
641,2500,seqmar,0.2558505160746848,cc,0.21286342550120238,0.017594381888808908,0.1783790706688931,0.24734778033351165,0
641,2500,seqmar,0.2558505160746848,cc_ccproj,0.21461368786250154,0.01729046081025133,0.18072500739830769,0.2485023683266954,0
641,2500,seqmar,0.2558505160746848,seq,0.2498904750203292,0.015251434392590642,0.21999821289827604,0.2797827371423824,1
642,2500,seqmar,0.2558505160746848,full,0.2709798989876228,0.008961745771381213,0.2534152000371115,0.28854459793813414,1
642,2500,seqmar,0.2558505160746848,cc,0.2512205486110653,0.013356527852487081,0.2250422350616845,0.27739886216044607,1
642,2500,seqmar,0.2558505160746848,cc_ccproj,0.2497035411026739,0.01336792798728294,0.22350288369967433,0.2759041985056735,1
642,2500,seqmar,0.2558505160746848,seq,0.27207164697127145,0.015417946701736664,0.24185302672030948,0.3022902672222334,1
643,2500,seqmar,0.2558505160746848,full,0.26339900507269604,0.008970276833767818,0.24581758554715713,0.28098042459823497,1
643,2500,seqmar,0.2558505160746848,cc,0.2330644795113436,0.015733362039811263,0.20222765655758387,0.2639013024651033,1
643,2500,seqmar,0.2558505160746848,cc_ccproj,0.23382531641400683,0.015673175079056263,0.20310645773566585,0.26454417509234784,1
643,2500,seqmar,0.2558505160746848,seq,0.26432374799576214,0.012816945860466403,0.23920299571744824,0.28944450027407603,1
644,2500,seqmar,0.2558505160746848,full,0.27168325851641123,0.010471794512847228,0.25115891841772653,0.29220759861509593,1
644,2500,seqmar,0.2558505160746848,cc,0.23099587912213065,0.01701793082726555,0.19764134760929625,0.26435041063496506,1
644,2500,seqmar,0.2558505160746848,cc_ccproj,0.22958264652514623,0.016728426985540033,0.19679553211547984,0.2623697609348126,1
644,2500,seqmar,0.2558505160746848,seq,0.2624454475431335,0.013438191249761706,0.23610707667623923,0.2887838184100277,1
645,2500,seqmar,0.2558505160746848,full,0.248002924549856,0.01044633145432626,0.2275284911288086,0.2684773579709034,1
645,2500,seqmar,0.2558505160746848,cc,0.23355140223162207,0.020049063357972602,0.19425596012623408,0.27284684433701006,1
645,2500,seqmar,0.2558505160746848,cc_ccproj,0.23382233669005004,0.020126647541314883,0.19437483237954123,0.27326984100055884,1
645,2500,seqmar,0.2558505160746848,seq,0.2549630046806148,0.013807369240063126,0.22790105824884488,0.2820249511123847,1
646,2500,seqmar,0.2558505160746848,full,0.2474686859959847,0.011012408504896588,0.2258847619433448,0.2690526100486246,1
646,2500,seqmar,0.2558505160746848,cc,0.20792950970732027,0.01707288837210055,0.17446726338593052,0.24139175602871002,0
646,2500,seqmar,0.2558505160746848,cc_ccproj,0.20925191427428513,0.017214738509288324,0.1755116467928053,0.24299218175576498,0
646,2500,seqmar,0.2558505160746848,seq,0.2409813406481362,0.01686984503048534,0.20791705196361293,0.27404562933265947,1
647,2500,seqmar,0.2558505160746848,full,0.24327899102775719,0.009896841074431036,0.22388153896115567,0.2626764430943587,1
647,2500,seqmar,0.2558505160746848,cc,0.22315598942558817,0.012460147357085704,0.19873454936363827,0.24757742948753808,0
647,2500,seqmar,0.2558505160746848,cc_ccproj,0.22119945737561525,0.012499824846903897,0.19670025086262471,0.24569866388860578,0
647,2500,seqmar,0.2558505160746848,seq,0.25171333847152644,0.014618174003968157,0.22306224390400917,0.2803644330390437,1
648,2500,seqmar,0.2558505160746848,full,0.2525693442183322,0.009854514560851223,0.23325485059393827,0.2718838378427262,1
648,2500,seqmar,0.2558505160746848,cc,0.20850229227934283,0.013406982947331692,0.18222508856123004,0.23477949599745562,0
648,2500,seqmar,0.2558505160746848,cc_ccproj,0.20707921549110692,0.013298548975134652,0.18101453845320095,0.23314389252901288,0
648,2500,seqmar,0.2558505160746848,seq,0.22990849533116858,0.013150268134633589,0.20413444340024203,0.25568254726209516,0
649,2500,seqmar,0.2558505160746848,full,0.24512250458106952,0.009182500898936715,0.22712513353114688,0.26311987563099215,1
649,2500,seqmar,0.2558505160746848,cc,0.21557869250340836,0.014961857824986068,0.1862539900246269,0.24490339498218983,0
649,2500,seqmar,0.2558505160746848,cc_ccproj,0.2172505178840855,0.014908478317614311,0.18803043731726515,0.24647059845090585,0
649,2500,seqmar,0.2558505160746848,seq,0.24580716416167553,0.011258502826726555,0.2237409041014491,0.26787342422190197,1
650,2500,seqmar,0.2558505160746848,full,0.24618803963328031,0.009577396155981917,0.2274166881018834,0.2649593911646772,1
650,2500,seqmar,0.2558505160746848,cc,0.22099704714067506,0.011882472338708584,0.1977078293095128,0.2442862649718373,0
650,2500,seqmar,0.2558505160746848,cc_ccproj,0.22061444530512553,0.011835099109574419,0.19741807729689761,0.24381081331335344,0
650,2500,seqmar,0.2558505160746848,seq,0.2517821224251214,0.01029507842889114,0.23160413948647954,0.2719601053637632,1
651,2500,seqmar,0.2558505160746848,full,0.2641087484182328,0.009934019872719939,0.24463842724599655,0.283579069590469,1
651,2500,seqmar,0.2558505160746848,cc,0.2372256580395561,0.017742840801728638,0.20245032908474017,0.272000986994372,1
651,2500,seqmar,0.2558505160746848,cc_ccproj,0.23786868629857327,0.017688784169459,0.20319930639613137,0.27253806620101517,1
651,2500,seqmar,0.2558505160746848,seq,0.27430383836059963,0.017450836123890538,0.2401008280576636,0.3085068486635356,1
652,2500,seqmar,0.2558505160746848,full,0.26978369198994107,0.011745980973897018,0.24676199231801021,0.2928053916618719,1
652,2500,seqmar,0.2558505160746848,cc,0.23571098510205302,0.017685155827387458,0.20104871661939494,0.2703732535847111,1
652,2500,seqmar,0.2558505160746848,cc_ccproj,0.23507480686778354,0.017594426676076417,0.20059036425404297,0.2695592494815241,1
652,2500,seqmar,0.2558505160746848,seq,0.2530774235645429,0.014500230797905245,0.2246574934331301,0.28149735369595563,1
653,2500,seqmar,0.2558505160746848,full,0.2493578411825847,0.009620468704138612,0.2305020690080783,0.2682136133570911,1
653,2500,seqmar,0.2558505160746848,cc,0.2023748286379282,0.013861402940714175,0.17520697809893082,0.22954267917692556,0
653,2500,seqmar,0.2558505160746848,cc_ccproj,0.2009952592517628,0.013491025542528406,0.17455333507389717,0.2274371834296284,0
653,2500,seqmar,0.2558505160746848,seq,0.23529666917898961,0.015545731654674353,0.2048275950225036,0.2657657433354756,1
654,2500,seqmar,0.2558505160746848,full,0.25778833094732456,0.008890691994663122,0.24036289484014628,0.27521376705450284,1
654,2500,seqmar,0.2558505160746848,cc,0.22757703927456988,0.012303918324050171,0.2034618024907091,0.25169227605843064,0
654,2500,seqmar,0.2558505160746848,cc_ccproj,0.2243415745354353,0.012284070697306996,0.20026523838516974,0.24841791068570085,0
654,2500,seqmar,0.2558505160746848,seq,0.25419890005589274,0.012416463322354339,0.2298630791287157,0.2785347209830698,1
655,2500,seqmar,0.2558505160746848,full,0.2639325180086978,0.00990780664305539,0.24451357382252256,0.28335146219487306,1
655,2500,seqmar,0.2558505160746848,cc,0.2173964839388851,0.014946457445580222,0.18810196564908735,0.24669100222868287,0
655,2500,seqmar,0.2558505160746848,cc_ccproj,0.21873792704894973,0.014935394139192409,0.189465092441222,0.24801076165667746,0
655,2500,seqmar,0.2558505160746848,seq,0.2539431072106031,0.01890009223488121,0.2168996071257508,0.2909866072954554,1
656,2500,seqmar,0.2558505160746848,full,0.2665788062927888,0.012330335128801889,0.24241179352302805,0.29074581906254954,1
656,2500,seqmar,0.2558505160746848,cc,0.22877551680544128,0.017647223462772234,0.19418759439127747,0.2633634392196051,1
656,2500,seqmar,0.2558505160746848,cc_ccproj,0.2291363079429133,0.01754355206089814,0.19475157774264948,0.26352103814317707,1
656,2500,seqmar,0.2558505160746848,seq,0.25666795920536184,0.015564055338592508,0.22616297128833218,0.2871729471223915,1
657,2500,seqmar,0.2558505160746848,full,0.26693369543934425,0.010229051168540917,0.2468851235529867,0.2869822673257018,1
657,2500,seqmar,0.2558505160746848,cc,0.25069514156682704,0.018265914490538354,0.21489460702068358,0.2864956761129705,1
657,2500,seqmar,0.2558505160746848,cc_ccproj,0.24818761734586256,0.018333741851180092,0.2122541436156949,0.28412109107603023,1
657,2500,seqmar,0.2558505160746848,seq,0.2847136532366794,0.01646857513132931,0.25243583910258194,0.3169914673707769,1
658,2500,seqmar,0.2558505160746848,full,0.2563613511676838,0.008520969298542269,0.23966055822916946,0.2730621441061982,1
658,2500,seqmar,0.2558505160746848,cc,0.218307337627995,0.011879932083252318,0.19502309860603856,0.24159157664995146,0
658,2500,seqmar,0.2558505160746848,cc_ccproj,0.2162367535244447,0.011999361625455287,0.19271843690108034,0.23975507014780909,0
658,2500,seqmar,0.2558505160746848,seq,0.26722836488634094,0.015777645780209307,0.23630474739630034,0.2981519823763815,1
659,2500,seqmar,0.2558505160746848,full,0.25254809177165105,0.01072131692511049,0.23153469673159477,0.27356148681170733,1
659,2500,seqmar,0.2558505160746848,cc,0.21854848849139827,0.01698317629373016,0.18526207461259273,0.25183490237020384,0
659,2500,seqmar,0.2558505160746848,cc_ccproj,0.21702950631240647,0.016943534133542323,0.18382078963983844,0.2502382229849745,0
659,2500,seqmar,0.2558505160746848,seq,0.2606806341050447,0.016661866232449484,0.22802397637421964,0.29333729183586976,1
660,2500,seqmar,0.2558505160746848,full,0.24500371603702648,0.010208201401208372,0.22499600894372676,0.2650114231303262,1
660,2500,seqmar,0.2558505160746848,cc,0.22106757572259453,0.012634679695907728,0.1963040585624159,0.24583109288277316,0
660,2500,seqmar,0.2558505160746848,cc_ccproj,0.22182134038327894,0.012698222470554748,0.19693328167331442,0.24670939909324346,0
660,2500,seqmar,0.2558505160746848,seq,0.25031889811421876,0.014927715946507138,0.22106111248762053,0.279576683740817,1
661,2500,seqmar,0.2558505160746848,full,0.24776707126321426,0.009937584731371699,0.22828976309641058,0.26724437943001794,1
661,2500,seqmar,0.2558505160746848,cc,0.21811740289209,0.016494033165266275,0.18578969192835892,0.2504451138558211,0
661,2500,seqmar,0.2558505160746848,cc_ccproj,0.21609352916527297,0.016565328536221665,0.18362608184220489,0.24856097648834105,0
661,2500,seqmar,0.2558505160746848,seq,0.2408220098936521,0.012059170863187696,0.21718646931838942,0.2644575504689148,1
662,2500,seqmar,0.2558505160746848,full,0.2603602152391817,0.009061544455807029,0.2425999144614913,0.27812051601687204,1
662,2500,seqmar,0.2558505160746848,cc,0.21931601381697705,0.013574268913410365,0.19271093563023106,0.24592109200372303,0
662,2500,seqmar,0.2558505160746848,cc_ccproj,0.21923897462706274,0.013402388027231846,0.19297077678685748,0.245507172467268,0
662,2500,seqmar,0.2558505160746848,seq,0.24951762068214797,0.011292684564995827,0.2273843656459848,0.27165087571831115,1
663,2500,seqmar,0.2558505160746848,full,0.26984048433221697,0.01095943503957911,0.2483603863637356,0.29132058230069835,1
663,2500,seqmar,0.2558505160746848,cc,0.2522276566960199,0.02048043162593169,0.21208674832135865,0.2923685650706811,1
663,2500,seqmar,0.2558505160746848,cc_ccproj,0.2544015705415207,0.020470817005262775,0.21427950647709557,0.2945236346059458,1
663,2500,seqmar,0.2558505160746848,seq,0.2704890124607202,0.014391727485460984,0.24228174491390148,0.29869628000753895,1
664,2500,seqmar,0.2558505160746848,full,0.2569147500670271,0.012319251364389931,0.2327694610763269,0.28106003905772725,1
664,2500,seqmar,0.2558505160746848,cc,0.2041234179464939,0.021563089024089432,0.16186054006384767,0.24638629582914015,0
664,2500,seqmar,0.2558505160746848,cc_ccproj,0.20248264784259987,0.021185216705926737,0.16096038609430718,0.24400490959089255,0
664,2500,seqmar,0.2558505160746848,seq,0.243187181373969,0.015323783940603443,0.21315311674351298,0.273221246004425,1
665,2500,seqmar,0.2558505160746848,full,0.2577239980930544,0.01265625817116951,0.2329181878985214,0.2825298082875874,1
665,2500,seqmar,0.2558505160746848,cc,0.26302370229136934,0.030750579941088218,0.20275367310311662,0.32329373147962204,1
665,2500,seqmar,0.2558505160746848,cc_ccproj,0.2637905906185211,0.030848151764004128,0.20332932417144728,0.32425185706559495,1
665,2500,seqmar,0.2558505160746848,seq,0.2753072901158504,0.020900738235064654,0.23434259592482445,0.3162719843068764,1
666,2500,seqmar,0.2558505160746848,full,0.24589764866887018,0.009616332222200982,0.22704998384998423,0.26474531348775615,1
666,2500,seqmar,0.2558505160746848,cc,0.22576799954921153,0.018155134565109424,0.19018458966711882,0.26135140943130425,1
666,2500,seqmar,0.2558505160746848,cc_ccproj,0.22666861901062785,0.01804509989970576,0.19130087310977723,0.26203636491147847,1
666,2500,seqmar,0.2558505160746848,seq,0.24959990474883478,0.017392479702382665,0.21551127093032085,0.2836885385673487,1
667,2500,seqmar,0.2558505160746848,full,0.24909833329446038,0.013075816072484576,0.22347020472392062,0.2747264618650001,1
667,2500,seqmar,0.2558505160746848,cc,0.20960632807685917,0.02368608160282156,0.16318246120045216,0.2560301949532662,1
667,2500,seqmar,0.2558505160746848,cc_ccproj,0.21299533731955472,0.023428301767077567,0.1670767096371466,0.25891396500196284,1
667,2500,seqmar,0.2558505160746848,seq,0.23226583784692448,0.01591048195109787,0.20108186624609808,0.26344980944775087,1
668,2500,seqmar,0.2558505160746848,full,0.24191824626875183,0.010120568745416747,0.22208229602467328,0.2617541965128304,1
668,2500,seqmar,0.2558505160746848,cc,0.18691736800024733,0.01755231737633491,0.15251545809741435,0.2213192779030803,0
668,2500,seqmar,0.2558505160746848,cc_ccproj,0.18776597154804836,0.017256285399929704,0.15394427365724178,0.22158766943885494,0
668,2500,seqmar,0.2558505160746848,seq,0.2209137871600541,0.014981969455793725,0.19154966660921927,0.250277907710889,0
669,2500,seqmar,0.2558505160746848,full,0.24872001101808483,0.009832318737434322,0.22944902040819523,0.26799100162797446,1
669,2500,seqmar,0.2558505160746848,cc,0.23013375348768836,0.0213300465141959,0.18832763053130028,0.27193987644407647,1
669,2500,seqmar,0.2558505160746848,cc_ccproj,0.23127751469705582,0.021295117859560064,0.1895398506457824,0.27301517874832926,1
669,2500,seqmar,0.2558505160746848,seq,0.2550871008865788,0.015198425554300796,0.22529873417843604,0.2848754675947216,1
670,2500,seqmar,0.2558505160746848,full,0.28013826271999526,0.011572932264122246,0.2574557322867941,0.30282079315319643,0
670,2500,seqmar,0.2558505160746848,cc,0.25332716859092325,0.01746840002743399,0.21908973366961412,0.28756460351223234,1
670,2500,seqmar,0.2558505160746848,cc_ccproj,0.2526301620013517,0.017334701816817306,0.21865477075764872,0.28660555324505466,1
670,2500,seqmar,0.2558505160746848,seq,0.2829129068898933,0.015602217014302137,0.25233312346288306,0.3134926903169035,1
671,2500,seqmar,0.2558505160746848,full,0.26594103001900077,0.009694562688657463,0.24694003630336636,0.2849420237346352,1
671,2500,seqmar,0.2558505160746848,cc,0.2497185157810526,0.01736733405812519,0.21567916651965138,0.28375786504245387,1
671,2500,seqmar,0.2558505160746848,cc_ccproj,0.25010477854442104,0.01741236135327274,0.21597717740620936,0.2842323796826327,1
671,2500,seqmar,0.2558505160746848,seq,0.2700412725180917,0.014421462138452633,0.24177572612231651,0.29830681891386684,1
672,2500,seqmar,0.2558505160746848,full,0.2626677675455499,0.014644490016970341,0.23396509454033165,0.2913704405507681,1
672,2500,seqmar,0.2558505160746848,cc,0.27648766382530104,0.04440785310000973,0.1894498711185366,0.36352545653206547,1
672,2500,seqmar,0.2558505160746848,cc_ccproj,0.277869809949543,0.044461215544012035,0.19072742877440702,0.36501219112467903,1
672,2500,seqmar,0.2558505160746848,seq,0.2930034983959663,0.024882134300109427,0.24423541130926307,0.3417715854826695,1
673,2500,seqmar,0.2558505160746848,full,0.2596257243887185,0.008868512216283275,0.24224375984834978,0.2770076889290872,1
673,2500,seqmar,0.2558505160746848,cc,0.21192405387305835,0.016723029242018607,0.1791475188462917,0.244700588899825,0
673,2500,seqmar,0.2558505160746848,cc_ccproj,0.21123656205184108,0.01647147546467824,0.17895306336883657,0.24352006073484558,0
673,2500,seqmar,0.2558505160746848,seq,0.2571868065416121,0.014090616217325557,0.22956970623567796,0.2848039068475462,1
674,2500,seqmar,0.2558505160746848,full,0.25845553442267594,0.010153012918440694,0.23855599476796227,0.2783550740773896,1
674,2500,seqmar,0.2558505160746848,cc,0.24407245097160754,0.016652147152824037,0.21143484228681123,0.27671005965640383,1
674,2500,seqmar,0.2558505160746848,cc_ccproj,0.24020854317182194,0.01665476756583038,0.20756579857190857,0.2728512877717353,1
674,2500,seqmar,0.2558505160746848,seq,0.27111805946339057,0.014689513973854273,0.24232714112423834,0.2999089778025428,1
675,2500,seqmar,0.2558505160746848,full,0.24411527073285938,0.00980425365881271,0.22489928666629141,0.2633312547994273,1
675,2500,seqmar,0.2558505160746848,cc,0.19654029917165972,0.011171902897040181,0.17464377185468227,0.21843682648863716,0
675,2500,seqmar,0.2558505160746848,cc_ccproj,0.19515736345034232,0.010931455905395985,0.1737321035771785,0.21658262332350614,0
675,2500,seqmar,0.2558505160746848,seq,0.2377338862163045,0.010136859714898994,0.2178660062587675,0.2576017661738415,1
676,2500,seqmar,0.2558505160746848,full,0.2519413377619644,0.010043702362824225,0.2322560428593891,0.27162663266453974,1
676,2500,seqmar,0.2558505160746848,cc,0.2331683674729371,0.018298053155476085,0.19730484230100448,0.2690318926448697,1
676,2500,seqmar,0.2558505160746848,cc_ccproj,0.23438604108822192,0.01825145755227911,0.1986138416203933,0.27015824055605053,1
676,2500,seqmar,0.2558505160746848,seq,0.2645735491781184,0.014608802706961757,0.23594082201522207,0.29320627634101465,1
677,2500,seqmar,0.2558505160746848,full,0.266095134662986,0.011906238415477435,0.242759336177303,0.289430933148669,1
677,2500,seqmar,0.2558505160746848,cc,0.2533509438805496,0.02493051676053175,0.20448802891393517,0.302213858847164,1
677,2500,seqmar,0.2558505160746848,cc_ccproj,0.2532696467487394,0.02498825067911451,0.20429357538101645,0.3022457181164624,1
677,2500,seqmar,0.2558505160746848,seq,0.26240096558999654,0.017735665015945642,0.22763970091687608,0.297162230263117,1
678,2500,seqmar,0.2558505160746848,full,0.24820931679192318,0.00961371826038683,0.22936677524404994,0.26705185833979644,1
678,2500,seqmar,0.2558505160746848,cc,0.21006995553279584,0.01471701814100375,0.18122513001660587,0.2389147810489858,0
678,2500,seqmar,0.2558505160746848,cc_ccproj,0.20870069814824882,0.014584688072009647,0.180115234801359,0.23728616149513865,0
678,2500,seqmar,0.2558505160746848,seq,0.23952975025238402,0.02250059707332662,0.19542939035801649,0.28363011014675155,1
679,2500,seqmar,0.2558505160746848,full,0.24630619006563947,0.010686272130079388,0.22536148156168975,0.2672508985695892,1
679,2500,seqmar,0.2558505160746848,cc,0.20391339620138912,0.015613730048945031,0.17331104764112604,0.2345157447616522,0
679,2500,seqmar,0.2558505160746848,cc_ccproj,0.20562464836886138,0.015320860106729884,0.17559631434749431,0.23565298239022844,0
679,2500,seqmar,0.2558505160746848,seq,0.2495796739609601,0.013023481136258326,0.224054119980557,0.27510522794136316,1
680,2500,seqmar,0.2558505160746848,full,0.25278479290708367,0.01100728998273337,0.23121090097353775,0.2743586848406296,1
680,2500,seqmar,0.2558505160746848,cc,0.20145656111429208,0.015687759406090115,0.17070911768022598,0.23220400454835818,0
680,2500,seqmar,0.2558505160746848,cc_ccproj,0.20223040264973835,0.015170570771501858,0.1724966303126787,0.231964174986798,0
680,2500,seqmar,0.2558505160746848,seq,0.24085121160750822,0.015350865902333559,0.2107640673074305,0.27093835590758597,1
681,2500,seqmar,0.2558505160746848,full,0.25978355565494976,0.008755465555494057,0.24262315849830043,0.2769439528115991,1
681,2500,seqmar,0.2558505160746848,cc,0.21740923164476625,0.011830892853540552,0.19422110774687446,0.24059735554265804,0
681,2500,seqmar,0.2558505160746848,cc_ccproj,0.2143050451683852,0.011893244530725256,0.1909947142288357,0.23761537610793468,0
681,2500,seqmar,0.2558505160746848,seq,0.25182922517059997,0.010141845295285511,0.2319515736550634,0.2717068766861366,1
682,2500,seqmar,0.2558505160746848,full,0.254030036565744,0.008585533704577665,0.23720269971671704,0.270857373414771,1
682,2500,seqmar,0.2558505160746848,cc,0.20986181095532574,0.013644888227365976,0.18311832145661386,0.23660530045403763,0
682,2500,seqmar,0.2558505160746848,cc_ccproj,0.21372709848251897,0.013340721910240565,0.18757976401068308,0.23987443295435487,0
682,2500,seqmar,0.2558505160746848,seq,0.24825540158121903,0.010152110683451888,0.22835763027458902,0.26815317288784907,1
683,2500,seqmar,0.2558505160746848,full,0.24704166650897913,0.010378913761976822,0.22669936933685744,0.26738396368110084,1
683,2500,seqmar,0.2558505160746848,cc,0.20305480798945072,0.02313095684269896,0.15771896564981044,0.248390650329091,0
683,2500,seqmar,0.2558505160746848,cc_ccproj,0.20292120093994773,0.022913609760574712,0.15801135105341585,0.2478310508264796,0
683,2500,seqmar,0.2558505160746848,seq,0.23751085484913598,0.02008740011665738,0.19814027407744184,0.2768814356208301,1
684,2500,seqmar,0.2558505160746848,full,0.25253247899869524,0.009970867501959394,0.23298993780023397,0.2720750201971565,1
684,2500,seqmar,0.2558505160746848,cc,0.2333554738067266,0.01955757680873579,0.19502332763672867,0.2716876199767246,1
684,2500,seqmar,0.2558505160746848,cc_ccproj,0.2359320770106855,0.019453249692591254,0.19780440823094175,0.27405974579042924,1
684,2500,seqmar,0.2558505160746848,seq,0.25673537347944214,0.015486165910690628,0.22638304603587658,0.2870877009230077,1
685,2500,seqmar,0.2558505160746848,full,0.2525858565210393,0.00962343274452581,0.2337242749341253,0.27144743810795335,1
685,2500,seqmar,0.2558505160746848,cc,0.21493820288947,0.014126508434639641,0.187250755130275,0.24262565064866498,0
685,2500,seqmar,0.2558505160746848,cc_ccproj,0.2152632605420876,0.014135120543649538,0.1875589333594023,0.24296758772477292,0
685,2500,seqmar,0.2558505160746848,seq,0.23748879080746674,0.01833362307504573,0.20155554987424462,0.27342203174068885,1
686,2500,seqmar,0.2558505160746848,full,0.26481468628872085,0.009837023489419726,0.24553447453438365,0.28409489804305804,1
686,2500,seqmar,0.2558505160746848,cc,0.2183124808880556,0.014047789837728935,0.19077931874371912,0.2458456430323921,0
686,2500,seqmar,0.2558505160746848,cc_ccproj,0.22113204128588923,0.013717984343774255,0.19424528603160737,0.2480187965401711,0
686,2500,seqmar,0.2558505160746848,seq,0.25243338332765697,0.012286855001310224,0.2283515900418231,0.27651517661349084,1
687,2500,seqmar,0.2558505160746848,full,0.25596211705463645,0.00920607510024014,0.2379185414191948,0.2740056926900781,1
687,2500,seqmar,0.2558505160746848,cc,0.23950825428424863,0.01568064660535728,0.2087747516834481,0.27024175688504914,1
687,2500,seqmar,0.2558505160746848,cc_ccproj,0.23940443105197345,0.01575775673400458,0.20851979537618098,0.2702890667277659,1
687,2500,seqmar,0.2558505160746848,seq,0.27236190645540725,0.012403170078973791,0.24805213980649382,0.2966716731043207,1
688,2500,seqmar,0.2558505160746848,full,0.25897217124685995,0.010615515346174675,0.23816614349102533,0.27977819900269457,1
688,2500,seqmar,0.2558505160746848,cc,0.2129212377668593,0.01367234921497424,0.1861239257214553,0.23971854981226332,0
688,2500,seqmar,0.2558505160746848,cc_ccproj,0.21313088117127418,0.013496899361802442,0.18667744451917975,0.23958431782336861,0
688,2500,seqmar,0.2558505160746848,seq,0.24408568554188606,0.012777329769472563,0.21904257937512836,0.26912879170864373,1
689,2500,seqmar,0.2558505160746848,full,0.23975788214377672,0.015439637358557207,0.20949674898664547,0.270019015300908,1
689,2500,seqmar,0.2558505160746848,cc,0.2252348729123257,0.01867517511202623,0.1886322022877755,0.2618375435368759,1
689,2500,seqmar,0.2558505160746848,cc_ccproj,0.22676000159504928,0.018551184344828043,0.19040034840862302,0.26311965478147553,1
689,2500,seqmar,0.2558505160746848,seq,0.267113699095832,0.01408693742308138,0.239503809094123,0.294723589097541,1
690,2500,seqmar,0.2558505160746848,full,0.25527367063072853,0.00918705222691134,0.2372673791418938,0.27327996211956324,1
690,2500,seqmar,0.2558505160746848,cc,0.2222097313145986,0.015159970491689325,0.19249673514419754,0.25192272748499966,0
690,2500,seqmar,0.2558505160746848,cc_ccproj,0.22376490493682633,0.015058902727110928,0.1942499979449969,0.25327981192865573,0
690,2500,seqmar,0.2558505160746848,seq,0.25703373984578115,0.013020739339529387,0.2315135596882197,0.2825539200033426,1
691,2500,seqmar,0.2558505160746848,full,0.26460365277082715,0.009316109924571932,0.24634441284265,0.2828628926990043,1
691,2500,seqmar,0.2558505160746848,cc,0.20621593668771737,0.013559297487714424,0.17964020195613267,0.23279167141930207,0
691,2500,seqmar,0.2558505160746848,cc_ccproj,0.20590689169398965,0.013495952497282937,0.1794553108622517,0.2323584725257276,0
691,2500,seqmar,0.2558505160746848,seq,0.24808138637798993,0.012053814721645663,0.22445634364724573,0.2717064291087341,1
692,2500,seqmar,0.2558505160746848,full,0.2570227956589078,0.010285124503475067,0.23686432205558625,0.2771812692622293,1
692,2500,seqmar,0.2558505160746848,cc,0.23688557092197324,0.01969896077128814,0.19827631727738113,0.2754948245665654,1
692,2500,seqmar,0.2558505160746848,cc_ccproj,0.23560858758690892,0.019747321791824365,0.1969045480838102,0.27431262709000764,1
692,2500,seqmar,0.2558505160746848,seq,0.26398880633358096,0.015597500539267187,0.2334182670277732,0.29455934563938874,1
693,2500,seqmar,0.2558505160746848,full,0.268667586180107,0.010344659096816,0.248392426918003,0.288942745442211,1
693,2500,seqmar,0.2558505160746848,cc,0.2545035672707296,0.02224656811496083,0.21090109498578924,0.29810603955566994,1
693,2500,seqmar,0.2558505160746848,cc_ccproj,0.25291180388296963,0.022282338376278354,0.20923922317412935,0.2965843845918099,1
693,2500,seqmar,0.2558505160746848,seq,0.27179223466873836,0.017428793800164284,0.2376324265264414,0.30595204281103533,1
694,2500,seqmar,0.2558505160746848,full,0.24752649376301675,0.009020385715027735,0.2298468626349028,0.2652061248911307,1
694,2500,seqmar,0.2558505160746848,cc,0.22362429128573594,0.013730026942121698,0.1967139329724128,0.2505346495990591,0
694,2500,seqmar,0.2558505160746848,cc_ccproj,0.22133153468219424,0.013886628858839605,0.19411424225219406,0.24854882711219442,0
694,2500,seqmar,0.2558505160746848,seq,0.2608251212135314,0.011720428267782617,0.2378535039252923,0.2837967385017705,1
695,2500,seqmar,0.2558505160746848,full,0.27834289857459504,0.014137732789045373,0.2506334514850151,0.306052345664175,1
695,2500,seqmar,0.2558505160746848,cc,0.266633028528228,0.03841700944849616,0.19133707361544056,0.34192898344101547,1
695,2500,seqmar,0.2558505160746848,cc_ccproj,0.2668459556461242,0.038415470895350266,0.19155301624209098,0.3421388950501574,1
695,2500,seqmar,0.2558505160746848,seq,0.27990145811628925,0.022659986502892592,0.23548870068045605,0.3243142155521225,1
696,2500,seqmar,0.2558505160746848,full,0.23685164822751376,0.009137012025482234,0.2189434337312592,0.2547598627237683,0
696,2500,seqmar,0.2558505160746848,cc,0.20258569933719708,0.010675236368781255,0.18166262052793367,0.2235087781464605,0
696,2500,seqmar,0.2558505160746848,cc_ccproj,0.20263967736409982,0.010816712171343522,0.18143931107713046,0.2238400436510692,0
696,2500,seqmar,0.2558505160746848,seq,0.2283326763486094,0.012590621841558635,0.2036555109961911,0.2530098417010277,0
697,2500,seqmar,0.2558505160746848,full,0.23027812912662252,0.00969336391814851,0.21127948495801138,0.24927677329523365,0
697,2500,seqmar,0.2558505160746848,cc,0.17215962524613612,0.015436034332703423,0.14190555388991366,0.20241369660235858,0
697,2500,seqmar,0.2558505160746848,cc_ccproj,0.1717596240405353,0.014901663108932095,0.14255290103727922,0.20096634704379138,0
697,2500,seqmar,0.2558505160746848,seq,0.22064992393717547,0.015149581074646166,0.1909572906499994,0.25034255722435156,0
698,2500,seqmar,0.2558505160746848,full,0.268832754540883,0.009760620326563897,0.2497022902340482,0.2879632188477178,1
698,2500,seqmar,0.2558505160746848,cc,0.23762325521426347,0.021501573089745155,0.19548094634740737,0.2797655640811196,1
698,2500,seqmar,0.2558505160746848,cc_ccproj,0.23844150080869594,0.021438763447149334,0.19642229657920945,0.28046070503818243,1
698,2500,seqmar,0.2558505160746848,seq,0.2652932982953255,0.014164356331036784,0.2375316700223015,0.29305492656834947,1
699,2500,seqmar,0.2558505160746848,full,0.2618271319981366,0.00902997263868185,0.2441287108449381,0.27952555315133515,1
699,2500,seqmar,0.2558505160746848,cc,0.23974946058621835,0.014447141258782692,0.21143358403944162,0.2680653371329951,1
699,2500,seqmar,0.2558505160746848,cc_ccproj,0.239398984323285,0.014530742526123406,0.21091925230345854,0.26787871634311144,1
699,2500,seqmar,0.2558505160746848,seq,0.2626262697290961,0.011451943207618484,0.24018087348916575,0.28507166596902644,1
700,2500,seqmar,0.2558505160746848,full,0.2649240095429418,0.010089531881690716,0.24514889043395938,0.28469912865192426,1
700,2500,seqmar,0.2558505160746848,cc,0.22920044324419106,0.015651251991520742,0.1985245530278496,0.2598763334605325,1
700,2500,seqmar,0.2558505160746848,cc_ccproj,0.22794669155313008,0.015687849350248514,0.1971990718317529,0.25869431127450726,1
700,2500,seqmar,0.2558505160746848,seq,0.26142693062801736,0.013114918163765912,0.23572216336684598,0.28713169788918874,1
701,2500,seqmar,0.2558505160746848,full,0.2574466767937281,0.00924215334718482,0.23933238909364957,0.2755609644938067,1
701,2500,seqmar,0.2558505160746848,cc,0.22128179240648024,0.017824053599773418,0.18634728929241284,0.25621629552054764,1
701,2500,seqmar,0.2558505160746848,cc_ccproj,0.22222348540953,0.017666848450354763,0.1875970987265074,0.2568498720925526,1
701,2500,seqmar,0.2558505160746848,seq,0.2512200958079305,0.016208337628610202,0.21945233780658913,0.2829878538092718,1
702,2500,seqmar,0.2558505160746848,full,0.2625703754083147,0.01328845147926818,0.23652548909864105,0.28861526171798835,1
702,2500,seqmar,0.2558505160746848,cc,0.21070094699894298,0.017677910131516282,0.17605287981923534,0.24534901417865063,0
702,2500,seqmar,0.2558505160746848,cc_ccproj,0.20833860326644016,0.017179373769410308,0.17466764940144386,0.24200955713143646,0
702,2500,seqmar,0.2558505160746848,seq,0.2540831182192321,0.015319003946844352,0.2240584222043902,0.28410781423407394,1
703,2500,seqmar,0.2558505160746848,full,0.23827311385365368,0.00995154183933409,0.2187684502579154,0.257777777449392,1
703,2500,seqmar,0.2558505160746848,cc,0.22605098913244065,0.013239680636006801,0.20010169191905497,0.25200028634582633,0
703,2500,seqmar,0.2558505160746848,cc_ccproj,0.22586334767432337,0.013396404061281448,0.19960687819186562,0.2521198171567811,0
703,2500,seqmar,0.2558505160746848,seq,0.25781778406162986,0.013932662313028858,0.23051026771933478,0.2851253004039249,1
704,2500,seqmar,0.2558505160746848,full,0.27691546110570964,0.015011252556770924,0.24749394673160383,0.3063369754798155,1
704,2500,seqmar,0.2558505160746848,cc,0.25724563075381995,0.0312383159416875,0.19601965657042902,0.3184716049372109,1
704,2500,seqmar,0.2558505160746848,cc_ccproj,0.2584061396567201,0.031262721041779434,0.19713233235610989,0.3196799469573303,1
704,2500,seqmar,0.2558505160746848,seq,0.26829262968740963,0.01967974556230973,0.22972103716037062,0.30686422221444865,1
705,2500,seqmar,0.2558505160746848,full,0.2510108092235008,0.01047615846433134,0.2304779159370769,0.27154370250992466,1
705,2500,seqmar,0.2558505160746848,cc,0.20499416741099158,0.01665348575548373,0.17235393511319266,0.2376343997087905,0
705,2500,seqmar,0.2558505160746848,cc_ccproj,0.20787889129356918,0.016187618559786267,0.17615174192091596,0.2396060406662224,0
705,2500,seqmar,0.2558505160746848,seq,0.2586997686203819,0.01974725935662377,0.21999585148802772,0.2974036857527361,1
706,2500,seqmar,0.2558505160746848,full,0.26396810993034286,0.010398102261157347,0.24358820399090997,0.28434801586977576,1
706,2500,seqmar,0.2558505160746848,cc,0.2313617037862577,0.012511971733086475,0.206838689813825,0.25588471775869037,1
706,2500,seqmar,0.2558505160746848,cc_ccproj,0.23309358403784772,0.012443068369022198,0.20870561817739466,0.2574815498983008,1
706,2500,seqmar,0.2558505160746848,seq,0.26921754885283994,0.014781066916544737,0.24024719004333575,0.29818790766234415,1
707,2500,seqmar,0.2558505160746848,full,0.2536439403630695,0.009164561086315165,0.23568173069977447,0.27160615002636446,1
707,2500,seqmar,0.2558505160746848,cc,0.23370041909235337,0.011848423079250568,0.2104779365834291,0.2569229016012776,1
707,2500,seqmar,0.2558505160746848,cc_ccproj,0.23394610969675633,0.01193042468503645,0.21056290699381727,0.25732931239969536,1
707,2500,seqmar,0.2558505160746848,seq,0.2721746566017566,0.01338845736600909,0.24593376235582878,0.2984155508476844,1
708,2500,seqmar,0.2558505160746848,full,0.26436228745597157,0.011104692895966465,0.24259748932049952,0.2861270855914436,1
708,2500,seqmar,0.2558505160746848,cc,0.22936307645462006,0.026737522033414216,0.17695849623328205,0.2817676566759581,1
708,2500,seqmar,0.2558505160746848,cc_ccproj,0.22899130441420093,0.026391063264086644,0.17726577090287304,0.2807168379255288,1
708,2500,seqmar,0.2558505160746848,seq,0.26300136784142086,0.01972759803850377,0.22433598618447045,0.30166674949837124,1
709,2500,seqmar,0.2558505160746848,full,0.2594596591091278,0.01195507255735368,0.23602814746415146,0.2828911707541042,1
709,2500,seqmar,0.2558505160746848,cc,0.23163127036059014,0.022505672659863127,0.18752096249941064,0.27574157822176965,1
709,2500,seqmar,0.2558505160746848,cc_ccproj,0.2307260262178606,0.022484590921723595,0.1866570378041661,0.2747950146315551,1
709,2500,seqmar,0.2558505160746848,seq,0.2374085252487967,0.034700840987133726,0.16939612668076326,0.3054209238168301,1
710,2500,seqmar,0.2558505160746848,full,0.2579011813221326,0.009248720024844335,0.2397740231703433,0.27602833947392186,1
710,2500,seqmar,0.2558505160746848,cc,0.22787742970564623,0.01193190053529674,0.20449133438935044,0.25126352502194205,0
710,2500,seqmar,0.2558505160746848,cc_ccproj,0.22597432833788672,0.011970435653631255,0.20251270557751527,0.24943595109825817,0
710,2500,seqmar,0.2558505160746848,seq,0.2702704814093961,0.011090041374969826,0.24853439972739616,0.292006563091396,1
711,2500,seqmar,0.2558505160746848,full,0.25219801415632753,0.008327828206460976,0.2358757708022272,0.26852025751042785,1
711,2500,seqmar,0.2558505160746848,cc,0.2242709010889047,0.011071416031069621,0.20257132441014886,0.24597047776766057,0
711,2500,seqmar,0.2558505160746848,cc_ccproj,0.2253843794684762,0.0109291891042399,0.20396356244393843,0.24680519649301397,0
711,2500,seqmar,0.2558505160746848,seq,0.2541754263990703,0.012017294328461688,0.23062196232366794,0.2777288904744727,1
712,2500,seqmar,0.2558505160746848,full,0.26301276663958617,0.009514417135331077,0.2443648517204465,0.2816606815587258,1
712,2500,seqmar,0.2558505160746848,cc,0.2367610780492592,0.012838925205597923,0.21159724704608376,0.26192490905243465,1
712,2500,seqmar,0.2558505160746848,cc_ccproj,0.23478037170560748,0.012845119343994566,0.20960440041425937,0.2599563429969556,1
712,2500,seqmar,0.2558505160746848,seq,0.26742357259143945,0.011164122497212173,0.24554229457791021,0.2893048506049687,1
713,2500,seqmar,0.2558505160746848,full,0.2590777375808453,0.009722370050125937,0.24002224243822756,0.278133232723463,1
713,2500,seqmar,0.2558505160746848,cc,0.22260478906857065,0.015714097626784267,0.19180572367052715,0.2534038544666141,0
713,2500,seqmar,0.2558505160746848,cc_ccproj,0.22409989641563322,0.015605988129379607,0.1935127217388896,0.25468707109237687,0
713,2500,seqmar,0.2558505160746848,seq,0.244464851983345,0.015175610810414882,0.21472120135153513,0.2742085026151549,1
714,2500,seqmar,0.2558505160746848,full,0.24866242754580234,0.00935752628890161,0.23032201303516844,0.26700284205643626,1
714,2500,seqmar,0.2558505160746848,cc,0.20476876828822269,0.014298297427649386,0.17674462028978818,0.2327929162866572,0
714,2500,seqmar,0.2558505160746848,cc_ccproj,0.2067736181613096,0.014173668221516132,0.1789937389183181,0.2345534974043011,0
714,2500,seqmar,0.2558505160746848,seq,0.2396121511983522,0.01307640345166565,0.21398287138577227,0.2652414310109321,1
715,2500,seqmar,0.2558505160746848,full,0.24056233216367162,0.010393075509423987,0.22019227847659534,0.2609323858507479,1
715,2500,seqmar,0.2558505160746848,cc,0.20358160865630484,0.018094700978254986,0.1681166464279034,0.2390465708847063,0
715,2500,seqmar,0.2558505160746848,cc_ccproj,0.20249994849905714,0.01789630328214078,0.16742383860965526,0.23757605838845902,0
715,2500,seqmar,0.2558505160746848,seq,0.23632460115682907,0.017516363639673505,0.20199315928296208,0.27065604303069607,1
716,2500,seqmar,0.2558505160746848,full,0.2514029246138144,0.011239276041282387,0.22937434836059703,0.27343150086703183,1
716,2500,seqmar,0.2558505160746848,cc,0.22530348397660482,0.01725305118385281,0.19148812503282717,0.25911884292038245,1
716,2500,seqmar,0.2558505160746848,cc_ccproj,0.22503206550221902,0.017264315244211657,0.19119462940581833,0.2588695015986197,1
716,2500,seqmar,0.2558505160746848,seq,0.24797042203744482,0.019181824074377025,0.21037473769388249,0.28556610638100716,1
717,2500,seqmar,0.2558505160746848,full,0.2621951138194378,0.009308749069326699,0.2439503009024367,0.28043992673643886,1
717,2500,seqmar,0.2558505160746848,cc,0.22430958019765249,0.015946453534188044,0.19305510558950245,0.2555640548058025,0
717,2500,seqmar,0.2558505160746848,cc_ccproj,0.22508256232396942,0.016052625911232982,0.1936199936806583,0.25654513096728054,1
717,2500,seqmar,0.2558505160746848,seq,0.24120463447002002,0.024167550397728756,0.193837106095915,0.288572162844125,1
718,2500,seqmar,0.2558505160746848,full,0.25673684793149365,0.014767824757606742,0.2277924432765855,0.2856812525864018,1
718,2500,seqmar,0.2558505160746848,cc,0.20412271567961363,0.012110247561237499,0.1803870666157241,0.22785836474350316,0
718,2500,seqmar,0.2558505160746848,cc_ccproj,0.20370074142030065,0.012083758543775943,0.18001700987662161,0.22738447296397968,0
718,2500,seqmar,0.2558505160746848,seq,0.24690055512437611,0.011150849416495167,0.2250452918710161,0.2687558183777361,1
719,2500,seqmar,0.2558505160746848,full,0.24917818083213036,0.010088724525383275,0.2294046441124332,0.26895171755182756,1
719,2500,seqmar,0.2558505160746848,cc,0.21349995148556064,0.015268755020414686,0.18357374155678272,0.24342616141433857,0
719,2500,seqmar,0.2558505160746848,cc_ccproj,0.21391715109351253,0.014937856166621714,0.18463949100069443,0.24319481118633063,0
719,2500,seqmar,0.2558505160746848,seq,0.24470169046817056,0.01254230583275761,0.22011922275287898,0.26928415818346213,1
720,2500,seqmar,0.2558505160746848,full,0.2606894431018945,0.010003019278260972,0.24108388557984317,0.28029500062394586,1
720,2500,seqmar,0.2558505160746848,cc,0.23404919153247292,0.016228273743861675,0.20224235946324703,0.2658560236016988,1
720,2500,seqmar,0.2558505160746848,cc_ccproj,0.23421405271427456,0.016144965019959035,0.20257050274349586,0.26585760268505326,1
720,2500,seqmar,0.2558505160746848,seq,0.25205898446206787,0.012953370671098353,0.22667084446831767,0.2774471244558181,1
721,2500,seqmar,0.2558505160746848,full,0.2521998508032261,0.01021922878978396,0.2321705304254747,0.2722291711809775,1
721,2500,seqmar,0.2558505160746848,cc,0.19487349746062027,0.01325863615670859,0.16888704810935087,0.22085994681188967,0
721,2500,seqmar,0.2558505160746848,cc_ccproj,0.19768736387582989,0.013187841334169746,0.17183966982702853,0.22353505792463124,0
721,2500,seqmar,0.2558505160746848,seq,0.23801410154962654,0.01713593905729447,0.20442827815605613,0.27159992494319696,1
722,2500,seqmar,0.2558505160746848,full,0.2624574026448331,0.008909203193646738,0.24499568525433624,0.2799191200353299,1
722,2500,seqmar,0.2558505160746848,cc,0.2280877789327148,0.011599531348572984,0.20535311525196845,0.2508224426134612,0
722,2500,seqmar,0.2558505160746848,cc_ccproj,0.22980885211834856,0.011644516691380611,0.20698601878586706,0.2526316854508301,0
722,2500,seqmar,0.2558505160746848,seq,0.25344700934026937,0.014531398380624958,0.2249659918692408,0.28192802681129797,1
723,2500,seqmar,0.2558505160746848,full,0.26499537314239013,0.009903367283302768,0.24558512994144444,0.28440561634333583,1
723,2500,seqmar,0.2558505160746848,cc,0.228020034476597,0.013613639498733116,0.20133779136056817,0.2547022775926258,0
723,2500,seqmar,0.2558505160746848,cc_ccproj,0.22649293649878272,0.013504484042178206,0.20002463414631755,0.2529612388512479,0
723,2500,seqmar,0.2558505160746848,seq,0.24607906106527366,0.015477044686430751,0.21574461089275238,0.27641351123779495,1
724,2500,seqmar,0.2558505160746848,full,0.26990631624536754,0.008988323163129214,0.25228952656422715,0.2875231059265079,1
724,2500,seqmar,0.2558505160746848,cc,0.2324372294756066,0.013081688076992733,0.2067975919877138,0.2580768669634994,1
724,2500,seqmar,0.2558505160746848,cc_ccproj,0.22736044682772708,0.013035575874407354,0.20181118759614944,0.25290970605930474,0
724,2500,seqmar,0.2558505160746848,seq,0.2676843794268525,0.012879902894612185,0.24244023362903944,0.2929285252246656,1
725,2500,seqmar,0.2558505160746848,full,0.2498204957819743,0.010544499928811875,0.22915365568651785,0.27048733587743073,1
725,2500,seqmar,0.2558505160746848,cc,0.2040634124399026,0.0161706743460711,0.17236947311587744,0.23575735176392773,0
725,2500,seqmar,0.2558505160746848,cc_ccproj,0.20850419580304125,0.015620881761991752,0.17788783014277884,0.23912056146330365,0
725,2500,seqmar,0.2558505160746848,seq,0.26189201229848996,0.015967293108402197,0.23059669287542706,0.29318733172155287,1
726,2500,seqmar,0.2558505160746848,full,0.2695078262858245,0.009836108724355874,0.25022940743806676,0.2887862451335822,1
726,2500,seqmar,0.2558505160746848,cc,0.2435163866769204,0.01367203160995254,0.21671969712592026,0.27031307622792056,1
726,2500,seqmar,0.2558505160746848,cc_ccproj,0.24509245775826907,0.013788087787316333,0.2180683022794525,0.27211661323708564,1
726,2500,seqmar,0.2558505160746848,seq,0.26821568128047574,0.01253538317748702,0.2436467817201919,0.29278458084075953,1
727,2500,seqmar,0.2558505160746848,full,0.24517181491707024,0.009458627262827526,0.2266332461387396,0.26371038369540084,1
727,2500,seqmar,0.2558505160746848,cc,0.2055726036288117,0.018677150974491966,0.16896606038499026,0.24217914687263312,0
727,2500,seqmar,0.2558505160746848,cc_ccproj,0.20529781297236996,0.018313167400593307,0.1694046644243541,0.24119096152038583,0
727,2500,seqmar,0.2558505160746848,seq,0.23280463325577602,0.014667261560881337,0.20405732884461986,0.2615519376669322,1
728,2500,seqmar,0.2558505160746848,full,0.2622478858241384,0.010416570048969604,0.24183178368571934,0.28266398796255743,1
728,2500,seqmar,0.2558505160746848,cc,0.2435402802335734,0.013902493475914688,0.21629189372547755,0.27078866674166924,1
728,2500,seqmar,0.2558505160746848,cc_ccproj,0.24321642854633943,0.013862213902764375,0.21604698855093082,0.270385868541748,1
728,2500,seqmar,0.2558505160746848,seq,0.2617355511906685,0.013806859262436705,0.2346746042966793,0.2887964980846577,1
729,2500,seqmar,0.2558505160746848,full,0.2407880151350636,0.010600301567621009,0.22001180583726293,0.26156422443286426,1
729,2500,seqmar,0.2558505160746848,cc,0.19858540111080825,0.017791314367302063,0.1637150657132662,0.2334557365083503,0
729,2500,seqmar,0.2558505160746848,cc_ccproj,0.20218197626755388,0.017079997538704275,0.16870579623566073,0.23565815629944703,0
729,2500,seqmar,0.2558505160746848,seq,0.2295524607123526,0.013735031251491654,0.20263229413289685,0.25647262729180836,1
730,2500,seqmar,0.2558505160746848,full,0.25221783981769147,0.011192819010424323,0.23028031767178456,0.2741553619635984,1
730,2500,seqmar,0.2558505160746848,cc,0.21785860593788967,0.01729799751081418,0.18395515381203037,0.25176205806374896,0
730,2500,seqmar,0.2558505160746848,cc_ccproj,0.2172244424481627,0.017204968283858493,0.18350332425664614,0.2509455606396792,0
730,2500,seqmar,0.2558505160746848,seq,0.264105283922911,0.023541935724847276,0.2179639377758535,0.3102466300699685,1
731,2500,seqmar,0.2558505160746848,full,0.2554284684133414,0.010300993339606174,0.2352388924627263,0.2756180443639564,1
731,2500,seqmar,0.2558505160746848,cc,0.23296496477729456,0.017258973180183115,0.19913799893399292,0.2667919306205962,1
731,2500,seqmar,0.2558505160746848,cc_ccproj,0.23253539851645405,0.017067483490118548,0.1990837455690897,0.2659870514638184,1
731,2500,seqmar,0.2558505160746848,seq,0.2658980647542338,0.013716177140477563,0.23901485155332616,0.29278127795514136,1
732,2500,seqmar,0.2558505160746848,full,0.25252856399174745,0.01160929341388027,0.22977476701458407,0.27528236096891084,1
732,2500,seqmar,0.2558505160746848,cc,0.21352486336668275,0.013402931220264279,0.18725560088769727,0.23979412584566823,0
732,2500,seqmar,0.2558505160746848,cc_ccproj,0.21528532381617374,0.013478735208295144,0.18886748825076327,0.2417031593815842,0
732,2500,seqmar,0.2558505160746848,seq,0.25005677341053567,0.011824336688362589,0.22688149936026938,0.273232047460802,1
733,2500,seqmar,0.2558505160746848,full,0.23839569005672914,0.010838580795762196,0.21715246205350774,0.25963891805995054,1
733,2500,seqmar,0.2558505160746848,cc,0.21499872276356435,0.016244691069854152,0.18315971332667078,0.24683773220045793,0
733,2500,seqmar,0.2558505160746848,cc_ccproj,0.21295607132990307,0.016221770628941715,0.18116198513170764,0.2447501575280985,0
733,2500,seqmar,0.2558505160746848,seq,0.2559017978881285,0.013376950433029531,0.22968345681641314,0.2821201389598439,1
734,2500,seqmar,0.2558505160746848,full,0.2579179682110108,0.010234320888640475,0.23785906786304953,0.27797686855897213,1
734,2500,seqmar,0.2558505160746848,cc,0.2452870424573892,0.016319918705495762,0.21330058956399595,0.27727349535078244,1
734,2500,seqmar,0.2558505160746848,cc_ccproj,0.2447808555491123,0.01630074261084247,0.21283198711060364,0.27672972398762097,1
734,2500,seqmar,0.2558505160746848,seq,0.27387122475930953,0.013382008370339135,0.24764297031263127,0.3000994792059878,1
735,2500,seqmar,0.2558505160746848,full,0.2651829197669037,0.010995302935535549,0.2436325220141465,0.2867333175196609,1
735,2500,seqmar,0.2558505160746848,cc,0.24590311469529996,0.021019618212202364,0.20470542003060113,0.2871008093599988,1
735,2500,seqmar,0.2558505160746848,cc_ccproj,0.2436831547258736,0.021027678839343245,0.20246966152228582,0.28489664792946134,1
735,2500,seqmar,0.2558505160746848,seq,0.2807495842745999,0.020500166261168497,0.2405699967256265,0.3209291718235733,1
736,2500,seqmar,0.2558505160746848,full,0.2640378652309123,0.008461588739888582,0.24745345604874106,0.2806222744130836,1
736,2500,seqmar,0.2558505160746848,cc,0.22521597831544804,0.014613018609265078,0.1965749881358749,0.2538569684950212,0
736,2500,seqmar,0.2558505160746848,cc_ccproj,0.22635401069932853,0.01474372916163985,0.1974568325447015,0.2552511888539556,0
736,2500,seqmar,0.2558505160746848,seq,0.2507906597140777,0.012956225524650325,0.22539692431018452,0.27618439511797094,1
737,2500,seqmar,0.2558505160746848,full,0.2714474463829487,0.010712493004937594,0.25045134590863377,0.29244354685726365,1
737,2500,seqmar,0.2558505160746848,cc,0.23495625367955644,0.014131396630250415,0.20725922523301493,0.26265328212609795,1
737,2500,seqmar,0.2558505160746848,cc_ccproj,0.23289326619097883,0.014215268990915029,0.20503185093823634,0.2607546814437213,1
737,2500,seqmar,0.2558505160746848,seq,0.2846279557477603,0.022474176437880616,0.2405793793473156,0.32867653214820497,1
738,2500,seqmar,0.2558505160746848,full,0.25556589982442646,0.009640055684251652,0.2366717378743326,0.2744600617745203,1
738,2500,seqmar,0.2558505160746848,cc,0.21994342085747348,0.01291445046990364,0.19463156305633597,0.245255278658611,0
738,2500,seqmar,0.2558505160746848,cc_ccproj,0.2181728817069656,0.012913546278048294,0.19286279608929968,0.24348296732463154,0
738,2500,seqmar,0.2558505160746848,seq,0.2547010749407031,0.012469303747880776,0.23026168868256647,0.27914046119883973,1
739,2500,seqmar,0.2558505160746848,full,0.25818368837881894,0.011756887830685485,0.23514061166039815,0.28122676509723976,1
739,2500,seqmar,0.2558505160746848,cc,0.2308468658144114,0.019082987750354517,0.19344489710629753,0.2682488345225253,1
739,2500,seqmar,0.2558505160746848,cc_ccproj,0.23122265282222196,0.01898788015896057,0.19400709156789656,0.26843821407654733,1
739,2500,seqmar,0.2558505160746848,seq,0.25690573463447064,0.01876768635791305,0.22012174529981737,0.2936897239691239,1
740,2500,seqmar,0.2558505160746848,full,0.2707640166532564,0.010203027177942471,0.2507664508512058,0.290761582455307,1
740,2500,seqmar,0.2558505160746848,cc,0.2372326296786773,0.021869282323950384,0.19436962395599613,0.28009563540135846,1
740,2500,seqmar,0.2558505160746848,cc_ccproj,0.2357349237657342,0.021734243149691714,0.19313658996110206,0.27833325757036637,1
740,2500,seqmar,0.2558505160746848,seq,0.26540076846671096,0.01480936290656054,0.23637495053586888,0.29442658639755304,1
741,2500,seqmar,0.2558505160746848,full,0.2582647251859518,0.009344526127554985,0.23994979052335047,0.2765796598485531,1
741,2500,seqmar,0.2558505160746848,cc,0.2164897795018226,0.012650687169696879,0.19169488826953376,0.24128467073411144,0
741,2500,seqmar,0.2558505160746848,cc_ccproj,0.22004629209974852,0.01295219953584761,0.1946604474889108,0.24543213671058625,0
741,2500,seqmar,0.2558505160746848,seq,0.2549184941094022,0.014314054368243583,0.22686346307489655,0.2829735251439079,1
742,2500,seqmar,0.2558505160746848,full,0.2511892154646891,0.009699051421727771,0.23217942399390065,0.27019900693547755,1
742,2500,seqmar,0.2558505160746848,cc,0.22436519380184927,0.015398906354908695,0.19418389194492328,0.2545464956587753,0
742,2500,seqmar,0.2558505160746848,cc_ccproj,0.22346194616049883,0.015277879544905414,0.19351785249234302,0.2534060398286546,0
742,2500,seqmar,0.2558505160746848,seq,0.2572718050210177,0.013489944894854285,0.23083199887367334,0.2837116111683621,1
743,2500,seqmar,0.2558505160746848,full,0.25975633522037334,0.01051540768207293,0.23914651488075458,0.2803661555599921,1
743,2500,seqmar,0.2558505160746848,cc,0.24137406472808315,0.022717275962262543,0.19684902201519106,0.28589910744097524,1
743,2500,seqmar,0.2558505160746848,cc_ccproj,0.2407671515341966,0.022680220714621623,0.19631473577211891,0.28521956729627423,1
743,2500,seqmar,0.2558505160746848,seq,0.24951438497496375,0.019830876326848573,0.2106465815924726,0.28838218835745494,1
744,2500,seqmar,0.2558505160746848,full,0.26053414469080743,0.009017234020161252,0.24286069077112205,0.2782075986104928,1
744,2500,seqmar,0.2558505160746848,cc,0.23233873330708002,0.012791336351103442,0.2072681747447793,0.2574092918693808,1
744,2500,seqmar,0.2558505160746848,cc_ccproj,0.23289411130234325,0.012960299858385123,0.20749239035106884,0.25829583225361763,1
744,2500,seqmar,0.2558505160746848,seq,0.26577372988122683,0.010664006336308717,0.2448726615311548,0.2866747982312988,1
745,2500,seqmar,0.2558505160746848,full,0.2674282016453695,0.009219310653132248,0.24935868480294388,0.28549771848779515,1
745,2500,seqmar,0.2558505160746848,cc,0.2464899278076041,0.012164564131636857,0.2226478202219681,0.2703320353932401,1
745,2500,seqmar,0.2558505160746848,cc_ccproj,0.245961654430522,0.01223534920361399,0.22198081065316777,0.26994249820787625,1
745,2500,seqmar,0.2558505160746848,seq,0.27249950409767615,0.014806712328449385,0.24347888120447014,0.30152012699088215,1
746,2500,seqmar,0.2558505160746848,full,0.23900178086963533,0.008785653618216127,0.22178221619728772,0.25622134554198295,1
746,2500,seqmar,0.2558505160746848,cc,0.21656512007224465,0.014014066473656385,0.1890980545069279,0.2440321856375614,0
746,2500,seqmar,0.2558505160746848,cc_ccproj,0.21498946253191875,0.01389857158816031,0.18774876278257288,0.24223016228126462,0
746,2500,seqmar,0.2558505160746848,seq,0.24693791899843062,0.011236997734707283,0.22491380814404618,0.2689620298528151,1
747,2500,seqmar,0.2558505160746848,full,0.2539520898113018,0.010183422548609995,0.23399294837667312,0.2739112312459305,1
747,2500,seqmar,0.2558505160746848,cc,0.22210408663456582,0.01689328176307837,0.1889938627982449,0.2552143104708867,0
747,2500,seqmar,0.2558505160746848,cc_ccproj,0.22164736670004673,0.016932045146307494,0.1884611680286778,0.25483356537141566,0
747,2500,seqmar,0.2558505160746848,seq,0.2510774215405178,0.0162513768521469,0.219225308211122,0.2829295348699137,1
748,2500,seqmar,0.2558505160746848,full,0.2608600537513541,0.01008657724798974,0.2410907256180131,0.28062938188469516,1
748,2500,seqmar,0.2558505160746848,cc,0.24628476702257507,0.013311156560122873,0.22019537957216018,0.27237415447298996,1
748,2500,seqmar,0.2558505160746848,cc_ccproj,0.24468947952874046,0.013280511957298107,0.21866015439618264,0.2707188046612983,1
748,2500,seqmar,0.2558505160746848,seq,0.2769446382344861,0.014280167948764712,0.24895602336172407,0.30493325310724817,1
749,2500,seqmar,0.2558505160746848,full,0.25563553846999737,0.009394709074569735,0.23722224703860906,0.2740488299013857,1
749,2500,seqmar,0.2558505160746848,cc,0.21818858726976187,0.012578000334410889,0.19353615961678378,0.24284101492273996,0
749,2500,seqmar,0.2558505160746848,cc_ccproj,0.21644031125000734,0.012774317578545469,0.19140310886898132,0.24147751363103337,0
749,2500,seqmar,0.2558505160746848,seq,0.2605045291913839,0.014845656884811724,0.2314075763703138,0.28960148201245395,1
750,2500,seqmar,0.2558505160746848,full,0.25643288210858095,0.00873363736671976,0.239315267415777,0.27355049680138493,1
750,2500,seqmar,0.2558505160746848,cc,0.22701351185899202,0.012134787387957069,0.20322976561854528,0.25079725809943876,0
750,2500,seqmar,0.2558505160746848,cc_ccproj,0.22618021926772927,0.012081451584935857,0.20250100928029063,0.2498594292551679,0
750,2500,seqmar,0.2558505160746848,seq,0.26722265743715573,0.012576834510811914,0.24257251475644395,0.29187280011786754,1
751,2500,seqmar,0.2558505160746848,full,0.247645477589875,0.010078717879860316,0.2278915535350089,0.26739940164474113,1
751,2500,seqmar,0.2558505160746848,cc,0.22609965923065106,0.015048336224844965,0.1966054622027055,0.25559385625859665,0
751,2500,seqmar,0.2558505160746848,cc_ccproj,0.2240195547022808,0.015104881442344563,0.19441453108453804,0.25362457832002355,0
751,2500,seqmar,0.2558505160746848,seq,0.2588150369872127,0.017560419486786466,0.2243972472396959,0.2932328267347295,1
752,2500,seqmar,0.2558505160746848,full,0.24527703130548062,0.008726649780156056,0.22817311203068036,0.2623809505802809,1
752,2500,seqmar,0.2558505160746848,cc,0.19788743554193458,0.011275836677108275,0.17578720175924656,0.2199876693246226,0
752,2500,seqmar,0.2558505160746848,cc_ccproj,0.19826009986439805,0.0111783736736935,0.1763508900582281,0.220169309670568,0
752,2500,seqmar,0.2558505160746848,seq,0.24226528744342513,0.010483219101417807,0.2217185555626039,0.26281201932424636,1
753,2500,seqmar,0.2558505160746848,full,0.27630250188047534,0.011591426972093094,0.2535837224857467,0.299021281275204,1
753,2500,seqmar,0.2558505160746848,cc,0.24479450347844195,0.02396384751237904,0.19782622542316927,0.29176278153371465,1
753,2500,seqmar,0.2558505160746848,cc_ccproj,0.24197620931034944,0.023891612910836836,0.19514950847253706,0.2888029101481618,1
753,2500,seqmar,0.2558505160746848,seq,0.2739745776145025,0.01861220758717808,0.23749532107085033,0.3104538341581547,1
754,2500,seqmar,0.2558505160746848,full,0.25816716075860285,0.01011811761596334,0.23833601463997445,0.27799830687723126,1
754,2500,seqmar,0.2558505160746848,cc,0.21609442455587854,0.0140422786582782,0.18857206412477784,0.24361678498697925,0
754,2500,seqmar,0.2558505160746848,cc_ccproj,0.21270155945545322,0.014001156909805478,0.18525979617034036,0.24014332274056607,0
754,2500,seqmar,0.2558505160746848,seq,0.2580254131002578,0.016513861330275867,0.22565883964722838,0.2903919865532872,1
755,2500,seqmar,0.2558505160746848,full,0.24240674557436942,0.009446020793572764,0.22389288502175034,0.2609206061269885,1
755,2500,seqmar,0.2558505160746848,cc,0.21385952075514206,0.013944536066338746,0.18652873228399827,0.24119030922628584,0
755,2500,seqmar,0.2558505160746848,cc_ccproj,0.21563339403951248,0.013950438614702734,0.18829103678615827,0.2429757512928667,0
755,2500,seqmar,0.2558505160746848,seq,0.26012985494531293,0.013237909673566403,0.2341840287545284,0.2860756811360975,1
756,2500,seqmar,0.2558505160746848,full,0.2456619700612011,0.013279855232805622,0.21963393208499632,0.2716900080374059,1
756,2500,seqmar,0.2558505160746848,cc,0.20877957207808917,0.023592198557369774,0.1625397125895266,0.25501943156665174,0
756,2500,seqmar,0.2558505160746848,cc_ccproj,0.21162769052523955,0.023212513704040746,0.16613199967467723,0.2571233813758019,1
756,2500,seqmar,0.2558505160746848,seq,0.24692256587538622,0.01592194374894108,0.21571612956358904,0.2781290021871834,1
757,2500,seqmar,0.2558505160746848,full,0.2539948552553704,0.011209438795708217,0.23202475892887628,0.27596495158186457,1
757,2500,seqmar,0.2558505160746848,cc,0.20120678080068202,0.015651064984570365,0.17053125711122818,0.23188230449013586,0
757,2500,seqmar,0.2558505160746848,cc_ccproj,0.2031735138202253,0.01544271811195473,0.17290634249738965,0.23344068514306096,0
757,2500,seqmar,0.2558505160746848,seq,0.25762340334215605,0.012231254060648355,0.233650585897526,0.28159622078678614,1
758,2500,seqmar,0.2558505160746848,full,0.26249148223104407,0.010930331923797337,0.24106842532133288,0.28391453914075526,1
758,2500,seqmar,0.2558505160746848,cc,0.21502054518766972,0.018772128909665828,0.17822784861158153,0.2518132417637579,0
758,2500,seqmar,0.2558505160746848,cc_ccproj,0.2134777964803709,0.018739218090088036,0.1767496039253569,0.25020598903538493,0
758,2500,seqmar,0.2558505160746848,seq,0.2638414137579041,0.021396182869323967,0.22190566592739625,0.30577716158841195,1
759,2500,seqmar,0.2558505160746848,full,0.2743695186636914,0.01017479192736133,0.25442729293587435,0.2943117443915085,1
759,2500,seqmar,0.2558505160746848,cc,0.24997306069037895,0.013592524576363889,0.22333220206173016,0.27661391931902773,1
759,2500,seqmar,0.2558505160746848,cc_ccproj,0.2488064587146673,0.013673104424690712,0.22200766648541825,0.27560525094391636,1
759,2500,seqmar,0.2558505160746848,seq,0.29239915977301295,0.019313579039178127,0.2545452404436561,0.3302530791023698,1
760,2500,seqmar,0.2558505160746848,full,0.23107033492418358,0.009336093466016044,0.2127719279744924,0.24936874187387476,0
760,2500,seqmar,0.2558505160746848,cc,0.20119971326171154,0.012678323305752645,0.17635065619808155,0.22604877032534154,0
760,2500,seqmar,0.2558505160746848,cc_ccproj,0.2015131404952517,0.01226063671237027,0.17748273411147641,0.225543546879027,0
760,2500,seqmar,0.2558505160746848,seq,0.2478777251763752,0.012146231626353445,0.22407154864084108,0.2716839017119093,1
761,2500,seqmar,0.2558505160746848,full,0.24505344067611476,0.009374612167112006,0.22667953845954425,0.26342734289268527,1
761,2500,seqmar,0.2558505160746848,cc,0.21570585297793124,0.016430068771645996,0.18350350992198883,0.24790819603387365,0
761,2500,seqmar,0.2558505160746848,cc_ccproj,0.2135871140112281,0.016457182757429852,0.181331628519672,0.2458425995027842,0
761,2500,seqmar,0.2558505160746848,seq,0.24329602231949587,0.012288796137020703,0.21921042447758035,0.26738162016141137,1
762,2500,seqmar,0.2558505160746848,full,0.2542107068139251,0.010042428721442778,0.23452790820258662,0.2738935054252636,1
762,2500,seqmar,0.2558505160746848,cc,0.23854655134537106,0.021131050748730864,0.1971304529223704,0.2799626497683717,1
762,2500,seqmar,0.2558505160746848,cc_ccproj,0.24124939065988252,0.021021904740313832,0.20004721448243556,0.28245156683732947,1
762,2500,seqmar,0.2558505160746848,seq,0.26794057877973093,0.01456560087100081,0.2393925256593841,0.29648863190007774,1
763,2500,seqmar,0.2558505160746848,full,0.24954329364562428,0.00884715259795853,0.2322031931878956,0.266883394103353,1
763,2500,seqmar,0.2558505160746848,cc,0.20784516803265451,0.013624893591152553,0.18114086730080492,0.2345494687645041,0
763,2500,seqmar,0.2558505160746848,cc_ccproj,0.21143779185644634,0.013364764160777224,0.18524333543945132,0.23763224827344137,0
763,2500,seqmar,0.2558505160746848,seq,0.23981317849187084,0.01562587278001957,0.20918703061602772,0.27043932636771395,1
764,2500,seqmar,0.2558505160746848,full,0.26539263698362836,0.009490166056315811,0.24679225330594484,0.2839930206613119,1
764,2500,seqmar,0.2558505160746848,cc,0.2249215753077568,0.012795704344816939,0.19984245563509292,0.2500006949804207,0
764,2500,seqmar,0.2558505160746848,cc_ccproj,0.22294748185204927,0.012774478868400274,0.19790996334871674,0.2479850003553818,0
764,2500,seqmar,0.2558505160746848,seq,0.26090284718796153,0.013600589875588376,0.23424618086330823,0.28755951351261483,1
765,2500,seqmar,0.2558505160746848,full,0.2644268149225847,0.010281980591494044,0.24427450327351652,0.28457912657165285,1
765,2500,seqmar,0.2558505160746848,cc,0.24463613332742598,0.016470697728638843,0.2123541589790482,0.27691810767580377,1
765,2500,seqmar,0.2558505160746848,cc_ccproj,0.24578335974683285,0.016483657961820733,0.2134759838081873,0.2780907356854784,1
765,2500,seqmar,0.2558505160746848,seq,0.2592798883332099,0.014855026142837674,0.2301645721038471,0.2883952045625727,1
766,2500,seqmar,0.2558505160746848,full,0.2589718657908242,0.011478012399434292,0.23647537487382883,0.2814683567078196,1
766,2500,seqmar,0.2558505160746848,cc,0.23163770295339536,0.017327749950654732,0.19767593711699638,0.26559946878979435,1
766,2500,seqmar,0.2558505160746848,cc_ccproj,0.2308816156609966,0.017340801770262478,0.19689426872823373,0.26486896259375947,1
766,2500,seqmar,0.2558505160746848,seq,0.26481871383937816,0.016375883222636056,0.2327225725079778,0.29691485517077854,1
767,2500,seqmar,0.2558505160746848,full,0.2597649218829998,0.012590992854144969,0.2350870293592745,0.28444281440672514,1
767,2500,seqmar,0.2558505160746848,cc,0.20717358425673718,0.02750377949736045,0.15326716700317955,0.2610800015102948,1
767,2500,seqmar,0.2558505160746848,cc_ccproj,0.2085267850087653,0.026978478630759414,0.15564993853479336,0.2614036314827372,1
767,2500,seqmar,0.2558505160746848,seq,0.24778163785329493,0.022239635831510816,0.20419275259424724,0.2913705231123426,1
768,2500,seqmar,0.2558505160746848,full,0.25594694904486903,0.00954599623495249,0.2372371402278072,0.2746567578619309,1
768,2500,seqmar,0.2558505160746848,cc,0.22260486528000228,0.014719406435051853,0.19375535879349354,0.25145437176651103,0
768,2500,seqmar,0.2558505160746848,cc_ccproj,0.22305885774942572,0.014444551251124649,0.19474805752437843,0.251369657974473,0
768,2500,seqmar,0.2558505160746848,seq,0.25550280251492297,0.011722640476583142,0.23252684937710855,0.2784787556527374,1
769,2500,seqmar,0.2558505160746848,full,0.2634996219257775,0.009446486088186289,0.24498484941247373,0.28201439443908133,1
769,2500,seqmar,0.2558505160746848,cc,0.230631142068859,0.017295321986612815,0.19673293387407415,0.2645293502636439,1
769,2500,seqmar,0.2558505160746848,cc_ccproj,0.2334090032816137,0.016963495346402357,0.2001611633507523,0.2666568432124751,1
769,2500,seqmar,0.2558505160746848,seq,0.2608861498808298,0.013040551618857608,0.2353271383693334,0.28644516139232623,1
770,2500,seqmar,0.2558505160746848,full,0.2722025804750547,0.008431038846869153,0.25567804798293303,0.28872711296717635,1
770,2500,seqmar,0.2558505160746848,cc,0.2399459646529554,0.013314101908592295,0.2138508044256185,0.2660411248802923,1
770,2500,seqmar,0.2558505160746848,cc_ccproj,0.24090517131640327,0.013363044664124055,0.21471408505092,0.26709625758188654,1
770,2500,seqmar,0.2558505160746848,seq,0.27251041456180713,0.01240339815843201,0.24820020088536995,0.2968206282382443,1
771,2500,seqmar,0.2558505160746848,full,0.2620608136490184,0.010461495190713927,0.24155665985078012,0.2825649674472567,1
771,2500,seqmar,0.2558505160746848,cc,0.23777437355279085,0.01579850895539037,0.2068098649907922,0.26873888211478947,1
771,2500,seqmar,0.2558505160746848,cc_ccproj,0.23639475935372553,0.015761772486051408,0.20550225294855043,0.26728726575890066,1
771,2500,seqmar,0.2558505160746848,seq,0.27829099911205346,0.0167384110688979,0.245484316258587,0.31109768196551996,1
772,2500,seqmar,0.2558505160746848,full,0.251547579558436,0.00950659009095095,0.23291500536438675,0.2701801537524852,1
772,2500,seqmar,0.2558505160746848,cc,0.2353492456550519,0.020941828103094338,0.1943040168025582,0.27639447450754556,1
772,2500,seqmar,0.2558505160746848,cc_ccproj,0.23728421816446435,0.020899725672515208,0.19632150855956737,0.27824692776936133,1
772,2500,seqmar,0.2558505160746848,seq,0.2645692915923855,0.01489390030165634,0.23537778341180884,0.2937607997729622,1
773,2500,seqmar,0.2558505160746848,full,0.260321118989031,0.010555103061912298,0.23963349713457444,0.28100874084348754,1
773,2500,seqmar,0.2558505160746848,cc,0.21814592866486604,0.012294502913919916,0.19404914574576027,0.24224271158397181,0
773,2500,seqmar,0.2558505160746848,cc_ccproj,0.2213754900133742,0.012469146794171982,0.19693641137885404,0.24581456864789436,0
773,2500,seqmar,0.2558505160746848,seq,0.2537483228891552,0.014177172880004717,0.225961574641748,0.28153507113656245,1
774,2500,seqmar,0.2558505160746848,full,0.2613565165713555,0.011073181199685898,0.2396534802256851,0.2830595529170259,1
774,2500,seqmar,0.2558505160746848,cc,0.25068814672472856,0.02111520974377493,0.20930309610092046,0.29207319734853665,1
774,2500,seqmar,0.2558505160746848,cc_ccproj,0.2486839990915947,0.0211566116408757,0.20721780224057745,0.29015019594261193,1
774,2500,seqmar,0.2558505160746848,seq,0.28273898532435365,0.03657879283233427,0.21104586877502662,0.3544321018736807,1
775,2500,seqmar,0.2558505160746848,full,0.25032796413091896,0.013950198368280148,0.22298607775190044,0.2776698505099375,1
775,2500,seqmar,0.2558505160746848,cc,0.2524984646716695,0.03444970663795508,0.1849782803833071,0.32001864896003185,1
775,2500,seqmar,0.2558505160746848,cc_ccproj,0.2542449379102197,0.03434208777625071,0.18693568271485506,0.3215541931055843,1
775,2500,seqmar,0.2558505160746848,seq,0.2825179440414378,0.025620523888562414,0.23230263995480738,0.33273324812806826,1
776,2500,seqmar,0.2558505160746848,full,0.25451100375138874,0.010584229261641482,0.23376629559445647,0.275255711908321,1
776,2500,seqmar,0.2558505160746848,cc,0.22828082526166246,0.0198665386439885,0.18934312502197181,0.2672185255013531,1
776,2500,seqmar,0.2558505160746848,cc_ccproj,0.23051385052613405,0.0194858749870515,0.1923222373442632,0.26870546370800485,1
776,2500,seqmar,0.2558505160746848,seq,0.25472288397029796,0.015011375836972363,0.2253011279714373,0.2841446399691586,1
777,2500,seqmar,0.2558505160746848,full,0.2582262882902867,0.010985297003027382,0.23669550180487725,0.27975707477569617,1
777,2500,seqmar,0.2558505160746848,cc,0.23424433978596976,0.02037516332830772,0.19430975348336538,0.27417892608857414,1
777,2500,seqmar,0.2558505160746848,cc_ccproj,0.23200469776016694,0.02048295447748306,0.1918588446873267,0.2721505508330072,1
777,2500,seqmar,0.2558505160746848,seq,0.25304945442070576,0.014761363189853893,0.22411771420587684,0.28198119463553467,1
778,2500,seqmar,0.2558505160746848,full,0.2449328709627537,0.008807645281427048,0.22767020342255254,0.26219553850295485,1
778,2500,seqmar,0.2558505160746848,cc,0.20869501359957698,0.012410799741504814,0.18437029308688854,0.23301973411226543,0
778,2500,seqmar,0.2558505160746848,cc_ccproj,0.20790825241088895,0.012399112607656955,0.1836064382596248,0.2322100665621531,0
778,2500,seqmar,0.2558505160746848,seq,0.23114317042112134,0.012313134391147784,0.20700987047767017,0.2552764703645725,0
779,2500,seqmar,0.2558505160746848,full,0.25917481422195704,0.010145546574030474,0.23928990833338357,0.2790597201105305,1
779,2500,seqmar,0.2558505160746848,cc,0.24479839310372972,0.01766242811376285,0.21018067012122682,0.2794161160862326,1
779,2500,seqmar,0.2558505160746848,cc_ccproj,0.24239465317809564,0.017800022541753203,0.20750725007225823,0.27728205628393304,1
779,2500,seqmar,0.2558505160746848,seq,0.2655492010763224,0.012677329611599668,0.2407020916174439,0.29039631053520093,1
780,2500,seqmar,0.2558505160746848,full,0.25784682895285643,0.009602776858005148,0.23902573215959164,0.2766679257461212,1
780,2500,seqmar,0.2558505160746848,cc,0.2333078753481357,0.015881279117944916,0.20218114024853565,0.2644346104477358,1
780,2500,seqmar,0.2558505160746848,cc_ccproj,0.23169527075113255,0.015870830365236416,0.2005890148305245,0.2628015266717406,1
780,2500,seqmar,0.2558505160746848,seq,0.2706391964560862,0.01643983669059213,0.23841770863080547,0.3028606842813669,1
781,2500,seqmar,0.2558505160746848,full,0.25849467949103655,0.011542647874882586,0.2358715053700389,0.28111785361203423,1
781,2500,seqmar,0.2558505160746848,cc,0.20278080058373052,0.01742536459993991,0.1686277135503691,0.23693388761709194,0
781,2500,seqmar,0.2558505160746848,cc_ccproj,0.20309783262003397,0.01705990848572962,0.16966102640845468,0.23653463883161327,0
781,2500,seqmar,0.2558505160746848,seq,0.2400922246291104,0.014128657310801181,0.21240056515003156,0.26778388410818926,1
782,2500,seqmar,0.2558505160746848,full,0.2591932720856584,0.01012598732517404,0.2393467016204082,0.2790398425509086,1
782,2500,seqmar,0.2558505160746848,cc,0.2231756986206453,0.01674015079906617,0.1903656059587062,0.25598579128258436,1
782,2500,seqmar,0.2558505160746848,cc_ccproj,0.22270903619621313,0.016615540954380656,0.19014317434197675,0.2552748980504495,0
782,2500,seqmar,0.2558505160746848,seq,0.2633230772033845,0.019713176834947107,0.22468596058601886,0.3019601938207501,1
783,2500,seqmar,0.2558505160746848,full,0.2563997212019203,0.009356406868365405,0.2380615007152209,0.27473794168861965,1
783,2500,seqmar,0.2558505160746848,cc,0.23438290758597413,0.016100042133664203,0.2028274048544149,0.2659384103175334,1
783,2500,seqmar,0.2558505160746848,cc_ccproj,0.2321777342952199,0.015963608537718527,0.20088963649799546,0.26346583209244434,1
783,2500,seqmar,0.2558505160746848,seq,0.2648419403625317,0.01275632583765341,0.2398400011456733,0.2898438795793902,1
784,2500,seqmar,0.2558505160746848,full,0.2681871693716977,0.009023416702649209,0.2505015976170081,0.2858727411263873,1
784,2500,seqmar,0.2558505160746848,cc,0.24709049001158637,0.012765234231842922,0.2220710906629564,0.2721098893602163,1
784,2500,seqmar,0.2558505160746848,cc_ccproj,0.24649711857526382,0.012913364346941472,0.22118738953601494,0.2718068476145127,1
784,2500,seqmar,0.2558505160746848,seq,0.27528905151155353,0.012418360253191174,0.2509495126682551,0.29962859035485195,1
785,2500,seqmar,0.2558505160746848,full,0.259450454823747,0.013679429324758343,0.2326392660181596,0.28626164362933443,1
785,2500,seqmar,0.2558505160746848,cc,0.23231455161636105,0.027380697338656466,0.17864937096100267,0.2859797322717194,1
785,2500,seqmar,0.2558505160746848,cc_ccproj,0.23588286942019931,0.027288357893588217,0.1823986707515271,0.2893670680888715,1
785,2500,seqmar,0.2558505160746848,seq,0.24152467235233116,0.03115516711547326,0.18046166687367693,0.3025876778309854,1
786,2500,seqmar,0.2558505160746848,full,0.2510547081625502,0.009039287687185095,0.23333802984977106,0.2687713864753294,1
786,2500,seqmar,0.2558505160746848,cc,0.21987067867084356,0.015494414691384583,0.18950218391420148,0.25023917342748564,0
786,2500,seqmar,0.2558505160746848,cc_ccproj,0.2225606166370915,0.015430776230346386,0.19231685097211584,0.25280438230206714,0
786,2500,seqmar,0.2558505160746848,seq,0.2515443024985258,0.014789647990017009,0.22255712509406722,0.2805314799029843,1
787,2500,seqmar,0.2558505160746848,full,0.25332886868610077,0.01044686416882741,0.2328533911638171,0.27380434620838445,1
787,2500,seqmar,0.2558505160746848,cc,0.22863592155889892,0.019255634263833185,0.19089557190231043,0.2663762712154874,1
787,2500,seqmar,0.2558505160746848,cc_ccproj,0.23146514352590739,0.019256500600684096,0.19372309588029263,0.26920719117152214,1
787,2500,seqmar,0.2558505160746848,seq,0.2533936246476339,0.015123484141110186,0.22375214041029523,0.2830351088849725,1
788,2500,seqmar,0.2558505160746848,full,0.2736876018642071,0.01006856682785765,0.2539535735056714,0.2934216302227428,1
788,2500,seqmar,0.2558505160746848,cc,0.2485337779851819,0.014723813503183095,0.21967563380385852,0.27739192216650527,1
788,2500,seqmar,0.2558505160746848,cc_ccproj,0.24734294059227127,0.014833030022075701,0.21827073596740154,0.276415145217141,1
788,2500,seqmar,0.2558505160746848,seq,0.28691704914900384,0.014846379497294311,0.2578186800334931,0.31601541826451457,0
789,2500,seqmar,0.2558505160746848,full,0.2638477810413322,0.0102807515869083,0.24369787819698896,0.2839976838856755,1
789,2500,seqmar,0.2558505160746848,cc,0.25048525892134105,0.020077050571613016,0.21113496288519024,0.28983555495749186,1
789,2500,seqmar,0.2558505160746848,cc_ccproj,0.2505916811637582,0.020006895210697567,0.21137888710832406,0.2898044752191923,1
789,2500,seqmar,0.2558505160746848,seq,0.2867875089919628,0.02316743766748062,0.24138016554962416,0.33219485243430147,1
790,2500,seqmar,0.2558505160746848,full,0.25753312668427697,0.009598179774186663,0.23872104000973032,0.2763452133588236,1
790,2500,seqmar,0.2558505160746848,cc,0.22078657740507016,0.013614516445133482,0.19410261550568025,0.24747053930446006,0
790,2500,seqmar,0.2558505160746848,cc_ccproj,0.2170679930509075,0.013605611985327306,0.19040148357203945,0.24373450252977552,0
790,2500,seqmar,0.2558505160746848,seq,0.25871986456342033,0.021609187613531276,0.21636663510572998,0.30107309402111065,1
791,2500,seqmar,0.2558505160746848,full,0.2692781028609553,0.00982855564835639,0.2500144877701291,0.2885417179517816,1
791,2500,seqmar,0.2558505160746848,cc,0.2324897778557853,0.015907946738734503,0.20131077517988427,0.26366878053168635,1
791,2500,seqmar,0.2558505160746848,cc_ccproj,0.23305114443497532,0.015845841066030007,0.20199386664081073,0.2641084222291399,1
791,2500,seqmar,0.2558505160746848,seq,0.2588138635064225,0.01591674860820896,0.2276176094833549,0.2900101175294901,1
792,2500,seqmar,0.2558505160746848,full,0.2540874665366197,0.009803641399808764,0.23487268247564866,0.2733022505975907,1
792,2500,seqmar,0.2558505160746848,cc,0.22219094720213106,0.01854510638151631,0.18584320660489517,0.25853868779936695,1
792,2500,seqmar,0.2558505160746848,cc_ccproj,0.21800482681658415,0.018783544055177816,0.18118975696641418,0.2548198966667541,0
792,2500,seqmar,0.2558505160746848,seq,0.2615160381312647,0.01429005886714145,0.23350803741471024,0.2895240388478192,1
793,2500,seqmar,0.2558505160746848,full,0.2515632178566062,0.008429196078670065,0.2350422971237866,0.26808413858942576,1
793,2500,seqmar,0.2558505160746848,cc,0.2323553242106879,0.015158333012589413,0.20264553744034813,0.2620651109810277,1
793,2500,seqmar,0.2558505160746848,cc_ccproj,0.23122743153548667,0.015288119087168768,0.20126326873327652,0.26119159433769684,1
793,2500,seqmar,0.2558505160746848,seq,0.26396431394644265,0.014189396204246148,0.23615360842375085,0.2917750194691344,1
794,2500,seqmar,0.2558505160746848,full,0.24729938408014696,0.010410570158313736,0.22689504151132459,0.26770372664896935,1
794,2500,seqmar,0.2558505160746848,cc,0.20560217410161843,0.0162187570580877,0.17381399439376174,0.23739035380947512,0
794,2500,seqmar,0.2558505160746848,cc_ccproj,0.20783131772033595,0.01598145401420388,0.17650824343191326,0.23915439200875863,0
794,2500,seqmar,0.2558505160746848,seq,0.2515463483858211,0.012772986206340119,0.22651175544636754,0.2765809413252746,1
795,2500,seqmar,0.2558505160746848,full,0.249605332255073,0.010754426110912665,0.22852704440328703,0.270683620106859,1
795,2500,seqmar,0.2558505160746848,cc,0.1998695263856204,0.013094763861449733,0.17420426083112225,0.22553479194011852,0
795,2500,seqmar,0.2558505160746848,cc_ccproj,0.20291348228070366,0.012627664563709127,0.17816371452698107,0.22766325003442625,0
795,2500,seqmar,0.2558505160746848,seq,0.2507308008984598,0.013360022800103894,0.22454563737762218,0.2769159644192974,1
796,2500,seqmar,0.2558505160746848,full,0.26051442193669844,0.008854239235846195,0.24316043192393844,0.27786841194945844,1
796,2500,seqmar,0.2558505160746848,cc,0.2251029567015396,0.012322192947618387,0.20095190231365412,0.24925401108942508,0
796,2500,seqmar,0.2558505160746848,cc_ccproj,0.2214856074935671,0.012284743046606468,0.19740795356288957,0.24556326142424464,0
796,2500,seqmar,0.2558505160746848,seq,0.2524086129561311,0.012886793911538613,0.22715096101332538,0.2776662648989368,1
797,2500,seqmar,0.2558505160746848,full,0.2639725335071151,0.008739255589722286,0.24684390729956904,0.2811011597146611,1
797,2500,seqmar,0.2558505160746848,cc,0.2338541202095273,0.011746477141370058,0.21083144806721899,0.25687679235183564,1
797,2500,seqmar,0.2558505160746848,cc_ccproj,0.23368380668186384,0.01191270163780053,0.2103353405132035,0.2570322728505242,1
797,2500,seqmar,0.2558505160746848,seq,0.27562896469701,0.01192031621198451,0.2522655742371914,0.29899235515682854,1
798,2500,seqmar,0.2558505160746848,full,0.2464581149615413,0.010576984848814952,0.22572760559283817,0.26718862433024443,1
798,2500,seqmar,0.2558505160746848,cc,0.17744842949825015,0.018259177844547576,0.1416610985356252,0.2132357604608751,0
798,2500,seqmar,0.2558505160746848,cc_ccproj,0.17941545015504706,0.01775428140005629,0.14461769803954738,0.21421320227054674,0
798,2500,seqmar,0.2558505160746848,seq,0.22175721266105738,0.013614398268710436,0.19507348238320046,0.2484409429389143,0
799,2500,seqmar,0.2558505160746848,full,0.25450421451516253,0.009781587311105098,0.23533265567376255,0.2736757733565625,1
799,2500,seqmar,0.2558505160746848,cc,0.22312660454953592,0.018268930650363124,0.1873201584387643,0.25893305066030753,1
799,2500,seqmar,0.2558505160746848,cc_ccproj,0.22241398383304467,0.018155661339040487,0.18682954149301906,0.2579984261730703,1
799,2500,seqmar,0.2558505160746848,seq,0.2574727160244521,0.012928806860589427,0.23213272021462245,0.28281271183428175,1
800,2500,seqmar,0.2558505160746848,full,0.24343238432913566,0.008120272373061607,0.22751694293327931,0.259347825724992,1
800,2500,seqmar,0.2558505160746848,cc,0.20620287151905745,0.01251661532852546,0.18167075626680557,0.23073498677130932,0
800,2500,seqmar,0.2558505160746848,cc_ccproj,0.2098180420129742,0.012339423037210593,0.18563321727003756,0.2340028667559108,0
800,2500,seqmar,0.2558505160746848,seq,0.260135076253611,0.011334621878778072,0.23791962559282626,0.2823505269143957,1
801,2500,seqmar,0.2558505160746848,full,0.26479621286551674,0.011938906755811697,0.24139638560934387,0.2881960401216896,1
801,2500,seqmar,0.2558505160746848,cc,0.24315503005991723,0.024150255988156125,0.19582139810570845,0.29048866201412604,1
801,2500,seqmar,0.2558505160746848,cc_ccproj,0.2391387655308046,0.024142058401747803,0.19182120055071628,0.2864563305108929,1
801,2500,seqmar,0.2558505160746848,seq,0.2661464467505829,0.016738379673874388,0.23333982543023182,0.298953068070934,1
802,2500,seqmar,0.2558505160746848,full,0.26379282954929223,0.009548427619978957,0.24507825530514596,0.28250740379343847,1
802,2500,seqmar,0.2558505160746848,cc,0.24256037972355235,0.014921154255569412,0.21331545477486974,0.27180530467223496,1
802,2500,seqmar,0.2558505160746848,cc_ccproj,0.23918537724074404,0.01499961567898387,0.20978667072799334,0.26858408375349474,1
802,2500,seqmar,0.2558505160746848,seq,0.2707317013191531,0.014297576753916632,0.2427089658152794,0.29875443682302677,1
803,2500,seqmar,0.2558505160746848,full,0.2559216104894359,0.010268406703559782,0.23579590317184906,0.27604731780702274,1
803,2500,seqmar,0.2558505160746848,cc,0.22884947814054676,0.016065353602923767,0.19736196367991538,0.26033699260117815,1
803,2500,seqmar,0.2558505160746848,cc_ccproj,0.2268217484134605,0.01607685815217361,0.19531168545064106,0.2583318113762799,1
803,2500,seqmar,0.2558505160746848,seq,0.2545903406104421,0.013050244891547042,0.2290123306335821,0.28016835058730216,1
804,2500,seqmar,0.2558505160746848,full,0.24930010229498303,0.009280433855639248,0.2311107861770239,0.26748941841294216,1
804,2500,seqmar,0.2558505160746848,cc,0.21069810462574742,0.011495789945341341,0.18816677035904072,0.23322943889245412,0
804,2500,seqmar,0.2558505160746848,cc_ccproj,0.21249682318417654,0.01157638614737835,0.1898075232641866,0.23518612310416648,0
804,2500,seqmar,0.2558505160746848,seq,0.24541905278578183,0.011796416618378665,0.22229850106712987,0.26853960450443376,1
805,2500,seqmar,0.2558505160746848,full,0.2667449310126187,0.015751225911127577,0.23587309551445457,0.29761676651078284,1
805,2500,seqmar,0.2558505160746848,cc,0.26128756456865415,0.03925453805681839,0.1843500837475332,0.3382250453897751,1
805,2500,seqmar,0.2558505160746848,cc_ccproj,0.2592480026640958,0.03927731259937961,0.18226588455979048,0.33623012076840114,1
805,2500,seqmar,0.2558505160746848,seq,0.2840098337883627,0.026935711697383943,0.2312168089635359,0.3368028586131895,1
806,2500,seqmar,0.2558505160746848,full,0.262648263623547,0.011902102568586752,0.23932057124881528,0.2859759559982787,1
806,2500,seqmar,0.2558505160746848,cc,0.2556325867016314,0.018953103539687263,0.21848518636858577,0.29277998703467706,1
806,2500,seqmar,0.2558505160746848,cc_ccproj,0.2535667307770607,0.019054138354760455,0.21622130584528693,0.2909121557088345,1
806,2500,seqmar,0.2558505160746848,seq,0.28050288747862057,0.013745123787557186,0.2535629398919637,0.3074428350652774,1
807,2500,seqmar,0.2558505160746848,full,0.2766031888487173,0.01480703898252561,0.2475819257252865,0.3056244519721481,1
807,2500,seqmar,0.2558505160746848,cc,0.2177528709871948,0.014337035177478086,0.18965279839425395,0.24585294358013568,0
807,2500,seqmar,0.2558505160746848,cc_ccproj,0.21790957446117504,0.014376406701357971,0.18973233509941312,0.24608681382293696,0
807,2500,seqmar,0.2558505160746848,seq,0.24322517798151808,0.016359799969471175,0.2111605592470751,0.27528979671596104,1
808,2500,seqmar,0.2558505160746848,full,0.26475159354243843,0.009818446421041196,0.2455077921730615,0.28399539491181536,1
808,2500,seqmar,0.2558505160746848,cc,0.22091185437805735,0.015137812318536954,0.19124228742899815,0.2505814213271166,0
808,2500,seqmar,0.2558505160746848,cc_ccproj,0.2188932342215785,0.015197316932162126,0.1891070403729,0.248679428070257,0
808,2500,seqmar,0.2558505160746848,seq,0.23261304728141768,0.02112940701737842,0.1912001705126681,0.2740259240501673,1
809,2500,seqmar,0.2558505160746848,full,0.2325197531818002,0.013397085242961846,0.20626194860778196,0.25877755775581845,1
809,2500,seqmar,0.2558505160746848,cc,0.22443230038943565,0.01850500431146772,0.18816315840520048,0.2607014423736708,1
809,2500,seqmar,0.2558505160746848,cc_ccproj,0.22553802502858267,0.0184907466865524,0.18929682747568663,0.26177922258147873,1
809,2500,seqmar,0.2558505160746848,seq,0.2541567432814016,0.019124820958336456,0.21667278299228532,0.29164070357051786,1
810,2500,seqmar,0.2558505160746848,full,0.25492376829913455,0.009894761959635767,0.2355303912226515,0.27431714537561763,1
810,2500,seqmar,0.2558505160746848,cc,0.20226090941035277,0.016532521646306867,0.16985776240996248,0.23466405641074306,0
810,2500,seqmar,0.2558505160746848,cc_ccproj,0.20112347923104634,0.016408304918095088,0.16896379254422852,0.23328316591786416,0
810,2500,seqmar,0.2558505160746848,seq,0.24623372176610683,0.014671079074119544,0.21747893516649328,0.27498850836572036,1
811,2500,seqmar,0.2558505160746848,full,0.25981724877506945,0.009399684691209673,0.241394205314266,0.27824029223587293,1
811,2500,seqmar,0.2558505160746848,cc,0.2364985415850846,0.013761333309894612,0.2095268239184398,0.2634702592517294,1
811,2500,seqmar,0.2558505160746848,cc_ccproj,0.23530616362824044,0.013915328386949078,0.2080326211567724,0.2625797060997085,1
811,2500,seqmar,0.2558505160746848,seq,0.2663849338010229,0.012252246742881034,0.2423709714552779,0.2903988961467679,1
812,2500,seqmar,0.2558505160746848,full,0.2599067542472028,0.00885612801280393,0.2425490622996308,0.27726444619477475,1
812,2500,seqmar,0.2558505160746848,cc,0.2219531966179255,0.013656031474828793,0.19518786675551567,0.24871852648033535,0
812,2500,seqmar,0.2558505160746848,cc_ccproj,0.21872882101979996,0.013754134336125353,0.19177121308246853,0.2456864289571314,0
812,2500,seqmar,0.2558505160746848,seq,0.2525987467389847,0.011714439824917194,0.2296388665830853,0.2755586268948841,1
813,2500,seqmar,0.2558505160746848,full,0.2576234794327521,0.010878377134608397,0.2363022520386756,0.2789447068268286,1
813,2500,seqmar,0.2558505160746848,cc,0.2384744112510316,0.018967354029037934,0.20129908047209658,0.2756497420299666,1
813,2500,seqmar,0.2558505160746848,cc_ccproj,0.2381047864035977,0.019159026353490625,0.2005537847719023,0.27565578803529306,1
813,2500,seqmar,0.2558505160746848,seq,0.25868128453320033,0.01492069103463394,0.22943726748086812,0.28792530158553253,1
814,2500,seqmar,0.2558505160746848,full,0.2736324768149125,0.010817904243131733,0.25242977411017126,0.2948351795196537,1
814,2500,seqmar,0.2558505160746848,cc,0.26182585229223476,0.02670501380852633,0.20948498702087834,0.3141667175635912,1
814,2500,seqmar,0.2558505160746848,cc_ccproj,0.2637026998549191,0.026452418274037503,0.21185691273381643,0.3155484869760218,1
814,2500,seqmar,0.2558505160746848,seq,0.28134145888519196,0.0171655496770234,0.24769759974339295,0.314985318026991,1
815,2500,seqmar,0.2558505160746848,full,0.24994396149822373,0.011402960767403388,0.22759456907698988,0.2722933539194576,1
815,2500,seqmar,0.2558505160746848,cc,0.22878918773558107,0.01986447283910473,0.1898555363990617,0.2677228390721005,1
815,2500,seqmar,0.2558505160746848,cc_ccproj,0.22597640790219306,0.019889818526746865,0.1869930799307317,0.26495973587365446,1
815,2500,seqmar,0.2558505160746848,seq,0.2452425137882673,0.014069991260901672,0.21766583765410674,0.2728191899224279,1
816,2500,seqmar,0.2558505160746848,full,0.25421385501438465,0.009338719036448258,0.23591030204120747,0.27251740798756185,1
816,2500,seqmar,0.2558505160746848,cc,0.22801738110494046,0.01528231126460859,0.19806460142577687,0.25797016078410406,1
816,2500,seqmar,0.2558505160746848,cc_ccproj,0.22802501290510782,0.015328841838409329,0.19798103497711478,0.25806899083310086,1
816,2500,seqmar,0.2558505160746848,seq,0.25584792924359656,0.014279693410008945,0.22786024444970507,0.283835614037488,1
817,2500,seqmar,0.2558505160746848,full,0.25245630106792316,0.008662865460654066,0.2354773967621252,0.2694352053737211,1
817,2500,seqmar,0.2558505160746848,cc,0.20406233567762333,0.010258549604574028,0.18395594791904063,0.22416872343620603,0
817,2500,seqmar,0.2558505160746848,cc_ccproj,0.2037093464346494,0.010184442514915189,0.1837482059027971,0.2236704869665017,0
817,2500,seqmar,0.2558505160746848,seq,0.23773570665273674,0.010825574074531885,0.21651797135468373,0.2589534419507898,1
818,2500,seqmar,0.2558505160746848,full,0.2558901796329499,0.009377622757942102,0.23751037676678022,0.2742699824991196,1
818,2500,seqmar,0.2558505160746848,cc,0.22419264118179064,0.015980250065522505,0.19287192658942268,0.25551335577415857,0
818,2500,seqmar,0.2558505160746848,cc_ccproj,0.22229665110532806,0.01590187885840258,0.1911295412563401,0.25346376095431605,0
818,2500,seqmar,0.2558505160746848,seq,0.26117396361305983,0.013228650463941989,0.23524628513966445,0.2871016420864552,1
819,2500,seqmar,0.2558505160746848,full,0.2631449158847305,0.013052024612845247,0.23756341771822345,0.2887264140512375,1
819,2500,seqmar,0.2558505160746848,cc,0.2196208467982499,0.030478137207641587,0.15988479555540222,0.2793568980410976,1
819,2500,seqmar,0.2558505160746848,cc_ccproj,0.21860162854033252,0.03034591560974599,0.15912472686733853,0.2780785302133265,1
819,2500,seqmar,0.2558505160746848,seq,0.2461522110033659,0.019839288605937158,0.2072679198568332,0.2850365021498986,1
820,2500,seqmar,0.2558505160746848,full,0.2645753704857601,0.009925829537175324,0.24512110207621257,0.2840296388953076,1
820,2500,seqmar,0.2558505160746848,cc,0.24679950188853345,0.016238753736896823,0.21497212941040045,0.27862687436666644,1
820,2500,seqmar,0.2558505160746848,cc_ccproj,0.2508407508738159,0.016089348090393876,0.21930620808191562,0.28237529366571623,1
820,2500,seqmar,0.2558505160746848,seq,0.28566280496377905,0.016986766511130416,0.2523693543881723,0.3189562555393858,1
821,2500,seqmar,0.2558505160746848,full,0.2626255292271931,0.010235337988539433,0.24256463540006118,0.28268642305432506,1
821,2500,seqmar,0.2558505160746848,cc,0.22727282033033824,0.0161906817789518,0.19553966715844381,0.25900597350223264,1
821,2500,seqmar,0.2558505160746848,cc_ccproj,0.2291081877411246,0.016101338777632597,0.19755014363408652,0.2606662318481627,1
821,2500,seqmar,0.2558505160746848,seq,0.2659607228870794,0.014370787587988534,0.23779449678514664,0.29412694898901215,1
822,2500,seqmar,0.2558505160746848,full,0.2584846480365977,0.011557029021711154,0.23583328738575968,0.28113600868743577,1
822,2500,seqmar,0.2558505160746848,cc,0.2051162113971372,0.027997770147239878,0.15024159026111636,0.259990832533158,1
822,2500,seqmar,0.2558505160746848,cc_ccproj,0.20446378268948387,0.027714254565672607,0.1501448418823908,0.25878272349657694,1
822,2500,seqmar,0.2558505160746848,seq,0.2544521360518963,0.018085179057576936,0.21900583644508748,0.28989843565870516,1
823,2500,seqmar,0.2558505160746848,full,0.24970536506603247,0.010059144866066254,0.22998980341327163,0.2694209267187933,1
823,2500,seqmar,0.2558505160746848,cc,0.20416072838145716,0.01408862380428076,0.17654753313333318,0.23177392362958113,0
823,2500,seqmar,0.2558505160746848,cc_ccproj,0.20645429255740155,0.013888669495831922,0.17923300055239091,0.2336755845624122,0
823,2500,seqmar,0.2558505160746848,seq,0.23262948399032934,0.013715608934748902,0.2057473844521857,0.259511583528473,1
824,2500,seqmar,0.2558505160746848,full,0.2538731229370732,0.008489363788864938,0.23723427565923944,0.27051197021490697,1
824,2500,seqmar,0.2558505160746848,cc,0.22024776503549956,0.012078642799229164,0.19657406016688633,0.2439214699041128,0
824,2500,seqmar,0.2558505160746848,cc_ccproj,0.22143073632363808,0.01211432012818606,0.19768710517520474,0.24517436747207141,0
824,2500,seqmar,0.2558505160746848,seq,0.25897093275877026,0.014231055253195653,0.23107857700050724,0.2868632885170333,1
825,2500,seqmar,0.2558505160746848,full,0.24547789476859652,0.010415446517452942,0.22506399471148564,0.2658917948257074,1
825,2500,seqmar,0.2558505160746848,cc,0.21296812745741672,0.014429983767147249,0.1846858789763105,0.24125037593852294,0
825,2500,seqmar,0.2558505160746848,cc_ccproj,0.21531628209777845,0.014170918013313162,0.18754179316381475,0.24309077103174215,0
825,2500,seqmar,0.2558505160746848,seq,0.24591994589389587,0.014068841597125004,0.2183455230593319,0.27349436872845984,1
826,2500,seqmar,0.2558505160746848,full,0.24758273977883183,0.009357396801666444,0.2292425790585153,0.26592290049914835,1
826,2500,seqmar,0.2558505160746848,cc,0.21086280445625147,0.01466440784387645,0.18212109322764697,0.23960451568485597,0
826,2500,seqmar,0.2558505160746848,cc_ccproj,0.21134051852174893,0.01471546790233202,0.18249873141752299,0.24018230562597487,0
826,2500,seqmar,0.2558505160746848,seq,0.23719163681045524,0.016383788141826772,0.20508000212214034,0.26930327149877015,1
827,2500,seqmar,0.2558505160746848,full,0.26883392927909233,0.008895258167543385,0.25139954363752154,0.2862683149206631,1
827,2500,seqmar,0.2558505160746848,cc,0.22776632871089733,0.013847587817134209,0.20062555531655865,0.254907102105236,0
827,2500,seqmar,0.2558505160746848,cc_ccproj,0.22593359769295013,0.0137833663490678,0.1989186960630559,0.25294849932284436,0
827,2500,seqmar,0.2558505160746848,seq,0.2650943143194447,0.012789349732931929,0.24002764945721114,0.2901609791816782,1
828,2500,seqmar,0.2558505160746848,full,0.26527056866583953,0.009740700817236608,0.2461791458798759,0.2843619914518032,1
828,2500,seqmar,0.2558505160746848,cc,0.2466301296300391,0.021137322721781225,0.20520173836574776,0.2880585208943305,1
828,2500,seqmar,0.2558505160746848,cc_ccproj,0.2482859157219325,0.021036699979862402,0.20705474140782773,0.2895170900360373,1
828,2500,seqmar,0.2558505160746848,seq,0.2767829008284815,0.014873838652678948,0.247630712757371,0.305935088899592,1
829,2500,seqmar,0.2558505160746848,full,0.27676452195753626,0.011705065715526652,0.25382301471842944,0.2997060291966431,1
829,2500,seqmar,0.2558505160746848,cc,0.24461373059241343,0.016043976542219725,0.21316811440085728,0.27605934678396954,1
829,2500,seqmar,0.2558505160746848,cc_ccproj,0.2450867484020484,0.01612465813650733,0.2134829991914733,0.2766904976126235,1
829,2500,seqmar,0.2558505160746848,seq,0.2837080951458725,0.013297746633166317,0.2576449906693277,0.3097711996224172,0
830,2500,seqmar,0.2558505160746848,full,0.2616014186688384,0.010308870479329303,0.24139640380806482,0.281806433529612,1
830,2500,seqmar,0.2558505160746848,cc,0.22420253755390523,0.013828467146774569,0.19709923998483173,0.25130583512297877,0
830,2500,seqmar,0.2558505160746848,cc_ccproj,0.2210619596165415,0.013940563972189393,0.19373895630687366,0.24838496292620932,0
830,2500,seqmar,0.2558505160746848,seq,0.2597018369143432,0.012840413983756627,0.2345350879595957,0.28486858586909064,1
831,2500,seqmar,0.2558505160746848,full,0.2518147798218425,0.010428517706131218,0.2313752607056871,0.27225429893799796,1
831,2500,seqmar,0.2558505160746848,cc,0.22580086591100235,0.0151988231253224,0.19601171997797595,0.25559001184402874,0
831,2500,seqmar,0.2558505160746848,cc_ccproj,0.22470921540122663,0.015194148901753069,0.1949292307780518,0.25448920002440145,0
831,2500,seqmar,0.2558505160746848,seq,0.25933540710495856,0.0207662902918594,0.21863422604041036,0.30003658816950673,1
832,2500,seqmar,0.2558505160746848,full,0.2407090313558865,0.012414796028810213,0.2163764782640076,0.26504158444776543,1
832,2500,seqmar,0.2558505160746848,cc,0.17963498898016528,0.028947897826253156,0.12289815181256378,0.23637182614776678,0
832,2500,seqmar,0.2558505160746848,cc_ccproj,0.1803239050850073,0.02815242759348308,0.12514616092440886,0.23550164924560577,0
832,2500,seqmar,0.2558505160746848,seq,0.2505561515366588,0.0202183142143679,0.21092898384838346,0.2901833192249341,1
833,2500,seqmar,0.2558505160746848,full,0.2520501105031469,0.008446739214206684,0.23549480585649965,0.2686054151497942,1
833,2500,seqmar,0.2558505160746848,cc,0.19751675059986756,0.011653032306770627,0.17467722696791543,0.2203562742318197,0
833,2500,seqmar,0.2558505160746848,cc_ccproj,0.19529848347583972,0.011331021517298782,0.1730900893938857,0.21750687755779374,0
833,2500,seqmar,0.2558505160746848,seq,0.22908008814112418,0.011846787272909713,0.20586081175371365,0.2522993645285347,0
834,2500,seqmar,0.2558505160746848,full,0.2592637497884464,0.00898630708055327,0.24165091155654472,0.2768765880203481,1
834,2500,seqmar,0.2558505160746848,cc,0.20738269968543413,0.012851308034187398,0.18219459878419658,0.23257080058667168,0
834,2500,seqmar,0.2558505160746848,cc_ccproj,0.20887612824028964,0.01262289813365617,0.1841357025178057,0.2336165539627736,0
834,2500,seqmar,0.2558505160746848,seq,0.24875762801603532,0.012747119307996957,0.22377373326572614,0.2737415227663445,1
835,2500,seqmar,0.2558505160746848,full,0.2598105523557505,0.010372649755474729,0.23948053241077186,0.2801405723007292,1
835,2500,seqmar,0.2558505160746848,cc,0.22824733538355468,0.01605939244422179,0.1967715045792853,0.25972316618782404,1
835,2500,seqmar,0.2558505160746848,cc_ccproj,0.22797064633926756,0.01606661238059697,0.19648066471973216,0.259460627958803,1
835,2500,seqmar,0.2558505160746848,seq,0.2623913435226349,0.014372096794527228,0.23422255142303797,0.2905601356222318,1
836,2500,seqmar,0.2558505160746848,full,0.255746718320242,0.009574129654136114,0.23698176901481827,0.2745116676256657,1
836,2500,seqmar,0.2558505160746848,cc,0.23082365511095332,0.01323801895581707,0.20487761473089333,0.2567696954910133,1
836,2500,seqmar,0.2558505160746848,cc_ccproj,0.23012121566040536,0.013226016835290906,0.20419869900431475,0.25604373231649596,1
836,2500,seqmar,0.2558505160746848,seq,0.2579494165074174,0.013106693269449226,0.23226076974288337,0.2836380632719514,1
837,2500,seqmar,0.2558505160746848,full,0.26628119359610497,0.008714457591029462,0.24920117057288554,0.2833612166193244,1
837,2500,seqmar,0.2558505160746848,cc,0.22157886871414384,0.011773812323821329,0.1985026205987202,0.24465511682956748,0
837,2500,seqmar,0.2558505160746848,cc_ccproj,0.22061091194275656,0.01174065908727154,0.19759964297694144,0.24362218090857168,0
837,2500,seqmar,0.2558505160746848,seq,0.2559963054829471,0.011586285348330932,0.23328760348561436,0.2787050074802798,1
838,2500,seqmar,0.2558505160746848,full,0.25462206474612714,0.008400384168539317,0.23815761431948962,0.27108651517276466,1
838,2500,seqmar,0.2558505160746848,cc,0.22249049206244034,0.013465853707214943,0.19609790377521388,0.2488830803496668,0
838,2500,seqmar,0.2558505160746848,cc_ccproj,0.22349744649870035,0.013581353391102753,0.19687848299082802,0.2501164100065727,0
838,2500,seqmar,0.2558505160746848,seq,0.248977172077495,0.011765327205260885,0.2259175544888544,0.27203678966613565,1
839,2500,seqmar,0.2558505160746848,full,0.2519112302108843,0.010250715232668952,0.23182019753907704,0.2720022628826916,1
839,2500,seqmar,0.2558505160746848,cc,0.20800244243180727,0.01475049289256504,0.17909200760816574,0.2369128772554488,0
839,2500,seqmar,0.2558505160746848,cc_ccproj,0.2035377330709436,0.014812415433371135,0.17450593229749092,0.2325695338443963,0
839,2500,seqmar,0.2558505160746848,seq,0.2459980641747794,0.013062622442308568,0.22039579464420997,0.27160033370534886,1
840,2500,seqmar,0.2558505160746848,full,0.24579018854597084,0.0105713631535373,0.22507069749754396,0.2665096795943977,1
840,2500,seqmar,0.2558505160746848,cc,0.21691937432965738,0.017004601010266976,0.1835909687780607,0.2502477798812541,0
840,2500,seqmar,0.2558505160746848,cc_ccproj,0.21746159445360555,0.017083865456319305,0.18397783344249177,0.2509453554647193,0
840,2500,seqmar,0.2558505160746848,seq,0.26116316554124186,0.01766370727270653,0.22654293545327883,0.29578339562920486,1
841,2500,seqmar,0.2558505160746848,full,0.25350222576635445,0.009441458326727851,0.23499730748443207,0.27200714404827686,1
841,2500,seqmar,0.2558505160746848,cc,0.21489133290470294,0.014302222823740163,0.18685949127130547,0.24292317453810042,0
841,2500,seqmar,0.2558505160746848,cc_ccproj,0.21268327976928103,0.014285187923203893,0.18468482592741486,0.2406817336111472,0
841,2500,seqmar,0.2558505160746848,seq,0.2470683932206367,0.015599520194126235,0.21649389546404402,0.2776428909772294,1
842,2500,seqmar,0.2558505160746848,full,0.24725168767282163,0.009880706708614162,0.22788585838213457,0.26661751696350866,1
842,2500,seqmar,0.2558505160746848,cc,0.21315230452249756,0.017084156717203626,0.1796679726505404,0.2466366363944547,0
842,2500,seqmar,0.2558505160746848,cc_ccproj,0.21706808339782602,0.016931625110910665,0.1838827079807071,0.25025345881494493,0
842,2500,seqmar,0.2558505160746848,seq,0.24184026930360547,0.015314453169568754,0.21182449264832542,0.2718560459588855,1
843,2500,seqmar,0.2558505160746848,full,0.2469857611543227,0.009820449331479386,0.22773803415262264,0.2662334881560227,1
843,2500,seqmar,0.2558505160746848,cc,0.20425243519259392,0.017483198999501764,0.16998599481902377,0.23851887556616408,0
843,2500,seqmar,0.2558505160746848,cc_ccproj,0.20625248400943783,0.017462328606850958,0.17202694885380646,0.2404780191650692,0
843,2500,seqmar,0.2558505160746848,seq,0.24003885382528461,0.016658074598558614,0.20738962756032822,0.27268808009024104,1
844,2500,seqmar,0.2558505160746848,full,0.2472666980902076,0.009868371424863147,0.22792504551141163,0.26660835066900357,1
844,2500,seqmar,0.2558505160746848,cc,0.20825558420277493,0.017721380169840935,0.1735223173135444,0.24298885109200546,0
844,2500,seqmar,0.2558505160746848,cc_ccproj,0.20969375059446052,0.017478143828657804,0.17543721817368021,0.24395028301524083,0
844,2500,seqmar,0.2558505160746848,seq,0.23924911951682712,0.014069646363810537,0.21167311936854355,0.2668251196651107,1
845,2500,seqmar,0.2558505160746848,full,0.24201827989231334,0.010306016546410503,0.22181885863727488,0.26221770114735177,1
845,2500,seqmar,0.2558505160746848,cc,0.21471630096444877,0.018811700685637398,0.17784604513265204,0.25158655679624553,0
845,2500,seqmar,0.2558505160746848,cc_ccproj,0.2167527236512866,0.018629145378120424,0.18024026964740975,0.25326517765516343,0
845,2500,seqmar,0.2558505160746848,seq,0.22600473389538087,0.01724178794694232,0.19221145049029711,0.2597980173004646,1
846,2500,seqmar,0.2558505160746848,full,0.2743239986164139,0.009612807621936092,0.255483241887107,0.29316475534572073,1
846,2500,seqmar,0.2558505160746848,cc,0.2483495920876088,0.013143434314819782,0.22258893419739414,0.27411024997782346,1
846,2500,seqmar,0.2558505160746848,cc_ccproj,0.2484731334044317,0.013177059442195539,0.22264657147558498,0.2742996953332784,1
846,2500,seqmar,0.2558505160746848,seq,0.2871718830543471,0.012134344955283163,0.2633890039660068,0.3109547621426874,0
847,2500,seqmar,0.2558505160746848,full,0.2521742982330614,0.008565786903955574,0.23538566440206365,0.2689629320640592,1
847,2500,seqmar,0.2558505160746848,cc,0.2064517382154474,0.011952192047656109,0.18302587226573538,0.22987760416515943,0
847,2500,seqmar,0.2558505160746848,cc_ccproj,0.20522560601451859,0.011977430959393211,0.18175027270679286,0.2287009393222443,0
847,2500,seqmar,0.2558505160746848,seq,0.2323998004485275,0.016359669883282565,0.2003354366783291,0.26446416421872593,1
848,2500,seqmar,0.2558505160746848,full,0.2483606903395218,0.012111470255818976,0.22462264483828848,0.2720987358407551,1
848,2500,seqmar,0.2558505160746848,cc,0.260585551138997,0.030757347031193386,0.200302258697858,0.320868843580136,1
848,2500,seqmar,0.2558505160746848,cc_ccproj,0.2611563635139514,0.03082712655008225,0.2007363057289317,0.32157642129897107,1
848,2500,seqmar,0.2558505160746848,seq,0.2614366918670027,0.02094425206034339,0.22038671214560082,0.3024866715884046,1
849,2500,seqmar,0.2558505160746848,full,0.26432362479149213,0.011247246824072889,0.24227942609107678,0.2863678234919075,1
849,2500,seqmar,0.2558505160746848,cc,0.2275385206068241,0.013014128038981316,0.20203129836022785,0.25304574285342035,0
849,2500,seqmar,0.2558505160746848,cc_ccproj,0.22882182545417318,0.01302489627326173,0.2032934978562102,0.25435015305213615,0
849,2500,seqmar,0.2558505160746848,seq,0.25502725605767673,0.011526000534247644,0.2324367101247619,0.27761780199059155,1
850,2500,seqmar,0.2558505160746848,full,0.2577088917337569,0.008609913593777791,0.24083377117995058,0.2745840122875632,1
850,2500,seqmar,0.2558505160746848,cc,0.2083686774298073,0.013867325082285387,0.181189219706619,0.2355481351529956,0
850,2500,seqmar,0.2558505160746848,cc_ccproj,0.20805702332271145,0.01350419992715043,0.1815892778254682,0.2345247688199547,0
850,2500,seqmar,0.2558505160746848,seq,0.250524474993788,0.013360381683056914,0.2243386080752878,0.27671034191228816,1
851,2500,seqmar,0.2558505160746848,full,0.2565207099526495,0.009035167391370296,0.23881210727127297,0.27422931263402595,1
851,2500,seqmar,0.2558505160746848,cc,0.21027080340397541,0.013553051075760568,0.18370731141485286,0.23683429539309797,0
851,2500,seqmar,0.2558505160746848,cc_ccproj,0.20889247592421292,0.01326619167883264,0.182891218021696,0.23489373382672984,0
851,2500,seqmar,0.2558505160746848,seq,0.24752699811528583,0.012967542184490309,0.22211108246568098,0.2729429137648907,1
852,2500,seqmar,0.2558505160746848,full,0.24762347537888763,0.010351464344299762,0.22733497807680958,0.26791197268096567,1
852,2500,seqmar,0.2558505160746848,cc,0.19080882114884443,0.017897980518581557,0.15572942393642505,0.2258882183612638,0
852,2500,seqmar,0.2558505160746848,cc_ccproj,0.19215126710736652,0.017270417214817684,0.1583018713683433,0.22600066284638973,0
852,2500,seqmar,0.2558505160746848,seq,0.2382369705476096,0.015401898170956316,0.2080498048389819,0.2684241362562373,1
853,2500,seqmar,0.2558505160746848,full,0.24885172643289594,0.011718151936074091,0.22588457067282242,0.27181888219296946,1
853,2500,seqmar,0.2558505160746848,cc,0.20084609880046245,0.014560963909315985,0.17230713395801556,0.22938506364290934,0
853,2500,seqmar,0.2558505160746848,cc_ccproj,0.2036478978778584,0.01444444479376662,0.17533730630539873,0.23195848945031805,0
853,2500,seqmar,0.2558505160746848,seq,0.23066935798995863,0.01529800598276951,0.20068581722845213,0.26065289875146513,1
854,2500,seqmar,0.2558505160746848,full,0.25031929437868167,0.011770132652425857,0.2272502582866681,0.2733883304706952,1
854,2500,seqmar,0.2558505160746848,cc,0.23649341827489956,0.026719345749596064,0.1841244629152179,0.2888623736345812,1
854,2500,seqmar,0.2558505160746848,cc_ccproj,0.23506360825474207,0.026694863134881574,0.18274263793814818,0.2873845785713359,1
854,2500,seqmar,0.2558505160746848,seq,0.26618984732970524,0.020272030918257494,0.22645739683643812,0.30592229782297237,1
855,2500,seqmar,0.2558505160746848,full,0.26263967358043117,0.00893119527996758,0.2451348524928006,0.28014449466806174,1
855,2500,seqmar,0.2558505160746848,cc,0.23247719807165212,0.012951949794888819,0.2070918429440991,0.25786255319920515,1
855,2500,seqmar,0.2558505160746848,cc_ccproj,0.2276739520069391,0.013197481924878983,0.20180736274755795,0.25354054126632025,0
855,2500,seqmar,0.2558505160746848,seq,0.2652584507435301,0.014981844310407914,0.23589457547314427,0.2946223260139159,1
856,2500,seqmar,0.2558505160746848,full,0.2630654845299948,0.009301412357305971,0.24483505130431926,0.2812959177556703,1
856,2500,seqmar,0.2558505160746848,cc,0.2328107926208967,0.015218345748765634,0.20298338304903782,0.2626382021927556,1
856,2500,seqmar,0.2558505160746848,cc_ccproj,0.23305472731093688,0.015436300475042495,0.20280013432531507,0.2633093202965587,1
856,2500,seqmar,0.2558505160746848,seq,0.26047468502179816,0.013257196667469318,0.23449105701759387,0.28645831302600244,1
857,2500,seqmar,0.2558505160746848,full,0.27200057940917716,0.013711298745798978,0.24512692768614194,0.29887423113221234,1
857,2500,seqmar,0.2558505160746848,cc,0.2708541158539022,0.03913182771106471,0.1941571428909889,0.34755108881681546,1
857,2500,seqmar,0.2558505160746848,cc_ccproj,0.2720129752000888,0.03909506086776902,0.19538806392586033,0.3486378864743173,1
857,2500,seqmar,0.2558505160746848,seq,0.2910047106987641,0.024929294649217025,0.24214419102631166,0.3398652303712165,1
858,2500,seqmar,0.2558505160746848,full,0.26373783065676853,0.009219057853854873,0.24566880929182186,0.28180685202171524,1
858,2500,seqmar,0.2558505160746848,cc,0.2544245940211096,0.01755049666171023,0.22002625265336712,0.2888229353888521,1
858,2500,seqmar,0.2558505160746848,cc_ccproj,0.2541789279653319,0.01753641704928528,0.21980818213085862,0.28854967379980523,1
858,2500,seqmar,0.2558505160746848,seq,0.27624335657081145,0.01306370021205,0.25063897465036516,0.30184773849125773,1
859,2500,seqmar,0.2558505160746848,full,0.22807910762042838,0.01126137310734611,0.20600722191356208,0.2501509933272947,0
859,2500,seqmar,0.2558505160746848,cc,0.1705957621515325,0.016758662068486502,0.13774938806822143,0.20344213623484356,0
859,2500,seqmar,0.2558505160746848,cc_ccproj,0.17318280997749874,0.016448997156691438,0.14094336796858176,0.20542225198641573,0
859,2500,seqmar,0.2558505160746848,seq,0.21935703565242626,0.01249608443418223,0.19486516021365752,0.243848911091195,0
860,2500,seqmar,0.2558505160746848,full,0.23858486953758676,0.016910824631699285,0.20544026231058332,0.2717294767645902,1
860,2500,seqmar,0.2558505160746848,cc,0.22373335227270746,0.013348870509519597,0.1975700468397602,0.24989665770565472,0
860,2500,seqmar,0.2558505160746848,cc_ccproj,0.22271968723866356,0.01347800616669168,0.19630328056853913,0.249136093908788,0
860,2500,seqmar,0.2558505160746848,seq,0.2564057848125133,0.011833466688007561,0.233212616291764,0.2795989533332626,1
861,2500,seqmar,0.2558505160746848,full,0.2602107249341703,0.010405379943202054,0.23981655500003884,0.28060489486830176,1
861,2500,seqmar,0.2558505160746848,cc,0.2396413814494438,0.017085841662506974,0.20615374714537618,0.27312901575351145,1
861,2500,seqmar,0.2558505160746848,cc_ccproj,0.23901138300788471,0.01718267228678902,0.20533396416762376,0.2726888018481457,1
861,2500,seqmar,0.2558505160746848,seq,0.25891928543046283,0.019527408794283007,0.22064626748227742,0.2971923033786482,1
862,2500,seqmar,0.2558505160746848,full,0.24825853273294124,0.00975182849829046,0.22914530009288062,0.26737176537300184,1
862,2500,seqmar,0.2558505160746848,cc,0.2305504391656974,0.01595879855860685,0.19927176875429825,0.26182910957709654,1
862,2500,seqmar,0.2558505160746848,cc_ccproj,0.230284816490924,0.01594811702857616,0.19902708149368478,0.2615425514881632,1
862,2500,seqmar,0.2558505160746848,seq,0.2790986117266521,0.019677837461402777,0.2405307590086696,0.31766646444463464,1
863,2500,seqmar,0.2558505160746848,full,0.2506195623764023,0.009036936070540385,0.23290749314755224,0.26833163160525236,1
863,2500,seqmar,0.2558505160746848,cc,0.20603600008920167,0.01434012841964712,0.17792986485301404,0.2341421353253893,0
863,2500,seqmar,0.2558505160746848,cc_ccproj,0.20435638678443796,0.014056990186023209,0.17680519228879948,0.23190758128007644,0
863,2500,seqmar,0.2558505160746848,seq,0.24405182863741479,0.012211624631591003,0.2201174841667742,0.26798617310805534,1
864,2500,seqmar,0.2558505160746848,full,0.24459178923894592,0.00895702981984095,0.22703633338360638,0.2621472450942855,1
864,2500,seqmar,0.2558505160746848,cc,0.22338042681038586,0.013957703632400566,0.19602383038399687,0.2507370232367749,0
864,2500,seqmar,0.2558505160746848,cc_ccproj,0.2250629319301538,0.01397432363766971,0.1976737608920144,0.2524521029682932,0
864,2500,seqmar,0.2558505160746848,seq,0.2627718946648943,0.012194739220063623,0.23887064499271154,0.2866731443370771,1
865,2500,seqmar,0.2558505160746848,full,0.2640214080154682,0.008849443621245701,0.2466768172346089,0.2813659987963275,1
865,2500,seqmar,0.2558505160746848,cc,0.24515013004691735,0.013488392170878185,0.2187133671826441,0.27158689291119065,1
865,2500,seqmar,0.2558505160746848,cc_ccproj,0.24141194754554268,0.013593375233435621,0.2147694216596701,0.26805447343141525,1
865,2500,seqmar,0.2558505160746848,seq,0.2784041593121057,0.016442365101410394,0.24617771589268306,0.31063060273152837,1
866,2500,seqmar,0.2558505160746848,full,0.2595535611524236,0.010111373164223357,0.23973563391630104,0.2793714883885462,1
866,2500,seqmar,0.2558505160746848,cc,0.23469098902320976,0.01781362970525367,0.1997769163669797,0.2696050616794398,1
866,2500,seqmar,0.2558505160746848,cc_ccproj,0.23858707601660925,0.017774057990083393,0.20375056249691942,0.2734235895362991,1
866,2500,seqmar,0.2558505160746848,seq,0.278393140281446,0.015848259579021334,0.2473311222889223,0.30945515827396974,1
867,2500,seqmar,0.2558505160746848,full,0.2585038646687561,0.00881217394391432,0.2412323211131817,0.27577540822433044,1
867,2500,seqmar,0.2558505160746848,cc,0.2198585717089035,0.014174709397983733,0.19207665179753394,0.24764049162027305,0
867,2500,seqmar,0.2558505160746848,cc_ccproj,0.22097911501717163,0.014074780053528958,0.19339305302193213,0.24856517701241113,0
867,2500,seqmar,0.2558505160746848,seq,0.2492729566003265,0.013673955076881383,0.22247249712342038,0.2760734160772326,1
868,2500,seqmar,0.2558505160746848,full,0.26149300412190213,0.008970054167263859,0.24391202101469153,0.2790739872291127,1
868,2500,seqmar,0.2558505160746848,cc,0.23104266334581433,0.017504400519822553,0.19673466875599793,0.26535065793563073,1
868,2500,seqmar,0.2558505160746848,cc_ccproj,0.22991773665330817,0.017484007696742458,0.19564971126227185,0.2641857620443445,1
868,2500,seqmar,0.2558505160746848,seq,0.2521351738342707,0.02010971642821973,0.21272085389564657,0.29154949377289485,1
869,2500,seqmar,0.2558505160746848,full,0.2746196696624474,0.010480381547722437,0.25407849928467324,0.29516084004022153,1
869,2500,seqmar,0.2558505160746848,cc,0.2436214955669861,0.019223379849009764,0.20594436340179392,0.28129862773217823,1
869,2500,seqmar,0.2558505160746848,cc_ccproj,0.24107023974229036,0.01924508496873374,0.20335056632415907,0.2787899131604217,1
869,2500,seqmar,0.2558505160746848,seq,0.2689352604412462,0.016254867303911364,0.23707630595210225,0.30079421493039016,1
870,2500,seqmar,0.2558505160746848,full,0.26011844667069967,0.010186966384303194,0.2401523594457452,0.28008453389565413,1
870,2500,seqmar,0.2558505160746848,cc,0.21526036241712512,0.01277735230078145,0.1902172120898135,0.24030351274443676,0
870,2500,seqmar,0.2558505160746848,cc_ccproj,0.2122797836105001,0.012561834579965223,0.18765904025401842,0.23690052696698177,0
870,2500,seqmar,0.2558505160746848,seq,0.26372302965699485,0.011481565591529212,0.24121957461146326,0.28622648470252643,1
871,2500,seqmar,0.2558505160746848,full,0.2679381714657081,0.009977098457078218,0.24838341781962464,0.28749292511179153,1
871,2500,seqmar,0.2558505160746848,cc,0.261096147304526,0.018757125815009736,0.22433285625362043,0.2978594383554316,1
871,2500,seqmar,0.2558505160746848,cc_ccproj,0.2576427556139738,0.018854388320775056,0.22068883355472207,0.29459667767322556,1
871,2500,seqmar,0.2558505160746848,seq,0.28000714895066087,0.016712128543009398,0.2472519789013586,0.31276231899996315,1
872,2500,seqmar,0.2558505160746848,full,0.27032251596350526,0.008835655325865291,0.25300494974499976,0.28764008218201076,1
872,2500,seqmar,0.2558505160746848,cc,0.2299743634667263,0.013446520590199063,0.20361966739255988,0.25632905954089275,1
872,2500,seqmar,0.2558505160746848,cc_ccproj,0.2276924013763883,0.013458492870871969,0.20131424006329016,0.2540705626894864,0
872,2500,seqmar,0.2558505160746848,seq,0.2622045822428129,0.012254442137748012,0.23818631700219678,0.286222847483429,1
873,2500,seqmar,0.2558505160746848,full,0.25221891646952627,0.010163472205616052,0.23229887698864493,0.2721389559504076,1
873,2500,seqmar,0.2558505160746848,cc,0.19972525956513817,0.019826926367071798,0.16086519796154988,0.23858532116872647,0
873,2500,seqmar,0.2558505160746848,cc_ccproj,0.20002613627796578,0.019580890748341587,0.16164829562600272,0.23840397692992885,0
873,2500,seqmar,0.2558505160746848,seq,0.24028318564258896,0.013699712240532812,0.21343224305258213,0.2671341282325958,1
874,2500,seqmar,0.2558505160746848,full,0.2591650981201348,0.012494340258708936,0.2346766412024764,0.28365355503779316,1
874,2500,seqmar,0.2558505160746848,cc,0.2224503393890581,0.01459731709935251,0.1938401236034165,0.2510605551746997,0
874,2500,seqmar,0.2558505160746848,cc_ccproj,0.2244457087211697,0.014602877279737539,0.1958245951822259,0.2530668222601135,0
874,2500,seqmar,0.2558505160746848,seq,0.25893965617036513,0.013683058841344558,0.23212135364298744,0.28575795869774284,1
875,2500,seqmar,0.2558505160746848,full,0.2594697972477535,0.010580274221717818,0.23873284082662902,0.280206753668878,1
875,2500,seqmar,0.2558505160746848,cc,0.22101868949756917,0.018062109629184954,0.18561760513955256,0.2564197738555858,1
875,2500,seqmar,0.2558505160746848,cc_ccproj,0.22101932250395284,0.017750619652765823,0.18622874728126296,0.25580989772664275,0
875,2500,seqmar,0.2558505160746848,seq,0.25843167603055484,0.013541849449714323,0.23189013882505122,0.28497321323605845,1
876,2500,seqmar,0.2558505160746848,full,0.2566071018527712,0.010783452036780515,0.2354719242316663,0.2777422794738761,1
876,2500,seqmar,0.2558505160746848,cc,0.2037389644224391,0.02135026925229516,0.1618932056277077,0.2455847232171705,0
876,2500,seqmar,0.2558505160746848,cc_ccproj,0.20622770061386428,0.021156372548564527,0.16476197237516593,0.24769342885256262,0
876,2500,seqmar,0.2558505160746848,seq,0.2534634146756951,0.017894252578198745,0.21839132409216255,0.28853550525922766,1
877,2500,seqmar,0.2558505160746848,full,0.251618551261397,0.014770183271824245,0.2226695240035655,0.2805675785192285,1
877,2500,seqmar,0.2558505160746848,cc,0.20530309080398648,0.040575429855127874,0.1257767096307046,0.2848294719772684,1
877,2500,seqmar,0.2558505160746848,cc_ccproj,0.20480062814309918,0.040067594763124964,0.1262695854602286,0.2833316708259698,1
877,2500,seqmar,0.2558505160746848,seq,0.24354648319823477,0.024144241719325485,0.19622463899432738,0.29086832740214213,1
878,2500,seqmar,0.2558505160746848,full,0.25635197275866634,0.010756096002626354,0.23527041197926343,0.2774335335380692,1
878,2500,seqmar,0.2558505160746848,cc,0.20922161135777664,0.015122109833513798,0.1795828207138306,0.23886040200172268,0
878,2500,seqmar,0.2558505160746848,cc_ccproj,0.2084540444513331,0.01505438983365718,0.17894798256813907,0.2379601063345271,0
878,2500,seqmar,0.2558505160746848,seq,0.23918154339685693,0.013726007852774131,0.21227906235390567,0.26608402443980816,1
879,2500,seqmar,0.2558505160746848,full,0.27518717873536735,0.00925085960724215,0.2570558270791364,0.29331853039159833,0
879,2500,seqmar,0.2558505160746848,cc,0.23857158565186232,0.016788442597530203,0.20566684280418504,0.27147632849953957,1
879,2500,seqmar,0.2558505160746848,cc_ccproj,0.23954538674179934,0.016834751655278715,0.206549879808777,0.2725408936748217,1
879,2500,seqmar,0.2558505160746848,seq,0.2680313204116535,0.013278749948450068,0.24200544875297827,0.29405719207032877,1
880,2500,seqmar,0.2558505160746848,full,0.2635218310141372,0.013064332853379617,0.23791620913946973,0.28912745288880465,1
880,2500,seqmar,0.2558505160746848,cc,0.22038342582776158,0.01332254933785246,0.1942717089433128,0.24649514271221035,0
880,2500,seqmar,0.2558505160746848,cc_ccproj,0.21656451765509163,0.013238277740430513,0.19061797006650955,0.24251106524367372,0
880,2500,seqmar,0.2558505160746848,seq,0.2591193612325835,0.013277006117497714,0.23309690741977002,0.285141815045397,1
881,2500,seqmar,0.2558505160746848,full,0.26856906706976236,0.009570586757349316,0.24981106171444173,0.287327072425083,1
881,2500,seqmar,0.2558505160746848,cc,0.23792206229986815,0.015874032706883787,0.20680952990496507,0.26903459469477126,1
881,2500,seqmar,0.2558505160746848,cc_ccproj,0.23767968233265674,0.015870943076353033,0.20657320550231947,0.26878615916299403,1
881,2500,seqmar,0.2558505160746848,seq,0.2645758598331026,0.013163850562920005,0.2387751868319121,0.29037653283429316,1
882,2500,seqmar,0.2558505160746848,full,0.24460850948535098,0.008820350511015934,0.2273209401527403,0.2618960788179617,1
882,2500,seqmar,0.2558505160746848,cc,0.21076935638089095,0.011645388057406838,0.18794481520238068,0.23359389755940121,0
882,2500,seqmar,0.2558505160746848,cc_ccproj,0.21107184482024832,0.011625507879037617,0.18828626807534796,0.2338574215651487,0
882,2500,seqmar,0.2558505160746848,seq,0.24560168634152846,0.01233597869477494,0.22142361238571615,0.26977976029734074,1
883,2500,seqmar,0.2558505160746848,full,0.23412820743715929,0.011281120042246684,0.21201761844908282,0.2562387964252358,1
883,2500,seqmar,0.2558505160746848,cc,0.16711493738859054,0.02126168065488959,0.12544280905421495,0.20878706572296613,0
883,2500,seqmar,0.2558505160746848,cc_ccproj,0.17109044421752528,0.02040314729718297,0.1311010103437809,0.21107987809126966,0
883,2500,seqmar,0.2558505160746848,seq,0.21108422653659417,0.01445311381174959,0.18275664400110656,0.2394118090720818,0
884,2500,seqmar,0.2558505160746848,full,0.26722931908114517,0.01177950706614762,0.24414190947586076,0.2903167286864296,1
884,2500,seqmar,0.2558505160746848,cc,0.26071657595314846,0.016747242728965755,0.2278925833640253,0.2935405685422716,1
884,2500,seqmar,0.2558505160746848,cc_ccproj,0.2600481182790783,0.01693928514743466,0.22684772946625212,0.29324850709190453,1
884,2500,seqmar,0.2558505160746848,seq,0.28153734683092363,0.013894931703171435,0.2543037811250638,0.30877091253678346,1
885,2500,seqmar,0.2558505160746848,full,0.25359666227603145,0.009760001416759806,0.23446741101012233,0.2727259135419406,1
885,2500,seqmar,0.2558505160746848,cc,0.22294885040498802,0.016261052970426165,0.19107777223225467,0.25481992857772134,0
885,2500,seqmar,0.2558505160746848,cc_ccproj,0.2214233619420583,0.016209408665817656,0.18965350474636425,0.2531932191377524,0
885,2500,seqmar,0.2558505160746848,seq,0.2531751264916296,0.022709733071225632,0.20866486757350916,0.29768538540975004,1
886,2500,seqmar,0.2558505160746848,full,0.26080036271647816,0.00825923056935531,0.24461256826052952,0.2769881571724268,1
886,2500,seqmar,0.2558505160746848,cc,0.22488760287970025,0.011002813648903376,0.20332248439924389,0.2464527213601566,0
886,2500,seqmar,0.2558505160746848,cc_ccproj,0.22739449782936544,0.011031871011305306,0.20577242796511558,0.2490165676936153,0
886,2500,seqmar,0.2558505160746848,seq,0.2687812096046175,0.01098044403082159,0.24725993476994934,0.29030248443928564,1
887,2500,seqmar,0.2558505160746848,full,0.2545129406045733,0.009901188397811466,0.23510696794071698,0.2739189132684296,1
887,2500,seqmar,0.2558505160746848,cc,0.22408048916510578,0.01274640394750176,0.19909799649560317,0.2490629818346084,0
887,2500,seqmar,0.2558505160746848,cc_ccproj,0.2218763367720214,0.012559243819912524,0.1972606712119356,0.2464920023321072,0
887,2500,seqmar,0.2558505160746848,seq,0.26623053161069693,0.011823687571036684,0.24305652980701115,0.2894045334143827,1
888,2500,seqmar,0.2558505160746848,full,0.26364614907451095,0.009136124177548038,0.24573967472823116,0.28155262342079074,1
888,2500,seqmar,0.2558505160746848,cc,0.23047708613032683,0.013780806717226144,0.20346720128665594,0.25748697097399775,1
888,2500,seqmar,0.2558505160746848,cc_ccproj,0.22698316093908302,0.013792642258773564,0.19995007886024166,0.2540162430179244,0
888,2500,seqmar,0.2558505160746848,seq,0.26631111278269953,0.0211483834676308,0.22486104285490088,0.3077611827104982,1
889,2500,seqmar,0.2558505160746848,full,0.23480496613412233,0.00906810918183269,0.2170317987298533,0.25257813353839137,0
889,2500,seqmar,0.2558505160746848,cc,0.20320137198192614,0.012808835900097683,0.178096514933851,0.22830622903000128,0
889,2500,seqmar,0.2558505160746848,cc_ccproj,0.20367116110171982,0.012850607041590311,0.178484434120726,0.22885788808271362,0
889,2500,seqmar,0.2558505160746848,seq,0.2199384537109726,0.011023204612830136,0.19833336967560974,0.24154353774633544,0
890,2500,seqmar,0.2558505160746848,full,0.2588598693833876,0.011750761009450333,0.23582880101392745,0.2818909377528478,1
890,2500,seqmar,0.2558505160746848,cc,0.26079760999034096,0.03217432859944107,0.19773708470867943,0.32385813527200247,1
890,2500,seqmar,0.2558505160746848,cc_ccproj,0.26143244242396513,0.032081729747698684,0.19855340755672843,0.3243114772912018,1
890,2500,seqmar,0.2558505160746848,seq,0.28122337945991277,0.02480780518312093,0.23260097476550967,0.32984578415431587,1
891,2500,seqmar,0.2558505160746848,full,0.2584119842279988,0.009460595395463591,0.2398695579805847,0.2769544104754129,1
891,2500,seqmar,0.2558505160746848,cc,0.24102445577294002,0.014721137373711238,0.21217155670899943,0.2698773548368806,1
891,2500,seqmar,0.2558505160746848,cc_ccproj,0.24016793676500614,0.01481074325403401,0.2111394134028299,0.26919646012718235,1
891,2500,seqmar,0.2558505160746848,seq,0.2604276663845547,0.014491403847612052,0.23202503675780994,0.2888302960112995,1
892,2500,seqmar,0.2558505160746848,full,0.2622272104450836,0.010090809031325336,0.24244958816881446,0.2820048327213528,1
892,2500,seqmar,0.2558505160746848,cc,0.228103072331609,0.01677217914029012,0.1952302052743864,0.2609759393888316,1
892,2500,seqmar,0.2558505160746848,cc_ccproj,0.2297972215271889,0.01672582206831988,0.19701521266145672,0.2625792303929211,1
892,2500,seqmar,0.2558505160746848,seq,0.25259990257752213,0.01249224789601076,0.22811554661539477,0.27708425853964946,1
893,2500,seqmar,0.2558505160746848,full,0.24079594966534218,0.009478245231080429,0.22221893037578602,0.25937296895489836,1
893,2500,seqmar,0.2558505160746848,cc,0.20800780829545082,0.01167019507674213,0.1851346462524796,0.23088097033842203,0
893,2500,seqmar,0.2558505160746848,cc_ccproj,0.2043795961459538,0.01173341180803462,0.18138253158642895,0.22737666070547866,0
893,2500,seqmar,0.2558505160746848,seq,0.23955969034758473,0.013512962404690737,0.21307477070994713,0.26604460998522234,1
894,2500,seqmar,0.2558505160746848,full,0.24409081004106037,0.011710059794552261,0.22113951458692743,0.2670421054951933,1
894,2500,seqmar,0.2558505160746848,cc,0.1946925698083137,0.024307578263177677,0.14705059186109679,0.24233454775553062,0
894,2500,seqmar,0.2558505160746848,cc_ccproj,0.19748677254926653,0.023922065622912464,0.15060038549255436,0.2443731596059787,0
894,2500,seqmar,0.2558505160746848,seq,0.24073842410644689,0.015970097265829104,0.20943760863582025,0.27203923957707354,1
895,2500,seqmar,0.2558505160746848,full,0.2606438837760963,0.009596523444835182,0.24183504344742512,0.2794527241047675,1
895,2500,seqmar,0.2558505160746848,cc,0.2341189977135996,0.01785706304501479,0.19911979727570944,0.26911819815148974,1
895,2500,seqmar,0.2558505160746848,cc_ccproj,0.23492453324101106,0.01779656298383321,0.20004391074409927,0.26980515573792285,1
895,2500,seqmar,0.2558505160746848,seq,0.2684315518765965,0.013783883788865452,0.24141563608333472,0.2954474676698583,1
896,2500,seqmar,0.2558505160746848,full,0.25622042435940284,0.009268099510009434,0.23805528311465102,0.27438556560415467,1
896,2500,seqmar,0.2558505160746848,cc,0.24905269609588576,0.018558182722355675,0.21267932634155515,0.28542606585021635,1
896,2500,seqmar,0.2558505160746848,cc_ccproj,0.24909916615434607,0.018605986001400076,0.2126321036947455,0.28556622861394665,1
896,2500,seqmar,0.2558505160746848,seq,0.285117956408371,0.022933935808805518,0.24016826819935871,0.3300676446173833,1
897,2500,seqmar,0.2558505160746848,full,0.2579350054591912,0.010281275270401196,0.23778407621406253,0.2780859347043198,1
897,2500,seqmar,0.2558505160746848,cc,0.2286202156868348,0.017309956448570637,0.19469332447367949,0.2625471068999901,1
897,2500,seqmar,0.2558505160746848,cc_ccproj,0.22883616985318112,0.01713814453621061,0.1952460238003664,0.2624263159059958,1
897,2500,seqmar,0.2558505160746848,seq,0.2508898194654764,0.01816745076181983,0.21528227028140476,0.286497368649548,1
898,2500,seqmar,0.2558505160746848,full,0.23999013275353137,0.010676167590934295,0.2190652287823864,0.26091503672467636,1
898,2500,seqmar,0.2558505160746848,cc,0.22485672688508013,0.016143370380029734,0.19321630235113116,0.25649715141902907,1
898,2500,seqmar,0.2558505160746848,cc_ccproj,0.22383347699097586,0.01620877579638403,0.19206486019657865,0.2556020937853731,0
898,2500,seqmar,0.2558505160746848,seq,0.24266793046835583,0.0148775702547127,0.21350842859165453,0.27182743234505713,1
899,2500,seqmar,0.2558505160746848,full,0.24614370361562468,0.011437161256796571,0.22372727946692655,0.2685601277643228,1
899,2500,seqmar,0.2558505160746848,cc,0.24109318360095494,0.022351020107866826,0.1972859891718054,0.2849003780301045,1
899,2500,seqmar,0.2558505160746848,cc_ccproj,0.23975128052536393,0.022439947379284453,0.19576979184699245,0.2837327692037354,1
899,2500,seqmar,0.2558505160746848,seq,0.27812425402972174,0.019489705654085525,0.23992513287842746,0.31632337518101605,1
900,2500,seqmar,0.2558505160746848,full,0.26068862661558306,0.009190744528100958,0.2426750983493966,0.2787021548817695,1
900,2500,seqmar,0.2558505160746848,cc,0.22916293734239507,0.016250730086077515,0.19731209165120164,0.26101378303358846,1
900,2500,seqmar,0.2558505160746848,cc_ccproj,0.2326100785219908,0.01618032691067107,0.20089722051899128,0.26432293652499034,1
900,2500,seqmar,0.2558505160746848,seq,0.2560486813565878,0.014615876536401944,0.22740208974275597,0.28469527297041963,1
901,2500,seqmar,0.2558505160746848,full,0.2470907627077004,0.009579511517369018,0.22831526514417047,0.2658662602712303,1
901,2500,seqmar,0.2558505160746848,cc,0.21597685704363329,0.013294939925271192,0.1899192536134781,0.24203446047378846,0
901,2500,seqmar,0.2558505160746848,cc_ccproj,0.21728597064183597,0.01337412148926289,0.1910731741980175,0.24349876708565443,0
901,2500,seqmar,0.2558505160746848,seq,0.2542446664311235,0.013574949634559807,0.22763825405544108,0.2808510788068059,1
902,2500,seqmar,0.2558505160746848,full,0.2568563621478971,0.010146748158996933,0.236969101196065,0.27674362309972916,1
902,2500,seqmar,0.2558505160746848,cc,0.23598471371968932,0.017215344440335206,0.20224325863518047,0.2697261688041982,1
902,2500,seqmar,0.2558505160746848,cc_ccproj,0.23973291522516887,0.01717303885113484,0.20607437757183747,0.27339145287850025,1
902,2500,seqmar,0.2558505160746848,seq,0.2576015436443004,0.013237210953671728,0.2316570869193447,0.2835460003692561,1
903,2500,seqmar,0.2558505160746848,full,0.2560764834852336,0.010974497404361832,0.2345668638242561,0.27758610314621107,1
903,2500,seqmar,0.2558505160746848,cc,0.22666947410308694,0.020617976077117413,0.18625898355782838,0.2670799646483455,1
903,2500,seqmar,0.2558505160746848,cc_ccproj,0.2260783576568584,0.02048455377943855,0.185929370009785,0.26622734530393183,1
903,2500,seqmar,0.2558505160746848,seq,0.25657219032739526,0.015453249341107343,0.22628437817470753,0.286860002480083,1
904,2500,seqmar,0.2558505160746848,full,0.2396534509717133,0.009567142545729417,0.2209021961471228,0.2584047057963038,1
904,2500,seqmar,0.2558505160746848,cc,0.20230484217603853,0.012750083364260392,0.17731513798220488,0.22729454636987217,0
904,2500,seqmar,0.2558505160746848,cc_ccproj,0.20314163390802573,0.01255252930119632,0.17853912856279722,0.22774413925325424,0
904,2500,seqmar,0.2558505160746848,seq,0.2455623157076622,0.012982119492042976,0.22011782906026256,0.27100680235506186,1
905,2500,seqmar,0.2558505160746848,full,0.27128087267861345,0.009358467932439427,0.25293861258055916,0.28962313277666774,1
905,2500,seqmar,0.2558505160746848,cc,0.24308583883273283,0.014735165114569227,0.2142054459019261,0.2719662317635395,1
905,2500,seqmar,0.2558505160746848,cc_ccproj,0.24178523799963758,0.014611005477344232,0.21314819348612543,0.27042228251314976,1
905,2500,seqmar,0.2558505160746848,seq,0.2704596474454831,0.013648347541660246,0.24370937781534324,0.297209917075623,1
906,2500,seqmar,0.2558505160746848,full,0.25650317851878546,0.009188102913547902,0.23849482772198402,0.27451152931558687,1
906,2500,seqmar,0.2558505160746848,cc,0.20230031882688032,0.01495145661299092,0.1729960023490049,0.23160463530475575,0
906,2500,seqmar,0.2558505160746848,cc_ccproj,0.20435845192253538,0.014595497521140557,0.17575180244465624,0.23296510140041451,0
906,2500,seqmar,0.2558505160746848,seq,0.23766692839365663,0.014811772587133353,0.2086363875756776,0.2666974692116357,1
907,2500,seqmar,0.2558505160746848,full,0.267575030989907,0.009024554263378488,0.24988722965715776,0.2852628323226562,1
907,2500,seqmar,0.2558505160746848,cc,0.2186066130933232,0.014732189860168561,0.18973205155398665,0.24748117463265973,0
907,2500,seqmar,0.2558505160746848,cc_ccproj,0.22093720667578573,0.014670246235901479,0.19218405240908454,0.24969036094248692,0
907,2500,seqmar,0.2558505160746848,seq,0.2551758006235881,0.01336772616432039,0.22897553878632634,0.2813760624608498,1
908,2500,seqmar,0.2558505160746848,full,0.26985225774120164,0.010757739736956562,0.2487674753017114,0.2909370401806919,1
908,2500,seqmar,0.2558505160746848,cc,0.2534878453334134,0.014595542628949054,0.22488110744585418,0.2820945832209726,1
908,2500,seqmar,0.2558505160746848,cc_ccproj,0.25619627945974077,0.014845332441543036,0.22709996253579234,0.2852925963836892,1
908,2500,seqmar,0.2558505160746848,seq,0.27560434564109526,0.014461321619957413,0.2472606760971283,0.3039480151850622,1
909,2500,seqmar,0.2558505160746848,full,0.2509767691049825,0.008978376413088634,0.23337947469568487,0.26857406351428015,1
909,2500,seqmar,0.2558505160746848,cc,0.222387212781732,0.013064965813386257,0.1967803503282479,0.24799407523521613,0
909,2500,seqmar,0.2558505160746848,cc_ccproj,0.22164216126244465,0.013036630743762649,0.19609083452492224,0.24719348799996707,0
909,2500,seqmar,0.2558505160746848,seq,0.2533328310364468,0.012166465094664965,0.2294869976317398,0.27717866444115385,1
910,2500,seqmar,0.2558505160746848,full,0.26886838086065684,0.01057476455124814,0.2481422231952196,0.28959453852609407,1
910,2500,seqmar,0.2558505160746848,cc,0.20855555895876624,0.01863036500956529,0.17204071452118305,0.24507040339634942,0
910,2500,seqmar,0.2558505160746848,cc_ccproj,0.20752029408172576,0.018474645297886054,0.17131065467071682,0.2437299334927347,0
910,2500,seqmar,0.2558505160746848,seq,0.25084304545581887,0.013343123257900517,0.2246910044290551,0.27699508648258264,1
911,2500,seqmar,0.2558505160746848,full,0.2481831232925596,0.012770571372878159,0.22315326333972016,0.273212983245399,1
911,2500,seqmar,0.2558505160746848,cc,0.20769758041196865,0.01409826245547838,0.1800654937546378,0.2353296670692995,0
911,2500,seqmar,0.2558505160746848,cc_ccproj,0.20592647081667045,0.013806668126070822,0.17886589854307453,0.23298704309026638,0
911,2500,seqmar,0.2558505160746848,seq,0.24950667797176085,0.012141308049245075,0.22571015147003423,0.27330320447348744,1
912,2500,seqmar,0.2558505160746848,full,0.26153091074836254,0.011404785162551319,0.23917794257834518,0.2838838789183799,1
912,2500,seqmar,0.2558505160746848,cc,0.23731722649616113,0.019836172604619538,0.19843904259998676,0.2761954103923355,1
912,2500,seqmar,0.2558505160746848,cc_ccproj,0.23697680312851543,0.01992603527606992,0.19792249163274375,0.2760311146242871,1
912,2500,seqmar,0.2558505160746848,seq,0.2632837510606599,0.015274534885576207,0.23334621280432988,0.2932212893169899,1
913,2500,seqmar,0.2558505160746848,full,0.26577755887397086,0.010659523680393898,0.24488527636804697,0.28666984137989476,1
913,2500,seqmar,0.2558505160746848,cc,0.22830253447921614,0.013216835786580816,0.20239801234793764,0.25420705661049464,0
913,2500,seqmar,0.2558505160746848,cc_ccproj,0.23141223991078086,0.013280494657035,0.20538294868611565,0.2574415311354461,1
913,2500,seqmar,0.2558505160746848,seq,0.2662051833138098,0.017271565537892462,0.23235353690291743,0.3000568297247022,1
914,2500,seqmar,0.2558505160746848,full,0.2574495786708992,0.011547597698450582,0.23481670307397842,0.28008245426781997,1
914,2500,seqmar,0.2558505160746848,cc,0.22216550577417865,0.014196158950591276,0.19434154551221383,0.24998946603614347,0
914,2500,seqmar,0.2558505160746848,cc_ccproj,0.2226433423518179,0.014147008913932425,0.19491571439154323,0.25037097031209254,0
914,2500,seqmar,0.2558505160746848,seq,0.27337532714580587,0.014295967989674337,0.2453557447619067,0.30139490952970505,1
915,2500,seqmar,0.2558505160746848,full,0.2593359125939364,0.009191727838922203,0.2413204570739547,0.2773513681139181,1
915,2500,seqmar,0.2558505160746848,cc,0.22060220629959426,0.014321573841131972,0.19253243736904463,0.2486719752301439,0
915,2500,seqmar,0.2558505160746848,cc_ccproj,0.22160969300447755,0.01427618343426911,0.19362888763662275,0.24959049837233235,0
915,2500,seqmar,0.2558505160746848,seq,0.2583148627588631,0.014599473800716644,0.2297004199162224,0.2869293056015038,1
916,2500,seqmar,0.2558505160746848,full,0.2607459558373256,0.0102940166813863,0.24057005388555394,0.2809218577890973,1
916,2500,seqmar,0.2558505160746848,cc,0.24589957228608572,0.017232198085487403,0.21212508466407035,0.2796740599081011,1
916,2500,seqmar,0.2558505160746848,cc_ccproj,0.2477008261028527,0.017314828140449483,0.2137643865490711,0.28163726565663433,1
916,2500,seqmar,0.2558505160746848,seq,0.269396724945153,0.013663520611670466,0.24261671664425818,0.29617673324604776,1
917,2500,seqmar,0.2558505160746848,full,0.2653187427426686,0.009781544854666839,0.2461472671143585,0.28449021837097865,1
917,2500,seqmar,0.2558505160746848,cc,0.22731354238249005,0.01256075814438149,0.20269490880098417,0.2519321759639959,0
917,2500,seqmar,0.2558505160746848,cc_ccproj,0.22805642719666408,0.012530593809931389,0.20349691462429803,0.25261593976903013,0
917,2500,seqmar,0.2558505160746848,seq,0.2659997773076644,0.01239978073711675,0.24169665364672202,0.2903029009686067,1
918,2500,seqmar,0.2558505160746848,full,0.24403837129801678,0.009371290703303128,0.22567097903088762,0.26240576356514594,1
918,2500,seqmar,0.2558505160746848,cc,0.23048327423625714,0.016776396152635202,0.19760214198671583,0.26336440648579845,1
918,2500,seqmar,0.2558505160746848,cc_ccproj,0.23111213108237072,0.01661346604242006,0.1985503359808482,0.26367392618389324,1
918,2500,seqmar,0.2558505160746848,seq,0.257614572163705,0.014343161154067165,0.2295024928772794,0.2857266514501306,1
919,2500,seqmar,0.2558505160746848,full,0.24943724884953225,0.009978988674624299,0.22987879044513554,0.26899570725392896,1
919,2500,seqmar,0.2558505160746848,cc,0.20757983657629048,0.016033311368898514,0.1761551237403328,0.23900454941224816,0
919,2500,seqmar,0.2558505160746848,cc_ccproj,0.20593760519902643,0.015524698254444651,0.17550975574946306,0.2363654546485898,0
919,2500,seqmar,0.2558505160746848,seq,0.2506882454271112,0.0122573858491052,0.22666421061825412,0.27471228023596833,1
920,2500,seqmar,0.2558505160746848,full,0.2601819813581816,0.009154559297253432,0.24223937484122857,0.2781245878751346,1
920,2500,seqmar,0.2558505160746848,cc,0.2140324983519109,0.01462889921505459,0.18536038275693764,0.24270461394688417,0
920,2500,seqmar,0.2558505160746848,cc_ccproj,0.21396216976056584,0.014544767428259033,0.18545494943766688,0.2424693900834648,0
920,2500,seqmar,0.2558505160746848,seq,0.2404592887644019,0.013714836019036548,0.21357870411321758,0.26733987341558624,1
921,2500,seqmar,0.2558505160746848,full,0.25347234827403115,0.009192335495211063,0.2354557017696083,0.271488994778454,1
921,2500,seqmar,0.2558505160746848,cc,0.21846441852922627,0.01643827865187121,0.18624598440372506,0.25068285265472745,0
921,2500,seqmar,0.2558505160746848,cc_ccproj,0.21728230088623676,0.01639189023684972,0.18515478638347757,0.24940981538899595,0
921,2500,seqmar,0.2558505160746848,seq,0.23618271685748451,0.01706838875138272,0.2027292896306458,0.26963614408432324,1
922,2500,seqmar,0.2558505160746848,full,0.2759005307957303,0.00932948504252419,0.25761507611807777,0.2941859854733828,0
922,2500,seqmar,0.2558505160746848,cc,0.25066635046687696,0.016047950672455027,0.21921294512318978,0.28211975581056414,1
922,2500,seqmar,0.2558505160746848,cc_ccproj,0.25209613389199814,0.01608511967109686,0.22056987864963154,0.28362238913436477,1
922,2500,seqmar,0.2558505160746848,seq,0.2734394650574451,0.015362763693472368,0.24332900151523973,0.30354992859965046,1
923,2500,seqmar,0.2558505160746848,full,0.24877032321883272,0.009012671307243696,0.23110581205213754,0.2664348343855279,1
923,2500,seqmar,0.2558505160746848,cc,0.2183893723847964,0.013675547510385112,0.19158579179557517,0.2451929529740176,0
923,2500,seqmar,0.2558505160746848,cc_ccproj,0.22247585675792989,0.013921851150374271,0.1951895299050688,0.24976218361079097,0
923,2500,seqmar,0.2558505160746848,seq,0.2589850672883063,0.01257337334587998,0.23434170836620566,0.2836284262104069,1
924,2500,seqmar,0.2558505160746848,full,0.250865091829324,0.01025251940043786,0.23077052305366758,0.2709596606049804,1
924,2500,seqmar,0.2558505160746848,cc,0.22008667864449236,0.018026047436320917,0.1847562748856928,0.2554170824032919,0
924,2500,seqmar,0.2558505160746848,cc_ccproj,0.22278491787481516,0.0178532098302084,0.18779326959917025,0.2577765661504601,1
924,2500,seqmar,0.2558505160746848,seq,0.2614016818578799,0.01632039232825538,0.22941430068093555,0.2933890630348242,1
925,2500,seqmar,0.2558505160746848,full,0.250343847482696,0.010310846421111006,0.23013495984719473,0.2705527351181973,1
925,2500,seqmar,0.2558505160746848,cc,0.20861189545896514,0.01447658248230866,0.1802383151744167,0.23698547574351356,0
925,2500,seqmar,0.2558505160746848,cc_ccproj,0.20758218614619423,0.013998397337042381,0.18014583152430977,0.23501854076807868,0
925,2500,seqmar,0.2558505160746848,seq,0.2503578414336916,0.012401786604380011,0.2260507863451555,0.2746648965222277,1
926,2500,seqmar,0.2558505160746848,full,0.27338899175034087,0.009066897396779398,0.2556181994011333,0.29115978409954846,1
926,2500,seqmar,0.2558505160746848,cc,0.22986942861054227,0.012257262570333754,0.20584563542363726,0.2538932217974473,0
926,2500,seqmar,0.2558505160746848,cc_ccproj,0.22862949042736647,0.012405705660795838,0.20431475412940195,0.25294422672533096,0
926,2500,seqmar,0.2558505160746848,seq,0.26046510899570224,0.010840195762978098,0.23921871571490147,0.281711502276503,1
927,2500,seqmar,0.2558505160746848,full,0.26474047452871785,0.00978170294065301,0.2455686890575684,0.2839122599998673,1
927,2500,seqmar,0.2558505160746848,cc,0.23957683598609425,0.01644458464859355,0.20734604233413062,0.2718076296380579,1
927,2500,seqmar,0.2558505160746848,cc_ccproj,0.2395717342967495,0.016543336148502986,0.20714739126154408,0.2719960773319549,1
927,2500,seqmar,0.2558505160746848,seq,0.25813780254108426,0.01476963006882723,0.22918985954120305,0.28708574554096544,1
928,2500,seqmar,0.2558505160746848,full,0.25133815557671757,0.008623820052668546,0.23443577886433292,0.2682405322891022,1
928,2500,seqmar,0.2558505160746848,cc,0.22406336791302328,0.01444742354613595,0.19574693809320087,0.2523797977328457,0
928,2500,seqmar,0.2558505160746848,cc_ccproj,0.2228650647640286,0.014335594586924244,0.19476781567668972,0.25096231385136747,0
928,2500,seqmar,0.2558505160746848,seq,0.2579285032584795,0.013296088601701686,0.23186864846389066,0.2839883580530683,1
929,2500,seqmar,0.2558505160746848,full,0.2740361724300279,0.009364073681602154,0.2556829252655083,0.29238941959454756,1
929,2500,seqmar,0.2558505160746848,cc,0.2527116897744477,0.013400655752641462,0.22644688713005093,0.2789764924188444,1
929,2500,seqmar,0.2558505160746848,cc_ccproj,0.25165885940741317,0.013430258490632672,0.22533603646270986,0.27798168235211645,1
929,2500,seqmar,0.2558505160746848,seq,0.2726452758704376,0.014136274764481507,0.2449386864564914,0.30035186528438373,1
930,2500,seqmar,0.2558505160746848,full,0.26290341801409206,0.01033477758928399,0.24264762615086377,0.28315920987732035,1
930,2500,seqmar,0.2558505160746848,cc,0.22971399493831304,0.017029646000484382,0.19633650210789708,0.26309148776872904,1
930,2500,seqmar,0.2558505160746848,cc_ccproj,0.23271454907968073,0.017005721971793872,0.19938394648386326,0.2660451516754982,1
930,2500,seqmar,0.2558505160746848,seq,0.26821192488526524,0.016939918312817975,0.2350102950910915,0.301413554679439,1
931,2500,seqmar,0.2558505160746848,full,0.24819298214442437,0.009976039316350554,0.2286403043760217,0.26774565991282706,1
931,2500,seqmar,0.2558505160746848,cc,0.1862707193692993,0.019094656651449094,0.14884588003530086,0.22369555870329771,0
931,2500,seqmar,0.2558505160746848,cc_ccproj,0.1904002829075502,0.018291871222596914,0.1545488741014156,0.2262516917136848,0
931,2500,seqmar,0.2558505160746848,seq,0.24078691981480416,0.013516249339990396,0.2142955579023597,0.2672782817272486,1
932,2500,seqmar,0.2558505160746848,full,0.2599410199440147,0.010314777887203436,0.2397244267765658,0.2801576131114636,1
932,2500,seqmar,0.2558505160746848,cc,0.23548455294443194,0.021212184037354788,0.19390943619778112,0.27705966969108275,1
932,2500,seqmar,0.2558505160746848,cc_ccproj,0.23436333449416002,0.0211686963131442,0.19287345212073156,0.27585321686758846,1
932,2500,seqmar,0.2558505160746848,seq,0.25697403843553784,0.015228207786127618,0.22712729962563527,0.2868207772454404,1
933,2500,seqmar,0.2558505160746848,full,0.24812614381688045,0.010234159169304043,0.22806756043299417,0.26818472720076675,1
933,2500,seqmar,0.2558505160746848,cc,0.2066089306539774,0.019208045989130357,0.16896185230189287,0.24425600900606192,0
933,2500,seqmar,0.2558505160746848,cc_ccproj,0.20751757434566684,0.01906661734355787,0.17014769104528665,0.24488745764604702,0
933,2500,seqmar,0.2558505160746848,seq,0.22513691956175658,0.016909268930551224,0.19199536145297405,0.2582784776705391,1
934,2500,seqmar,0.2558505160746848,full,0.24117392422626202,0.009826267189076693,0.22191479443320405,0.26043305401932,1
934,2500,seqmar,0.2558505160746848,cc,0.2016777298981386,0.014076027018751863,0.17408922389597223,0.22926623590030495,0
934,2500,seqmar,0.2558505160746848,cc_ccproj,0.20101324352037,0.014177107017262157,0.1732266243615661,0.2287998626791739,0
934,2500,seqmar,0.2558505160746848,seq,0.2342648866698778,0.01166602665156273,0.21139989459013045,0.2571298787496252,1
935,2500,seqmar,0.2558505160746848,full,0.25974813110088435,0.014925171959944281,0.23049533159632646,0.28900093060544224,1
935,2500,seqmar,0.2558505160746848,cc,0.20826980440343332,0.013303099914242191,0.18219620768878075,0.23434340111808588,0
935,2500,seqmar,0.2558505160746848,cc_ccproj,0.21241849523911277,0.013374454253767648,0.18620504658884965,0.2386319438893759,0
935,2500,seqmar,0.2558505160746848,seq,0.24660090891557485,0.01471825257868316,0.21775366394599208,0.27544815388515764,1
936,2500,seqmar,0.2558505160746848,full,0.26585015799107226,0.010172069666922625,0.24591326779567158,0.28578704818647294,1
936,2500,seqmar,0.2558505160746848,cc,0.20855877050712762,0.015326228142656826,0.17851991532867603,0.2385976256855792,0
936,2500,seqmar,0.2558505160746848,cc_ccproj,0.20589964547566497,0.014981340016160765,0.17653675860384116,0.23526253234748878,0
936,2500,seqmar,0.2558505160746848,seq,0.2438067868435293,0.015710778021032115,0.2130142277532029,0.2745993459338557,1
937,2500,seqmar,0.2558505160746848,full,0.2555051993358826,0.010242520229825565,0.23543022857450158,0.27558017009726365,1
937,2500,seqmar,0.2558505160746848,cc,0.21859746813623232,0.012968444084061346,0.19317978479595055,0.2440151514765141,0
937,2500,seqmar,0.2558505160746848,cc_ccproj,0.21902066944163234,0.01275889225663967,0.19401370013599162,0.24402763874727307,0
937,2500,seqmar,0.2558505160746848,seq,0.25835984547565066,0.014301188755390295,0.2303300305789765,0.28638966037232483,1
938,2500,seqmar,0.2558505160746848,full,0.2602238369583952,0.009117776479365774,0.24235332343975186,0.2780943504770385,1
938,2500,seqmar,0.2558505160746848,cc,0.23312327743943106,0.013764806211589329,0.20614475301054275,0.2601018018683194,1
938,2500,seqmar,0.2558505160746848,cc_ccproj,0.23539203448045026,0.013625794381259297,0.20868596823243382,0.26209810072846673,1
938,2500,seqmar,0.2558505160746848,seq,0.2555103004169311,0.011178911001618316,0.23360003746738064,0.27742056336648163,1
939,2500,seqmar,0.2558505160746848,full,0.2625166395289385,0.010467718192228881,0.24200028887185518,0.28303299018602185,1
939,2500,seqmar,0.2558505160746848,cc,0.26333540180679105,0.02027619704318252,0.22359478585871578,0.3030760177548663,1
939,2500,seqmar,0.2558505160746848,cc_ccproj,0.2609041850581847,0.02033983042704662,0.22103884996952136,0.300769520146848,1
939,2500,seqmar,0.2558505160746848,seq,0.2929091418669946,0.018729663126062706,0.25619967669734384,0.3296186070366454,0
940,2500,seqmar,0.2558505160746848,full,0.25296233335389323,0.008629629111616138,0.23604857109518723,0.26987609561259923,1
940,2500,seqmar,0.2558505160746848,cc,0.20932142946004492,0.012103774671579312,0.18559846702676136,0.23304439189332848,0
940,2500,seqmar,0.2558505160746848,cc_ccproj,0.20877262589588455,0.011924583499485879,0.18540087170625164,0.23214438008551747,0
940,2500,seqmar,0.2558505160746848,seq,0.2468822885412279,0.012220605372613984,0.2229303421416278,0.270834234940828,1
941,2500,seqmar,0.2558505160746848,full,0.23598334899563478,0.011287711824694936,0.2138598403513658,0.25810685763990376,1
941,2500,seqmar,0.2558505160746848,cc,0.18645673091593615,0.016678451015686976,0.1537675676072742,0.2191458942245981,0
941,2500,seqmar,0.2558505160746848,cc_ccproj,0.18707061737419117,0.01655891892041046,0.1546157326672678,0.21952550208111454,0
941,2500,seqmar,0.2558505160746848,seq,0.22714596023496597,0.013208143373081445,0.20125847492108495,0.253033445548847,0
942,2500,seqmar,0.2558505160746848,full,0.2725294277039706,0.010638090317742767,0.25167915381691053,0.29337970159103066,1
942,2500,seqmar,0.2558505160746848,cc,0.2456915702497031,0.013288609616133035,0.2196463739974697,0.27173676650193646,1
942,2500,seqmar,0.2558505160746848,cc_ccproj,0.24603295606486972,0.013341018774371024,0.21988503975002982,0.2721808723797096,1
942,2500,seqmar,0.2558505160746848,seq,0.27640599772677144,0.014826138962239872,0.24734729933099522,0.3054646961225476,1
943,2500,seqmar,0.2558505160746848,full,0.2524144375116591,0.010551106461321402,0.23173464885042128,0.2730942261728969,1
943,2500,seqmar,0.2558505160746848,cc,0.22761378884570954,0.017733583795424956,0.19285660328985352,0.2623709744015656,1
943,2500,seqmar,0.2558505160746848,cc_ccproj,0.22680024823967673,0.017534086734540592,0.19243406973817564,0.2611664267411778,1
943,2500,seqmar,0.2558505160746848,seq,0.24912071688355983,0.012843921332915106,0.22394709365078053,0.27429434011633913,1
944,2500,seqmar,0.2558505160746848,full,0.2533400773489401,0.010185726986153505,0.23337641929972153,0.27330373539815866,1
944,2500,seqmar,0.2558505160746848,cc,0.21925812124689573,0.020264857903855005,0.17953972960351805,0.2589765128902734,1
944,2500,seqmar,0.2558505160746848,cc_ccproj,0.22124793120205122,0.019919148238209436,0.18220711805244627,0.26028874435165616,1
944,2500,seqmar,0.2558505160746848,seq,0.24733300023260654,0.013993271876647687,0.21990669132849985,0.2747593091367132,1
945,2500,seqmar,0.2558505160746848,full,0.2513113259771726,0.010391440097081808,0.23094447763938686,0.27167817431495833,1
945,2500,seqmar,0.2558505160746848,cc,0.18872097047176356,0.014992238035527976,0.1593367238744772,0.21810521706904992,0
945,2500,seqmar,0.2558505160746848,cc_ccproj,0.1905309249731367,0.014673243552868042,0.1617718960731308,0.2192899538731426,0
945,2500,seqmar,0.2558505160746848,seq,0.2369471485238014,0.012078133625490001,0.2132744416173788,0.260619855430224,1
946,2500,seqmar,0.2558505160746848,full,0.2555008011543418,0.011195626654293179,0.23355777612757053,0.27744382618111313,1
946,2500,seqmar,0.2558505160746848,cc,0.2304449599582451,0.01669678452123293,0.1977198636390027,0.26317005627748746,1
946,2500,seqmar,0.2558505160746848,cc_ccproj,0.2277317869079103,0.016663787829813027,0.1950713629154599,0.2603922109003607,1
946,2500,seqmar,0.2558505160746848,seq,0.25590845522011413,0.011934366602126163,0.2325175265016492,0.27929938393857906,1
947,2500,seqmar,0.2558505160746848,full,0.25287941977646244,0.009824370012423415,0.23362400838131722,0.27213483117160764,1
947,2500,seqmar,0.2558505160746848,cc,0.22567322722885427,0.013428155514468444,0.1993545260416932,0.25199192841601536,0
947,2500,seqmar,0.2558505160746848,cc_ccproj,0.22477404559025663,0.013389657842704395,0.19853079845324173,0.2510172927272715,0
947,2500,seqmar,0.2558505160746848,seq,0.2593965415422852,0.011961075709212721,0.23595326393587138,0.282839819148699,1
948,2500,seqmar,0.2558505160746848,full,0.2713334838912197,0.011349811964494775,0.24908826120950814,0.2935787065729313,1
948,2500,seqmar,0.2558505160746848,cc,0.22558246537975218,0.02445019057108051,0.17766097244529355,0.2735039583142108,1
948,2500,seqmar,0.2558505160746848,cc_ccproj,0.22700446333868377,0.024259158290021263,0.1794573867949858,0.27455153988238173,1
948,2500,seqmar,0.2558505160746848,seq,0.27479453120948966,0.01884534425658202,0.23785833519033014,0.3117307272286492,1
949,2500,seqmar,0.2558505160746848,full,0.26338753492497374,0.010414278016424543,0.24297592508779442,0.28379914476215307,1
949,2500,seqmar,0.2558505160746848,cc,0.24618136374765437,0.017625452047354048,0.21163611252360268,0.28072661497170603,1
949,2500,seqmar,0.2558505160746848,cc_ccproj,0.24748155596534607,0.01768711504487214,0.21281544748698014,0.28214766444371203,1
949,2500,seqmar,0.2558505160746848,seq,0.27665830759940885,0.014298354516860257,0.24863404770817715,0.30468256749064054,1
950,2500,seqmar,0.2558505160746848,full,0.2630263218438072,0.012310097707970584,0.23889897369001578,0.2871536699975986,1
950,2500,seqmar,0.2558505160746848,cc,0.22321866564234225,0.013014530015755574,0.19771065553574582,0.24872667574893867,0
950,2500,seqmar,0.2558505160746848,cc_ccproj,0.22146277459687935,0.013102360901444341,0.1957826191176027,0.247142930076156,0
950,2500,seqmar,0.2558505160746848,seq,0.24374335178405854,0.014220727540965481,0.21587123796980934,0.27161546559830774,1
951,2500,seqmar,0.2558505160746848,full,0.2662884383495057,0.0094177522056361,0.2478299832111363,0.28474689348787513,1
951,2500,seqmar,0.2558505160746848,cc,0.22308468450016317,0.014481184899656638,0.19470208364337088,0.25146728535695545,0
951,2500,seqmar,0.2558505160746848,cc_ccproj,0.22471970366680571,0.014291558435662422,0.19670876384995778,0.25273064348365365,0
951,2500,seqmar,0.2558505160746848,seq,0.2602722907682148,0.011486513533450326,0.23775913793472023,0.2827854436017093,1
952,2500,seqmar,0.2558505160746848,full,0.266123062933442,0.00913490755892822,0.24821897311583999,0.284027152751044,1
952,2500,seqmar,0.2558505160746848,cc,0.23729032248073273,0.013938145393524169,0.2099720594981425,0.26460858546332294,1
952,2500,seqmar,0.2558505160746848,cc_ccproj,0.23533096336254644,0.013876262963453533,0.20813398771417047,0.2625279390109224,1
952,2500,seqmar,0.2558505160746848,seq,0.2718601433703032,0.013834910839669963,0.24474421639522725,0.2989760703453791,1
953,2500,seqmar,0.2558505160746848,full,0.26718389660134245,0.009668730741850954,0.24823353257109934,0.28613426063158554,1
953,2500,seqmar,0.2558505160746848,cc,0.23237105982280168,0.014558687216159105,0.20383655721694613,0.2609055624286572,1
953,2500,seqmar,0.2558505160746848,cc_ccproj,0.23132558530184996,0.014544347412034976,0.20281918819562306,0.25983198240807687,1
953,2500,seqmar,0.2558505160746848,seq,0.2744662641110575,0.012369706168828973,0.25022208552080977,0.29871044270130526,1
954,2500,seqmar,0.2558505160746848,full,0.2508411370620464,0.009665329474807112,0.23189743939271104,0.2697848347313818,1
954,2500,seqmar,0.2558505160746848,cc,0.22792332551365238,0.021810204727761278,0.18517610975179505,0.2706705412755097,1
954,2500,seqmar,0.2558505160746848,cc_ccproj,0.22974864170236498,0.02181185392773708,0.18699819356795178,0.2724990898367782,1
954,2500,seqmar,0.2558505160746848,seq,0.27010817706608864,0.01697678857791646,0.2368342828802214,0.3033820712519559,1
955,2500,seqmar,0.2558505160746848,full,0.2428179538134208,0.009981643040832051,0.22325429294685512,0.2623816146799865,1
955,2500,seqmar,0.2558505160746848,cc,0.19110041846654466,0.01807386946596701,0.15567628525197114,0.22652455168111818,0
955,2500,seqmar,0.2558505160746848,cc_ccproj,0.19256930631144015,0.017641355468367384,0.15799288495497132,0.22714572766790897,0
955,2500,seqmar,0.2558505160746848,seq,0.25631441048487486,0.015891589036744244,0.22516746831574458,0.28746135265400513,1
956,2500,seqmar,0.2558505160746848,full,0.2621803492795802,0.009014310550253783,0.24451262525562337,0.27984807330353706,1
956,2500,seqmar,0.2558505160746848,cc,0.24168438017785907,0.015337332594290504,0.2116237606741374,0.2717449996815807,1
956,2500,seqmar,0.2558505160746848,cc_ccproj,0.24304701277165036,0.015455241881663449,0.21275529531123494,0.2733387302320658,1
956,2500,seqmar,0.2558505160746848,seq,0.2635783919980674,0.014263498424421985,0.23562244879265648,0.29153433520347827,1
957,2500,seqmar,0.2558505160746848,full,0.2586044142637284,0.010167060052109442,0.23867734273293795,0.2785314857945188,1
957,2500,seqmar,0.2558505160746848,cc,0.24315744578454523,0.02183859658611439,0.20035458300286166,0.28596030856622884,1
957,2500,seqmar,0.2558505160746848,cc_ccproj,0.24025242151823495,0.02176108448064319,0.1976014796716408,0.28290336336482913,1
957,2500,seqmar,0.2558505160746848,seq,0.2679403091389163,0.015019785922092887,0.23850206967611254,0.2973785486017201,1
958,2500,seqmar,0.2558505160746848,full,0.2385959085789545,0.010080590344965326,0.21883831455992026,0.2583535025979887,1
958,2500,seqmar,0.2558505160746848,cc,0.1963972117973687,0.01142474092064588,0.17400513106020177,0.2187892925345356,0
958,2500,seqmar,0.2558505160746848,cc_ccproj,0.19335029712062046,0.011302668659134263,0.1711974736195277,0.21550312062171323,0
958,2500,seqmar,0.2558505160746848,seq,0.23274356336451027,0.009999633724646797,0.21314464140561043,0.2523424853234101,0
959,2500,seqmar,0.2558505160746848,full,0.2565648682687192,0.008195077664473945,0.24050281119584166,0.27262692534159677,1
959,2500,seqmar,0.2558505160746848,cc,0.21147365845930252,0.011132533882858094,0.1896542929922288,0.23329302392637624,0
959,2500,seqmar,0.2558505160746848,cc_ccproj,0.20947806450486356,0.011104561847461168,0.1877135232197421,0.231242605789985,0
959,2500,seqmar,0.2558505160746848,seq,0.24415742746109917,0.013197838391340543,0.21829013954029167,0.2700247153819067,1
960,2500,seqmar,0.2558505160746848,full,0.25312738276928465,0.008943000657369323,0.23559942356712274,0.27065534197144653,1
960,2500,seqmar,0.2558505160746848,cc,0.2136163108773374,0.017183381419437097,0.17993750216262594,0.24729511959204886,0
960,2500,seqmar,0.2558505160746848,cc_ccproj,0.2102902857478159,0.01674188915682179,0.17747678596728356,0.24310378552834827,0
960,2500,seqmar,0.2558505160746848,seq,0.2363155162569442,0.013594435112855076,0.20967091304558153,0.26296011946830683,1
961,2500,seqmar,0.2558505160746848,full,0.26126830142700824,0.010701283413141503,0.24029417134889502,0.28224243150512146,1
961,2500,seqmar,0.2558505160746848,cc,0.22958646472627198,0.014780594960166276,0.20061703093427186,0.2585558985182721,1
961,2500,seqmar,0.2558505160746848,cc_ccproj,0.22780169817655324,0.01495194760283508,0.1984964193762665,0.25710697697684,1
961,2500,seqmar,0.2558505160746848,seq,0.24936170525798426,0.017955735881155344,0.2141691096150062,0.2845543009009623,1
962,2500,seqmar,0.2558505160746848,full,0.2627162354113409,0.01150566995943502,0.24016553667284385,0.285266934149838,1
962,2500,seqmar,0.2558505160746848,cc,0.2512856600406887,0.020734152196245654,0.21064746848607516,0.29192385159530226,1
962,2500,seqmar,0.2558505160746848,cc_ccproj,0.24971368339600414,0.020726549205352076,0.2090903934297168,0.2903369733622915,1
962,2500,seqmar,0.2558505160746848,seq,0.28173416837887755,0.015846463192896353,0.25067567123846113,0.31279266551929397,1
963,2500,seqmar,0.2558505160746848,full,0.2527633235584903,0.009947831268052685,0.2332659325488256,0.272260714568155,1
963,2500,seqmar,0.2558505160746848,cc,0.23021964077786888,0.018900337984710962,0.19317565903220105,0.2672636225235367,1
963,2500,seqmar,0.2558505160746848,cc_ccproj,0.23625889462638455,0.0186946569388389,0.19961804032292849,0.2728997489298406,1
963,2500,seqmar,0.2558505160746848,seq,0.2552438523101715,0.014995190610882248,0.2258538187715291,0.2846338858488139,1
964,2500,seqmar,0.2558505160746848,full,0.23120982451320732,0.011328276783985873,0.2090068100096938,0.25341283901672085,0
964,2500,seqmar,0.2558505160746848,cc,0.20652258797766213,0.03070230463830611,0.1463471766442051,0.26669799931111915,1
964,2500,seqmar,0.2558505160746848,cc_ccproj,0.20592050065199463,0.030495081439910057,0.14615123932415508,0.2656897619798342,1
964,2500,seqmar,0.2558505160746848,seq,0.22307326618962434,0.02171190804441301,0.18051870838692935,0.2656278239923193,1
965,2500,seqmar,0.2558505160746848,full,0.2640966606734019,0.009297553922459945,0.24587378984106126,0.28231953150574246,1
965,2500,seqmar,0.2558505160746848,cc,0.22716705198302198,0.014442346882061023,0.19886057224194803,0.2554735317240959,0
965,2500,seqmar,0.2558505160746848,cc_ccproj,0.22660552029355976,0.01429539111827887,0.1985870685568194,0.2546239720303001,0
965,2500,seqmar,0.2558505160746848,seq,0.25801647095434144,0.01103268477443784,0.23639280614365987,0.279640135765023,1
966,2500,seqmar,0.2558505160746848,full,0.2384415392695282,0.011678418302397131,0.21555226000043642,0.26133081853862,1
966,2500,seqmar,0.2558505160746848,cc,0.19664515122035786,0.01492613000443319,0.16739047398310614,0.22589982845760959,0
966,2500,seqmar,0.2558505160746848,cc_ccproj,0.1988989664915543,0.014676312636489483,0.17013392229818483,0.22766401068492378,0
966,2500,seqmar,0.2558505160746848,seq,0.23523829616923486,0.013615996494719187,0.20855143342596164,0.2619251589125081,1
967,2500,seqmar,0.2558505160746848,full,0.2663561608349329,0.009948629432372222,0.2468572054519482,0.28585511621791765,1
967,2500,seqmar,0.2558505160746848,cc,0.22478294880993463,0.01963583166948364,0.1862974259312557,0.26326847168861356,1
967,2500,seqmar,0.2558505160746848,cc_ccproj,0.2253100274135495,0.019495335980414388,0.18709987102542944,0.2635201838016696,1
967,2500,seqmar,0.2558505160746848,seq,0.26631931151417537,0.01497336530003343,0.23697205479874806,0.2956665682296027,1
968,2500,seqmar,0.2558505160746848,full,0.2474668950983226,0.010185288164637483,0.22750409712347106,0.2674296930731741,1
968,2500,seqmar,0.2558505160746848,cc,0.19903471887862276,0.01857012054392249,0.1626379514239673,0.2354314863332782,0
968,2500,seqmar,0.2558505160746848,cc_ccproj,0.20044971113079155,0.01798666421613812,0.16519649706514547,0.23570292519643762,0
968,2500,seqmar,0.2558505160746848,seq,0.231543724911135,0.017643173492595143,0.19696374029265676,0.26612370952961323,1
969,2500,seqmar,0.2558505160746848,full,0.26078327368018595,0.01073051525816471,0.2397518502386256,0.2818146971217463,1
969,2500,seqmar,0.2558505160746848,cc,0.2252708438518216,0.01536073942237281,0.1951643478080663,0.2553773398955769,0
969,2500,seqmar,0.2558505160746848,cc_ccproj,0.22529788263014397,0.015281147482791795,0.19534738392142714,0.2552483813388608,0
969,2500,seqmar,0.2558505160746848,seq,0.26006909451629606,0.014111122509191172,0.23241180261684888,0.2877263864157432,1
970,2500,seqmar,0.2558505160746848,full,0.26026680116994433,0.009588964738732312,0.24147277563300446,0.2790608267068842,1
970,2500,seqmar,0.2558505160746848,cc,0.24308762560528743,0.021212451715694188,0.20151198421873195,0.2846632669918429,1
970,2500,seqmar,0.2558505160746848,cc_ccproj,0.2429798961485493,0.021163605118360698,0.2014999923335348,0.28445979996356385,1
970,2500,seqmar,0.2558505160746848,seq,0.2680530864000516,0.013929320078980054,0.24075212071612007,0.29535405208398313,1
971,2500,seqmar,0.2558505160746848,full,0.25633281896732474,0.008970713269223355,0.2387505440440114,0.27391509389063806,1
971,2500,seqmar,0.2558505160746848,cc,0.22424494673747558,0.01174451252344202,0.2012261251755496,0.24726376829940155,0
971,2500,seqmar,0.2558505160746848,cc_ccproj,0.22466200178008058,0.011871941223437028,0.20139342455556764,0.24793057900459353,0
971,2500,seqmar,0.2558505160746848,seq,0.2458241599338832,0.012127144810532942,0.2220553928699368,0.2695929269978296,1
972,2500,seqmar,0.2558505160746848,full,0.2630331865410687,0.010587196372718242,0.24228266295328788,0.28378371012884956,1
972,2500,seqmar,0.2558505160746848,cc,0.24056805398523035,0.018397320331202824,0.20450996872402633,0.27662613924643437,1
972,2500,seqmar,0.2558505160746848,cc_ccproj,0.23968389870615328,0.018254553180020103,0.20390563191944278,0.2754621654928638,1
972,2500,seqmar,0.2558505160746848,seq,0.2678528949769036,0.013710154363560781,0.24098148620183982,0.2947243037519674,1
973,2500,seqmar,0.2558505160746848,full,0.21801256112363762,0.012415228227431671,0.1936791609380265,0.24234596130924874,0
973,2500,seqmar,0.2558505160746848,cc,0.18998529062551214,0.014825616895206364,0.16092761546231912,0.21904296578870516,0
973,2500,seqmar,0.2558505160746848,cc_ccproj,0.19145781371844642,0.01480088514435603,0.1624486118961947,0.22046701554069814,0
973,2500,seqmar,0.2558505160746848,seq,0.22482005951636239,0.015550788827302183,0.19434107348366225,0.2552990455490625,0
974,2500,seqmar,0.2558505160746848,full,0.2564584574372275,0.009270369907101566,0.2382888662959445,0.27462804857851053,1
974,2500,seqmar,0.2558505160746848,cc,0.23673923792129103,0.014584289852817225,0.2081545550696763,0.2653239207729058,1
974,2500,seqmar,0.2558505160746848,cc_ccproj,0.23718024858315684,0.014646911684370236,0.2084728291970523,0.2658876679692614,1
974,2500,seqmar,0.2558505160746848,seq,0.2761527310793287,0.014747279602257246,0.24724859418896233,0.30505686796969506,1
975,2500,seqmar,0.2558505160746848,full,0.253688386249294,0.00913513445604823,0.2357838517215086,0.27159292077707947,1
975,2500,seqmar,0.2558505160746848,cc,0.2271057160522245,0.012141362039617354,0.2033090837313127,0.2509023483731363,0
975,2500,seqmar,0.2558505160746848,cc_ccproj,0.22862974495983884,0.01224861116953847,0.20462290820690843,0.25263658171276926,0
975,2500,seqmar,0.2558505160746848,seq,0.2617253415620971,0.014051848743482816,0.23418422410866635,0.28926645901552783,1
976,2500,seqmar,0.2558505160746848,full,0.280688586393707,0.009734278786974854,0.261609750555764,0.2997674222316499,0
976,2500,seqmar,0.2558505160746848,cc,0.24388132048485323,0.01219961698003066,0.21997051057880984,0.2677921303908966,1
976,2500,seqmar,0.2558505160746848,cc_ccproj,0.24298863514861113,0.012300896503187728,0.2188793210248085,0.26709794927241376,1
976,2500,seqmar,0.2558505160746848,seq,0.27200931199685513,0.013103391131692154,0.24632713730339698,0.2976914866903133,1
977,2500,seqmar,0.2558505160746848,full,0.26220308773560946,0.009295054280042497,0.2439851161123813,0.28042105935883765,1
977,2500,seqmar,0.2558505160746848,cc,0.22103157613766725,0.014956133290411183,0.1917180935404808,0.2503450587348537,0
977,2500,seqmar,0.2558505160746848,cc_ccproj,0.22054034351009397,0.014691141682156872,0.1917462349212913,0.24933445209889663,0
977,2500,seqmar,0.2558505160746848,seq,0.2590098893628305,0.011757495663603824,0.23596562131378113,0.28205415741187984,1
978,2500,seqmar,0.2558505160746848,full,0.2470071608270238,0.010210140523370962,0.22699565312412376,0.2670186685299238,1
978,2500,seqmar,0.2558505160746848,cc,0.23875014164788216,0.016820100990278697,0.20578334949060942,0.27171693380515494,1
978,2500,seqmar,0.2558505160746848,cc_ccproj,0.240351878516171,0.01686287331853973,0.20730125413597172,0.2734025028963703,1
978,2500,seqmar,0.2558505160746848,seq,0.26626447941514464,0.013653033882714802,0.23950502472531857,0.2930239341049707,1
979,2500,seqmar,0.2558505160746848,full,0.2414096299244392,0.009159365953155769,0.22345760253503152,0.2593616573138469,1
979,2500,seqmar,0.2558505160746848,cc,0.20534445840550178,0.016755896222941824,0.1725035052798451,0.23818541153115846,0
979,2500,seqmar,0.2558505160746848,cc_ccproj,0.20618257718990782,0.016725415094973977,0.17340136597727626,0.23896378840253937,0
979,2500,seqmar,0.2558505160746848,seq,0.21580200474546746,0.015357690392218605,0.18570148469100217,0.24590252479993274,0
980,2500,seqmar,0.2558505160746848,full,0.24874296753782874,0.010058516419210371,0.2290286376182716,0.26845729745738584,1
980,2500,seqmar,0.2558505160746848,cc,0.2099640145575765,0.018222983176610766,0.17424762384054007,0.2456804052746129,0
980,2500,seqmar,0.2558505160746848,cc_ccproj,0.21059180711905764,0.01778251890190754,0.1757387105169161,0.24544490372119918,0
980,2500,seqmar,0.2558505160746848,seq,0.26016025223525996,0.014252101903555104,0.2322266458002972,0.2880938586702227,1
981,2500,seqmar,0.2558505160746848,full,0.25922932734978094,0.008890150098925773,0.24180495333873123,0.2766537013608307,1
981,2500,seqmar,0.2558505160746848,cc,0.22378045741526176,0.013240419417169651,0.19782971221740442,0.2497312026131191,0
981,2500,seqmar,0.2558505160746848,cc_ccproj,0.2220148132420557,0.013270301564787,0.19600550011108764,0.24802412637302373,0
981,2500,seqmar,0.2558505160746848,seq,0.24661541064021936,0.01625671272460333,0.21475283919298283,0.2784779820874559,1
982,2500,seqmar,0.2558505160746848,full,0.2750831829967772,0.011693429815222407,0.25216448170319444,0.29800188429035995,1
982,2500,seqmar,0.2558505160746848,cc,0.25529211096268645,0.02435621923631952,0.20755479845993852,0.3030294234654344,1
982,2500,seqmar,0.2558505160746848,cc_ccproj,0.2540027410316481,0.0242447567318244,0.20648389102333725,0.30152159103995896,1
982,2500,seqmar,0.2558505160746848,seq,0.286115378503358,0.020054899046857737,0.24680849865793017,0.3254222583487858,1
983,2500,seqmar,0.2558505160746848,full,0.24892009162779669,0.01126495765758867,0.2268411803315542,0.27099900292403917,1
983,2500,seqmar,0.2558505160746848,cc,0.23457687425035437,0.029785335470696065,0.1761986894603467,0.292955059040362,1
983,2500,seqmar,0.2558505160746848,cc_ccproj,0.2344552616758875,0.02965384424882142,0.17633479494503732,0.29257572840673773,1
983,2500,seqmar,0.2558505160746848,seq,0.25062960244252225,0.019505511212774794,0.21239950296544147,0.28885970191960303,1
984,2500,seqmar,0.2558505160746848,full,0.26200901112709135,0.009384369109211204,0.24361598565540715,0.28040203659877555,1
984,2500,seqmar,0.2558505160746848,cc,0.22488068724217083,0.013213751681878619,0.19898220984503318,0.2507791646393085,0
984,2500,seqmar,0.2558505160746848,cc_ccproj,0.22379007728327083,0.013138121036005028,0.19803983322817292,0.24954032133836873,0
984,2500,seqmar,0.2558505160746848,seq,0.2569075980828541,0.012105060013639375,0.23318211642542502,0.28063307974028323,1
985,2500,seqmar,0.2558505160746848,full,0.25477290102245614,0.010270305924902435,0.23464347129943905,0.27490233074547327,1
985,2500,seqmar,0.2558505160746848,cc,0.22510083685818016,0.018441525121058653,0.18895611180091454,0.2612455619154458,1
985,2500,seqmar,0.2558505160746848,cc_ccproj,0.2239972560571669,0.01835801939572308,0.18801619921406187,0.2599783129002719,1
985,2500,seqmar,0.2558505160746848,seq,0.2655195596631828,0.021627778165253155,0.22312989339366485,0.30790922593270076,1
986,2500,seqmar,0.2558505160746848,full,0.2568411401531045,0.009615420493231963,0.2379952622901615,0.2756870180160475,1
986,2500,seqmar,0.2558505160746848,cc,0.20814780691643883,0.012697086758961506,0.18326197416029388,0.23303363967258378,0
986,2500,seqmar,0.2558505160746848,cc_ccproj,0.20925895085686835,0.012680843116917582,0.18440495505410726,0.23411294665962945,0
986,2500,seqmar,0.2558505160746848,seq,0.23106505206508865,0.017765896084075434,0.1962445355872196,0.2658855685429577,1
987,2500,seqmar,0.2558505160746848,full,0.2487172747245202,0.010745073894862227,0.22765731687936872,0.2697772325696717,1
987,2500,seqmar,0.2558505160746848,cc,0.21754498420163937,0.01592320502396569,0.18633607583621936,0.24875389256705938,0
987,2500,seqmar,0.2558505160746848,cc_ccproj,0.2168599646249151,0.015876245797177686,0.18574309465274144,0.24797683459708877,0
987,2500,seqmar,0.2558505160746848,seq,0.2398524173670608,0.01505525317828563,0.2103446633594888,0.2693601713746328,1
988,2500,seqmar,0.2558505160746848,full,0.2513418303312916,0.01214556196839213,0.22753696630124362,0.2751466943613396,1
988,2500,seqmar,0.2558505160746848,cc,0.19535087453583952,0.012311534632196483,0.17122071006231682,0.21948103900936222,0
988,2500,seqmar,0.2558505160746848,cc_ccproj,0.19597223252979393,0.012309099488657218,0.1718468408499054,0.22009762420968246,0
988,2500,seqmar,0.2558505160746848,seq,0.2350847841161476,0.01267341582256893,0.21024534554281243,0.2599242226894828,1
989,2500,seqmar,0.2558505160746848,full,0.2818376988453715,0.011779656756095585,0.25874999585318026,0.3049254018375628,0
989,2500,seqmar,0.2558505160746848,cc,0.29855329083446175,0.03214106003293463,0.2355579707449701,0.3615486109239534,1
989,2500,seqmar,0.2558505160746848,cc_ccproj,0.30023591367683394,0.032230155818828266,0.2370659690558165,0.3634058582978514,1
989,2500,seqmar,0.2558505160746848,seq,0.2993579519897926,0.020003198665628007,0.26015240302956205,0.33856350095002313,0
990,2500,seqmar,0.2558505160746848,full,0.23385462601787704,0.010382279215154156,0.21350573267873613,0.25420351935701796,0
990,2500,seqmar,0.2558505160746848,cc,0.19917901494662132,0.014647224662868542,0.17047098213393214,0.2278870477593105,0
990,2500,seqmar,0.2558505160746848,cc_ccproj,0.2044057141943601,0.014538248298976719,0.17591127113006502,0.23290015725865518,0
990,2500,seqmar,0.2558505160746848,seq,0.2552755782342166,0.018897658750991093,0.21823684769014587,0.29231430877828735,1
991,2500,seqmar,0.2558505160746848,full,0.26228112483506577,0.01059139773616885,0.24152236672623575,0.28303988294389576,1
991,2500,seqmar,0.2558505160746848,cc,0.2261159287256762,0.021886625446297173,0.18321893110781587,0.2690129263435366,1
991,2500,seqmar,0.2558505160746848,cc_ccproj,0.2251145693362283,0.021744939520692057,0.18249527102967023,0.2677338676427864,1
991,2500,seqmar,0.2558505160746848,seq,0.2568417012753307,0.016002216751089992,0.22547793277039074,0.2882054697802706,1
992,2500,seqmar,0.2558505160746848,full,0.26898790712409126,0.010622525494922281,0.24816813972918508,0.28980767451899747,1
992,2500,seqmar,0.2558505160746848,cc,0.24853056325481385,0.018847735612122125,0.21158968026492148,0.2854714462447062,1
992,2500,seqmar,0.2558505160746848,cc_ccproj,0.24768231692061668,0.018880762170072687,0.2106767030666079,0.28468793077462545,1
992,2500,seqmar,0.2558505160746848,seq,0.267946652484841,0.013420125670895733,0.24164368950188395,0.2942496154677981,1
993,2500,seqmar,0.2558505160746848,full,0.25734324125177893,0.009487419353540891,0.2387482410126105,0.27593824149094737,1
993,2500,seqmar,0.2558505160746848,cc,0.2004486046501935,0.016917277695561114,0.16729134965043096,0.23360585964995606,0
993,2500,seqmar,0.2558505160746848,cc_ccproj,0.19920843934415888,0.01658984653227203,0.166692937631859,0.23172394105645877,0
993,2500,seqmar,0.2558505160746848,seq,0.243114737743353,0.014019702781512069,0.21563662521763333,0.27059285026907265,1
994,2500,seqmar,0.2558505160746848,full,0.25063596551904577,0.011542262725825446,0.22801354627632878,0.27325838476176273,1
994,2500,seqmar,0.2558505160746848,cc,0.2014705325220895,0.023174506646201073,0.15604933413605127,0.24689173090812772,0
994,2500,seqmar,0.2558505160746848,cc_ccproj,0.19842262662027102,0.022747192624926013,0.1538389483260209,0.24300630491452113,0
994,2500,seqmar,0.2558505160746848,seq,0.24813526573615682,0.017955556777273594,0.2129430211303365,0.2833275103419771,1
995,2500,seqmar,0.2558505160746848,full,0.26428009909786454,0.008871575977443381,0.2468921296959648,0.2816680684997643,1
995,2500,seqmar,0.2558505160746848,cc,0.22906949823442382,0.01526421166913159,0.1991521931105299,0.25898680335831775,1
995,2500,seqmar,0.2558505160746848,cc_ccproj,0.23022793179691212,0.014681594573648333,0.2014525351969427,0.25900332839688156,1
995,2500,seqmar,0.2558505160746848,seq,0.2694738426960399,0.013480169814642857,0.24305319535385594,0.2958944900382239,1
996,2500,seqmar,0.2558505160746848,full,0.2455602471882557,0.009113880477839792,0.22769736969228702,0.2634231246842244,1
996,2500,seqmar,0.2558505160746848,cc,0.21473957234587557,0.012264626599645733,0.190701345926738,0.23877779876501315,0
996,2500,seqmar,0.2558505160746848,cc_ccproj,0.2116343682264503,0.012247626033422282,0.18762946230482747,0.23563927414807312,0
996,2500,seqmar,0.2558505160746848,seq,0.24502399294754504,0.010306740990654399,0.22482315180787973,0.2652248340872103,1
997,2500,seqmar,0.2558505160746848,full,0.25011396483098153,0.008994931132393781,0.23248422376807162,0.2677437058938914,1
997,2500,seqmar,0.2558505160746848,cc,0.21794331632654593,0.012148184960743593,0.19413331132595735,0.2417533213271345,0
997,2500,seqmar,0.2558505160746848,cc_ccproj,0.2209242279574424,0.011967117436704915,0.1974691087827395,0.24437934713214532,0
997,2500,seqmar,0.2558505160746848,seq,0.25736451347333666,0.01337628330155754,0.23114747995527934,0.283581546991394,1
998,2500,seqmar,0.2558505160746848,full,0.25928100215944594,0.009957385942626788,0.23976488433173201,0.27879711998715984,1
998,2500,seqmar,0.2558505160746848,cc,0.21689376360301088,0.01604017992061601,0.18545558865306094,0.24833193855296082,0
998,2500,seqmar,0.2558505160746848,cc_ccproj,0.21683374630965055,0.0159297011253948,0.18561210581938958,0.24805538679991151,0
998,2500,seqmar,0.2558505160746848,seq,0.24354345589966997,0.01813171711658499,0.20800594337329495,0.279080968426045,1
999,2500,seqmar,0.2558505160746848,full,0.2589750077202051,0.010554027362927489,0.23828949419701698,0.27966052124339325,1
999,2500,seqmar,0.2558505160746848,cc,0.2270945093387315,0.012602036276423343,0.20239497210507448,0.25179404657238846,0
999,2500,seqmar,0.2558505160746848,cc_ccproj,0.2225151675812662,0.012735937662729622,0.1975531884529689,0.24747714670956347,0
999,2500,seqmar,0.2558505160746848,seq,0.27067272470175285,0.0167127029456579,0.2379164288439469,0.3034290205595588,1
1000,2500,seqmar,0.2558505160746848,full,0.262989432206351,0.01029680145738911,0.24280807219390882,0.2831707922187932,1
1000,2500,seqmar,0.2558505160746848,cc,0.2448640859523346,0.021212797074813307,0.20328776767434392,0.2864404042303253,1
1000,2500,seqmar,0.2558505160746848,cc_ccproj,0.24407454717834243,0.021309178227103032,0.2023093253130754,0.28583976904360947,1
1000,2500,seqmar,0.2558505160746848,seq,0.27203648981619,0.015364960248169985,0.24192172110588722,0.30215125852649277,1
1001,2500,seqmar,0.2558505160746848,full,0.261745398821336,0.009896050509511242,0.24234949623350474,0.2811413014091673,1
1001,2500,seqmar,0.2558505160746848,cc,0.22479652091218627,0.01354686594549034,0.19824515155563305,0.2513478902687395,0
1001,2500,seqmar,0.2558505160746848,cc_ccproj,0.22849122235796934,0.013469681345672002,0.2020911320372212,0.25489131267871745,0
1001,2500,seqmar,0.2558505160746848,seq,0.26766754635177886,0.011033016546460694,0.24604323127988142,0.2892918614236763,1
1002,2500,seqmar,0.2558505160746848,full,0.2764521094607777,0.00912634082164952,0.25856481013970695,0.29433940878184844,0
1002,2500,seqmar,0.2558505160746848,cc,0.23664600115903175,0.014779047521768124,0.2076796002905603,0.2656124020275032,1
1002,2500,seqmar,0.2558505160746848,cc_ccproj,0.23594920143475456,0.014821536960356048,0.20689952279692744,0.26499888007258166,1
1002,2500,seqmar,0.2558505160746848,seq,0.2606903878171166,0.012309570499865571,0.2365640729722234,0.28481670266200987,1
1003,2500,seqmar,0.2558505160746848,full,0.2506981697166866,0.01123296955093761,0.22868195395741384,0.2727143854759594,1
1003,2500,seqmar,0.2558505160746848,cc,0.22655379451475055,0.01637009053022182,0.19446900665185557,0.25863858237764553,1
1003,2500,seqmar,0.2558505160746848,cc_ccproj,0.22516398201357843,0.016502007291400243,0.19282064204981658,0.2575073219773403,1
1003,2500,seqmar,0.2558505160746848,seq,0.24092381299110657,0.012652180733127094,0.2161259944282859,0.26572163155392725,1
1004,2500,seqmar,0.2558505160746848,full,0.26587752865944314,0.00902003352197271,0.24819858781703266,0.28355646950185365,1
1004,2500,seqmar,0.2558505160746848,cc,0.2415015298581393,0.01682670919611226,0.20852178585543035,0.27448127386084825,1
1004,2500,seqmar,0.2558505160746848,cc_ccproj,0.23884552619090724,0.016817552205274092,0.20588372956044787,0.2718073228213666,1
1004,2500,seqmar,0.2558505160746848,seq,0.2775949253540687,0.019423433473528966,0.23952569528984222,0.3156641554182952,1
1005,2500,seqmar,0.2558505160746848,full,0.2543675907804426,0.008562428047874876,0.23758554018639222,0.27114964137449293,1
1005,2500,seqmar,0.2558505160746848,cc,0.20771052726332265,0.012543459482970752,0.18312579843516258,0.23229525609148272,0
1005,2500,seqmar,0.2558505160746848,cc_ccproj,0.2107677155354122,0.012317962345992988,0.18662495297434545,0.23491047809647897,0
1005,2500,seqmar,0.2558505160746848,seq,0.2507522428836886,0.01343331057062022,0.22442343797213174,0.2770810477952454,1
1006,2500,seqmar,0.2558505160746848,full,0.28816479360200403,0.010823867348542961,0.26695040342542076,0.3093791837785873,0
1006,2500,seqmar,0.2558505160746848,cc,0.248177754840456,0.019373215923820682,0.2102069493650496,0.28614856031586244,1
1006,2500,seqmar,0.2558505160746848,cc_ccproj,0.24406568937513862,0.019277059281835852,0.2062833474548968,0.28184803129538044,1
1006,2500,seqmar,0.2558505160746848,seq,0.27459897741560046,0.01866395669052663,0.23801829449315287,0.31117966033804806,1
1007,2500,seqmar,0.2558505160746848,full,0.2647302096845308,0.010007474746887244,0.24511591960443774,0.2843444997646239,1
1007,2500,seqmar,0.2558505160746848,cc,0.21884957791318702,0.013781060605737807,0.19183919545717718,0.24585996036919686,0
1007,2500,seqmar,0.2558505160746848,cc_ccproj,0.21770762679212335,0.013540172537475394,0.19116937627421327,0.24424587731003344,0
1007,2500,seqmar,0.2558505160746848,seq,0.24949125914714068,0.013091976457744257,0.22383145680351565,0.2751510614907657,1
1008,2500,seqmar,0.2558505160746848,full,0.23552966377400267,0.01127419134343401,0.21343265478605877,0.25762667276194656,1
1008,2500,seqmar,0.2558505160746848,cc,0.18662178593604173,0.022978899134880663,0.14158397122729702,0.23165960064478644,0
1008,2500,seqmar,0.2558505160746848,cc_ccproj,0.1831148217654144,0.022339273125931886,0.1393306509977844,0.2268989925330444,0
1008,2500,seqmar,0.2558505160746848,seq,0.2326104081959349,0.01579843463951805,0.2016460452903695,0.2635747711015003,1
1009,2500,seqmar,0.2558505160746848,full,0.2917864455530847,0.013019650167021229,0.26626840013441216,0.3173044909717572,0
1009,2500,seqmar,0.2558505160746848,cc,0.2466616478852402,0.01539391827132869,0.21649012249248287,0.2768331732779975,1
1009,2500,seqmar,0.2558505160746848,cc_ccproj,0.24487224742193175,0.01535956163181307,0.21476805980525487,0.27497643503860864,1
1009,2500,seqmar,0.2558505160746848,seq,0.2894648603811785,0.019829727520218624,0.25059930861830726,0.3283304121440498,1
1010,2500,seqmar,0.2558505160746848,full,0.2548531786672973,0.009186577409480822,0.2368478178035256,0.272858539531069,1
1010,2500,seqmar,0.2558505160746848,cc,0.2147829588224543,0.016895466852659236,0.18166845228925188,0.2478974653556567,0
1010,2500,seqmar,0.2558505160746848,cc_ccproj,0.21233338682899625,0.01689965806316885,0.17921066567414337,0.24545610798384912,0
1010,2500,seqmar,0.2558505160746848,seq,0.24563316791571796,0.02091947107863423,0.2046317580259676,0.2866345778054683,1
1011,2500,seqmar,0.2558505160746848,full,0.2750005322603579,0.009578341085241396,0.2562273287016445,0.29377373581907135,0
1011,2500,seqmar,0.2558505160746848,cc,0.23212615380368662,0.01396381048688483,0.20475758816244963,0.2594947194449236,1
1011,2500,seqmar,0.2558505160746848,cc_ccproj,0.22711547507339377,0.013854685916746358,0.1999607896594566,0.2542701604873309,0
1011,2500,seqmar,0.2558505160746848,seq,0.28039098601061624,0.01397202750102253,0.2530063153176089,0.30777565670362356,1
1012,2500,seqmar,0.2558505160746848,full,0.2743825045504186,0.009645271577628942,0.25547811963715805,0.2932868894636792,1
1012,2500,seqmar,0.2558505160746848,cc,0.23594935800432368,0.014808062003523194,0.20692608979658217,0.2649726262120652,1
1012,2500,seqmar,0.2558505160746848,cc_ccproj,0.23364487061040703,0.01497930298884673,0.20428597623875425,0.2630037649820598,1
1012,2500,seqmar,0.2558505160746848,seq,0.26286868333764585,0.01336908697358962,0.2366657543632266,0.2890716123120651,1
1013,2500,seqmar,0.2558505160746848,full,0.24675742778768053,0.009776296401519167,0.22759623893851444,0.2659186166368466,1
1013,2500,seqmar,0.2558505160746848,cc,0.2269071498845255,0.013820762941106951,0.19981895228109,0.253995347487961,0
1013,2500,seqmar,0.2558505160746848,cc_ccproj,0.22911542503384172,0.013883711818415906,0.20190384989801344,0.25632700016966997,1
1013,2500,seqmar,0.2558505160746848,seq,0.2514235360579707,0.011472579407209678,0.22893769361006383,0.27390937850587754,1
1014,2500,seqmar,0.2558505160746848,full,0.2556264061711155,0.011651512999541988,0.23278986032661292,0.27846295201561805,1
1014,2500,seqmar,0.2558505160746848,cc,0.21535957490730825,0.017474427009801088,0.18111032731762416,0.24960882249699234,0
1014,2500,seqmar,0.2558505160746848,cc_ccproj,0.214902107591863,0.017425714518240216,0.18074833473123544,0.24905588045249058,0
1014,2500,seqmar,0.2558505160746848,seq,0.2509410809093955,0.015121049382410108,0.22130436871142006,0.2805777931073709,1
1015,2500,seqmar,0.2558505160746848,full,0.24887943440959343,0.010225109351285351,0.22883858834309043,0.26892028047609645,1
1015,2500,seqmar,0.2558505160746848,cc,0.2031266700849065,0.02012071813476218,0.1636907871976907,0.24256255297212231,0
1015,2500,seqmar,0.2558505160746848,cc_ccproj,0.20406283492360103,0.019562343971686786,0.1657213452859107,0.24240432456129135,0
1015,2500,seqmar,0.2558505160746848,seq,0.24912270595084218,0.014842392432729229,0.22003215133828305,0.2782132605634013,1
1016,2500,seqmar,0.2558505160746848,full,0.24689961810765454,0.009246149499030725,0.22877749809388126,0.2650217381214278,1
1016,2500,seqmar,0.2558505160746848,cc,0.21483272238364998,0.014877948217850902,0.1856724797128103,0.24399296505448964,0
1016,2500,seqmar,0.2558505160746848,cc_ccproj,0.21538679249282244,0.014853154341461545,0.18627514492674307,0.2444984400589018,0
1016,2500,seqmar,0.2558505160746848,seq,0.25637670558350184,0.011921577761612168,0.23301084253184837,0.27974256863515534,1
1017,2500,seqmar,0.2558505160746848,full,0.24858621899174332,0.009887319790298037,0.22920742829912905,0.2679650096843576,1
1017,2500,seqmar,0.2558505160746848,cc,0.2263115915233102,0.01729816719419679,0.19240780682413222,0.2602153762224882,1
1017,2500,seqmar,0.2558505160746848,cc_ccproj,0.22832141582358814,0.017318486986660935,0.19437780506300711,0.26226502658416917,1
1017,2500,seqmar,0.2558505160746848,seq,0.25689336516146977,0.015199251146749065,0.22710338032186247,0.28668335000107703,1
1018,2500,seqmar,0.2558505160746848,full,0.25649381865328497,0.011884039052551011,0.23320153011941747,0.27978610718715247,1
1018,2500,seqmar,0.2558505160746848,cc,0.22872618078186852,0.018607855697156988,0.19225545378592235,0.2651969077778147,1
1018,2500,seqmar,0.2558505160746848,cc_ccproj,0.2279399746521597,0.01866493519343303,0.19135737389925683,0.2645225754050626,1
1018,2500,seqmar,0.2558505160746848,seq,0.261826117773329,0.015565193383345374,0.2313188993295709,0.29233333621708707,1
1019,2500,seqmar,0.2558505160746848,full,0.24559234103929234,0.01195580684119066,0.22215939022444106,0.26902529185414364,1
1019,2500,seqmar,0.2558505160746848,cc,0.2084165190629098,0.016758322996099428,0.17557080954926557,0.24126222857655405,0
1019,2500,seqmar,0.2558505160746848,cc_ccproj,0.20671792563298821,0.016485553687904445,0.17440683413949404,0.2390290171264824,0
1019,2500,seqmar,0.2558505160746848,seq,0.24729196628308986,0.017744758836473553,0.2125128780492528,0.2820710545169269,1
1020,2500,seqmar,0.2558505160746848,full,0.2715671743660778,0.008851505668460664,0.2542185420469428,0.28891580668521283,1
1020,2500,seqmar,0.2558505160746848,cc,0.2236847872426867,0.012168761929573044,0.19983445212428141,0.24753512236109199,0
1020,2500,seqmar,0.2558505160746848,cc_ccproj,0.22294102676286656,0.012102401546760566,0.199220755604774,0.24666129792095912,0
1020,2500,seqmar,0.2558505160746848,seq,0.260302597501281,0.010983648507027058,0.23877504200866081,0.28183015299390113,1
1021,2500,seqmar,0.2558505160746848,full,0.2719648183716898,0.00863273526477857,0.25504496816465494,0.28888466857872463,1
1021,2500,seqmar,0.2558505160746848,cc,0.23979277780027064,0.013528646637737049,0.21327711763073712,0.26630843796980413,1
1021,2500,seqmar,0.2558505160746848,cc_ccproj,0.2371441546467459,0.013622604585476449,0.21044434028358186,0.2638439690099099,1
1021,2500,seqmar,0.2558505160746848,seq,0.2864293204724231,0.017824475177275815,0.2514939910816343,0.3213646498632119,1
1022,2500,seqmar,0.2558505160746848,full,0.2618132947477983,0.009012770852731396,0.24414858847553242,0.2794780010200642,1
1022,2500,seqmar,0.2558505160746848,cc,0.21198430471101937,0.012447359979146432,0.18758792744928712,0.2363806819727516,0
1022,2500,seqmar,0.2558505160746848,cc_ccproj,0.21090977670460226,0.012227245997866787,0.18694481491867185,0.23487473849053267,0
1022,2500,seqmar,0.2558505160746848,seq,0.25275543595934447,0.011817837153182192,0.229592900763948,0.2759179711547409,1
1023,2500,seqmar,0.2558505160746848,full,0.2579420143746424,0.009663516665893419,0.23900186974548873,0.2768821590037961,1
1023,2500,seqmar,0.2558505160746848,cc,0.22976020749734624,0.01673586103141435,0.19695852262550675,0.26256189236918576,1
1023,2500,seqmar,0.2558505160746848,cc_ccproj,0.23015755933327317,0.016699527898932764,0.1974270860925431,0.2628880325740032,1
1023,2500,seqmar,0.2558505160746848,seq,0.24706766782922943,0.01305762468462318,0.22147519372372682,0.27266014193473204,1
1024,2500,seqmar,0.2558505160746848,full,0.24520345619153341,0.011187316779176292,0.22327671822070724,0.2671301941623596,1
1024,2500,seqmar,0.2558505160746848,cc,0.18740848256176496,0.02059207934464174,0.14704874867947598,0.22776821644405393,0
1024,2500,seqmar,0.2558505160746848,cc_ccproj,0.19169118881269337,0.02014869487746237,0.15220047251738045,0.2311819051080063,0
1024,2500,seqmar,0.2558505160746848,seq,0.23697804484216375,0.014938439953322093,0.20769924054843825,0.26625684913588926,1
1025,2500,seqmar,0.2558505160746848,full,0.2545080502336341,0.009383763554158214,0.23611621162804441,0.2728998888392238,1
1025,2500,seqmar,0.2558505160746848,cc,0.2192642641581941,0.011171503319622762,0.19736851999856383,0.2411600083178244,0
1025,2500,seqmar,0.2558505160746848,cc_ccproj,0.2197902715224836,0.011152986987425282,0.19793081870708618,0.241649724337881,0
1025,2500,seqmar,0.2558505160746848,seq,0.24637940708625183,0.011699495812569962,0.22344881665633753,0.26930999751616613,1
1026,2500,seqmar,0.2558505160746848,full,0.2504825697396033,0.01033609068657606,0.23022420425297435,0.27074093522623227,1
1026,2500,seqmar,0.2558505160746848,cc,0.21514295368160719,0.014712717695373205,0.18630655688397055,0.24397935047924382,0
1026,2500,seqmar,0.2558505160746848,cc_ccproj,0.21368921219538534,0.014847773711686985,0.18458811046987825,0.24279031392089243,0
1026,2500,seqmar,0.2558505160746848,seq,0.2655407832639282,0.015258035880894714,0.2356355824625547,0.29544598406530176,1
1027,2500,seqmar,0.2558505160746848,full,0.26236462670902666,0.009635211662853818,0.24347995886641288,0.28124929455164044,1
1027,2500,seqmar,0.2558505160746848,cc,0.23967152950741247,0.019014762984550924,0.2024032788831273,0.2769397801316976,1
1027,2500,seqmar,0.2558505160746848,cc_ccproj,0.241260083043223,0.01888940230275365,0.20423753484033788,0.27828263124610814,1
1027,2500,seqmar,0.2558505160746848,seq,0.27248500524450137,0.01818986906729158,0.23683351698911068,0.30813649349989203,1
1028,2500,seqmar,0.2558505160746848,full,0.2541301359206501,0.00916299838401582,0.23617098909758036,0.2720892827437198,1
1028,2500,seqmar,0.2558505160746848,cc,0.22378900302767052,0.014669231601051085,0.19503783740873357,0.2525401686466075,0
1028,2500,seqmar,0.2558505160746848,cc_ccproj,0.22178722078855861,0.014671322201925607,0.19303195766720155,0.2505424839099157,0
1028,2500,seqmar,0.2558505160746848,seq,0.28448190266146695,0.023911298738338426,0.2376166183107456,0.3313471870121883,1
1029,2500,seqmar,0.2558505160746848,full,0.26349969193278594,0.009551172816441465,0.24477973720244267,0.2822196466631292,1
1029,2500,seqmar,0.2558505160746848,cc,0.20903464518251622,0.012748487177523218,0.18404806945720004,0.2340212209078324,0
1029,2500,seqmar,0.2558505160746848,cc_ccproj,0.2119951719488376,0.012354233095635502,0.18778132002477924,0.23620902387289597,0
1029,2500,seqmar,0.2558505160746848,seq,0.24592075130957008,0.01192552352242392,0.22254715470883396,0.2692943479103062,1
1030,2500,seqmar,0.2558505160746848,full,0.2314407621500033,0.00989338439227797,0.2120500850559278,0.2508314392440788,0
1030,2500,seqmar,0.2558505160746848,cc,0.177234506867196,0.013108193561158601,0.1515429195849453,0.20292609414944668,0
1030,2500,seqmar,0.2558505160746848,cc_ccproj,0.17654542241176627,0.013074833085058685,0.1509192204611785,0.20217162436235403,0
1030,2500,seqmar,0.2558505160746848,seq,0.22128244861895588,0.011165785101949545,0.19939791196002088,0.24316698527789088,0
1031,2500,seqmar,0.2558505160746848,full,0.2514937354167121,0.008995601410149745,0.23386268063354088,0.26912479019988333,1
1031,2500,seqmar,0.2558505160746848,cc,0.23428430521260935,0.014570424522844447,0.20572679790837503,0.2628418125168437,1
1031,2500,seqmar,0.2558505160746848,cc_ccproj,0.23499546166411264,0.01462911293872941,0.2063229271784341,0.2636679961497912,1
1031,2500,seqmar,0.2558505160746848,seq,0.25442209597792353,0.011943107916471973,0.23101403459816328,0.2778301573576838,1
1032,2500,seqmar,0.2558505160746848,full,0.25775746214369055,0.008869682329165397,0.24037320422421504,0.27514172006316606,1
1032,2500,seqmar,0.2558505160746848,cc,0.23621391086840873,0.013741046288684038,0.20928195503269026,0.2631458667041272,1
1032,2500,seqmar,0.2558505160746848,cc_ccproj,0.23689215967354024,0.013744262754796727,0.20995389968008338,0.2638304196669971,1
1032,2500,seqmar,0.2558505160746848,seq,0.27844146115887597,0.015418995654683982,0.24822078499791578,0.30866213731983616,1
1033,2500,seqmar,0.2558505160746848,full,0.25946600120813806,0.00909752879536171,0.24163517242091304,0.2772968299953631,1
1033,2500,seqmar,0.2558505160746848,cc,0.2245485501606053,0.013884472043967413,0.19733548501007592,0.25176161531113467,0
1033,2500,seqmar,0.2558505160746848,cc_ccproj,0.22741118346596267,0.01377397511298927,0.20041468832055268,0.25440767861137265,0
1033,2500,seqmar,0.2558505160746848,seq,0.26706617198522736,0.012331913638099396,0.24289606539409425,0.2912362785763605,1
1034,2500,seqmar,0.2558505160746848,full,0.26290277447802346,0.008792259921075789,0.24567026168999995,0.280135287266047,1
1034,2500,seqmar,0.2558505160746848,cc,0.22363231694839397,0.014294222370097795,0.19561615591599552,0.25164847798079243,0
1034,2500,seqmar,0.2558505160746848,cc_ccproj,0.2233424451247096,0.013944895299904267,0.19601095256871537,0.25067393768070384,0
1034,2500,seqmar,0.2558505160746848,seq,0.2738171787666841,0.013719442477613092,0.24692756562259346,0.3007067919107747,1
1035,2500,seqmar,0.2558505160746848,full,0.2549557187695118,0.009158451463973016,0.23700548374596653,0.27290595379305704,1
1035,2500,seqmar,0.2558505160746848,cc,0.21632826184686993,0.01698569158821986,0.18303691808145406,0.2496196056122858,0
1035,2500,seqmar,0.2558505160746848,cc_ccproj,0.21877960441842642,0.01689374927835686,0.18566846426899744,0.2518907445678554,0
1035,2500,seqmar,0.2558505160746848,seq,0.23583442686603884,0.018370236734997287,0.19982942447796948,0.2718394292541082,1
1036,2500,seqmar,0.2558505160746848,full,0.2575817920774043,0.009826740445439493,0.2383217347189198,0.2768418494358888,1
1036,2500,seqmar,0.2558505160746848,cc,0.2403308710858443,0.019646361346461822,0.2018247104195193,0.27883703175216934,1
1036,2500,seqmar,0.2558505160746848,cc_ccproj,0.24163084418607492,0.019612230403685368,0.20319157893835016,0.2800701094337997,1
1036,2500,seqmar,0.2558505160746848,seq,0.2784809026180774,0.02338721173756496,0.23264280991363767,0.3243189953225171,1
1037,2500,seqmar,0.2558505160746848,full,0.2528634257613616,0.009057194904927292,0.23511164994674444,0.2706152015759788,1
1037,2500,seqmar,0.2558505160746848,cc,0.20035410568443107,0.015471367370290954,0.17003078284707263,0.23067742852178952,0
1037,2500,seqmar,0.2558505160746848,cc_ccproj,0.20026935966891332,0.015158375794093489,0.17055948904836635,0.2299792302894603,0
1037,2500,seqmar,0.2558505160746848,seq,0.24298320318571595,0.013867600454794952,0.21580320574232656,0.2701632006291053,1
1038,2500,seqmar,0.2558505160746848,full,0.2595325812634361,0.01042776797826408,0.23909453158689845,0.27997063093997376,1
1038,2500,seqmar,0.2558505160746848,cc,0.23993430042196834,0.022580705333585097,0.19567693122263005,0.28419166962130665,1
1038,2500,seqmar,0.2558505160746848,cc_ccproj,0.23938816113552547,0.022264080676236208,0.19575136486120834,0.2830249574098426,1
1038,2500,seqmar,0.2558505160746848,seq,0.2697240764343595,0.017191485083218314,0.23602938483049407,0.303418768038225,1
1039,2500,seqmar,0.2558505160746848,full,0.273186782477695,0.011576725534982412,0.2504968173702243,0.29587674758516574,1
1039,2500,seqmar,0.2558505160746848,cc,0.260286188279701,0.023173221781285357,0.2148675081826226,0.30570486837677946,1
1039,2500,seqmar,0.2558505160746848,cc_ccproj,0.26013799547696453,0.02308097617195207,0.21490011345191132,0.3053758775020178,1
1039,2500,seqmar,0.2558505160746848,seq,0.2797641821347078,0.015444794769975977,0.24949294063694227,0.3100354236324733,1
1040,2500,seqmar,0.2558505160746848,full,0.24726664162264242,0.010241721085346813,0.2271932371556582,0.26734004608962664,1
1040,2500,seqmar,0.2558505160746848,cc,0.23166605381686659,0.01503182814221347,0.20220421203633254,0.2611278955974006,1
1040,2500,seqmar,0.2558505160746848,cc_ccproj,0.23108782402176994,0.014989696828329423,0.20170855809907,0.2604670899444699,1
1040,2500,seqmar,0.2558505160746848,seq,0.2586012373675884,0.01422087697644151,0.23072883066518818,0.2864736440699886,1
1041,2500,seqmar,0.2558505160746848,full,0.23851817665440475,0.010430924261378436,0.21807394077663794,0.25896241253217156,1
1041,2500,seqmar,0.2558505160746848,cc,0.20634360277806307,0.013765526044815554,0.1793636675019765,0.23332353805414965,0
1041,2500,seqmar,0.2558505160746848,cc_ccproj,0.20982388370783947,0.01382433384409973,0.18272868726314584,0.2369190801525331,0
1041,2500,seqmar,0.2558505160746848,seq,0.24037113320016124,0.01386832753754741,0.21318971070076326,0.2675525556995592,1
1042,2500,seqmar,0.2558505160746848,full,0.24522113011719335,0.01106916953201298,0.22352595649567983,0.2669163037387069,1
1042,2500,seqmar,0.2558505160746848,cc,0.21050335994799937,0.015158400963859618,0.18079343999561728,0.24021327990038147,0
1042,2500,seqmar,0.2558505160746848,cc_ccproj,0.21250968701519377,0.015044159720566037,0.18302367578521617,0.24199569824517136,0
1042,2500,seqmar,0.2558505160746848,seq,0.26148855564943424,0.018849925359715736,0.22454338083312317,0.2984337304657453,1
1043,2500,seqmar,0.2558505160746848,full,0.23776258707528586,0.008591138477866741,0.2209242650724708,0.25460090907810096,0
1043,2500,seqmar,0.2558505160746848,cc,0.2058123161149695,0.011073583391482346,0.1841084914878632,0.2275161407420758,0
1043,2500,seqmar,0.2558505160746848,cc_ccproj,0.20235471382207934,0.01102160297982247,0.18075276892972797,0.2239566587144307,0
1043,2500,seqmar,0.2558505160746848,seq,0.23210594406792265,0.011138778622350248,0.2102743391363515,0.25393754899949383,0
1044,2500,seqmar,0.2558505160746848,full,0.25052337782554995,0.014158530986349416,0.22277316701831074,0.27827358863278917,1
1044,2500,seqmar,0.2558505160746848,cc,0.20996209358101114,0.028770552233714906,0.15357284738760152,0.26635133977442077,1
1044,2500,seqmar,0.2558505160746848,cc_ccproj,0.20680016693809788,0.02866649142442078,0.15061487618310684,0.2629854576930889,1
1044,2500,seqmar,0.2558505160746848,seq,0.23551008309265534,0.024710605075765498,0.1870781871079623,0.28394197907734836,1
1045,2500,seqmar,0.2558505160746848,full,0.26071785006637904,0.009296736729425237,0.2424965809029549,0.2789391192298032,1
1045,2500,seqmar,0.2558505160746848,cc,0.22977541827091455,0.018473843268094498,0.19356735080941162,0.2659834857324175,1
1045,2500,seqmar,0.2558505160746848,cc_ccproj,0.22955275443911802,0.018453011613517388,0.19338551627032458,0.26571999260791146,1
1045,2500,seqmar,0.2558505160746848,seq,0.2618871920850002,0.013495461091560608,0.23543657439077983,0.28833780977922063,1
1046,2500,seqmar,0.2558505160746848,full,0.253175862101455,0.009567148338518978,0.23442459592320558,0.2719271282797044,1
1046,2500,seqmar,0.2558505160746848,cc,0.21222299276202353,0.01326862759275486,0.1862169605559496,0.23822902496809745,0
1046,2500,seqmar,0.2558505160746848,cc_ccproj,0.21176026815171076,0.013364873280701888,0.1855655978635934,0.23795493843982812,0
1046,2500,seqmar,0.2558505160746848,seq,0.25322476960923457,0.014698650715993113,0.2244159435845542,0.28203359563391495,1
1047,2500,seqmar,0.2558505160746848,full,0.2591012380911436,0.009231996749049483,0.24100685695761576,0.27719561922467145,1
1047,2500,seqmar,0.2558505160746848,cc,0.2168484836981238,0.014245020670838264,0.1889287562242522,0.24476821117199538,0
1047,2500,seqmar,0.2558505160746848,cc_ccproj,0.219383955013317,0.0141943885856102,0.1915634646029546,0.24720444542367942,0
1047,2500,seqmar,0.2558505160746848,seq,0.2543357261944403,0.013605915805803323,0.2276686212383815,0.28100283115049907,1
1048,2500,seqmar,0.2558505160746848,full,0.246865612973745,0.010265547821879422,0.22674550896128776,0.26698571698620227,1
1048,2500,seqmar,0.2558505160746848,cc,0.1990331109657075,0.02001025646716748,0.15981372896864954,0.23825249296276546,0
1048,2500,seqmar,0.2558505160746848,cc_ccproj,0.198328674228501,0.01988772895984952,0.15934944173290172,0.2373079067241003,0
1048,2500,seqmar,0.2558505160746848,seq,0.23000980664324833,0.019654188618253996,0.19148830480611345,0.2685313084803832,1
1049,2500,seqmar,0.2558505160746848,full,0.25737790543456013,0.01665698988391293,0.22473080517124278,0.2900250056978775,1
1049,2500,seqmar,0.2558505160746848,cc,0.21728159534305877,0.01614148276094247,0.18564487047453737,0.24891832021158017,0
1049,2500,seqmar,0.2558505160746848,cc_ccproj,0.21467023906886015,0.01612943241380968,0.18305713244672023,0.24628334569100008,0
1049,2500,seqmar,0.2558505160746848,seq,0.24914155910309774,0.01690547608849048,0.21600743482815332,0.28227568337804215,1
1050,2500,seqmar,0.2558505160746848,full,0.26920427666284474,0.008608333975001423,0.2523322521049494,0.28607630122074007,1
1050,2500,seqmar,0.2558505160746848,cc,0.24342453050092072,0.018536150111713473,0.20709434386993422,0.27975471713190725,1
1050,2500,seqmar,0.2558505160746848,cc_ccproj,0.24119068944053498,0.018554541388890435,0.20482445656865195,0.277556922312418,1
1050,2500,seqmar,0.2558505160746848,seq,0.26833487036821896,0.013877157203511778,0.2411361420415353,0.2955335986949026,1
1051,2500,seqmar,0.2558505160746848,full,0.2568543315026206,0.009282759404285695,0.23866045739307015,0.275048205612171,1
1051,2500,seqmar,0.2558505160746848,cc,0.23879706394754793,0.019446103108960503,0.20068340221433298,0.2769107256807629,1
1051,2500,seqmar,0.2558505160746848,cc_ccproj,0.23776653933726374,0.019449082523220973,0.19964703805940323,0.27588604061512423,1
1051,2500,seqmar,0.2558505160746848,seq,0.26848228005525354,0.015696954288779846,0.2377168149822735,0.2992477451282336,1
1052,2500,seqmar,0.2558505160746848,full,0.24652015207938557,0.009297701013121074,0.2282969929546467,0.2647433112041245,1
1052,2500,seqmar,0.2558505160746848,cc,0.2151684825818255,0.01538684147832048,0.18501082744849032,0.24532613771516068,0
1052,2500,seqmar,0.2558505160746848,cc_ccproj,0.21364902007647002,0.015259883755278267,0.18374019750785678,0.24355784264508326,0
1052,2500,seqmar,0.2558505160746848,seq,0.251875061009607,0.01274430868331008,0.22689667498245816,0.27685344703675585,1
1053,2500,seqmar,0.2558505160746848,full,0.2638079887859154,0.009568716975669763,0.2450536481353456,0.2825623294364851,1
1053,2500,seqmar,0.2558505160746848,cc,0.21644803938605836,0.01260201961090366,0.19174853481621973,0.241147543955897,0
1053,2500,seqmar,0.2558505160746848,cc_ccproj,0.21409129850750777,0.012514987065425517,0.18956237459228914,0.2386202224227264,0
1053,2500,seqmar,0.2558505160746848,seq,0.24389382933681986,0.011759340120241504,0.2208459462191896,0.2669417124544501,1
1054,2500,seqmar,0.2558505160746848,full,0.24654523195659198,0.008486638896584409,0.22991172536948978,0.26317873854369417,1
1054,2500,seqmar,0.2558505160746848,cc,0.20814229692045325,0.012770684662782718,0.18311221492348106,0.23317237891742543,0
1054,2500,seqmar,0.2558505160746848,cc_ccproj,0.20900794531075836,0.012607388711486414,0.18429791749714816,0.23371797312436857,0
1054,2500,seqmar,0.2558505160746848,seq,0.2462275795034389,0.011841093581243318,0.2230194625466336,0.26943569646024423,1
1055,2500,seqmar,0.2558505160746848,full,0.2598670773950257,0.009897669666461488,0.2404680013178866,0.27926615347216477,1
1055,2500,seqmar,0.2558505160746848,cc,0.21245928630618655,0.01660541141200754,0.17991327799018136,0.24500529462219173,0
1055,2500,seqmar,0.2558505160746848,cc_ccproj,0.21116757374679923,0.016441975716852422,0.17894189350708634,0.24339325398651213,0
1055,2500,seqmar,0.2558505160746848,seq,0.26076098830650873,0.023157242649922864,0.21537362673140503,0.30614834988161244,1
1056,2500,seqmar,0.2558505160746848,full,0.2508650884759159,0.009572015793853781,0.23210428226051388,0.26962589469131787,1
1056,2500,seqmar,0.2558505160746848,cc,0.2031662391251032,0.017462572189224833,0.16894022655679175,0.23739225169341466,0
1056,2500,seqmar,0.2558505160746848,cc_ccproj,0.20247332667460086,0.017172284288553677,0.16881626793675264,0.23613038541244907,0
1056,2500,seqmar,0.2558505160746848,seq,0.229578031910144,0.01760061611322227,0.195081458222513,0.264074605597775,1
1057,2500,seqmar,0.2558505160746848,full,0.2564010506191429,0.011369001959830219,0.2341182162377104,0.27868388500057545,1
1057,2500,seqmar,0.2558505160746848,cc,0.23188642239910945,0.027628575654357248,0.17773540917242908,0.2860374356257898,1
1057,2500,seqmar,0.2558505160746848,cc_ccproj,0.22971023228428436,0.027561785817007255,0.17569012473334328,0.28373033983522544,1
1057,2500,seqmar,0.2558505160746848,seq,0.255267829693988,0.018692887419896796,0.2186304435839284,0.29190521580404755,1
1058,2500,seqmar,0.2558505160746848,full,0.23175679153950282,0.009618826240441773,0.21290423853468815,0.2506093445443175,0
1058,2500,seqmar,0.2558505160746848,cc,0.20726704059784642,0.014939971992070209,0.1779852335633517,0.23654884763234116,0
1058,2500,seqmar,0.2558505160746848,cc_ccproj,0.2083547259598781,0.015011063782359663,0.17893358157681957,0.23777587034293665,0
1058,2500,seqmar,0.2558505160746848,seq,0.25545982811134055,0.014493323265990152,0.2270534364937034,0.2838662197289777,1
1059,2500,seqmar,0.2558505160746848,full,0.26833349260917555,0.009701539033039205,0.24931882550980916,0.28734815970854194,1
1059,2500,seqmar,0.2558505160746848,cc,0.24675011033770283,0.017011094307642114,0.21340897815710996,0.2800912425182957,1
1059,2500,seqmar,0.2558505160746848,cc_ccproj,0.24480852360552655,0.016947514939723133,0.2115920046962147,0.2780250425148384,1
1059,2500,seqmar,0.2558505160746848,seq,0.26528783809738327,0.013283777660492187,0.23925211230418084,0.29132356389058567,1
1060,2500,seqmar,0.2558505160746848,full,0.2610145924523983,0.00863067273346531,0.24409878473245442,0.27793040017234216,1
1060,2500,seqmar,0.2558505160746848,cc,0.22256208367422056,0.012858107936491116,0.19736065520936935,0.24776351213907177,0
1060,2500,seqmar,0.2558505160746848,cc_ccproj,0.224921984255489,0.01283693123115219,0.1997620613704133,0.2500819071405647,0
1060,2500,seqmar,0.2558505160746848,seq,0.25703291603988604,0.014849266196651783,0.22792888909760048,0.2861369429821716,1
1061,2500,seqmar,0.2558505160746848,full,0.23903111278196879,0.01033587420195622,0.21877317159739793,0.2592890539665397,1
1061,2500,seqmar,0.2558505160746848,cc,0.21370267020769726,0.01898782767788899,0.17648721181438204,0.2509181286010125,0
1061,2500,seqmar,0.2558505160746848,cc_ccproj,0.2164549987831993,0.018786581760340617,0.1796339751403146,0.253276022426084,0
1061,2500,seqmar,0.2558505160746848,seq,0.23045294070476488,0.021707400758665327,0.1879072170198034,0.27299866438972636,1
1062,2500,seqmar,0.2558505160746848,full,0.2403461348630744,0.009858140786438704,0.22102453396712918,0.25966773575901964,1
1062,2500,seqmar,0.2558505160746848,cc,0.19545784830380866,0.015122838774758545,0.16581762896127608,0.22509806764634124,0
1062,2500,seqmar,0.2558505160746848,cc_ccproj,0.19610351250540412,0.014978214232190711,0.16674675205758507,0.22546027295322316,0
1062,2500,seqmar,0.2558505160746848,seq,0.2309617602003478,0.012483241400079854,0.20649505664587192,0.2554284637548237,0
1063,2500,seqmar,0.2558505160746848,full,0.2559060655479102,0.009662137569000587,0.23696862389899764,0.2748435071968227,1
1063,2500,seqmar,0.2558505160746848,cc,0.20730836140063066,0.013299327298864773,0.18124215887624534,0.233374563925016,0
1063,2500,seqmar,0.2558505160746848,cc_ccproj,0.20537049650723602,0.013105333003245729,0.17968451581547024,0.2310564771990018,0
1063,2500,seqmar,0.2558505160746848,seq,0.25564957604128774,0.011884120661686258,0.23235712755645435,0.2789420245261211,1
1064,2500,seqmar,0.2558505160746848,full,0.23756835785548638,0.01484078387213056,0.2084809559637676,0.2666557597472052,1
1064,2500,seqmar,0.2558505160746848,cc,0.20889023869950094,0.01532148884434773,0.17886067237504716,0.2389198050239547,0
1064,2500,seqmar,0.2558505160746848,cc_ccproj,0.21176875143467314,0.015009125887552797,0.1823514052556419,0.24118609761370438,0
1064,2500,seqmar,0.2558505160746848,seq,0.24928359484807405,0.014178287902616162,0.22149466119650643,0.27707252849964165,1
1065,2500,seqmar,0.2558505160746848,full,0.2391010927708869,0.011849713429948306,0.21587608122106763,0.2623261043207062,1
1065,2500,seqmar,0.2558505160746848,cc,0.2235867167187731,0.021120367092097116,0.1821915578779978,0.2649818755595484,1
1065,2500,seqmar,0.2558505160746848,cc_ccproj,0.2262173735073552,0.021066718042168732,0.18492736487224434,0.2675073821424661,1
1065,2500,seqmar,0.2558505160746848,seq,0.25734006963519257,0.015033520720921192,0.2278749104613504,0.28680522880903475,1
1066,2500,seqmar,0.2558505160746848,full,0.2524573062782507,0.00894885730425986,0.23491786825911318,0.26999674429738824,1
1066,2500,seqmar,0.2558505160746848,cc,0.21478010489231691,0.01444123173234218,0.18647581080452927,0.24308439898010456,0
1066,2500,seqmar,0.2558505160746848,cc_ccproj,0.21698936690973306,0.014221154886308904,0.1891164155140018,0.24486231830546432,0
1066,2500,seqmar,0.2558505160746848,seq,0.24771422384173075,0.011325690464516126,0.22551627843123043,0.26991216925223105,1
1067,2500,seqmar,0.2558505160746848,full,0.2504091697848628,0.009927317000586721,0.2309519860006006,0.2698663535691249,1
1067,2500,seqmar,0.2558505160746848,cc,0.2145447114202284,0.013965834337150793,0.18717217910536005,0.24191724373509677,0
1067,2500,seqmar,0.2558505160746848,cc_ccproj,0.21474611217030998,0.013864907157228452,0.18757139349315058,0.24192083084746938,0
1067,2500,seqmar,0.2558505160746848,seq,0.23929336536837018,0.011921594812720806,0.21592746889715786,0.2626592618395825,1
1068,2500,seqmar,0.2558505160746848,full,0.237136000602873,0.010351523505196851,0.21684738734756734,0.2574246138581786,1
1068,2500,seqmar,0.2558505160746848,cc,0.2127577000691813,0.02017304110597329,0.17321926604282759,0.252296134095535,0
1068,2500,seqmar,0.2558505160746848,cc_ccproj,0.20965932173605792,0.020143606436908445,0.17017857860096816,0.24914006487114768,0
1068,2500,seqmar,0.2558505160746848,seq,0.24759251939875293,0.0174674679881016,0.21335691124096748,0.2818281275565384,1
1069,2500,seqmar,0.2558505160746848,full,0.2529692990029721,0.008773467240220639,0.23577361919259762,0.27016497881334656,1
1069,2500,seqmar,0.2558505160746848,cc,0.2254729009538134,0.014120036695873764,0.19779813756951686,0.2531476643381099,0
1069,2500,seqmar,0.2558505160746848,cc_ccproj,0.22612558455973794,0.01424464515422228,0.19820659308490926,0.2540445760345666,0
1069,2500,seqmar,0.2558505160746848,seq,0.24683564435481709,0.01817781895361051,0.2112077738882509,0.28246351482138327,1
1070,2500,seqmar,0.2558505160746848,full,0.2335151591157659,0.011502156769487968,0.21097134610303592,0.2560589721284959,1
1070,2500,seqmar,0.2558505160746848,cc,0.20850967490175862,0.01840036346498342,0.1724456252079445,0.24457372459557275,0
1070,2500,seqmar,0.2558505160746848,cc_ccproj,0.21249723506069113,0.018342269379703503,0.17654704768174043,0.24844742243964182,0
1070,2500,seqmar,0.2558505160746848,seq,0.2329709627341463,0.02233731724933481,0.18919062541420478,0.2767513000540878,1
1071,2500,seqmar,0.2558505160746848,full,0.2592202591857912,0.00996144286818372,0.23969618993009775,0.27874432844148467,1
1071,2500,seqmar,0.2558505160746848,cc,0.20763446012068362,0.01174357042869556,0.18461748503053071,0.23065143521083653,0
1071,2500,seqmar,0.2558505160746848,cc_ccproj,0.2078809006917514,0.01167858951607236,0.18499128585002253,0.2307705155334803,0
1071,2500,seqmar,0.2558505160746848,seq,0.23223216672933203,0.012778641594618527,0.20718648943253423,0.25727784402612985,1
1072,2500,seqmar,0.2558505160746848,full,0.2616055099591761,0.012017084728718938,0.23805245669172068,0.28515856322663147,1
1072,2500,seqmar,0.2558505160746848,cc,0.22281204975218935,0.02679835700646792,0.17028823517466563,0.2753358643297131,1
1072,2500,seqmar,0.2558505160746848,cc_ccproj,0.22211342535698742,0.0263968542226498,0.17037654177543976,0.27385030893853507,1
1072,2500,seqmar,0.2558505160746848,seq,0.25801982740252305,0.01710474897780241,0.22449513544143201,0.2915445193636141,1
1073,2500,seqmar,0.2558505160746848,full,0.2669584315778886,0.009652649506156295,0.24803958619043395,0.2858772769653433,1
1073,2500,seqmar,0.2558505160746848,cc,0.22394530372809268,0.012627363330753528,0.19919612638011402,0.24869448107607134,0
1073,2500,seqmar,0.2558505160746848,cc_ccproj,0.2232714874220288,0.012695711979180499,0.1983883491847413,0.24815462565931629,0
1073,2500,seqmar,0.2558505160746848,seq,0.2534158258211115,0.011464036516847154,0.23094672713063907,0.2758849245115839,1
1074,2500,seqmar,0.2558505160746848,full,0.2691657932025023,0.011303965128464264,0.24701042866821563,0.2913211577367889,1
1074,2500,seqmar,0.2558505160746848,cc,0.2244009249100586,0.012331689144138689,0.20023125831900324,0.248570591501114,0
1074,2500,seqmar,0.2558505160746848,cc_ccproj,0.22423467587759588,0.012224089367483724,0.20027590097352876,0.248193450781663,0
1074,2500,seqmar,0.2558505160746848,seq,0.2671524042573555,0.015131413577750155,0.2374953786097848,0.29680942990492615,1
1075,2500,seqmar,0.2558505160746848,full,0.23836380716767863,0.010922582735274008,0.2169559383883826,0.2597716759469747,1
1075,2500,seqmar,0.2558505160746848,cc,0.1839192073579847,0.017891354669211733,0.14885279657169717,0.21898561814427223,0
1075,2500,seqmar,0.2558505160746848,cc_ccproj,0.18701405793828685,0.017356445587264065,0.15299604968762012,0.22103206618895357,0
1075,2500,seqmar,0.2558505160746848,seq,0.21558916602017558,0.017085677222211156,0.18210185401316537,0.2490764780271858,0
1076,2500,seqmar,0.2558505160746848,full,0.2618953027505397,0.009707850397676908,0.2428682656037901,0.28092233989728926,1
1076,2500,seqmar,0.2558505160746848,cc,0.22354946979877777,0.01915272611407366,0.18601081640943362,0.2610881231881219,1
1076,2500,seqmar,0.2558505160746848,cc_ccproj,0.2221266579969613,0.019302478533139,0.18429449525965133,0.2599588207342713,1
1076,2500,seqmar,0.2558505160746848,seq,0.25183117264111554,0.014840972015581039,0.2227434019950099,0.28091894328722117,1
1077,2500,seqmar,0.2558505160746848,full,0.2632253802000837,0.009460645630336694,0.24468285549412752,0.28176790490603987,1
1077,2500,seqmar,0.2558505160746848,cc,0.2394048387855353,0.017142452966993793,0.20580624836355568,0.27300342920751497,1
1077,2500,seqmar,0.2558505160746848,cc_ccproj,0.23887218637410543,0.016958829123231982,0.20563349207260176,0.27211088067560907,1
1077,2500,seqmar,0.2558505160746848,seq,0.2647133404139498,0.021319259300119034,0.22292836000864588,0.3064983208192537,1
1078,2500,seqmar,0.2558505160746848,full,0.2600853164397899,0.008891342440974384,0.24265860548126764,0.2775120273983121,1
1078,2500,seqmar,0.2558505160746848,cc,0.2384652536360612,0.014880541495498986,0.2092999282344294,0.267630579037693,1
1078,2500,seqmar,0.2558505160746848,cc_ccproj,0.23749308802655536,0.014907786091636099,0.20827436419772147,0.2667118118553892,1
1078,2500,seqmar,0.2558505160746848,seq,0.2634953228265522,0.012032483370911682,0.23991208877498818,0.2870785568781162,1
1079,2500,seqmar,0.2558505160746848,full,0.25741444857120116,0.009509622386190696,0.23877593118769155,0.2760529659547108,1
1079,2500,seqmar,0.2558505160746848,cc,0.221559000766397,0.017796927038015265,0.1866776647364,0.256440336796394,1
1079,2500,seqmar,0.2558505160746848,cc_ccproj,0.22011170853608636,0.017634439048959737,0.1855488431125585,0.25467457395961424,0
1079,2500,seqmar,0.2558505160746848,seq,0.2628812182532933,0.016780600283753992,0.22999184605817286,0.29577059044841375,1
1080,2500,seqmar,0.2558505160746848,full,0.23989961703308127,0.011608627736522024,0.21714712475956538,0.26265210930659716,1
1080,2500,seqmar,0.2558505160746848,cc,0.19533647171677224,0.020023838529164464,0.1560904693673644,0.23458247406618007,0
1080,2500,seqmar,0.2558505160746848,cc_ccproj,0.19799672743857447,0.019658924458591718,0.15946594352494112,0.23652751135220781,0
1080,2500,seqmar,0.2558505160746848,seq,0.23219735953735832,0.015094053550659133,0.2026135581973475,0.26178116087736913,1
1081,2500,seqmar,0.2558505160746848,full,0.24965138519941446,0.021542235349025062,0.20742937976883968,0.29187339062998924,1
1081,2500,seqmar,0.2558505160746848,cc,0.22939457334457014,0.01446220198577975,0.20104917831529817,0.2577399683738421,1
1081,2500,seqmar,0.2558505160746848,cc_ccproj,0.22846681654932469,0.01436912601456553,0.20030384707145868,0.25662978602719067,1
1081,2500,seqmar,0.2558505160746848,seq,0.2527271216240694,0.01852835290463729,0.21641221723813223,0.2890420260100066,1
1082,2500,seqmar,0.2558505160746848,full,0.2547710901933996,0.008754144286045349,0.23761328267728363,0.2719288977095156,1
1082,2500,seqmar,0.2558505160746848,cc,0.22014419274716984,0.013012784658129559,0.19463960347866055,0.24564878201567913,0
1082,2500,seqmar,0.2558505160746848,cc_ccproj,0.22069646071598104,0.012584067535907066,0.1960321415665835,0.24536077986537858,0
1082,2500,seqmar,0.2558505160746848,seq,0.27232035323724724,0.015481428049510788,0.24197731183095791,0.30266339464353653,1
1083,2500,seqmar,0.2558505160746848,full,0.26484742900961944,0.009659343577165582,0.2459154634840766,0.28377939453516227,1
1083,2500,seqmar,0.2558505160746848,cc,0.24388788326453195,0.01957029184420296,0.2055308160829562,0.2822449504461077,1
1083,2500,seqmar,0.2558505160746848,cc_ccproj,0.2452909034836177,0.019591460212176563,0.2068923470632022,0.2836894599040332,1
1083,2500,seqmar,0.2558505160746848,seq,0.26107829350931105,0.0191846658323017,0.22347703942256358,0.2986795475960585,1
1084,2500,seqmar,0.2558505160746848,full,0.2466210779052471,0.01229283708635056,0.2225275599481817,0.2707145958623125,1
1084,2500,seqmar,0.2558505160746848,cc,0.20438304374309446,0.028862727882056887,0.14781313659868292,0.260952950887506,1
1084,2500,seqmar,0.2558505160746848,cc_ccproj,0.2067890783833102,0.02840334800573893,0.15111953925170435,0.26245861751491606,1
1084,2500,seqmar,0.2558505160746848,seq,0.26405807232112694,0.02052799454808897,0.22382394233203798,0.3042922023102159,1
1085,2500,seqmar,0.2558505160746848,full,0.24350381388951037,0.009426083964094157,0.22502902880463527,0.26197859897438547,1
1085,2500,seqmar,0.2558505160746848,cc,0.20922525442722076,0.013212505637810472,0.18332921923157983,0.2351212896228617,0
1085,2500,seqmar,0.2558505160746848,cc_ccproj,0.2132125175943951,0.013045557178938672,0.18764369536541736,0.23878133982337285,0
1085,2500,seqmar,0.2558505160746848,seq,0.25240802560358855,0.011274826743316422,0.23030977125475932,0.2745062799524178,1
1086,2500,seqmar,0.2558505160746848,full,0.2523609065264627,0.00956477159522793,0.23361429867946423,0.27110751437346114,1
1086,2500,seqmar,0.2558505160746848,cc,0.21298004450420527,0.016081608449062753,0.18146067113056724,0.2444994178778433,0
1086,2500,seqmar,0.2558505160746848,cc_ccproj,0.21240366212157996,0.016184798022629867,0.18068204090017034,0.24412528334298958,0
1086,2500,seqmar,0.2558505160746848,seq,0.2515219492776801,0.015359860696747578,0.22141717550450257,0.2816267230508577,1
1087,2500,seqmar,0.2558505160746848,full,0.24251973656047213,0.010167608862080658,0.22259158938190376,0.2624478837390405,1
1087,2500,seqmar,0.2558505160746848,cc,0.21065639211998832,0.015498461780267349,0.18027996521489378,0.24103281902508286,0
1087,2500,seqmar,0.2558505160746848,cc_ccproj,0.2143195355670897,0.015456978504137298,0.18402441438917078,0.2446146567450086,0
1087,2500,seqmar,0.2558505160746848,seq,0.2446112358167059,0.01595235643994055,0.21334519172587685,0.27587727990753497,1
1088,2500,seqmar,0.2558505160746848,full,0.25094738048193876,0.011350750118499963,0.2287003190521651,0.27319444191171244,1
1088,2500,seqmar,0.2558505160746848,cc,0.21063033300086376,0.016895425164470793,0.17751590817500928,0.24374475782671823,0
1088,2500,seqmar,0.2558505160746848,cc_ccproj,0.20642946114023622,0.01688230083144225,0.17334075953443878,0.23951816274603366,0
1088,2500,seqmar,0.2558505160746848,seq,0.2346065153303202,0.024488136955067578,0.18661064884990342,0.282602381810737,1
1089,2500,seqmar,0.2558505160746848,full,0.24171390517625588,0.009482000314004414,0.22312952605940975,0.26029828429310203,1
1089,2500,seqmar,0.2558505160746848,cc,0.22015120668598484,0.01802666273548966,0.1848195969629748,0.25548281640899484,0
1089,2500,seqmar,0.2558505160746848,cc_ccproj,0.2233113845580966,0.017732089155248255,0.18855712844315675,0.25806564067303644,1
1089,2500,seqmar,0.2558505160746848,seq,0.2608114592906041,0.013708421274959122,0.2339434473067816,0.28767947127442667,1
1090,2500,seqmar,0.2558505160746848,full,0.25162010755487146,0.007903809915801384,0.23612892477925018,0.26711129033049275,1
1090,2500,seqmar,0.2558505160746848,cc,0.22509770673134763,0.011372290198075376,0.202808427521382,0.24738698594131325,0
1090,2500,seqmar,0.2558505160746848,cc_ccproj,0.22739262440040503,0.011430872197568134,0.20498852658129127,0.2497967222195188,0
1090,2500,seqmar,0.2558505160746848,seq,0.2643138321736921,0.011942713554817845,0.2409065437285708,0.2877211206188134,1
1091,2500,seqmar,0.2558505160746848,full,0.26805714931104696,0.012129004236374254,0.24428473783941967,0.29182956078267425,1
1091,2500,seqmar,0.2558505160746848,cc,0.22223177060849245,0.025981124638336465,0.17130970203950674,0.27315383917747815,1
1091,2500,seqmar,0.2558505160746848,cc_ccproj,0.2223048578261264,0.025810150925529345,0.17171789157654577,0.27289182407570706,1
1091,2500,seqmar,0.2558505160746848,seq,0.2656967171740388,0.016247526261379364,0.23385215086386654,0.29754128348421105,1
1092,2500,seqmar,0.2558505160746848,full,0.24494132801320456,0.010687560494614955,0.22399409436116616,0.26588856166524294,1
1092,2500,seqmar,0.2558505160746848,cc,0.20640000865687858,0.016630317513442322,0.1738051852790659,0.23899483203469124,0
1092,2500,seqmar,0.2558505160746848,cc_ccproj,0.2060562027745022,0.016768834695717934,0.17318989070818938,0.23892251484081503,0
1092,2500,seqmar,0.2558505160746848,seq,0.26643011938654215,0.03146094185341813,0.2047678064341338,0.32809243233895047,1
1093,2500,seqmar,0.2558505160746848,full,0.25259432805315707,0.00958043369669681,0.23381702305135738,0.27137163305495676,1
1093,2500,seqmar,0.2558505160746848,cc,0.22358850621256834,0.015713584965182742,0.1927904456128001,0.2543865668123366,0
1093,2500,seqmar,0.2558505160746848,cc_ccproj,0.2243432254430631,0.015742060091609555,0.19348935462104305,0.25519709626508313,0
1093,2500,seqmar,0.2558505160746848,seq,0.25962011425893317,0.013852536156756379,0.23246964229715178,0.28677058622071455,1
1094,2500,seqmar,0.2558505160746848,full,0.2676378616375153,0.009733762149142315,0.24856003839111718,0.2867156848839134,1
1094,2500,seqmar,0.2558505160746848,cc,0.2432772828530361,0.014957942454896588,0.21396025435861615,0.27259431134745604,1
1094,2500,seqmar,0.2558505160746848,cc_ccproj,0.24450021278646386,0.0149559942935582,0.21518700261810322,0.2738134229548245,1
1094,2500,seqmar,0.2558505160746848,seq,0.2663025516000106,0.012893368923762503,0.24103201287004813,0.2915730903299731,1
1095,2500,seqmar,0.2558505160746848,full,0.2558501012572644,0.008903091022130957,0.2384003635028058,0.27329983901172294,1
1095,2500,seqmar,0.2558505160746848,cc,0.22720544058711067,0.014808498351304487,0.19818131715343312,0.2562295640207882,1
1095,2500,seqmar,0.2558505160746848,cc_ccproj,0.22801519056504757,0.014812219521443945,0.19898377377191634,0.2570466073581788,1
1095,2500,seqmar,0.2558505160746848,seq,0.26929600834036016,0.014659062282473712,0.24056477421958217,0.29802724246113815,1
1096,2500,seqmar,0.2558505160746848,full,0.2522665961559534,0.008942254158119535,0.2347401000654356,0.26979309224647124,1
1096,2500,seqmar,0.2558505160746848,cc,0.22398382576179635,0.013828038060545257,0.19688136918627855,0.25108628233731417,0
1096,2500,seqmar,0.2558505160746848,cc_ccproj,0.2261450289903536,0.013724109631465873,0.1992462683928012,0.25304378958790597,0
1096,2500,seqmar,0.2558505160746848,seq,0.27058461022342756,0.01307266909701723,0.24496264961146402,0.2962065708353911,1
1097,2500,seqmar,0.2558505160746848,full,0.24079143037008457,0.010590318961562572,0.2200347866206303,0.26154807411953884,1
1097,2500,seqmar,0.2558505160746848,cc,0.19526729647360075,0.02224324058478651,0.15167134602795954,0.23886324691924196,0
1097,2500,seqmar,0.2558505160746848,cc_ccproj,0.19488515740078152,0.022166215255683405,0.15144017382607974,0.2383301409754833,0
1097,2500,seqmar,0.2558505160746848,seq,0.23253688945045006,0.019321482965151283,0.19466747871084938,0.27040630019005074,1
1098,2500,seqmar,0.2558505160746848,full,0.25526447728040097,0.008911652637199735,0.23779795906875809,0.2727309954920438,1
1098,2500,seqmar,0.2558505160746848,cc,0.2261244610452803,0.01556882455925739,0.19561012562751315,0.2566387964630475,1
1098,2500,seqmar,0.2558505160746848,cc_ccproj,0.22696480738060953,0.015381339455395467,0.19681793601404948,0.25711167874716956,1
1098,2500,seqmar,0.2558505160746848,seq,0.26025403290816373,0.012404800275224299,0.23594107113331156,0.28456699468301594,1
1099,2500,seqmar,0.2558505160746848,full,0.2566564481202219,0.008585572474195773,0.23982903528413976,0.27348386095630406,1
1099,2500,seqmar,0.2558505160746848,cc,0.21866757954568533,0.012889554284738093,0.19340451737082473,0.24393064172054593,0
1099,2500,seqmar,0.2558505160746848,cc_ccproj,0.21834631146344277,0.012647606124868906,0.19355745896805152,0.24313516395883403,0
1099,2500,seqmar,0.2558505160746848,seq,0.2536082300338933,0.011338109984227946,0.23138594281205255,0.2758305172557341,1
1100,2500,seqmar,0.2558505160746848,full,0.2498224518628751,0.009357056535202704,0.23148295805257266,0.2681619456731775,1
1100,2500,seqmar,0.2558505160746848,cc,0.21179991060344952,0.012999554371645834,0.18632125221995346,0.23727856898694558,0
1100,2500,seqmar,0.2558505160746848,cc_ccproj,0.20873371595512719,0.012714310584218508,0.1838141251218025,0.23365330678845186,0
1100,2500,seqmar,0.2558505160746848,seq,0.25077817711102895,0.015166956483178284,0.22105148864891325,0.2805048655731447,1
1101,2500,seqmar,0.2558505160746848,full,0.24548893543438202,0.01128099793556353,0.2233785857710068,0.26759928509775727,1
1101,2500,seqmar,0.2558505160746848,cc,0.22203710740529706,0.01858906530893899,0.1856032088935137,0.2584710059170804,1
1101,2500,seqmar,0.2558505160746848,cc_ccproj,0.22112278550317468,0.01854307097415282,0.18477903423106512,0.25746653677528425,1
1101,2500,seqmar,0.2558505160746848,seq,0.25471716130498967,0.01573147159171336,0.2238840435614165,0.28555027904856284,1
1102,2500,seqmar,0.2558505160746848,full,0.2727173603745215,0.010266952840840268,0.25259450257550337,0.2928402181735396,1
1102,2500,seqmar,0.2558505160746848,cc,0.2565913345469494,0.02321354500065479,0.21109362239216617,0.3020890467017326,1
1102,2500,seqmar,0.2558505160746848,cc_ccproj,0.2577464533070209,0.0232302343509629,0.2122160306267084,0.3032768759873334,1
1102,2500,seqmar,0.2558505160746848,seq,0.27192736814485274,0.015900353680984167,0.2407632475886749,0.3030914887010306,1
1103,2500,seqmar,0.2558505160746848,full,0.2784216687432814,0.010470247440393043,0.25790036085088835,0.29894297663567443,0
1103,2500,seqmar,0.2558505160746848,cc,0.2505195529342808,0.014780329745283434,0.2215506389538992,0.2794884669146624,1
1103,2500,seqmar,0.2558505160746848,cc_ccproj,0.25052304991758556,0.014722866491086131,0.22166676184586515,0.279379337989306,1
1103,2500,seqmar,0.2558505160746848,seq,0.2804261384302954,0.012960098396335676,0.25502481233738217,0.30582746452320864,1
1104,2500,seqmar,0.2558505160746848,full,0.2736925933873664,0.010607547266987762,0.2529021827797641,0.2944830039949687,1
1104,2500,seqmar,0.2558505160746848,cc,0.23416012318080534,0.02118627902505503,0.19263577932528111,0.27568446703632954,1
1104,2500,seqmar,0.2558505160746848,cc_ccproj,0.23130562325679727,0.02103741310705492,0.19007305123907875,0.2725381952745158,1
1104,2500,seqmar,0.2558505160746848,seq,0.24666528166004592,0.024271150890196797,0.19909470005192292,0.2942358632681689,1
1105,2500,seqmar,0.2558505160746848,full,0.2434006100037513,0.008658955041288692,0.22642936997907392,0.26037185002842866,1
1105,2500,seqmar,0.2558505160746848,cc,0.21482112210405507,0.01489088918497209,0.1856355156037328,0.24400672860437736,0
1105,2500,seqmar,0.2558505160746848,cc_ccproj,0.2174884023324099,0.014839437131396271,0.18840364000402685,0.24657316466079296,0
1105,2500,seqmar,0.2558505160746848,seq,0.23636158587442047,0.01242666440949053,0.21200577118385333,0.2607174005649876,1
1106,2500,seqmar,0.2558505160746848,full,0.286440623922426,0.012206478016514151,0.2625163666319783,0.31036488121287364,0
1106,2500,seqmar,0.2558505160746848,cc,0.2850490679012356,0.02885508430160966,0.22849414189921355,0.34160399390325763,1
1106,2500,seqmar,0.2558505160746848,cc_ccproj,0.2831715083356475,0.02890799894772889,0.2265128715329771,0.33983014513831794,1
1106,2500,seqmar,0.2558505160746848,seq,0.322998257034899,0.025521066798944555,0.27297788526192673,0.37301862880787123,0
1107,2500,seqmar,0.2558505160746848,full,0.2502599743657554,0.01171843781755358,0.22729225828827826,0.2732276904432326,1
1107,2500,seqmar,0.2558505160746848,cc,0.2262181122647387,0.018614462023342146,0.1897344371073995,0.2627017874220779,1
1107,2500,seqmar,0.2558505160746848,cc_ccproj,0.2313227950991266,0.018460341966014822,0.1951411897034442,0.267504400494809,1
1107,2500,seqmar,0.2558505160746848,seq,0.256507284108556,0.01439227067875978,0.228298951922435,0.284715616294677,1
1108,2500,seqmar,0.2558505160746848,full,0.2549692359558351,0.0113298055696132,0.2327632250875519,0.27717524682411826,1
1108,2500,seqmar,0.2558505160746848,cc,0.23225041453484155,0.022248830988758756,0.18864350709875571,0.2758573219709274,1
1108,2500,seqmar,0.2558505160746848,cc_ccproj,0.23401822452539772,0.02222541024182263,0.19045722090979772,0.2775792281409977,1
1108,2500,seqmar,0.2558505160746848,seq,0.26491235367850147,0.018033270051671442,0.22956779385374068,0.3002569135032622,1
1109,2500,seqmar,0.2558505160746848,full,0.27321645248703147,0.011472006080344677,0.2507317337391314,0.29570117123493156,1
1109,2500,seqmar,0.2558505160746848,cc,0.2326883796332603,0.020345326656100657,0.1928122721336003,0.2725644871329203,1
1109,2500,seqmar,0.2558505160746848,cc_ccproj,0.2330993702133691,0.02040656694785175,0.19310323394747422,0.273095506479264,1
1109,2500,seqmar,0.2558505160746848,seq,0.2635484777693193,0.01723582511231909,0.22976688130534284,0.2973300742332957,1
1110,2500,seqmar,0.2558505160746848,full,0.25869917491569894,0.009661651974718488,0.2397626850140904,0.27763566481730745,1
1110,2500,seqmar,0.2558505160746848,cc,0.21198746406687569,0.01311084774405587,0.18629067468173796,0.2376842534520134,0
1110,2500,seqmar,0.2558505160746848,cc_ccproj,0.21109983294893472,0.012911978159038414,0.18579282078805165,0.2364068451098178,0
1110,2500,seqmar,0.2558505160746848,seq,0.2652036207175207,0.01291357316289647,0.23989348240652061,0.2905137590285208,1
1111,2500,seqmar,0.2558505160746848,full,0.25678581731122024,0.014769801823008992,0.22783753767932857,0.2857340969431119,1
1111,2500,seqmar,0.2558505160746848,cc,0.22547267913632973,0.015928049045232387,0.19425427666368666,0.2566910816089728,1
1111,2500,seqmar,0.2558505160746848,cc_ccproj,0.2221257207858225,0.01576737175974784,0.1912222400058628,0.2530292015657822,0
1111,2500,seqmar,0.2558505160746848,seq,0.26295938773452376,0.016743245500869287,0.23014322956850766,0.2957755459005399,1
1112,2500,seqmar,0.2558505160746848,full,0.23915381553898368,0.010641019545310729,0.21829780047138786,0.2600098306065795,1
1112,2500,seqmar,0.2558505160746848,cc,0.2212262462185975,0.018290528550657485,0.18537746900110721,0.25707502343608774,1
1112,2500,seqmar,0.2558505160746848,cc_ccproj,0.22049096343580335,0.01832616222688682,0.18457234549626683,0.25640958137533987,1
1112,2500,seqmar,0.2558505160746848,seq,0.24853915689168735,0.014797790759375245,0.21953601995255226,0.27754229383082246,1
1113,2500,seqmar,0.2558505160746848,full,0.2549360786209283,0.00983109088765018,0.23566749455239405,0.2742046626894626,1
1113,2500,seqmar,0.2558505160746848,cc,0.23077774123060862,0.016045112139002463,0.19932989931025735,0.2622255831509599,1
1113,2500,seqmar,0.2558505160746848,cc_ccproj,0.22963383502584134,0.016101249089665357,0.19807596670398891,0.26119170334769376,1
1113,2500,seqmar,0.2558505160746848,seq,0.2628140139513399,0.015189704153088637,0.2330427408754677,0.2925852870272121,1
1114,2500,seqmar,0.2558505160746848,full,0.2483843017593634,0.00878218610541318,0.2311715332872255,0.2655970702315013,1
1114,2500,seqmar,0.2558505160746848,cc,0.19236417253402482,0.011623273622527184,0.16958297485141713,0.21514537021663252,0
1114,2500,seqmar,0.2558505160746848,cc_ccproj,0.19031568180242223,0.01163613011712908,0.1675092858534274,0.21312207775141706,0
1114,2500,seqmar,0.2558505160746848,seq,0.2197347083535855,0.016559627849314727,0.18727843417154216,0.2521909825356288,0
1115,2500,seqmar,0.2558505160746848,full,0.2581129369249935,0.010597715931427144,0.23734179538100994,0.27888407846897706,1
1115,2500,seqmar,0.2558505160746848,cc,0.2092042430329947,0.018221386776199142,0.17349098120326997,0.24491750486271943,0
1115,2500,seqmar,0.2558505160746848,cc_ccproj,0.21113268862761647,0.017530997568361614,0.17677256478056844,0.2454928124746645,0
1115,2500,seqmar,0.2558505160746848,seq,0.24279244923496562,0.013303196476178116,0.21671866326239636,0.2688662352075349,1
1116,2500,seqmar,0.2558505160746848,full,0.23984127320498766,0.009557796214989513,0.22110833685203496,0.25857420955794036,1
1116,2500,seqmar,0.2558505160746848,cc,0.19670818811521396,0.015326465508845916,0.1666688677075806,0.2267475085228473,0
1116,2500,seqmar,0.2558505160746848,cc_ccproj,0.1977916811813303,0.015023621209969593,0.16834592469241783,0.2272374376702428,0
1116,2500,seqmar,0.2558505160746848,seq,0.24256397915993258,0.013129873726008223,0.21682989953539775,0.26829805878446744,1
1117,2500,seqmar,0.2558505160746848,full,0.26134252233923094,0.010497530485498598,0.24076774066104242,0.28191730401741943,1
1117,2500,seqmar,0.2558505160746848,cc,0.21998162200959934,0.011458795201825706,0.19752279610780057,0.2424404479113981,0
1117,2500,seqmar,0.2558505160746848,cc_ccproj,0.21806419405517036,0.011384228487121536,0.19575151622863723,0.24037687188170348,0
1117,2500,seqmar,0.2558505160746848,seq,0.2628303884075558,0.012494345293044697,0.23834192162278064,0.28731885519233097,1
1118,2500,seqmar,0.2558505160746848,full,0.26762323245773867,0.010939288297167537,0.2461826213787898,0.2890638435366875,1
1118,2500,seqmar,0.2558505160746848,cc,0.2518581182906896,0.015985581750504886,0.22052695378777928,0.28318928279359995,1
1118,2500,seqmar,0.2558505160746848,cc_ccproj,0.25137894848698444,0.016065232798585703,0.21989167079850486,0.28286622617546403,1
1118,2500,seqmar,0.2558505160746848,seq,0.3045098255550793,0.028889537134611638,0.24788737324120805,0.36113227786895064,1
1119,2500,seqmar,0.2558505160746848,full,0.24251607182248436,0.008679049890779413,0.2255054466165304,0.2595266970284383,1
1119,2500,seqmar,0.2558505160746848,cc,0.19794408157775162,0.012256178334387741,0.17392241345425152,0.2219657497012517,0
1119,2500,seqmar,0.2558505160746848,cc_ccproj,0.19435354719174444,0.012221144874601728,0.1704005433876788,0.2183065509958101,0
1119,2500,seqmar,0.2558505160746848,seq,0.24004661289320556,0.011549830742815494,0.2174093606097537,0.2626838651766574,1
1120,2500,seqmar,0.2558505160746848,full,0.24108928759923345,0.008466815235043036,0.22449463467479408,0.2576839405236728,1
1120,2500,seqmar,0.2558505160746848,cc,0.20320425396636282,0.013764923845054289,0.17622549898011983,0.23018300895260582,0
1120,2500,seqmar,0.2558505160746848,cc_ccproj,0.20343765836510921,0.01344522351860083,0.17708550450456068,0.22978981222565775,0
1120,2500,seqmar,0.2558505160746848,seq,0.2563414658307787,0.014123776165552137,0.2286593732205913,0.2840235584409661,1
1121,2500,seqmar,0.2558505160746848,full,0.24377229142197593,0.008758971039117523,0.2266050236436762,0.2609395592002757,1
1121,2500,seqmar,0.2558505160746848,cc,0.20185458130652467,0.011584694376667924,0.17914899755635186,0.22456016505669749,0
1121,2500,seqmar,0.2558505160746848,cc_ccproj,0.20270123209558094,0.011624637754577257,0.17991736076328496,0.22548510342787692,0
1121,2500,seqmar,0.2558505160746848,seq,0.23848305913336335,0.018384555281090443,0.20244999291064042,0.27451612535608627,1
1122,2500,seqmar,0.2558505160746848,full,0.2567294690728746,0.012586260589733935,0.23206085161696022,0.28139808652878895,1
1122,2500,seqmar,0.2558505160746848,cc,0.22015808739509266,0.03192266286617485,0.15759081788677576,0.28272535690340955,1
1122,2500,seqmar,0.2558505160746848,cc_ccproj,0.2228064009516478,0.031411269408710564,0.16124144420189035,0.28437135770140526,1
1122,2500,seqmar,0.2558505160746848,seq,0.25870456844936085,0.01980852538527125,0.2198805721073818,0.2975285647913399,1
1123,2500,seqmar,0.2558505160746848,full,0.27234324181952096,0.013024407658019583,0.24681587188983492,0.29787061174920704,1
1123,2500,seqmar,0.2558505160746848,cc,0.22367680338398468,0.015146165742898614,0.19399086402402904,0.25336274274394033,0
1123,2500,seqmar,0.2558505160746848,cc_ccproj,0.2225094195959053,0.015036978743381346,0.1930374828225835,0.2519813563692271,0
1123,2500,seqmar,0.2558505160746848,seq,0.2580905285143151,0.013394658373088448,0.23183748051784384,0.2843435765107863,1
1124,2500,seqmar,0.2558505160746848,full,0.2529013160854058,0.009639540220958753,0.23400816442480135,0.27179446774601024,1
1124,2500,seqmar,0.2558505160746848,cc,0.2179393855170923,0.013018006683821706,0.19242456126630006,0.24345420976788454,0
1124,2500,seqmar,0.2558505160746848,cc_ccproj,0.21418715438800717,0.013013729412117368,0.18868071343570753,0.23969359534030682,0
1124,2500,seqmar,0.2558505160746848,seq,0.25614875114598223,0.01966286659998066,0.2176102407772046,0.2946872615147599,1
1125,2500,seqmar,0.2558505160746848,full,0.24020648081327864,0.009353235486610276,0.22187447612060052,0.25853848550595676,1
1125,2500,seqmar,0.2558505160746848,cc,0.22530557554003894,0.014570576891314652,0.19674776959909063,0.25386338148098725,0
1125,2500,seqmar,0.2558505160746848,cc_ccproj,0.22487536198164226,0.014611099365425364,0.19623813345087252,0.25351259051241204,0
1125,2500,seqmar,0.2558505160746848,seq,0.25346441799885044,0.011507236430436225,0.2309106490336082,0.2760181869640927,1
1126,2500,seqmar,0.2558505160746848,full,0.2652585324399263,0.008812068584581379,0.24798719538484995,0.28252986949500264,1
1126,2500,seqmar,0.2558505160746848,cc,0.2293862442440467,0.012912888259664366,0.20407744831871444,0.25469504016937894,0
1126,2500,seqmar,0.2558505160746848,cc_ccproj,0.23110336245370264,0.012916280256542489,0.20578791833665358,0.25641880657075167,1
1126,2500,seqmar,0.2558505160746848,seq,0.27293082428481574,0.0163364587569834,0.2409119534862043,0.3049496950834272,1
1127,2500,seqmar,0.2558505160746848,full,0.27536796421847837,0.013252721182898606,0.24939310800284603,0.3013428204341107,1
1127,2500,seqmar,0.2558505160746848,cc,0.2465319500713339,0.019255825165712778,0.20879122625393684,0.28427267388873095,1
1127,2500,seqmar,0.2558505160746848,cc_ccproj,0.2486839320726423,0.019290289522204546,0.21087565935777103,0.2864922047875136,1
1127,2500,seqmar,0.2558505160746848,seq,0.28270413654881976,0.01680374449399615,0.24976940253517407,0.3156388705624654,1
1128,2500,seqmar,0.2558505160746848,full,0.27121371790560506,0.0113856554932115,0.24889824319852988,0.29352919261268023,1
1128,2500,seqmar,0.2558505160746848,cc,0.25742835406631315,0.023718947262163847,0.2109400716812671,0.3039166364513592,1
1128,2500,seqmar,0.2558505160746848,cc_ccproj,0.2590149518251124,0.023887544236648416,0.21219622544217417,0.30583367820805063,1
1128,2500,seqmar,0.2558505160746848,seq,0.28069558137577555,0.02087865314350634,0.23977417316879915,0.321616989582752,1
1129,2500,seqmar,0.2558505160746848,full,0.240285475104704,0.010933370439268392,0.21885646281410306,0.2617144873953049,1
1129,2500,seqmar,0.2558505160746848,cc,0.18431188813192584,0.01874703149008777,0.14756838159431554,0.22105539466953614,0
1129,2500,seqmar,0.2558505160746848,cc_ccproj,0.18507212814717228,0.018257232453463515,0.14928861008100794,0.22085564621333661,0
1129,2500,seqmar,0.2558505160746848,seq,0.23012849365473048,0.016118774164920923,0.19853627681655078,0.2617207104929102,1
1130,2500,seqmar,0.2558505160746848,full,0.24475470201702693,0.01043893019728497,0.2242947747932208,0.26521462924083306,1
1130,2500,seqmar,0.2558505160746848,cc,0.2175144914716513,0.014867528655500735,0.18837467076775266,0.24665431217554995,0
1130,2500,seqmar,0.2558505160746848,cc_ccproj,0.21543207957101276,0.014668503544866974,0.18668234091597538,0.24418181822605015,0
1130,2500,seqmar,0.2558505160746848,seq,0.2496442935469313,0.012177765189232758,0.22577631236384949,0.2735122747300131,1
1131,2500,seqmar,0.2558505160746848,full,0.25600228850586637,0.012403461851176715,0.2316919499939435,0.28031262701778925,1
1131,2500,seqmar,0.2558505160746848,cc,0.23603546141548704,0.026422549744516702,0.1842482155365163,0.2878227072944578,1
1131,2500,seqmar,0.2558505160746848,cc_ccproj,0.23514780167382013,0.026436444649321374,0.1833333222818636,0.28696228106577665,1
1131,2500,seqmar,0.2558505160746848,seq,0.27112898198982877,0.01917486910203937,0.23354692914156172,0.3087110348380958,1
1132,2500,seqmar,0.2558505160746848,full,0.26579219503214263,0.009424427571515218,0.24732065641706652,0.28426373364721874,1
1132,2500,seqmar,0.2558505160746848,cc,0.21328333644634967,0.014301148709289179,0.1852536000385914,0.24131307285410794,0
1132,2500,seqmar,0.2558505160746848,cc_ccproj,0.21205969395056237,0.014257593567834001,0.1841153240513978,0.24000406384972695,0
1132,2500,seqmar,0.2558505160746848,seq,0.24039045477191776,0.018004600317502756,0.20510208659357393,0.2756788229502616,1
1133,2500,seqmar,0.2558505160746848,full,0.2618573450235733,0.010050592815135508,0.24215854508263066,0.2815561449645159,1
1133,2500,seqmar,0.2558505160746848,cc,0.21835547588702156,0.01286074069398303,0.19314888731230617,0.24356206446173695,0
1133,2500,seqmar,0.2558505160746848,cc_ccproj,0.22118934949818778,0.012887295032663993,0.1959307153760244,0.24644798362035114,0
1133,2500,seqmar,0.2558505160746848,seq,0.2574372670572425,0.01376749324597619,0.23045347613773073,0.28442105797675427,1
1134,2500,seqmar,0.2558505160746848,full,0.24354586748193024,0.011110808527238385,0.2217690829294225,0.265322652034438,1
1134,2500,seqmar,0.2558505160746848,cc,0.19868689286462743,0.025803974639377225,0.14811203191346314,0.24926175381579171,0
1134,2500,seqmar,0.2558505160746848,cc_ccproj,0.19976845803886262,0.025312279952604388,0.15015730096516278,0.24937961511256246,0
1134,2500,seqmar,0.2558505160746848,seq,0.2482814830911017,0.017595974771198116,0.213794006266678,0.2827689599155254,1
1135,2500,seqmar,0.2558505160746848,full,0.2515239521250036,0.011766092140012093,0.22846283529180011,0.2745850689582071,1
1135,2500,seqmar,0.2558505160746848,cc,0.20385875462471467,0.027068287801499783,0.1508058854106102,0.2569116238388191,1
1135,2500,seqmar,0.2558505160746848,cc_ccproj,0.2045254554262823,0.02690220598738416,0.15179810058633156,0.25725281026623303,1
1135,2500,seqmar,0.2558505160746848,seq,0.22990703608129834,0.019417067816914615,0.19185028247477393,0.26796378968782275,1
1136,2500,seqmar,0.2558505160746848,full,0.25469623515278356,0.009586586372008482,0.23590687112896444,0.2734855991766027,1
1136,2500,seqmar,0.2558505160746848,cc,0.2071382436952408,0.012156709788035047,0.18331153034018657,0.23096495705029504,0
1136,2500,seqmar,0.2558505160746848,cc_ccproj,0.20555004057187315,0.012104301590016003,0.18182604539743086,0.22927403574631544,0
1136,2500,seqmar,0.2558505160746848,seq,0.2363504302052826,0.01312929309029557,0.21061748860583268,0.2620833718047325,1
1137,2500,seqmar,0.2558505160746848,full,0.2521039745467969,0.009147663967279297,0.2341748826282547,0.2700330664653391,1
1137,2500,seqmar,0.2558505160746848,cc,0.20981986810741646,0.012031715098844858,0.18623813984143375,0.23340159637339916,0
1137,2500,seqmar,0.2558505160746848,cc_ccproj,0.20965792865761004,0.011807653788302999,0.18651535249061824,0.23280050482460185,0
1137,2500,seqmar,0.2558505160746848,seq,0.24087733723359725,0.010997077708898956,0.21932346098896705,0.26243121347822745,1
1138,2500,seqmar,0.2558505160746848,full,0.2592190530770656,0.009769935762101438,0.2400703308520769,0.2783677753020543,1
1138,2500,seqmar,0.2558505160746848,cc,0.22998037034160948,0.015283873554123832,0.20002452863126258,0.2599362120519564,1
1138,2500,seqmar,0.2558505160746848,cc_ccproj,0.23190865697858207,0.015407196065353618,0.20171110758774174,0.2621062063694224,1
1138,2500,seqmar,0.2558505160746848,seq,0.2522964845644643,0.012458869118088592,0.22787754980491234,0.2767154193240162,1
1139,2500,seqmar,0.2558505160746848,full,0.2590714067663843,0.013738195124171753,0.2321450391104239,0.2859977744223447,1
1139,2500,seqmar,0.2558505160746848,cc,0.2177280434339896,0.018480518794087027,0.18150689218196345,0.2539491946860158,0
1139,2500,seqmar,0.2558505160746848,cc_ccproj,0.21846333206789012,0.018376273587723008,0.18244649766589838,0.25448016646988186,0
1139,2500,seqmar,0.2558505160746848,seq,0.26373914269086407,0.02726261198431569,0.21030540507711526,0.3171728803046129,1
1140,2500,seqmar,0.2558505160746848,full,0.26377775255198616,0.009324943924044524,0.2455011983030033,0.28205430680096905,1
1140,2500,seqmar,0.2558505160746848,cc,0.22693725966265274,0.017932260317370188,0.19179067527921037,0.2620838440460951,1
1140,2500,seqmar,0.2558505160746848,cc_ccproj,0.2281732856635731,0.017950680999613822,0.19299059740636254,0.26335597392078364,1
1140,2500,seqmar,0.2558505160746848,seq,0.25661215145001504,0.016848140255288382,0.22359040334317032,0.28963389955685975,1
1141,2500,seqmar,0.2558505160746848,full,0.259387210698944,0.01055766000308609,0.2386945773318762,0.2800798440660118,1
1141,2500,seqmar,0.2558505160746848,cc,0.227327889635673,0.025413158689047498,0.17751901387173877,0.27713676539960724,1
1141,2500,seqmar,0.2558505160746848,cc_ccproj,0.22536122315996382,0.02493936080393947,0.17648097418679257,0.2742414721331351,1
1141,2500,seqmar,0.2558505160746848,seq,0.251761732225488,0.015603231650362218,0.22117996014834257,0.2823435043026334,1
1142,2500,seqmar,0.2558505160746848,full,0.26114233376405793,0.01295487437927725,0.23575124655643384,0.28653342097168205,1
1142,2500,seqmar,0.2558505160746848,cc,0.2082328085887562,0.01833753152013914,0.17229190724391547,0.24417370993359694,0
1142,2500,seqmar,0.2558505160746848,cc_ccproj,0.21265441669776347,0.01807683014419991,0.17722448066048366,0.24808435273504328,0
1142,2500,seqmar,0.2558505160746848,seq,0.24964015579559481,0.01949749651072355,0.21142576484588127,0.28785454674530836,1
1143,2500,seqmar,0.2558505160746848,full,0.24352551644524414,0.010498137964371136,0.22294954413034407,0.2641014887601442,1
1143,2500,seqmar,0.2558505160746848,cc,0.20388198320491493,0.019137179755792783,0.16637380011789205,0.24139016629193782,0
1143,2500,seqmar,0.2558505160746848,cc_ccproj,0.20574067414085795,0.018740724862829735,0.16900952836553731,0.24247181991617858,0
1143,2500,seqmar,0.2558505160746848,seq,0.2499692714630456,0.014434839617452976,0.22167750569022582,0.27826103723586537,1
1144,2500,seqmar,0.2558505160746848,full,0.2586375425854792,0.011332305897135771,0.23642663116530224,0.28084845400565617,1
1144,2500,seqmar,0.2558505160746848,cc,0.2423043008335183,0.021122863306493062,0.20090424950242927,0.2837043521646074,1
1144,2500,seqmar,0.2558505160746848,cc_ccproj,0.24081392204436805,0.021205863300490586,0.1992511937143268,0.2823766503744093,1
1144,2500,seqmar,0.2558505160746848,seq,0.2743407425851774,0.017472441609601853,0.24009538630837868,0.3085860988619761,1
1145,2500,seqmar,0.2558505160746848,full,0.25748870117414197,0.00923046641369877,0.23939731944278578,0.2755800829054981,1
1145,2500,seqmar,0.2558505160746848,cc,0.20459327545971848,0.013523093840519156,0.1780884985727455,0.23109805234669145,0
1145,2500,seqmar,0.2558505160746848,cc_ccproj,0.20105818077106738,0.013463719981691793,0.1746697745090192,0.22744658703311557,0
1145,2500,seqmar,0.2558505160746848,seq,0.24618836029952737,0.012342491694708952,0.2219975210984131,0.27037919950064165,1
1146,2500,seqmar,0.2558505160746848,full,0.24446070713274548,0.009249871253537115,0.22633129261418036,0.26259012165131057,1
1146,2500,seqmar,0.2558505160746848,cc,0.20252045959074144,0.015558379753576806,0.17202659561593375,0.23301432356554913,0
1146,2500,seqmar,0.2558505160746848,cc_ccproj,0.20410194805822712,0.015189283583634125,0.17433149928333874,0.2338723968331155,0
1146,2500,seqmar,0.2558505160746848,seq,0.24178036722502944,0.01340044479038207,0.2155159780590632,0.2680447563909957,1
1147,2500,seqmar,0.2558505160746848,full,0.25835656823717806,0.008928265920594002,0.24085748858841746,0.27585564788593864,1
1147,2500,seqmar,0.2558505160746848,cc,0.20591567622791546,0.014721833523695433,0.177061412735078,0.2347699397207529,0
1147,2500,seqmar,0.2558505160746848,cc_ccproj,0.2049057812314465,0.01445909189244591,0.17656648187309743,0.2332450805897956,0
1147,2500,seqmar,0.2558505160746848,seq,0.2322996779515185,0.020672797549943507,0.19178173929394138,0.27281761660909565,1
1148,2500,seqmar,0.2558505160746848,full,0.25427781558004026,0.009218067705787536,0.23621073486964492,0.27234489629043557,1
1148,2500,seqmar,0.2558505160746848,cc,0.22966247336465873,0.015045057778887396,0.20017470197271525,0.2591502447566022,1
1148,2500,seqmar,0.2558505160746848,cc_ccproj,0.22798050902283448,0.015291876609266642,0.19800898161264138,0.25795203643302755,1
1148,2500,seqmar,0.2558505160746848,seq,0.25310735812756907,0.015289314754436695,0.22314085186057628,0.28307386439456184,1
1149,2500,seqmar,0.2558505160746848,full,0.25253522422113117,0.009471740560372682,0.23397095385189348,0.27109949459036886,1
1149,2500,seqmar,0.2558505160746848,cc,0.21637639797483413,0.01305642685696444,0.19078627156840233,0.24196652438126592,0
1149,2500,seqmar,0.2558505160746848,cc_ccproj,0.21594271362196452,0.012989900801034224,0.19048297588918944,0.2414024513547396,0
1149,2500,seqmar,0.2558505160746848,seq,0.2541045695663347,0.01628362409380462,0.22218925280468899,0.2860198863279804,1
1150,2500,seqmar,0.2558505160746848,full,0.24193892482560506,0.009770396086920187,0.22278930038055042,0.2610885492706597,1
1150,2500,seqmar,0.2558505160746848,cc,0.20240143310955022,0.019035996451093537,0.1650915656555746,0.23971130056352585,0
1150,2500,seqmar,0.2558505160746848,cc_ccproj,0.203987385260627,0.01862888036787036,0.16747545066729583,0.2404993198539582,0
1150,2500,seqmar,0.2558505160746848,seq,0.23762992307519143,0.015742493402032626,0.20677520298034804,0.2684846431700348,1
1151,2500,seqmar,0.2558505160746848,full,0.261361299291744,0.010433698221066379,0.24091162655289428,0.28181097203059374,1
1151,2500,seqmar,0.2558505160746848,cc,0.22268467923254057,0.0164919684794913,0.19036101497856783,0.2550083434865133,0
1151,2500,seqmar,0.2558505160746848,cc_ccproj,0.22012759875806281,0.016241347412339638,0.18829514276947432,0.2519600547466513,0
1151,2500,seqmar,0.2558505160746848,seq,0.24949014816506643,0.012411793636610722,0.22516347965376599,0.27381681667636687,1
1152,2500,seqmar,0.2558505160746848,full,0.25364634271434117,0.010638516129612944,0.23279523425135135,0.274497451177331,1
1152,2500,seqmar,0.2558505160746848,cc,0.23029367585844557,0.013279916828454663,0.20426551715698704,0.2563218345599041,1
1152,2500,seqmar,0.2558505160746848,cc_ccproj,0.22529869560685703,0.01328113263048792,0.199268153977201,0.25132923723651307,0
1152,2500,seqmar,0.2558505160746848,seq,0.2622940778267046,0.01299718212424193,0.23682006896268262,0.28776808669072657,1
1153,2500,seqmar,0.2558505160746848,full,0.2492846511621646,0.00882869419826879,0.23198072850304005,0.26658857382128914,1
1153,2500,seqmar,0.2558505160746848,cc,0.20230412580254298,0.011308796337185956,0.18013929227316003,0.22446895933192593,0
1153,2500,seqmar,0.2558505160746848,cc_ccproj,0.20268289662897146,0.011383299855859525,0.1803720388862668,0.22499375437167612,0
1153,2500,seqmar,0.2558505160746848,seq,0.23651860821482998,0.012952870221322112,0.21113144908461728,0.2619057673450427,1
1154,2500,seqmar,0.2558505160746848,full,0.2402911510942145,0.010196583439341544,0.22030621478774753,0.2602760874006815,1
1154,2500,seqmar,0.2558505160746848,cc,0.21393473880037892,0.022561405020130203,0.16971519752030254,0.25815428008045527,1
1154,2500,seqmar,0.2558505160746848,cc_ccproj,0.21727830838253476,0.022317951387730673,0.17353592745386692,0.2610206893112026,1
1154,2500,seqmar,0.2558505160746848,seq,0.23829156585822983,0.0181226835277109,0.20277175884069917,0.2738113728757605,1
1155,2500,seqmar,0.2558505160746848,full,0.2623431400144413,0.011016408803001405,0.24075137552158854,0.2839349045072941,1
1155,2500,seqmar,0.2558505160746848,cc,0.2239010908294567,0.02387458257438614,0.1771077688377323,0.2706944128211811,1
1155,2500,seqmar,0.2558505160746848,cc_ccproj,0.22255697784957057,0.023720045827942696,0.17606654231516333,0.2690474133839778,1
1155,2500,seqmar,0.2558505160746848,seq,0.2549541466087622,0.01794671900336969,0.21977922372149705,0.29012906949602735,1
1156,2500,seqmar,0.2558505160746848,full,0.24277849715972283,0.010354341239849187,0.22248436124598062,0.26307263307346507,1
1156,2500,seqmar,0.2558505160746848,cc,0.2045127408583452,0.021148025592353757,0.1630633723532005,0.2459621093634899,0
1156,2500,seqmar,0.2558505160746848,cc_ccproj,0.2078607063338879,0.020737665225184908,0.16721562936907677,0.24850578329869902,0
1156,2500,seqmar,0.2558505160746848,seq,0.2404520758476805,0.01589045772263261,0.2093073510134642,0.2715968006818968,1
1157,2500,seqmar,0.2558505160746848,full,0.27439369130014035,0.009292346619385931,0.2561810265942814,0.2926063560059993,0
1157,2500,seqmar,0.2558505160746848,cc,0.24457691870616746,0.018071024115565045,0.20915836227590517,0.27999547513642975,1
1157,2500,seqmar,0.2558505160746848,cc_ccproj,0.2423769818607091,0.01804263028355203,0.20701407631857544,0.2777398874028428,1
1157,2500,seqmar,0.2558505160746848,seq,0.2621547259512813,0.015157599795012498,0.2324463762609851,0.2918630756415775,1
1158,2500,seqmar,0.2558505160746848,full,0.26192027698128123,0.010391796154323323,0.24155273078412567,0.28228782317843676,1
1158,2500,seqmar,0.2558505160746848,cc,0.21569408981826246,0.017585920112750383,0.18122631976227316,0.25016185987425177,0
1158,2500,seqmar,0.2558505160746848,cc_ccproj,0.2156455946623515,0.01754620250397356,0.1812556696891168,0.2500355196355862,0
1158,2500,seqmar,0.2558505160746848,seq,0.2417814702875237,0.01749035658294751,0.20750100130818352,0.27606193926686384,1
1159,2500,seqmar,0.2558505160746848,full,0.2741664980277348,0.01613031137468508,0.24255166867393527,0.3057813273815343,1
1159,2500,seqmar,0.2558505160746848,cc,0.23871607021595664,0.017249411926063284,0.2049078440863769,0.2725242963455364,1
1159,2500,seqmar,0.2558505160746848,cc_ccproj,0.2377431331258148,0.01717537134875507,0.20408002386115373,0.27140624239047584,1
1159,2500,seqmar,0.2558505160746848,seq,0.26848661212465835,0.013360760419802664,0.24230000289577688,0.29467322135353985,1
1160,2500,seqmar,0.2558505160746848,full,0.27254450306519834,0.01390673889419317,0.24528779569017736,0.29980121044021935,1
1160,2500,seqmar,0.2558505160746848,cc,0.23894755603035583,0.01674833153738057,0.20612142941595357,0.2717736826447581,1
1160,2500,seqmar,0.2558505160746848,cc_ccproj,0.2396006852718413,0.01682277436774077,0.20662865339102582,0.2725727171526568,1
1160,2500,seqmar,0.2558505160746848,seq,0.26142386333384454,0.012619554722051002,0.23668999057769222,0.2861577360899969,1
1161,2500,seqmar,0.2558505160746848,full,0.2723143944178386,0.013718173007316276,0.2454272693898092,0.29920151944586804,1
1161,2500,seqmar,0.2558505160746848,cc,0.24060519375219236,0.032041427589971874,0.17780514966259947,0.30340523784178525,1
1161,2500,seqmar,0.2558505160746848,cc_ccproj,0.23757146348565694,0.032039036867135454,0.17477610512672045,0.3003668218445934,1
1161,2500,seqmar,0.2558505160746848,seq,0.2677138517873975,0.02164964671329942,0.22528132395131467,0.3101463796234803,1
1162,2500,seqmar,0.2558505160746848,full,0.2634825273033768,0.01153281297132213,0.24087862923914904,0.28608642536760454,1
1162,2500,seqmar,0.2558505160746848,cc,0.2197363761901698,0.014359552313499526,0.1915921708215919,0.2478805815587477,0
1162,2500,seqmar,0.2558505160746848,cc_ccproj,0.22276723053948094,0.01428366386096991,0.1947717638047036,0.2507626972742583,0
1162,2500,seqmar,0.2558505160746848,seq,0.2538186041886376,0.015643536948347046,0.22315783517905577,0.2844793731982194,1
1163,2500,seqmar,0.2558505160746848,full,0.277894022538353,0.009791873004254074,0.258702304108825,0.297085740967881,0
1163,2500,seqmar,0.2558505160746848,cc,0.2323361141088566,0.01574954992687809,0.2014675634794601,0.2632046647382531,1
1163,2500,seqmar,0.2558505160746848,cc_ccproj,0.23426563362314318,0.015666909135447854,0.20355905596860382,0.2649722112776825,1
1163,2500,seqmar,0.2558505160746848,seq,0.27966938532091606,0.01640446453739989,0.24751722564194778,0.31182154499988435,1
1164,2500,seqmar,0.2558505160746848,full,0.27291303146074725,0.009289555786672867,0.25470583668649277,0.2911202262350017,1
1164,2500,seqmar,0.2558505160746848,cc,0.23721843423744268,0.013340255309543338,0.2110720142861685,0.26336485418871686,1
1164,2500,seqmar,0.2558505160746848,cc_ccproj,0.2359977145501296,0.013269883937057686,0.20998921995446995,0.26200620914578926,1
1164,2500,seqmar,0.2558505160746848,seq,0.26174723426056845,0.013199599286737982,0.2358764950482014,0.2876179734729355,1
1165,2500,seqmar,0.2558505160746848,full,0.254887568779014,0.00991972709797169,0.23544526093052343,0.2743298766275045,1
1165,2500,seqmar,0.2558505160746848,cc,0.23024249766225852,0.01927991186753542,0.19245456477678272,0.2680304305477343,1
1165,2500,seqmar,0.2558505160746848,cc_ccproj,0.23022478333016552,0.019471271428852535,0.1920617925964108,0.2683877740639202,1
1165,2500,seqmar,0.2558505160746848,seq,0.24697269613607695,0.01739755893887043,0.21287410719697802,0.28107128507517587,1
1166,2500,seqmar,0.2558505160746848,full,0.26222574880684096,0.010834802942692146,0.24098992525957577,0.2834615723541062,1
1166,2500,seqmar,0.2558505160746848,cc,0.23347983672936848,0.018338376598543305,0.19753727906129145,0.2694223943974455,1
1166,2500,seqmar,0.2558505160746848,cc_ccproj,0.23210523229743832,0.01816585964670368,0.1965008016416896,0.26770966295318704,1
1166,2500,seqmar,0.2558505160746848,seq,0.26473214823967,0.014723721637043195,0.23587418411267222,0.29359011236666777,1
1167,2500,seqmar,0.2558505160746848,full,0.26318903680790684,0.009376238078479005,0.24481194786361496,0.28156612575219875,1
1167,2500,seqmar,0.2558505160746848,cc,0.23813146578679228,0.013054276533577942,0.21254555393675315,0.26371737763683145,1
1167,2500,seqmar,0.2558505160746848,cc_ccproj,0.23721068012207808,0.013134867645982519,0.21146681259425193,0.2629545476499042,1
1167,2500,seqmar,0.2558505160746848,seq,0.260532101127203,0.012695437393816953,0.2356495010673387,0.28541470118706724,1
1168,2500,seqmar,0.2558505160746848,full,0.26629484286698824,0.01051498295706013,0.24568585497309792,0.28690383076087855,1
1168,2500,seqmar,0.2558505160746848,cc,0.243692197412046,0.021913344546330444,0.20074283132042114,0.28664156350367087,1
1168,2500,seqmar,0.2558505160746848,cc_ccproj,0.24296732282516414,0.02188934657500033,0.20006499189304833,0.28586965375727996,1
1168,2500,seqmar,0.2558505160746848,seq,0.2515922404047621,0.01440474084804957,0.22335946713595198,0.2798250136735722,1
1169,2500,seqmar,0.2558505160746848,full,0.25890156785338775,0.008690154807998444,0.2418691774096332,0.2759339582971423,1
1169,2500,seqmar,0.2558505160746848,cc,0.23216935662921068,0.011702383352813482,0.20923310672441517,0.25510560653400616,0
1169,2500,seqmar,0.2558505160746848,cc_ccproj,0.23558756396045674,0.011876646290068613,0.212309764974801,0.25886536294611245,1
1169,2500,seqmar,0.2558505160746848,seq,0.265580415992215,0.011831843204862072,0.24239042943996036,0.2887704025444696,1
1170,2500,seqmar,0.2558505160746848,full,0.25121604461479174,0.010111963114376952,0.23139696109761543,0.27103512813196806,1
1170,2500,seqmar,0.2558505160746848,cc,0.21818236942129923,0.016176842979813696,0.18647633979730477,0.2498883990452937,0
1170,2500,seqmar,0.2558505160746848,cc_ccproj,0.21970142750907284,0.016073012838547753,0.18819890122246935,0.25120395379567634,0
1170,2500,seqmar,0.2558505160746848,seq,0.25642690486453873,0.016431978468228855,0.2242208188720725,0.28863299085700495,1
1171,2500,seqmar,0.2558505160746848,full,0.24486091212341207,0.010100256272238692,0.22506477359519944,0.2646570506516247,1
1171,2500,seqmar,0.2558505160746848,cc,0.20722920122908617,0.013399105621462348,0.1809674367859718,0.23349096567220054,0
1171,2500,seqmar,0.2558505160746848,cc_ccproj,0.2072641241898914,0.013306189400202992,0.18118447219402492,0.23334377618575788,0
1171,2500,seqmar,0.2558505160746848,seq,0.24248649085172555,0.012985935347136142,0.21703452526577308,0.26793845643767805,1
1172,2500,seqmar,0.2558505160746848,full,0.2754910554197908,0.012144670680073903,0.2516879382827464,0.2992941725568352,1
1172,2500,seqmar,0.2558505160746848,cc,0.24281312323249107,0.02064992183617623,0.20234002015001845,0.2832862263149637,1
1172,2500,seqmar,0.2558505160746848,cc_ccproj,0.24053532984393677,0.020555533202986954,0.20024722508306508,0.28082343460480846,1
1172,2500,seqmar,0.2558505160746848,seq,0.27457895621040695,0.017504200961849372,0.24027135274703082,0.3088865596737831,1
1173,2500,seqmar,0.2558505160746848,full,0.24782240066403846,0.008690133868693209,0.23079005126056804,0.26485475006750886,1
1173,2500,seqmar,0.2558505160746848,cc,0.22686918106444873,0.015934849235576566,0.19563745046364306,0.2581009116652544,1
1173,2500,seqmar,0.2558505160746848,cc_ccproj,0.22340056189428506,0.016106027162878313,0.19183332872101974,0.2549677950675504,0
1173,2500,seqmar,0.2558505160746848,seq,0.2572698737926141,0.014369681665712064,0.22910581525851295,0.2854339323267153,1
1174,2500,seqmar,0.2558505160746848,full,0.23898820862423373,0.009548985048377536,0.2202725418405023,0.2577038754079652,1
1174,2500,seqmar,0.2558505160746848,cc,0.20241928078086688,0.013752523686765003,0.17546482965827348,0.22937373190346028,0
1174,2500,seqmar,0.2558505160746848,cc_ccproj,0.2034649899716592,0.013591262503313066,0.1768266049607359,0.23010337498258251,0
1174,2500,seqmar,0.2558505160746848,seq,0.24612716933273623,0.01766076830377357,0.2115126995180335,0.280741639147439,1
1175,2500,seqmar,0.2558505160746848,full,0.2499399598693529,0.011801133475977759,0.22681016327968653,0.2730697564590193,1
1175,2500,seqmar,0.2558505160746848,cc,0.19138986018193327,0.025631106904754068,0.1411538137647194,0.24162590659914715,0
1175,2500,seqmar,0.2558505160746848,cc_ccproj,0.19384540700197883,0.02498348462704096,0.14487867692466844,0.24281213707928923,0
1175,2500,seqmar,0.2558505160746848,seq,0.24583586555710926,0.01701335168214065,0.21249030900379964,0.27918142211041885,1
1176,2500,seqmar,0.2558505160746848,full,0.26028246901383356,0.010201208821495122,0.24028846712493085,0.2802764709027363,1
1176,2500,seqmar,0.2558505160746848,cc,0.22918318788377065,0.020745002503284208,0.18852373011814033,0.26984264564940097,1
1176,2500,seqmar,0.2558505160746848,cc_ccproj,0.22723153676441898,0.020609555701965817,0.18683754985119388,0.2676255236776441,1
1176,2500,seqmar,0.2558505160746848,seq,0.2668299474444294,0.0161219577713336,0.2352314908523399,0.2984284040365189,1
1177,2500,seqmar,0.2558505160746848,full,0.24327254020294276,0.008757359334049813,0.22610843130852945,0.2604366490973561,1
1177,2500,seqmar,0.2558505160746848,cc,0.20173387804008036,0.01334646322608709,0.1755752907959614,0.22789246528419932,0
1177,2500,seqmar,0.2558505160746848,cc_ccproj,0.20343386754150092,0.012904563810502772,0.17814138723671652,0.22872634784628532,0
1177,2500,seqmar,0.2558505160746848,seq,0.24506250586878223,0.01182574742682806,0.22188446682193202,0.26824054491563243,1
1178,2500,seqmar,0.2558505160746848,full,0.2557511838383369,0.011259057410143457,0.2336838368145869,0.2778185308620869,1
1178,2500,seqmar,0.2558505160746848,cc,0.19731511239485464,0.016609580678291734,0.16476093246709048,0.2298692923226188,0
1178,2500,seqmar,0.2558505160746848,cc_ccproj,0.1988330596304466,0.01643024158731827,0.16663037786201057,0.2310357413988826,0
1178,2500,seqmar,0.2558505160746848,seq,0.23906872059174783,0.017015741697485733,0.20571847969443935,0.2724189614890563,1
1179,2500,seqmar,0.2558505160746848,full,0.24294699736405292,0.009541921673860112,0.22424517453998496,0.2616488201881209,1
1179,2500,seqmar,0.2558505160746848,cc,0.2008484620540011,0.014519009091233858,0.1723917271439731,0.22930519696402907,0
1179,2500,seqmar,0.2558505160746848,cc_ccproj,0.198576358100222,0.01454489161232712,0.17006889438102213,0.22708382181942188,0
1179,2500,seqmar,0.2558505160746848,seq,0.23117194298971222,0.01612913138599894,0.1995594263712397,0.26278445960818475,1
1180,2500,seqmar,0.2558505160746848,full,0.25551473444728756,0.009366320414866607,0.23715708376648675,0.27387238512808837,1
1180,2500,seqmar,0.2558505160746848,cc,0.22281453115606972,0.017235667622219605,0.18903324336701618,0.2565958189451233,1
1180,2500,seqmar,0.2558505160746848,cc_ccproj,0.22314514031185226,0.016956940299272784,0.18991014803728176,0.2563801325864228,1
1180,2500,seqmar,0.2558505160746848,seq,0.2646000833500759,0.021150854664632335,0.22314516996515552,0.30605499673499625,1
1181,2500,seqmar,0.2558505160746848,full,0.25671639891227777,0.00946936934880938,0.23815677603230387,0.27527602179225164,1
1181,2500,seqmar,0.2558505160746848,cc,0.22294027866321453,0.014084251178725504,0.19533565360369673,0.2505449037227323,0
1181,2500,seqmar,0.2558505160746848,cc_ccproj,0.22485872560854242,0.01415969493084594,0.19710623351201,0.25261121770507483,0
1181,2500,seqmar,0.2558505160746848,seq,0.2631635240783884,0.012722677482715964,0.2382275344253464,0.2880995137314304,1
1182,2500,seqmar,0.2558505160746848,full,0.2515719737244758,0.009465579265767729,0.23301977927076198,0.2701241681781896,1
1182,2500,seqmar,0.2558505160746848,cc,0.20622701910319374,0.015893202655121764,0.17507691430015873,0.23737712390622875,0
1182,2500,seqmar,0.2558505160746848,cc_ccproj,0.2083172968044475,0.015637990940556873,0.17766739777039237,0.23896719583850262,0
1182,2500,seqmar,0.2558505160746848,seq,0.25031703495201135,0.013436703023878274,0.2239815809542495,0.27665248894977323,1
1183,2500,seqmar,0.2558505160746848,full,0.24397668904875064,0.010471752471100184,0.22345243135037596,0.2645009467471253,1
1183,2500,seqmar,0.2558505160746848,cc,0.2168864888064268,0.020428991951942546,0.1768464003401608,0.2569265772726928,1
1183,2500,seqmar,0.2558505160746848,cc_ccproj,0.21415881665520647,0.020040245234226824,0.17488065775477143,0.2534369755556415,0
1183,2500,seqmar,0.2558505160746848,seq,0.23982519196635513,0.01432250173782648,0.21175360439170288,0.2678967795410074,1
1184,2500,seqmar,0.2558505160746848,full,0.25832880640789024,0.010516913613288485,0.2377160344973258,0.2789415783184547,1
1184,2500,seqmar,0.2558505160746848,cc,0.23971604204112715,0.01669380263171048,0.20699679011795463,0.27243529396429966,1
1184,2500,seqmar,0.2558505160746848,cc_ccproj,0.2427955573827226,0.01681689460129827,0.20983504963237193,0.27575606513307327,1
1184,2500,seqmar,0.2558505160746848,seq,0.2741504934616717,0.014530579311206604,0.24567108133720392,0.30262990558613945,1
1185,2500,seqmar,0.2558505160746848,full,0.25663240227732204,0.010139252030377027,0.23675983346760845,0.27650497108703564,1
1185,2500,seqmar,0.2558505160746848,cc,0.2288265733606594,0.0176226960052006,0.19428672387996834,0.2633664228413505,1
1185,2500,seqmar,0.2558505160746848,cc_ccproj,0.22899297240314845,0.017527857174562442,0.19463900361484407,0.26334694119145285,1
1185,2500,seqmar,0.2558505160746848,seq,0.2392401675249018,0.017904721449885422,0.20414755832990458,0.274332776719899,1
1186,2500,seqmar,0.2558505160746848,full,0.24559810553047556,0.009725061587858429,0.22653733507083912,0.264658875990112,1
1186,2500,seqmar,0.2558505160746848,cc,0.1825287991191044,0.018932518494086947,0.1454217447340555,0.21963585350415332,0
1186,2500,seqmar,0.2558505160746848,cc_ccproj,0.18671045389582155,0.01856347092750945,0.15032671944984669,0.22309418834179642,0
1186,2500,seqmar,0.2558505160746848,seq,0.2172526882896258,0.014242004378833505,0.18933887263945037,0.24516650393980122,0
1187,2500,seqmar,0.2558505160746848,full,0.25804186301139237,0.011539334676266983,0.23542518264035492,0.2806585433824298,1
1187,2500,seqmar,0.2558505160746848,cc,0.2212501226181547,0.019952835652656542,0.1821432833495011,0.26035696188680824,1
1187,2500,seqmar,0.2558505160746848,cc_ccproj,0.2206761283828528,0.019744722818059078,0.1819771827747308,0.2593750739909748,1
1187,2500,seqmar,0.2558505160746848,seq,0.271752983791055,0.020229354190865797,0.23210417814645362,0.3114017894356564,1
1188,2500,seqmar,0.2558505160746848,full,0.24405311050554843,0.011029406184166264,0.2224358716137192,0.26567034939737766,1
1188,2500,seqmar,0.2558505160746848,cc,0.21979786343730884,0.021005635661118637,0.1786275740691461,0.2609681528054716,1
1188,2500,seqmar,0.2558505160746848,cc_ccproj,0.21722792546465808,0.02099136138279738,0.1760856131679103,0.25837023776140583,1
1188,2500,seqmar,0.2558505160746848,seq,0.2366831458058767,0.01775869643320374,0.20187674038441747,0.271489551227336,1
1189,2500,seqmar,0.2558505160746848,full,0.2608424482989772,0.009243459115142289,0.24272560134072982,0.2789592952572245,1
1189,2500,seqmar,0.2558505160746848,cc,0.22465837795935312,0.015457553300246268,0.19436213020176218,0.25495462571694405,0
1189,2500,seqmar,0.2558505160746848,cc_ccproj,0.22294329218260064,0.015198444083260581,0.19315488915836404,0.25273169520683725,0
1189,2500,seqmar,0.2558505160746848,seq,0.25343453586358655,0.011551055586051375,0.23079488293150566,0.2760741887956675,1
1190,2500,seqmar,0.2558505160746848,full,0.262397207354412,0.008764124537499186,0.24521983890488985,0.2795745758039342,1
1190,2500,seqmar,0.2558505160746848,cc,0.21013743237512408,0.01185826156470283,0.18689566678905095,0.23337919796119722,0
1190,2500,seqmar,0.2558505160746848,cc_ccproj,0.21131900933624173,0.01173139432665105,0.18832589896756816,0.2343121197049153,0
1190,2500,seqmar,0.2558505160746848,seq,0.25360000090540946,0.010786694774345247,0.23245846763546638,0.2747415341753526,1
1191,2500,seqmar,0.2558505160746848,full,0.25857984498816217,0.011236558760534851,0.23655659450734584,0.2806030954689785,1
1191,2500,seqmar,0.2558505160746848,cc,0.2133748071177358,0.02239987612942944,0.16947185664589562,0.25727775758957594,1
1191,2500,seqmar,0.2558505160746848,cc_ccproj,0.21531345690515982,0.02227110066205755,0.17166290171146087,0.2589640120988588,1
1191,2500,seqmar,0.2558505160746848,seq,0.2539062921049197,0.017024334204711004,0.2205392102029128,0.28727337400692665,1
1192,2500,seqmar,0.2558505160746848,full,0.26048409258482136,0.00962449348203555,0.2416204319905912,0.27934775317905153,1
1192,2500,seqmar,0.2558505160746848,cc,0.21822101544292427,0.011361321852395688,0.19595323379546084,0.2404887970903877,0
1192,2500,seqmar,0.2558505160746848,cc_ccproj,0.21728750008008774,0.011323025102176087,0.19509477868377964,0.23948022147639583,0
1192,2500,seqmar,0.2558505160746848,seq,0.24933207020009812,0.010744989106116645,0.22827227853783427,0.27039186186236197,1
1193,2500,seqmar,0.2558505160746848,full,0.25114021392433666,0.008494320732783493,0.23449165121494914,0.2677887766337242,1
1193,2500,seqmar,0.2558505160746848,cc,0.22812460489259084,0.010807397726432345,0.2069424945821834,0.2493067152029983,0
1193,2500,seqmar,0.2558505160746848,cc_ccproj,0.22854073583672088,0.011010790547453268,0.20695998292239842,0.25012148875104334,0
1193,2500,seqmar,0.2558505160746848,seq,0.26992118542142557,0.01223570507228477,0.24593964415429337,0.29390272668855777,1
1194,2500,seqmar,0.2558505160746848,full,0.24784284351066782,0.011035716972659693,0.22621323570067742,0.2694724513206582,1
1194,2500,seqmar,0.2558505160746848,cc,0.20652466375771356,0.012719690324970747,0.1815945288262683,0.2314547986891588,0
1194,2500,seqmar,0.2558505160746848,cc_ccproj,0.20835831469670166,0.012596458653213634,0.183669709403655,0.2330469199897483,0
1194,2500,seqmar,0.2558505160746848,seq,0.23882504938482493,0.01311913042567552,0.21311202624201728,0.26453807252763256,1
1195,2500,seqmar,0.2558505160746848,full,0.2536334745087369,0.008944005677301314,0.23610354550370455,0.2711634035137693,1
1195,2500,seqmar,0.2558505160746848,cc,0.2315226209772018,0.015959999648830353,0.2002415964722224,0.2628036454821812,1
1195,2500,seqmar,0.2558505160746848,cc_ccproj,0.23010575567485902,0.01588619103378599,0.19896939339711536,0.2612421179526027,1
1195,2500,seqmar,0.2558505160746848,seq,0.2401796853807346,0.0184947920176746,0.2039305591245335,0.27642881163693567,1
1196,2500,seqmar,0.2558505160746848,full,0.25692412606118953,0.011496820463440069,0.2343907720161239,0.27945748010625515,1
1196,2500,seqmar,0.2558505160746848,cc,0.21053119219985392,0.015867957669186923,0.1794305666600414,0.24163181773966644,0
1196,2500,seqmar,0.2558505160746848,cc_ccproj,0.2099235152631376,0.015364613238973163,0.1798094266783629,0.2400376038479123,0
1196,2500,seqmar,0.2558505160746848,seq,0.23464017173325646,0.014062671539935769,0.20707784198856594,0.262202501477947,1
1197,2500,seqmar,0.2558505160746848,full,0.2528473236078669,0.008644803689959886,0.23590381972212654,0.2697908274936072,1
1197,2500,seqmar,0.2558505160746848,cc,0.22855753854250044,0.015111584925951757,0.19893937633831663,0.2581757007466843,1
1197,2500,seqmar,0.2558505160746848,cc_ccproj,0.23068664429061891,0.015053006386051747,0.20118329391490605,0.26018999466633175,1
1197,2500,seqmar,0.2558505160746848,seq,0.2520684530211807,0.012016788590173395,0.228515980174609,0.2756209258677524,1
1198,2500,seqmar,0.2558505160746848,full,0.2608585292962998,0.009170039717937426,0.24288558171234065,0.278831476880259,1
1198,2500,seqmar,0.2558505160746848,cc,0.22000751356505044,0.0133975382802774,0.19374882105421004,0.24626620607589084,0
1198,2500,seqmar,0.2558505160746848,cc_ccproj,0.22119507899641153,0.01306716846077481,0.1955838994333752,0.24680625855944785,0
1198,2500,seqmar,0.2558505160746848,seq,0.25707224043496374,0.015803825055955824,0.22609731250731863,0.28804716836260885,1
1199,2500,seqmar,0.2558505160746848,full,0.2555038896810936,0.009706374657406848,0.23647974493212387,0.27452803443006335,1
1199,2500,seqmar,0.2558505160746848,cc,0.22633521233532056,0.012062963696457152,0.20269223794345037,0.24997818672719074,0
1199,2500,seqmar,0.2558505160746848,cc_ccproj,0.22423794470051922,0.012075564201679384,0.20057027377222647,0.24790561562881197,0
1199,2500,seqmar,0.2558505160746848,seq,0.2555838046968859,0.013458962199872672,0.2292047235158495,0.28196288587792234,1
1200,2500,seqmar,0.2558505160746848,full,0.2642955659270337,0.008280178179549662,0.2480667149095419,0.28052441694452546,1
1200,2500,seqmar,0.2558505160746848,cc,0.23653386985514804,0.01323528380434019,0.210593190273475,0.2624745494368211,1
1200,2500,seqmar,0.2558505160746848,cc_ccproj,0.23508142645357646,0.013292508569647652,0.20902858839287702,0.2611342645142759,1
1200,2500,seqmar,0.2558505160746848,seq,0.2710384035756092,0.01324240734103735,0.2450837621185672,0.2969930450326512,1
1201,2500,seqmar,0.2558505160746848,full,0.26725048337243995,0.010279193658531194,0.2471036340116063,0.2873973327332736,1
1201,2500,seqmar,0.2558505160746848,cc,0.24579623439870565,0.016989374189862586,0.21249767286670063,0.2790947959307107,1
1201,2500,seqmar,0.2558505160746848,cc_ccproj,0.2419624855966781,0.017036543008873185,0.208571474878219,0.27535349631513717,1
1201,2500,seqmar,0.2558505160746848,seq,0.274385630218129,0.015116540006323448,0.24475775623487617,0.30401350420138185,1
1202,2500,seqmar,0.2558505160746848,full,0.25019524508509816,0.009681713002953755,0.23121943629065567,0.26917105387954066,1
1202,2500,seqmar,0.2558505160746848,cc,0.2122597993000676,0.01831077111358128,0.1763713473882919,0.2481482512118433,0
1202,2500,seqmar,0.2558505160746848,cc_ccproj,0.21047787726447895,0.017931933597264776,0.1753319332406762,0.2456238212882817,0
1202,2500,seqmar,0.2558505160746848,seq,0.2603071934754279,0.014735110991622087,0.23142690662364834,0.2891874803272075,1
1203,2500,seqmar,0.2558505160746848,full,0.25900317711771575,0.010567670847308528,0.23829092285651715,0.27971543137891436,1
1203,2500,seqmar,0.2558505160746848,cc,0.23109676047156144,0.014755895961320464,0.20217573582775328,0.2600177851153696,1
1203,2500,seqmar,0.2558505160746848,cc_ccproj,0.23271551856968345,0.014937625940283314,0.2034383097121969,0.26199272742717,1
1203,2500,seqmar,0.2558505160746848,seq,0.25411558632407844,0.012192147127171734,0.23021941706060836,0.27801175558754854,1
1204,2500,seqmar,0.2558505160746848,full,0.27340038571951814,0.009993187933449872,0.2538140972792161,0.29298667415982016,1
1204,2500,seqmar,0.2558505160746848,cc,0.23636310025720317,0.018100137959449397,0.20088748174147605,0.2718387187729303,1
1204,2500,seqmar,0.2558505160746848,cc_ccproj,0.23662610208041407,0.017966755916440334,0.20141190756516908,0.27184029659565906,1
1204,2500,seqmar,0.2558505160746848,seq,0.26027430206929997,0.014595358709683245,0.2316679246568778,0.28888067948172214,1
1205,2500,seqmar,0.2558505160746848,full,0.2477305443303084,0.008947421308725933,0.23019392081069934,0.26526716784991744,1
1205,2500,seqmar,0.2558505160746848,cc,0.21848741421805798,0.01313376883440418,0.1927457003213512,0.24422912811476477,0
1205,2500,seqmar,0.2558505160746848,cc_ccproj,0.21983900920815727,0.013151777973370976,0.19406199804768298,0.24561602036863156,0
1205,2500,seqmar,0.2558505160746848,seq,0.2599136553663172,0.016752307634947478,0.2270797357438848,0.29274757498874965,1
1206,2500,seqmar,0.2558505160746848,full,0.2465995717258099,0.009825140788290755,0.22734264963772455,0.26585649381389526,1
1206,2500,seqmar,0.2558505160746848,cc,0.19913809405749783,0.013142745527422362,0.17337878616577512,0.22489740194922053,0
1206,2500,seqmar,0.2558505160746848,cc_ccproj,0.19886355058653474,0.012926735891516185,0.17352761380150175,0.22419948737156772,0
1206,2500,seqmar,0.2558505160746848,seq,0.24134264133283329,0.012120213387452996,0.2175874596084852,0.2650978230571814,1
1207,2500,seqmar,0.2558505160746848,full,0.2622959091781435,0.008906426128983675,0.244839634734369,0.279752183621918,1
1207,2500,seqmar,0.2558505160746848,cc,0.2284699803083533,0.011970524689543465,0.2050081830408006,0.251931777575906,0
1207,2500,seqmar,0.2558505160746848,cc_ccproj,0.22706753540919367,0.011988102293814598,0.20357128667033506,0.2505637841480523,0
1207,2500,seqmar,0.2558505160746848,seq,0.25993507236402286,0.011825627035623947,0.23675726927959675,0.28311287544844893,1
1208,2500,seqmar,0.2558505160746848,full,0.25782397382679967,0.012656306349819757,0.23301806920384735,0.28262987844975196,1
1208,2500,seqmar,0.2558505160746848,cc,0.22179024051590818,0.016679000287181667,0.1891000006548989,0.25448048037691745,0
1208,2500,seqmar,0.2558505160746848,cc_ccproj,0.22117116847025756,0.01628008303634951,0.18926279205369104,0.2530795448868241,0
1208,2500,seqmar,0.2558505160746848,seq,0.2550615329727022,0.018242737032997502,0.219306425408592,0.2908166405368124,1
1209,2500,seqmar,0.2558505160746848,full,0.25256723522134045,0.009833774736424062,0.23329339090586942,0.27184107953681147,1
1209,2500,seqmar,0.2558505160746848,cc,0.22043891844430555,0.013929149444014228,0.19313828719876155,0.24773954968984954,0
1209,2500,seqmar,0.2558505160746848,cc_ccproj,0.22350767923997045,0.013598911367672288,0.19685430273038043,0.2501610557495605,0
1209,2500,seqmar,0.2558505160746848,seq,0.25290537019525744,0.015485199443436097,0.222554936992703,0.28325580339781187,1
1210,2500,seqmar,0.2558505160746848,full,0.25677116913135684,0.008447943019997866,0.24021350506871447,0.2733288331939992,1
1210,2500,seqmar,0.2558505160746848,cc,0.22507714202911516,0.012701232616266753,0.20018318354196687,0.24997110051626345,0
1210,2500,seqmar,0.2558505160746848,cc_ccproj,0.22659099697870916,0.012584126471054353,0.2019265623185455,0.2512554316388728,0
1210,2500,seqmar,0.2558505160746848,seq,0.25093581007336524,0.011883731486709492,0.22764412435747,0.2742274957892605,1
1211,2500,seqmar,0.2558505160746848,full,0.25059038641874004,0.008768589517471014,0.2334042667692814,0.2677765060681987,1
1211,2500,seqmar,0.2558505160746848,cc,0.21254464864975825,0.012194699186676497,0.18864347744157242,0.23644581985794408,0
1211,2500,seqmar,0.2558505160746848,cc_ccproj,0.21188306248739194,0.012202882998938562,0.18796585130191623,0.23580027367286766,0
1211,2500,seqmar,0.2558505160746848,seq,0.2558015473138261,0.01086174603423708,0.23451291627750065,0.27709017835015154,1
1212,2500,seqmar,0.2558505160746848,full,0.24628133544618167,0.010705394682388555,0.22529914742841348,0.2672635234639498,1
1212,2500,seqmar,0.2558505160746848,cc,0.19820547033588415,0.01785112426196158,0.1632179096988903,0.233193030972878,0
1212,2500,seqmar,0.2558505160746848,cc_ccproj,0.19772462130763507,0.017575718158031307,0.16327684671546705,0.2321723958998031,0
1212,2500,seqmar,0.2558505160746848,seq,0.24045231265902195,0.015566589371440962,0.20994235812887366,0.2709622671891702,1
1213,2500,seqmar,0.2558505160746848,full,0.255137584258589,0.009599918045553933,0.23632209063476717,0.27395307788241086,1
1213,2500,seqmar,0.2558505160746848,cc,0.2310465354366831,0.014134653879418433,0.20334312289908363,0.2587499479742826,1
1213,2500,seqmar,0.2558505160746848,cc_ccproj,0.23214910316687004,0.01416576709104704,0.20438470985503512,0.259913496478705,1
1213,2500,seqmar,0.2558505160746848,seq,0.2575922167421604,0.014517921254316935,0.22913761395331061,0.28604681953101013,1
1214,2500,seqmar,0.2558505160746848,full,0.264729013016896,0.00996423928747959,0.24519946288009695,0.284258563153695,1
1214,2500,seqmar,0.2558505160746848,cc,0.2457545993649137,0.02341964521122635,0.1998529382202041,0.2916562605096233,1
1214,2500,seqmar,0.2558505160746848,cc_ccproj,0.24607155504966385,0.023310560224969912,0.20038369654927093,0.2917594135500568,1
1214,2500,seqmar,0.2558505160746848,seq,0.2804061092145489,0.01594858034500778,0.24914746613379024,0.31166475229530755,1
1215,2500,seqmar,0.2558505160746848,full,0.254339548444836,0.009015441233110601,0.23666960832320189,0.27200948856647017,1
1215,2500,seqmar,0.2558505160746848,cc,0.21852058074162584,0.011907965362785605,0.1951813975014156,0.24185976398183606,0
1215,2500,seqmar,0.2558505160746848,cc_ccproj,0.21716751545104754,0.011835044127708614,0.1939712552052964,0.24036377569679868,0
1215,2500,seqmar,0.2558505160746848,seq,0.25110342549225795,0.011350368313002197,0.228857112387509,0.2733497385970069,1
1216,2500,seqmar,0.2558505160746848,full,0.23748835112535616,0.013228666129320743,0.21156064194838262,0.26341606030232967,1
1216,2500,seqmar,0.2558505160746848,cc,0.20109224151176003,0.030204428141789082,0.14189265018022534,0.2602918328432947,1
1216,2500,seqmar,0.2558505160746848,cc_ccproj,0.199681273568739,0.029741390328323257,0.1413892196750775,0.2579733274624005,1
1216,2500,seqmar,0.2558505160746848,seq,0.24485533560604436,0.019041892044076372,0.20753391300215487,0.2821767582099338,1
1217,2500,seqmar,0.2558505160746848,full,0.24125892601085738,0.010058682054149308,0.22154427145278538,0.2609735805689294,1
1217,2500,seqmar,0.2558505160746848,cc,0.19922173534183252,0.01858845530301821,0.16278903241968423,0.2356544382639808,0
1217,2500,seqmar,0.2558505160746848,cc_ccproj,0.19927034439045826,0.01788516209568902,0.16421607082524686,0.23432461795566967,0
1217,2500,seqmar,0.2558505160746848,seq,0.25796992889116066,0.018537603912427997,0.22163689286313298,0.29430296491918834,1
1218,2500,seqmar,0.2558505160746848,full,0.27232461616698156,0.013594013701972914,0.24568083890577064,0.2989683934281925,1
1218,2500,seqmar,0.2558505160746848,cc,0.21745085786753224,0.019877739625858478,0.17849120410678493,0.25641051162827955,1
1218,2500,seqmar,0.2558505160746848,cc_ccproj,0.2182927316749967,0.01988463299428054,0.17931956716040998,0.2572658961895834,1
1218,2500,seqmar,0.2558505160746848,seq,0.2264557063891311,0.034922128396018715,0.1580095924694509,0.2949018203088113,1
1219,2500,seqmar,0.2558505160746848,full,0.27489833852823414,0.009642664728644286,0.25599906294509667,0.2937976141113716,0
1219,2500,seqmar,0.2558505160746848,cc,0.23277976046822887,0.01284365136650821,0.20760666635988412,0.25795285457657363,1
1219,2500,seqmar,0.2558505160746848,cc_ccproj,0.23337445366504853,0.012791836956081938,0.20830291393501946,0.2584459933950776,1
1219,2500,seqmar,0.2558505160746848,seq,0.2716938569667038,0.012451380618194306,0.24728959939724288,0.2960981145361647,1
1220,2500,seqmar,0.2558505160746848,full,0.2574014777112086,0.010630125016824423,0.23656681552707448,0.2782361398953427,1
1220,2500,seqmar,0.2558505160746848,cc,0.21485524496850195,0.018965894106272464,0.17768277558560744,0.2520277143513965,0
1220,2500,seqmar,0.2558505160746848,cc_ccproj,0.21663254043711555,0.01874628987570549,0.17989048743698494,0.25337459343724617,0
1220,2500,seqmar,0.2558505160746848,seq,0.24338353068780472,0.014865554679766049,0.2142475789052524,0.272519482470357,1
1221,2500,seqmar,0.2558505160746848,full,0.2756482202714546,0.010832156461766329,0.25441758373148976,0.2968788568114194,1
1221,2500,seqmar,0.2558505160746848,cc,0.2605857867621393,0.01699270368066537,0.22728069954807395,0.2938908739762046,1
1221,2500,seqmar,0.2558505160746848,cc_ccproj,0.25602276280810576,0.017113008248219777,0.22248188297445812,0.2895636426417534,1
1221,2500,seqmar,0.2558505160746848,seq,0.2848656145392022,0.02142032571890457,0.24288254759303224,0.3268486814853722,1
1222,2500,seqmar,0.2558505160746848,full,0.2657356725869841,0.008843738936272091,0.24840226278321625,0.28306908239075196,1
1222,2500,seqmar,0.2558505160746848,cc,0.22996789632100034,0.01611125806286955,0.19839041077214548,0.2615453818698552,1
1222,2500,seqmar,0.2558505160746848,cc_ccproj,0.23021938918481363,0.01612927888393071,0.19860658347570703,0.26183219489392023,1
1222,2500,seqmar,0.2558505160746848,seq,0.2629891874957713,0.012987026195810875,0.23753508388570377,0.2884432911058389,1
1223,2500,seqmar,0.2558505160746848,full,0.24080669731283091,0.010160407225671126,0.22089266508225497,0.26072072954340686,1
1223,2500,seqmar,0.2558505160746848,cc,0.2296982345950877,0.017862717498640764,0.1946879516317384,0.264708517558437,1
1223,2500,seqmar,0.2558505160746848,cc_ccproj,0.2312249622033287,0.01761968289327947,0.19669101831348443,0.26575890609317293,1
1223,2500,seqmar,0.2558505160746848,seq,0.26905727279562575,0.02075264702263394,0.22838283204739085,0.30973171354386064,1
1224,2500,seqmar,0.2558505160746848,full,0.2533704029192901,0.010264207974905317,0.23325292495864686,0.2734878808799333,1
1224,2500,seqmar,0.2558505160746848,cc,0.22873077010222015,0.015748217730481302,0.19786483052978168,0.2595967096746586,1
1224,2500,seqmar,0.2558505160746848,cc_ccproj,0.23400436658957652,0.015350497446796351,0.20391794444908162,0.2640907887300714,1
1224,2500,seqmar,0.2558505160746848,seq,0.27135800971401924,0.013495017891771051,0.24490826067542434,0.29780775875261417,1
1225,2500,seqmar,0.2558505160746848,full,0.2526027697144722,0.009904418466950057,0.2331904662314367,0.27201507319750773,1
1225,2500,seqmar,0.2558505160746848,cc,0.21979245008224235,0.012228396089498805,0.19582523415813427,0.24375966600635043,0
1225,2500,seqmar,0.2558505160746848,cc_ccproj,0.22374915430657066,0.012377223643176356,0.19949024173734736,0.24800806687579396,0
1225,2500,seqmar,0.2558505160746848,seq,0.271261986466938,0.015111579644469858,0.24164383461426847,0.3008801383196075,1
1226,2500,seqmar,0.2558505160746848,full,0.2404252807552543,0.01000793306449878,0.22081009238914912,0.2600404691213595,1
1226,2500,seqmar,0.2558505160746848,cc,0.1971120488572252,0.015839318426094758,0.1660675552024178,0.22815654251203257,0
1226,2500,seqmar,0.2558505160746848,cc_ccproj,0.19737334791829061,0.01568117277267618,0.1666388140484952,0.22810788178808603,0
1226,2500,seqmar,0.2558505160746848,seq,0.23745129010492136,0.014299010843317441,0.20942574383747148,0.26547683637237124,1
1227,2500,seqmar,0.2558505160746848,full,0.23736872812474744,0.009078385560675369,0.21957541938805525,0.2551620368614396,0
1227,2500,seqmar,0.2558505160746848,cc,0.18900412263487543,0.01155745483418013,0.16635192740693402,0.21165631786281683,0
1227,2500,seqmar,0.2558505160746848,cc_ccproj,0.1914334619542186,0.011391347789501259,0.16910683055142617,0.21376009335701102,0
1227,2500,seqmar,0.2558505160746848,seq,0.22824184722499777,0.010608236036308833,0.2074500866543325,0.24903360779566303,0
1228,2500,seqmar,0.2558505160746848,full,0.2538272922458785,0.009858804966714704,0.2345043895805131,0.2731501949112439,1
1228,2500,seqmar,0.2558505160746848,cc,0.2232678950633252,0.014557950781418647,0.1947348358430379,0.2518009542836125,0
1228,2500,seqmar,0.2558505160746848,cc_ccproj,0.22135590252777873,0.014455942554555951,0.19302277575826912,0.24968902929728834,0
1228,2500,seqmar,0.2558505160746848,seq,0.26213758104102247,0.014544973590843528,0.23362995664688294,0.29064520543516204,1
1229,2500,seqmar,0.2558505160746848,full,0.26621642954868924,0.011339777951900547,0.24399087317028278,0.2884419859270957,1
1229,2500,seqmar,0.2558505160746848,cc,0.2457703705844293,0.02522452238048169,0.19633121519146063,0.29520952597739797,1
1229,2500,seqmar,0.2558505160746848,cc_ccproj,0.24472430292284333,0.02526092690492782,0.19521379597308594,0.2942348098726007,1
1229,2500,seqmar,0.2558505160746848,seq,0.26356795332789673,0.016831417352552117,0.23057898150813208,0.2965569251476614,1
1230,2500,seqmar,0.2558505160746848,full,0.2582276672385605,0.01011554008479263,0.2384015729881957,0.2780537614889253,1
1230,2500,seqmar,0.2558505160746848,cc,0.2200555178070568,0.014943751165996319,0.19076630372777556,0.24934473188633802,0
1230,2500,seqmar,0.2558505160746848,cc_ccproj,0.22002299516431056,0.014884296428974925,0.19085031022830157,0.24919568010031956,0
1230,2500,seqmar,0.2558505160746848,seq,0.25112964068800736,0.01997253246562839,0.21198419637531873,0.290275085000696,1
1231,2500,seqmar,0.2558505160746848,full,0.24342231204868603,0.009664005808548518,0.22448120871754504,0.262363415379827,1
1231,2500,seqmar,0.2558505160746848,cc,0.20174257544028973,0.010351852069699097,0.18145331821039307,0.2220318326701864,0
1231,2500,seqmar,0.2558505160746848,cc_ccproj,0.19977693823379145,0.01028247903507363,0.17962364965325897,0.21993022681432392,0
1231,2500,seqmar,0.2558505160746848,seq,0.24109454647667927,0.010434720469266847,0.22064287016817336,0.2615462227851852,1
1232,2500,seqmar,0.2558505160746848,full,0.24516518006397156,0.009033563794000152,0.22745972037568626,0.2628706397522569,1
1232,2500,seqmar,0.2558505160746848,cc,0.2169723794780686,0.012330779532012974,0.19280449569401953,0.24114026326211768,0
1232,2500,seqmar,0.2558505160746848,cc_ccproj,0.21966080048081443,0.012259341316335897,0.19563293302661222,0.24368866793501665,0
1232,2500,seqmar,0.2558505160746848,seq,0.25080233159274723,0.010986732770035557,0.22926873105571155,0.2723359321297829,1
1233,2500,seqmar,0.2558505160746848,full,0.2737149778662412,0.02225726348681443,0.23009154303766655,0.3173384126948159,1
1233,2500,seqmar,0.2558505160746848,cc,0.26213987887814855,0.07312989880432806,0.11880791102860677,0.4054718467276903,1
1233,2500,seqmar,0.2558505160746848,cc_ccproj,0.2612450975986662,0.07312479797821783,0.11792312718459191,0.4045670680127405,1
1233,2500,seqmar,0.2558505160746848,seq,0.28270142459370434,0.04101390661115679,0.2023156447705478,0.3630872044168609,1
1234,2500,seqmar,0.2558505160746848,full,0.24841127612867517,0.00870938253481832,0.2313412000328491,0.26548135222450125,1
1234,2500,seqmar,0.2558505160746848,cc,0.22687056357799357,0.011710566632216333,0.20391827474029303,0.2498228524156941,0
1234,2500,seqmar,0.2558505160746848,cc_ccproj,0.22705368423288702,0.011875337221079339,0.20377845097530356,0.2503289174904705,0
1234,2500,seqmar,0.2558505160746848,seq,0.25226476738291437,0.010851847687019054,0.23099553675064274,0.273533998015186,1
1235,2500,seqmar,0.2558505160746848,full,0.27524426731032625,0.012631026979712658,0.2504879093423357,0.3000006252783168,1
1235,2500,seqmar,0.2558505160746848,cc,0.2691163446866962,0.0363297723064857,0.19791129939944357,0.34032138997394884,1
1235,2500,seqmar,0.2558505160746848,cc_ccproj,0.26844288287220563,0.036279941859886235,0.1973355034656215,0.33955026227878976,1
1235,2500,seqmar,0.2558505160746848,seq,0.28822577847719033,0.021037340111656148,0.24699334952782445,0.32945820742655624,1
1236,2500,seqmar,0.2558505160746848,full,0.24778200964433658,0.010984650425959055,0.22625249042669426,0.2693115288619789,1
1236,2500,seqmar,0.2558505160746848,cc,0.21491906111630382,0.013924957926263803,0.1876266450945912,0.24221147713801644,0
1236,2500,seqmar,0.2558505160746848,cc_ccproj,0.21345514795296722,0.013833309076681923,0.18634236037565963,0.2405679355302748,0
1236,2500,seqmar,0.2558505160746848,seq,0.24484643398949774,0.013774388350128475,0.21784912891417782,0.2718437390648176,1
1237,2500,seqmar,0.2558505160746848,full,0.2696956683722073,0.011874027784226106,0.2464230015636962,0.2929683351807184,1
1237,2500,seqmar,0.2558505160746848,cc,0.22294431690854352,0.02548667086587015,0.17299135992561177,0.2728972738914753,1
1237,2500,seqmar,0.2558505160746848,cc_ccproj,0.22206563478201133,0.02517501200130737,0.17272351794908525,0.2714077516149374,1
1237,2500,seqmar,0.2558505160746848,seq,0.25624724844734487,0.016451313042978793,0.22400326738471238,0.28849122950997735,1
1238,2500,seqmar,0.2558505160746848,full,0.24882465684463995,0.009262583632376874,0.23067032652139108,0.2669789871678888,1
1238,2500,seqmar,0.2558505160746848,cc,0.20938057804243781,0.012797690073364733,0.18429756641333717,0.23446358967153846,0
1238,2500,seqmar,0.2558505160746848,cc_ccproj,0.20769781678528235,0.012843894884309353,0.18252424539081777,0.23287138817974692,0
1238,2500,seqmar,0.2558505160746848,seq,0.2542882099265968,0.011681879591263733,0.2313921466559864,0.2771842731972072,1
1239,2500,seqmar,0.2558505160746848,full,0.24144882923747576,0.011451428791782379,0.21900444123405727,0.26389321724089426,1
1239,2500,seqmar,0.2558505160746848,cc,0.22050834955796572,0.01674464483575219,0.18768944874597682,0.2533272503699546,0
1239,2500,seqmar,0.2558505160746848,cc_ccproj,0.22136474614432092,0.016676374456311642,0.18867965281724636,0.2540498394713955,0
1239,2500,seqmar,0.2558505160746848,seq,0.24764350600241078,0.012597235938407747,0.22295337725837797,0.2723336347464436,1
1240,2500,seqmar,0.2558505160746848,full,0.24510323052619293,0.009327791081972774,0.22682109595021238,0.2633853651021735,1
1240,2500,seqmar,0.2558505160746848,cc,0.2089445519780349,0.011071872623351124,0.1872440803948517,0.23064502356121813,0
1240,2500,seqmar,0.2558505160746848,cc_ccproj,0.2084712751720669,0.011042083352637877,0.18682918948660737,0.23011336085752643,0
1240,2500,seqmar,0.2558505160746848,seq,0.250416501452267,0.010781851636077349,0.22928446055890114,0.27154854234563286,1
1241,2500,seqmar,0.2558505160746848,full,0.2742202744834427,0.010870951073906397,0.2529136019008892,0.29552694706599625,1
1241,2500,seqmar,0.2558505160746848,cc,0.21445205177268709,0.011368053126418587,0.19217107707056869,0.23673302647480549,0
1241,2500,seqmar,0.2558505160746848,cc_ccproj,0.21367173714752571,0.011411111581881688,0.19130636942346974,0.2360371048715817,0
1241,2500,seqmar,0.2558505160746848,seq,0.24006204275831475,0.011928190462012243,0.21668321905203658,0.2634408664645929,1
1242,2500,seqmar,0.2558505160746848,full,0.2559483317593628,0.010933776516678954,0.23451852357166228,0.2773781399470634,1
1242,2500,seqmar,0.2558505160746848,cc,0.2369299993187388,0.02052385946285154,0.19670397394778819,0.27715602468968936,1
1242,2500,seqmar,0.2558505160746848,cc_ccproj,0.2377705574038796,0.020376436502141746,0.19783347572641446,0.2777076390813447,1
1242,2500,seqmar,0.2558505160746848,seq,0.26721628241564105,0.014905914073246412,0.23800122767542933,0.29643133715585274,1
1243,2500,seqmar,0.2558505160746848,full,0.24450622330927077,0.00949370454569355,0.22589890431984722,0.2631135422986943,1
1243,2500,seqmar,0.2558505160746848,cc,0.21112563358858424,0.013600311329643391,0.18446951320395114,0.23778175397321735,0
1243,2500,seqmar,0.2558505160746848,cc_ccproj,0.20841555815860188,0.01352681645074156,0.1819034850896645,0.23492763122753926,0
1243,2500,seqmar,0.2558505160746848,seq,0.24009753503294987,0.013410217407684112,0.2138139918890369,0.2663810781768628,1
1244,2500,seqmar,0.2558505160746848,full,0.2648384330223632,0.009077848282148927,0.2470461773322325,0.2826306887124939,1
1244,2500,seqmar,0.2558505160746848,cc,0.24393743889615252,0.01572519003743535,0.21311663277273118,0.27475824501957385,1
1244,2500,seqmar,0.2558505160746848,cc_ccproj,0.24341386363580408,0.015735872569378438,0.21257212013451057,0.27425560713709757,1
1244,2500,seqmar,0.2558505160746848,seq,0.2944387855795793,0.02665363346726793,0.24219862392660274,0.3466789472325559,1
1245,2500,seqmar,0.2558505160746848,full,0.25690967395530795,0.01151976845539929,0.23433134267248473,0.27948800523813117,1
1245,2500,seqmar,0.2558505160746848,cc,0.2005064785117381,0.019308836944896567,0.16266185351638443,0.2383511035070918,0
1245,2500,seqmar,0.2558505160746848,cc_ccproj,0.20262375559592719,0.018858844445797055,0.16566109969212173,0.23958641149973264,0
1245,2500,seqmar,0.2558505160746848,seq,0.24241819541830378,0.015469040756912564,0.21209943265937295,0.27273695817723465,1
1246,2500,seqmar,0.2558505160746848,full,0.26772222067997664,0.009651132904281691,0.24880634777757507,0.2866380935823782,1
1246,2500,seqmar,0.2558505160746848,cc,0.24179228758143403,0.015690339706894887,0.2110397868507213,0.2725447883121468,1
1246,2500,seqmar,0.2558505160746848,cc_ccproj,0.24464532253024518,0.015870646163346887,0.21353942763870648,0.2757512174217839,1
1246,2500,seqmar,0.2558505160746848,seq,0.2747921351763962,0.012295931935979191,0.25069255142552116,0.2988917189272713,1
1247,2500,seqmar,0.2558505160746848,full,0.24463615171973743,0.010878375891311805,0.2233149267624775,0.26595737667699737,1
1247,2500,seqmar,0.2558505160746848,cc,0.20466946702735905,0.02270148903335561,0.16017536612655103,0.24916356792816707,0
1247,2500,seqmar,0.2558505160746848,cc_ccproj,0.2076676577787921,0.022519010797930072,0.16353120764738055,0.25180410791020363,0
1247,2500,seqmar,0.2558505160746848,seq,0.2488661859196939,0.01696485011862569,0.2156156906840675,0.2821166811553203,1
1248,2500,seqmar,0.2558505160746848,full,0.27083571887213004,0.009281897212276841,0.2526435346278647,0.28902790311639537,1
1248,2500,seqmar,0.2558505160746848,cc,0.21390394617635639,0.013171924861506298,0.1880874478407363,0.23972044451197647,0
1248,2500,seqmar,0.2558505160746848,cc_ccproj,0.21504058425650127,0.01307440602544762,0.18941521932737046,0.24066594918563208,0
1248,2500,seqmar,0.2558505160746848,seq,0.2485703897267666,0.011607739817102551,0.22581963774333405,0.27132114171019917,1
1249,2500,seqmar,0.2558505160746848,full,0.26456619467652953,0.009086708418626738,0.24675657343800422,0.28237581591505484,1
1249,2500,seqmar,0.2558505160746848,cc,0.23555507080628604,0.013348718637882782,0.20939206303627722,0.26171807857629487,1
1249,2500,seqmar,0.2558505160746848,cc_ccproj,0.23595255331464474,0.01318183467145881,0.2101166321084241,0.2617884745208654,1
1249,2500,seqmar,0.2558505160746848,seq,0.2711918151215013,0.011285486187877811,0.24907266864523658,0.29331096159776604,1
1250,2500,seqmar,0.2558505160746848,full,0.2585261455736742,0.010558132838375185,0.23783258546646918,0.2792197056808792,1
1250,2500,seqmar,0.2558505160746848,cc,0.23244074909139323,0.021955656812514865,0.1894084524819426,0.27547304570084385,1
1250,2500,seqmar,0.2558505160746848,cc_ccproj,0.23345904587944633,0.021897021479970684,0.19054167241000383,0.2763764193488888,1
1250,2500,seqmar,0.2558505160746848,seq,0.24004369149941968,0.024605283210702482,0.19181822257703474,0.2882691604218046,1
1251,2500,seqmar,0.2558505160746848,full,0.2456662760155152,0.010975099677640843,0.22415547592060198,0.2671770761104284,1
1251,2500,seqmar,0.2558505160746848,cc,0.19046213875550635,0.02438547106103279,0.14266749372983833,0.23825678378117437,0
1251,2500,seqmar,0.2558505160746848,cc_ccproj,0.1900669484259146,0.024162594734280108,0.14270913297368842,0.23742476387814077,0
1251,2500,seqmar,0.2558505160746848,seq,0.24297693130615708,0.016436198237042197,0.21076257471879364,0.27519128789352054,1
1252,2500,seqmar,0.2558505160746848,full,0.250341343732037,0.00946460654148811,0.2317910557828781,0.2688916316811959,1
1252,2500,seqmar,0.2558505160746848,cc,0.20604680645240195,0.013183257707360957,0.1802080961470644,0.2318855167577395,0
1252,2500,seqmar,0.2558505160746848,cc_ccproj,0.20564167727164026,0.013128660921799986,0.17990997469967385,0.23137337984360667,0
1252,2500,seqmar,0.2558505160746848,seq,0.2246584631520338,0.019554388955245063,0.18633256506006568,0.26298436124400193,1
1253,2500,seqmar,0.2558505160746848,full,0.259535677038363,0.009332764536533138,0.2412437946705654,0.2778275594061606,1
1253,2500,seqmar,0.2558505160746848,cc,0.22942687595641814,0.014386287481452143,0.2012302706215325,0.2576234812913038,1
1253,2500,seqmar,0.2558505160746848,cc_ccproj,0.23022401716304522,0.014506120765819927,0.20179254290664958,0.2586554914194409,1
1253,2500,seqmar,0.2558505160746848,seq,0.2741335106185402,0.014020095755323448,0.24665462787830333,0.30161239335877704,1
1254,2500,seqmar,0.2558505160746848,full,0.2568790424681765,0.010769090681621437,0.2357720125859526,0.2779860723504004,1
1254,2500,seqmar,0.2558505160746848,cc,0.22071554208784583,0.021163052353412634,0.17923672167222143,0.2621943625034702,1
1254,2500,seqmar,0.2558505160746848,cc_ccproj,0.22390179176859565,0.021018481142629653,0.18270632571930726,0.26509725781788407,1
1254,2500,seqmar,0.2558505160746848,seq,0.2626832726693642,0.018741317946164737,0.22595096447206714,0.29941558086666126,1
1255,2500,seqmar,0.2558505160746848,full,0.26026226980072115,0.0101514669253682,0.2403657602367499,0.28015877936469236,1
1255,2500,seqmar,0.2558505160746848,cc,0.22429500133018465,0.01917354112840962,0.18671555126240433,0.26187445139796495,1
1255,2500,seqmar,0.2558505160746848,cc_ccproj,0.2243352512316479,0.01900101219122563,0.18709395166703918,0.26157655079625663,1
1255,2500,seqmar,0.2558505160746848,seq,0.26223932940423117,0.016578547268494923,0.22974597384198622,0.2947326849664761,1
1256,2500,seqmar,0.2558505160746848,full,0.249540674997826,0.0098725316487302,0.23019086853008297,0.26889048146556904,1
1256,2500,seqmar,0.2558505160746848,cc,0.19639933129542014,0.020893125533397082,0.15544955772548766,0.23734910486535263,0
1256,2500,seqmar,0.2558505160746848,cc_ccproj,0.19588079080239973,0.020466481347786315,0.15576722447047775,0.2359943571343217,0
1256,2500,seqmar,0.2558505160746848,seq,0.24259494927100814,0.014607703635103964,0.21396437624936954,0.27122552229264674,1
1257,2500,seqmar,0.2558505160746848,full,0.2505966743848877,0.010085966657201302,0.2308285429875013,0.27036480578227406,1
1257,2500,seqmar,0.2558505160746848,cc,0.21644230242910162,0.012216614061410381,0.1924981788557117,0.24038642600249155,0
1257,2500,seqmar,0.2558505160746848,cc_ccproj,0.21565189655950553,0.012202388958998991,0.1917356536745183,0.23956813944449276,0
1257,2500,seqmar,0.2558505160746848,seq,0.2562050671151465,0.011888724573333337,0.23290359512929684,0.27950653910099615,1
1258,2500,seqmar,0.2558505160746848,full,0.2605311022565614,0.012435201056538307,0.2361585560452319,0.2849036484678909,1
1258,2500,seqmar,0.2558505160746848,cc,0.2321442924259066,0.014688177124650956,0.20335599426304563,0.26093259058876755,1
1258,2500,seqmar,0.2558505160746848,cc_ccproj,0.23131166890724725,0.01457180796952312,0.20275145009734818,0.2598718877171463,1
1258,2500,seqmar,0.2558505160746848,seq,0.27331888652324815,0.019902291398424515,0.2343111121725148,0.31232666087398153,1
1259,2500,seqmar,0.2558505160746848,full,0.25309294836075363,0.009906592566595951,0.23367638372071337,0.2725095130007939,1
1259,2500,seqmar,0.2558505160746848,cc,0.23362829914682615,0.013805919764450314,0.20656919363505383,0.26068740465859847,1
1259,2500,seqmar,0.2558505160746848,cc_ccproj,0.23556612577402916,0.013843340584830367,0.20843367680204,0.2626985747460183,1
1259,2500,seqmar,0.2558505160746848,seq,0.2658104833279036,0.012435861334001517,0.24143664299652637,0.29018432365928076,1
1260,2500,seqmar,0.2558505160746848,full,0.2553263969025102,0.009403017667709384,0.23689682092780598,0.2737559728772144,1
1260,2500,seqmar,0.2558505160746848,cc,0.24017679837182285,0.016777271259260852,0.20729395094481262,0.2730596457988331,1
1260,2500,seqmar,0.2558505160746848,cc_ccproj,0.2407501746723954,0.016525028057462584,0.20836171483625485,0.2731386345085359,1
1260,2500,seqmar,0.2558505160746848,seq,0.27868976721495453,0.021090528522343197,0.2373530908962471,0.32002644353366194,1
1261,2500,seqmar,0.2558505160746848,full,0.2515223700641523,0.009372119138089881,0.23315335409467755,0.26989138603362706,1
1261,2500,seqmar,0.2558505160746848,cc,0.20706039011618163,0.012234910153069344,0.18308040686208227,0.231040373370281,0
1261,2500,seqmar,0.2558505160746848,cc_ccproj,0.2061438744805747,0.012184570306412665,0.1822625555129097,0.23002519344823968,0
1261,2500,seqmar,0.2558505160746848,seq,0.24551196291945335,0.013981145508758735,0.2181094212596723,0.2729145045792344,1
1262,2500,seqmar,0.2558505160746848,full,0.26099731414292193,0.009319542650547711,0.24273134619546347,0.2792632820903804,1
1262,2500,seqmar,0.2558505160746848,cc,0.23656240084212332,0.013930728933738399,0.209258673853606,0.2638661278306407,1
1262,2500,seqmar,0.2558505160746848,cc_ccproj,0.2345272601356571,0.013726456629327494,0.20762389950682417,0.2614306207644901,1
1262,2500,seqmar,0.2558505160746848,seq,0.2798013276021153,0.01633392490828575,0.2477874230556935,0.31181523214853707,1
1263,2500,seqmar,0.2558505160746848,full,0.25718918738382207,0.01003527090325646,0.23752041783833666,0.2768579569293075,1
1263,2500,seqmar,0.2558505160746848,cc,0.21719913405780736,0.01505788253231239,0.18768622661104029,0.24671204150457443,0
1263,2500,seqmar,0.2558505160746848,cc_ccproj,0.21560777029791947,0.014781084199491958,0.18663737761446117,0.24457816298137777,0
1263,2500,seqmar,0.2558505160746848,seq,0.2537851616354457,0.012587637185836376,0.22911384610074925,0.2784564771701421,1
1264,2500,seqmar,0.2558505160746848,full,0.24964432830035493,0.008665938169976876,0.2326594015949493,0.26662925500576057,1
1264,2500,seqmar,0.2558505160746848,cc,0.22410739608223812,0.013709030260338784,0.19723819050900435,0.2509766016554719,0
1264,2500,seqmar,0.2558505160746848,cc_ccproj,0.22247527376586057,0.013860583882728214,0.19530902855101692,0.24964151898070422,0
1264,2500,seqmar,0.2558505160746848,seq,0.2651421428787885,0.018083495085484392,0.22969914379663203,0.300585141960945,1
1265,2500,seqmar,0.2558505160746848,full,0.25901671005224824,0.010334814501827307,0.23876084584176446,0.279272574262732,1
1265,2500,seqmar,0.2558505160746848,cc,0.23957239810480552,0.02062923966656497,0.1991398313298931,0.28000496487971793,1
1265,2500,seqmar,0.2558505160746848,cc_ccproj,0.23898583574682475,0.020632918419455363,0.19854605874873915,0.27942561274491035,1
1265,2500,seqmar,0.2558505160746848,seq,0.26902139950704945,0.016360289250235336,0.23695582179993038,0.3010869772141685,1
1266,2500,seqmar,0.2558505160746848,full,0.2590499806709881,0.010244003715542384,0.23897210233103056,0.27912785901094567,1
1266,2500,seqmar,0.2558505160746848,cc,0.22726594870821773,0.014287775594819774,0.19926242312318063,0.25526947429325486,0
1266,2500,seqmar,0.2558505160746848,cc_ccproj,0.22905024148386147,0.014199887446308623,0.20121897350457413,0.2568815094631488,1
1266,2500,seqmar,0.2558505160746848,seq,0.2725519913682982,0.01467915000241211,0.24378138603990943,0.301322596696687,1
1267,2500,seqmar,0.2558505160746848,full,0.23687217865667348,0.009674864572155478,0.21790979253994622,0.2558345647734007,0
1267,2500,seqmar,0.2558505160746848,cc,0.20162248826237583,0.015496780302404256,0.17124935699333377,0.2319956195314179,0
1267,2500,seqmar,0.2558505160746848,cc_ccproj,0.20311616658216605,0.01535090320482591,0.1730289491705468,0.23320338399378532,0
1267,2500,seqmar,0.2558505160746848,seq,0.23657267122453732,0.012599788763571604,0.21187753903512452,0.2612678034139501,1
1268,2500,seqmar,0.2558505160746848,full,0.24074728575650214,0.010084566936575931,0.2209818977611299,0.26051267375187437,1
1268,2500,seqmar,0.2558505160746848,cc,0.21920275361035468,0.016632958638418346,0.18660275372271035,0.251802753497999,0
1268,2500,seqmar,0.2558505160746848,cc_ccproj,0.222221187173001,0.016635767835376448,0.18961568136049328,0.2548266929855087,0
1268,2500,seqmar,0.2558505160746848,seq,0.24532729601441206,0.01401005339785032,0.2178680959331424,0.2727864960956817,1
1269,2500,seqmar,0.2558505160746848,full,0.2536850883868886,0.00993440967779374,0.2342140032107467,0.27315617356303046,1
1269,2500,seqmar,0.2558505160746848,cc,0.22342724885984225,0.014604408361336538,0.194803134456107,0.25205136326357747,0
1269,2500,seqmar,0.2558505160746848,cc_ccproj,0.22439784552243935,0.014400162118420753,0.19617404639879665,0.25262164464608206,0
1269,2500,seqmar,0.2558505160746848,seq,0.26189261901621513,0.012562674118011536,0.23727023019539903,0.2865150078370312,1
1270,2500,seqmar,0.2558505160746848,full,0.2684160044695896,0.009465085734270325,0.2498647773198359,0.2869672316193433,1
1270,2500,seqmar,0.2558505160746848,cc,0.2417199459029598,0.015392023186280706,0.21155213480864418,0.27188775699727546,1
1270,2500,seqmar,0.2558505160746848,cc_ccproj,0.24259499298321466,0.015382949331032425,0.21244496631838658,0.2727450196480427,1
1270,2500,seqmar,0.2558505160746848,seq,0.2775631314883631,0.013157209049377077,0.2517754756145195,0.30335078736220666,1
1271,2500,seqmar,0.2558505160746848,full,0.26626311812209125,0.010202111228463784,0.24626734754803054,0.28625888869615196,1
1271,2500,seqmar,0.2558505160746848,cc,0.23566322184573427,0.01843037592762837,0.19954034880604868,0.2717860948854199,1
1271,2500,seqmar,0.2558505160746848,cc_ccproj,0.23657737888564767,0.018411512650172445,0.20049147719040608,0.2726632805808893,1
1271,2500,seqmar,0.2558505160746848,seq,0.26973967171430524,0.01742661805538441,0.23558412795341638,0.3038952154751941,1
1272,2500,seqmar,0.2558505160746848,full,0.2500945673044347,0.010303728801936482,0.22989962994617114,0.27028950466269824,1
1272,2500,seqmar,0.2558505160746848,cc,0.2310840281060635,0.014757224105258572,0.20216040034797036,0.26000765586415664,1
1272,2500,seqmar,0.2558505160746848,cc_ccproj,0.23011841282695808,0.014912091882203165,0.20089124980368778,0.2593455758502284,1
1272,2500,seqmar,0.2558505160746848,seq,0.25688599319180355,0.013921532062910056,0.22960029173888025,0.28417169464472686,1
1273,2500,seqmar,0.2558505160746848,full,0.24713453196490923,0.011518691193152759,0.22455831207729113,0.26971075185252735,1
1273,2500,seqmar,0.2558505160746848,cc,0.23013778580990785,0.024422677326899383,0.1822702178431421,0.27800535377667357,1
1273,2500,seqmar,0.2558505160746848,cc_ccproj,0.22972767103197866,0.02431066550687776,0.1820796421982981,0.27737569986565924,1
1273,2500,seqmar,0.2558505160746848,seq,0.2513123792783613,0.01828286130957325,0.21547862957725694,0.2871461289794657,1
1274,2500,seqmar,0.2558505160746848,full,0.26133800007001784,0.013658274681114024,0.23456827360407906,0.2881077265359566,1
1274,2500,seqmar,0.2558505160746848,cc,0.23045451679359916,0.013523086711405992,0.2039497538794312,0.2569592797077671,1
1274,2500,seqmar,0.2558505160746848,cc_ccproj,0.23393081756186337,0.013558608379828823,0.2073564334569159,0.26050520166681085,1
1274,2500,seqmar,0.2558505160746848,seq,0.2607427020911681,0.014365939867432245,0.23258597734693282,0.28889942683540343,1
1275,2500,seqmar,0.2558505160746848,full,0.2418088357957186,0.008611950549484932,0.2249297228820882,0.25868794870934897,1
1275,2500,seqmar,0.2558505160746848,cc,0.21431523402767202,0.011037311403031887,0.19268250119157626,0.2359479668637678,0
1275,2500,seqmar,0.2558505160746848,cc_ccproj,0.21427753916505016,0.011280961645414322,0.19216726062906037,0.23638781770103995,0
1275,2500,seqmar,0.2558505160746848,seq,0.24062326404736986,0.011224687207011358,0.2186232813839001,0.2626232467108396,1
1276,2500,seqmar,0.2558505160746848,full,0.2746105259761956,0.00943910628088563,0.256110217619414,0.29311083433297724,0
1276,2500,seqmar,0.2558505160746848,cc,0.24670617081968257,0.012764942310090826,0.22168734362717304,0.27172499801219213,1
1276,2500,seqmar,0.2558505160746848,cc_ccproj,0.24276406999069586,0.012826615660756,0.21762436525207668,0.26790377472931504,1
1276,2500,seqmar,0.2558505160746848,seq,0.2869608829491204,0.015810642613135428,0.25597259285494073,0.3179491730433001,0
1277,2500,seqmar,0.2558505160746848,full,0.26581061604392286,0.010042221328078227,0.24612822391610956,0.2854930081717362,1
1277,2500,seqmar,0.2558505160746848,cc,0.24751712162371506,0.012654642148662203,0.22271447877509457,0.2723197644723355,1
1277,2500,seqmar,0.2558505160746848,cc_ccproj,0.24798147500495607,0.012660575405503994,0.22316720318661465,0.2727957468232975,1
1277,2500,seqmar,0.2558505160746848,seq,0.26330224638761585,0.012835975195622296,0.23814419729774666,0.28846029547748503,1
1278,2500,seqmar,0.2558505160746848,full,0.24958239157124726,0.008788288183446683,0.23235766324593282,0.2668071198965617,1
1278,2500,seqmar,0.2558505160746848,cc,0.21190670526147182,0.01265257675025979,0.1871081105193338,0.23670530000360984,0
1278,2500,seqmar,0.2558505160746848,cc_ccproj,0.21503493708257157,0.012749687991393144,0.1900460078053182,0.24002386635982495,0
1278,2500,seqmar,0.2558505160746848,seq,0.23486822692238685,0.016904912813370664,0.20173520664639066,0.26800124719838303,1
1279,2500,seqmar,0.2558505160746848,full,0.24498655535101665,0.010703609183718677,0.2240078668463359,0.2659652438556974,1
1279,2500,seqmar,0.2558505160746848,cc,0.20452890785181344,0.01779691549313997,0.1696475944493562,0.23941022125427067,0
1279,2500,seqmar,0.2558505160746848,cc_ccproj,0.20504086200536523,0.017690816545753052,0.17036749871858398,0.23971422529214648,0
1279,2500,seqmar,0.2558505160746848,seq,0.24489069979578457,0.014316094437172916,0.21683167029965145,0.2729497292919177,1
1280,2500,seqmar,0.2558505160746848,full,0.25598539007625887,0.009813056815400501,0.23675215213982856,0.27521862801268915,1
1280,2500,seqmar,0.2558505160746848,cc,0.2114208095890317,0.013129231576545664,0.18568798855431617,0.23715363062374722,0
1280,2500,seqmar,0.2558505160746848,cc_ccproj,0.21107453113769126,0.012972321947786967,0.18564924732417032,0.2364998149512122,0
1280,2500,seqmar,0.2558505160746848,seq,0.2457260872226343,0.012191362668283016,0.22183145547033345,0.26962071897493517,1
1281,2500,seqmar,0.2558505160746848,full,0.24249769854835837,0.012272549226940536,0.21844394406506004,0.2665514530316567,1
1281,2500,seqmar,0.2558505160746848,cc,0.1950423212421902,0.026801665463675576,0.14251202220769507,0.24757262027668533,0
1281,2500,seqmar,0.2558505160746848,cc_ccproj,0.19999539204886754,0.026028497216081893,0.14898047493364597,0.2510103091640891,0
1281,2500,seqmar,0.2558505160746848,seq,0.2474112132004541,0.0258128451914742,0.19681896628665674,0.29800346011425144,1
1282,2500,seqmar,0.2558505160746848,full,0.2562381969665188,0.010031552572832413,0.23657671521474713,0.2758996787182904,1
1282,2500,seqmar,0.2558505160746848,cc,0.2291535717673687,0.018588747116101437,0.19272029690208708,0.2655868466326503,1
1282,2500,seqmar,0.2558505160746848,cc_ccproj,0.2304859613038935,0.018627839228991118,0.19397606730526856,0.26699585530251846,1
1282,2500,seqmar,0.2558505160746848,seq,0.26456026679422245,0.014365267201763834,0.23640486045047085,0.29271567313797403,1
1283,2500,seqmar,0.2558505160746848,full,0.2573100952341452,0.01066337424061316,0.23641026576887128,0.2782099246994192,1
1283,2500,seqmar,0.2558505160746848,cc,0.23553300341179384,0.021605443115651938,0.19318711303508718,0.2778788937885005,1
1283,2500,seqmar,0.2558505160746848,cc_ccproj,0.23819996446628544,0.02165300895802758,0.19576084675162822,0.28063908218094263,1
1283,2500,seqmar,0.2558505160746848,seq,0.25588266120444214,0.01670088121480243,0.22314953551334782,0.28861578689553646,1
1284,2500,seqmar,0.2558505160746848,full,0.256808863227722,0.010352809143115769,0.2365177301683981,0.2770999962870459,1
1284,2500,seqmar,0.2558505160746848,cc,0.2038724196132741,0.014315068200571707,0.17581540150391894,0.23192943772262925,0
1284,2500,seqmar,0.2558505160746848,cc_ccproj,0.20582349063978828,0.014114095671711478,0.1781603714488811,0.23348660983069544,0
1284,2500,seqmar,0.2558505160746848,seq,0.24372185567274865,0.014573106913498035,0.21515909097944083,0.2722846203660565,1
1285,2500,seqmar,0.2558505160746848,full,0.2617647003509211,0.012741429584234201,0.2367919572542689,0.2867374434475733,1
1285,2500,seqmar,0.2558505160746848,cc,0.20397598016233776,0.013527606846066227,0.17746235794703047,0.23048960237764504,0
1285,2500,seqmar,0.2558505160746848,cc_ccproj,0.20541554691471398,0.013275591433229539,0.1793958658321156,0.23143522799731236,0
1285,2500,seqmar,0.2558505160746848,seq,0.22551758930663404,0.014239613367506026,0.1976084599525471,0.253426718660721,0
1286,2500,seqmar,0.2558505160746848,full,0.27553878330809484,0.009074561294717141,0.25775296999494807,0.2933245966212416,0
1286,2500,seqmar,0.2558505160746848,cc,0.23632730582717326,0.018013522796151097,0.20102144991202586,0.27163316174232066,1
1286,2500,seqmar,0.2558505160746848,cc_ccproj,0.23662735725373896,0.017653194371018824,0.20202773207445685,0.27122698243302107,1
1286,2500,seqmar,0.2558505160746848,seq,0.28436546121229794,0.01573955290495392,0.25351650438582546,0.3152144180387704,1
1287,2500,seqmar,0.2558505160746848,full,0.2504542507302364,0.009668713574106765,0.23150392034815362,0.26940458111231924,1
1287,2500,seqmar,0.2558505160746848,cc,0.21926431583125294,0.014020705780337357,0.19178423746395917,0.2467443941985467,0
1287,2500,seqmar,0.2558505160746848,cc_ccproj,0.2176084338627264,0.013990419920499991,0.1901877146899547,0.2450291530354981,0
1287,2500,seqmar,0.2558505160746848,seq,0.2561464137464746,0.011430757093067597,0.23374254152803636,0.2785502859649129,1
1288,2500,seqmar,0.2558505160746848,full,0.24273394605100726,0.009504945997428231,0.22410459422104978,0.26136329788096474,1
1288,2500,seqmar,0.2558505160746848,cc,0.22301174432925663,0.013530361923679185,0.19649272226105335,0.2495307663974599,0
1288,2500,seqmar,0.2558505160746848,cc_ccproj,0.22399895526224073,0.013533468538578446,0.19747384434072104,0.2505240661837604,0
1288,2500,seqmar,0.2558505160746848,seq,0.2464205402935073,0.014337047850087643,0.2183204428627081,0.27452063772430646,1
1289,2500,seqmar,0.2558505160746848,full,0.2744494868561948,0.0102181944056158,0.25442219383415915,0.29447677987823045,1
1289,2500,seqmar,0.2558505160746848,cc,0.24644260351897856,0.017574578638037183,0.2119970623449587,0.28088814469299844,1
1289,2500,seqmar,0.2558505160746848,cc_ccproj,0.2473198688116842,0.017393080492027254,0.21323005746710458,0.28140968015626383,1
1289,2500,seqmar,0.2558505160746848,seq,0.2590542626871628,0.022994193861625024,0.21398647086484576,0.3041220545094798,1
1290,2500,seqmar,0.2558505160746848,full,0.24247540427856729,0.009628087936760944,0.22360469868253127,0.26134610987460327,1
1290,2500,seqmar,0.2558505160746848,cc,0.1923458125234805,0.014490732182956325,0.16394449933527064,0.2207471257116904,0
1290,2500,seqmar,0.2558505160746848,cc_ccproj,0.18996877922593733,0.01444777204069591,0.1616516663693286,0.21828589208254606,0
1290,2500,seqmar,0.2558505160746848,seq,0.22425277011166417,0.019793469384266352,0.18545828298940592,0.2630472572339224,1
1291,2500,seqmar,0.2558505160746848,full,0.252236902926595,0.009539794040000625,0.23353925018826394,0.2709345556649261,1
1291,2500,seqmar,0.2558505160746848,cc,0.2246229032205897,0.01473427974464252,0.19574424558295234,0.25350156085822706,0
1291,2500,seqmar,0.2558505160746848,cc_ccproj,0.2249374202125396,0.014767876695922794,0.19599291376040254,0.2538819266646766,0
1291,2500,seqmar,0.2558505160746848,seq,0.24130315903259117,0.017297070406001553,0.2074015239987745,0.27520479406640785,1
1292,2500,seqmar,0.2558505160746848,full,0.2536636098739952,0.00957838422686892,0.2348903217592456,0.2724368979887448,1
1292,2500,seqmar,0.2558505160746848,cc,0.2074203610013212,0.017018221634502048,0.17406525951677682,0.24077546248586557,0
1292,2500,seqmar,0.2558505160746848,cc_ccproj,0.20706457204430254,0.01660941888751267,0.17451070922063838,0.2396184348679667,0
1292,2500,seqmar,0.2558505160746848,seq,0.2377678208738845,0.021759284926363868,0.19512040608886605,0.280415235658903,1
1293,2500,seqmar,0.2558505160746848,full,0.24294267767065394,0.00982828775291665,0.2236795876452412,0.2622057676960667,1
1293,2500,seqmar,0.2558505160746848,cc,0.20592026326973678,0.014623559570251661,0.17725861318626748,0.23458191335320608,0
1293,2500,seqmar,0.2558505160746848,cc_ccproj,0.2049826133843614,0.014293094755988476,0.1769686624350057,0.23299656433371713,0
1293,2500,seqmar,0.2558505160746848,seq,0.23274263741239246,0.014432513191124067,0.20445543135139005,0.26102984347339486,1
1294,2500,seqmar,0.2558505160746848,full,0.24169198790814772,0.009140170086639251,0.22377758372576445,0.259606392090531,1
1294,2500,seqmar,0.2558505160746848,cc,0.1906254862497949,0.014851588570293506,0.1615169075388129,0.21973406496077688,0
1294,2500,seqmar,0.2558505160746848,cc_ccproj,0.18955294752920512,0.014729443954390173,0.16068376786629915,0.2184221271921111,0
1294,2500,seqmar,0.2558505160746848,seq,0.22019033385882852,0.015891983877967978,0.1890426178151201,0.25133804990253694,0
1295,2500,seqmar,0.2558505160746848,full,0.2669036070644031,0.009215428812957527,0.24884169848891363,0.28496551563989253,1
1295,2500,seqmar,0.2558505160746848,cc,0.2280054461281895,0.014920911031926104,0.19876099788908796,0.257249894367291,1
1295,2500,seqmar,0.2558505160746848,cc_ccproj,0.23059733074745986,0.014797889401969681,0.20159400047239232,0.2596006610225274,1
1295,2500,seqmar,0.2558505160746848,seq,0.2610660536526928,0.012460854681366724,0.2366432272606267,0.2854888800447589,1
1296,2500,seqmar,0.2558505160746848,full,0.25894667774392266,0.00928389717975224,0.24075057363543528,0.27714278185241004,1
1296,2500,seqmar,0.2558505160746848,cc,0.22652377002208646,0.013436616543028128,0.20018848552367624,0.2528590545204967,0
1296,2500,seqmar,0.2558505160746848,cc_ccproj,0.2259064995877191,0.013295842183633633,0.1998471277636688,0.2519658714117694,0
1296,2500,seqmar,0.2558505160746848,seq,0.2654009247445252,0.01399425948441677,0.23797268016476025,0.29282916932429015,1
1297,2500,seqmar,0.2558505160746848,full,0.25311083988010996,0.009362775507935512,0.23476013708922264,0.27146154267099726,1
1297,2500,seqmar,0.2558505160746848,cc,0.21910011950091512,0.013274475591956601,0.19308262542702417,0.24511761357480608,0
1297,2500,seqmar,0.2558505160746848,cc_ccproj,0.21932215168594185,0.013218226695638076,0.19341490342300532,0.24522939994887838,0
1297,2500,seqmar,0.2558505160746848,seq,0.2662873016386309,0.013012684628289478,0.24078290842500555,0.29179169485225626,1
1298,2500,seqmar,0.2558505160746848,full,0.2624751558000769,0.009192187566236914,0.24445879923111566,0.28049151236903813,1
1298,2500,seqmar,0.2558505160746848,cc,0.2278155226590352,0.012919117237304014,0.20249451816186875,0.25313652715620166,0
1298,2500,seqmar,0.2558505160746848,cc_ccproj,0.22609788723161345,0.012959211187542287,0.20069830003598202,0.25149747442724485,0
1298,2500,seqmar,0.2558505160746848,seq,0.26207030397865105,0.011824104618145124,0.23889548477765288,0.28524512317964923,1
1299,2500,seqmar,0.2558505160746848,full,0.2640431577951703,0.00978461250379476,0.24486566968505227,0.2832206459052883,1
1299,2500,seqmar,0.2558505160746848,cc,0.22171894584257024,0.011675127125018375,0.19883611716260755,0.24460177452253293,0
1299,2500,seqmar,0.2558505160746848,cc_ccproj,0.21629221726160622,0.011669842426495715,0.1934197464004171,0.23916468812279534,0
1299,2500,seqmar,0.2558505160746848,seq,0.25218668911117637,0.01045514483749354,0.23169498177653916,0.2726783964458136,1
1300,2500,seqmar,0.2558505160746848,full,0.2594572982211386,0.010579218608620353,0.23872241076366676,0.28019218567861043,1
1300,2500,seqmar,0.2558505160746848,cc,0.25385585324684146,0.02196661989362446,0.21080206939325644,0.29690963710042645,1
1300,2500,seqmar,0.2558505160746848,cc_ccproj,0.2520964161768892,0.022031804924764496,0.2089148720099386,0.2952779603438398,1
1300,2500,seqmar,0.2558505160746848,seq,0.2701555267126777,0.020727506607879375,0.22953036027191812,0.31078069315343726,1
1301,2500,seqmar,0.2558505160746848,full,0.2573507075199188,0.009172617262168885,0.23937270804209737,0.2753287069977402,1
1301,2500,seqmar,0.2558505160746848,cc,0.20985276539831524,0.01133378927163592,0.18763894661754238,0.2320665841790881,0
1301,2500,seqmar,0.2558505160746848,cc_ccproj,0.20923324749660488,0.011246313415644122,0.18719087824309277,0.23127561675011699,0
1301,2500,seqmar,0.2558505160746848,seq,0.23580520536701643,0.012930411340924987,0.2104620648335152,0.26114834590051766,1
1302,2500,seqmar,0.2558505160746848,full,0.24444831346462334,0.009675455132938045,0.22548476987003158,0.2634118570592151,1
1302,2500,seqmar,0.2558505160746848,cc,0.22517619297579827,0.013473278832688118,0.1987690517100637,0.25158333424153284,0
1302,2500,seqmar,0.2558505160746848,cc_ccproj,0.2241582281398488,0.01350528491651353,0.19768835610253024,0.25062810017716736,0
1302,2500,seqmar,0.2558505160746848,seq,0.2637701626261399,0.012908724796369288,0.23846952693891693,0.28907079831336285,1
1303,2500,seqmar,0.2558505160746848,full,0.2524165651519237,0.009411533329403953,0.23397029878699357,0.27086283151685375,1
1303,2500,seqmar,0.2558505160746848,cc,0.20803534239503618,0.0158387903692548,0.17699188371261693,0.23907880107745544,0
1303,2500,seqmar,0.2558505160746848,cc_ccproj,0.20629170476951902,0.015540168927082144,0.17583353335876956,0.2367498761802685,0
1303,2500,seqmar,0.2558505160746848,seq,0.26215278847264906,0.0172025219959107,0.228436464917406,0.2958691120278921,1
1304,2500,seqmar,0.2558505160746848,full,0.26441568993931086,0.009163472201270312,0.2464556144514871,0.28237576542713466,1
1304,2500,seqmar,0.2558505160746848,cc,0.23827049152995897,0.014959981055505042,0.20894946745176757,0.26759151560815037,1
1304,2500,seqmar,0.2558505160746848,cc_ccproj,0.23730539541535595,0.014778996343988248,0.20833909485348984,0.26627169597722206,1
1304,2500,seqmar,0.2558505160746848,seq,0.2735763181540831,0.01355810821943084,0.2470029143455022,0.30014972196266404,1
1305,2500,seqmar,0.2558505160746848,full,0.25698461510090426,0.009031180646746828,0.23928382629540532,0.27468540390640317,1
1305,2500,seqmar,0.2558505160746848,cc,0.23468052116420585,0.01458437141934361,0.20609567844513707,0.26326536388327465,1
1305,2500,seqmar,0.2558505160746848,cc_ccproj,0.23678291723782868,0.014486483804921558,0.20838993071755965,0.2651759037580977,1
1305,2500,seqmar,0.2558505160746848,seq,0.26627046722403663,0.014389215210674664,0.23806812364531837,0.2944728108027549,1
1306,2500,seqmar,0.2558505160746848,full,0.2687010803500653,0.00932197851763254,0.2504303381908494,0.28697182250928116,1
1306,2500,seqmar,0.2558505160746848,cc,0.25204765867594997,0.019605647981802702,0.21362129473804628,0.2904740226138537,1
1306,2500,seqmar,0.2558505160746848,cc_ccproj,0.25111706330755285,0.01974034623582195,0.212426695642991,0.2898074309721147,1
1306,2500,seqmar,0.2558505160746848,seq,0.27336932297729943,0.014780152389340913,0.24440075660817762,0.30233788934642125,1
1307,2500,seqmar,0.2558505160746848,full,0.2454285603572107,0.009622804612036438,0.22656820988735335,0.26428891082706807,1
1307,2500,seqmar,0.2558505160746848,cc,0.1996194222739786,0.013429094657761478,0.17329888039978686,0.22593996414817036,0
1307,2500,seqmar,0.2558505160746848,cc_ccproj,0.20177067419856268,0.01312332248268399,0.1760494347749973,0.22749191362212806,0
1307,2500,seqmar,0.2558505160746848,seq,0.23482881207773662,0.01438795401917721,0.20662894038893098,0.26302868376654226,1
1308,2500,seqmar,0.2558505160746848,full,0.260302711991815,0.010102082552329743,0.2405029940203982,0.28010242996323176,1
1308,2500,seqmar,0.2558505160746848,cc,0.2331231232247451,0.018191960684988885,0.19746753547399826,0.26877871097549194,1
1308,2500,seqmar,0.2558505160746848,cc_ccproj,0.23074298093847848,0.0182252616162577,0.19502212456179313,0.2664638373151638,1
1308,2500,seqmar,0.2558505160746848,seq,0.2589270713083734,0.02094942848942046,0.21786694597241194,0.2999871966443348,1
1309,2500,seqmar,0.2558505160746848,full,0.2539364317036433,0.015969791006297248,0.222636216490669,0.28523664691661754,1
1309,2500,seqmar,0.2558505160746848,cc,0.24583311872036484,0.04973255888488299,0.1483590944469767,0.343307142993753,1
1309,2500,seqmar,0.2558505160746848,cc_ccproj,0.24696566605180728,0.049593104779991376,0.14976496680150297,0.3441663653021116,1
1309,2500,seqmar,0.2558505160746848,seq,0.26295798698524425,0.02753795523908852,0.20898458650875468,0.3169313874617338,1
1310,2500,seqmar,0.2558505160746848,full,0.23903699863113725,0.010507016685397795,0.21844362434279616,0.2596303729194783,1
1310,2500,seqmar,0.2558505160746848,cc,0.21809731666925308,0.01914738953399776,0.1805691227846583,0.25562551055384786,0
1310,2500,seqmar,0.2558505160746848,cc_ccproj,0.21859894968237786,0.018917408453253827,0.18152151043316678,0.25567638893158895,0
1310,2500,seqmar,0.2558505160746848,seq,0.2584102104812038,0.014774078090863556,0.22945354951832891,0.28736687144407863,1
1311,2500,seqmar,0.2558505160746848,full,0.25838077654602865,0.01044504429888885,0.23790886590328109,0.2788526871887762,1
1311,2500,seqmar,0.2558505160746848,cc,0.22863965109938564,0.02113605951324038,0.18721373567833932,0.27006556652043195,1
1311,2500,seqmar,0.2558505160746848,cc_ccproj,0.22990435195804393,0.0206592990574455,0.18941286985960848,0.2703958340564794,1
1311,2500,seqmar,0.2558505160746848,seq,0.2794363464144194,0.016651968573274983,0.24679908773910758,0.3120736050897312,1
1312,2500,seqmar,0.2558505160746848,full,0.2535128553782751,0.00912673379181253,0.23562478584983787,0.27140092490671236,1
1312,2500,seqmar,0.2558505160746848,cc,0.19938535877790145,0.01225768892401526,0.175360729953136,0.2234099876026669,0
1312,2500,seqmar,0.2558505160746848,cc_ccproj,0.19846667010235802,0.012120469987959261,0.17471098545025926,0.22222235475445679,0
1312,2500,seqmar,0.2558505160746848,seq,0.2386398619690916,0.0114262943372425,0.21624473659134233,0.26103498734684083,1
1313,2500,seqmar,0.2558505160746848,full,0.2452993845531304,0.00959312249033394,0.2264972099727947,0.2641015591334661,1
1313,2500,seqmar,0.2558505160746848,cc,0.21075791815703393,0.01514029818977495,0.18108347898987806,0.2404323573241898,0
1313,2500,seqmar,0.2558505160746848,cc_ccproj,0.21440440771262528,0.014925372951924042,0.18515121427102588,0.2436576011542247,0
1313,2500,seqmar,0.2558505160746848,seq,0.23230118523236723,0.013050933482599367,0.20672182564184458,0.2578805448228899,1
1314,2500,seqmar,0.2558505160746848,full,0.26349354620198234,0.008731705720749022,0.2463797174657119,0.2806073749382528,1
1314,2500,seqmar,0.2558505160746848,cc,0.21920518765654443,0.012535242131614744,0.19463656454109043,0.24377381077199842,0
1314,2500,seqmar,0.2558505160746848,cc_ccproj,0.2246411668689713,0.012378264689952265,0.200380213885561,0.2489021198523816,0
1314,2500,seqmar,0.2558505160746848,seq,0.260203309677807,0.013015830068769014,0.23469275151412627,0.2857138678414878,1
1315,2500,seqmar,0.2558505160746848,full,0.2790396671685927,0.010948561135145309,0.25758088166117293,0.30049845267601244,0
1315,2500,seqmar,0.2558505160746848,cc,0.25762436958434626,0.016108591211317382,0.22605211096848574,0.28919662820020675,1
1315,2500,seqmar,0.2558505160746848,cc_ccproj,0.2575336066304137,0.01635112385459795,0.22548599276864797,0.28958122049217944,1
1315,2500,seqmar,0.2558505160746848,seq,0.27549703584844193,0.012091504692646185,0.25179812213195835,0.2991959495649255,1
1316,2500,seqmar,0.2558505160746848,full,0.2543890912071588,0.00916380190911508,0.23642836950383386,0.27234981291048377,1
1316,2500,seqmar,0.2558505160746848,cc,0.24238094268961513,0.01416653605651741,0.21461504223315292,0.27014684314607734,1
1316,2500,seqmar,0.2558505160746848,cc_ccproj,0.24113163547210234,0.014172479103226674,0.21335408685813154,0.2689091840860731,1
1316,2500,seqmar,0.2558505160746848,seq,0.2757957581718835,0.012171382978996314,0.2519402858910069,0.2996512304527601,1
1317,2500,seqmar,0.2558505160746848,full,0.24990294842574043,0.010869904514713181,0.22859832706151326,0.2712075697899676,1
1317,2500,seqmar,0.2558505160746848,cc,0.21409006564842534,0.015259946216857586,0.18418112065736622,0.24399901063948445,0
1317,2500,seqmar,0.2558505160746848,cc_ccproj,0.21198126608774745,0.01497256204821382,0.1826355837169571,0.2413269484585378,0
1317,2500,seqmar,0.2558505160746848,seq,0.24386281216698444,0.011331399814430402,0.221653676636277,0.2660719476976919,1
1318,2500,seqmar,0.2558505160746848,full,0.24250075760166984,0.00881495676379544,0.22522375981935303,0.2597777553839866,1
1318,2500,seqmar,0.2558505160746848,cc,0.21711236725178581,0.011432294114767903,0.1947054825261715,0.23951925197740012,0
1318,2500,seqmar,0.2558505160746848,cc_ccproj,0.21805823199787527,0.011367962473821309,0.19577743497158265,0.2403390290241679,0
1318,2500,seqmar,0.2558505160746848,seq,0.25176854312648106,0.011671331366492543,0.22889315399652302,0.27464393225643907,1
1319,2500,seqmar,0.2558505160746848,full,0.26068339020280434,0.010698003653715427,0.2397156883350442,0.2816510920705645,1
1319,2500,seqmar,0.2558505160746848,cc,0.23778618418555192,0.01852301878825927,0.201481734475605,0.2740906338954988,1
1319,2500,seqmar,0.2558505160746848,cc_ccproj,0.23686955918075572,0.01851403394215845,0.20058271944557304,0.2731563989159384,1
1319,2500,seqmar,0.2558505160746848,seq,0.2848109258195611,0.0171226910591296,0.2512510680252611,0.31837078361386106,1
1320,2500,seqmar,0.2558505160746848,full,0.2640746148365852,0.009063044283931758,0.24631137444978732,0.281837855223383,1
1320,2500,seqmar,0.2558505160746848,cc,0.2383130666640196,0.016853481802073623,0.2052808493178541,0.2713452840101851,1
1320,2500,seqmar,0.2558505160746848,cc_ccproj,0.23733578201229466,0.016896160819117878,0.20421991532982683,0.27045164869476246,1
1320,2500,seqmar,0.2558505160746848,seq,0.2672625548117606,0.01611049925639661,0.2356865564962639,0.29883855312725727,1
1321,2500,seqmar,0.2558505160746848,full,0.25396418207373933,0.009788946592296245,0.2347781993062526,0.27315016484122606,1
1321,2500,seqmar,0.2558505160746848,cc,0.2129678434309587,0.015619492845664456,0.18235419999667532,0.2435814868652421,0
1321,2500,seqmar,0.2558505160746848,cc_ccproj,0.21682829639147844,0.015454972439822325,0.18653710702736756,0.2471194857555893,0
1321,2500,seqmar,0.2558505160746848,seq,0.25219698455341694,0.01195114254861586,0.22877317558402563,0.27562079352280827,1
1322,2500,seqmar,0.2558505160746848,full,0.25670581173451784,0.03633813021341174,0.18548438525070404,0.32792723821833164,1
1322,2500,seqmar,0.2558505160746848,cc,0.16749861116058964,0.12019455787574504,-0.06807839341358574,0.403075615734765,1
1322,2500,seqmar,0.2558505160746848,cc_ccproj,0.1655324713571893,0.11944340532803947,-0.06857230127658767,0.39963724399096623,1
1322,2500,seqmar,0.2558505160746848,seq,0.22710743882484813,0.06564910704263921,0.09843755340406046,0.3557773242456358,1
1323,2500,seqmar,0.2558505160746848,full,0.2546324983864403,0.009875421825064847,0.2352770272771724,0.2739879694957082,1
1323,2500,seqmar,0.2558505160746848,cc,0.2237172071218495,0.015439812211413937,0.19345573125941645,0.25397868298428256,0
1323,2500,seqmar,0.2558505160746848,cc_ccproj,0.223798028596126,0.015462935507781257,0.19349123190560916,0.2541048252866428,0
1323,2500,seqmar,0.2558505160746848,seq,0.24464328054078874,0.015272778407900716,0.21470918491744234,0.27457737616413513,1
1324,2500,seqmar,0.2558505160746848,full,0.2676361780596053,0.010760244753803445,0.2465464858773145,0.2887258702418961,1
1324,2500,seqmar,0.2558505160746848,cc,0.25196945107353214,0.026759005919457696,0.19952276320930093,0.3044161389377633,1
1324,2500,seqmar,0.2558505160746848,cc_ccproj,0.2530748690326118,0.02645006997733133,0.20123368448847823,0.30491605357674534,1
1324,2500,seqmar,0.2558505160746848,seq,0.2935665986306928,0.0238938378948288,0.24673553690438998,0.3403976603569956,1
1325,2500,seqmar,0.2558505160746848,full,0.23472517630906037,0.009708513826355797,0.21569683886599386,0.2537535137521269,0
1325,2500,seqmar,0.2558505160746848,cc,0.19928260534960368,0.01682266056992626,0.16631079650840616,0.2322544141908012,0
1325,2500,seqmar,0.2558505160746848,cc_ccproj,0.20027076957803225,0.016665551990316992,0.16760688789453113,0.23293465126153337,0
1325,2500,seqmar,0.2558505160746848,seq,0.22756349669826736,0.01694462349771794,0.1943526449111491,0.26077434848538567,1
1326,2500,seqmar,0.2558505160746848,full,0.265171030325497,0.011240188147907922,0.24314066637614348,0.2872013942748505,1
1326,2500,seqmar,0.2558505160746848,cc,0.2765874094981086,0.026343147893627475,0.22495578838718658,0.3282190306090307,1
1326,2500,seqmar,0.2558505160746848,cc_ccproj,0.2741142305228657,0.026340334829288423,0.22248812291673442,0.325740338128997,1
1326,2500,seqmar,0.2558505160746848,seq,0.2909224717727322,0.01636126651505991,0.25885497866175367,0.3229899648837108,0
1327,2500,seqmar,0.2558505160746848,full,0.2493719000673829,0.010610433307054983,0.22857583292519093,0.2701679672095749,1
1327,2500,seqmar,0.2558505160746848,cc,0.18887275710373028,0.019428275644965385,0.15079403655788143,0.22695147764957913,0
1327,2500,seqmar,0.2558505160746848,cc_ccproj,0.19315051772570213,0.018882889893394733,0.15614073361061306,0.2301603018407912,0
1327,2500,seqmar,0.2558505160746848,seq,0.2352420212222459,0.018127358026469934,0.19971305235550177,0.2707709900889901,1
1328,2500,seqmar,0.2558505160746848,full,0.2564920487908664,0.010695257416597487,0.23552972944895043,0.27745436813278235,1
1328,2500,seqmar,0.2558505160746848,cc,0.2141572955010715,0.01624309116048205,0.18232142182892574,0.24599316917321723,0
1328,2500,seqmar,0.2558505160746848,cc_ccproj,0.2134405255830432,0.0162352430949926,0.18162003383660508,0.2452610173294813,0
1328,2500,seqmar,0.2558505160746848,seq,0.2540094564097514,0.013217622540243121,0.22810339226963008,0.2799155205498728,1
1329,2500,seqmar,0.2558505160746848,full,0.25046772424906083,0.009566035841338865,0.23171863852521735,0.2692168099729043,1
1329,2500,seqmar,0.2558505160746848,cc,0.22473257443075445,0.014607218426504344,0.1961029524004961,0.2533621964610128,0
1329,2500,seqmar,0.2558505160746848,cc_ccproj,0.2227430287509339,0.014708941354790608,0.19391403344483252,0.25157202405703527,0
1329,2500,seqmar,0.2558505160746848,seq,0.2639961887875259,0.01482853350922628,0.23493279716589704,0.29305958040915475,1
1330,2500,seqmar,0.2558505160746848,full,0.2646958361845239,0.008837255954146313,0.247375132792235,0.28201653957681283,1
1330,2500,seqmar,0.2558505160746848,cc,0.22959712842897592,0.013630770646817624,0.20288130887968764,0.2563129479782642,1
1330,2500,seqmar,0.2558505160746848,cc_ccproj,0.23033507350403834,0.013639106095130218,0.20360291677626238,0.2570672302318143,1
1330,2500,seqmar,0.2558505160746848,seq,0.27430099618941356,0.017706363375686374,0.2395971616758892,0.3090048307029379,1
1331,2500,seqmar,0.2558505160746848,full,0.25610888678793997,0.010961307996477957,0.2346251178913923,0.27759265568448765,1
1331,2500,seqmar,0.2558505160746848,cc,0.22076141916507372,0.017458761268774034,0.1865428758635938,0.25497996246655363,0
1331,2500,seqmar,0.2558505160746848,cc_ccproj,0.21927087423848843,0.01740061189806427,0.18516630160932332,0.25337544686765356,0
1331,2500,seqmar,0.2558505160746848,seq,0.2502473191137102,0.014465555758011854,0.22189535081165093,0.2785992874157694,1
1332,2500,seqmar,0.2558505160746848,full,0.26351173335965156,0.009637573230785684,0.24462243692894428,0.2824010297903588,1
1332,2500,seqmar,0.2558505160746848,cc,0.2441997732487007,0.01808754718599317,0.2087488321954853,0.2796507143019161,1
1332,2500,seqmar,0.2558505160746848,cc_ccproj,0.2452121712907299,0.018215208904222836,0.20951101786757984,0.28091332471388,1
1332,2500,seqmar,0.2558505160746848,seq,0.29306309934642233,0.03207681913934531,0.23019368909470042,0.35593250959814426,1
1333,2500,seqmar,0.2558505160746848,full,0.2585021637476854,0.009699043316659706,0.23949238816253848,0.27751193933283236,1
1333,2500,seqmar,0.2558505160746848,cc,0.23449347469713666,0.016618258417086522,0.20192228671386747,0.26706466268040585,1
1333,2500,seqmar,0.2558505160746848,cc_ccproj,0.23191328033346154,0.016346671615183595,0.19987439270059848,0.2639521679663246,1
1333,2500,seqmar,0.2558505160746848,seq,0.2528012403883117,0.019388112187704875,0.21480123877218807,0.29080124200443536,1
1334,2500,seqmar,0.2558505160746848,full,0.25384818406452686,0.008772017699017783,0.2366553453027041,0.2710410228263496,1
1334,2500,seqmar,0.2558505160746848,cc,0.21936290203410655,0.014474183126238485,0.19099402440104174,0.24773177966717136,0
1334,2500,seqmar,0.2558505160746848,cc_ccproj,0.22282220732303926,0.014173547552918626,0.19504256458615293,0.2506018500599256,0
1334,2500,seqmar,0.2558505160746848,seq,0.2538728711875847,0.013063387238652018,0.22826910268372663,0.2794766396914428,1
1335,2500,seqmar,0.2558505160746848,full,0.2572662162990281,0.012898426091411735,0.2319857657026094,0.2825466668954469,1
1335,2500,seqmar,0.2558505160746848,cc,0.22072721409831147,0.025331572064421996,0.17107824518026343,0.2703761830163595,1
1335,2500,seqmar,0.2558505160746848,cc_ccproj,0.220746110525918,0.025124985383823475,0.17150204406152872,0.26999017699030725,1
1335,2500,seqmar,0.2558505160746848,seq,0.2606085799611021,0.020292720979362036,0.22083557769323214,0.30038158222897204,1
1336,2500,seqmar,0.2558505160746848,full,0.27252400761465895,0.012688250611700829,0.24765549338890702,0.2973925218404109,1
1336,2500,seqmar,0.2558505160746848,cc,0.267723005540105,0.031569479112519234,0.20584796346887776,0.32959804761133216,1
1336,2500,seqmar,0.2558505160746848,cc_ccproj,0.2715948308775952,0.03150832321899572,0.2098396521551164,0.33335000960007394,1
1336,2500,seqmar,0.2558505160746848,seq,0.29500581774847684,0.021047477492373522,0.2537535198980073,0.33625811559894636,1
1337,2500,seqmar,0.2558505160746848,full,0.2505549137164624,0.010889238769632922,0.22921239790892461,0.27189742952400014,1
1337,2500,seqmar,0.2558505160746848,cc,0.19045902713086915,0.02084975336775322,0.14959426144353014,0.23132379281820817,0
1337,2500,seqmar,0.2558505160746848,cc_ccproj,0.1913289737461539,0.020516164625400207,0.15111802997947482,0.23153991751283298,0
1337,2500,seqmar,0.2558505160746848,seq,0.23120655064918164,0.017336781141118557,0.19722708400473604,0.26518601729362723,1
1338,2500,seqmar,0.2558505160746848,full,0.2342527045570151,0.01033441568007254,0.21399762202280692,0.2545077870912233,0
1338,2500,seqmar,0.2558505160746848,cc,0.21393354220516367,0.013122644833174647,0.18821363095023075,0.2396534534600966,0
1338,2500,seqmar,0.2558505160746848,cc_ccproj,0.21172037323447243,0.012901265652291261,0.1864343572009979,0.23700638926794695,0
1338,2500,seqmar,0.2558505160746848,seq,0.2451116801801914,0.011934361090613448,0.22172076226409287,0.2685025980962899,1
1339,2500,seqmar,0.2558505160746848,full,0.2425154019888202,0.0105766283403447,0.22178559136387896,0.2632452126137615,1
1339,2500,seqmar,0.2558505160746848,cc,0.22409155909174597,0.014890590268650196,0.194906538456649,0.253276579726843,0
1339,2500,seqmar,0.2558505160746848,cc_ccproj,0.2248462991894198,0.014910846374364512,0.19562157731665572,0.2540710210621839,0
1339,2500,seqmar,0.2558505160746848,seq,0.24735548697522983,0.014116112352504285,0.21968841516260046,0.2750225587878592,1
1340,2500,seqmar,0.2558505160746848,full,0.2871916402056141,0.009766091113574463,0.2680504533532715,0.3063328270579567,0
1340,2500,seqmar,0.2558505160746848,cc,0.2707600754309883,0.020212411435664736,0.23114447697637988,0.3103756738855967,1
1340,2500,seqmar,0.2558505160746848,cc_ccproj,0.2740746455891401,0.020267527049442277,0.23435102251654186,0.31379826866173827,1
1340,2500,seqmar,0.2558505160746848,seq,0.31147579557743904,0.01698421931786166,0.2781873374089007,0.34476425374597736,0
1341,2500,seqmar,0.2558505160746848,full,0.2472916802585566,0.009117435648547133,0.22942183475604264,0.26516152576107055,1
1341,2500,seqmar,0.2558505160746848,cc,0.21974869897801863,0.013489586906598051,0.19330959447476337,0.2461878034812739,0
1341,2500,seqmar,0.2558505160746848,cc_ccproj,0.21897814251958547,0.013492312379500654,0.19253369618760027,0.24542258885157067,0
1341,2500,seqmar,0.2558505160746848,seq,0.2573579076233103,0.012932727130163578,0.23201022822630563,0.28270558702031495,1
1342,2500,seqmar,0.2558505160746848,full,0.2684691537374951,0.011639997075449288,0.2456551786894629,0.29128312878552726,1
1342,2500,seqmar,0.2558505160746848,cc,0.23062494233276648,0.018482828906701384,0.19439926334321594,0.266850621322317,1
1342,2500,seqmar,0.2558505160746848,cc_ccproj,0.23269809704677805,0.018319953679887407,0.19679164763575668,0.2686045464577994,1
1342,2500,seqmar,0.2558505160746848,seq,0.27018904016703643,0.014074741718962334,0.24260305330616688,0.297775027027906,1
1343,2500,seqmar,0.2558505160746848,full,0.2538834136567409,0.012389043486861907,0.229601334619591,0.27816549269389074,1
1343,2500,seqmar,0.2558505160746848,cc,0.24143949503691656,0.01647881978816605,0.20914160174438515,0.273737388329448,1
1343,2500,seqmar,0.2558505160746848,cc_ccproj,0.24214315382930784,0.016404633376203126,0.209990663232366,0.27429564442624965,1
1343,2500,seqmar,0.2558505160746848,seq,0.2797382101718991,0.015434233743487024,0.2494876679056917,0.3099887524381065,1
1344,2500,seqmar,0.2558505160746848,full,0.261460284001138,0.008983360866101103,0.24385322024345332,0.27906734775882275,1
1344,2500,seqmar,0.2558505160746848,cc,0.22553792794776165,0.012348690747384719,0.2013349388266646,0.2497409170688587,0
1344,2500,seqmar,0.2558505160746848,cc_ccproj,0.2281546532571387,0.012356512741315955,0.20393633330964914,0.25237297320462826,0
1344,2500,seqmar,0.2558505160746848,seq,0.2691326154776718,0.011859842180013975,0.24588775194251541,0.2923774790128282,1
1345,2500,seqmar,0.2558505160746848,full,0.2587569529389035,0.011564243590015306,0.23609145199402531,0.2814224538837817,1
1345,2500,seqmar,0.2558505160746848,cc,0.22018777578087464,0.02195983620513482,0.17714728771241167,0.2632282638493376,1
1345,2500,seqmar,0.2558505160746848,cc_ccproj,0.222574065481303,0.021671649096664067,0.18009841376625144,0.26504971719635456,1
1345,2500,seqmar,0.2558505160746848,seq,0.2674109777414432,0.018860715921081003,0.23044465381348322,0.30437730166940313,1
1346,2500,seqmar,0.2558505160746848,full,0.2564891403180921,0.009742517684795308,0.23739415653714876,0.2755841240990355,1
1346,2500,seqmar,0.2558505160746848,cc,0.22919084636189263,0.02069690867878595,0.1886256507601577,0.26975604196362757,1
1346,2500,seqmar,0.2558505160746848,cc_ccproj,0.23098124730160663,0.02040253927369333,0.1909930051320037,0.2709694894712095,1
1346,2500,seqmar,0.2558505160746848,seq,0.259854204237506,0.014477511780309166,0.23147880256234565,0.28822960591266633,1
1347,2500,seqmar,0.2558505160746848,full,0.2670249806107109,0.008795270521336178,0.24978656715460515,0.2842633940668166,1
1347,2500,seqmar,0.2558505160746848,cc,0.2283659556304449,0.013366645433858383,0.2021678119859657,0.25456409927492407,0
1347,2500,seqmar,0.2558505160746848,cc_ccproj,0.22547050438898872,0.013323862764347967,0.1993562132359124,0.25158479554206503,0
1347,2500,seqmar,0.2558505160746848,seq,0.2782026357451277,0.016068411057321704,0.246709128783992,0.30969614270626344,1
1348,2500,seqmar,0.2558505160746848,full,0.24693464942646465,0.01058815403560594,0.22618224885391458,0.2676870499990147,1
1348,2500,seqmar,0.2558505160746848,cc,0.23144130836773993,0.014255748295867376,0.20350055513517162,0.25938206160030824,1
1348,2500,seqmar,0.2558505160746848,cc_ccproj,0.22854954511418896,0.014268496811534222,0.20058380525005728,0.2565152849783206,1
1348,2500,seqmar,0.2558505160746848,seq,0.2664568650821335,0.013576762578300905,0.23984689940201256,0.2930668307622544,1
1349,2500,seqmar,0.2558505160746848,full,0.25012861627315486,0.012148195076922337,0.2263185914452203,0.27393864110108945,1
1349,2500,seqmar,0.2558505160746848,cc,0.19707180516311273,0.02642327318304858,0.1452831413706745,0.24886046895555097,0
1349,2500,seqmar,0.2558505160746848,cc_ccproj,0.1995581093109612,0.025949264327822914,0.14869848580311834,0.2504177328188041,0
1349,2500,seqmar,0.2558505160746848,seq,0.24155658293438892,0.017520059845642224,0.20721789662994378,0.27589526923883406,1
1350,2500,seqmar,0.2558505160746848,full,0.27688837126098,0.013362507654239613,0.25069833751552956,0.3030784050064304,1
1350,2500,seqmar,0.2558505160746848,cc,0.23593213378578343,0.027671717895575144,0.18169656332010364,0.2901677042514632,1
1350,2500,seqmar,0.2558505160746848,cc_ccproj,0.23271805880117044,0.02760178177101659,0.17861956062084372,0.28681655698149716,1
1350,2500,seqmar,0.2558505160746848,seq,0.26574938912647256,0.01829372554801549,0.22989434590930194,0.3016044323436432,1
1351,2500,seqmar,0.2558505160746848,full,0.2558545510512317,0.008791625764474774,0.23862328118730675,0.2730858209151567,1
1351,2500,seqmar,0.2558505160746848,cc,0.21841860986294445,0.01040324669176556,0.19802862102479848,0.23880859870109042,0
1351,2500,seqmar,0.2558505160746848,cc_ccproj,0.21921749465006815,0.010385149900370564,0.19886297487129212,0.23957201442884418,0
1351,2500,seqmar,0.2558505160746848,seq,0.25522821453775524,0.010376908623374925,0.2348898473650773,0.2755665817104332,1
1352,2500,seqmar,0.2558505160746848,full,0.2544653208505316,0.010565249387817882,0.23375781256272468,0.2751728291383385,1
1352,2500,seqmar,0.2558505160746848,cc,0.2421448640258564,0.02347895128406017,0.196126965114328,0.2881627629373848,1
1352,2500,seqmar,0.2558505160746848,cc_ccproj,0.24110080248098414,0.023536585057011214,0.19496994345017854,0.28723166151178975,1
1352,2500,seqmar,0.2558505160746848,seq,0.26012697508992905,0.015255854078280506,0.23022605054310075,0.29002789963675735,1
1353,2500,seqmar,0.2558505160746848,full,0.2579533530305001,0.009460177658362217,0.23941174553275968,0.2764949605282405,1
1353,2500,seqmar,0.2558505160746848,cc,0.19236969251005534,0.014605618282706869,0.16374320670401013,0.22099617831610055,0
1353,2500,seqmar,0.2558505160746848,cc_ccproj,0.19494978905463434,0.014491356863825706,0.16654725151441865,0.22335232659485002,0
1353,2500,seqmar,0.2558505160746848,seq,0.23405216369992804,0.012399407101489972,0.2097497723513575,0.2583545550484986,1
1354,2500,seqmar,0.2558505160746848,full,0.25727517111907283,0.011187015342738076,0.23534902395280918,0.27920131828533645,1
1354,2500,seqmar,0.2558505160746848,cc,0.23280970850364985,0.018467509746004026,0.19661405451733951,0.2690053624899602,1
1354,2500,seqmar,0.2558505160746848,cc_ccproj,0.23137452957340937,0.018522241238738534,0.19507160383251929,0.26767745531429943,1
1354,2500,seqmar,0.2558505160746848,seq,0.24116833842234747,0.02953767362605388,0.18327556192818323,0.2990611149165117,1
1355,2500,seqmar,0.2558505160746848,full,0.2564883543186677,0.00982425101327489,0.23723317615756775,0.2757435324797676,1
1355,2500,seqmar,0.2558505160746848,cc,0.22668632408076286,0.016738311205081177,0.19387983695678052,0.2594928112047452,1
1355,2500,seqmar,0.2558505160746848,cc_ccproj,0.22944911765533615,0.01680278760549497,0.19651625910869,0.26238197620198234,1
1355,2500,seqmar,0.2558505160746848,seq,0.27238817608923027,0.022975733333529945,0.2273565662371152,0.31741978594134534,1
1356,2500,seqmar,0.2558505160746848,full,0.26335006289824875,0.010797387267259534,0.2421875727272887,0.2845125530692088,1
1356,2500,seqmar,0.2558505160746848,cc,0.2183868562351544,0.021468570300071002,0.17630923164744897,0.26046448082285983,1
1356,2500,seqmar,0.2558505160746848,cc_ccproj,0.21550989809397933,0.021440759151033023,0.17348678235675702,0.25753301383120164,1
1356,2500,seqmar,0.2558505160746848,seq,0.2506036074139347,0.015318774843960452,0.22057936043249404,0.2806278543953754,1
1357,2500,seqmar,0.2558505160746848,full,0.2595483552686371,0.01524401530892043,0.22967063428337586,0.2894260762538984,1
1357,2500,seqmar,0.2558505160746848,cc,0.2637423560889691,0.043922535796720986,0.17765576781772469,0.34982894436021356,1
1357,2500,seqmar,0.2558505160746848,cc_ccproj,0.2651038494699601,0.043924074770999535,0.17901424486455658,0.35119345407536356,1
1357,2500,seqmar,0.2558505160746848,seq,0.2678562023575222,0.02515312203528608,0.21855698906962068,0.31715541564542377,1
1358,2500,seqmar,0.2558505160746848,full,0.2662351927396054,0.009418159087198551,0.2477759401280276,0.28469444535118316,1
1358,2500,seqmar,0.2558505160746848,cc,0.2380743511196834,0.016043525169608525,0.2066296196021888,0.26951908263717794,1
1358,2500,seqmar,0.2558505160746848,cc_ccproj,0.23873298197242804,0.015880295066699943,0.20760817557782704,0.269857788367029,1
1358,2500,seqmar,0.2558505160746848,seq,0.26991978106067116,0.014614272588735098,0.24127633312649943,0.2985632289948429,1
1359,2500,seqmar,0.2558505160746848,full,0.257835415822797,0.010028592663390517,0.238179735386929,0.277491096258665,1
1359,2500,seqmar,0.2558505160746848,cc,0.24284293120896272,0.0197266340544593,0.20417943892602114,0.2815064234919043,1
1359,2500,seqmar,0.2558505160746848,cc_ccproj,0.24020999254926637,0.019737893351095857,0.2015244324504259,0.27889555264810684,1
1359,2500,seqmar,0.2558505160746848,seq,0.2668142349094772,0.015369250782285784,0.236691056906833,0.2969374129121214,1
1360,2500,seqmar,0.2558505160746848,full,0.26716190492044584,0.008938923701162919,0.24964193640561502,0.2846818734352766,1
1360,2500,seqmar,0.2558505160746848,cc,0.2512459737299234,0.015673824801432267,0.2205258416191255,0.2819661058407213,1
1360,2500,seqmar,0.2558505160746848,cc_ccproj,0.24972194213133225,0.015798140517877247,0.2187581556935899,0.2806857285690746,1
1360,2500,seqmar,0.2558505160746848,seq,0.27731489025526734,0.013903963802766463,0.2500636219594965,0.3045661585510382,1
1361,2500,seqmar,0.2558505160746848,full,0.27155084615330166,0.00990407067248642,0.2521392243348889,0.29096246797171443,1
1361,2500,seqmar,0.2558505160746848,cc,0.2568170572071085,0.018800596501155675,0.21996856517697363,0.2936655492372434,1
1361,2500,seqmar,0.2558505160746848,cc_ccproj,0.2556009896450347,0.018733070286090926,0.21888484656443902,0.29231713272563037,1
1361,2500,seqmar,0.2558505160746848,seq,0.2846718947444529,0.013672827478040828,0.25787364532066326,0.3114701441682426,0
1362,2500,seqmar,0.2558505160746848,full,0.2474379377480457,0.009274124948145017,0.22926098686155708,0.2656148886345343,1
1362,2500,seqmar,0.2558505160746848,cc,0.2139213163094296,0.012257877149012995,0.18989631857044761,0.23794631404841157,0
1362,2500,seqmar,0.2558505160746848,cc_ccproj,0.21199413392512137,0.012372413719618194,0.18774464863284046,0.23624361921740228,0
1362,2500,seqmar,0.2558505160746848,seq,0.23983641592085572,0.01280477092479436,0.21473952607797314,0.2649333057637383,1
1363,2500,seqmar,0.2558505160746848,full,0.2513035107188685,0.010024490257912794,0.23165587084998676,0.2709511505877502,1
1363,2500,seqmar,0.2558505160746848,cc,0.22065911867756008,0.014250002849350706,0.19272962631323953,0.24858861104188062,0
1363,2500,seqmar,0.2558505160746848,cc_ccproj,0.21960888486951716,0.014384527329625538,0.19141572936881898,0.24780204037021533,0
1363,2500,seqmar,0.2558505160746848,seq,0.24965011302726717,0.013433270871466558,0.22332138592462172,0.2759788401299126,1
1364,2500,seqmar,0.2558505160746848,full,0.2513671104560631,0.009347944639639371,0.23304547563289565,0.2696887452792305,1
1364,2500,seqmar,0.2558505160746848,cc,0.20808943263376578,0.01217500143647803,0.18422686830654542,0.23195199696098615,0
1364,2500,seqmar,0.2558505160746848,cc_ccproj,0.20570230100527384,0.012262136110821466,0.1816689558545357,0.22973564615601197,0
1364,2500,seqmar,0.2558505160746848,seq,0.24674227092884665,0.010497930072261345,0.22616670607499445,0.26731783578269885,1
1365,2500,seqmar,0.2558505160746848,full,0.26875040844878,0.012347700439395348,0.24454936029567573,0.29295145660188426,1
1365,2500,seqmar,0.2558505160746848,cc,0.23023989672485412,0.012896654131475449,0.20496291910609254,0.2555168743436157,0
1365,2500,seqmar,0.2558505160746848,cc_ccproj,0.2300569493815031,0.012939774691930467,0.2046954570172565,0.2554184417457497,0
1365,2500,seqmar,0.2558505160746848,seq,0.26231171978335344,0.012347427838496319,0.2381112059181934,0.28651223364851347,1
1366,2500,seqmar,0.2558505160746848,full,0.25227447421198784,0.010211896044813835,0.2322595257502857,0.27228942267369,1
1366,2500,seqmar,0.2558505160746848,cc,0.21281967093810827,0.015473662128455105,0.18249185045739488,0.24314749141882167,0
1366,2500,seqmar,0.2558505160746848,cc_ccproj,0.2075189023661902,0.015474645856411782,0.17718915381411113,0.23784865091826926,0
1366,2500,seqmar,0.2558505160746848,seq,0.23629688740473667,0.016344010028184253,0.20426321638653405,0.2683305584229393,1
1367,2500,seqmar,0.2558505160746848,full,0.2654149243646763,0.009700624338151685,0.2464020500343463,0.2844277986950063,1
1367,2500,seqmar,0.2558505160746848,cc,0.24627020881031778,0.01556991127205485,0.21575374347460605,0.2767866741460295,1
1367,2500,seqmar,0.2558505160746848,cc_ccproj,0.24549630379154005,0.015589819269408218,0.21494081949801142,0.2760517880850687,1
1367,2500,seqmar,0.2558505160746848,seq,0.26135469153744373,0.01385178187823624,0.2342056979343961,0.28850368514049135,1
1368,2500,seqmar,0.2558505160746848,full,0.25282218281735946,0.0095822318961294,0.23404135340943488,0.27160301222528405,1
1368,2500,seqmar,0.2558505160746848,cc,0.2166103574411598,0.01371121569452733,0.1897368684956259,0.2434838463866937,0
1368,2500,seqmar,0.2558505160746848,cc_ccproj,0.21576716520708042,0.013682365442082647,0.18895022171728298,0.24258410869687785,0
1368,2500,seqmar,0.2558505160746848,seq,0.26354407105112565,0.013812167143439176,0.2364727209015374,0.29061542120071393,1
1369,2500,seqmar,0.2558505160746848,full,0.2755417012388427,0.009694074451555668,0.2565416644503437,0.2945417380273417,0
1369,2500,seqmar,0.2558505160746848,cc,0.25351930787074745,0.017575122099934202,0.21907270153098246,0.28796591421051243,1
1369,2500,seqmar,0.2558505160746848,cc_ccproj,0.25309959450986014,0.017480673860429244,0.21883810331792808,0.2873610857017922,1
1369,2500,seqmar,0.2558505160746848,seq,0.28749794704789866,0.015501913860682965,0.2571147541895178,0.31788113990627953,0
1370,2500,seqmar,0.2558505160746848,full,0.25018958553640513,0.011678387326021118,0.22730036697989472,0.2730788040929156,1
1370,2500,seqmar,0.2558505160746848,cc,0.21302460411164006,0.012662281307224986,0.18820698878736433,0.2378422194359158,0
1370,2500,seqmar,0.2558505160746848,cc_ccproj,0.21048452618139044,0.012531606681134805,0.1859230284179447,0.23504602394483617,0
1370,2500,seqmar,0.2558505160746848,seq,0.2344814397600951,0.014317367232174291,0.2064199156315996,0.26254296388859066,1
1371,2500,seqmar,0.2558505160746848,full,0.25229259016813993,0.00927954088140385,0.2341050242475213,0.2704801560887585,1
1371,2500,seqmar,0.2558505160746848,cc,0.21178947689708547,0.015974127082566243,0.18048076313078976,0.24309819066338118,0
1371,2500,seqmar,0.2558505160746848,cc_ccproj,0.21284182023830722,0.01593289844451936,0.18161391311771502,0.24406972735889942,0
1371,2500,seqmar,0.2558505160746848,seq,0.25589819096854305,0.013759265679516268,0.22893052578297313,0.28286585615411297,1
1372,2500,seqmar,0.2558505160746848,full,0.24800085240551725,0.010302986902737723,0.22780736914296343,0.26819433566807105,1
1372,2500,seqmar,0.2558505160746848,cc,0.22276078062138982,0.019590677384051,0.1843637585159065,0.26115780272687317,1
1372,2500,seqmar,0.2558505160746848,cc_ccproj,0.2275224206249607,0.019059766569113127,0.1901659645957584,0.264878876654163,1
1372,2500,seqmar,0.2558505160746848,seq,0.2568588972973566,0.0168794147025921,0.22377585240016024,0.289941942194553,1
1373,2500,seqmar,0.2558505160746848,full,0.2682140133506458,0.010188532394447756,0.2482448568022086,0.28818316989908305,1
1373,2500,seqmar,0.2558505160746848,cc,0.22532562049038535,0.012493506624477535,0.2008387974657968,0.2498124435149739,0
1373,2500,seqmar,0.2558505160746848,cc_ccproj,0.22487928066081322,0.012598174738871754,0.2001873119016823,0.24957124941994416,0
1373,2500,seqmar,0.2558505160746848,seq,0.2574068469789001,0.01238319943333526,0.23313622207618617,0.281677471881614,1
1374,2500,seqmar,0.2558505160746848,full,0.272606513839191,0.010066947099752342,0.25287566008940643,0.29233736758897555,1
1374,2500,seqmar,0.2558505160746848,cc,0.25933501268249903,0.018446733655726043,0.22318007908487308,0.295489946280125,1
1374,2500,seqmar,0.2558505160746848,cc_ccproj,0.25826347872322997,0.018498364289635666,0.2220073509426422,0.29451960650381775,1
1374,2500,seqmar,0.2558505160746848,seq,0.28920917781336525,0.016951874934012186,0.25598411347227407,0.32243424215445643,0
1375,2500,seqmar,0.2558505160746848,full,0.2629020958066909,0.010593998496054106,0.24213824030215333,0.2836659513112284,1
1375,2500,seqmar,0.2558505160746848,cc,0.2237951954023654,0.01989030130084012,0.18481092121106857,0.2627794695936622,1
1375,2500,seqmar,0.2558505160746848,cc_ccproj,0.22486162772126764,0.01953461549884076,0.1865744848917018,0.26314877055083347,1
1375,2500,seqmar,0.2558505160746848,seq,0.26952634946732645,0.01954640085311923,0.23121610776782978,0.30783659116682316,1
1376,2500,seqmar,0.2558505160746848,full,0.2852513968864226,0.01318042349784086,0.2594182415296691,0.3110845522431761,0
1376,2500,seqmar,0.2558505160746848,cc,0.2275337565851727,0.013119349570973035,0.20182030392547454,0.2532472092448709,0
1376,2500,seqmar,0.2558505160746848,cc_ccproj,0.23000653458231568,0.013271352112386248,0.20399516241588905,0.2560179067487423,1
1376,2500,seqmar,0.2558505160746848,seq,0.2629801456318885,0.01347701606227044,0.2365656795307706,0.28939461173300635,1
1377,2500,seqmar,0.2558505160746848,full,0.2518215953963758,0.010284922387555472,0.23166351793297735,0.2719796728597742,1
1377,2500,seqmar,0.2558505160746848,cc,0.2200585498055847,0.014724529064918734,0.19119900314903074,0.24891809646213867,0
1377,2500,seqmar,0.2558505160746848,cc_ccproj,0.22462375736005769,0.014616732388811077,0.19597548830632786,0.2532720264137875,0
1377,2500,seqmar,0.2558505160746848,seq,0.25383008539658675,0.01268227716463979,0.228973278911938,0.27868689188123547,1
1378,2500,seqmar,0.2558505160746848,full,0.25285116675891006,0.009527469358354662,0.234177669952726,0.27152466356509414,1
1378,2500,seqmar,0.2558505160746848,cc,0.21208204615616952,0.014595604642442684,0.18347518672439625,0.2406889055879428,0
1378,2500,seqmar,0.2558505160746848,cc_ccproj,0.21233484919713325,0.014445639254690057,0.1840219165242827,0.24064778186998378,0
1378,2500,seqmar,0.2558505160746848,seq,0.24942453541273404,0.012950192729964774,0.22404262406915065,0.27480644675631744,1
1379,2500,seqmar,0.2558505160746848,full,0.2686173843593477,0.008494497198460661,0.2519684757835884,0.28526629293510697,1
1379,2500,seqmar,0.2558505160746848,cc,0.24297112302870477,0.011663368393550531,0.22011134103892294,0.2658309050184866,1
1379,2500,seqmar,0.2558505160746848,cc_ccproj,0.2408844450955513,0.011542600190552633,0.21826136443412297,0.2635075257569796,1
1379,2500,seqmar,0.2558505160746848,seq,0.2815760769640818,0.014543025055192471,0.25307227162964097,0.3100798822985227,1
1380,2500,seqmar,0.2558505160746848,full,0.25655269956936017,0.011356933026559204,0.23429351986247066,0.2788118792762497,1
1380,2500,seqmar,0.2558505160746848,cc,0.21304597300791703,0.015755961606812863,0.18216485571676796,0.2439270902990661,0
1380,2500,seqmar,0.2558505160746848,cc_ccproj,0.21438634440397242,0.015549019650135186,0.18391082589480187,0.24486186291314296,0
1380,2500,seqmar,0.2558505160746848,seq,0.2613783941057286,0.015777842194304417,0.23045439165113554,0.2923023965603217,1
1381,2500,seqmar,0.2558505160746848,full,0.23189772956962157,0.013408453188126284,0.20561764423250278,0.25817781490674035,1
1381,2500,seqmar,0.2558505160746848,cc,0.21322158143669184,0.014304017852390138,0.18518622161178921,0.24125694126159447,0
1381,2500,seqmar,0.2558505160746848,cc_ccproj,0.213653663045264,0.014424721959302802,0.18538172751802648,0.24192559857250154,0
1381,2500,seqmar,0.2558505160746848,seq,0.242912360877136,0.01368441288791541,0.21609140446724603,0.26973331728702593,1
1382,2500,seqmar,0.2558505160746848,full,0.2685506231073797,0.010408496078047912,0.24815034566117938,0.28895090055358,1
1382,2500,seqmar,0.2558505160746848,cc,0.23446736294738094,0.021161641926552757,0.19299130691760474,0.27594341897715713,1
1382,2500,seqmar,0.2558505160746848,cc_ccproj,0.23343477298616558,0.021087108040223502,0.1921048006892225,0.2747647452831086,1
1382,2500,seqmar,0.2558505160746848,seq,0.2798955032215547,0.02007918638541708,0.24054102106727024,0.31924998537583915,1
1383,2500,seqmar,0.2558505160746848,full,0.2529906903182228,0.009903036148330262,0.23358109612989722,0.27240028450654835,1
1383,2500,seqmar,0.2558505160746848,cc,0.2207581804491141,0.01739896474445566,0.18665683618169887,0.25485952471652934,0
1383,2500,seqmar,0.2558505160746848,cc_ccproj,0.2200832659417897,0.017318743425433197,0.18613915257045077,0.25402737931312863,0
1383,2500,seqmar,0.2558505160746848,seq,0.2465969268227322,0.013066814781817017,0.22098644045771526,0.27220741318774916,1
1384,2500,seqmar,0.2558505160746848,full,0.2587760907144453,0.009158768603260502,0.2408252341093185,0.2767269473195721,1
1384,2500,seqmar,0.2558505160746848,cc,0.22880694065127555,0.014381580853220619,0.2006195601382123,0.2569943211643388,1
1384,2500,seqmar,0.2558505160746848,cc_ccproj,0.23092970979841412,0.014100685564214106,0.20329287393523063,0.25856654566159765,1
1384,2500,seqmar,0.2558505160746848,seq,0.26472129458568316,0.012363235234847472,0.24048979879298552,0.2889527903783808,1
1385,2500,seqmar,0.2558505160746848,full,0.2547159330662609,0.010853696738875495,0.2334430783589451,0.2759887877735767,1
1385,2500,seqmar,0.2558505160746848,cc,0.2095983610219132,0.023210339561765162,0.1641069314119083,0.2550897906319181,0
1385,2500,seqmar,0.2558505160746848,cc_ccproj,0.21001908553520598,0.0230695864380816,0.1648035269783324,0.2552346440920796,0
1385,2500,seqmar,0.2558505160746848,seq,0.2426370831649554,0.017046912523189704,0.20922574857189877,0.27604841775801203,1
1386,2500,seqmar,0.2558505160746848,full,0.25835524180480796,0.008666995958026084,0.2413682418729226,0.2753422417366933,1
1386,2500,seqmar,0.2558505160746848,cc,0.21679402595708916,0.013470870260355849,0.19039160540638,0.24319644650779831,0
1386,2500,seqmar,0.2558505160746848,cc_ccproj,0.21538618917840308,0.013378553751117312,0.1891647056609799,0.24160767269582625,0
1386,2500,seqmar,0.2558505160746848,seq,0.25668732891780466,0.012908746290180004,0.23138665110348683,0.2819880067321225,1
1387,2500,seqmar,0.2558505160746848,full,0.26915723957194315,0.010341723497650578,0.2488878339784764,0.2894266451654099,1
1387,2500,seqmar,0.2558505160746848,cc,0.23440585409652787,0.017115197675591925,0.20086068306408406,0.2679510251289717,1
1387,2500,seqmar,0.2558505160746848,cc_ccproj,0.2344132153140337,0.017065208901708782,0.20096602047803214,0.26786041015003526,1
1387,2500,seqmar,0.2558505160746848,seq,0.25608725295311935,0.012125788709375496,0.23232114379860094,0.2798533621076377,1
1388,2500,seqmar,0.2558505160746848,full,0.24366865823589043,0.010352909839989015,0.22337732781432162,0.26395998865745923,1
1388,2500,seqmar,0.2558505160746848,cc,0.2230140886185708,0.0161049235480403,0.19144901849064078,0.25457915874650083,0
1388,2500,seqmar,0.2558505160746848,cc_ccproj,0.22596503009188465,0.01594558471981625,0.19471225832861258,0.2572178018551567,1
1388,2500,seqmar,0.2558505160746848,seq,0.25001944877325133,0.014284988802146556,0.22202138520148612,0.27801751234501654,1
1389,2500,seqmar,0.2558505160746848,full,0.24518401285791505,0.009701811072354143,0.226168812571289,0.2641992131445411,1
1389,2500,seqmar,0.2558505160746848,cc,0.20292592708820048,0.014708618491568097,0.17409756458238715,0.2317542895940138,0
1389,2500,seqmar,0.2558505160746848,cc_ccproj,0.20312416279392267,0.01482901634477565,0.1740598248320066,0.23218850075583874,0
1389,2500,seqmar,0.2558505160746848,seq,0.2332574292624748,0.012497241496223173,0.20876328602377792,0.2577515725011717,1
1390,2500,seqmar,0.2558505160746848,full,0.2590664643291364,0.009824197128847571,0.23981139177957334,0.2783215368786994,1
1390,2500,seqmar,0.2558505160746848,cc,0.22095097920800058,0.017814397048786478,0.18603540258608245,0.2558665558299187,1
1390,2500,seqmar,0.2558505160746848,cc_ccproj,0.21937683743386305,0.017771437537177356,0.18454545990749224,0.2542082149602339,0
1390,2500,seqmar,0.2558505160746848,seq,0.23731412599556234,0.015967067596246103,0.20601924856820344,0.26860900342292127,1
1391,2500,seqmar,0.2558505160746848,full,0.26223429825881434,0.010428980047530895,0.24179387297016697,0.2826747235474617,1
1391,2500,seqmar,0.2558505160746848,cc,0.22636953237552188,0.014994837033971396,0.19698019183489054,0.25575887291615323,0
1391,2500,seqmar,0.2558505160746848,cc_ccproj,0.22761146635096347,0.014943044819898537,0.19832363668459452,0.2568992960173324,1
1391,2500,seqmar,0.2558505160746848,seq,0.27208664584950404,0.025333511703453084,0.22243387530881203,0.32173941639019604,1
1392,2500,seqmar,0.2558505160746848,full,0.24274881423758737,0.010927833235577816,0.22133065466679505,0.2641669738083797,1
1392,2500,seqmar,0.2558505160746848,cc,0.2057284372938383,0.01917880876370317,0.16813866285059892,0.24331821173707768,0
1392,2500,seqmar,0.2558505160746848,cc_ccproj,0.20768903327800708,0.019109862147009504,0.1702343917203432,0.24514367483567098,0
1392,2500,seqmar,0.2558505160746848,seq,0.243125936518627,0.016125339602587493,0.21152085165907808,0.2747310213781759,1
1393,2500,seqmar,0.2558505160746848,full,0.26317390204407787,0.009401377337493598,0.24474754105751934,0.2816002630306364,1
1393,2500,seqmar,0.2558505160746848,cc,0.24602316859670145,0.018393066415433524,0.2099734208571985,0.2820729163362044,1
1393,2500,seqmar,0.2558505160746848,cc_ccproj,0.24770920170490898,0.018469093807340638,0.2115104430154296,0.28390796039438837,1
1393,2500,seqmar,0.2558505160746848,seq,0.27875775952499815,0.015864114761098832,0.2476646659466342,0.3098508531033621,1
1394,2500,seqmar,0.2558505160746848,full,0.27865825304061015,0.014472592263009385,0.25029249344217874,0.30702401263904155,1
1394,2500,seqmar,0.2558505160746848,cc,0.24536875989632334,0.025854535950314967,0.19469480059670996,0.2960427191959367,1
1394,2500,seqmar,0.2558505160746848,cc_ccproj,0.24346655909679285,0.025860771466722145,0.1927803784095964,0.2941527397839893,1
1394,2500,seqmar,0.2558505160746848,seq,0.2701901207942771,0.018328002055485938,0.2342678968569486,0.30611234473160565,1
1395,2500,seqmar,0.2558505160746848,full,0.26514864068274585,0.009670082212005026,0.24619562781967458,0.2841016535458171,1
1395,2500,seqmar,0.2558505160746848,cc,0.24342446913091703,0.020141507074218676,0.2039478406710897,0.28290109759074433,1
1395,2500,seqmar,0.2558505160746848,cc_ccproj,0.24479586869080566,0.020127809851025052,0.20534608629512605,0.28424565108648525,1
1395,2500,seqmar,0.2558505160746848,seq,0.2679810579138283,0.013292904502573541,0.24192744383885384,0.2940346719888028,1
1396,2500,seqmar,0.2558505160746848,full,0.266493684281588,0.013941870897729754,0.23916811944493055,0.2938192491182454,1
1396,2500,seqmar,0.2558505160746848,cc,0.2412899661761509,0.013051779188203785,0.21570894903310206,0.26687098331919973,1
1396,2500,seqmar,0.2558505160746848,cc_ccproj,0.24044075858529473,0.013214129089283176,0.21454154148323665,0.26633997568735285,1
1396,2500,seqmar,0.2558505160746848,seq,0.26109545573501347,0.01122631516458488,0.23909228233333127,0.2830986291366957,1
1397,2500,seqmar,0.2558505160746848,full,0.24608017043708097,0.01364585273157725,0.21933479054485205,0.2728255503293099,1
1397,2500,seqmar,0.2558505160746848,cc,0.19118538342478658,0.028560853305396067,0.13520713957847852,0.24716362727109464,0
1397,2500,seqmar,0.2558505160746848,cc_ccproj,0.19048254869686543,0.02814623992230162,0.1353169321489308,0.24564816524480004,0
1397,2500,seqmar,0.2558505160746848,seq,0.21446694136321862,0.02295185841232147,0.16948212549680586,0.2594517572296314,1
1398,2500,seqmar,0.2558505160746848,full,0.23502229663192065,0.010000818933395286,0.21542105170655962,0.2546235415572817,0
1398,2500,seqmar,0.2558505160746848,cc,0.20270963469159156,0.015936844811844816,0.17147399283317172,0.2339452765500114,0
1398,2500,seqmar,0.2558505160746848,cc_ccproj,0.20127173335221993,0.01579970022533337,0.17030488994403714,0.23223857676040272,0
1398,2500,seqmar,0.2558505160746848,seq,0.23842444258192655,0.015510337383223933,0.20802473992274242,0.2688241452411107,1
1399,2500,seqmar,0.2558505160746848,full,0.26629030428530387,0.009448099871591852,0.24777236881464632,0.2848082397559614,1
1399,2500,seqmar,0.2558505160746848,cc,0.23395324799755962,0.014103626031348617,0.20631064892469475,0.2615958470704245,1
1399,2500,seqmar,0.2558505160746848,cc_ccproj,0.2356494288585658,0.014141003042890612,0.2079335721892289,0.2633652855279027,1
1399,2500,seqmar,0.2558505160746848,seq,0.2654556603850363,0.011797549137502661,0.24233288896968952,0.2885784318003831,1
1400,2500,seqmar,0.2558505160746848,full,0.24565593763462593,0.009328702794298106,0.22737201613532348,0.26393985913392837,1
1400,2500,seqmar,0.2558505160746848,cc,0.19894788536850602,0.014972814974656785,0.16960170727099672,0.22829406346601533,0
1400,2500,seqmar,0.2558505160746848,cc_ccproj,0.19786916643189634,0.014788555076488819,0.16888413109859127,0.2268542017652014,0
1400,2500,seqmar,0.2558505160746848,seq,0.23188238882834838,0.012140996039037916,0.2080864738553906,0.25567830380130613,0
1401,2500,seqmar,0.2558505160746848,full,0.27296945684211066,0.0094196018146415,0.2545073765367052,0.29143153714751613,1
1401,2500,seqmar,0.2558505160746848,cc,0.2561050979330945,0.018513640590086405,0.21981902915380627,0.29239116671238274,1
1401,2500,seqmar,0.2558505160746848,cc_ccproj,0.25293038176090793,0.018610649254704494,0.21645417949277992,0.28940658402903596,1
1401,2500,seqmar,0.2558505160746848,seq,0.27844801900874755,0.014789774272779069,0.2494605940946235,0.3074354439228716,1
1402,2500,seqmar,0.2558505160746848,full,0.261136655758477,0.010562686568355406,0.24043417050451543,0.28183914101243857,1
1402,2500,seqmar,0.2558505160746848,cc,0.24917288059007084,0.02055193731946054,0.20889182363140352,0.28945393754873816,1
1402,2500,seqmar,0.2558505160746848,cc_ccproj,0.2500581029488589,0.02062535959910149,0.20963314096643249,0.2904830649312853,1
1402,2500,seqmar,0.2558505160746848,seq,0.2798907673540919,0.015927016755273696,0.24867438813258946,0.31110714657559435,1
1403,2500,seqmar,0.2558505160746848,full,0.26255856723973064,0.009278722063372862,0.24437260617296266,0.28074452830649865,1
1403,2500,seqmar,0.2558505160746848,cc,0.2257125370802476,0.014639113149117986,0.19702040254236963,0.2544046716181256,0
1403,2500,seqmar,0.2558505160746848,cc_ccproj,0.2236638371437409,0.014589726647123673,0.1950684983710942,0.25225917591638763,0
1403,2500,seqmar,0.2558505160746848,seq,0.2668109623634498,0.01323392337125623,0.24087294918162472,0.2927489755452749,1
1404,2500,seqmar,0.2558505160746848,full,0.2613874001831541,0.01011728363693783,0.24155788863337954,0.2812169117329287,1
1404,2500,seqmar,0.2558505160746848,cc,0.2246867844541701,0.018961481135658053,0.18752296433474466,0.26185060457359555,1
1404,2500,seqmar,0.2558505160746848,cc_ccproj,0.22544986374935175,0.018910678036321925,0.18838561587492814,0.26251411162377536,1
1404,2500,seqmar,0.2558505160746848,seq,0.25738950296376545,0.015960636258903725,0.22610723072597005,0.28867177520156084,1
1405,2500,seqmar,0.2558505160746848,full,0.24570732360028646,0.011380684465109281,0.2234015919292578,0.26801305527131514,1
1405,2500,seqmar,0.2558505160746848,cc,0.23404777358654738,0.020206920413350645,0.1944429373379129,0.27365260983518186,1
1405,2500,seqmar,0.2558505160746848,cc_ccproj,0.233710017372683,0.020075758455464502,0.1943622538376471,0.27305778090771887,1
1405,2500,seqmar,0.2558505160746848,seq,0.26400390433737314,0.016610346533967785,0.23144822336006657,0.29655958531467974,1
1406,2500,seqmar,0.2558505160746848,full,0.24336921192461658,0.00999078363571362,0.22378763582128575,0.2629507880279474,1
1406,2500,seqmar,0.2558505160746848,cc,0.19702846046934214,0.014480679998378147,0.16864684920087145,0.22541007173781283,0
1406,2500,seqmar,0.2558505160746848,cc_ccproj,0.19428965980080803,0.014533514655783453,0.16580449450668744,0.22277482509492863,0
1406,2500,seqmar,0.2558505160746848,seq,0.2414827791057507,0.012203083052248188,0.21756517582299312,0.26540038238850827,1
1407,2500,seqmar,0.2558505160746848,full,0.25462665581954186,0.009534478766414414,0.23593942082600772,0.273313890813076,1
1407,2500,seqmar,0.2558505160746848,cc,0.20797588588004265,0.017543108747070085,0.1735920245589157,0.2423597472011696,0
1407,2500,seqmar,0.2558505160746848,cc_ccproj,0.2099845673416451,0.017386566914276366,0.17590752237486773,0.2440616123084225,0
1407,2500,seqmar,0.2558505160746848,seq,0.27102370050476576,0.02992004559051883,0.2123814887315524,0.32966591227797915,1
1408,2500,seqmar,0.2558505160746848,full,0.27713140362758304,0.008796099574663305,0.2598913652568149,0.2943714419983512,0
1408,2500,seqmar,0.2558505160746848,cc,0.23290157252874233,0.010797425933822727,0.21173900657271102,0.2540641384847736,0
1408,2500,seqmar,0.2558505160746848,cc_ccproj,0.22873652572800093,0.010808037348601243,0.20755316178117872,0.24991988967482315,0
1408,2500,seqmar,0.2558505160746848,seq,0.26146100657009647,0.011078652154320003,0.23974724735038216,0.28317476578981077,1
1409,2500,seqmar,0.2558505160746848,full,0.2469288780976176,0.010799278956864396,0.2257626802831621,0.2680950759120731,1
1409,2500,seqmar,0.2558505160746848,cc,0.21693959436625274,0.021968416710181186,0.17388228881692971,0.25999689991557573,1
1409,2500,seqmar,0.2558505160746848,cc_ccproj,0.21411938540595246,0.021728080064182923,0.17153313102695117,0.25670563978495375,1
1409,2500,seqmar,0.2558505160746848,seq,0.24918991026020745,0.01793570083888809,0.21403658257850197,0.28434323794191296,1
1410,2500,seqmar,0.2558505160746848,full,0.26541865412543675,0.010614253401037672,0.24461509973662113,0.28622220851425234,1
1410,2500,seqmar,0.2558505160746848,cc,0.2503641771486874,0.0222466862489286,0.20676147332542488,0.29396688097194995,1
1410,2500,seqmar,0.2558505160746848,cc_ccproj,0.25287964122269074,0.02229436261342497,0.20918349344210152,0.29657578900327997,1
1410,2500,seqmar,0.2558505160746848,seq,0.2795619184015582,0.016384255824136183,0.24744936707276066,0.31167446973035573,1
1411,2500,seqmar,0.2558505160746848,full,0.25187815417457593,0.009156770582922483,0.23393121361735203,0.26982509473179983,1
1411,2500,seqmar,0.2558505160746848,cc,0.22140939494142686,0.014572569424337965,0.19284768370751487,0.24997110617533885,0
1411,2500,seqmar,0.2558505160746848,cc_ccproj,0.22066972604708307,0.014617086334136178,0.19202076327326356,0.24931868882090258,0
1411,2500,seqmar,0.2558505160746848,seq,0.250572121778819,0.0121496413615532,0.22675926228509652,0.27438498127254146,1
1412,2500,seqmar,0.2558505160746848,full,0.24973463211380803,0.009925324856246672,0.23028135286070436,0.26918791136691167,1
1412,2500,seqmar,0.2558505160746848,cc,0.2070235346888695,0.014883395380291481,0.17785261577582837,0.23619445360191063,0
1412,2500,seqmar,0.2558505160746848,cc_ccproj,0.2071799227719359,0.014503794485374158,0.1787530079414319,0.2356068376024399,0
1412,2500,seqmar,0.2558505160746848,seq,0.23934724365804505,0.011918630858840087,0.2159871564296908,0.2627073308863993,1
1413,2500,seqmar,0.2558505160746848,full,0.2742723355442738,0.008913025286065562,0.2568031269902905,0.29174154409825714,0
1413,2500,seqmar,0.2558505160746848,cc,0.24374937020179777,0.014204594402096437,0.21590887675868947,0.27158986364490606,1
1413,2500,seqmar,0.2558505160746848,cc_ccproj,0.2418629551150687,0.01427284520213072,0.21388869256197718,0.2698372176681602,1
1413,2500,seqmar,0.2558505160746848,seq,0.2803368106417289,0.013569172203627291,0.2537417218225974,0.30693189946086036,1
1414,2500,seqmar,0.2558505160746848,full,0.26690832947639165,0.01177593278463746,0.24382792533413775,0.2899887336186455,1
1414,2500,seqmar,0.2558505160746848,cc,0.2483814337400848,0.028192832865066384,0.1931244967023975,0.3036383707777721,1
1414,2500,seqmar,0.2558505160746848,cc_ccproj,0.2507899334078843,0.02814212841999704,0.19563237525638902,0.3059474915593796,1
1414,2500,seqmar,0.2558505160746848,seq,0.2715525327037386,0.0181367776690532,0.23600510167678398,0.30709996373069315,1
1415,2500,seqmar,0.2558505160746848,full,0.24391108475034629,0.011453377457492817,0.22146287743231743,0.26635929206837516,1
1415,2500,seqmar,0.2558505160746848,cc,0.2056259201371796,0.021581428570716016,0.16332709740365248,0.2479247428707067,0
1415,2500,seqmar,0.2558505160746848,cc_ccproj,0.2060198149869043,0.021132455970369658,0.16460096238010133,0.24743866759370728,0
1415,2500,seqmar,0.2558505160746848,seq,0.2478665537518053,0.016280761173304997,0.21595684821122943,0.27977625929238115,1
1416,2500,seqmar,0.2558505160746848,full,0.24372912187156862,0.010929524931548468,0.22230764663760103,0.26515059710553623,1
1416,2500,seqmar,0.2558505160746848,cc,0.2004286431823394,0.01338426553449227,0.17419596477521382,0.226661321589465,0
1416,2500,seqmar,0.2558505160746848,cc_ccproj,0.19900425433276944,0.01325801245499581,0.17301902741439418,0.2249894812511447,0
1416,2500,seqmar,0.2558505160746848,seq,0.24841563764668795,0.013352879334957735,0.22224447506026163,0.27458680023311427,1
1417,2500,seqmar,0.2558505160746848,full,0.25081032090807504,0.009379838295747338,0.23242617566760068,0.26919446614854936,1
1417,2500,seqmar,0.2558505160746848,cc,0.19956736479898254,0.013046091838070095,0.1739974946573632,0.2251372349406019,0
1417,2500,seqmar,0.2558505160746848,cc_ccproj,0.20007518532220342,0.013175099625654838,0.1742524645631928,0.22589790608121404,0
1417,2500,seqmar,0.2558505160746848,seq,0.23601577294819107,0.014757659301184483,0.20709129222175693,0.2649402536746252,1
1418,2500,seqmar,0.2558505160746848,full,0.27434726055827374,0.009564859725480686,0.2556004799791539,0.29309404113739357,1
1418,2500,seqmar,0.2558505160746848,cc,0.24991707972362373,0.01738477761670152,0.21584354171565068,0.2839906177315968,1
1418,2500,seqmar,0.2558505160746848,cc_ccproj,0.24976631923588707,0.017455952065962767,0.2155532818707425,0.28397935660103163,1
1418,2500,seqmar,0.2558505160746848,seq,0.2758671974810326,0.01646858270492303,0.24358936850296425,0.30814502645910097,1
1419,2500,seqmar,0.2558505160746848,full,0.2567797248286346,0.009079390041732228,0.23898444734524782,0.27457500231202137,1
1419,2500,seqmar,0.2558505160746848,cc,0.19704188598231231,0.014288141215571717,0.1690376437937694,0.22504612817085523,0
1419,2500,seqmar,0.2558505160746848,cc_ccproj,0.1984857841374679,0.01383575004210511,0.17136821235584335,0.22560335591909245,0
1419,2500,seqmar,0.2558505160746848,seq,0.24698591698711952,0.011929031075953993,0.22360544570779062,0.27036638826644843,1
1420,2500,seqmar,0.2558505160746848,full,0.2555744085155039,0.009534723963211434,0.23688669294507847,0.2742621240859293,1
1420,2500,seqmar,0.2558505160746848,cc,0.21918934725991285,0.014199557835860183,0.19135872530523337,0.24701996921459232,0
1420,2500,seqmar,0.2558505160746848,cc_ccproj,0.21819712360905305,0.014153318254598932,0.19045712956830585,0.24593711764980025,0
1420,2500,seqmar,0.2558505160746848,seq,0.24902605415117113,0.011554848811129195,0.22637896663455245,0.27167314166778983,1
1421,2500,seqmar,0.2558505160746848,full,0.255498854603717,0.011950945471540731,0.23207543189829513,0.2789222773091389,1
1421,2500,seqmar,0.2558505160746848,cc,0.21444534630338402,0.025246804760739837,0.16496251824761957,0.2639281743591485,1
1421,2500,seqmar,0.2558505160746848,cc_ccproj,0.21493325497438992,0.025139749352842827,0.16566025166245385,0.264206258286326,1
1421,2500,seqmar,0.2558505160746848,seq,0.24841548634203123,0.01925966662386639,0.21066723340500496,0.28616373927905747,1
1422,2500,seqmar,0.2558505160746848,full,0.2539703607879048,0.009358134762210348,0.23562875369150021,0.2723119678843094,1
1422,2500,seqmar,0.2558505160746848,cc,0.21580992728843693,0.01468181574948229,0.1870340971917987,0.24458575738507515,0
1422,2500,seqmar,0.2558505160746848,cc_ccproj,0.2157185443307945,0.014447384424476843,0.18740219118801493,0.24403489747357404,0
1422,2500,seqmar,0.2558505160746848,seq,0.2536455348430457,0.01163798497545492,0.2308355034385358,0.27645556624755563,1
1423,2500,seqmar,0.2558505160746848,full,0.23148913715347316,0.011457976953012237,0.2090319149898792,0.2539463593170671,0
1423,2500,seqmar,0.2558505160746848,cc,0.19017065688441215,0.022337897843412086,0.14638918162098952,0.23395213214783478,0
1423,2500,seqmar,0.2558505160746848,cc_ccproj,0.18953166137899508,0.022264066682172068,0.14589489253253965,0.2331684302254505,0
1423,2500,seqmar,0.2558505160746848,seq,0.22463356134648663,0.016580137029540965,0.19213708990984743,0.25713003278312585,1
1424,2500,seqmar,0.2558505160746848,full,0.25779721869126176,0.015629404102543633,0.22716414955045366,0.28843028783206986,1
1424,2500,seqmar,0.2558505160746848,cc,0.20111740950243798,0.028007014431548093,0.1462246699021102,0.25601014910276576,1
1424,2500,seqmar,0.2558505160746848,cc_ccproj,0.20218220928363978,0.02778772328845268,0.1477192724259076,0.25664514614137196,1
1424,2500,seqmar,0.2558505160746848,seq,0.24085228102239506,0.031428186993469776,0.17925416641580413,0.302450395628986,1
1425,2500,seqmar,0.2558505160746848,full,0.26442034059478003,0.012442859599050261,0.24003278391595304,0.28880789727360706,1
1425,2500,seqmar,0.2558505160746848,cc,0.22449371580649777,0.01713091382497488,0.1909177416872877,0.25806968992570783,1
1425,2500,seqmar,0.2558505160746848,cc_ccproj,0.2222109785218151,0.016846695990867237,0.18919206112122,0.2552298959224102,0
1425,2500,seqmar,0.2558505160746848,seq,0.2665953138182974,0.013306748651432014,0.2405145657101637,0.29267606192643103,1
1426,2500,seqmar,0.2558505160746848,full,0.239957449981046,0.009669856494876908,0.22100487951541656,0.2589100204466755,1
1426,2500,seqmar,0.2558505160746848,cc,0.18399400132873553,0.014492494404213378,0.15558923425032903,0.21239876840714203,0
1426,2500,seqmar,0.2558505160746848,cc_ccproj,0.18562592628946387,0.014282787292739301,0.1576321775968485,0.21361967498207923,0
1426,2500,seqmar,0.2558505160746848,seq,0.22892082780599457,0.012862344014407431,0.20371109678099167,0.2541305588309975,0
1427,2500,seqmar,0.2558505160746848,full,0.2696461109009416,0.011313878995580255,0.2474713155441601,0.2918209062577231,1
1427,2500,seqmar,0.2558505160746848,cc,0.2664132681595877,0.022982489742340552,0.221368415989539,0.31145812032963643,1
1427,2500,seqmar,0.2558505160746848,cc_ccproj,0.2652964960452404,0.022943166376057474,0.2203287162568574,0.3102642758336234,1
1427,2500,seqmar,0.2558505160746848,seq,0.28381818865941266,0.02346022088836165,0.23783700064886956,0.32979937666995573,1
1428,2500,seqmar,0.2558505160746848,full,0.2618204865683001,0.011059593256005439,0.24014408210286736,0.2834968910337328,1
1428,2500,seqmar,0.2558505160746848,cc,0.2301698926996547,0.026071372029333562,0.17907094249461597,0.28126884290469345,1
1428,2500,seqmar,0.2558505160746848,cc_ccproj,0.23524774334601212,0.02594798693882197,0.18439062347460533,0.2861048632174189,1
1428,2500,seqmar,0.2558505160746848,seq,0.2538276406079378,0.016398419505179618,0.2216873289744066,0.285967952241469,1
1429,2500,seqmar,0.2558505160746848,full,0.2682200748183368,0.009747395839359872,0.2491155300301359,0.2873246196065377,1
1429,2500,seqmar,0.2558505160746848,cc,0.26042143912486,0.018709422729300106,0.2237516444038967,0.29709123384582325,1
1429,2500,seqmar,0.2558505160746848,cc_ccproj,0.2596217712654823,0.01880719287659513,0.2227603505770576,0.29648319195390704,1
1429,2500,seqmar,0.2558505160746848,seq,0.2998513556088803,0.014799089304408864,0.270845673568247,0.32885703764951363,0
1430,2500,seqmar,0.2558505160746848,full,0.24077683997417015,0.009733231096311148,0.221700057572195,0.2598536223761453,1
1430,2500,seqmar,0.2558505160746848,cc,0.20905625956216345,0.013763712989026454,0.18207987781012547,0.23603264131420143,0
1430,2500,seqmar,0.2558505160746848,cc_ccproj,0.20498104040301376,0.01376686536544915,0.1779984801067216,0.23196360069930594,0
1430,2500,seqmar,0.2558505160746848,seq,0.2246393678403514,0.01339522379606598,0.19838521163520817,0.25089352404549464,0
1431,2500,seqmar,0.2558505160746848,full,0.250837982297684,0.013214137773788786,0.2249387481743077,0.2767372164210603,1
1431,2500,seqmar,0.2558505160746848,cc,0.18791674712913414,0.032158369085400075,0.12488750192020372,0.2509459923380646,0
1431,2500,seqmar,0.2558505160746848,cc_ccproj,0.18907037381993014,0.03148410725445008,0.12736265751581172,0.25077809012404856,0
1431,2500,seqmar,0.2558505160746848,seq,0.25033672400097223,0.020785221075274172,0.20959843928273197,0.2910750087192125,1
1432,2500,seqmar,0.2558505160746848,full,0.24507127457712477,0.009867023796150282,0.22573226330207052,0.264410285852179,1
1432,2500,seqmar,0.2558505160746848,cc,0.2128527104658439,0.012878607814408893,0.18761110297858635,0.23809431795310143,0
1432,2500,seqmar,0.2558505160746848,cc_ccproj,0.21126798804497357,0.0128273202351304,0.18612690236595614,0.236409073723991,0
1432,2500,seqmar,0.2558505160746848,seq,0.2511506009567851,0.011856556032376944,0.22791217815264517,0.274389023760925,1
1433,2500,seqmar,0.2558505160746848,full,0.24802725332553086,0.009434417624424788,0.22953613456654834,0.2665183720845134,1
1433,2500,seqmar,0.2558505160746848,cc,0.215356585203733,0.013555992557432856,0.18878732801647158,0.2419258423909944,0
1433,2500,seqmar,0.2558505160746848,cc_ccproj,0.21642047989993052,0.013764724539110127,0.18944211554615997,0.24339884425370106,0
1433,2500,seqmar,0.2558505160746848,seq,0.2474979244599198,0.01214003765168974,0.2237038878916477,0.2712919610281919,1
1434,2500,seqmar,0.2558505160746848,full,0.25554102303783083,0.014201711566223124,0.22770617984920757,0.28337586622645405,1
1434,2500,seqmar,0.2558505160746848,cc,0.2492493607651214,0.04138530909603291,0.168135645447839,0.33036307608240384,1
1434,2500,seqmar,0.2558505160746848,cc_ccproj,0.2507705749025718,0.041366671433988325,0.16969338873165285,0.3318477610734908,1
1434,2500,seqmar,0.2558505160746848,seq,0.2706589871314702,0.023814993970144152,0.22398245665794908,0.3173355176049913,1
1435,2500,seqmar,0.2558505160746848,full,0.2503566759505396,0.009154102650716481,0.23241496444435267,0.2682983874567266,1
1435,2500,seqmar,0.2558505160746848,cc,0.2272752248030589,0.014254908077377997,0.19933611836846893,0.25521433123764886,0
1435,2500,seqmar,0.2558505160746848,cc_ccproj,0.2274762353885886,0.014344790169802193,0.1993609632899921,0.2555915074871851,0
1435,2500,seqmar,0.2558505160746848,seq,0.2650185990629795,0.0143040584210247,0.2369831597250142,0.29305403840094474,1
1436,2500,seqmar,0.2558505160746848,full,0.24366991822876136,0.011541249395339894,0.2210494850773005,0.2662903513802222,1
1436,2500,seqmar,0.2558505160746848,cc,0.17372124123978738,0.026537828528564792,0.12170805309590081,0.22573442938367394,0
1436,2500,seqmar,0.2558505160746848,cc_ccproj,0.17724785475408142,0.02584610675233704,0.12659041637892332,0.22790529312923952,0
1436,2500,seqmar,0.2558505160746848,seq,0.23039660762539124,0.01818228587527214,0.19475998215324652,0.26603323309753596,1
1437,2500,seqmar,0.2558505160746848,full,0.24065555202668776,0.010409833135595452,0.220252653995849,0.2610584500575265,1
1437,2500,seqmar,0.2558505160746848,cc,0.20011104809604113,0.017542521643800518,0.16572833747617774,0.23449375871590453,0
1437,2500,seqmar,0.2558505160746848,cc_ccproj,0.20085984153032482,0.01725998118595581,0.1670309000320125,0.23468878302863713,0
1437,2500,seqmar,0.2558505160746848,seq,0.2421155492773447,0.013954280708853985,0.21476566165782882,0.26946543689686053,1
1438,2500,seqmar,0.2558505160746848,full,0.24789078160527855,0.009208675547433036,0.22984210918699513,0.26593945402356195,1
1438,2500,seqmar,0.2558505160746848,cc,0.1980943949542741,0.015252760755971737,0.16819953320776357,0.22798925670078465,0
1438,2500,seqmar,0.2558505160746848,cc_ccproj,0.1989942536263208,0.01514072986581962,0.1693189683896644,0.22866953886297722,0
1438,2500,seqmar,0.2558505160746848,seq,0.2304983523325377,0.01340256012862888,0.2042298171797926,0.2567668874852828,1
1439,2500,seqmar,0.2558505160746848,full,0.24370558920412363,0.00985825771763797,0.22438375912723918,0.2630274192810081,1
1439,2500,seqmar,0.2558505160746848,cc,0.20027851181198866,0.014975711404092791,0.17092665681710104,0.2296303668068763,0
1439,2500,seqmar,0.2558505160746848,cc_ccproj,0.2037759181145129,0.014679102940324443,0.175005405026121,0.2325464312029048,0
1439,2500,seqmar,0.2558505160746848,seq,0.24050526969978428,0.013540560061023034,0.21396625964967766,0.2670442797498909,1
1440,2500,seqmar,0.2558505160746848,full,0.26798477179196245,0.012831021985294469,0.24283643081594367,0.2931331127679812,1
1440,2500,seqmar,0.2558505160746848,cc,0.2060709395618143,0.01729637003774094,0.17217067722456436,0.23997120189906423,0
1440,2500,seqmar,0.2558505160746848,cc_ccproj,0.21145257501849246,0.017150972832958685,0.17783728596606854,0.24506786407091638,0
1440,2500,seqmar,0.2558505160746848,seq,0.24234754582584925,0.015891446379155964,0.2112008832604541,0.2734942083912444,1
1441,2500,seqmar,0.2558505160746848,full,0.2402216440527438,0.00955268418575042,0.22149872709298762,0.25894456101249996,1
1441,2500,seqmar,0.2558505160746848,cc,0.2222551383890789,0.013666122846959769,0.19547002980073777,0.24904024697742003,0
1441,2500,seqmar,0.2558505160746848,cc_ccproj,0.21902204555668894,0.013660212507588372,0.19224852102065215,0.24579557009272573,0
1441,2500,seqmar,0.2558505160746848,seq,0.24118496881693863,0.011241947772270779,0.21915115606720761,0.26321878156666967,1
1442,2500,seqmar,0.2558505160746848,full,0.2538935984991332,0.009646966493826499,0.2349858916111686,0.27280130538709774,1
1442,2500,seqmar,0.2558505160746848,cc,0.2236372449177383,0.015807504880458893,0.19265510466659772,0.25461938516887883,0
1442,2500,seqmar,0.2558505160746848,cc_ccproj,0.2257009715265647,0.015618990999550227,0.195088311692591,0.2563136313605384,1
1442,2500,seqmar,0.2558505160746848,seq,0.25238749851975845,0.012251837847265223,0.22837433759469386,0.27640065944482306,1
1443,2500,seqmar,0.2558505160746848,full,0.2695849664872048,0.010054941446723042,0.2498776433849686,0.28929228958944103,1
1443,2500,seqmar,0.2558505160746848,cc,0.22101493708983966,0.015690141806703403,0.19026282423637478,0.25176704994330457,0
1443,2500,seqmar,0.2558505160746848,cc_ccproj,0.2234346450975989,0.015628799401060517,0.19280276114991912,0.25406652904527866,0
1443,2500,seqmar,0.2558505160746848,seq,0.24429007274412665,0.01343271804754903,0.21796242915644937,0.2706177163318039,1
1444,2500,seqmar,0.2558505160746848,full,0.28359809519149726,0.015945862556327548,0.25234477887866946,0.31485141150432505,1
1444,2500,seqmar,0.2558505160746848,cc,0.22323223309003287,0.012693636072112137,0.1983531635558346,0.24811130262423114,0
1444,2500,seqmar,0.2558505160746848,cc_ccproj,0.22287953596956486,0.012623149834865267,0.1981386169217762,0.24762045501735352,0
1444,2500,seqmar,0.2558505160746848,seq,0.2645689472225731,0.011422852970988136,0.24218056679874003,0.28695732764640625,1
1445,2500,seqmar,0.2558505160746848,full,0.24785412983869948,0.009646973254346684,0.22894640970035882,0.2667618499770401,1
1445,2500,seqmar,0.2558505160746848,cc,0.20487736800196493,0.016221670060876395,0.17308347891355552,0.23667125709037434,0
1445,2500,seqmar,0.2558505160746848,cc_ccproj,0.20627814412030754,0.01568634623820885,0.17553347044439283,0.23702281779622225,0
1445,2500,seqmar,0.2558505160746848,seq,0.24333320621886778,0.016683701316890315,0.2106337525089393,0.2760326599287963,1
1446,2500,seqmar,0.2558505160746848,full,0.2513519005046016,0.01083646742697571,0.23011281462808778,0.2725909863811154,1
1446,2500,seqmar,0.2558505160746848,cc,0.2133303609302235,0.01397850440994936,0.18593299572898844,0.24072772613145857,0
1446,2500,seqmar,0.2558505160746848,cc_ccproj,0.214814314201486,0.013892230647900286,0.1875860424666779,0.2420425859362941,0
1446,2500,seqmar,0.2558505160746848,seq,0.25126192853876284,0.0178911216675319,0.21619597442737612,0.2863278826501496,1
1447,2500,seqmar,0.2558505160746848,full,0.26223877158632647,0.009197084668636935,0.2442128168730326,0.28026472629962035,1
1447,2500,seqmar,0.2558505160746848,cc,0.2175930109945267,0.013641857348542763,0.1908554619091498,0.24433056007990359,0
1447,2500,seqmar,0.2558505160746848,cc_ccproj,0.22024353762137808,0.013798725941151158,0.19319853174418325,0.2472885434985729,0
1447,2500,seqmar,0.2558505160746848,seq,0.2577041024412825,0.01407911820546283,0.23010953782449317,0.28529866705807183,1
1448,2500,seqmar,0.2558505160746848,full,0.24952670291610152,0.009370008040207503,0.23116182462244408,0.267891581209759,1
1448,2500,seqmar,0.2558505160746848,cc,0.21834279102496384,0.014590794406084073,0.18974535948321058,0.2469402225667171,0
1448,2500,seqmar,0.2558505160746848,cc_ccproj,0.21565280686897514,0.014612686753495658,0.18701246711475814,0.24429314662319215,0
1448,2500,seqmar,0.2558505160746848,seq,0.25347967554912076,0.020931856544717613,0.21245399059191522,0.2945053605063263,1
1449,2500,seqmar,0.2558505160746848,full,0.2465407873270587,0.009235421029009632,0.22843969472813597,0.2646418799259814,1
1449,2500,seqmar,0.2558505160746848,cc,0.20184412770963828,0.013686996805009868,0.17501810691530414,0.2286701485039724,0
1449,2500,seqmar,0.2558505160746848,cc_ccproj,0.19839723699864698,0.013731595463102854,0.17148380444069178,0.22531066955660217,0
1449,2500,seqmar,0.2558505160746848,seq,0.24024405128837192,0.011663458303480265,0.21738409307836595,0.26310400949837787,1
1450,2500,seqmar,0.2558505160746848,full,0.26271116418691837,0.010715540553304486,0.24170909062756318,0.28371323774627355,1
1450,2500,seqmar,0.2558505160746848,cc,0.2366896348883643,0.024404147362169174,0.18885838498510457,0.2845208847916241,1
1450,2500,seqmar,0.2558505160746848,cc_ccproj,0.2327722535926484,0.02446639634268266,0.18481899792950787,0.2807255092557889,1
1450,2500,seqmar,0.2558505160746848,seq,0.25619483346744726,0.019536600467705244,0.21790380017039662,0.2944858667644979,1
1451,2500,seqmar,0.2558505160746848,full,0.2706337000488147,0.009716173105659531,0.25159035069416535,0.28967704940346406,1
1451,2500,seqmar,0.2558505160746848,cc,0.23333549313996185,0.016030591191154003,0.20191611175441496,0.2647548745255087,1
1451,2500,seqmar,0.2558505160746848,cc_ccproj,0.23351550181850253,0.01599716024431462,0.2021616438847299,0.26486935975227516,1
1451,2500,seqmar,0.2558505160746848,seq,0.28195145530218724,0.017283585681837677,0.24807624984207324,0.31582666076230126,1
1452,2500,seqmar,0.2558505160746848,full,0.26170134555999675,0.009261918676183112,0.24354831852693895,0.27985437259305457,1
1452,2500,seqmar,0.2558505160746848,cc,0.2289592934960257,0.011392141775079996,0.2066311059100947,0.2512874810819567,0
1452,2500,seqmar,0.2558505160746848,cc_ccproj,0.22950897392999128,0.011399503940467869,0.20716635676505182,0.2518515910949307,0
1452,2500,seqmar,0.2558505160746848,seq,0.26074859867812333,0.010539936589220186,0.24009070256391582,0.2814064947923308,1
1453,2500,seqmar,0.2558505160746848,full,0.2414642406170922,0.014530772524356523,0.21298444980180925,0.26994403143237516,1
1453,2500,seqmar,0.2558505160746848,cc,0.15559834388531146,0.03426160633940175,0.08844682940759484,0.22274985836302807,0
1453,2500,seqmar,0.2558505160746848,cc_ccproj,0.15375484248203675,0.03397908403671235,0.08715706154242067,0.22035262342165282,0
1453,2500,seqmar,0.2558505160746848,seq,0.2050060760387381,0.023994393716097896,0.15797792852431203,0.2520342235531642,0
1454,2500,seqmar,0.2558505160746848,full,0.25683486501145214,0.012197074770290356,0.2329290377449409,0.2807406922779634,1
1454,2500,seqmar,0.2558505160746848,cc,0.19857950268684102,0.028926992299781046,0.14188363959820272,0.2552753657754793,0
1454,2500,seqmar,0.2558505160746848,cc_ccproj,0.1999323980040544,0.028246489046771038,0.14457029678267805,0.2552944992254308,0
1454,2500,seqmar,0.2558505160746848,seq,0.22833944522577648,0.021962448673136226,0.18529383681411998,0.271385053637433,1
1455,2500,seqmar,0.2558505160746848,full,0.25494300535401687,0.011242284263349299,0.23290853309389084,0.27697747761414293,1
1455,2500,seqmar,0.2558505160746848,cc,0.22141068303724942,0.014576448297550726,0.1928413693515398,0.24997999672295904,0
1455,2500,seqmar,0.2558505160746848,cc_ccproj,0.21575108278945604,0.014648926748571107,0.18703971395009122,0.24446245162882085,0
1455,2500,seqmar,0.2558505160746848,seq,0.2578618951132385,0.013251318542278158,0.2318897880227055,0.2838340022037715,1
1456,2500,seqmar,0.2558505160746848,full,0.25311054197270844,0.010403013840269095,0.2327210095151093,0.2735000744303076,1
1456,2500,seqmar,0.2558505160746848,cc,0.21144849324279025,0.013854380288690137,0.18429440684883594,0.23860257963674456,0
1456,2500,seqmar,0.2558505160746848,cc_ccproj,0.21329399968114857,0.013716938290018663,0.18640929465455355,0.24017870470774358,0
1456,2500,seqmar,0.2558505160746848,seq,0.2736160613624659,0.019460536764005002,0.23547411018519845,0.31175801253973334,1
1457,2500,seqmar,0.2558505160746848,full,0.26011448846718965,0.009665004968717783,0.24117142681810214,0.2790575501162772,1
1457,2500,seqmar,0.2558505160746848,cc,0.2128191342621112,0.01296355748073728,0.1874110284883513,0.23822724003587106,0
1457,2500,seqmar,0.2558505160746848,cc_ccproj,0.21045442287437227,0.012946014770357948,0.1850807001811471,0.23582814556759743,0
1457,2500,seqmar,0.2558505160746848,seq,0.24454149868302055,0.015113534114423947,0.21491951613963214,0.27416348122640893,1
1458,2500,seqmar,0.2558505160746848,full,0.2543871482705239,0.008568135254564256,0.23759391175691003,0.27118038478413775,1
1458,2500,seqmar,0.2558505160746848,cc,0.20339589607948513,0.009765918111494768,0.18425504830498796,0.2225367438539823,0
1458,2500,seqmar,0.2558505160746848,cc_ccproj,0.19983441039771066,0.009698324935172503,0.18082604281440579,0.21884277798101553,0
1458,2500,seqmar,0.2558505160746848,seq,0.23728199291147556,0.010969406319753705,0.21578235159297224,0.2587816342299789,1
1459,2500,seqmar,0.2558505160746848,full,0.2654598497715916,0.01003699871208749,0.2457876937830252,0.28513200576015796,1
1459,2500,seqmar,0.2558505160746848,cc,0.25408029022390777,0.02317873340750969,0.2086508075379334,0.2995097729098821,1
1459,2500,seqmar,0.2558505160746848,cc_ccproj,0.25670474624485157,0.0232526330817377,0.21113042285892106,0.30227906963078205,1
1459,2500,seqmar,0.2558505160746848,seq,0.289296818750597,0.018787592928696598,0.25247381325415225,0.3261198242470417,1
1460,2500,seqmar,0.2558505160746848,full,0.25583345590752116,0.010091637128812616,0.23605421059000123,0.27561270122504106,1
1460,2500,seqmar,0.2558505160746848,cc,0.21816519634458165,0.017273863033014758,0.1843090469259949,0.25202134576316837,0
1460,2500,seqmar,0.2558505160746848,cc_ccproj,0.22018499026214777,0.017204106646181393,0.18646556084944607,0.2539044196748495,0
1460,2500,seqmar,0.2558505160746848,seq,0.2580693659449899,0.014112927148844672,0.2304085370168168,0.28573019487316303,1
1461,2500,seqmar,0.2558505160746848,full,0.23774259549019736,0.011883957941165969,0.2144504659317233,0.2610347250486714,1
1461,2500,seqmar,0.2558505160746848,cc,0.18899801874116934,0.025619208340978368,0.1387852930804236,0.2392107444019151,0
1461,2500,seqmar,0.2558505160746848,cc_ccproj,0.19040933029465468,0.025425908237053964,0.1405754658758086,0.24024319471350075,0
1461,2500,seqmar,0.2558505160746848,seq,0.22953357972209773,0.01992949837377493,0.1904724806795493,0.26859467876464616,1
1462,2500,seqmar,0.2558505160746848,full,0.25528408694558136,0.01048324923559786,0.2347372960028525,0.27583087788831023,1
1462,2500,seqmar,0.2558505160746848,cc,0.20797958333490404,0.016333287552476494,0.17596692798291375,0.23999223868689434,0
1462,2500,seqmar,0.2558505160746848,cc_ccproj,0.21027256919320939,0.016076638515005688,0.17876293671132873,0.24178220167509004,0
1462,2500,seqmar,0.2558505160746848,seq,0.24917154204766293,0.012952074675944345,0.22378594215773873,0.2745571419375871,1
1463,2500,seqmar,0.2558505160746848,full,0.2680192242621203,0.008906570895181246,0.25056266608181244,0.2854757824424282,1
1463,2500,seqmar,0.2558505160746848,cc,0.2453024342174858,0.012103194291277302,0.2215806093086915,0.2690242591262801,1
1463,2500,seqmar,0.2558505160746848,cc_ccproj,0.24306789089918202,0.012265733708663107,0.21902749458624343,0.2671082872121206,1
1463,2500,seqmar,0.2558505160746848,seq,0.2745280461641929,0.011951162772418852,0.2511041975568761,0.29795189477150974,1
1464,2500,seqmar,0.2558505160746848,full,0.2533202242804531,0.00975406410996148,0.23420260992203384,0.27243783863887233,1
1464,2500,seqmar,0.2558505160746848,cc,0.25464747111088465,0.01956536545102983,0.21630005948250192,0.2929948827392674,1
1464,2500,seqmar,0.2558505160746848,cc_ccproj,0.2537698625780562,0.019689264890132188,0.21517961251132817,0.2923601126447843,1
1464,2500,seqmar,0.2558505160746848,seq,0.27486025085010457,0.013464414765917747,0.2484704828359965,0.30125001886421265,1
1465,2500,seqmar,0.2558505160746848,full,0.24814372536015009,0.009353368913082204,0.22981145915639242,0.2664759915639078,1
1465,2500,seqmar,0.2558505160746848,cc,0.20608322358983838,0.015718258911438486,0.1752760022237432,0.23689044495593356,0
1465,2500,seqmar,0.2558505160746848,cc_ccproj,0.20476759444148956,0.015717760677631802,0.17396134959571136,0.23557383928726777,0
1465,2500,seqmar,0.2558505160746848,seq,0.23517554918659017,0.011830940788274331,0.21198733133834657,0.25836376703483377,1
1466,2500,seqmar,0.2558505160746848,full,0.25138797477435476,0.012539883643878386,0.22681025446203024,0.2759656950866793,1
1466,2500,seqmar,0.2558505160746848,cc,0.24238567310800727,0.036648720363280055,0.17055550111649867,0.31421584509951583,1
1466,2500,seqmar,0.2558505160746848,cc_ccproj,0.24237045464574347,0.03662205701721894,0.170592541852222,0.31414836743926494,1
1466,2500,seqmar,0.2558505160746848,seq,0.25151848976231084,0.02133558656522813,0.20970150850542707,0.2933354710191946,1
1467,2500,seqmar,0.2558505160746848,full,0.23901306059475375,0.008846898710721208,0.22167345774686634,0.2563526634426411,1
1467,2500,seqmar,0.2558505160746848,cc,0.19569456466486873,0.011376917029622055,0.1733962170317091,0.21799291229802836,0
1467,2500,seqmar,0.2558505160746848,cc_ccproj,0.19437745927518835,0.011369147668542972,0.1720943393099266,0.2166605792404501,0
1467,2500,seqmar,0.2558505160746848,seq,0.23604451839803095,0.012076017725117981,0.2123759585801324,0.2597130782159295,1
1468,2500,seqmar,0.2558505160746848,full,0.26174943215341817,0.009947726015230389,0.24225224743549445,0.2812466168713419,1
1468,2500,seqmar,0.2558505160746848,cc,0.23534816536556,0.017480345169424177,0.2010873183961599,0.2696090123349601,1
1468,2500,seqmar,0.2558505160746848,cc_ccproj,0.23537425882508764,0.017334441275902057,0.20139937823219506,0.2693491394179802,1
1468,2500,seqmar,0.2558505160746848,seq,0.27183827148389456,0.013441042986750527,0.24549431131520885,0.2981822316525803,1
1469,2500,seqmar,0.2558505160746848,full,0.2621346959788365,0.008623820846221732,0.24523231771111614,0.2790370742465568,1
1469,2500,seqmar,0.2558505160746848,cc,0.23568635877755265,0.014217128685434868,0.20782129859052903,0.2635514189645763,1
1469,2500,seqmar,0.2558505160746848,cc_ccproj,0.23618786448062992,0.01424100135593513,0.20827601471921098,0.26409971424204887,1
1469,2500,seqmar,0.2558505160746848,seq,0.2737028796312683,0.011381509580014437,0.2513955307647424,0.29601022849779424,1
1470,2500,seqmar,0.2558505160746848,full,0.259476579826396,0.010289617409141827,0.23930930028978167,0.27964385936301034,1
1470,2500,seqmar,0.2558505160746848,cc,0.2045665122904532,0.018687821425491885,0.16793905534697312,0.24119396923393327,0
1470,2500,seqmar,0.2558505160746848,cc_ccproj,0.20906133380523698,0.017861436156089348,0.1740535622271403,0.24406910538333365,0
1470,2500,seqmar,0.2558505160746848,seq,0.24487533155078067,0.013570780550728018,0.2182770904292571,0.2714735726723042,1
1471,2500,seqmar,0.2558505160746848,full,0.24238356894970547,0.009434972431877133,0.22389136278809801,0.26087577511131294,1
1471,2500,seqmar,0.2558505160746848,cc,0.2087046031773868,0.01204009575332389,0.18510644913045832,0.23230275722431526,0
1471,2500,seqmar,0.2558505160746848,cc_ccproj,0.2081342320095721,0.011900530118341855,0.18480962158068787,0.23145884243845632,0
1471,2500,seqmar,0.2558505160746848,seq,0.25651138357231545,0.013796977067071432,0.22946980542533038,0.28355296171930056,1
1472,2500,seqmar,0.2558505160746848,full,0.24349679463996535,0.009543672776558636,0.22479153971767504,0.2622020495622557,1
1472,2500,seqmar,0.2558505160746848,cc,0.19080833947533127,0.014475283847056071,0.16243730446910698,0.21917937448155556,0
1472,2500,seqmar,0.2558505160746848,cc_ccproj,0.1886851210039912,0.0143024383633286,0.16065285692076314,0.21671738508721927,0
1472,2500,seqmar,0.2558505160746848,seq,0.2224505745172235,0.017173408381877843,0.18879131259694465,0.25610983643750235,1
1473,2500,seqmar,0.2558505160746848,full,0.24973140549592862,0.00933123411666484,0.2314425226959541,0.26802028829590313,1
1473,2500,seqmar,0.2558505160746848,cc,0.22746381786666311,0.01226321608711984,0.203428356001276,0.2514992797320502,0
1473,2500,seqmar,0.2558505160746848,cc_ccproj,0.2259470867760757,0.01218368218481643,0.20206750849475322,0.24982666505739817,0
1473,2500,seqmar,0.2558505160746848,seq,0.24949759246764489,0.011798875409845562,0.22637222160627232,0.2726229633290175,1
1474,2500,seqmar,0.2558505160746848,full,0.24615236221351197,0.008599940888427552,0.22929678780302057,0.26300793662400335,1
1474,2500,seqmar,0.2558505160746848,cc,0.21180496046315483,0.013793605162621913,0.18476999112745013,0.23883992979885954,0
1474,2500,seqmar,0.2558505160746848,cc_ccproj,0.2150263085589892,0.01357820481362244,0.1884135161495808,0.24163910096839758,0
1474,2500,seqmar,0.2558505160746848,seq,0.24274559601194756,0.01197974872821509,0.21926571996080646,0.26622547206308866,1
1475,2500,seqmar,0.2558505160746848,full,0.27567102277952493,0.009413644366893029,0.25722061885714625,0.2941214267019036,0
1475,2500,seqmar,0.2558505160746848,cc,0.24314416129595298,0.014295595742384587,0.21512530850333506,0.2711630140885709,1
1475,2500,seqmar,0.2558505160746848,cc_ccproj,0.244702238835919,0.0142330287676717,0.21680601506035996,0.272598462611478,1
1475,2500,seqmar,0.2558505160746848,seq,0.26620457638369033,0.017420471048336435,0.2320610805352282,0.30034807223215243,1
1476,2500,seqmar,0.2558505160746848,full,0.265425620082282,0.010046627066825391,0.24573459286519894,0.28511664729936503,1
1476,2500,seqmar,0.2558505160746848,cc,0.2104379941060327,0.014893691732768298,0.18124689471296487,0.23962909349910053,0
1476,2500,seqmar,0.2558505160746848,cc_ccproj,0.2069252327129046,0.014751996371406046,0.17801185112488319,0.23583861430092604,0
1476,2500,seqmar,0.2558505160746848,seq,0.24398424030624855,0.014221666542180392,0.2161102860834367,0.2718581945290604,1
1477,2500,seqmar,0.2558505160746848,full,0.2545163508907071,0.009392733038986264,0.2361069324178946,0.27292576936351964,1
1477,2500,seqmar,0.2558505160746848,cc,0.22502000544739773,0.01579507793478059,0.19406222156222447,0.255977789332571,1
1477,2500,seqmar,0.2558505160746848,cc_ccproj,0.2270786942476956,0.015847381949136752,0.19601839637813742,0.25813899211725383,1
1477,2500,seqmar,0.2558505160746848,seq,0.2577091920960218,0.019252190035588562,0.2199755930027473,0.2954427911892963,1
1478,2500,seqmar,0.2558505160746848,full,0.2584138171440118,0.010414132186467225,0.23800249312829666,0.2788251411597269,1
1478,2500,seqmar,0.2558505160746848,cc,0.2092556090882239,0.013725241158899193,0.1823546307376547,0.23615658743879311,0
1478,2500,seqmar,0.2558505160746848,cc_ccproj,0.21051487042206327,0.013620168677491813,0.18381983035081878,0.23720991049330775,0
1478,2500,seqmar,0.2558505160746848,seq,0.24573049566084001,0.01337205843013582,0.21952174273860858,0.27193924858307145,1
1479,2500,seqmar,0.2558505160746848,full,0.2590078687448591,0.012004228047780367,0.23548001410900402,0.2825357233807142,1
1479,2500,seqmar,0.2558505160746848,cc,0.238117085801702,0.025376188906097545,0.18838066948086593,0.287853502122538,1
1479,2500,seqmar,0.2558505160746848,cc_ccproj,0.23873784292040295,0.025179975318032403,0.18938599816545196,0.288089687675354,1
1479,2500,seqmar,0.2558505160746848,seq,0.25583999662993634,0.01626715869849696,0.22395695145008485,0.28772304180978786,1
1480,2500,seqmar,0.2558505160746848,full,0.2450932780774876,0.011062024574656182,0.22341210831506447,0.2667744478399107,1
1480,2500,seqmar,0.2558505160746848,cc,0.2510561509658215,0.02238433594754677,0.2071836586907846,0.29492864324085843,1
1480,2500,seqmar,0.2558505160746848,cc_ccproj,0.25052146689385635,0.02240953622645322,0.20659958297976241,0.2944433508079503,1
1480,2500,seqmar,0.2558505160746848,seq,0.25332750104011686,0.015018420481664845,0.2238919377913751,0.28276306428885867,1
1481,2500,seqmar,0.2558505160746848,full,0.2623364635985357,0.009884497992145549,0.24296320352867193,0.2817097236683994,1
1481,2500,seqmar,0.2558505160746848,cc,0.24084031667897057,0.017286522959453,0.20695935426051795,0.2747212790974232,1
1481,2500,seqmar,0.2558505160746848,cc_ccproj,0.2411253516649659,0.017265123689162096,0.2072863310455789,0.27496437228435294,1
1481,2500,seqmar,0.2558505160746848,seq,0.2767414473891783,0.01856865154602212,0.24034755911750094,0.3131353356608556,1
1482,2500,seqmar,0.2558505160746848,full,0.25069025162173875,0.011033147499010132,0.2290656798875607,0.2723148233559168,1
1482,2500,seqmar,0.2558505160746848,cc,0.2324107188086023,0.020752275345313435,0.19173700653452946,0.27308443108267516,1
1482,2500,seqmar,0.2558505160746848,cc_ccproj,0.23476838486563556,0.02079526508112449,0.19401041425766816,0.27552635547360294,1
1482,2500,seqmar,0.2558505160746848,seq,0.2554826033031617,0.01461696649781808,0.22683387540420968,0.2841313312021137,1
1483,2500,seqmar,0.2558505160746848,full,0.2467166008454734,0.009235656670579954,0.22861504639755958,0.2648181552933872,1
1483,2500,seqmar,0.2558505160746848,cc,0.20997642179907333,0.013192709062362504,0.18411918717832765,0.23583365641981902,0
1483,2500,seqmar,0.2558505160746848,cc_ccproj,0.21039552228253539,0.012932669802223962,0.1850479552462277,0.23574308931884308,0
1483,2500,seqmar,0.2558505160746848,seq,0.24528410259197914,0.01095707125322626,0.2238086375596165,0.2667595676243418,1
1484,2500,seqmar,0.2558505160746848,full,0.2653748106511197,0.01081488740808357,0.24417802083442014,0.2865716004678192,1
1484,2500,seqmar,0.2558505160746848,cc,0.22433956614153602,0.013201249966010131,0.19846559165724556,0.2502135406258265,0
1484,2500,seqmar,0.2558505160746848,cc_ccproj,0.22917553572905527,0.01294118292497157,0.2038112832787663,0.25453978817934425,0
1484,2500,seqmar,0.2558505160746848,seq,0.24976895473741756,0.014262320911469959,0.22181531941498397,0.27772259005985117,1
1485,2500,seqmar,0.2558505160746848,full,0.26803034508038087,0.008876024558790616,0.25063365661925824,0.2854270335415035,1
1485,2500,seqmar,0.2558505160746848,cc,0.23718612554233542,0.015019163509757407,0.20774910598529273,0.2666231450993781,1
1485,2500,seqmar,0.2558505160746848,cc_ccproj,0.237362799239073,0.014779342220298513,0.20839582077209567,0.2663297777060503,1
1485,2500,seqmar,0.2558505160746848,seq,0.26561364081804767,0.012919145863333118,0.24029258021489514,0.2909347014212002,1
1486,2500,seqmar,0.2558505160746848,full,0.2542382440285404,0.00958173384374575,0.2354583907853502,0.2730180972717306,1
1486,2500,seqmar,0.2558505160746848,cc,0.21941388138366,0.015277573655846075,0.18947038724704376,0.24935737552027623,0
1486,2500,seqmar,0.2558505160746848,cc_ccproj,0.2207857616030662,0.01530578520113132,0.19078697385374266,0.25078454935238975,0
1486,2500,seqmar,0.2558505160746848,seq,0.2546302353017584,0.01325310040778377,0.22865463581900908,0.2806058347845077,1
1487,2500,seqmar,0.2558505160746848,full,0.27101316107045303,0.009233711133197564,0.2529154198057393,0.2891109023351668,1
1487,2500,seqmar,0.2558505160746848,cc,0.2399556622455115,0.012671319310338798,0.21512033276064052,0.26479099173038245,1
1487,2500,seqmar,0.2558505160746848,cc_ccproj,0.23843478326200848,0.012546075884610519,0.21384492638086536,0.2630246401431516,1
1487,2500,seqmar,0.2558505160746848,seq,0.27931348358806674,0.011317542153928693,0.2571315085728526,0.30149545860328086,0
1488,2500,seqmar,0.2558505160746848,full,0.2528357973595388,0.009581987669228286,0.2340554466275445,0.27161614809153317,1
1488,2500,seqmar,0.2558505160746848,cc,0.203800278685897,0.013166118441007912,0.17799516072533286,0.22960539664646115,0
1488,2500,seqmar,0.2558505160746848,cc_ccproj,0.2001391201475017,0.013248939959145119,0.17417167499424369,0.22610656530075973,0
1488,2500,seqmar,0.2558505160746848,seq,0.2355900118080649,0.01366974793395023,0.20879779817978164,0.26238222543634815,1
1489,2500,seqmar,0.2558505160746848,full,0.28397591934431976,0.011582445323479235,0.26127474365739606,0.30667709503124346,0
1489,2500,seqmar,0.2558505160746848,cc,0.24293453753140412,0.017935976688487627,0.2077806691944184,0.27808840586838984,1
1489,2500,seqmar,0.2558505160746848,cc_ccproj,0.23939572131772963,0.018045437635982153,0.204027313465941,0.27476412916951826,1
1489,2500,seqmar,0.2558505160746848,seq,0.2751446530835373,0.018288788761216295,0.23929928579069246,0.3109900203763821,1
1490,2500,seqmar,0.2558505160746848,full,0.2688571580797522,0.010131086523786035,0.24900059336887248,0.2887137227906319,1
1490,2500,seqmar,0.2558505160746848,cc,0.21869375531930255,0.011624368648821895,0.1959104114245951,0.24147709921401,0
1490,2500,seqmar,0.2558505160746848,cc_ccproj,0.21542293085038827,0.011690575193412702,0.192509824512742,0.23833603718803453,0
1490,2500,seqmar,0.2558505160746848,seq,0.25349700943523706,0.010555670599351913,0.23280827522783898,0.27418574364263515,1
1491,2500,seqmar,0.2558505160746848,full,0.2527215233232305,0.0096967867158815,0.23371617059433633,0.27172687605212464,1
1491,2500,seqmar,0.2558505160746848,cc,0.2170141881838157,0.014364797316099898,0.18885970279904227,0.24516867356858915,0
1491,2500,seqmar,0.2558505160746848,cc_ccproj,0.21789232460031868,0.014456240643266938,0.18955861358767134,0.24622603561296602,0
1491,2500,seqmar,0.2558505160746848,seq,0.24687242198853018,0.013465391867982693,0.2204807388895656,0.27326410508749477,1
1492,2500,seqmar,0.2558505160746848,full,0.2524478266758429,0.008765764190665461,0.23526724456516773,0.2696284087865181,1
1492,2500,seqmar,0.2558505160746848,cc,0.20918630372670896,0.01231572484689426,0.18504792658329114,0.23332468087012678,0
1492,2500,seqmar,0.2558505160746848,cc_ccproj,0.2081132401494393,0.012267263972285532,0.1840698445749139,0.2321566357239647,0
1492,2500,seqmar,0.2558505160746848,seq,0.24120047310943674,0.012817698904008959,0.21607824489290064,0.2663227013259728,1
1493,2500,seqmar,0.2558505160746848,full,0.25315528568790335,0.011146399426154046,0.2313087442553435,0.2750018271204632,1
1493,2500,seqmar,0.2558505160746848,cc,0.2076956889567962,0.018465654873403767,0.17150367045397827,0.2438877074596141,0
1493,2500,seqmar,0.2558505160746848,cc_ccproj,0.21004263000711376,0.01811512312067848,0.1745376411150751,0.24554761889915241,0
1493,2500,seqmar,0.2558505160746848,seq,0.27179137410801496,0.021025292564975165,0.23058255791624588,0.31300019029978404,1
1494,2500,seqmar,0.2558505160746848,full,0.2539741739225592,0.009709793308646547,0.23494332874028398,0.27300501910483443,1
1494,2500,seqmar,0.2558505160746848,cc,0.22270852106524425,0.012853626273546435,0.19751587649835545,0.24790116563213305,0
1494,2500,seqmar,0.2558505160746848,cc_ccproj,0.2228632941352971,0.012898407584712963,0.19758287981134143,0.24814370845925277,0
1494,2500,seqmar,0.2558505160746848,seq,0.2516342046168427,0.01354307739974227,0.2250902606735095,0.2781781485601759,1
1495,2500,seqmar,0.2558505160746848,full,0.2655652438882827,0.009970123283134371,0.24602416133191507,0.2851063264446503,1
1495,2500,seqmar,0.2558505160746848,cc,0.23698331032734177,0.01657780143369271,0.20449141657444758,0.26947520408023595,1
1495,2500,seqmar,0.2558505160746848,cc_ccproj,0.23603808142518456,0.016481961363694862,0.20373403075776197,0.26834213209260716,1
1495,2500,seqmar,0.2558505160746848,seq,0.2716120210627331,0.013804613357270266,0.2445554760619828,0.29866856606348335,1
1496,2500,seqmar,0.2558505160746848,full,0.25188856396315534,0.010623812184355716,0.23106627470330032,0.27271085322301036,1
1496,2500,seqmar,0.2558505160746848,cc,0.23593541477085492,0.021156251078476133,0.19446992460915502,0.2774009049325548,1
1496,2500,seqmar,0.2558505160746848,cc_ccproj,0.23933338021878922,0.020963780833931068,0.19824512480449327,0.2804216356330852,1
1496,2500,seqmar,0.2558505160746848,seq,0.2583958550978773,0.01705226121385602,0.22497403726375026,0.2918176729320044,1
1497,2500,seqmar,0.2558505160746848,full,0.2538132148648198,0.01009981716606261,0.23401793696889767,0.2736084927607419,1
1497,2500,seqmar,0.2558505160746848,cc,0.21337608985628267,0.014821969703130773,0.18432556305820252,0.24242661665436283,0
1497,2500,seqmar,0.2558505160746848,cc_ccproj,0.2155623973264126,0.014973912516050604,0.18621406808729987,0.24491072656552534,0
1497,2500,seqmar,0.2558505160746848,seq,0.2604576839769067,0.01363746748018589,0.23372873887540618,0.28718662907840725,1
1498,2500,seqmar,0.2558505160746848,full,0.23899119374951874,0.00940488658329191,0.22055795476758264,0.2574244327314549,1
1498,2500,seqmar,0.2558505160746848,cc,0.1985311401296118,0.01456048142065082,0.16999312094757157,0.227069159311652,0
1498,2500,seqmar,0.2558505160746848,cc_ccproj,0.19847393156080684,0.01458621273572117,0.1698854799279539,0.2270623831936598,0
1498,2500,seqmar,0.2558505160746848,seq,0.23236265255113553,0.013032157240406057,0.20682009371907675,0.2579052113831943,1
1499,2500,seqmar,0.2558505160746848,full,0.26336724554183916,0.011239199625981557,0.24133881905985927,0.28539567202381905,1
1499,2500,seqmar,0.2558505160746848,cc,0.2471669777350381,0.01407343592912647,0.21958355017521822,0.27475040529485795,1
1499,2500,seqmar,0.2558505160746848,cc_ccproj,0.24464261074078053,0.014267113491143789,0.21667958213479319,0.27260563934676785,1
1499,2500,seqmar,0.2558505160746848,seq,0.27634316883199633,0.014737879422080293,0.24745745595622498,0.3052288817077677,1
1500,2500,seqmar,0.2558505160746848,full,0.2554509526966967,0.010869493458872224,0.23414713698711345,0.27675476840628,1
1500,2500,seqmar,0.2558505160746848,cc,0.2153379211844318,0.014323227114537884,0.18726491189754998,0.2434109304713136,0
1500,2500,seqmar,0.2558505160746848,cc_ccproj,0.2167237666655803,0.014285881442272103,0.18872395355131785,0.24472357977984274,0
1500,2500,seqmar,0.2558505160746848,seq,0.24752509535501085,0.01371445089667716,0.2206452655297806,0.2744049251802411,1
1501,2500,seqmar,0.2558505160746848,full,0.24271218938996703,0.00926917057029656,0.22454494890562718,0.2608794298743069,1
1501,2500,seqmar,0.2558505160746848,cc,0.2238011388733993,0.016877078861209763,0.1907226721411859,0.25687960560561274,1
1501,2500,seqmar,0.2558505160746848,cc_ccproj,0.22413781487151596,0.01676124042124088,0.19128638730966688,0.2569892424333651,1
1501,2500,seqmar,0.2558505160746848,seq,0.25540287453438465,0.015389242573346113,0.22524051334127576,0.28556523572749354,1
1502,2500,seqmar,0.2558505160746848,full,0.2369858434755929,0.012820767134419599,0.2118576016379557,0.2621140853132301,1
1502,2500,seqmar,0.2558505160746848,cc,0.18552196828789652,0.03471018107492307,0.11749126348418353,0.2535526730916095,0
1502,2500,seqmar,0.2558505160746848,cc_ccproj,0.1848030408495361,0.03446063391197064,0.11726143949765402,0.25234464220141817,0
1502,2500,seqmar,0.2558505160746848,seq,0.21401454486221264,0.020953246144529505,0.17294693705973208,0.2550821526646932,0
1503,2500,seqmar,0.2558505160746848,full,0.26417221990185974,0.010248925096126092,0.24408469583320389,0.28425974397051557,1
1503,2500,seqmar,0.2558505160746848,cc,0.21592318788712384,0.01790585765372359,0.18082835177352471,0.25101802400072293,0
1503,2500,seqmar,0.2558505160746848,cc_ccproj,0.21355200878440792,0.01759870065772383,0.17905918932056786,0.24804482824824797,0
1503,2500,seqmar,0.2558505160746848,seq,0.26290403556275066,0.014114397041901101,0.23524032569712583,0.2905677454283755,1
1504,2500,seqmar,0.2558505160746848,full,0.25897261431652124,0.009519155288862335,0.2403154127871071,0.2776298158459354,1
1504,2500,seqmar,0.2558505160746848,cc,0.21105434367283255,0.01593519732908666,0.17982193082128384,0.24228675652438125,0
1504,2500,seqmar,0.2558505160746848,cc_ccproj,0.20950786769498858,0.01596341555865238,0.17822014812978357,0.2407955872601936,0
1504,2500,seqmar,0.2558505160746848,seq,0.2427228064822637,0.013730162745324482,0.2158121819995541,0.2696334309649733,1
1505,2500,seqmar,0.2558505160746848,full,0.2485981116841443,0.010637323598122216,0.22774934053992674,0.2694468828283619,1
1505,2500,seqmar,0.2558505160746848,cc,0.2256022331560076,0.015541122906209896,0.19514219198052576,0.2560622743314895,1
1505,2500,seqmar,0.2558505160746848,cc_ccproj,0.23000771049534469,0.01553432855522676,0.1995609860030881,0.2604544349876013,1
1505,2500,seqmar,0.2558505160746848,seq,0.26701180087667864,0.016962009106958924,0.23376687392159873,0.30025672783175855,1
1506,2500,seqmar,0.2558505160746848,full,0.26361837351591183,0.008636672776053466,0.24669080592858947,0.28054594110323416,1
1506,2500,seqmar,0.2558505160746848,cc,0.23349730938179206,0.011672772146804533,0.2106190963743129,0.25637552238927125,1
1506,2500,seqmar,0.2558505160746848,cc_ccproj,0.23513716312987754,0.01202868839016322,0.21156136710390255,0.2587129591558525,1
1506,2500,seqmar,0.2558505160746848,seq,0.2595529205551736,0.010805465609118138,0.23837459712511588,0.2807312439852313,1
1507,2500,seqmar,0.2558505160746848,full,0.2768459237893402,0.010690644748316498,0.2558926451111276,0.2977992024675528,0
1507,2500,seqmar,0.2558505160746848,cc,0.28466306962802235,0.02378266939556225,0.23804989415649735,0.33127624509954734,1
1507,2500,seqmar,0.2558505160746848,cc_ccproj,0.28477835837919047,0.023783634704523108,0.23816329093686825,0.3313934258215127,1
1507,2500,seqmar,0.2558505160746848,seq,0.3007866083663387,0.015295652007234073,0.27080768131210214,0.33076553542057524,0
1508,2500,seqmar,0.2558505160746848,full,0.2735867715335515,0.010893930359278254,0.2522350603792786,0.29493848268782435,1
1508,2500,seqmar,0.2558505160746848,cc,0.24065533865871544,0.016418650980688797,0.20847537406183214,0.27283530325559874,1
1508,2500,seqmar,0.2558505160746848,cc_ccproj,0.23974215876827992,0.01640274094769124,0.2075933772630647,0.27189094027349514,1
1508,2500,seqmar,0.2558505160746848,seq,0.26546655273993025,0.014420935081888827,0.23720203935603798,0.29373106612382255,1
1509,2500,seqmar,0.2558505160746848,full,0.2382353371495391,0.017763431248670435,0.2034196516602917,0.2730510226387865,1
1509,2500,seqmar,0.2558505160746848,cc,0.16834304716220067,0.05206788184484757,0.06629187399501248,0.27039422032938887,1
1509,2500,seqmar,0.2558505160746848,cc_ccproj,0.17005550913383763,0.05124115108021139,0.06962469849024762,0.27048631977742765,1
1509,2500,seqmar,0.2558505160746848,seq,0.22441609698429496,0.030757124019346608,0.16413324163834378,0.2846989523302461,1
1510,2500,seqmar,0.2558505160746848,full,0.25492949948279703,0.009109281218890618,0.2370756363687243,0.27278336259686975,1
1510,2500,seqmar,0.2558505160746848,cc,0.22751490643600905,0.014269685782703455,0.19954683623120703,0.2554829766408111,0
1510,2500,seqmar,0.2558505160746848,cc_ccproj,0.2247518989778655,0.014376288561422399,0.19657489116612245,0.25292890678960855,0
1510,2500,seqmar,0.2558505160746848,seq,0.2563248477910453,0.012982530961869883,0.23087955467760418,0.28177014090448643,1
1511,2500,seqmar,0.2558505160746848,full,0.267500122918755,0.010820564206568293,0.24629220678147795,0.2887080390560321,1
1511,2500,seqmar,0.2558505160746848,cc,0.2363576677697906,0.02286532146640709,0.19154246120070215,0.2811728743388791,1
1511,2500,seqmar,0.2558505160746848,cc_ccproj,0.23502934640399226,0.022566944168977376,0.1907989485916704,0.2792597442163141,1
1511,2500,seqmar,0.2558505160746848,seq,0.27559807571591843,0.017531811518349916,0.24123635655620812,0.30995979487562875,1
1512,2500,seqmar,0.2558505160746848,full,0.2534955072076563,0.008687517821372689,0.23646828516271595,0.2705227292525966,1
1512,2500,seqmar,0.2558505160746848,cc,0.21933835734588492,0.014463012905320151,0.19099137294351942,0.2476853417482504,0
1512,2500,seqmar,0.2558505160746848,cc_ccproj,0.22170069719687643,0.014472297941871541,0.19333551445727507,0.2500658799364778,0
1512,2500,seqmar,0.2558505160746848,seq,0.25258067189081373,0.014522787771064265,0.22411653090440906,0.28104481287721844,1
1513,2500,seqmar,0.2558505160746848,full,0.24685771916435115,0.010625119482845528,0.22603286764653907,0.2676825706821632,1
1513,2500,seqmar,0.2558505160746848,cc,0.22965075264784937,0.019485224273724514,0.1914604148406637,0.26784109045503507,1
1513,2500,seqmar,0.2558505160746848,cc_ccproj,0.22696532224677063,0.01961622660314774,0.18851822459202458,0.2654124199015167,1
1513,2500,seqmar,0.2558505160746848,seq,0.2493720179386446,0.014663449122859233,0.22063218576870505,0.27811185010858414,1
1514,2500,seqmar,0.2558505160746848,full,0.24317802920789142,0.011351966769320865,0.22092858318632702,0.2654274752294558,1
1514,2500,seqmar,0.2558505160746848,cc,0.22081392664898913,0.02272217516229207,0.17627928168048612,0.26534857161749215,1
1514,2500,seqmar,0.2558505160746848,cc_ccproj,0.22496045184965024,0.022737137804721367,0.18039648064087227,0.2695244230584282,1
1514,2500,seqmar,0.2558505160746848,seq,0.20585337446378416,0.029016870809256762,0.14898135273358928,0.262725396193979,1
1515,2500,seqmar,0.2558505160746848,full,0.2578348036910353,0.008803368370523049,0.24058051874217104,0.2750890886398995,1
1515,2500,seqmar,0.2558505160746848,cc,0.21844209598986244,0.012105542166623793,0.19471566932994883,0.24216852264977606,0
1515,2500,seqmar,0.2558505160746848,cc_ccproj,0.21511022539361785,0.012290782789822884,0.19102073378376028,0.23919971700347542,0
1515,2500,seqmar,0.2558505160746848,seq,0.2475007857923041,0.011414502361346746,0.2251287722626171,0.26987279932199115,1
1516,2500,seqmar,0.2558505160746848,full,0.25136858861750816,0.011528873609905774,0.22877241155977857,0.27396476567523775,1
1516,2500,seqmar,0.2558505160746848,cc,0.22188734796467352,0.02529625318015175,0.1723076027877693,0.27146709314157774,1
1516,2500,seqmar,0.2558505160746848,cc_ccproj,0.2209277728451255,0.025087053424810213,0.17175805165426525,0.2700974940359857,1
1516,2500,seqmar,0.2558505160746848,seq,0.23683738945963395,0.018645761831722805,0.20029236780514567,0.27338241111412226,1
1517,2500,seqmar,0.2558505160746848,full,0.25209493583575243,0.010057913555281343,0.2323817875077838,0.2718080841637211,1
1517,2500,seqmar,0.2558505160746848,cc,0.23179472985156568,0.015307370084769612,0.2017928357873914,0.26179662391573993,1
1517,2500,seqmar,0.2558505160746848,cc_ccproj,0.23036537545592128,0.015352418355773216,0.20027518840301414,0.2604555625088284,1
1517,2500,seqmar,0.2558505160746848,seq,0.2584797313730977,0.013240216642447747,0.23252938360639228,0.2844300791398031,1
1518,2500,seqmar,0.2558505160746848,full,0.2578804370378918,0.010583681233205099,0.23713680299695736,0.27862407107882625,1
1518,2500,seqmar,0.2558505160746848,cc,0.19319477998375972,0.02262447790004299,0.14885161813065306,0.23753794183686638,0
1518,2500,seqmar,0.2558505160746848,cc_ccproj,0.19408285066365338,0.022069588748132047,0.15082725156370416,0.2373384497636026,0
1518,2500,seqmar,0.2558505160746848,seq,0.25380217397437693,0.019360144562566614,0.2158569878962574,0.29174736005249646,1
1519,2500,seqmar,0.2558505160746848,full,0.2551481773055617,0.011826061950048029,0.23196952180452807,0.27832683280659537,1
1519,2500,seqmar,0.2558505160746848,cc,0.21677161971736414,0.013383724075946598,0.1905400025494872,0.2430032368852411,0
1519,2500,seqmar,0.2558505160746848,cc_ccproj,0.21681704900141216,0.01334878774387544,0.1906539057861466,0.24298019221667772,0
1519,2500,seqmar,0.2558505160746848,seq,0.24057695042171726,0.014874917202973362,0.2114226484308742,0.2697312524125603,1
1520,2500,seqmar,0.2558505160746848,full,0.26988788752855114,0.009288968388714769,0.25168184403313915,0.28809393102396313,1
1520,2500,seqmar,0.2558505160746848,cc,0.21977899696464534,0.012591584094450659,0.19509994563121466,0.24445804829807602,0
1520,2500,seqmar,0.2558505160746848,cc_ccproj,0.22124951474673202,0.012553999912632889,0.19664412705605258,0.24585490243741145,0
1520,2500,seqmar,0.2558505160746848,seq,0.23905219704869018,0.013593544725192443,0.21240933896507858,0.2656950551323018,1
1521,2500,seqmar,0.2558505160746848,full,0.2277630603727091,0.011853323971998852,0.2045309722905061,0.2509951484549121,0
1521,2500,seqmar,0.2558505160746848,cc,0.16502501598720523,0.027360397608722872,0.11139962207141257,0.2186504099029979,0
1521,2500,seqmar,0.2558505160746848,cc_ccproj,0.16728282805315992,0.026750962355600663,0.11485190528439584,0.219713750821924,0
1521,2500,seqmar,0.2558505160746848,seq,0.21692503183176567,0.018065559184305507,0.18151718646995008,0.2523328771935813,0
1522,2500,seqmar,0.2558505160746848,full,0.2671580848492501,0.010775050771958616,0.24603937340462068,0.2882767962938795,1
1522,2500,seqmar,0.2558505160746848,cc,0.2427910534615452,0.02154982983494885,0.20055416311207871,0.2850279438110117,1
1522,2500,seqmar,0.2558505160746848,cc_ccproj,0.24410383776030203,0.02152924376735204,0.2019072953619086,0.28630038015869547,1
1522,2500,seqmar,0.2558505160746848,seq,0.2805094887048815,0.01771227901529952,0.2457940597507699,0.31522491765899313,1
1523,2500,seqmar,0.2558505160746848,full,0.24855039763241102,0.010910725307741832,0.22716576898402732,0.2699350262807947,1
1523,2500,seqmar,0.2558505160746848,cc,0.19880136492186248,0.01307680954317217,0.17317128918455535,0.22443144065916962,0
1523,2500,seqmar,0.2558505160746848,cc_ccproj,0.19674380968676047,0.012785341896733565,0.17168500003913167,0.22180261933438927,0
1523,2500,seqmar,0.2558505160746848,seq,0.2346424528171116,0.01178033162156466,0.21155342711290653,0.25773147852131667,1
1524,2500,seqmar,0.2558505160746848,full,0.23788153029260325,0.013205589199483838,0.2119990510669838,0.2637640095182227,1
1524,2500,seqmar,0.2558505160746848,cc,0.19242621163533685,0.017943536335767386,0.15725752666194698,0.22759489660872673,0
1524,2500,seqmar,0.2558505160746848,cc_ccproj,0.19242099333908136,0.017358997867225258,0.15839798271161223,0.22644400396655048,0
1524,2500,seqmar,0.2558505160746848,seq,0.24363424333858594,0.014095061053296554,0.2160084313142315,0.2712600553629404,1
1525,2500,seqmar,0.2558505160746848,full,0.2517371551841918,0.010909472810962108,0.23035498138438715,0.2731193289839965,1
1525,2500,seqmar,0.2558505160746848,cc,0.21389676573038105,0.01727855902643254,0.1800314123338238,0.2477621191269383,0
1525,2500,seqmar,0.2558505160746848,cc_ccproj,0.21501803258228952,0.01727415266127739,0.18116131550273912,0.24887474966183992,0
1525,2500,seqmar,0.2558505160746848,seq,0.2318991164932384,0.026033610387815438,0.18087417774557232,0.28292405524090447,1
1526,2500,seqmar,0.2558505160746848,full,0.25914685120135006,0.010455046846667504,0.2386553359252027,0.2796383664774974,1
1526,2500,seqmar,0.2558505160746848,cc,0.212341196637145,0.014029836839608378,0.18484322172253934,0.2398391715517507,0
1526,2500,seqmar,0.2558505160746848,cc_ccproj,0.2105538279862264,0.013899809647508038,0.18331070168514826,0.23779695428730455,0
1526,2500,seqmar,0.2558505160746848,seq,0.25547838749523605,0.013621795836959301,0.22878015825003817,0.2821766167404339,1
1527,2500,seqmar,0.2558505160746848,full,0.24959844619846352,0.00994826416993825,0.2301002067166943,0.26909668568023276,1
1527,2500,seqmar,0.2558505160746848,cc,0.1944210293629178,0.014700541232383567,0.16560849799419997,0.22323356073163564,0
1527,2500,seqmar,0.2558505160746848,cc_ccproj,0.1937657083136267,0.014224675912294992,0.16588585583377408,0.2216455607934793,0
1527,2500,seqmar,0.2558505160746848,seq,0.23815603428880214,0.013608950079583454,0.21148298226541506,0.2648290863121892,1
1528,2500,seqmar,0.2558505160746848,full,0.264313442792639,0.01047928023792256,0.24377443094240847,0.28485245464286957,1
1528,2500,seqmar,0.2558505160746848,cc,0.23727255823951524,0.012221758534809175,0.21331835168354424,0.26122676479548623,1
1528,2500,seqmar,0.2558505160746848,cc_ccproj,0.23640425170867302,0.012140753342548747,0.2126088124120932,0.26019969100525286,1
1528,2500,seqmar,0.2558505160746848,seq,0.276995281284894,0.01275588051970518,0.25199421487517576,0.3019963476946122,1
1529,2500,seqmar,0.2558505160746848,full,0.25300706073072105,0.009513197239354806,0.23436153676375976,0.27165258469768233,1
1529,2500,seqmar,0.2558505160746848,cc,0.23080387505211666,0.015192542047405706,0.20102703980559106,0.26058071029864227,1
1529,2500,seqmar,0.2558505160746848,cc_ccproj,0.23117441321842017,0.015362361429744183,0.20106473809863432,0.26128408833820604,1
1529,2500,seqmar,0.2558505160746848,seq,0.2627871310162329,0.014138624087600244,0.23507593701358595,0.29049832501887984,1
1530,2500,seqmar,0.2558505160746848,full,0.2598963420679081,0.008934021810000942,0.24238598108321094,0.27740670305260534,1
1530,2500,seqmar,0.2558505160746848,cc,0.2134479850614056,0.013905668660377221,0.1861933753061189,0.24070259481669232,0
1530,2500,seqmar,0.2558505160746848,cc_ccproj,0.2156584229774607,0.01383093524289171,0.1885502880288872,0.24276655792603422,0
1530,2500,seqmar,0.2558505160746848,seq,0.2455206553943699,0.01514899113946264,0.21582917835890675,0.27521213242983306,1
1531,2500,seqmar,0.2558505160746848,full,0.26584164139024014,0.01355687102349084,0.23927066244114342,0.29241262033933685,1
1531,2500,seqmar,0.2558505160746848,cc,0.262498946626035,0.03704684863194069,0.1898884575667243,0.33510943568534574,1
1531,2500,seqmar,0.2558505160746848,cc_ccproj,0.26019353466522904,0.03706684895182892,0.1875438456992581,0.3328432236312,1
1531,2500,seqmar,0.2558505160746848,seq,0.2705029630668839,0.02394008414330343,0.2235812603591507,0.31742466577461703,1
1532,2500,seqmar,0.2558505160746848,full,0.25995103114286605,0.00940893392814115,0.24150985951079243,0.2783922027749397,1
1532,2500,seqmar,0.2558505160746848,cc,0.20018606516435028,0.015599273016694315,0.16961205186662193,0.23076007846207863,0
1532,2500,seqmar,0.2558505160746848,cc_ccproj,0.19855019690799036,0.015423500362528032,0.16832069168189495,0.22877970213408577,0
1532,2500,seqmar,0.2558505160746848,seq,0.23602088088033624,0.014908530418342385,0.2068006981979653,0.26524106356270716,1
1533,2500,seqmar,0.2558505160746848,full,0.2718975056486681,0.010058856175506514,0.25218250981900703,0.2916125014783292,1
1533,2500,seqmar,0.2558505160746848,cc,0.22989473684054715,0.01897959133573793,0.19269542138121235,0.2670940522998819,1
1533,2500,seqmar,0.2558505160746848,cc_ccproj,0.23367277168257497,0.018574532944212706,0.19726735608226534,0.27007818728288463,1
1533,2500,seqmar,0.2558505160746848,seq,0.2728739261793194,0.016760747572999606,0.24002346458227303,0.30572438777636574,1
1534,2500,seqmar,0.2558505160746848,full,0.24326395155473418,0.00893435685418628,0.2257529338955005,0.26077496921396787,1
1534,2500,seqmar,0.2558505160746848,cc,0.20530641037114497,0.015696871552799908,0.17454110745770585,0.2360717132845841,0
1534,2500,seqmar,0.2558505160746848,cc_ccproj,0.20859687884113523,0.015616269036107801,0.17798955395747593,0.23920420372479453,0
1534,2500,seqmar,0.2558505160746848,seq,0.2411573959616193,0.01731083091514977,0.20722879082546322,0.2750860010977754,1
1535,2500,seqmar,0.2558505160746848,full,0.2752174221448776,0.009755342487347884,0.25609730221282234,0.29433754207693286,0
1535,2500,seqmar,0.2558505160746848,cc,0.24404713778621645,0.016300159106183182,0.2120994129958248,0.2759948625766081,1
1535,2500,seqmar,0.2558505160746848,cc_ccproj,0.2420734851043258,0.016365861603622012,0.20999698578525972,0.2741499844233919,1
1535,2500,seqmar,0.2558505160746848,seq,0.27342932385354696,0.012447402950437714,0.24903286236963143,0.2978257853374625,1
1536,2500,seqmar,0.2558505160746848,full,0.25961178926841183,0.010226571603738587,0.23956807723976417,0.27965550129705946,1
1536,2500,seqmar,0.2558505160746848,cc,0.22653450512081608,0.015464831774419607,0.196223991815983,0.25684501842564916,1
1536,2500,seqmar,0.2558505160746848,cc_ccproj,0.22383595938477796,0.015504794309729833,0.19344712095000594,0.25422479781955,0
1536,2500,seqmar,0.2558505160746848,seq,0.25433067035400325,0.013954178902421122,0.22698098227142918,0.2816803584365773,1
1537,2500,seqmar,0.2558505160746848,full,0.2544969727111244,0.010372239513688741,0.23416775682527124,0.2748261885969776,1
1537,2500,seqmar,0.2558505160746848,cc,0.23160216205199444,0.013664326164640505,0.2048205748962907,0.25838374920769813,1
1537,2500,seqmar,0.2558505160746848,cc_ccproj,0.231198291627611,0.013664501240941014,0.20441636132866373,0.25798022192655823,1
1537,2500,seqmar,0.2558505160746848,seq,0.2676125680256876,0.01138469167383702,0.24529898236987402,0.2899261536815012,1
1538,2500,seqmar,0.2558505160746848,full,0.25167105312795257,0.008404810075278058,0.2351979280835082,0.26814417817239694,1
1538,2500,seqmar,0.2558505160746848,cc,0.21948047992241082,0.010917979497954795,0.19808163332247272,0.24087932652234892,0
1538,2500,seqmar,0.2558505160746848,cc_ccproj,0.22067557329860937,0.01088620629609244,0.19933900102999502,0.24201214556722372,0
1538,2500,seqmar,0.2558505160746848,seq,0.2485033848038468,0.011172758311138233,0.22660518090604528,0.27040158870164827,1
1539,2500,seqmar,0.2558505160746848,full,0.26156440152355215,0.009898248843281075,0.242164190280706,0.2809646127663983,1
1539,2500,seqmar,0.2558505160746848,cc,0.2262798971905438,0.015085470976013,0.19671291738773403,0.25584687699335357,0
1539,2500,seqmar,0.2558505160746848,cc_ccproj,0.22349269977523653,0.01511623584171814,0.19386542194365547,0.2531199776068176,0
1539,2500,seqmar,0.2558505160746848,seq,0.24098082391722184,0.020602774818200383,0.20060012729196033,0.28136152054248337,1
1540,2500,seqmar,0.2558505160746848,full,0.25436807462241967,0.009749388282764648,0.23525962471690415,0.2734765245279352,1
1540,2500,seqmar,0.2558505160746848,cc,0.23118114601006318,0.019531416218109623,0.1929002736555068,0.2694620183646195,1
1540,2500,seqmar,0.2558505160746848,cc_ccproj,0.23019021586471544,0.019437360943541118,0.19209368846086938,0.2682867432685615,1
1540,2500,seqmar,0.2558505160746848,seq,0.2580789970867576,0.014626338177715706,0.2294119010327316,0.2867460931407836,1
1541,2500,seqmar,0.2558505160746848,full,0.2390862540841778,0.0102004451369825,0.21909374898941536,0.25907875917894024,1
1541,2500,seqmar,0.2558505160746848,cc,0.21953633203316766,0.015419449674149835,0.18931476601040612,0.2497578980559292,0
1541,2500,seqmar,0.2558505160746848,cc_ccproj,0.216788211710666,0.015478463288242237,0.1864509811296858,0.2471254422916462,0
1541,2500,seqmar,0.2558505160746848,seq,0.2318218651295745,0.021074701100503877,0.19051620998764027,0.2731275202715088,1
1542,2500,seqmar,0.2558505160746848,full,0.24535438548414232,0.011639242463291021,0.22254188944876266,0.268166881519522,1
1542,2500,seqmar,0.2558505160746848,cc,0.2141958335499397,0.019610710589188136,0.1757595470838927,0.2526321200159867,0
1542,2500,seqmar,0.2558505160746848,cc_ccproj,0.21348490423110997,0.019335088098269,0.1755888279205937,0.2513809805416263,0
1542,2500,seqmar,0.2558505160746848,seq,0.23931264193998394,0.01444644460939869,0.2109981308009097,0.2676271530790582,1
1543,2500,seqmar,0.2558505160746848,full,0.25922071452553075,0.008746142960628091,0.24207858931906118,0.2763628397320003,1
1543,2500,seqmar,0.2558505160746848,cc,0.2345387826552715,0.013353258684991456,0.20836687655644157,0.2607106887541014,1
1543,2500,seqmar,0.2558505160746848,cc_ccproj,0.23379852361319992,0.013388658865434905,0.2075572344356546,0.26003981279074523,1
1543,2500,seqmar,0.2558505160746848,seq,0.26254200257172494,0.01294325138057729,0.23717369602294514,0.28791030912050475,1
1544,2500,seqmar,0.2558505160746848,full,0.26651374331133537,0.009283913523071395,0.24831760717053109,0.28470987945213966,1
1544,2500,seqmar,0.2558505160746848,cc,0.2269389946501742,0.013917667799373014,0.19966086701461025,0.2542171222857381,0
1544,2500,seqmar,0.2558505160746848,cc_ccproj,0.2278754235374513,0.013856463312998963,0.20071725449087277,0.2550335925840298,0
1544,2500,seqmar,0.2558505160746848,seq,0.268089481894577,0.013583533072580489,0.24146624628951052,0.29471271749964345,1
1545,2500,seqmar,0.2558505160746848,full,0.26001978131232417,0.009215577162576545,0.24195758197692432,0.27808198064772405,1
1545,2500,seqmar,0.2558505160746848,cc,0.22047806001771827,0.012451181877569646,0.19607419197272397,0.24488192806271258,0
1545,2500,seqmar,0.2558505160746848,cc_ccproj,0.21989729916237433,0.012505187012072032,0.1953875829987751,0.24440701532597356,0
1545,2500,seqmar,0.2558505160746848,seq,0.26171447915712936,0.012132161371792589,0.23793587981378783,0.2854930785004709,1
1546,2500,seqmar,0.2558505160746848,full,0.2610356833985537,0.010193859580855195,0.24105608575661897,0.28101528104048845,1
1546,2500,seqmar,0.2558505160746848,cc,0.23684279681414092,0.021507215626540392,0.1946894287783847,0.27899616484989714,1
1546,2500,seqmar,0.2558505160746848,cc_ccproj,0.2369978178615923,0.021546093929731117,0.19476824975180224,0.27922738597138236,1
1546,2500,seqmar,0.2558505160746848,seq,0.2670991918749387,0.019320802013345732,0.22923111577635208,0.3049672679735253,1
1547,2500,seqmar,0.2558505160746848,full,0.2510508883520001,0.00998672463630586,0.23147726774132177,0.2706245089626785,1
1547,2500,seqmar,0.2558505160746848,cc,0.21796380350593153,0.013641756968349858,0.1912264511621175,0.24470115584974556,0
1547,2500,seqmar,0.2558505160746848,cc_ccproj,0.2159039133698403,0.01379110502038238,0.1888738442228813,0.2429339825167993,0
1547,2500,seqmar,0.2558505160746848,seq,0.2554893151507139,0.011452339669027168,0.23304314186070127,0.27793548844072646,1
1548,2500,seqmar,0.2558505160746848,full,0.24690052338581145,0.019123007386872767,0.2094201176314474,0.2843809291401755,1
1548,2500,seqmar,0.2558505160746848,cc,0.22442644876413215,0.01114143035034211,0.20258964654120012,0.24626325098706417,0
1548,2500,seqmar,0.2558505160746848,cc_ccproj,0.22391565568516916,0.011164177417537143,0.20203427002978097,0.24579704134055735,0
1548,2500,seqmar,0.2558505160746848,seq,0.2513321590250779,0.01039941522853656,0.23094967971686886,0.2717146383332869,1
1549,2500,seqmar,0.2558505160746848,full,0.2742673157363002,0.01055386500503256,0.25358212042873873,0.29495251104386166,1
1549,2500,seqmar,0.2558505160746848,cc,0.2618888007780755,0.02320251817395694,0.21641270080648387,0.3073649007496672,1
1549,2500,seqmar,0.2558505160746848,cc_ccproj,0.26166528125303007,0.023303972374715,0.21599033470187232,0.30734022780418785,1
1549,2500,seqmar,0.2558505160746848,seq,0.277432017944374,0.015345579741532145,0.24735523432908352,0.3075088015596645,1
1550,2500,seqmar,0.2558505160746848,full,0.23888184707912968,0.00995985080211035,0.21936089821560104,0.25840279594265836,1
1550,2500,seqmar,0.2558505160746848,cc,0.21814065678648384,0.014728812972247944,0.18927271382585154,0.24700859974711614,0
1550,2500,seqmar,0.2558505160746848,cc_ccproj,0.21927136981649706,0.014716346417411158,0.19042786085435615,0.24811487877863797,0
1550,2500,seqmar,0.2558505160746848,seq,0.25718487508426907,0.02187735432146681,0.21430604853717242,0.30006370163136575,1
1551,2500,seqmar,0.2558505160746848,full,0.24499222241785756,0.010453383895922881,0.2245039664652777,0.2654804783704374,1
1551,2500,seqmar,0.2558505160746848,cc,0.2210665665296601,0.01645430128925488,0.18881672861194956,0.25331640444737064,0
1551,2500,seqmar,0.2558505160746848,cc_ccproj,0.2190253536827335,0.016374671019365086,0.18693158822608613,0.25111911913938084,0
1551,2500,seqmar,0.2558505160746848,seq,0.2510756347427898,0.01761339584199911,0.21655401324702403,0.28559725623855564,1
1552,2500,seqmar,0.2558505160746848,full,0.25694451910835303,0.016158529409458743,0.22527438342268263,0.28861465479402343,1
1552,2500,seqmar,0.2558505160746848,cc,0.18013560861604258,0.04125086015213522,0.0992854083865591,0.2609858088455261,1
1552,2500,seqmar,0.2558505160746848,cc_ccproj,0.18221973546531764,0.040052394691539844,0.10371848437531629,0.260720986555319,1
1552,2500,seqmar,0.2558505160746848,seq,0.2273400712767004,0.02379522090293681,0.18070229530276957,0.27397784725063123,1
1553,2500,seqmar,0.2558505160746848,full,0.24511191835823165,0.011867668385349138,0.22185171574248272,0.26837212097398055,1
1553,2500,seqmar,0.2558505160746848,cc,0.20575945382294722,0.01523003297722973,0.17590913770421962,0.23560976994167482,0
1553,2500,seqmar,0.2558505160746848,cc_ccproj,0.20472000578160843,0.015044942655967085,0.17523246002644255,0.2342075515367743,0
1553,2500,seqmar,0.2558505160746848,seq,0.23882663396422985,0.014726851667701175,0.20996253508987192,0.2676907328385878,1
1554,2500,seqmar,0.2558505160746848,full,0.25300861362042765,0.01073827797969969,0.23196197552423672,0.2740552517166186,1
1554,2500,seqmar,0.2558505160746848,cc,0.22556915563639712,0.021711472963605708,0.18301545057641483,0.2681228606963794,1
1554,2500,seqmar,0.2558505160746848,cc_ccproj,0.22609525128689112,0.02163263833662699,0.18369605925652177,0.26849444331726047,1
1554,2500,seqmar,0.2558505160746848,seq,0.25199126148490797,0.014827021599550743,0.22293083315179105,0.28105168981802486,1
1555,2500,seqmar,0.2558505160746848,full,0.2384480026649283,0.009929135239248954,0.21898725519837287,0.25790875013148373,1
1555,2500,seqmar,0.2558505160746848,cc,0.20963882708192497,0.015450092811162079,0.1793572016142461,0.23992045254960384,0
1555,2500,seqmar,0.2558505160746848,cc_ccproj,0.21139439871350874,0.015367948713721286,0.18127377271835637,0.2415150247086611,0
1555,2500,seqmar,0.2558505160746848,seq,0.23085817579923432,0.01148603732834496,0.20834595631059552,0.2533703952878731,0
1556,2500,seqmar,0.2558505160746848,full,0.26204919579156766,0.010184986661190467,0.24208698875261347,0.28201140283052184,1
1556,2500,seqmar,0.2558505160746848,cc,0.2201042407952476,0.012554300282617954,0.1954982643902154,0.2447102172002798,0
1556,2500,seqmar,0.2558505160746848,cc_ccproj,0.21993721374445613,0.012374864155099448,0.19568292568688553,0.24419150180202673,0
1556,2500,seqmar,0.2558505160746848,seq,0.25268864074838177,0.011947068944255661,0.2292728158968237,0.27610446559993984,1
1557,2500,seqmar,0.2558505160746848,full,0.2540118287380348,0.012974405727187978,0.22858246079193614,0.2794411966841334,1
1557,2500,seqmar,0.2558505160746848,cc,0.24100309479276283,0.0361212147036054,0.1702068148958576,0.31179937468966806,1
1557,2500,seqmar,0.2558505160746848,cc_ccproj,0.23822841868791192,0.03611761558999591,0.16743919292405757,0.30901764445176627,1
1557,2500,seqmar,0.2558505160746848,seq,0.2739993533196585,0.021619076642030534,0.23162674172226755,0.3163719649170495,1
1558,2500,seqmar,0.2558505160746848,full,0.2561810009111499,0.011729253322545761,0.23319208683341347,0.2791699149888864,1
1558,2500,seqmar,0.2558505160746848,cc,0.24004570576600104,0.028834769648927835,0.18353059575159383,0.29656081578040827,1
1558,2500,seqmar,0.2558505160746848,cc_ccproj,0.24152747811233513,0.02871814035785116,0.18524095730798062,0.29781399891668964,1
1558,2500,seqmar,0.2558505160746848,seq,0.2574755062152273,0.018552141391101003,0.22111397725257453,0.29383703517788007,1
1559,2500,seqmar,0.2558505160746848,full,0.25595806421781936,0.009210334777628474,0.2379061397681108,0.2740099886675279,1
1559,2500,seqmar,0.2558505160746848,cc,0.21750658805963516,0.015165957060051069,0.1877818584308541,0.24723131768841622,0
1559,2500,seqmar,0.2558505160746848,cc_ccproj,0.21683600523951255,0.015074086275268435,0.1872913390401369,0.2463806714388882,0
1559,2500,seqmar,0.2558505160746848,seq,0.25634074091927717,0.01573022906041216,0.225510058492304,0.28717142334625034,1
1560,2500,seqmar,0.2558505160746848,full,0.26937515697153913,0.011344265258730007,0.24714080563335936,0.2916095083097189,1
1560,2500,seqmar,0.2558505160746848,cc,0.26896943486633507,0.031484079929495486,0.20726177211814356,0.33067709761452657,1
1560,2500,seqmar,0.2558505160746848,cc_ccproj,0.27082283530578943,0.031385705800374655,0.20930798230768524,0.33233768830389365,1
1560,2500,seqmar,0.2558505160746848,seq,0.28564307672468475,0.018516582567317988,0.24935124177597928,0.3219349116733902,1
1561,2500,seqmar,0.2558505160746848,full,0.2475438135400671,0.008501293025878839,0.23088158538732304,0.26420604169281114,1
1561,2500,seqmar,0.2558505160746848,cc,0.20365434556692674,0.01318437659560578,0.1778134422809266,0.22949524885292688,0
1561,2500,seqmar,0.2558505160746848,cc_ccproj,0.2051474993899057,0.013133785782301144,0.17940575227593125,0.23088924650388015,0
1561,2500,seqmar,0.2558505160746848,seq,0.22691450523515472,0.01348162056213033,0.20049101448014464,0.2533379959901648,0
1562,2500,seqmar,0.2558505160746848,full,0.2608669370951179,0.009973797763231795,0.24131865269009742,0.28041522150013837,1
1562,2500,seqmar,0.2558505160746848,cc,0.19475015222991093,0.01811703880214637,0.15924140867118936,0.2302588957886325,0
1562,2500,seqmar,0.2558505160746848,cc_ccproj,0.19550092431603527,0.017540581913188566,0.161122015498311,0.22987983313375954,0
1562,2500,seqmar,0.2558505160746848,seq,0.24093841893218923,0.014444769449470823,0.21262719104624195,0.2692496468181365,1
1563,2500,seqmar,0.2558505160746848,full,0.24265036626612155,0.011791736144473104,0.21953898810775507,0.265761744424488,1
1563,2500,seqmar,0.2558505160746848,cc,0.22142633201486714,0.022564104213999788,0.1772015004120191,0.2656511636177152,1
1563,2500,seqmar,0.2558505160746848,cc_ccproj,0.22648819935433995,0.022365026452557266,0.1826535529940421,0.27032284571463777,1
1563,2500,seqmar,0.2558505160746848,seq,0.2555927425363618,0.01637566573457284,0.2234970274737324,0.28768845759899125,1
1564,2500,seqmar,0.2558505160746848,full,0.24329947239717511,0.01039153861148328,0.22293243097471052,0.2636665138196397,1
1564,2500,seqmar,0.2558505160746848,cc,0.23415379161452912,0.02011135622556559,0.19473625773216516,0.27357132549689306,1
1564,2500,seqmar,0.2558505160746848,cc_ccproj,0.2317607881530008,0.020221249581282616,0.19212786725129122,0.2713937090547104,1
1564,2500,seqmar,0.2558505160746848,seq,0.2614872920423417,0.014039640657074083,0.23397010199859225,0.2890044820860912,1
1565,2500,seqmar,0.2558505160746848,full,0.24931100462243186,0.009716461586268467,0.23026708985617875,0.268354919388685,1
1565,2500,seqmar,0.2558505160746848,cc,0.2213726993803065,0.013949578407760656,0.19403202810157802,0.24871337065903495,0
1565,2500,seqmar,0.2558505160746848,cc_ccproj,0.21940320571981928,0.013907942628937664,0.19214413906805214,0.24666227237158642,0
1565,2500,seqmar,0.2558505160746848,seq,0.257552456671969,0.011595971502291509,0.23482477016172484,0.2802801431822132,1
1566,2500,seqmar,0.2558505160746848,full,0.25933093087549985,0.0098577489243233,0.24001009801518772,0.27865176373581196,1
1566,2500,seqmar,0.2558505160746848,cc,0.2254497693052995,0.01958308810098068,0.1870676219213025,0.2638319166892965,1
1566,2500,seqmar,0.2558505160746848,cc_ccproj,0.22570253052042094,0.019278058832427183,0.18791822951701936,0.2634868315238225,1
1566,2500,seqmar,0.2558505160746848,seq,0.26789994743046225,0.014633253019114912,0.239219298536335,0.2965805963245895,1
1567,2500,seqmar,0.2558505160746848,full,0.27002769436212726,0.013604266548961958,0.2433638218900788,0.2966915668341757,1
1567,2500,seqmar,0.2558505160746848,cc,0.24601242990948505,0.03121483387410445,0.18483247973283945,0.30719238008613065,1
1567,2500,seqmar,0.2558505160746848,cc_ccproj,0.2432992477270072,0.03122945739180575,0.18209063598233977,0.30450785947167464,1
1567,2500,seqmar,0.2558505160746848,seq,0.26929395051784266,0.021310057745206678,0.22752700482876875,0.31106089620691657,1
1568,2500,seqmar,0.2558505160746848,full,0.2527447808904477,0.009440021356703411,0.2342426790180201,0.27124688276287534,1
1568,2500,seqmar,0.2558505160746848,cc,0.21770445143015485,0.010059582959063331,0.19798803113089786,0.23742087172941184,0
1568,2500,seqmar,0.2558505160746848,cc_ccproj,0.21638223065017495,0.010165234743123861,0.19645873665925692,0.23630572464109298,0
1568,2500,seqmar,0.2558505160746848,seq,0.24734637669831935,0.009726742373525698,0.22828231195930934,0.2664104414373294,1
1569,2500,seqmar,0.2558505160746848,full,0.2748984681520487,0.01307776048803179,0.24926652859706544,0.300530407707032,1
1569,2500,seqmar,0.2558505160746848,cc,0.22616946614294994,0.015267830866843045,0.1962450675218886,0.25609386476401125,1
1569,2500,seqmar,0.2558505160746848,cc_ccproj,0.22487322570298038,0.015244835331363362,0.19499389750326446,0.2547525539026963,0
1569,2500,seqmar,0.2558505160746848,seq,0.25676637186973256,0.01173847697818548,0.23375937975913647,0.27977336398032865,1
1570,2500,seqmar,0.2558505160746848,full,0.264063797656656,0.01014805793938859,0.2441739695824286,0.2839536257308834,1
1570,2500,seqmar,0.2558505160746848,cc,0.2339421338291998,0.018293749594270093,0.19808704348223619,0.2697972241761634,1
1570,2500,seqmar,0.2558505160746848,cc_ccproj,0.23244229904838704,0.018257316961404695,0.19665861534970158,0.2682259827470725,1
1570,2500,seqmar,0.2558505160746848,seq,0.26704608280052083,0.016086020191893282,0.2355180625698259,0.29857410303121573,1
1571,2500,seqmar,0.2558505160746848,full,0.27246891456956,0.009969931154625088,0.252928208578151,0.292009620560969,1
1571,2500,seqmar,0.2558505160746848,cc,0.2397275808719116,0.012873246450075301,0.2144964814656559,0.26495868027816727,1
1571,2500,seqmar,0.2558505160746848,cc_ccproj,0.2406107138229792,0.012907378713852384,0.2153127164090096,0.2659087112369488,1
1571,2500,seqmar,0.2558505160746848,seq,0.26507922488321156,0.013667643056395397,0.23829113673912763,0.2918673130272955,1
1572,2500,seqmar,0.2558505160746848,full,0.27342203467321785,0.010927253938051188,0.252005010504714,0.2948390588417217,1
1572,2500,seqmar,0.2558505160746848,cc,0.25205188717883215,0.026386641694472312,0.20033501978470347,0.3037687545729608,1
1572,2500,seqmar,0.2558505160746848,cc_ccproj,0.2546496600078187,0.026050507961707145,0.20359160262389875,0.30570771739173863,1
1572,2500,seqmar,0.2558505160746848,seq,0.27272782672570395,0.017354521615935748,0.238713589389548,0.3067420640618599,1
1573,2500,seqmar,0.2558505160746848,full,0.2407825038295302,0.009155752657228022,0.22283755837000638,0.258727449289054,1
1573,2500,seqmar,0.2558505160746848,cc,0.21692792755409565,0.012599581185795626,0.19223320220964776,0.24162265289854354,0
1573,2500,seqmar,0.2558505160746848,cc_ccproj,0.21376180880884513,0.012677629896668605,0.18891411080204643,0.23860950681564383,0
1573,2500,seqmar,0.2558505160746848,seq,0.25520989984868414,0.013527748648277597,0.22869599970614965,0.28172379999121866,1
1574,2500,seqmar,0.2558505160746848,full,0.2721556404288842,0.009772047335425114,0.25300277959623035,0.291308501261538,1
1574,2500,seqmar,0.2558505160746848,cc,0.24441860623756276,0.014939386984079088,0.2151379457976613,0.27369926667746425,1
1574,2500,seqmar,0.2558505160746848,cc_ccproj,0.2448257454957009,0.01490215616237318,0.21561805612545784,0.27403343486594395,1
1574,2500,seqmar,0.2558505160746848,seq,0.2797826396368958,0.013087389032417834,0.25413182848169236,0.30543345079209927,1
1575,2500,seqmar,0.2558505160746848,full,0.2702772716624949,0.010368646206021261,0.24995509853025533,0.29059944479473443,1
1575,2500,seqmar,0.2558505160746848,cc,0.21989666382325646,0.013430627582905473,0.19357311747099148,0.24622021017552143,0
1575,2500,seqmar,0.2558505160746848,cc_ccproj,0.22302854900020394,0.01344204223805294,0.196682630334954,0.24937446766545387,0
1575,2500,seqmar,0.2558505160746848,seq,0.25619879874573165,0.014627080066446202,0.22753024861651336,0.28486734887494997,1
1576,2500,seqmar,0.2558505160746848,full,0.2703070897738003,0.01694437363575709,0.2370967277071264,0.3035174518404742,1
1576,2500,seqmar,0.2558505160746848,cc,0.23286576309324,0.014925418229567593,0.20361248090908995,0.26211904527739005,1
1576,2500,seqmar,0.2558505160746848,cc_ccproj,0.2323260914488983,0.01493824891839828,0.20304766157674325,0.26160452132105333,1
1576,2500,seqmar,0.2558505160746848,seq,0.26073303881721804,0.01265287239003105,0.23593386463177596,0.28553221300266013,1
1577,2500,seqmar,0.2558505160746848,full,0.25767917696617115,0.008838550432121693,0.2403559364436717,0.2750024174886706,1
1577,2500,seqmar,0.2558505160746848,cc,0.22485163952518264,0.011295772781138313,0.20271233169660371,0.24699094735376156,0
1577,2500,seqmar,0.2558505160746848,cc_ccproj,0.22706866690348387,0.011170224184826227,0.2051754298019862,0.24896190400498155,0
1577,2500,seqmar,0.2558505160746848,seq,0.270969079796717,0.011361105949863653,0.24870172131044055,0.2932364382829935,1
1578,2500,seqmar,0.2558505160746848,full,0.26131529159166567,0.011563860804258594,0.23865054089308443,0.28398004229024687,1
1578,2500,seqmar,0.2558505160746848,cc,0.22504145565420214,0.022183739114375566,0.18156212594759355,0.2685207853608107,1
1578,2500,seqmar,0.2558505160746848,cc_ccproj,0.22534309105673406,0.02228408605583863,0.1816670849588991,0.269019097154569,1
1578,2500,seqmar,0.2558505160746848,seq,0.25593217211334474,0.01854189600998115,0.21959072372869476,0.2922736204979947,1
1579,2500,seqmar,0.2558505160746848,full,0.24280747775009554,0.010179900525993404,0.2228552393529481,0.26275971614724297,1
1579,2500,seqmar,0.2558505160746848,cc,0.20097117862961328,0.012208602855379553,0.17704275673151648,0.22489960052771008,0
1579,2500,seqmar,0.2558505160746848,cc_ccproj,0.199107082720204,0.01208419458743771,0.17542249654665223,0.22279166889375576,0
1579,2500,seqmar,0.2558505160746848,seq,0.2534008990257442,0.012526439303048066,0.22884952913724296,0.2779522689142454,1
1580,2500,seqmar,0.2558505160746848,full,0.2467397938161879,0.010877571359542577,0.22542014571222008,0.26805944192015574,1
1580,2500,seqmar,0.2558505160746848,cc,0.19523708746494914,0.02071942397092863,0.15462776270151316,0.23584641222838512,0
1580,2500,seqmar,0.2558505160746848,cc_ccproj,0.1952773323838608,0.02046709706853156,0.15516255926145361,0.235392105506268,0
1580,2500,seqmar,0.2558505160746848,seq,0.232714742966008,0.018378303878605798,0.19669392926700785,0.26873555666500815,1
1581,2500,seqmar,0.2558505160746848,full,0.2631102284528103,0.013026285329535028,0.23757917835457917,0.28864127855104144,1
1581,2500,seqmar,0.2558505160746848,cc,0.23940691335141756,0.01672715308994816,0.20662229573123128,0.27219153097160387,1
1581,2500,seqmar,0.2558505160746848,cc_ccproj,0.23903351261329062,0.016726609488510038,0.206249960432345,0.27181706479423623,1
1581,2500,seqmar,0.2558505160746848,seq,0.26035125956334704,0.014603447894859102,0.23172902763931594,0.28897349148737816,1
1582,2500,seqmar,0.2558505160746848,full,0.2678840441823874,0.009679251509232737,0.2489130598269863,0.28685502853778855,1
1582,2500,seqmar,0.2558505160746848,cc,0.2276100248216052,0.01714169835772347,0.1940129134066178,0.2612071362365926,1
1582,2500,seqmar,0.2558505160746848,cc_ccproj,0.2289500327832734,0.017258067639772612,0.1951248417665629,0.26277522379998386,1
1582,2500,seqmar,0.2558505160746848,seq,0.2670124932434337,0.015376489377782063,0.23687512785431813,0.2971498586325492,1
1583,2500,seqmar,0.2558505160746848,full,0.25363060913951246,0.009284076243499233,0.23543415407253004,0.2718270642064949,1
1583,2500,seqmar,0.2558505160746848,cc,0.22666520491070355,0.012516428501186267,0.20213345583330783,0.25119695398809927,0
1583,2500,seqmar,0.2558505160746848,cc_ccproj,0.2260901759332114,0.012452650124919218,0.20168343017629153,0.25049692169013127,0
1583,2500,seqmar,0.2558505160746848,seq,0.2557808254067659,0.013185648842058315,0.22993742856353933,0.28162422224999245,1
1584,2500,seqmar,0.2558505160746848,full,0.2534300230807421,0.009198231814889483,0.2354018200021082,0.271458226159376,1
1584,2500,seqmar,0.2558505160746848,cc,0.228778983261719,0.014837438888491601,0.19969813741746145,0.25785982910597655,1
1584,2500,seqmar,0.2558505160746848,cc_ccproj,0.22819606011304158,0.014788174074788671,0.19921177152934685,0.25718034869673634,1
1584,2500,seqmar,0.2558505160746848,seq,0.258355891106744,0.012907610629449527,0.23305743914655655,0.28365434306693144,1
1585,2500,seqmar,0.2558505160746848,full,0.2489554869366586,0.009385071847595787,0.23056108412305007,0.26734988975026713,1
1585,2500,seqmar,0.2558505160746848,cc,0.21027885574017205,0.01678545338043515,0.17737997165034305,0.24317773983000104,0
1585,2500,seqmar,0.2558505160746848,cc_ccproj,0.21273229813455846,0.01676333126347555,0.17987677259723206,0.24558782367188486,0
1585,2500,seqmar,0.2558505160746848,seq,0.22625144436391748,0.03302317540085023,0.16152720992310196,0.29097567880473296,1
1586,2500,seqmar,0.2558505160746848,full,0.25455429562416104,0.009612920878235107,0.2357133169165871,0.273395274331735,1
1586,2500,seqmar,0.2558505160746848,cc,0.2048077739886939,0.015792999176608286,0.17385406439467094,0.23576148358271687,0
1586,2500,seqmar,0.2558505160746848,cc_ccproj,0.204223523511643,0.015076089966540175,0.17467493014953858,0.2337721168737474,0
1586,2500,seqmar,0.2558505160746848,seq,0.2455952410474166,0.012482801954632496,0.22112939879019072,0.27006108330464246,1
1587,2500,seqmar,0.2558505160746848,full,0.24775377928852385,0.009256611516255528,0.22961115409778432,0.2658964044792634,1
1587,2500,seqmar,0.2558505160746848,cc,0.22590375437245205,0.014836412662219037,0.19682491989472872,0.2549825888501754,0
1587,2500,seqmar,0.2558505160746848,cc_ccproj,0.2259458522216275,0.01485183455531049,0.1968367913888715,0.2550549130543835,0
1587,2500,seqmar,0.2558505160746848,seq,0.25991029505120766,0.015411882450009374,0.22970356051522436,0.290117029587191,1
1588,2500,seqmar,0.2558505160746848,full,0.25690487496145814,0.00912867570727477,0.2390129993486539,0.2747967505742624,1
1588,2500,seqmar,0.2558505160746848,cc,0.22524928074275066,0.014544449433460534,0.19674268367820402,0.2537558778072973,0
1588,2500,seqmar,0.2558505160746848,cc_ccproj,0.22643947706074913,0.01441884304530387,0.19817906399321772,0.25469989012828054,0
1588,2500,seqmar,0.2558505160746848,seq,0.2589330092315923,0.012788883469829475,0.2338672582282469,0.2839987602349377,1
1589,2500,seqmar,0.2558505160746848,full,0.2565282853521301,0.008712924260576339,0.23945126760137522,0.27360530310288506,1
1589,2500,seqmar,0.2558505160746848,cc,0.22979558853217832,0.011277632019141358,0.20769183594376553,0.2518993411205911,0
1589,2500,seqmar,0.2558505160746848,cc_ccproj,0.2263367884662679,0.011448436343273765,0.2038982655541519,0.2487753113783839,0
1589,2500,seqmar,0.2558505160746848,seq,0.2603169594587058,0.010718165896021183,0.2393097403221788,0.2813241785952328,1
1590,2500,seqmar,0.2558505160746848,full,0.24889531236657475,0.011716841744728108,0.2259307245343522,0.2718599001987973,1
1590,2500,seqmar,0.2558505160746848,cc,0.19495099887547868,0.014814059567936333,0.16591597565749247,0.22398602209346488,0
1590,2500,seqmar,0.2558505160746848,cc_ccproj,0.1991072428756583,0.014426318930885439,0.17083217734163447,0.22738230840968215,0
1590,2500,seqmar,0.2558505160746848,seq,0.2364750335157252,0.014066165295179114,0.20890585613658694,0.2640442108948635,1
1591,2500,seqmar,0.2558505160746848,full,0.25994151075821487,0.010381692068101616,0.23959376820615055,0.2802892533102792,1
1591,2500,seqmar,0.2558505160746848,cc,0.2221974974405918,0.0152684921577905,0.19227180271309016,0.2521231921680934,0
1591,2500,seqmar,0.2558505160746848,cc_ccproj,0.22261538185686422,0.015323732290926196,0.19258141845791543,0.252649345255813,0
1591,2500,seqmar,0.2558505160746848,seq,0.2564286344259308,0.018406052940273282,0.22035343356545758,0.292503835286404,1
1592,2500,seqmar,0.2558505160746848,full,0.2540053626229483,0.009734324179368016,0.2349264378175496,0.27308428742834706,1
1592,2500,seqmar,0.2558505160746848,cc,0.22688878972740903,0.019742473289696645,0.1881942531138596,0.26558332634095844,1
1592,2500,seqmar,0.2558505160746848,cc_ccproj,0.22959953521574394,0.019546378000466436,0.1912893383066237,0.2679097321248642,1
1592,2500,seqmar,0.2558505160746848,seq,0.26307253288353705,0.0150507726138326,0.23357356062092338,0.2925715051461507,1
1593,2500,seqmar,0.2558505160746848,full,0.24571304578581077,0.01042769190240187,0.22527514521522315,0.2661509463563984,1
1593,2500,seqmar,0.2558505160746848,cc,0.20875589637536054,0.015653167478751888,0.1780762518730332,0.2394355408776879,0
1593,2500,seqmar,0.2558505160746848,cc_ccproj,0.2084184498694258,0.015688150367079014,0.1776702401659021,0.23916665957294947,0
1593,2500,seqmar,0.2558505160746848,seq,0.2287715650800829,0.021866869739955174,0.185913287935142,0.2716298422250238,1
1594,2500,seqmar,0.2558505160746848,full,0.2590875611320863,0.009542733910151827,0.24038414635413966,0.277790975910033,1
1594,2500,seqmar,0.2558505160746848,cc,0.2102680310839732,0.018208537906019312,0.17457995257704298,0.24595610959090344,0
1594,2500,seqmar,0.2558505160746848,cc_ccproj,0.206572079235792,0.01823759776072315,0.17082704446024627,0.2423171140113377,0
1594,2500,seqmar,0.2558505160746848,seq,0.23516817509265314,0.017142100418664163,0.2015702756527024,0.26876607453260387,1
1595,2500,seqmar,0.2558505160746848,full,0.2584557717473909,0.009711674974265895,0.23942123856827083,0.27749030492651106,1
1595,2500,seqmar,0.2558505160746848,cc,0.22739006721950109,0.016635334467714438,0.194785410792003,0.25999472364699916,1
1595,2500,seqmar,0.2558505160746848,cc_ccproj,0.22603726169760122,0.016696461175073774,0.19331279912518531,0.25876172427001715,1
1595,2500,seqmar,0.2558505160746848,seq,0.24842909958231502,0.014392578802276094,0.22022016348519924,0.2766380356794308,1
1596,2500,seqmar,0.2558505160746848,full,0.24371523633699763,0.010093171396173453,0.22393298391070782,0.26349748876328744,1
1596,2500,seqmar,0.2558505160746848,cc,0.2209259662415058,0.012344463476751671,0.19673126241860242,0.24512067006440916,0
1596,2500,seqmar,0.2558505160746848,cc_ccproj,0.22001260337601028,0.012339903663036231,0.19582683662376538,0.24419837012825518,0
1596,2500,seqmar,0.2558505160746848,seq,0.24688183527389873,0.012587512270858837,0.2222107645680594,0.271552905979738,1
1597,2500,seqmar,0.2558505160746848,full,0.2622449951541266,0.009585630651141203,0.2434575043087866,0.28103248599946656,1
1597,2500,seqmar,0.2558505160746848,cc,0.2215154791886438,0.0159339042315353,0.19028560076172427,0.2527453576155634,0
1597,2500,seqmar,0.2558505160746848,cc_ccproj,0.22026743796965598,0.01558606315407361,0.18971931552690494,0.250815560412407,0
1597,2500,seqmar,0.2558505160746848,seq,0.2500787021487039,0.012871992567896,0.2248500603063605,0.27530734399104734,1
1598,2500,seqmar,0.2558505160746848,full,0.2665684666752865,0.009690523618007511,0.247575389392657,0.285561543957916,1
1598,2500,seqmar,0.2558505160746848,cc,0.21547963092478725,0.014657636485404626,0.18675119131491394,0.24420807053466057,0
1598,2500,seqmar,0.2558505160746848,cc_ccproj,0.21635857363851704,0.01427225132746712,0.1883854750583775,0.2443316722186566,0
1598,2500,seqmar,0.2558505160746848,seq,0.2625860202493922,0.014147094476485053,0.23485822458959596,0.2903138159091884,1
1599,2500,seqmar,0.2558505160746848,full,0.26022294926748035,0.01225651679588252,0.23620061777164036,0.28424528076332034,1
1599,2500,seqmar,0.2558505160746848,cc,0.24292708764901835,0.017667694174921818,0.20829904337630348,0.2775551319217332,1
1599,2500,seqmar,0.2558505160746848,cc_ccproj,0.24611156981373697,0.01785285155406978,0.21112062374642027,0.28110251588105367,1
1599,2500,seqmar,0.2558505160746848,seq,0.2808790830112064,0.015399103047704012,0.25069739564348553,0.31106077037892726,1
1600,2500,seqmar,0.2558505160746848,full,0.2478384049001103,0.00938308252403634,0.2294479010890319,0.2662289087111887,1
1600,2500,seqmar,0.2558505160746848,cc,0.23137433947143077,0.019687965817375426,0.19278663554051925,0.2699620434023423,1
1600,2500,seqmar,0.2558505160746848,cc_ccproj,0.23219069216133348,0.0197039747820999,0.1935716112361322,0.27080977308653476,1
1600,2500,seqmar,0.2558505160746848,seq,0.2589684112769565,0.01325188614211359,0.23299519171118846,0.2849416308427246,1
1601,2500,seqmar,0.2558505160746848,full,0.24754727397664628,0.00965605344888167,0.22862175698404444,0.26647279096924814,1
1601,2500,seqmar,0.2558505160746848,cc,0.20704311562675853,0.013482824716975433,0.18061726477162024,0.23346896648189683,0
1601,2500,seqmar,0.2558505160746848,cc_ccproj,0.2063570893580163,0.013325807112833321,0.1802389873519353,0.2324751913640973,0
1601,2500,seqmar,0.2558505160746848,seq,0.2462626913086764,0.011738591563111632,0.22325547461575185,0.26926990800160094,1
1602,2500,seqmar,0.2558505160746848,full,0.24641697833583884,0.00972587079318769,0.22735462186290095,0.2654793348087767,1
1602,2500,seqmar,0.2558505160746848,cc,0.19953818636041282,0.015144363876347494,0.16985577859400233,0.2292205941268233,0
1602,2500,seqmar,0.2558505160746848,cc_ccproj,0.20360024377295058,0.015064822773511016,0.1740737337033902,0.23312675384251097,0
1602,2500,seqmar,0.2558505160746848,seq,0.22449831182515026,0.01400406918629456,0.1970508405830058,0.25194578306729476,0
1603,2500,seqmar,0.2558505160746848,full,0.25036656762190407,0.009506159019432803,0.2317348383125052,0.26899829693130295,1
1603,2500,seqmar,0.2558505160746848,cc,0.22186652345129723,0.015047582405407805,0.19237380388229935,0.2513592430202951,0
1603,2500,seqmar,0.2558505160746848,cc_ccproj,0.21996335903664557,0.015044026673091156,0.190477608574927,0.24944910949836416,0
1603,2500,seqmar,0.2558505160746848,seq,0.24534522267195352,0.018633249982075214,0.2088247237921545,0.28186572155175255,1
1604,2500,seqmar,0.2558505160746848,full,0.25989438464177506,0.010359755226022593,0.23958963751012016,0.2801991317734299,1
1604,2500,seqmar,0.2558505160746848,cc,0.2144400009150414,0.017912254237080254,0.1793326277284391,0.24954737410164368,0
1604,2500,seqmar,0.2558505160746848,cc_ccproj,0.21627997555839942,0.01773488976333191,0.1815202303524808,0.251039720764318,0
1604,2500,seqmar,0.2558505160746848,seq,0.25662159180553884,0.01955142800987816,0.21830149705985002,0.29494168655122766,1
1605,2500,seqmar,0.2558505160746848,full,0.2586786500298958,0.010242324039612869,0.2386040637942658,0.27875323626552584,1
1605,2500,seqmar,0.2558505160746848,cc,0.22536202263398636,0.01804810608892454,0.1899883847105362,0.2607356605574365,1
1605,2500,seqmar,0.2558505160746848,cc_ccproj,0.2272437829694554,0.017900387692521995,0.19215966778280824,0.2623278981561026,1
1605,2500,seqmar,0.2558505160746848,seq,0.2638648119842212,0.015290985233918118,0.2338950316376079,0.2938345923308345,1
1606,2500,seqmar,0.2558505160746848,full,0.2730134113272009,0.01005333677371578,0.25330923332626587,0.29271758932813596,1
1606,2500,seqmar,0.2558505160746848,cc,0.25695619811982395,0.016803930120971443,0.22402110028399214,0.28989129595565577,1
1606,2500,seqmar,0.2558505160746848,cc_ccproj,0.25915556675177637,0.016776715922788517,0.2262738077642512,0.2920373257393015,1
1606,2500,seqmar,0.2558505160746848,seq,0.2815455951572607,0.013016661634690431,0.25603340715432316,0.3070577831601982,0
1607,2500,seqmar,0.2558505160746848,full,0.26490701208061573,0.008579772197294153,0.2480909675783611,0.28172305658287033,1
1607,2500,seqmar,0.2558505160746848,cc,0.2152299480132041,0.014167743434681104,0.18746168113902534,0.24299821488738288,0
1607,2500,seqmar,0.2558505160746848,cc_ccproj,0.21375432946139075,0.014169175071813377,0.1859832566299938,0.2415254022927877,0
1607,2500,seqmar,0.2558505160746848,seq,0.27639998777247554,0.016785451687848937,0.24350110700005456,0.3092988685448965,1
1608,2500,seqmar,0.2558505160746848,full,0.25286839238744196,0.011433099079284364,0.23045992996036657,0.27527685481451736,1
1608,2500,seqmar,0.2558505160746848,cc,0.21238189730222262,0.018056920542446776,0.1769909833673255,0.24777281123711975,0
1608,2500,seqmar,0.2558505160746848,cc_ccproj,0.21387426088426728,0.01798256883037149,0.1786290736272266,0.24911944814130796,0
1608,2500,seqmar,0.2558505160746848,seq,0.2574210428830634,0.013892337480822678,0.23019256175957503,0.28464952400655175,1
1609,2500,seqmar,0.2558505160746848,full,0.2572150574048468,0.011329702287367158,0.23500924896604608,0.2794208658436475,1
1609,2500,seqmar,0.2558505160746848,cc,0.2202854124448094,0.014145190102059543,0.19256134929030025,0.24800947559931855,0
1609,2500,seqmar,0.2558505160746848,cc_ccproj,0.2194510860615013,0.01391968787075351,0.19216899915878538,0.2467331729642172,0
1609,2500,seqmar,0.2558505160746848,seq,0.2585074092356575,0.011861474732564952,0.23525934595629833,0.2817554725150167,1
1610,2500,seqmar,0.2558505160746848,full,0.2539851077120494,0.0109934325172505,0.23243837591176691,0.2755318395123319,1
1610,2500,seqmar,0.2558505160746848,cc,0.2232885338647874,0.011364001964750774,0.20101549929363347,0.24556156843594132,0
1610,2500,seqmar,0.2558505160746848,cc_ccproj,0.22293661019332012,0.011346265141961147,0.20069833915603402,0.2451748812306062,0
1610,2500,seqmar,0.2558505160746848,seq,0.253958020569368,0.012165436137178036,0.23011420388427697,0.277801837254459,1
1611,2500,seqmar,0.2558505160746848,full,0.2289234848287334,0.008794811088477614,0.21168597184448376,0.24616099781298303,0
1611,2500,seqmar,0.2558505160746848,cc,0.18982197490701452,0.013079654253828215,0.1641863236392751,0.21545762617475395,0
1611,2500,seqmar,0.2558505160746848,cc_ccproj,0.19136250840440694,0.012978143605214279,0.16592581435199813,0.21679920245681575,0
1611,2500,seqmar,0.2558505160746848,seq,0.23391503397932506,0.013130144922360469,0.20818042281970708,0.25964964513894306,1
1612,2500,seqmar,0.2558505160746848,full,0.23963815805706937,0.012788786758757187,0.21457259660394254,0.26470371951019617,1
1612,2500,seqmar,0.2558505160746848,cc,0.20453180130587267,0.028392074987946363,0.1488843568831373,0.26017924572860807,1
1612,2500,seqmar,0.2558505160746848,cc_ccproj,0.20099731091474274,0.02781273047208096,0.14648536087774436,0.2555092609517411,0
1612,2500,seqmar,0.2558505160746848,seq,0.2399275859561621,0.019579467540033785,0.2015525347412248,0.2783026371710994,1
1613,2500,seqmar,0.2558505160746848,full,0.25167943283250216,0.009578682924240316,0.23290555928166234,0.270453306383342,1
1613,2500,seqmar,0.2558505160746848,cc,0.2272891786208328,0.0170862309465559,0.19380078133404954,0.2607775759076161,1
1613,2500,seqmar,0.2558505160746848,cc_ccproj,0.22991664024083716,0.0169404224144626,0.1967140224255954,0.26311925805607894,1
1613,2500,seqmar,0.2558505160746848,seq,0.25289101497371735,0.014528424719817374,0.22441582577077387,0.2813662041766608,1
1614,2500,seqmar,0.2558505160746848,full,0.2644548182975125,0.009805690434061492,0.24523601820320304,0.2836736183918219,1
1614,2500,seqmar,0.2558505160746848,cc,0.2211020902502576,0.020444516891676316,0.18103157346125123,0.2611726070392639,1
1614,2500,seqmar,0.2558505160746848,cc_ccproj,0.22242953823061593,0.02016314768244979,0.18291049495805206,0.2619485815031798,1
1614,2500,seqmar,0.2558505160746848,seq,0.2529031136488619,0.013833659706576358,0.22578963884958933,0.28001658844813454,1
1615,2500,seqmar,0.2558505160746848,full,0.2517307433102241,0.010010083677817914,0.23211133981946874,0.27135014680097946,1
1615,2500,seqmar,0.2558505160746848,cc,0.22326970628333662,0.01630755497043229,0.19130748586538218,0.255231926701291,0
1615,2500,seqmar,0.2558505160746848,cc_ccproj,0.22558917015531874,0.016030644158834362,0.194169684955026,0.25700865535561146,1
1615,2500,seqmar,0.2558505160746848,seq,0.25269169759031646,0.015579975261985795,0.2221555071967993,0.2832278879838336,1
1616,2500,seqmar,0.2558505160746848,full,0.2605458149898838,0.01016656247417588,0.24061971869392262,0.2804719112858449,1
1616,2500,seqmar,0.2558505160746848,cc,0.21346097752529367,0.01189468152581896,0.19014783012711456,0.23677412492347277,0
1616,2500,seqmar,0.2558505160746848,cc_ccproj,0.21305602497378082,0.011927785726377711,0.18967799453476958,0.23643405541279205,0
1616,2500,seqmar,0.2558505160746848,seq,0.25391907558451593,0.013865834479787752,0.22674253938853825,0.2810956117804936,1
1617,2500,seqmar,0.2558505160746848,full,0.24592265853466147,0.010018115396177658,0.22628751316518705,0.2655578039041359,1
1617,2500,seqmar,0.2558505160746848,cc,0.2113812418864214,0.012403731229616322,0.1870703754024587,0.23569210837038412,0
1617,2500,seqmar,0.2558505160746848,cc_ccproj,0.21227892084687355,0.012127819633542248,0.188508831154133,0.2360490105396141,0
1617,2500,seqmar,0.2558505160746848,seq,0.24781630039286712,0.01539231160049755,0.21764792401707383,0.2779846767686604,1
1618,2500,seqmar,0.2558505160746848,full,0.26696113583631775,0.010580781015432115,0.24622318611776567,0.28769908555486984,1
1618,2500,seqmar,0.2558505160746848,cc,0.2609990448068735,0.02352985946812668,0.21488136768805643,0.3071167219256906,1
1618,2500,seqmar,0.2558505160746848,cc_ccproj,0.25734158748153685,0.023581642332322388,0.21112241781387986,0.30356075714919384,1
1618,2500,seqmar,0.2558505160746848,seq,0.2706425207101809,0.016183526702511202,0.2389233912304167,0.30236165018994515,1
1619,2500,seqmar,0.2558505160746848,full,0.2481972469512213,0.010133180204779078,0.2283365787010001,0.2680579152014425,1
1619,2500,seqmar,0.2558505160746848,cc,0.20571491042736112,0.014336580803280657,0.1776157283914827,0.23381409246323953,0
1619,2500,seqmar,0.2558505160746848,cc_ccproj,0.20414129805684453,0.014408991326923774,0.17590019400252394,0.23238240211116512,0
1619,2500,seqmar,0.2558505160746848,seq,0.22773952237197667,0.016669108274641645,0.19506867049928045,0.2604103742446729,1
1620,2500,seqmar,0.2558505160746848,full,0.26368103738296067,0.008819515750205632,0.24639510415147386,0.2809669706144475,1
1620,2500,seqmar,0.2558505160746848,cc,0.2382328387285089,0.014125217536298926,0.2105479210835694,0.2659177563734484,1
1620,2500,seqmar,0.2558505160746848,cc_ccproj,0.2371729510402487,0.014059080087723377,0.20961766041254665,0.2647282416679507,1
1620,2500,seqmar,0.2558505160746848,seq,0.2638340720927209,0.011212496846383061,0.24185798209704118,0.28581016208840065,1
1621,2500,seqmar,0.2558505160746848,full,0.2651783811510799,0.013584331657357243,0.2385535803486124,0.2918031819535474,1
1621,2500,seqmar,0.2558505160746848,cc,0.2294019220905997,0.01522779717037715,0.19955598807277955,0.2592478561084199,1
1621,2500,seqmar,0.2558505160746848,cc_ccproj,0.2299451586375727,0.015040318607117274,0.2004666758516152,0.2594236414235302,1
1621,2500,seqmar,0.2558505160746848,seq,0.26350786829251865,0.014369200889748983,0.23534475206198974,0.29167098452304757,1
1622,2500,seqmar,0.2558505160746848,full,0.2528474883736153,0.010850286061856236,0.23158131847042016,0.27411365827681045,1
1622,2500,seqmar,0.2558505160746848,cc,0.21023459228131555,0.022624077925612114,0.16589221436368815,0.25457697019894293,0
1622,2500,seqmar,0.2558505160746848,cc_ccproj,0.20955719358781047,0.022111227549836923,0.16621998393616028,0.25289440323946066,0
1622,2500,seqmar,0.2558505160746848,seq,0.24083897576210528,0.019523074021852615,0.20257445381176462,0.27910349771244597,1
1623,2500,seqmar,0.2558505160746848,full,0.24958000014756457,0.010047398728772411,0.22988746050085712,0.269272539794272,1
1623,2500,seqmar,0.2558505160746848,cc,0.22220718467720008,0.01203198416956588,0.1986249290422949,0.24578944031210526,0
1623,2500,seqmar,0.2558505160746848,cc_ccproj,0.21956494645429092,0.012041003540491495,0.19596501317720832,0.24316487973137352,0
1623,2500,seqmar,0.2558505160746848,seq,0.2583833797694413,0.011072352775179348,0.23668196710596767,0.28008479243291495,1
1624,2500,seqmar,0.2558505160746848,full,0.25485475763863985,0.011072371377683443,0.23315330851492816,0.27655620676235154,1
1624,2500,seqmar,0.2558505160746848,cc,0.20762909604367868,0.016631040645410627,0.17503285535325208,0.2402253367341053,0
1624,2500,seqmar,0.2558505160746848,cc_ccproj,0.20812552095361106,0.016457994240467087,0.17586844498452792,0.2403825969226942,0
1624,2500,seqmar,0.2558505160746848,seq,0.2353867427906719,0.01669921016834998,0.20265689229044087,0.2681165932909029,1
1625,2500,seqmar,0.2558505160746848,full,0.27101105983011564,0.009412312367045195,0.2525632665794661,0.2894588530807652,1
1625,2500,seqmar,0.2558505160746848,cc,0.2334037549185935,0.014747288474580232,0.2044996006387936,0.26230790919839336,1
1625,2500,seqmar,0.2558505160746848,cc_ccproj,0.2371122029057743,0.01467648900875604,0.2083468130291145,0.2658775927824341,1
1625,2500,seqmar,0.2558505160746848,seq,0.2659457943586159,0.011369869993338775,0.24366125866276922,0.2882303300544625,1
1626,2500,seqmar,0.2558505160746848,full,0.2648817643239837,0.010097904488789349,0.24509023520663123,0.2846732934413362,1
1626,2500,seqmar,0.2558505160746848,cc,0.23384341819535903,0.013460387791994512,0.20746154290510715,0.2602252934856109,1
1626,2500,seqmar,0.2558505160746848,cc_ccproj,0.23351011558678483,0.013545561398223336,0.20696130309589109,0.2600589280776786,1
1626,2500,seqmar,0.2558505160746848,seq,0.27730486132940513,0.019262595532687964,0.2395508678365746,0.31505885482223567,1
1627,2500,seqmar,0.2558505160746848,full,0.2655905287464817,0.009528858067757889,0.2469143101198823,0.2842667473730811,1
1627,2500,seqmar,0.2558505160746848,cc,0.23331410565709593,0.01615848935879524,0.20164404846928355,0.26498416284490833,1
1627,2500,seqmar,0.2558505160746848,cc_ccproj,0.2320744725779132,0.016223175028669025,0.20027763380683233,0.26387131134899405,1
1627,2500,seqmar,0.2558505160746848,seq,0.26007162498828185,0.01381579358541971,0.2329931671430197,0.287150082833544,1
1628,2500,seqmar,0.2558505160746848,full,0.25733114182538946,0.009267749667604071,0.23916668625915244,0.2754955973916265,1
1628,2500,seqmar,0.2558505160746848,cc,0.2169776159835815,0.01343614848867163,0.19064324885485284,0.24331198311231017,0
1628,2500,seqmar,0.2558505160746848,cc_ccproj,0.21409758038438473,0.013420985950579976,0.1877929312842299,0.24040222948453954,0
1628,2500,seqmar,0.2558505160746848,seq,0.2535109077828825,0.0110826557780607,0.2317893016048288,0.2752325139609362,1
1629,2500,seqmar,0.2558505160746848,full,0.2690395231532245,0.009719379540449725,0.24998988930186758,0.28808915700458143,1
1629,2500,seqmar,0.2558505160746848,cc,0.24518709348376447,0.016620157403393045,0.21261218355572736,0.2777620034118016,1
1629,2500,seqmar,0.2558505160746848,cc_ccproj,0.24307756128959546,0.016723496997156834,0.2103001094796043,0.2758550130995866,1
1629,2500,seqmar,0.2558505160746848,seq,0.2672020229905963,0.014451984499194614,0.23887665386704374,0.2955273921141489,1
1630,2500,seqmar,0.2558505160746848,full,0.25274593994145333,0.009608756648564075,0.23391312297405795,0.2715787569088487,1
1630,2500,seqmar,0.2558505160746848,cc,0.21480394667993177,0.01187466669558413,0.19153002762816962,0.23807786573169393,0
1630,2500,seqmar,0.2558505160746848,cc_ccproj,0.2129255552606643,0.011774051720425035,0.18984883793651938,0.23600227258480924,0
1630,2500,seqmar,0.2558505160746848,seq,0.2449062347835933,0.013574672517623619,0.21830036554712534,0.27151210402006126,1
1631,2500,seqmar,0.2558505160746848,full,0.23414094741366098,0.009835648943804513,0.21486342971922473,0.25341846510809724,0
1631,2500,seqmar,0.2558505160746848,cc,0.19111683644870933,0.01310101258355223,0.16543932362394093,0.21679434927347774,0
1631,2500,seqmar,0.2558505160746848,cc_ccproj,0.18928713698690053,0.013049695044941537,0.1637102046895843,0.21486406928421675,0
1631,2500,seqmar,0.2558505160746848,seq,0.21707128028469377,0.01847193356125603,0.18086695577981526,0.2532756047895723,0
1632,2500,seqmar,0.2558505160746848,full,0.26254302587153994,0.0090932864185271,0.2447205119901196,0.28036553975296025,1
1632,2500,seqmar,0.2558505160746848,cc,0.21874652923240429,0.014854581193131353,0.18963208508844082,0.24786097337636775,0
1632,2500,seqmar,0.2558505160746848,cc_ccproj,0.21624312596495202,0.014845601333157838,0.18714628202312283,0.2453399699067812,0
1632,2500,seqmar,0.2558505160746848,seq,0.2474518858112158,0.015188200529294028,0.2176835597838273,0.2772202118386043,1
1633,2500,seqmar,0.2558505160746848,full,0.2653193141908138,0.011614022959666813,0.24255624747424553,0.28808238090738203,1
1633,2500,seqmar,0.2558505160746848,cc,0.26898646706236706,0.031157511284762497,0.20791886709633225,0.33005406702840184,1
1633,2500,seqmar,0.2558505160746848,cc_ccproj,0.2702173529804486,0.031007650007645972,0.20944347572023936,0.3309912302406578,1
1633,2500,seqmar,0.2558505160746848,seq,0.27594667070647666,0.019693988665298798,0.23734716221055097,0.31454617920240235,1
1634,2500,seqmar,0.2558505160746848,full,0.24052016780065041,0.009576286009341024,0.2217509921166872,0.25928934348461363,1
1634,2500,seqmar,0.2558505160746848,cc,0.21992473121714706,0.01822947318884918,0.18419562030986414,0.25565384212443,0
1634,2500,seqmar,0.2558505160746848,cc_ccproj,0.22058956591918444,0.01820387574289477,0.18491062508406836,0.2562685067543005,1
1634,2500,seqmar,0.2558505160746848,seq,0.24752856237481566,0.015836269506206504,0.21649004449318102,0.27856708025645033,1
1635,2500,seqmar,0.2558505160746848,full,0.26387825561336425,0.010395600066871086,0.24350325388461475,0.28425325734211376,1
1635,2500,seqmar,0.2558505160746848,cc,0.22709373241809339,0.01753310894308146,0.1927294703526366,0.26145799448355017,1
1635,2500,seqmar,0.2558505160746848,cc_ccproj,0.226172379395379,0.01727791192099092,0.19230829430218152,0.2600364644885764,1
1635,2500,seqmar,0.2558505160746848,seq,0.2629568740350572,0.013299636761414097,0.23689006497522064,0.28902368309489374,1
1636,2500,seqmar,0.2558505160746848,full,0.26747674054406123,0.010027303356378327,0.2478235871035021,0.28712989398462035,1
1636,2500,seqmar,0.2558505160746848,cc,0.21608718369089988,0.01514418367887921,0.18640512910503731,0.24576923827676245,0
1636,2500,seqmar,0.2558505160746848,cc_ccproj,0.21573222871339404,0.014955833394402715,0.1864193339015833,0.24504512352520477,0
1636,2500,seqmar,0.2558505160746848,seq,0.2554093681009193,0.011954356842518707,0.23197925923124268,0.2788394769705959,1
1637,2500,seqmar,0.2558505160746848,full,0.25567281083290994,0.009763068419361089,0.23653754835236182,0.2748080733134581,1
1637,2500,seqmar,0.2558505160746848,cc,0.23795016165466953,0.014460871092513124,0.20960737512826744,0.26629294818107163,1
1637,2500,seqmar,0.2558505160746848,cc_ccproj,0.23759459335580424,0.014613388421866191,0.2089528783568519,0.2662363083547566,1
1637,2500,seqmar,0.2558505160746848,seq,0.26527826324121895,0.01239283264623641,0.24098875758816338,0.28956776889427455,1
1638,2500,seqmar,0.2558505160746848,full,0.25928904318279317,0.010789600857680612,0.23814181409417667,0.28043627227140966,1
1638,2500,seqmar,0.2558505160746848,cc,0.23536436601272054,0.01700717746678836,0.2020309106991342,0.2686978213263069,1
1638,2500,seqmar,0.2558505160746848,cc_ccproj,0.23601473385439617,0.016979945641295024,0.20273465193801005,0.2692948157707823,1
1638,2500,seqmar,0.2558505160746848,seq,0.25003461383805753,0.016733676870715305,0.21723720984252462,0.28283201783359047,1
1639,2500,seqmar,0.2558505160746848,full,0.2683330885599181,0.00916445008147369,0.25037109646211453,0.2862950806577217,1
1639,2500,seqmar,0.2558505160746848,cc,0.22195885548366273,0.013676974128250356,0.19515247877480593,0.24876523219251953,0
1639,2500,seqmar,0.2558505160746848,cc_ccproj,0.21981368360402312,0.013733508448694207,0.19289650166320593,0.2467308655448403,0
1639,2500,seqmar,0.2558505160746848,seq,0.2596334798747464,0.011696060720299413,0.23670962210196594,0.28255733764752683,1
1640,2500,seqmar,0.2558505160746848,full,0.25768762133976975,0.010515380807907124,0.23707785367254808,0.2782973890069914,1
1640,2500,seqmar,0.2558505160746848,cc,0.2129283497564844,0.01469651150162586,0.18412371651491904,0.24173298299804974,0
1640,2500,seqmar,0.2558505160746848,cc_ccproj,0.21228292469876328,0.01457495997772563,0.18371652806630834,0.24084932133121822,0
1640,2500,seqmar,0.2558505160746848,seq,0.2537756278263532,0.011928538988749985,0.2303961210202214,0.27715513463248503,1
1641,2500,seqmar,0.2558505160746848,full,0.2495793475380939,0.008912135486659522,0.2321118829588999,0.2670468121172879,1
1641,2500,seqmar,0.2558505160746848,cc,0.20088556050123269,0.010714830411283042,0.17988487879466342,0.22188624220780195,0
1641,2500,seqmar,0.2558505160746848,cc_ccproj,0.20373669236373743,0.010655785346144279,0.18285173685830497,0.22462164786916988,0
1641,2500,seqmar,0.2558505160746848,seq,0.2295486312277024,0.011941944623868429,0.20614284985954856,0.2529544125958562,0
1642,2500,seqmar,0.2558505160746848,full,0.2693858771476302,0.009645464260298638,0.2504811145832766,0.28829063971198376,1
1642,2500,seqmar,0.2558505160746848,cc,0.21866808943099778,0.01375701665914514,0.19170483224435575,0.2456313466176398,0
1642,2500,seqmar,0.2558505160746848,cc_ccproj,0.2192295598016206,0.013619119798328853,0.19253657549575964,0.24592254410748154,0
1642,2500,seqmar,0.2558505160746848,seq,0.25145935603114156,0.0189405904682479,0.21433648086745305,0.28858223119483006,1
1643,2500,seqmar,0.2558505160746848,full,0.25649140440641865,0.010227655179110805,0.23644556860906693,0.2765372402037704,1
1643,2500,seqmar,0.2558505160746848,cc,0.22736660485918336,0.015621433445333616,0.19674915791944003,0.2579840517989267,1
1643,2500,seqmar,0.2558505160746848,cc_ccproj,0.22762190438264224,0.015824553586209694,0.19660634928224707,0.2586374594830374,1
1643,2500,seqmar,0.2558505160746848,seq,0.26100042474011337,0.014220364105493058,0.23312902324630083,0.28887182623392593,1
1644,2500,seqmar,0.2558505160746848,full,0.25762234067655937,0.010506491012655751,0.23702999668786034,0.2782146846652584,1
1644,2500,seqmar,0.2558505160746848,cc,0.2375498536866662,0.026488932094907568,0.18563250079172025,0.2894672065816122,1
1644,2500,seqmar,0.2558505160746848,cc_ccproj,0.23639762195229824,0.026104745446927688,0.185233261050734,0.2875619828538625,1
1644,2500,seqmar,0.2558505160746848,seq,0.2665959976025401,0.017712612802116664,0.23187991443828837,0.30131208076679183,1
1645,2500,seqmar,0.2558505160746848,full,0.2757405502993896,0.012146602712676735,0.2519336464480267,0.2995474541507525,1
1645,2500,seqmar,0.2558505160746848,cc,0.2525392840893593,0.018398059979770568,0.21647974914360124,0.2885988190351173,1
1645,2500,seqmar,0.2558505160746848,cc_ccproj,0.2509179648897856,0.018563770438466128,0.2145336434131227,0.28730228636644856,1
1645,2500,seqmar,0.2558505160746848,seq,0.2852299086135572,0.015412540327185168,0.2550218846620031,0.31543793256511127,1
1646,2500,seqmar,0.2558505160746848,full,0.2661978829545004,0.012528612354284527,0.24164225396383918,0.2907535119451617,1
1646,2500,seqmar,0.2558505160746848,cc,0.2251008244780388,0.01174182546451595,0.20208726945483227,0.24811437950124535,0
1646,2500,seqmar,0.2558505160746848,cc_ccproj,0.2251667915567761,0.011754906966105951,0.20212759726158944,0.24820598585196277,0
1646,2500,seqmar,0.2558505160746848,seq,0.26029381854619643,0.01323475169525678,0.2343541818791627,0.2862334552132301,1
1647,2500,seqmar,0.2558505160746848,full,0.2559759747878098,0.00945600926102435,0.23744253719872488,0.27450941237689475,1
1647,2500,seqmar,0.2558505160746848,cc,0.22946687327504692,0.015507913595339656,0.19907192115282213,0.2598618253972717,1
1647,2500,seqmar,0.2558505160746848,cc_ccproj,0.23000892557639419,0.0153225142031791,0.1999773495855597,0.2600405015672287,1
1647,2500,seqmar,0.2558505160746848,seq,0.25850921214829997,0.013664125344049571,0.23172801859372183,0.2852904057028781,1
1648,2500,seqmar,0.2558505160746848,full,0.23801228922228757,0.008861424864345453,0.22064421563646275,0.2553803628081124,0
1648,2500,seqmar,0.2558505160746848,cc,0.1921004075180787,0.011750278226999433,0.16907028538483465,0.21513052965132273,0
1648,2500,seqmar,0.2558505160746848,cc_ccproj,0.1920919545304639,0.011555153054574472,0.16944427070764995,0.21473963835327786,0
1648,2500,seqmar,0.2558505160746848,seq,0.2227812211711283,0.010674830904247121,0.20185893705774882,0.2437035052845078,0
1649,2500,seqmar,0.2558505160746848,full,0.24759866245741796,0.009720401951157165,0.22854702471789706,0.26665030019693886,1
1649,2500,seqmar,0.2558505160746848,cc,0.22626100433259272,0.016204391690011442,0.19450098022879014,0.2580210284363953,1
1649,2500,seqmar,0.2558505160746848,cc_ccproj,0.22283105870144815,0.016199984575561807,0.1910796723832426,0.25458244501965366,0
1649,2500,seqmar,0.2558505160746848,seq,0.24907608387162472,0.014513530282025545,0.2206300872303232,0.27752208051292626,1
1650,2500,seqmar,0.2558505160746848,full,0.258310399737614,0.011325630110168213,0.2361125726194619,0.2805082268557661,1
1650,2500,seqmar,0.2558505160746848,cc,0.21348059786969456,0.027649541669036434,0.15928849200934364,0.2676727037300455,1
1650,2500,seqmar,0.2558505160746848,cc_ccproj,0.21475425633564918,0.026997264419633474,0.16184059039206292,0.2676679222792354,1
1650,2500,seqmar,0.2558505160746848,seq,0.2504532110843007,0.018897887916201322,0.2134140313846714,0.28749239078392996,1
1651,2500,seqmar,0.2558505160746848,full,0.23912874410926202,0.009683901096935552,0.22014864672942042,0.2581088414891036,1
1651,2500,seqmar,0.2558505160746848,cc,0.19768772436744178,0.015775058323709998,0.16676917819895137,0.2286062705359322,0
1651,2500,seqmar,0.2558505160746848,cc_ccproj,0.19689395892345382,0.015544663868142239,0.16642697759011396,0.22736094025679368,0
1651,2500,seqmar,0.2558505160746848,seq,0.24642075409478925,0.01394802831419631,0.21908312094361956,0.27375838724595897,1
1652,2500,seqmar,0.2558505160746848,full,0.2690796411989463,0.008767974538961946,0.2518947268852167,0.2862645555126759,1
1652,2500,seqmar,0.2558505160746848,cc,0.23473949174605852,0.012952132460827818,0.20935377859984386,0.2601252048922732,1
1652,2500,seqmar,0.2558505160746848,cc_ccproj,0.2326754341883022,0.012904630700034564,0.20738282278244455,0.25796804559415987,1
1652,2500,seqmar,0.2558505160746848,seq,0.27033161035648196,0.014448977792117165,0.24201213427051324,0.29865108644245064,1
1653,2500,seqmar,0.2558505160746848,full,0.25538424037454044,0.00863047846123926,0.23846881342116283,0.27229966732791805,1
1653,2500,seqmar,0.2558505160746848,cc,0.2100809656021637,0.012617781327824588,0.18535056863482552,0.23481136256950186,0
1653,2500,seqmar,0.2558505160746848,cc_ccproj,0.21213409031121083,0.012569793654141025,0.1874977474559943,0.23677043316642737,0
1653,2500,seqmar,0.2558505160746848,seq,0.2513753591722687,0.013453949503836387,0.22500610269492888,0.27774461564960856,1
1654,2500,seqmar,0.2558505160746848,full,0.2673182830847836,0.012316608731414184,0.24317817355954024,0.291458392610027,1
1654,2500,seqmar,0.2558505160746848,cc,0.24679246348115083,0.029515133696544505,0.18894386443703903,0.30464106252526263,1
1654,2500,seqmar,0.2558505160746848,cc_ccproj,0.2445487932984075,0.02958486673757735,0.18656352000533888,0.30253406659147614,1
1654,2500,seqmar,0.2558505160746848,seq,0.2769690296570935,0.022386820466906213,0.2330916678135932,0.32084639150059385,1
1655,2500,seqmar,0.2558505160746848,full,0.27021419277574193,0.00984705091184893,0.2509143276345857,0.28951405791689816,1
1655,2500,seqmar,0.2558505160746848,cc,0.22888639714350356,0.014210514558278304,0.20103430040749598,0.25673849387951114,1
1655,2500,seqmar,0.2558505160746848,cc_ccproj,0.23157803758949777,0.014292358283737023,0.2035655300992305,0.25959054507976503,1
1655,2500,seqmar,0.2558505160746848,seq,0.26116124400594926,0.012619694290926471,0.23642709769982764,0.2858953903120709,1
1656,2500,seqmar,0.2558505160746848,full,0.2572654070575958,0.009866925384793472,0.2379265886652566,0.276604225449935,1
1656,2500,seqmar,0.2558505160746848,cc,0.25471485105224256,0.02101737968364854,0.2135215438228876,0.29590815828159756,1
1656,2500,seqmar,0.2558505160746848,cc_ccproj,0.2551827089719964,0.020990838293953793,0.2140414219105428,0.29632399603345005,1
1656,2500,seqmar,0.2558505160746848,seq,0.2839407196963659,0.015438815342148755,0.2536811976617899,0.3142002417309419,1
1657,2500,seqmar,0.2558505160746848,full,0.2607820111397435,0.011158786934054043,0.23891119063784141,0.2826528316416455,1
1657,2500,seqmar,0.2558505160746848,cc,0.21897908257283044,0.0196381250288171,0.1804890647924543,0.2574691003532066,1
1657,2500,seqmar,0.2558505160746848,cc_ccproj,0.21679936264183874,0.019425405028959356,0.17872626839997516,0.2548724568837023,0
1657,2500,seqmar,0.2558505160746848,seq,0.2515054765214728,0.013633578296342761,0.22478415408023406,0.2782267989627116,1
1658,2500,seqmar,0.2558505160746848,full,0.24913079952283823,0.009298956151881489,0.23090518037133334,0.2673564186743431,1
1658,2500,seqmar,0.2558505160746848,cc,0.22588464301734712,0.01681284168453259,0.19293207883788951,0.2588372071968047,1
1658,2500,seqmar,0.2558505160746848,cc_ccproj,0.22448594154410084,0.016813812503031815,0.19153147459534922,0.25744040849285243,1
1658,2500,seqmar,0.2558505160746848,seq,0.24926825920223245,0.014152360313162322,0.22153014269220028,0.2770063757122646,1
1659,2500,seqmar,0.2558505160746848,full,0.24900307682412268,0.014209267133527013,0.22115342499570104,0.2768527286525443,1
1659,2500,seqmar,0.2558505160746848,cc,0.21040534432781502,0.024115809990836477,0.1631392252877643,0.2576714633678657,1
1659,2500,seqmar,0.2558505160746848,cc_ccproj,0.21374629898665107,0.02383034210704585,0.16703968671757286,0.2604529112557293,1
1659,2500,seqmar,0.2558505160746848,seq,0.23973213620506423,0.02227826033882776,0.19606754830275472,0.2833967241073737,1
1660,2500,seqmar,0.2558505160746848,full,0.27433848264925537,0.009161034394416198,0.2563831851750669,0.2922937801234438,0
1660,2500,seqmar,0.2558505160746848,cc,0.22714734219657115,0.016113762758921613,0.19556494753366202,0.2587297368594803,1
1660,2500,seqmar,0.2558505160746848,cc_ccproj,0.22925455915896065,0.016045698637452182,0.19780556772277094,0.2607035505951503,1
1660,2500,seqmar,0.2558505160746848,seq,0.27038137679463525,0.013495588437606874,0.2439305095067506,0.2968322440825199,1
1661,2500,seqmar,0.2558505160746848,full,0.25173968215093445,0.00958026662359731,0.23296270460639257,0.27051665969547634,1
1661,2500,seqmar,0.2558505160746848,cc,0.21876784651822717,0.0156616598072776,0.18807155735784456,0.24946413567860978,0
1661,2500,seqmar,0.2558505160746848,cc_ccproj,0.21999729797290443,0.015351861101247507,0.1899082031187979,0.25008639282701095,0
1661,2500,seqmar,0.2558505160746848,seq,0.26042994071825526,0.014504273957178184,0.23200208614028378,0.28885779529622674,1
1662,2500,seqmar,0.2558505160746848,full,0.25764095078190696,0.00959045244453937,0.23884400939516567,0.2764378921686482,1
1662,2500,seqmar,0.2558505160746848,cc,0.2321495978735771,0.013292085845157205,0.20609758833765435,0.2582016074094999,1
1662,2500,seqmar,0.2558505160746848,cc_ccproj,0.23076879274376277,0.013380587898986102,0.20454332236977754,0.256994263117748,1
1662,2500,seqmar,0.2558505160746848,seq,0.2703456423078835,0.013467793125197048,0.24394925283126115,0.29674203178450587,1
1663,2500,seqmar,0.2558505160746848,full,0.26352783060302554,0.010196172947217448,0.24354369884633773,0.2835119623597134,1
1663,2500,seqmar,0.2558505160746848,cc,0.22835158578024625,0.017661393212630574,0.19373589116669016,0.26296728039380235,1
1663,2500,seqmar,0.2558505160746848,cc_ccproj,0.22602615382608623,0.017714471614735244,0.19130642745604806,0.26074588019612444,1
1663,2500,seqmar,0.2558505160746848,seq,0.2551841392574407,0.013530808407999218,0.2286642420960505,0.2817040364188309,1
1664,2500,seqmar,0.2558505160746848,full,0.24353968232979897,0.009852211208806465,0.22422970319245647,0.26284966146714145,1
1664,2500,seqmar,0.2558505160746848,cc,0.21908089929117655,0.017885880976118998,0.1840252167462132,0.2541365818361399,0
1664,2500,seqmar,0.2558505160746848,cc_ccproj,0.2156762484342716,0.017895624496614856,0.18060146894005374,0.25075102792848947,0
1664,2500,seqmar,0.2558505160746848,seq,0.24508641664481284,0.013319389001343622,0.21898089390610043,0.27119193938352526,1
1665,2500,seqmar,0.2558505160746848,full,0.24676612382542476,0.00897636604789363,0.22917276965950512,0.2643594779913444,1
1665,2500,seqmar,0.2558505160746848,cc,0.22337665072289165,0.01332767719433576,0.19725488342441772,0.24949841802136558,0
1665,2500,seqmar,0.2558505160746848,cc_ccproj,0.22324203738409168,0.013425984362856915,0.19692759157589418,0.24955648319228918,0
1665,2500,seqmar,0.2558505160746848,seq,0.2706797562203019,0.015541837644691034,0.24021831418313863,0.3011411982574651,1
1666,2500,seqmar,0.2558505160746848,full,0.2531804808853184,0.009957722770664236,0.23366370288678212,0.2726972588838547,1
1666,2500,seqmar,0.2558505160746848,cc,0.22866232681538876,0.016769659011656002,0.19579439911952543,0.26153025451125206,1
1666,2500,seqmar,0.2558505160746848,cc_ccproj,0.22811313181560308,0.016573957737511132,0.1956287715687923,0.26059749206241384,1
1666,2500,seqmar,0.2558505160746848,seq,0.26156950332202733,0.014203049383673297,0.23373203805938386,0.2894069685846708,1
1667,2500,seqmar,0.2558505160746848,full,0.23304176437814486,0.009012471463867487,0.2153776448972696,0.2507058838590201,0
1667,2500,seqmar,0.2558505160746848,cc,0.20064336686229683,0.012563003028698467,0.17602033338838022,0.22526640033621345,0
1667,2500,seqmar,0.2558505160746848,cc_ccproj,0.19813027897322896,0.01246320505869606,0.17370284592624727,0.22255771202021066,0
1667,2500,seqmar,0.2558505160746848,seq,0.22382241504182654,0.013011824859319903,0.19831970694441658,0.2493251231392365,0
1668,2500,seqmar,0.2558505160746848,full,0.2594323515394185,0.009951278380395452,0.23992820431371134,0.27893649876512566,1
1668,2500,seqmar,0.2558505160746848,cc,0.21025397557814293,0.018197592288886386,0.1745873500865818,0.24592060106970406,0
1668,2500,seqmar,0.2558505160746848,cc_ccproj,0.21218323432693414,0.018183056011627126,0.17654509941527047,0.24782136923859782,0
1668,2500,seqmar,0.2558505160746848,seq,0.27350412563914694,0.03223586220271321,0.21032299671123303,0.3366852545670609,1
1669,2500,seqmar,0.2558505160746848,full,0.24725690634271477,0.009803424996582995,0.2280425464242724,0.26647126626115714,1
1669,2500,seqmar,0.2558505160746848,cc,0.1953258877060912,0.014882598752844457,0.16615653015415532,0.22449524525802705,0
1669,2500,seqmar,0.2558505160746848,cc_ccproj,0.19420033062539233,0.014415006540302554,0.16594743696949,0.22245322428129466,0
1669,2500,seqmar,0.2558505160746848,seq,0.2307904813300749,0.013716788557738953,0.20390606977335546,0.25767489288679435,1
1670,2500,seqmar,0.2558505160746848,full,0.24296513992986485,0.009572529315753883,0.2242033272300334,0.2617269526296963,1
1670,2500,seqmar,0.2558505160746848,cc,0.23026487304377205,0.017883812929515103,0.19521324379567068,0.2653165022918734,1
1670,2500,seqmar,0.2558505160746848,cc_ccproj,0.228277793366964,0.01798169981021713,0.1930343093581277,0.2635212773758003,1
1670,2500,seqmar,0.2558505160746848,seq,0.2623027268441782,0.014532365890503243,0.2338198130886335,0.2907856405997229,1
1671,2500,seqmar,0.2558505160746848,full,0.24964729595573434,0.010542328253904353,0.2289847122648828,0.2703098796465859,1
1671,2500,seqmar,0.2558505160746848,cc,0.20569428525486425,0.02265169210706484,0.16129778453612695,0.25009078597360157,0
1671,2500,seqmar,0.2558505160746848,cc_ccproj,0.2040135152048275,0.022189857410213988,0.16052219385872885,0.24750483655092614,0
1671,2500,seqmar,0.2558505160746848,seq,0.23960148493913383,0.01563421100225443,0.20895899444801527,0.27024397543025236,1
1672,2500,seqmar,0.2558505160746848,full,0.27275349034864305,0.014338682933124802,0.2446501882139793,0.3008567924833068,1
1672,2500,seqmar,0.2558505160746848,cc,0.2695871833013549,0.038805148349088894,0.19353049012240672,0.34564387648030304,1
1672,2500,seqmar,0.2558505160746848,cc_ccproj,0.26741819746583356,0.03878277769113036,0.19140534997079459,0.3434310449608725,1
1672,2500,seqmar,0.2558505160746848,seq,0.2903269888528481,0.022442404569031987,0.24634068417106822,0.3343132935346279,1
1673,2500,seqmar,0.2558505160746848,full,0.2649198565301758,0.010009171290100398,0.2453022412864867,0.2845374717738649,1
1673,2500,seqmar,0.2558505160746848,cc,0.2501629503805299,0.020172126142259397,0.21062630965010257,0.2896995911109572,1
1673,2500,seqmar,0.2558505160746848,cc_ccproj,0.2525279403642607,0.020144416117502676,0.21304561028436725,0.2920102704441541,1
1673,2500,seqmar,0.2558505160746848,seq,0.2905965821011091,0.019168889765478033,0.2530262485371537,0.3281669156650645,1
1674,2500,seqmar,0.2558505160746848,full,0.26026637042005357,0.012370334556362172,0.23602096021287244,0.2845117806272347,1
1674,2500,seqmar,0.2558505160746848,cc,0.2168910615779736,0.013510036116805312,0.19041187735919984,0.24337024579674738,0
1674,2500,seqmar,0.2558505160746848,cc_ccproj,0.21494863485120635,0.013651726430506132,0.18819174272062078,0.24170552698179193,0
1674,2500,seqmar,0.2558505160746848,seq,0.24286084486292225,0.011490167160691506,0.22034053105162205,0.26538115867422246,1
1675,2500,seqmar,0.2558505160746848,full,0.2498520717621191,0.010015719663699796,0.23022162194201787,0.2694825215822203,1
1675,2500,seqmar,0.2558505160746848,cc,0.21274921504302924,0.01455872889075462,0.1842146307564674,0.24128379932959107,0
1675,2500,seqmar,0.2558505160746848,cc_ccproj,0.21151502465591912,0.014496562873004683,0.18310228352520944,0.2399277657866288,0
1675,2500,seqmar,0.2558505160746848,seq,0.25523135035341693,0.014489290989796693,0.2268328618518947,0.28362983885493914,1
1676,2500,seqmar,0.2558505160746848,full,0.24740736618702977,0.009356455056631583,0.2290690512530642,0.26574568112099534,1
1676,2500,seqmar,0.2558505160746848,cc,0.20035974074774485,0.01737337893515832,0.1663085437450677,0.234410937750422,0
1676,2500,seqmar,0.2558505160746848,cc_ccproj,0.20037271051712602,0.016989308002711173,0.167074278709554,0.23367114232469804,0
1676,2500,seqmar,0.2558505160746848,seq,0.24351872667599309,0.0142132471818314,0.21566127409623811,0.27137617925574803,1
1677,2500,seqmar,0.2558505160746848,full,0.2338316387512325,0.009591595722017437,0.21503245658180986,0.25263082092065514,0
1677,2500,seqmar,0.2558505160746848,cc,0.19907125519742033,0.014779045416929839,0.1701048584543561,0.22803765194048456,0
1677,2500,seqmar,0.2558505160746848,cc_ccproj,0.19557578390405622,0.01469308502613262,0.16677786643105152,0.22437370137706092,0
1677,2500,seqmar,0.2558505160746848,seq,0.2300480578802461,0.014681698134872608,0.2012724583040069,0.2588236574564853,1
1678,2500,seqmar,0.2558505160746848,full,0.2734813332859688,0.008969448258966286,0.25590153773719937,0.2910611288347382,0
1678,2500,seqmar,0.2558505160746848,cc,0.2365491331735892,0.015011726753053295,0.20712668939184833,0.2659715769553301,1
1678,2500,seqmar,0.2558505160746848,cc_ccproj,0.23800880864724414,0.014947078345754322,0.20871307341546713,0.26730454387902114,1
1678,2500,seqmar,0.2558505160746848,seq,0.2666857799189934,0.011741777494569222,0.24367231891515476,0.289699240922832,1
1679,2500,seqmar,0.2558505160746848,full,0.25330754195799776,0.010507126470410633,0.23271395249498547,0.2739011314210101,1
1679,2500,seqmar,0.2558505160746848,cc,0.22674094481123083,0.017111468335239938,0.19320308315156298,0.2602788064708987,1
1679,2500,seqmar,0.2558505160746848,cc_ccproj,0.22121328066162133,0.01721128052104619,0.18747979071255502,0.25494677061068766,0
1679,2500,seqmar,0.2558505160746848,seq,0.24072163405050706,0.021365592343398854,0.19884584254908058,0.28259742555193357,1
1680,2500,seqmar,0.2558505160746848,full,0.25385981719667444,0.009902783243417522,0.23445071869286935,0.2732689157004795,1
1680,2500,seqmar,0.2558505160746848,cc,0.2089851816580191,0.015518808867939927,0.17856887519389603,0.23940148812214218,0
1680,2500,seqmar,0.2558505160746848,cc_ccproj,0.20880832390499227,0.0154684922946207,0.17849063611240035,0.23912601169758418,0
1680,2500,seqmar,0.2558505160746848,seq,0.25784021238638566,0.01647004493004752,0.22555951749973602,0.2901209072730353,1
1681,2500,seqmar,0.2558505160746848,full,0.26091307817754583,0.00867099740022107,0.2439182355630721,0.2779079207920196,1
1681,2500,seqmar,0.2558505160746848,cc,0.2445673392950117,0.015095961294972099,0.21497979884485574,0.27415487974516767,1
1681,2500,seqmar,0.2558505160746848,cc_ccproj,0.24555181989314614,0.015220786367490986,0.21571962679648557,0.2753840129898067,1
1681,2500,seqmar,0.2558505160746848,seq,0.2680569819416009,0.012495344151948634,0.24356655742934838,0.2925474064538534,1
1682,2500,seqmar,0.2558505160746848,full,0.25002662937445,0.009243946474525287,0.23190882720936445,0.2681444315395356,1
1682,2500,seqmar,0.2558505160746848,cc,0.20524323119849724,0.0118767791266727,0.18196517185788166,0.22852129053911283,0
1682,2500,seqmar,0.2558505160746848,cc_ccproj,0.20831038831012638,0.011947830820293685,0.1848930702089731,0.23172770641127965,0
1682,2500,seqmar,0.2558505160746848,seq,0.23802038518338522,0.010827380083283355,0.21679911017322356,0.2592416601935469,1
1683,2500,seqmar,0.2558505160746848,full,0.2416336026556182,0.009669754631766968,0.22268123183801558,0.2605859734732208,1
1683,2500,seqmar,0.2558505160746848,cc,0.22384855713940605,0.016230275137278732,0.19203780241116386,0.25565931186764823,0
1683,2500,seqmar,0.2558505160746848,cc_ccproj,0.22381614751769985,0.016100349936340515,0.19226004150398068,0.255372253531419,0
1683,2500,seqmar,0.2558505160746848,seq,0.2459854118688882,0.012071289695310825,0.2223261188191295,0.2696447049186469,1
1684,2500,seqmar,0.2558505160746848,full,0.2613605060821612,0.012240128852075009,0.2373702943659646,0.28535071779835786,1
1684,2500,seqmar,0.2558505160746848,cc,0.21383483880285695,0.018052679531233393,0.17845223709719607,0.24921744050851782,0
1684,2500,seqmar,0.2558505160746848,cc_ccproj,0.21227290371391455,0.017735625453741227,0.1775117165812899,0.2470340908465392,0
1684,2500,seqmar,0.2558505160746848,seq,0.2502680944629301,0.012897981676692658,0.22498851490335492,0.27554767402250524,1
1685,2500,seqmar,0.2558505160746848,full,0.2676240481130244,0.009905636077622685,0.24820935815692335,0.2870387380691255,1
1685,2500,seqmar,0.2558505160746848,cc,0.22095274874075493,0.013964107268997421,0.19358360141726602,0.24832189606424385,0
1685,2500,seqmar,0.2558505160746848,cc_ccproj,0.22264287205941435,0.013957723543104664,0.19528623660876243,0.24999950751006628,0
1685,2500,seqmar,0.2558505160746848,seq,0.26870117659988263,0.016732471379465586,0.23590613532378285,0.3014962178759824,1
1686,2500,seqmar,0.2558505160746848,full,0.26001507836359494,0.009735482339774048,0.24093388360551207,0.27909627312167784,1
1686,2500,seqmar,0.2558505160746848,cc,0.23635661005128913,0.016447652180051946,0.20411980414814562,0.26859341595443265,1
1686,2500,seqmar,0.2558505160746848,cc_ccproj,0.2354161084400962,0.016259459855270768,0.20354815271569066,0.26728406416450173,1
1686,2500,seqmar,0.2558505160746848,seq,0.26665378577347537,0.013363330075180764,0.24046214011260014,0.2928454314343506,1
1687,2500,seqmar,0.2558505160746848,full,0.27645204325879064,0.009117587761181663,0.2585818996209914,0.2943221868965899,0
1687,2500,seqmar,0.2558505160746848,cc,0.24886404115610317,0.01464204925012617,0.22016615196599418,0.2775619303462122,1
1687,2500,seqmar,0.2558505160746848,cc_ccproj,0.253294336620797,0.01471925550215323,0.22444512595733362,0.28214354728426033,1
1687,2500,seqmar,0.2558505160746848,seq,0.2793221141719791,0.01562091474670581,0.2487056838628651,0.3099385444810931,1
1688,2500,seqmar,0.2558505160746848,full,0.24634062283739477,0.009115361031895452,0.22847484350879982,0.26420640216598973,1
1688,2500,seqmar,0.2558505160746848,cc,0.22009555039077222,0.012755884755910739,0.19509447567824367,0.24509662510330077,0
1688,2500,seqmar,0.2558505160746848,cc_ccproj,0.22112161088114884,0.012644982350655502,0.19633790088871944,0.24590532087357825,0
1688,2500,seqmar,0.2558505160746848,seq,0.2681343219185513,0.01171910388917907,0.24516530036467704,0.29110334347242556,1
1689,2500,seqmar,0.2558505160746848,full,0.24663689413074094,0.010195106672719525,0.2266548522336667,0.26661893602781517,1
1689,2500,seqmar,0.2558505160746848,cc,0.23734823095419283,0.018338254558670282,0.2014059124798716,0.27329054942851405,1
1689,2500,seqmar,0.2558505160746848,cc_ccproj,0.23678285607623703,0.01832800963084549,0.2008606172914766,0.2727050948609974,1
1689,2500,seqmar,0.2558505160746848,seq,0.26514913824111774,0.013221136896374325,0.23923618608955038,0.2910620903926851,1
1690,2500,seqmar,0.2558505160746848,full,0.24080720426999022,0.012644257908022174,0.216024914159031,0.2655894943809495,1
1690,2500,seqmar,0.2558505160746848,cc,0.1873645380721146,0.03209214271726455,0.12446509415955669,0.2502639819846725,0
1690,2500,seqmar,0.2558505160746848,cc_ccproj,0.18536786864343555,0.03155566187045106,0.12351990786902764,0.24721582941784345,0
1690,2500,seqmar,0.2558505160746848,seq,0.23227871615904022,0.020265585598437292,0.19255889826048952,0.2719985340575909,1
1691,2500,seqmar,0.2558505160746848,full,0.2532154884571127,0.014655538153896143,0.22449116150142365,0.2819398154128018,1
1691,2500,seqmar,0.2558505160746848,cc,0.21971049987510577,0.042071194043186086,0.13725247476386498,0.30216852498634655,1
1691,2500,seqmar,0.2558505160746848,cc_ccproj,0.21806474526042638,0.04137427844946399,0.13697264961314526,0.2991568409077075,1
1691,2500,seqmar,0.2558505160746848,seq,0.24477289395840562,0.024945466884315527,0.1958806772876106,0.29366511062920064,1
1692,2500,seqmar,0.2558505160746848,full,0.2535069336695724,0.010399128993187252,0.2331250153723391,0.2738888519668057,1
1692,2500,seqmar,0.2558505160746848,cc,0.23041619635153307,0.02282731470056202,0.1856754816746698,0.27515691102839634,1
1692,2500,seqmar,0.2558505160746848,cc_ccproj,0.2323108211553367,0.022833277121551258,0.18755842034807382,0.2770632219625995,1
1692,2500,seqmar,0.2558505160746848,seq,0.23865708868347202,0.01642098829516928,0.20647254303438645,0.2708416343325576,1
1693,2500,seqmar,0.2558505160746848,full,0.23088374080139648,0.01162866496165709,0.20809197628826573,0.2536755053145272,0
1693,2500,seqmar,0.2558505160746848,cc,0.19536411116939556,0.027596536383004543,0.1412758937606574,0.2494523285781337,0
1693,2500,seqmar,0.2558505160746848,cc_ccproj,0.19714770151861372,0.027279651544841535,0.14368056697992188,0.25061483605730556,0
1693,2500,seqmar,0.2558505160746848,seq,0.2338184041137689,0.018039364320330688,0.19846189974192388,0.26917490848561393,1
1694,2500,seqmar,0.2558505160746848,full,0.22607290051434784,0.02093526414158589,0.18504053679000665,0.267105264238689,1
1694,2500,seqmar,0.2558505160746848,cc,0.14857997566100276,0.06154726734685341,0.027949548314311984,0.2692104030076935,1
1694,2500,seqmar,0.2558505160746848,cc_ccproj,0.14833181104001125,0.06075086478463133,0.02926230403247118,0.2674013180475513,1
1694,2500,seqmar,0.2558505160746848,seq,0.2087571836613652,0.03560272385051469,0.13897712716283123,0.27853724015989917,1
1695,2500,seqmar,0.2558505160746848,full,0.260362656151864,0.010099128449319896,0.24056872811595315,0.28015658418777484,1
1695,2500,seqmar,0.2558505160746848,cc,0.2189366563245987,0.015344224113597212,0.18886252969123712,0.24901078295796025,0
1695,2500,seqmar,0.2558505160746848,cc_ccproj,0.21818602707168333,0.01533760022696757,0.18812488301755353,0.24824717112581313,0
1695,2500,seqmar,0.2558505160746848,seq,0.25851360525861966,0.01245599435991424,0.2341003049215537,0.2829269055956856,1
1696,2500,seqmar,0.2558505160746848,full,0.2609775458319279,0.00907283995074345,0.24319510629097457,0.2787599853728812,1
1696,2500,seqmar,0.2558505160746848,cc,0.2338930518309895,0.013975881218584708,0.20650082799035369,0.2612852756716253,1
1696,2500,seqmar,0.2558505160746848,cc_ccproj,0.23872336620369275,0.014034256027991888,0.2112167298390145,0.266230002568371,1
1696,2500,seqmar,0.2558505160746848,seq,0.2587725131668657,0.01295400879992769,0.23338312246359252,0.2841619038701389,1
1697,2500,seqmar,0.2558505160746848,full,0.25097132798991634,0.009761018150346258,0.2318400839627959,0.2701025720170368,1
1697,2500,seqmar,0.2558505160746848,cc,0.2154120679302491,0.013495950997019841,0.18896049003897278,0.24186364582152545,0
1697,2500,seqmar,0.2558505160746848,cc_ccproj,0.21582808864397848,0.013410322849608487,0.1895443388376913,0.24211183845026565,0
1697,2500,seqmar,0.2558505160746848,seq,0.2575336886212915,0.015456918445418561,0.22723868515629828,0.2878286920862847,1
1698,2500,seqmar,0.2558505160746848,full,0.23750132597447587,0.010205899798607955,0.2174981299393797,0.2575045220095721,1
1698,2500,seqmar,0.2558505160746848,cc,0.18730459259181695,0.016689338482274444,0.15459409024076068,0.22001509494287322,0
1698,2500,seqmar,0.2558505160746848,cc_ccproj,0.18777479367680028,0.016606020493022157,0.15522759158394278,0.22032199576965777,0
1698,2500,seqmar,0.2558505160746848,seq,0.21618187543116682,0.014471740862518439,0.18781778454703407,0.24454596631529957,0
1699,2500,seqmar,0.2558505160746848,full,0.23249537121302088,0.010040539509229332,0.21281627538957992,0.25217446703646185,0
1699,2500,seqmar,0.2558505160746848,cc,0.19740783217938956,0.017358863540808952,0.1633850848268586,0.23143057953192053,0
1699,2500,seqmar,0.2558505160746848,cc_ccproj,0.19744948108439184,0.016920342669225704,0.16428621884663314,0.23061274332215054,0
1699,2500,seqmar,0.2558505160746848,seq,0.23285161160623083,0.013416172835922755,0.20655639603745762,0.25914682717500404,1
1700,2500,seqmar,0.2558505160746848,full,0.26749374428255585,0.014170325381006321,0.23972041688656964,0.29526707167854205,1
1700,2500,seqmar,0.2558505160746848,cc,0.2660706668300463,0.036613886473601934,0.19430876800774827,0.3378325656523444,1
1700,2500,seqmar,0.2558505160746848,cc_ccproj,0.26290731644270515,0.03664170029687796,0.19109090352851377,0.33472372935689654,1
1700,2500,seqmar,0.2558505160746848,seq,0.2817483208252303,0.023908777362833537,0.23488797827969005,0.3286086633707706,1
1701,2500,seqmar,0.2558505160746848,full,0.24829624687202367,0.00950210282335433,0.22967246756085283,0.26692002618319455,1
1701,2500,seqmar,0.2558505160746848,cc,0.21272619621857922,0.015400779584926218,0.18254122289828412,0.24291116953887432,0
1701,2500,seqmar,0.2558505160746848,cc_ccproj,0.2109139092468798,0.015371015612199048,0.18078727224116678,0.24104054625259283,0
1701,2500,seqmar,0.2558505160746848,seq,0.24760349735676074,0.0127081191457162,0.22269604151991307,0.2725109531936084,1
1702,2500,seqmar,0.2558505160746848,full,0.2508867983271382,0.018614220128685556,0.214403597274614,0.28736999937966246,1
1702,2500,seqmar,0.2558505160746848,cc,0.2067057986324674,0.018206459882664842,0.17102179297647097,0.24238980428846385,0
1702,2500,seqmar,0.2558505160746848,cc_ccproj,0.20451087922303374,0.01770669760776164,0.16980638962667938,0.2392153688193881,0
1702,2500,seqmar,0.2558505160746848,seq,0.24242794249040445,0.015967941909188016,0.21113135144116818,0.2737245335396407,1
1703,2500,seqmar,0.2558505160746848,full,0.2582086585417879,0.008614623903552023,0.2413243059504681,0.27509301113310775,1
1703,2500,seqmar,0.2558505160746848,cc,0.2091968653217331,0.011600568653704586,0.1864601685602878,0.2319335620831784,0
1703,2500,seqmar,0.2558505160746848,cc_ccproj,0.21047260585671765,0.01157833358101677,0.18777948903693412,0.23316572267650118,0
1703,2500,seqmar,0.2558505160746848,seq,0.25100380385457893,0.012548180909597749,0.22640982120027428,0.27559778650888356,1
1704,2500,seqmar,0.2558505160746848,full,0.2635951452011627,0.009924216457077306,0.24414403837051146,0.2830462520318139,1
1704,2500,seqmar,0.2558505160746848,cc,0.2349740948038071,0.014971029904711431,0.20563141537910057,0.26431677422851363,1
1704,2500,seqmar,0.2558505160746848,cc_ccproj,0.23432608130844151,0.015043603276427986,0.2048411606889339,0.2638110019279491,1
1704,2500,seqmar,0.2558505160746848,seq,0.26280677486656595,0.015175557920347318,0.23306322789738365,0.29255032183574825,1
1705,2500,seqmar,0.2558505160746848,full,0.25137290612742,0.009907991977763767,0.23195359869189125,0.2707922135629488,1
1705,2500,seqmar,0.2558505160746848,cc,0.2223281630408197,0.014197114681531002,0.1945023295806341,0.2501539965010053,0
1705,2500,seqmar,0.2558505160746848,cc_ccproj,0.2203370409183679,0.013974310811212667,0.19294789501962237,0.24772618681711342,0
1705,2500,seqmar,0.2558505160746848,seq,0.2619226509878882,0.016982841249278475,0.22863689378414115,0.29520840819163524,1
1706,2500,seqmar,0.2558505160746848,full,0.246483001452304,0.010587602036709965,0.22573168277770955,0.26723432012689846,1
1706,2500,seqmar,0.2558505160746848,cc,0.18477040326498276,0.019629869419513703,0.1462965661815117,0.2232442403484538,0
1706,2500,seqmar,0.2558505160746848,cc_ccproj,0.18092541175602037,0.019193444330214363,0.1433069521295257,0.21854387138251502,0
1706,2500,seqmar,0.2558505160746848,seq,0.216285005708525,0.025313835650105115,0.1666707995237529,0.26589921189329707,1
1707,2500,seqmar,0.2558505160746848,full,0.2988754722542699,0.02109718663702669,0.2575257462705779,0.34022519823796193,0
1707,2500,seqmar,0.2558505160746848,cc,0.3286974830499617,0.07503603516728642,0.1816295565793994,0.47576540952052404,1
1707,2500,seqmar,0.2558505160746848,cc_ccproj,0.32910222858511123,0.07511207272691757,0.18188527123619955,0.4763191859340229,1
1707,2500,seqmar,0.2558505160746848,seq,0.3100706565351469,0.039085336900435516,0.23346480388667892,0.38667650918361496,1
1708,2500,seqmar,0.2558505160746848,full,0.23558864230919563,0.012536402469756108,0.21101774497277467,0.26015953964561656,1
1708,2500,seqmar,0.2558505160746848,cc,0.2026711200533341,0.02980607914830226,0.1442522784023114,0.26108996170435683,1
1708,2500,seqmar,0.2558505160746848,cc_ccproj,0.1994292248716168,0.029559632557168997,0.14149340966332793,0.2573650400799056,1
1708,2500,seqmar,0.2558505160746848,seq,0.2434250786774397,0.020485189936494577,0.20327484418544797,0.2835753131694314,1
1709,2500,seqmar,0.2558505160746848,full,0.257045533245169,0.009156508711780104,0.23909910594595274,0.27499196054438524,1
1709,2500,seqmar,0.2558505160746848,cc,0.22949535300013696,0.015461444911079916,0.19919147782547023,0.2597992281748037,1
1709,2500,seqmar,0.2558505160746848,cc_ccproj,0.22962364664479418,0.015419650370798873,0.1994016872638287,0.2598456060257597,1
1709,2500,seqmar,0.2558505160746848,seq,0.2749100234873503,0.016622197061516134,0.24233111590285114,0.30748893107184944,1
1710,2500,seqmar,0.2558505160746848,full,0.259663793411144,0.01062316648481829,0.23884276969912716,0.2804848171231608,1
1710,2500,seqmar,0.2558505160746848,cc,0.23647141810618633,0.019486718697792258,0.19827815128165024,0.27466468493072244,1
1710,2500,seqmar,0.2558505160746848,cc_ccproj,0.23519855844925133,0.019534694237338588,0.19691126129506556,0.2734858556034371,1
1710,2500,seqmar,0.2558505160746848,seq,0.27572600712574435,0.015821968627671337,0.2447155184509859,0.3067364958005028,1
1711,2500,seqmar,0.2558505160746848,full,0.24880204982911472,0.009657667292076295,0.2298733697619747,0.26773072989625474,1
1711,2500,seqmar,0.2558505160746848,cc,0.23139356265149022,0.01485959163775501,0.20226929821651785,0.2605178270864626,1
1711,2500,seqmar,0.2558505160746848,cc_ccproj,0.23272302790462873,0.014890276517133252,0.20353862221120506,0.2619074335980524,1
1711,2500,seqmar,0.2558505160746848,seq,0.254997367222514,0.0140763830350002,0.22740816344132297,0.282586571003705,1
1712,2500,seqmar,0.2558505160746848,full,0.2522295611577712,0.008962618368728567,0.23466315194788606,0.2697959703676563,1
1712,2500,seqmar,0.2558505160746848,cc,0.21560990945437106,0.013839569123879894,0.18848485241001392,0.2427349664987282,0
1712,2500,seqmar,0.2558505160746848,cc_ccproj,0.2110269589980768,0.013912821368011908,0.18375833019343418,0.23829558780271942,0
1712,2500,seqmar,0.2558505160746848,seq,0.23845894804350964,0.01233913220346098,0.21427469332424776,0.26264320276277153,1
1713,2500,seqmar,0.2558505160746848,full,0.2527592859392428,0.008985207230204052,0.23514860337441396,0.27036996850407163,1
1713,2500,seqmar,0.2558505160746848,cc,0.2265535237852053,0.015966759482821613,0.19525925024906154,0.25784779732134905,1
1713,2500,seqmar,0.2558505160746848,cc_ccproj,0.2248321343600162,0.016038338293151978,0.19339756893356871,0.25626669978646366,1
1713,2500,seqmar,0.2558505160746848,seq,0.2617406503111347,0.018400170881747904,0.22567697807352619,0.29780432254874317,1
1714,2500,seqmar,0.2558505160746848,full,0.2585940744491542,0.008713238693229488,0.24151644042172357,0.27567170847658484,1
1714,2500,seqmar,0.2558505160746848,cc,0.2287931283304521,0.012309916339274841,0.20466613565277225,0.25292012100813194,0
1714,2500,seqmar,0.2558505160746848,cc_ccproj,0.22804125401172368,0.012224612125436398,0.20408145452089668,0.25200105350255064,0
1714,2500,seqmar,0.2558505160746848,seq,0.2621031543308058,0.015052865370371649,0.23260008034074717,0.2916062283208644,1
1715,2500,seqmar,0.2558505160746848,full,0.24267739341725256,0.00899376051410268,0.22504994672403286,0.2603048401104723,1
1715,2500,seqmar,0.2558505160746848,cc,0.22400075096745223,0.01465845349161283,0.19527071005483568,0.25273079188006875,0
1715,2500,seqmar,0.2558505160746848,cc_ccproj,0.22148797676711293,0.014596013318919117,0.19288031634416453,0.25009563719006134,0
1715,2500,seqmar,0.2558505160746848,seq,0.2665854169817001,0.01710247058302749,0.23306519059231046,0.3001056433710897,1
1716,2500,seqmar,0.2558505160746848,full,0.2786871635513629,0.010670460402611952,0.2577734454637827,0.2996008816389431,0
1716,2500,seqmar,0.2558505160746848,cc,0.24851821623945594,0.021940394522333227,0.20551583316908292,0.29152059930982893,1
1716,2500,seqmar,0.2558505160746848,cc_ccproj,0.24998181887475257,0.02175573987407759,0.20734135226453854,0.2926222854849666,1
1716,2500,seqmar,0.2558505160746848,seq,0.2819989034988235,0.0186256315794608,0.24549333641376847,0.31850447058387854,1
1717,2500,seqmar,0.2558505160746848,full,0.25881442977060026,0.008923874278373177,0.24132395758242547,0.27630490195877505,1
1717,2500,seqmar,0.2558505160746848,cc,0.2326415580097172,0.017294462895584686,0.19874503360240692,0.2665380824170275,1
1717,2500,seqmar,0.2558505160746848,cc_ccproj,0.23653787459628603,0.016974178806572787,0.20326909546826027,0.2698066537243118,1
1717,2500,seqmar,0.2558505160746848,seq,0.2586476717526055,0.01285288553612698,0.23345647900438082,0.2838388645008302,1
1718,2500,seqmar,0.2558505160746848,full,0.25447507552721055,0.010087040572800363,0.23470483929392755,0.27424531176049355,1
1718,2500,seqmar,0.2558505160746848,cc,0.22948698663996667,0.012740118117733434,0.2045168139704229,0.2544571593095104,0
1718,2500,seqmar,0.2558505160746848,cc_ccproj,0.22932692741260308,0.012769283247439834,0.20429959213923035,0.25435426268597583,0
1718,2500,seqmar,0.2558505160746848,seq,0.2606528755380405,0.01688350500784816,0.22756181378985646,0.29374393728622455,1
1719,2500,seqmar,0.2558505160746848,full,0.25747463466117243,0.009720884575484043,0.23842205099535277,0.27652721832699206,1
1719,2500,seqmar,0.2558505160746848,cc,0.2318455885316599,0.020739241998928938,0.1911974211470987,0.2724937559162211,1
1719,2500,seqmar,0.2558505160746848,cc_ccproj,0.23306361933471356,0.020671240792039303,0.1925487318665613,0.27357850680286583,1
1719,2500,seqmar,0.2558505160746848,seq,0.26303002276991605,0.014387777794132462,0.23483049647585127,0.2912295490639808,1
1720,2500,seqmar,0.2558505160746848,full,0.2697363405822604,0.010017258149944457,0.25010287538452897,0.2893698057799919,1
1720,2500,seqmar,0.2558505160746848,cc,0.2319649530648953,0.0146306855621958,0.2032893362938614,0.2606405698359292,1
1720,2500,seqmar,0.2558505160746848,cc_ccproj,0.2319509371130467,0.01456312796024008,0.2034077308087279,0.26049414341736554,1
1720,2500,seqmar,0.2558505160746848,seq,0.2646072058696133,0.012870408123817265,0.23938166948059972,0.2898327422586269,1
1721,2500,seqmar,0.2558505160746848,full,0.2700816049704493,0.009686204820883705,0.251096992374639,0.2890662175662596,1
1721,2500,seqmar,0.2558505160746848,cc,0.23626069509890085,0.013246881376079607,0.21029728469431044,0.2622241055034913,1
1721,2500,seqmar,0.2558505160746848,cc_ccproj,0.23500540701060668,0.013217490877137696,0.20909960092543006,0.2609112130957833,1
1721,2500,seqmar,0.2558505160746848,seq,0.264124217963483,0.011186742492755615,0.24219860557335818,0.28604983035360787,1
1722,2500,seqmar,0.2558505160746848,full,0.24734695339205828,0.00968417697064145,0.22836631530968884,0.26632759147442775,1
1722,2500,seqmar,0.2558505160746848,cc,0.24347058116041853,0.02048127392377333,0.20332802191232346,0.2836131404085136,1
1722,2500,seqmar,0.2558505160746848,cc_ccproj,0.24171937852694386,0.020619330887432,0.20130623260226282,0.2821325244516249,1
1722,2500,seqmar,0.2558505160746848,seq,0.2757701620001573,0.01792599715125699,0.240635853196726,0.31090447080358863,1
1723,2500,seqmar,0.2558505160746848,full,0.2527081943553768,0.01018556427259105,0.23274485521888041,0.2726715334918732,1
1723,2500,seqmar,0.2558505160746848,cc,0.22029583018826826,0.01498454482138236,0.19092666201363265,0.24966499836290387,0
1723,2500,seqmar,0.2558505160746848,cc_ccproj,0.21898495819985814,0.014889288470098783,0.18980248904303704,0.24816742735667924,0
1723,2500,seqmar,0.2558505160746848,seq,0.2496185714748863,0.015159064147666372,0.21990735170612785,0.27932979124364476,1
1724,2500,seqmar,0.2558505160746848,full,0.2631560019391904,0.011095271570221079,0.24140966926286594,0.2849023346155149,1
1724,2500,seqmar,0.2558505160746848,cc,0.22532485005734715,0.02151163741818409,0.18316281546922214,0.26748688464547216,1
1724,2500,seqmar,0.2558505160746848,cc_ccproj,0.22326968712672152,0.021449450953709048,0.18122953576929346,0.2653098384841496,1
1724,2500,seqmar,0.2558505160746848,seq,0.24436028660853823,0.015907659574286123,0.21318184676461366,0.2755387264524628,1
1725,2500,seqmar,0.2558505160746848,full,0.24486883909613774,0.00865828234522115,0.2278989175315253,0.2618387606607502,1
1725,2500,seqmar,0.2558505160746848,cc,0.20867534833903015,0.011524407870961375,0.18608792396879592,0.23126277270926437,0
1725,2500,seqmar,0.2558505160746848,cc_ccproj,0.20803160906469184,0.011601366330243598,0.18529334888595878,0.2307698692434249,0
1725,2500,seqmar,0.2558505160746848,seq,0.24379392253798168,0.01083796237568383,0.2225519066158412,0.26503593846012213,1
1726,2500,seqmar,0.2558505160746848,full,0.2713185214741873,0.01037932500090064,0.2509754182885859,0.2916616246597887,1
1726,2500,seqmar,0.2558505160746848,cc,0.2521061108570584,0.01850693320191842,0.21583318831700976,0.2883790333971071,1
1726,2500,seqmar,0.2558505160746848,cc_ccproj,0.2519120733928553,0.01857724347662155,0.2155013452466454,0.2883228015390652,1
1726,2500,seqmar,0.2558505160746848,seq,0.2812316085554428,0.020876139742269477,0.24031512652436937,0.3221480905865163,1
1727,2500,seqmar,0.2558505160746848,full,0.26189008255676943,0.011039456946955836,0.24025314453185548,0.2835270205816834,1
1727,2500,seqmar,0.2558505160746848,cc,0.22988789392979989,0.019208533204419575,0.19223986065329576,0.26753592720630404,1
1727,2500,seqmar,0.2558505160746848,cc_ccproj,0.23269407860785363,0.019046232847345825,0.19536414818589204,0.2700240090298152,1
1727,2500,seqmar,0.2558505160746848,seq,0.2588833556458547,0.014306989113427357,0.2308421722563304,0.28692453903537896,1
1728,2500,seqmar,0.2558505160746848,full,0.24559986692819058,0.010007799452395414,0.2259849404369959,0.26521479341938525,1
1728,2500,seqmar,0.2558505160746848,cc,0.2018069036370757,0.016869596699333408,0.16874310167266646,0.23487070560148496,0
1728,2500,seqmar,0.2558505160746848,cc_ccproj,0.20589900971957673,0.016294063455347552,0.17396323218528525,0.2378347872538682,0
1728,2500,seqmar,0.2558505160746848,seq,0.24661574984812787,0.013831134072727425,0.21950722520023733,0.27372427449601844,1
1729,2500,seqmar,0.2558505160746848,full,0.27258789656897736,0.009770612251344206,0.2534378484494369,0.2917379446885178,1
1729,2500,seqmar,0.2558505160746848,cc,0.229806626114886,0.01422625108618405,0.20192368635094143,0.2576895658788306,1
1729,2500,seqmar,0.2558505160746848,cc_ccproj,0.23088038506334646,0.014169335094968125,0.2031089985923295,0.2586517715343634,1
1729,2500,seqmar,0.2558505160746848,seq,0.27371494409803926,0.014559878733660452,0.24517810616079413,0.3022517820352844,1
1730,2500,seqmar,0.2558505160746848,full,0.26737870997922375,0.009694327769724918,0.2483781766962364,0.2863792432622111,1
1730,2500,seqmar,0.2558505160746848,cc,0.23563595047066274,0.02018870254251988,0.19606682059273156,0.2752050803485939,1
1730,2500,seqmar,0.2558505160746848,cc_ccproj,0.2332290321609839,0.020120236040477593,0.19379409416120302,0.27266397016076477,1
1730,2500,seqmar,0.2558505160746848,seq,0.2611073661900897,0.014159584751264283,0.23335509004156912,0.2888596423386102,1
1731,2500,seqmar,0.2558505160746848,full,0.2662110120169302,0.010581537903610277,0.2454715788248086,0.28695044520905183,1
1731,2500,seqmar,0.2558505160746848,cc,0.2396842425867907,0.020584673844483353,0.19933902321809965,0.28002946195548173,1
1731,2500,seqmar,0.2558505160746848,cc_ccproj,0.238498425741887,0.02044525388552981,0.198426464471471,0.278570387012303,1
1731,2500,seqmar,0.2558505160746848,seq,0.25914427371683596,0.016940493439269,0.22594151669553164,0.2923470307381403,1
1732,2500,seqmar,0.2558505160746848,full,0.26333450936584,0.009821052992619692,0.2440855992100461,0.2825834195216339,1
1732,2500,seqmar,0.2558505160746848,cc,0.23514591064229384,0.013383020400487331,0.20891567265297387,0.26137614863161385,1
1732,2500,seqmar,0.2558505160746848,cc_ccproj,0.23440744756917092,0.013394485336556452,0.20815473871807041,0.26066015642027146,1
1732,2500,seqmar,0.2558505160746848,seq,0.26214469701971244,0.012423116471464832,0.23779583615989505,0.28649355787952985,1
1733,2500,seqmar,0.2558505160746848,full,0.2601805283183331,0.01019807749622807,0.2401926637141777,0.2801683929224885,1
1733,2500,seqmar,0.2558505160746848,cc,0.21304370079499066,0.01564046451049206,0.18238895365294933,0.243698447937032,0
1733,2500,seqmar,0.2558505160746848,cc_ccproj,0.21541978540493328,0.015605873752621251,0.1848328349025167,0.24600673590734987,0
1733,2500,seqmar,0.2558505160746848,seq,0.238184498018619,0.017302188111303005,0.204272832466728,0.27209616357051,1
1734,2500,seqmar,0.2558505160746848,full,0.23933867828423272,0.011225208281452572,0.21733767433362491,0.2613396822348405,1
1734,2500,seqmar,0.2558505160746848,cc,0.199114627875414,0.01834658701806626,0.16315597808077403,0.23507327767005398,0
1734,2500,seqmar,0.2558505160746848,cc_ccproj,0.20208391339628365,0.01825595328794514,0.1663029024484656,0.2378649243441017,0
1734,2500,seqmar,0.2558505160746848,seq,0.2344920314548001,0.01814500290568061,0.19892847926029147,0.2700555836493087,1
1735,2500,seqmar,0.2558505160746848,full,0.2637645658148515,0.009158019347295319,0.24581517772443168,0.2817139539052714,1
1735,2500,seqmar,0.2558505160746848,cc,0.22983385973971382,0.016059318261046018,0.1983581743317972,0.26130954514763044,1
1735,2500,seqmar,0.2558505160746848,cc_ccproj,0.2275803321398009,0.01577988094255254,0.19665233381206795,0.25850833046753385,1
1735,2500,seqmar,0.2558505160746848,seq,0.25881019820799384,0.01303147427099102,0.23326897797139107,0.2843514184445966,1
1736,2500,seqmar,0.2558505160746848,full,0.251099168506128,0.011589351478495402,0.22838445700410098,0.27381388000815504,1
1736,2500,seqmar,0.2558505160746848,cc,0.2241557740166464,0.014171311341255948,0.19638051417408076,0.25193103385921206,0
1736,2500,seqmar,0.2558505160746848,cc_ccproj,0.2234379519074626,0.013925343668849639,0.19614477984417444,0.25073112397075076,0
1736,2500,seqmar,0.2558505160746848,seq,0.2542612573805087,0.013014431700606876,0.22875343996806285,0.27976907479295454,1
1737,2500,seqmar,0.2558505160746848,full,0.2683968241618527,0.009564395148794173,0.24965095413630647,0.28714269418739885,1
1737,2500,seqmar,0.2558505160746848,cc,0.22736386891734284,0.012266842603273138,0.20332129921090591,0.25140643862377976,0
1737,2500,seqmar,0.2558505160746848,cc_ccproj,0.22766354569461655,0.011919620148347111,0.20430151949445824,0.25102557189477487,0
1737,2500,seqmar,0.2558505160746848,seq,0.26656482449290714,0.011497507964123988,0.24403012297126167,0.2890995260145526,1
1738,2500,seqmar,0.2558505160746848,full,0.25789171931142335,0.01064902195470984,0.23702001980961573,0.27876341881323097,1
1738,2500,seqmar,0.2558505160746848,cc,0.20812609145420075,0.015826237630856655,0.1771072356869492,0.2391449472214523,0
1738,2500,seqmar,0.2558505160746848,cc_ccproj,0.20622765381903063,0.015568627182735868,0.17571370525213703,0.23674160238592423,0
1738,2500,seqmar,0.2558505160746848,seq,0.2596093982519717,0.018911971545828386,0.22254261514550178,0.29667618135844165,1
1739,2500,seqmar,0.2558505160746848,full,0.23556980399972435,0.009762193882694736,0.21643625557954543,0.2547033524199033,0
1739,2500,seqmar,0.2558505160746848,cc,0.2010091896812082,0.01132866205930501,0.17880542005194502,0.2232129593104714,0
1739,2500,seqmar,0.2558505160746848,cc_ccproj,0.20055783345378078,0.011487356376871611,0.1780430286775359,0.22307263823002565,0
1739,2500,seqmar,0.2558505160746848,seq,0.24586046131601447,0.011469022964032764,0.22338158936864744,0.2683393332633815,1
1740,2500,seqmar,0.2558505160746848,full,0.27719840943372115,0.009936210840745011,0.2577237940430645,0.2966730248243778,0
1740,2500,seqmar,0.2558505160746848,cc,0.24664566321376225,0.017453460220510544,0.21243750977595907,0.2808538166515654,1
1740,2500,seqmar,0.2558505160746848,cc_ccproj,0.24871309998619964,0.017498991587522897,0.21441570670888538,0.2830104932635139,1
1740,2500,seqmar,0.2558505160746848,seq,0.2664708922648402,0.014398985587384984,0.23824939909965434,0.2946923854300261,1
1741,2500,seqmar,0.2558505160746848,full,0.25290020452077605,0.011670972499988115,0.23002551875624194,0.27577489028531016,1
1741,2500,seqmar,0.2558505160746848,cc,0.19330503958738887,0.023339203994273566,0.14756104033077933,0.23904903884399842,0
1741,2500,seqmar,0.2558505160746848,cc_ccproj,0.19218972674431914,0.023334424841044376,0.1464550944559154,0.23792435903272288,0
1741,2500,seqmar,0.2558505160746848,seq,0.2438690882517724,0.017773563019380947,0.20903354485683276,0.278704631646712,1
1742,2500,seqmar,0.2558505160746848,full,0.27005532644451824,0.013673248761640113,0.24325625132004672,0.29685440156898973,1
1742,2500,seqmar,0.2558505160746848,cc,0.24859960569914996,0.028945658156021317,0.19186715820454012,0.30533205319375983,1
1742,2500,seqmar,0.2558505160746848,cc_ccproj,0.24857348130777282,0.028994491060714885,0.1917453230787031,0.3054016395368425,1
1742,2500,seqmar,0.2558505160746848,seq,0.27033523284837185,0.018196930129128052,0.23466990516608907,0.3060005605306546,1
1743,2500,seqmar,0.2558505160746848,full,0.2626166264991837,0.010694540290637065,0.24165571269832253,0.2835775403000449,1
1743,2500,seqmar,0.2558505160746848,cc,0.22317434771311706,0.010952786190506105,0.20170728124935744,0.24464141417687668,0
1743,2500,seqmar,0.2558505160746848,cc_ccproj,0.22434310607482552,0.010898880067478588,0.202981693670746,0.24570451847890504,0
1743,2500,seqmar,0.2558505160746848,seq,0.25892222104062673,0.010924365811944899,0.23751085749527406,0.2803335845859794,1
1744,2500,seqmar,0.2558505160746848,full,0.2650327375038141,0.012626385646303388,0.24028547638214598,0.28977999862548226,1
1744,2500,seqmar,0.2558505160746848,cc,0.22478916236647448,0.014543927805445002,0.1962835876740516,0.2532947370588973,0
1744,2500,seqmar,0.2558505160746848,cc_ccproj,0.22382694771482975,0.014656048257965595,0.19510162097353617,0.2525522744561233,0
1744,2500,seqmar,0.2558505160746848,seq,0.25585598454347047,0.013433883924045114,0.22952605587985042,0.2821859132070905,1
1745,2500,seqmar,0.2558505160746848,full,0.2598396023606402,0.010072229000706912,0.2400983962752148,0.2795808084460656,1
1745,2500,seqmar,0.2558505160746848,cc,0.23022425807491473,0.014567197653851944,0.20167307531768855,0.25877544083214093,1
1745,2500,seqmar,0.2558505160746848,cc_ccproj,0.22750637501778911,0.014508514826090644,0.19907020848948603,0.2559425415460922,1
1745,2500,seqmar,0.2558505160746848,seq,0.2554028004971287,0.013488268557500984,0.22896627991062277,0.2818393210836347,1
1746,2500,seqmar,0.2558505160746848,full,0.27165811647758337,0.009746874530623709,0.25255459343573017,0.29076163951943657,1
1746,2500,seqmar,0.2558505160746848,cc,0.2547393154059573,0.020561820482296787,0.21443888780407758,0.295039743007837,1
1746,2500,seqmar,0.2558505160746848,cc_ccproj,0.2534016402758529,0.020561870500227494,0.21310111464063042,0.29370216591107534,1
1746,2500,seqmar,0.2558505160746848,seq,0.2844082141291911,0.017021413291244805,0.2510468571123799,0.3177695711460023,1
1747,2500,seqmar,0.2558505160746848,full,0.2602723323977079,0.008320293748175736,0.2439648563104897,0.27657980848492614,1
1747,2500,seqmar,0.2558505160746848,cc,0.22521172055269326,0.012230488388315603,0.20124040379825933,0.24918303730712718,0
1747,2500,seqmar,0.2558505160746848,cc_ccproj,0.2260042380081012,0.012226254149563083,0.20204122020912418,0.24996725580707824,0
1747,2500,seqmar,0.2558505160746848,seq,0.24968099720823747,0.014548995008410165,0.22116549098050053,0.2781965034359744,1
1748,2500,seqmar,0.2558505160746848,full,0.24865816728454393,0.009713806466817241,0.22961945645678986,0.267696878112298,1
1748,2500,seqmar,0.2558505160746848,cc,0.210349866091668,0.014788635951361992,0.18136467224652425,0.23933505993681176,0
1748,2500,seqmar,0.2558505160746848,cc_ccproj,0.20857014234653543,0.01461868214952024,0.17991805183203718,0.23722223286103367,0
1748,2500,seqmar,0.2558505160746848,seq,0.25663920261529094,0.01344945030073138,0.23027876441399603,0.28299964081658585,1
1749,2500,seqmar,0.2558505160746848,full,0.23771610905424878,0.00907277347064931,0.21993379981188566,0.2554984182966119,0
1749,2500,seqmar,0.2558505160746848,cc,0.2132695450908065,0.013373625759336706,0.18705772025978942,0.2394813699218236,0
1749,2500,seqmar,0.2558505160746848,cc_ccproj,0.2115300511521631,0.01350206400865256,0.1850664919782496,0.23799361032607663,0
1749,2500,seqmar,0.2558505160746848,seq,0.24596975610976787,0.013537760361016156,0.21943623337084225,0.2725032788486935,1
1750,2500,seqmar,0.2558505160746848,full,0.24272836286264146,0.013793468524771719,0.21569366133220205,0.26976306439308084,1
1750,2500,seqmar,0.2558505160746848,cc,0.21028281843362728,0.03496499792793383,0.14175268177535935,0.2788129550918952,1
1750,2500,seqmar,0.2558505160746848,cc_ccproj,0.21437237504860313,0.034660453574129384,0.14643913435548694,0.2823056157417193,1
1750,2500,seqmar,0.2558505160746848,seq,0.24755766017584202,0.021112480702033726,0.206177958375559,0.288937361976125,1
1751,2500,seqmar,0.2558505160746848,full,0.25611940179779275,0.008831987096620537,0.23880902517649402,0.2734297784190915,1
1751,2500,seqmar,0.2558505160746848,cc,0.22562182146644044,0.013427674974115771,0.19930406212106372,0.25193958081181717,0
1751,2500,seqmar,0.2558505160746848,cc_ccproj,0.2253686525286237,0.013648947360887308,0.19861720727440157,0.25212009778284583,0
1751,2500,seqmar,0.2558505160746848,seq,0.2592555150158348,0.012320951357427166,0.23510689410000768,0.28340413593166197,1
1752,2500,seqmar,0.2558505160746848,full,0.25044709020043404,0.009893700206757366,0.23105579412135313,0.26983838627951495,1
1752,2500,seqmar,0.2558505160746848,cc,0.22281949713735336,0.01767146344150901,0.18818406523787945,0.25745492903682726,1
1752,2500,seqmar,0.2558505160746848,cc_ccproj,0.2239970752688364,0.017277897164888912,0.19013301909706742,0.25786113144060535,1
1752,2500,seqmar,0.2558505160746848,seq,0.2553007207812484,0.015176428582119785,0.22555546734634932,0.2850459742161474,1
1753,2500,seqmar,0.2558505160746848,full,0.253334211784286,0.010020111856425444,0.23369515342462935,0.2729732701439427,1
1753,2500,seqmar,0.2558505160746848,cc,0.1998495661672407,0.015912847711041848,0.16866095776212803,0.23103817457235337,0
1753,2500,seqmar,0.2558505160746848,cc_ccproj,0.19879707693613397,0.015914061409034935,0.16760608972666674,0.2299880641456012,0
1753,2500,seqmar,0.2558505160746848,seq,0.2319310126495965,0.015463248889071609,0.20162360174303715,0.26223842355615584,1
1754,2500,seqmar,0.2558505160746848,full,0.25724114939074477,0.00918842252520811,0.2392321721666003,0.27525012661488923,1
1754,2500,seqmar,0.2558505160746848,cc,0.2366328632537884,0.012067183138625252,0.2129816189072339,0.26028410760034293,1
1754,2500,seqmar,0.2558505160746848,cc_ccproj,0.23465479627114424,0.01225362564672531,0.21063813132352632,0.25867146121876217,1
1754,2500,seqmar,0.2558505160746848,seq,0.27317092629972034,0.012704551305679768,0.24827046330084668,0.298071389298594,1
1755,2500,seqmar,0.2558505160746848,full,0.2556010432264351,0.010354296914267057,0.23530699418923748,0.2758950922636328,1
1755,2500,seqmar,0.2558505160746848,cc,0.22769905548416755,0.01609696598909165,0.19614958188518175,0.2592485290831533,1
1755,2500,seqmar,0.2558505160746848,cc_ccproj,0.22752022219020396,0.015856856421236087,0.19644135469655855,0.25859908968384937,1
1755,2500,seqmar,0.2558505160746848,seq,0.26758795564986104,0.013016052895800765,0.24207696075322327,0.2930989505464988,1
1756,2500,seqmar,0.2558505160746848,full,0.2795810035034729,0.010967515744934028,0.25808506764352623,0.3010769393634196,0
1756,2500,seqmar,0.2558505160746848,cc,0.2704146805644035,0.026205566127324185,0.2190527147603653,0.32177664636844167,1
1756,2500,seqmar,0.2558505160746848,cc_ccproj,0.2705381450912277,0.026251934167904025,0.21908529959761935,0.32199099058483605,1
1756,2500,seqmar,0.2558505160746848,seq,0.29531653776740185,0.016431078833210818,0.26311221502717025,0.32752086050763346,0
1757,2500,seqmar,0.2558505160746848,full,0.27122348835711557,0.009613359513001905,0.25238164994119633,0.2900653267730348,1
1757,2500,seqmar,0.2558505160746848,cc,0.24292311435931516,0.011657457152195128,0.22007491818969385,0.2657713105289365,1
1757,2500,seqmar,0.2558505160746848,cc_ccproj,0.23986438177218702,0.011749340037758212,0.21683609845606644,0.2628926650883076,1
1757,2500,seqmar,0.2558505160746848,seq,0.2722009101621118,0.011911103581411276,0.24885557612641962,0.29554624419780395,1
1758,2500,seqmar,0.2558505160746848,full,0.2534526601941833,0.011544005519245852,0.2308268251391298,0.2760784952492368,1
1758,2500,seqmar,0.2558505160746848,cc,0.2092443772537707,0.018599556224947224,0.1727899169244464,0.24569883758309502,0
1758,2500,seqmar,0.2558505160746848,cc_ccproj,0.20995028883194822,0.01852787381244669,0.17363632344944988,0.24626425421444656,0
1758,2500,seqmar,0.2558505160746848,seq,0.25402696846774286,0.018225420823864715,0.2183058000498817,0.289748136885604,1
1759,2500,seqmar,0.2558505160746848,full,0.24213399754062956,0.009203924320909645,0.22409463735521437,0.2601733577260447,1
1759,2500,seqmar,0.2558505160746848,cc,0.19095463382229866,0.01373783350331969,0.16402897493018434,0.21788029271441298,0
1759,2500,seqmar,0.2558505160746848,cc_ccproj,0.1883269285230948,0.013552383927883715,0.16176474411978323,0.21488911292640636,0
1759,2500,seqmar,0.2558505160746848,seq,0.23638815441872657,0.011830344770761692,0.2132011047433419,0.2595752040941112,1
1760,2500,seqmar,0.2558505160746848,full,0.2602953092607312,0.010156762825021646,0.24038841992417348,0.2802021985972889,1
1760,2500,seqmar,0.2558505160746848,cc,0.22765871423618206,0.013699995160087765,0.20080721713403699,0.25451021133832713,0
1760,2500,seqmar,0.2558505160746848,cc_ccproj,0.2271349876325731,0.01359030991501275,0.2004984696604105,0.25377150560473566,0
1760,2500,seqmar,0.2558505160746848,seq,0.2560695055825027,0.012084577924658507,0.23238416808180423,0.27975484308320114,1
1761,2500,seqmar,0.2558505160746848,full,0.26265045792586844,0.012793728524644126,0.23757521078958319,0.28772570506215367,1
1761,2500,seqmar,0.2558505160746848,cc,0.20922652302465103,0.012055474068120756,0.1855982280345778,0.23285481801472427,0
1761,2500,seqmar,0.2558505160746848,cc_ccproj,0.20848474963283703,0.012068618077183603,0.18483069285838813,0.23213880640728593,0
1761,2500,seqmar,0.2558505160746848,seq,0.23918400299194187,0.012035194292572276,0.21559545563155819,0.26277255035232555,1
1762,2500,seqmar,0.2558505160746848,full,0.24452864356473805,0.009655814320856911,0.22560359525445242,0.26345369187502365,1
1762,2500,seqmar,0.2558505160746848,cc,0.20877597892797467,0.014745135979910862,0.17987604346020367,0.23767591439574567,0
1762,2500,seqmar,0.2558505160746848,cc_ccproj,0.20759209681808033,0.01458583187465919,0.17900439165919196,0.2361798019769687,0
1762,2500,seqmar,0.2558505160746848,seq,0.25574630985327956,0.014093797134995192,0.2281229750632752,0.28336964464328396,1
1763,2500,seqmar,0.2558505160746848,full,0.26783955945538107,0.01047634055515504,0.24730630927750083,0.2883728096332613,1
1763,2500,seqmar,0.2558505160746848,cc,0.22833172539492874,0.021647733277236205,0.18590294782461655,0.27076050296524096,1
1763,2500,seqmar,0.2558505160746848,cc_ccproj,0.22586879731277296,0.021540381747289217,0.18365042487484212,0.2680871697507038,1
1763,2500,seqmar,0.2558505160746848,seq,0.277408877721932,0.024997640839660135,0.22841440197773055,0.3264033534661335,1
1764,2500,seqmar,0.2558505160746848,full,0.2772117486779202,0.009020287203952452,0.2595323106279659,0.2948911867278745,0
1764,2500,seqmar,0.2558505160746848,cc,0.2407273272409486,0.013026924291807596,0.21519502479967578,0.26625962968222144,1
1764,2500,seqmar,0.2558505160746848,cc_ccproj,0.24070321257414526,0.012852981317607067,0.21551183209766925,0.2658945930506213,1
1764,2500,seqmar,0.2558505160746848,seq,0.27378139007157876,0.012700050674079406,0.24888974814854947,0.29867303199460804,1
1765,2500,seqmar,0.2558505160746848,full,0.25846472810718807,0.008750469467433046,0.2413141231032019,0.27561533311117425,1
1765,2500,seqmar,0.2558505160746848,cc,0.21950798921061004,0.014099378162654701,0.19187371580739632,0.24714226261382377,0
1765,2500,seqmar,0.2558505160746848,cc_ccproj,0.22199877841500193,0.013975893060601485,0.19460653136443976,0.2493910254655641,0
1765,2500,seqmar,0.2558505160746848,seq,0.26852275896055033,0.016934475928786222,0.23533179604306886,0.3017137218780318,1
1766,2500,seqmar,0.2558505160746848,full,0.2614614664488747,0.012391750720260015,0.2371740813317668,0.2857488515659826,1
1766,2500,seqmar,0.2558505160746848,cc,0.23934566285850478,0.03189048812878075,0.17684145467669238,0.3018498710403172,1
1766,2500,seqmar,0.2558505160746848,cc_ccproj,0.2355424198590249,0.0319402067154612,0.17294076503795658,0.29814407468009324,1
1766,2500,seqmar,0.2558505160746848,seq,0.25884720672398004,0.020076049466300438,0.2194988728181866,0.2981955406297735,1
1767,2500,seqmar,0.2558505160746848,full,0.2502202016358313,0.010442626062102809,0.22975303065009048,0.27068737262157216,1
1767,2500,seqmar,0.2558505160746848,cc,0.2140105011751978,0.019209955799575164,0.17635967966342414,0.25166132268697144,0
1767,2500,seqmar,0.2558505160746848,cc_ccproj,0.2146326543325531,0.019037598731212454,0.17731964646725126,0.25194566219785497,0
1767,2500,seqmar,0.2558505160746848,seq,0.24476661264069863,0.01974317783754353,0.20607069513874393,0.2834625301426533,1
1768,2500,seqmar,0.2558505160746848,full,0.24754342331790935,0.010964046720364249,0.22605428662118093,0.26903256001463777,1
1768,2500,seqmar,0.2558505160746848,cc,0.19490920011751467,0.018336519044797616,0.15897028318787854,0.2308481170471508,0
1768,2500,seqmar,0.2558505160746848,cc_ccproj,0.19472960777799395,0.017736960073800837,0.1599658048381194,0.2294934107178685,0
1768,2500,seqmar,0.2558505160746848,seq,0.23151030617481483,0.01981737094024263,0.1926689728636686,0.2703516394859611,1
1769,2500,seqmar,0.2558505160746848,full,0.24459488388425976,0.010520710025485549,0.22397467114251862,0.2652150966260009,1
1769,2500,seqmar,0.2558505160746848,cc,0.2070325343471547,0.020832198193386185,0.1662021761693174,0.24786289252499202,0
1769,2500,seqmar,0.2558505160746848,cc_ccproj,0.2081528274633106,0.020751303838259915,0.16748101930807338,0.2488246356185478,0
1769,2500,seqmar,0.2558505160746848,seq,0.2472490209759802,0.017328458700319998,0.21328586601576324,0.28121217593619713,1
1770,2500,seqmar,0.2558505160746848,full,0.24947355388303713,0.008933572112163005,0.23196407428990623,0.26698303347616803,1
1770,2500,seqmar,0.2558505160746848,cc,0.20114844082415906,0.015772482798713364,0.17023494259190336,0.23206193905641476,0
1770,2500,seqmar,0.2558505160746848,cc_ccproj,0.2038462874294215,0.015528963921960797,0.1734100774251565,0.23428249743368654,0
1770,2500,seqmar,0.2558505160746848,seq,0.24057503786597134,0.014373843286226245,0.21240282270554506,0.2687472530263976,1
1771,2500,seqmar,0.2558505160746848,full,0.26648300007174086,0.013490311767019272,0.24004247486816618,0.2929235252753155,1
1771,2500,seqmar,0.2558505160746848,cc,0.23015677050802905,0.019827079998305117,0.19129640779275653,0.26901713322330156,1
1771,2500,seqmar,0.2558505160746848,cc_ccproj,0.22630281657687032,0.0198601691420542,0.18737760033157036,0.2652280328221703,1
1771,2500,seqmar,0.2558505160746848,seq,0.2551043352969689,0.015021825258262367,0.22566209880872057,0.28454657178521725,1
1772,2500,seqmar,0.2558505160746848,full,0.2463091096801454,0.011006473531145233,0.22473681796230735,0.26788140139798344,1
1772,2500,seqmar,0.2558505160746848,cc,0.21863511534753421,0.01175622854241077,0.1955933308103873,0.24167689988468113,0
1772,2500,seqmar,0.2558505160746848,cc_ccproj,0.21649629683708427,0.011865596721000786,0.19324015460884617,0.23975243906532237,0
1772,2500,seqmar,0.2558505160746848,seq,0.25652769245057444,0.01124990259773128,0.23447828852943753,0.27857709637171135,1
1773,2500,seqmar,0.2558505160746848,full,0.25862146094625166,0.014363307746204297,0.23046989506482607,0.28677302682767725,1
1773,2500,seqmar,0.2558505160746848,cc,0.24027160072762963,0.04389328801611183,0.15424233705300688,0.32630086440225237,1
1773,2500,seqmar,0.2558505160746848,cc_ccproj,0.24480136725260726,0.04374435762763858,0.15906400177559565,0.33053873272961887,1
1773,2500,seqmar,0.2558505160746848,seq,0.2633026297174432,0.02486580947333187,0.21456653870327788,0.3120387207316086,1
1774,2500,seqmar,0.2558505160746848,full,0.25144749999531163,0.010276626290207638,0.2313056825839272,0.27158931740669606,1
1774,2500,seqmar,0.2558505160746848,cc,0.22056922185616046,0.014082887799185597,0.19296726897143815,0.24817117474088277,0
1774,2500,seqmar,0.2558505160746848,cc_ccproj,0.21855917111174566,0.014145102692557355,0.1908352792767127,0.24628306294677862,0
1774,2500,seqmar,0.2558505160746848,seq,0.24150951977534224,0.014313517331917748,0.21345554131269362,0.26956349823799086,1
1775,2500,seqmar,0.2558505160746848,full,0.2722684854499561,0.009525227849823879,0.2535993819197634,0.29093758898014876,1
1775,2500,seqmar,0.2558505160746848,cc,0.22894019873131555,0.018311006703218433,0.1930512850723359,0.26482911239029516,1
1775,2500,seqmar,0.2558505160746848,cc_ccproj,0.22756889460022503,0.018155051739838966,0.1919856470526794,0.26315214214777066,1
1775,2500,seqmar,0.2558505160746848,seq,0.2600762179871702,0.013797625435311918,0.23303336906178504,0.28711906691255534,1
1776,2500,seqmar,0.2558505160746848,full,0.26075855907965495,0.009425923138665963,0.24228408920682692,0.279233028952483,1
1776,2500,seqmar,0.2558505160746848,cc,0.23437000690538784,0.01413991343880626,0.20665628582081366,0.262083727989962,1
1776,2500,seqmar,0.2558505160746848,cc_ccproj,0.23433523798092493,0.014248191626142796,0.20640929554885987,0.26226118041299,1
1776,2500,seqmar,0.2558505160746848,seq,0.28099087319978905,0.014364855559068346,0.2528362736608951,0.309145472738683,1
1777,2500,seqmar,0.2558505160746848,full,0.2529529868047271,0.010376810902628828,0.23261481116119204,0.2732911624482622,1
1777,2500,seqmar,0.2558505160746848,cc,0.2427380395083338,0.017508060652643532,0.20842287119000966,0.277053207826658,1
1777,2500,seqmar,0.2558505160746848,cc_ccproj,0.24706790220715347,0.017321990892071114,0.21311742391816324,0.2810183804961437,1
1777,2500,seqmar,0.2558505160746848,seq,0.2669838221062267,0.01572091659804657,0.23617139177009744,0.2977962524423559,1
1778,2500,seqmar,0.2558505160746848,full,0.26436367229635654,0.009032710899369141,0.24665988425083063,0.28206746034188246,1
1778,2500,seqmar,0.2558505160746848,cc,0.23237766995610176,0.014725205816074114,0.20351679689165675,0.2612385430205468,1
1778,2500,seqmar,0.2558505160746848,cc_ccproj,0.23059295566163202,0.014870836258234073,0.20144665217550084,0.2597392591477632,1
1778,2500,seqmar,0.2558505160746848,seq,0.2572132707559178,0.015308715584581255,0.22720873956057153,0.2872178019512641,1
1779,2500,seqmar,0.2558505160746848,full,0.23811759368885646,0.010448877227032735,0.21763817064499155,0.2585970167327214,1
1779,2500,seqmar,0.2558505160746848,cc,0.21572207427932386,0.018025143534016342,0.18039344213648678,0.25105070642216093,0
1779,2500,seqmar,0.2558505160746848,cc_ccproj,0.21641079762444934,0.01789619564248363,0.18133489870489877,0.2514866965439999,0
1779,2500,seqmar,0.2558505160746848,seq,0.24639290035454386,0.017386291432240564,0.21231639532263505,0.2804694053864527,1
1780,2500,seqmar,0.2558505160746848,full,0.25739278495970236,0.01029026779112556,0.23722423069782372,0.277561339221581,1
1780,2500,seqmar,0.2558505160746848,cc,0.19903686479599733,0.011143895869627387,0.17719523024406297,0.2208784993479317,0
1780,2500,seqmar,0.2558505160746848,cc_ccproj,0.19766756746240222,0.01106855129969994,0.17597360555395633,0.2193615293708481,0
1780,2500,seqmar,0.2558505160746848,seq,0.24147571363479792,0.0113089569887024,0.21931056523422868,0.2636408620353672,1
1781,2500,seqmar,0.2558505160746848,full,0.26316939300219305,0.011377485670610327,0.24086993085317626,0.28546885515120984,1
1781,2500,seqmar,0.2558505160746848,cc,0.23129113702020937,0.014449154127849688,0.20297131532255572,0.259610958717863,1
1781,2500,seqmar,0.2558505160746848,cc_ccproj,0.2300385092326791,0.01451142958195474,0.20159662988785867,0.25848038857749955,1
1781,2500,seqmar,0.2558505160746848,seq,0.26644392601854294,0.018310516869721946,0.23055597241557485,0.30233187962151103,1
1782,2500,seqmar,0.2558505160746848,full,0.25354766612725727,0.009082032148952873,0.23574721020887474,0.2713481220456398,1
1782,2500,seqmar,0.2558505160746848,cc,0.2070934871160595,0.014370123501909065,0.17892856259892512,0.23525841163319386,0
1782,2500,seqmar,0.2558505160746848,cc_ccproj,0.20596973118964407,0.01431772626240264,0.1779075033748316,0.23403195900445653,0
1782,2500,seqmar,0.2558505160746848,seq,0.23879760152483237,0.012449899595061893,0.21439624670737126,0.2631989563422935,1
1783,2500,seqmar,0.2558505160746848,full,0.2671859534078455,0.013854686906337404,0.24003126605434555,0.2943406407613455,1
1783,2500,seqmar,0.2558505160746848,cc,0.2709074353493787,0.04075560690117867,0.19102791365499644,0.350786957043761,1
1783,2500,seqmar,0.2558505160746848,cc_ccproj,0.27031948625981,0.04071281558465993,0.1905238340046555,0.3501151385149645,1
1783,2500,seqmar,0.2558505160746848,seq,0.27865751783742043,0.023567467483042323,0.23246613036383865,0.32484890531100225,1
1784,2500,seqmar,0.2558505160746848,full,0.23854654607534076,0.01009815274720178,0.21875453038044107,0.25833856177024045,1
1784,2500,seqmar,0.2558505160746848,cc,0.2008973672500516,0.01437879244414295,0.17271545191835477,0.22907928258174845,0
1784,2500,seqmar,0.2558505160746848,cc_ccproj,0.19759973476756612,0.014433755303469084,0.1693100942111027,0.22588937532402953,0
1784,2500,seqmar,0.2558505160746848,seq,0.26054610101076753,0.022329800393192944,0.21678049645814101,0.30431170556339404,1
1785,2500,seqmar,0.2558505160746848,full,0.27233388223366584,0.009372997378327771,0.25396314494495503,0.29070461952237664,1
1785,2500,seqmar,0.2558505160746848,cc,0.24728991965376898,0.013652726540039229,0.22053106734451794,0.27404877196302,1
1785,2500,seqmar,0.2558505160746848,cc_ccproj,0.24460728170365764,0.013729319079967163,0.21769831077466342,0.2715162526326519,1
1785,2500,seqmar,0.2558505160746848,seq,0.26841432598832204,0.011769715523335196,0.24534610745430308,0.291482544522341,1
1786,2500,seqmar,0.2558505160746848,full,0.25059380955341554,0.009554511626542814,0.2318673108755224,0.26932030823130865,1
1786,2500,seqmar,0.2558505160746848,cc,0.19474193495331496,0.011931464272077585,0.17135669469721648,0.21812717520941344,0
1786,2500,seqmar,0.2558505160746848,cc_ccproj,0.1953465489248085,0.01192718007127354,0.17196970554798846,0.21872339230162852,0
1786,2500,seqmar,0.2558505160746848,seq,0.23714588773935333,0.010434831303921217,0.2166939941989166,0.25759778127979005,1
1787,2500,seqmar,0.2558505160746848,full,0.26414862937733435,0.009210610607138991,0.24609616431171932,0.2822010944429494,1
1787,2500,seqmar,0.2558505160746848,cc,0.22762308129250433,0.013465529523868053,0.20123112839296217,0.2540150341920465,0
1787,2500,seqmar,0.2558505160746848,cc_ccproj,0.23058109850283753,0.013291085362590273,0.2045310498767131,0.25663114712896196,1
1787,2500,seqmar,0.2558505160746848,seq,0.26602599726670406,0.011053229076018543,0.2443620663648368,0.28768992816857136,1
1788,2500,seqmar,0.2558505160746848,full,0.2631515862035212,0.009172862700928253,0.245173105674571,0.2811300667324714,1
1788,2500,seqmar,0.2558505160746848,cc,0.2254113937071177,0.014798802840499113,0.1964062731254304,0.254416514288805,0
1788,2500,seqmar,0.2558505160746848,cc_ccproj,0.22334682008119452,0.014859283138494663,0.19422316029366168,0.2524704798687274,0
1788,2500,seqmar,0.2558505160746848,seq,0.2441885532100393,0.019094107961695517,0.20676478928819658,0.281612317131882,1
1789,2500,seqmar,0.2558505160746848,full,0.24067918027761034,0.010574337673342798,0.2199538592774934,0.2614045012777273,1
1789,2500,seqmar,0.2558505160746848,cc,0.21709395595425535,0.015160995891420427,0.1873789500373116,0.2468089618711991,0
1789,2500,seqmar,0.2558505160746848,cc_ccproj,0.21383436291500815,0.01524217732915565,0.18396024430389016,0.24370848152612615,0
1789,2500,seqmar,0.2558505160746848,seq,0.2521722558257732,0.014022633266117406,0.2246883996557698,0.27965611199577656,1
1790,2500,seqmar,0.2558505160746848,full,0.22384154376049709,0.017265797641815572,0.19000120221818195,0.2576818853028122,1
1790,2500,seqmar,0.2558505160746848,cc,0.17692127504645605,0.035728435650968046,0.1068948279466018,0.2469477221463103,0
1790,2500,seqmar,0.2558505160746848,cc_ccproj,0.17654720254972714,0.03507511832160859,0.10780123388589331,0.24529317121356098,0
1790,2500,seqmar,0.2558505160746848,seq,0.22115598050344515,0.02271269137466186,0.17663992341713436,0.26567203758975594,1
1791,2500,seqmar,0.2558505160746848,full,0.251603775568466,0.008956160146826155,0.2340500242409138,0.26915752689601824,1
1791,2500,seqmar,0.2558505160746848,cc,0.23185574619429544,0.014602405361382957,0.20323555759833026,0.26047593479026065,1
1791,2500,seqmar,0.2558505160746848,cc_ccproj,0.22823111098819004,0.014661856385616375,0.19949440052588335,0.25696782145049674,1
1791,2500,seqmar,0.2558505160746848,seq,0.2508007150189428,0.014536604695648533,0.22230949335797584,0.27929193667990976,1
1792,2500,seqmar,0.2558505160746848,full,0.23741667429955704,0.011138317158185435,0.21558597382112907,0.25924737477798504,1
1792,2500,seqmar,0.2558505160746848,cc,0.17225869182531664,0.025975713796722213,0.1213472283110209,0.22317015533961237,0
1792,2500,seqmar,0.2558505160746848,cc_ccproj,0.1753854438505209,0.025718447447520866,0.12497821311509393,0.22579267458594787,0
1792,2500,seqmar,0.2558505160746848,seq,0.22019642581919116,0.017759313824105265,0.18538881033380053,0.25500404130458176,0
1793,2500,seqmar,0.2558505160746848,full,0.2540514515056433,0.01270678740198366,0.22914660583854804,0.27895629717273857,1
1793,2500,seqmar,0.2558505160746848,cc,0.22628912622907646,0.017969730610330702,0.19106910142094133,0.2615091510372116,1
1793,2500,seqmar,0.2558505160746848,cc_ccproj,0.22806103463594082,0.0179409745226312,0.19289737072403298,0.2632246985478487,1
1793,2500,seqmar,0.2558505160746848,seq,0.2551980556893881,0.013872313256399682,0.22800882132458716,0.282387290054189,1
1794,2500,seqmar,0.2558505160746848,full,0.2622273015840246,0.012469851585490292,0.2377868415839039,0.28666776158414525,1
1794,2500,seqmar,0.2558505160746848,cc,0.23407934224820984,0.020334930202317712,0.19422361142353134,0.27393507307288834,1
1794,2500,seqmar,0.2558505160746848,cc_ccproj,0.23365715518078778,0.02014758108804063,0.19416862187262782,0.2731456884889477,1
1794,2500,seqmar,0.2558505160746848,seq,0.25862197482588634,0.01544091279410741,0.2283583418610121,0.2888856077907606,1
1795,2500,seqmar,0.2558505160746848,full,0.2546444574627851,0.009073555252802252,0.23686061595555843,0.2724282989700117,1
1795,2500,seqmar,0.2558505160746848,cc,0.2228080944642049,0.012824893923175384,0.19767176426923455,0.24794442465917527,0
1795,2500,seqmar,0.2558505160746848,cc_ccproj,0.223317137299106,0.012915499082863553,0.1980032242543333,0.24863105034387867,0
1795,2500,seqmar,0.2558505160746848,seq,0.25825402527550234,0.01245636854928038,0.23383999154075535,0.28266805901024933,1
1796,2500,seqmar,0.2558505160746848,full,0.25846917668255337,0.009459600678081381,0.2399287000453832,0.27700965331972355,1
1796,2500,seqmar,0.2558505160746848,cc,0.23365929825845133,0.014214801610142406,0.20579879905519025,0.2615197974617124,1
1796,2500,seqmar,0.2558505160746848,cc_ccproj,0.23759300706450867,0.014286973835636443,0.20959105289859517,0.2655949612304222,1
1796,2500,seqmar,0.2558505160746848,seq,0.27324026425855247,0.015126577313734046,0.2435927175142731,0.30288781100283185,1
1797,2500,seqmar,0.2558505160746848,full,0.24500231224996155,0.011627656805248066,0.22221252368708327,0.26779210081283983,1
1797,2500,seqmar,0.2558505160746848,cc,0.23701211528910854,0.020970567477727072,0.1959105582973965,0.27811367228082057,1
1797,2500,seqmar,0.2558505160746848,cc_ccproj,0.23210000435262795,0.021077810246179118,0.19078825539714755,0.27341175330810835,1
1797,2500,seqmar,0.2558505160746848,seq,0.2479633120026556,0.026164429906921523,0.19668197170906673,0.2992446522962445,1
1798,2500,seqmar,0.2558505160746848,full,0.2359948590323578,0.010582956257000044,0.2152526459186749,0.2567370721460407,1
1798,2500,seqmar,0.2558505160746848,cc,0.20833145700502315,0.015293986268653827,0.1783557947384115,0.23830711927163478,0
1798,2500,seqmar,0.2558505160746848,cc_ccproj,0.20477311338088466,0.015198476453057115,0.17498464691301266,0.23456157984875667,0
1798,2500,seqmar,0.2558505160746848,seq,0.2469554746987551,0.01258468728835439,0.22228994085688145,0.2716210085406287,1
1799,2500,seqmar,0.2558505160746848,full,0.2500065831008416,0.013086126582051341,0.22435824630288875,0.2756549198987945,1
1799,2500,seqmar,0.2558505160746848,cc,0.22675406628077102,0.036590891037037915,0.15503723768594724,0.2984708948755948,1
1799,2500,seqmar,0.2558505160746848,cc_ccproj,0.2268066770443025,0.036408003299483384,0.1554483018282996,0.2981650522603054,1
1799,2500,seqmar,0.2558505160746848,seq,0.259521278341021,0.022446798748170963,0.21552636122638716,0.3035161954556549,1
1800,2500,seqmar,0.2558505160746848,full,0.2532220777636071,0.00913707451492779,0.23531374079028985,0.27113041473692434,1
1800,2500,seqmar,0.2558505160746848,cc,0.21082778138087138,0.016841015033516288,0.17781999845208185,0.2438355643096609,0
1800,2500,seqmar,0.2558505160746848,cc_ccproj,0.21214333231725313,0.016726616162041224,0.17935976705642676,0.2449268975780795,0
1800,2500,seqmar,0.2558505160746848,seq,0.2602643997511293,0.017064796029601842,0.22681801412958758,0.29371078537267103,1
1801,2500,seqmar,0.2558505160746848,full,0.25413062021405647,0.012874032659197933,0.2288979798662361,0.2793632605618768,1
1801,2500,seqmar,0.2558505160746848,cc,0.20987892368305228,0.028613463761658204,0.15379756523726024,0.2659602821288443,1
1801,2500,seqmar,0.2558505160746848,cc_ccproj,0.21515883944250808,0.027647064091685207,0.1609715895445345,0.26934608934048165,1
1801,2500,seqmar,0.2558505160746848,seq,0.24893800060940513,0.020537989932718412,0.20868428002643083,0.2891917211923794,1
1802,2500,seqmar,0.2558505160746848,full,0.245875886643599,0.009304691999110113,0.22763902543810519,0.26411274784909283,1
1802,2500,seqmar,0.2558505160746848,cc,0.2020572245828459,0.017825978404391537,0.1671189489210497,0.23699550024464208,0
1802,2500,seqmar,0.2558505160746848,cc_ccproj,0.2009980262972658,0.017685942700574716,0.1663342155715003,0.23566183702303128,0
1802,2500,seqmar,0.2558505160746848,seq,0.23601904912898317,0.013422675138208929,0.20971108928191248,0.2623270089760539,1
1803,2500,seqmar,0.2558505160746848,full,0.2619665609090369,0.01211947995647667,0.23821281668298758,0.2857203051350862,1
1803,2500,seqmar,0.2558505160746848,cc,0.25914663128244153,0.027317807539184183,0.20560471236904376,0.3126885501958393,1
1803,2500,seqmar,0.2558505160746848,cc_ccproj,0.2590458473776697,0.027401019552453047,0.20534083591518393,0.3127508588401555,1
1803,2500,seqmar,0.2558505160746848,seq,0.2701631182951425,0.01763058525602882,0.23560780616696314,0.30471843042332186,1
1804,2500,seqmar,0.2558505160746848,full,0.2506352990428073,0.010299197235280048,0.2304492433919839,0.27082135469363067,1
1804,2500,seqmar,0.2558505160746848,cc,0.2102612517526701,0.01627172004775274,0.17836926649255636,0.24215323701278385,0
1804,2500,seqmar,0.2558505160746848,cc_ccproj,0.21302692314459445,0.016268497166832367,0.1811412546150111,0.2449125916741778,0
1804,2500,seqmar,0.2558505160746848,seq,0.23966314822733656,0.014316360351473259,0.21160359754875177,0.2677226989059213,1
1805,2500,seqmar,0.2558505160746848,full,0.25788003954027733,0.008451926430068207,0.24131456813736146,0.2744455109431932,1
1805,2500,seqmar,0.2558505160746848,cc,0.21762487343595352,0.013250987055206958,0.1916534160481414,0.24359633082376564,0
1805,2500,seqmar,0.2558505160746848,cc_ccproj,0.21760446448736706,0.013244119985517748,0.19164646630882515,0.24356246266590897,0
1805,2500,seqmar,0.2558505160746848,seq,0.240466824017604,0.012227363748568462,0.21650163144453916,0.26443201659066884,1
1806,2500,seqmar,0.2558505160746848,full,0.26184208264088593,0.011484775067702156,0.23933233713764615,0.28435182814412574,1
1806,2500,seqmar,0.2558505160746848,cc,0.2673579093576944,0.014853204907835904,0.23824616268334242,0.29646965603204634,1
1806,2500,seqmar,0.2558505160746848,cc_ccproj,0.26662691474126693,0.014993948702224265,0.2372393152988663,0.2960145141836676,1
1806,2500,seqmar,0.2558505160746848,seq,0.2967206050957335,0.013711069279164694,0.26984740311903715,0.32359380707242985,0
1807,2500,seqmar,0.2558505160746848,full,0.23938640101463096,0.008852957313086744,0.22203492352431045,0.25673787850495144,1
1807,2500,seqmar,0.2558505160746848,cc,0.20420252003837505,0.014197470569638665,0.1763759890503159,0.2320290510264342,0
1807,2500,seqmar,0.2558505160746848,cc_ccproj,0.2039278380571033,0.013953655589085007,0.17657917564982065,0.23127650046438594,0
1807,2500,seqmar,0.2558505160746848,seq,0.241963078536513,0.01123938452750984,0.21993428965419698,0.263991867418829,1
1808,2500,seqmar,0.2558505160746848,full,0.26609202036866597,0.010024947224403146,0.24644348486192102,0.2857405558754109,1
1808,2500,seqmar,0.2558505160746848,cc,0.22834625073891274,0.012932864746945803,0.20299830161797125,0.25369419985985425,0
1808,2500,seqmar,0.2558505160746848,cc_ccproj,0.22580863910026752,0.012990080549038907,0.20034854906787697,0.2512687291326581,0
1808,2500,seqmar,0.2558505160746848,seq,0.2633545910957113,0.011089989421353287,0.24161861124092865,0.28509057095049395,1
1809,2500,seqmar,0.2558505160746848,full,0.2799106611855409,0.011834502609854747,0.25671546229528036,0.3031058600758015,0
1809,2500,seqmar,0.2558505160746848,cc,0.2404480011981902,0.02654308388455979,0.1884245127458275,0.2924714896505529,1
1809,2500,seqmar,0.2558505160746848,cc_ccproj,0.2415442282100723,0.02618381629773527,0.19022489128869827,0.2928635651314463,1
1809,2500,seqmar,0.2558505160746848,seq,0.25486752067561025,0.022929762734988188,0.20992601154098475,0.2998090298102357,1
1810,2500,seqmar,0.2558505160746848,full,0.26009898788993363,0.00885166526070831,0.242750042775741,0.2774479330041263,1
1810,2500,seqmar,0.2558505160746848,cc,0.22877308030794302,0.01593386882896928,0.19754327126877783,0.2600028893471082,1
1810,2500,seqmar,0.2558505160746848,cc_ccproj,0.2302739927922341,0.015843260119846832,0.19922177355963455,0.26132621202483364,1
1810,2500,seqmar,0.2558505160746848,seq,0.2538897101297001,0.013286825973172585,0.22784800975343045,0.2799314105059697,1
1811,2500,seqmar,0.2558505160746848,full,0.2700501313044611,0.010413423654298265,0.249640195986279,0.2904600666226432,1
1811,2500,seqmar,0.2558505160746848,cc,0.2633483273048375,0.02001764991821388,0.22411445441000713,0.30258220019966786,1
1811,2500,seqmar,0.2558505160746848,cc_ccproj,0.2641153180165649,0.020198677685607142,0.22452663721744204,0.30370399881568777,1
1811,2500,seqmar,0.2558505160746848,seq,0.2758156901121821,0.01499007327733123,0.2464356863629966,0.3051956938613676,1
1812,2500,seqmar,0.2558505160746848,full,0.2552195742359723,0.00875213380402787,0.23806570719220213,0.27237344127974245,1
1812,2500,seqmar,0.2558505160746848,cc,0.22596522765056629,0.012584887776651668,0.20129930085885067,0.2506311544422819,0
1812,2500,seqmar,0.2558505160746848,cc_ccproj,0.2247871447749717,0.012619774565429872,0.20005284113371452,0.24952144841622886,0
1812,2500,seqmar,0.2558505160746848,seq,0.24559114019448597,0.01384676455007235,0.2184519803739382,0.27273030001503373,1
1813,2500,seqmar,0.2558505160746848,full,0.2386904228717463,0.009716335522268556,0.21964675518639276,0.25773409055709984,1
1813,2500,seqmar,0.2558505160746848,cc,0.22175354242537443,0.01799694997581582,0.18648016864120642,0.25702691620954243,1
1813,2500,seqmar,0.2558505160746848,cc_ccproj,0.223228229531368,0.01803507606499856,0.18788012998553047,0.2585763290772055,1
1813,2500,seqmar,0.2558505160746848,seq,0.25597627404442763,0.017265604047462742,0.22213631194007166,0.2898162361487836,1
1814,2500,seqmar,0.2558505160746848,full,0.25629319307911763,0.009265581560700537,0.23813298692432616,0.2744533992339091,1
1814,2500,seqmar,0.2558505160746848,cc,0.22272695998384706,0.014033294472276454,0.1952222082337402,0.2502317117339539,0
1814,2500,seqmar,0.2558505160746848,cc_ccproj,0.22144230708787882,0.013908614098274964,0.19418192438039386,0.24870268979536378,0
1814,2500,seqmar,0.2558505160746848,seq,0.26068688455512184,0.012722693483618479,0.2357508635408872,0.2856229055693565,1
1815,2500,seqmar,0.2558505160746848,full,0.27224493042159137,0.009477361533338106,0.2536696431477834,0.29082021769539934,1
1815,2500,seqmar,0.2558505160746848,cc,0.2324732360956944,0.01613529470169022,0.2008486396004416,0.2640978325909472,1
1815,2500,seqmar,0.2558505160746848,cc_ccproj,0.2334306924161221,0.016065795274040312,0.20194231229600929,0.2649190725362349,1
1815,2500,seqmar,0.2558505160746848,seq,0.25075505990451763,0.014883266552091148,0.22158439349010936,0.2799257263189259,1
1816,2500,seqmar,0.2558505160746848,full,0.24515477954312073,0.008759091531449721,0.2279872756041895,0.262322283482052,1
1816,2500,seqmar,0.2558505160746848,cc,0.2164562434901532,0.013325664112247636,0.1903384217600699,0.24257406522023647,0
1816,2500,seqmar,0.2558505160746848,cc_ccproj,0.21586660661930618,0.013291897620840576,0.18981496599626502,0.24191824724234734,0
1816,2500,seqmar,0.2558505160746848,seq,0.25483248098576033,0.011795697055975001,0.23171333958350418,0.27795162238801646,1
1817,2500,seqmar,0.2558505160746848,full,0.2583172152488753,0.009189870010721546,0.24030540100525635,0.27632902949249427,1
1817,2500,seqmar,0.2558505160746848,cc,0.23692220600734873,0.017240110160253033,0.20313221100374973,0.27071220101094773,1
1817,2500,seqmar,0.2558505160746848,cc_ccproj,0.23776903841310437,0.01715543682387413,0.20414500009925884,0.2713930767269499,1
1817,2500,seqmar,0.2558505160746848,seq,0.27725675750399653,0.015510114085594868,0.2468574925001232,0.3076560225078699,1
1818,2500,seqmar,0.2558505160746848,full,0.2532242199691704,0.009159048293878145,0.2352728151805062,0.2711756247578346,1
1818,2500,seqmar,0.2558505160746848,cc,0.227913165716758,0.01476161908330536,0.19898092395998032,0.2568454074735357,1
1818,2500,seqmar,0.2558505160746848,cc_ccproj,0.22690560568222853,0.014663127513110193,0.1981664038558142,0.2556448075086429,0
1818,2500,seqmar,0.2558505160746848,seq,0.25743847412107973,0.012908532778824276,0.2321382147813294,0.28273873346083006,1
1819,2500,seqmar,0.2558505160746848,full,0.2573996614235303,0.01041449715885366,0.23698762207508242,0.2778117007719782,1
1819,2500,seqmar,0.2558505160746848,cc,0.23383742392021103,0.017753501669083092,0.19904120004933645,0.2686336477910856,1
1819,2500,seqmar,0.2558505160746848,cc_ccproj,0.23011225607503893,0.017748008382884137,0.19532679884727105,0.2648977133028068,1
1819,2500,seqmar,0.2558505160746848,seq,0.2518806074540602,0.015833959863658275,0.22084661638863726,0.2829145985194832,1
1820,2500,seqmar,0.2558505160746848,full,0.2328944257704648,0.010541444316289856,0.2122335745655022,0.25355527697542735,0
1820,2500,seqmar,0.2558505160746848,cc,0.19860007929311527,0.017762850814807763,0.1637855314333341,0.23341462715289643,0
1820,2500,seqmar,0.2558505160746848,cc_ccproj,0.19933116441478213,0.017632260699330125,0.16477256847807406,0.2338897603514902,0
1820,2500,seqmar,0.2558505160746848,seq,0.25539096537841766,0.015325852938640834,0.22535284558632426,0.285429085170511,1
1821,2500,seqmar,0.2558505160746848,full,0.2511036444965461,0.010257559747443943,0.2309991968222882,0.271208092170804,1
1821,2500,seqmar,0.2558505160746848,cc,0.19901290150103437,0.014440269495421034,0.17071049336295677,0.22731530963911198,0
1821,2500,seqmar,0.2558505160746848,cc_ccproj,0.2002612695279865,0.014238880287079224,0.17235357698513387,0.22816896207083914,0
1821,2500,seqmar,0.2558505160746848,seq,0.24769338640521363,0.014516989072846861,0.21924061065847228,0.276146162151955,1
1822,2500,seqmar,0.2558505160746848,full,0.2455530920701377,0.010149477774974103,0.22566048116929874,0.2654457029709767,1
1822,2500,seqmar,0.2558505160746848,cc,0.20225727190567003,0.01538853397502482,0.1720962995397504,0.23241824427158966,0
1822,2500,seqmar,0.2558505160746848,cc_ccproj,0.2010129602725541,0.015043099978106237,0.1715290260996306,0.2304968944454776,0
1822,2500,seqmar,0.2558505160746848,seq,0.24716502086329228,0.015541669091984778,0.2167039091833628,0.27762613254322177,1
1823,2500,seqmar,0.2558505160746848,full,0.24543444895083893,0.00829026061015974,0.22918583673247478,0.2616830611692031,1
1823,2500,seqmar,0.2558505160746848,cc,0.20747488691843627,0.011632543316341695,0.18467552096980444,0.2302742528670681,0
1823,2500,seqmar,0.2558505160746848,cc_ccproj,0.20677853763624499,0.011762426227387013,0.18372460585975708,0.2298324694127329,0
1823,2500,seqmar,0.2558505160746848,seq,0.2558486608806874,0.012118038090149356,0.23209774266071015,0.2795995791006647,1
1824,2500,seqmar,0.2558505160746848,full,0.26012558475429776,0.009052312157853033,0.24238337894809175,0.27786779056050376,1
1824,2500,seqmar,0.2558505160746848,cc,0.22440245864129252,0.014979313935847553,0.1950435428139124,0.25376137446867264,0
1824,2500,seqmar,0.2558505160746848,cc_ccproj,0.22633408187147966,0.014734112885106294,0.19745575127252377,0.2552124124704355,0
1824,2500,seqmar,0.2558505160746848,seq,0.2516683308336784,0.01195998168396323,0.22822719747735176,0.27510946419000504,1
1825,2500,seqmar,0.2558505160746848,full,0.24281837118811336,0.009819942798496918,0.22357163697281593,0.26206510540341077,1
1825,2500,seqmar,0.2558505160746848,cc,0.21331608814587136,0.017784122721932326,0.17845984811424356,0.24817232817749915,0
1825,2500,seqmar,0.2558505160746848,cc_ccproj,0.21516012649749236,0.01783718586550786,0.18019988461555003,0.2501203683794347,0
1825,2500,seqmar,0.2558505160746848,seq,0.25428290347502563,0.0169947901387496,0.22097372687825995,0.2875920800717913,1
1826,2500,seqmar,0.2558505160746848,full,0.25590980112966055,0.008786014593040353,0.23868952895965811,0.273130073299663,1
1826,2500,seqmar,0.2558505160746848,cc,0.21926632360577825,0.011918334314080587,0.1959068175944724,0.2426258296170841,0
1826,2500,seqmar,0.2558505160746848,cc_ccproj,0.21623177132987112,0.011850454955873013,0.19300530641594582,0.23945823624379642,0
1826,2500,seqmar,0.2558505160746848,seq,0.2560271944419096,0.012812998450873797,0.23091417894422944,0.2811402099395897,1
1827,2500,seqmar,0.2558505160746848,full,0.2656667172487713,0.008659669057759672,0.24869407777752642,0.28263935672001617,1
1827,2500,seqmar,0.2558505160746848,cc,0.23364173519268625,0.013914799138584122,0.2063692300289524,0.2609142403564201,1
1827,2500,seqmar,0.2558505160746848,cc_ccproj,0.2313654088518049,0.013971324042550219,0.2039821169120679,0.2587487007915419,1
1827,2500,seqmar,0.2558505160746848,seq,0.27166166313294804,0.0191067739216231,0.23421307438581762,0.30911025188007846,1
1828,2500,seqmar,0.2558505160746848,full,0.25077799578296633,0.009332932071999384,0.23248578505168876,0.2690702065142439,1
1828,2500,seqmar,0.2558505160746848,cc,0.23503110496695645,0.017223476404565584,0.2012737115254325,0.2687884984084804,1
1828,2500,seqmar,0.2558505160746848,cc_ccproj,0.23558772706868894,0.01725907952462209,0.20176055279411698,0.2694149013432609,1
1828,2500,seqmar,0.2558505160746848,seq,0.25342360019697935,0.016518237566911766,0.22104844947775576,0.28579875091620294,1
1829,2500,seqmar,0.2558505160746848,full,0.2604834588340058,0.010226012085298369,0.24044084344134967,0.2805260742266619,1
1829,2500,seqmar,0.2558505160746848,cc,0.22260514808352563,0.01676659022852409,0.18974323509207722,0.255467061074974,0
1829,2500,seqmar,0.2558505160746848,cc_ccproj,0.22235377657420796,0.01657204988388707,0.1898731556517881,0.2548343974966278,0
1829,2500,seqmar,0.2558505160746848,seq,0.24378793154004444,0.013064227981886554,0.2181825152097264,0.26939334787036245,1
1830,2500,seqmar,0.2558505160746848,full,0.26000338027512565,0.010297870899940496,0.23981992419379922,0.2801868363564521,1
1830,2500,seqmar,0.2558505160746848,cc,0.21998106532395986,0.018535303373285718,0.18365253826979608,0.2563095923781236,1
1830,2500,seqmar,0.2558505160746848,cc_ccproj,0.22077674070695347,0.0183270243100326,0.18485643311549954,0.2566970482984074,1
1830,2500,seqmar,0.2558505160746848,seq,0.2632387507455442,0.014332965060545424,0.23514665543520422,0.2913308460558842,1
1831,2500,seqmar,0.2558505160746848,full,0.2449737980220988,0.010679656877836306,0.22404205517429415,0.2659055408699034,1
1831,2500,seqmar,0.2558505160746848,cc,0.21097113273186419,0.019112112656845516,0.17351208025597487,0.2484301852077535,0
1831,2500,seqmar,0.2558505160746848,cc_ccproj,0.21069704404042947,0.018996680100950857,0.17346423521673707,0.24792985286412186,0
1831,2500,seqmar,0.2558505160746848,seq,0.24332135456513232,0.016888462191482746,0.21022057691555973,0.2764221322147049,1
1832,2500,seqmar,0.2558505160746848,full,0.273512908173484,0.01018852337681923,0.2535437692992739,0.2934820470476941,1
1832,2500,seqmar,0.2558505160746848,cc,0.236033252583234,0.013712236455143651,0.20915776298365524,0.26290874218281274,1
1832,2500,seqmar,0.2558505160746848,cc_ccproj,0.23535277140484182,0.013878691896227445,0.20815103513570812,0.26255450767397553,1
1832,2500,seqmar,0.2558505160746848,seq,0.2626500393174918,0.012231267554515278,0.23867719542536855,0.28662288320961504,1
1833,2500,seqmar,0.2558505160746848,full,0.25741369528652785,0.008777964121668386,0.24020920175047306,0.27461818882258265,1
1833,2500,seqmar,0.2558505160746848,cc,0.2273865251244677,0.014047766110145046,0.19985340948534108,0.2549196407635943,0
1833,2500,seqmar,0.2558505160746848,cc_ccproj,0.22778431978464067,0.013922818680741068,0.2004960966071067,0.25507254296217463,0
1833,2500,seqmar,0.2558505160746848,seq,0.2762120348889381,0.015064194794840741,0.24668675563495449,0.3057373141429217,1
1834,2500,seqmar,0.2558505160746848,full,0.23853893284991717,0.009580328414953673,0.21976183419654227,0.2573160315032921,1
1834,2500,seqmar,0.2558505160746848,cc,0.208752793055471,0.01333946790636034,0.18260791638607682,0.2348976697248652,0
1834,2500,seqmar,0.2558505160746848,cc_ccproj,0.21279605654263897,0.013100919654192068,0.1871187258560696,0.23847338722920836,0
1834,2500,seqmar,0.2558505160746848,seq,0.2385358501006596,0.014731435034617577,0.20966276799221759,0.2674089322091016,1
1835,2500,seqmar,0.2558505160746848,full,0.2517963449994732,0.010460648017071734,0.23129385163106225,0.2722988383678841,1
1835,2500,seqmar,0.2558505160746848,cc,0.23318374804743153,0.020658352224361,0.19269412170774106,0.273673374387122,1
1835,2500,seqmar,0.2558505160746848,cc_ccproj,0.23520593966271808,0.020514919091347773,0.19499743709792328,0.2754144422275129,1
1835,2500,seqmar,0.2558505160746848,seq,0.2533781377815774,0.018221338264382644,0.21766497103326585,0.28909130452988896,1
1836,2500,seqmar,0.2558505160746848,full,0.254411895856267,0.01077743972344183,0.2332885021527697,0.2755352895597643,1
1836,2500,seqmar,0.2558505160746848,cc,0.241350232454296,0.020061234388855938,0.20203093556672194,0.28066952934187,1
1836,2500,seqmar,0.2558505160746848,cc_ccproj,0.2417380203238167,0.020145383800413183,0.2022537936202702,0.2812222470273632,1
1836,2500,seqmar,0.2558505160746848,seq,0.261814559438787,0.015611107063431016,0.2312173518356634,0.29241176704191063,1
1837,2500,seqmar,0.2558505160746848,full,0.24863610676730696,0.010508205354206171,0.22804040273091192,0.269231810803702,1
1837,2500,seqmar,0.2558505160746848,cc,0.2118438307315342,0.014318751533416213,0.18377959342246075,0.23990806804060766,0
1837,2500,seqmar,0.2558505160746848,cc_ccproj,0.20856170251332928,0.01413403883202797,0.1808594954464639,0.23626390958019466,0
1837,2500,seqmar,0.2558505160746848,seq,0.24977490053427473,0.011079577882406764,0.2280593269208509,0.27149047414769856,1
1838,2500,seqmar,0.2558505160746848,full,0.26141961933920427,0.008438931677509138,0.24487961718329218,0.2779596214951164,1
1838,2500,seqmar,0.2558505160746848,cc,0.23664232359915485,0.013875334903643373,0.2094471669145823,0.2638374802837274,1
1838,2500,seqmar,0.2558505160746848,cc_ccproj,0.23600613414657587,0.013856684094513145,0.2088475323761811,0.26316473591697065,1
1838,2500,seqmar,0.2558505160746848,seq,0.27524594271187625,0.012878734530533655,0.2500040868655779,0.3004877985581746,1
1839,2500,seqmar,0.2558505160746848,full,0.23312104364148453,0.010633845470427871,0.21227908950228153,0.25396299778068754,0
1839,2500,seqmar,0.2558505160746848,cc,0.18325806058229924,0.01815387388561341,0.14767712158661475,0.21883899957798372,0
1839,2500,seqmar,0.2558505160746848,cc_ccproj,0.1838101083060069,0.01778221633989874,0.1489576047145057,0.21866261189750807,0
1839,2500,seqmar,0.2558505160746848,seq,0.23024083490589284,0.015350666921334365,0.20015408060140713,0.2603275892103786,1
1840,2500,seqmar,0.2558505160746848,full,0.2602652162470986,0.010297016561264501,0.24008343463880769,0.28044699785538946,1
1840,2500,seqmar,0.2558505160746848,cc,0.21840423993099972,0.016279443769767876,0.1864971164539097,0.25031136340808974,0
1840,2500,seqmar,0.2558505160746848,cc_ccproj,0.2192571600952363,0.016245168405410404,0.18741721509784393,0.25109710509262867,0
1840,2500,seqmar,0.2558505160746848,seq,0.2417916623426574,0.013715030243573163,0.2149106970183764,0.2686726276669384,1
1841,2500,seqmar,0.2558505160746848,full,0.25658887178540113,0.010120991437894227,0.23675209307929018,0.2764256504915121,1
1841,2500,seqmar,0.2558505160746848,cc,0.22966043842912476,0.021507759366035047,0.18750600468354203,0.27181487217470746,1
1841,2500,seqmar,0.2558505160746848,cc_ccproj,0.23121429871950464,0.02129109520515899,0.1894845189259796,0.2729440785130297,1
1841,2500,seqmar,0.2558505160746848,seq,0.2523569720712479,0.014949633344979977,0.2230562291330081,0.2816577150094877,1
1842,2500,seqmar,0.2558505160746848,full,0.258033469344201,0.008871407409551793,0.24064583032929773,0.2754211083591043,1
1842,2500,seqmar,0.2558505160746848,cc,0.22162239266190117,0.013351284010813013,0.1954543568533422,0.24779042847046015,0
1842,2500,seqmar,0.2558505160746848,cc_ccproj,0.22147759731423133,0.013057655657116004,0.19588506250375828,0.24707013212470438,0
1842,2500,seqmar,0.2558505160746848,seq,0.2582908092149496,0.011597802535546422,0.23555953394547133,0.28102208448442795,1
1843,2500,seqmar,0.2558505160746848,full,0.2360365951795707,0.009620123097796945,0.2171815003810468,0.25489168997809464,0
1843,2500,seqmar,0.2558505160746848,cc,0.1998477682140947,0.016444591527481102,0.1676169610797592,0.23207857534843018,0
1843,2500,seqmar,0.2558505160746848,cc_ccproj,0.19885900288517233,0.01633177801022694,0.1668493061816243,0.23086869958872036,0
1843,2500,seqmar,0.2558505160746848,seq,0.23054029449726404,0.014391115018799708,0.20233422736304316,0.25874636163148496,1
1844,2500,seqmar,0.2558505160746848,full,0.2565252359698032,0.010234091194252323,0.23646678581457015,0.27658368612503625,1
1844,2500,seqmar,0.2558505160746848,cc,0.24205020608440922,0.015920183946293916,0.2108472189224204,0.273253193246398,1
1844,2500,seqmar,0.2558505160746848,cc_ccproj,0.2412355298317934,0.015996499485765286,0.20988296696097994,0.27258809270260687,1
1844,2500,seqmar,0.2558505160746848,seq,0.27525300998495483,0.01647786972697167,0.2429569787781475,0.3075490411917622,1
1845,2500,seqmar,0.2558505160746848,full,0.25972298501730173,0.010500152671434955,0.2391430639491172,0.2803029060854863,1
1845,2500,seqmar,0.2558505160746848,cc,0.2064417339683934,0.01924352334968644,0.1687251212673524,0.24415834666943442,0
1845,2500,seqmar,0.2558505160746848,cc_ccproj,0.2048217926100324,0.01904192214907984,0.16750031100142035,0.24214327421864443,0
1845,2500,seqmar,0.2558505160746848,seq,0.2502201577340818,0.013008454060189517,0.2247240562815665,0.2757162591865971,1
1846,2500,seqmar,0.2558505160746848,full,0.26603203268415065,0.013400780447818396,0.23976698564169807,0.29229707972660324,1
1846,2500,seqmar,0.2558505160746848,cc,0.2133872223955505,0.020149466533447558,0.17389499368229816,0.25287945110880283,0
1846,2500,seqmar,0.2558505160746848,cc_ccproj,0.21081456651452996,0.01973258096936469,0.1721394184925547,0.2494897145365052,0
1846,2500,seqmar,0.2558505160746848,seq,0.24386801403158215,0.014662552412656514,0.2151299393813445,0.2726060886818198,1
1847,2500,seqmar,0.2558505160746848,full,0.26108595531405654,0.009622122821982222,0.24222694112815046,0.2799449694999626,1
1847,2500,seqmar,0.2558505160746848,cc,0.22503781140040724,0.015223705664687297,0.19519989658638173,0.2548757262144328,0
1847,2500,seqmar,0.2558505160746848,cc_ccproj,0.22504447814527376,0.015135035104358343,0.19538035443598198,0.2547086018545655,0
1847,2500,seqmar,0.2558505160746848,seq,0.26781580700923024,0.01267329322308597,0.2429766087264662,0.2926550052919943,1
1848,2500,seqmar,0.2558505160746848,full,0.27665685236830795,0.0111235562656421,0.25485508270764456,0.29845862202897133,1
1848,2500,seqmar,0.2558505160746848,cc,0.2376949039956089,0.020674093386192777,0.19717442554565334,0.2782153824455645,1
1848,2500,seqmar,0.2558505160746848,cc_ccproj,0.2388926148611855,0.020651041823564985,0.19841731664376777,0.2793679130786032,1
1848,2500,seqmar,0.2558505160746848,seq,0.25810814818921124,0.0176563539969004,0.22350233025699662,0.29271396612142586,1
1849,2500,seqmar,0.2558505160746848,full,0.2591041405823618,0.009637599299502312,0.24021479305790883,0.2779934881068148,1
1849,2500,seqmar,0.2558505160746848,cc,0.20934690767365696,0.014293134470299429,0.18133287888568211,0.2373609364616318,0
1849,2500,seqmar,0.2558505160746848,cc_ccproj,0.20720847666283426,0.014278240824769582,0.1792236388836964,0.2351933144419721,0
1849,2500,seqmar,0.2558505160746848,seq,0.2462798308040924,0.013817891227311694,0.21919726165626952,0.2733623999519153,1
1850,2500,seqmar,0.2558505160746848,full,0.2493131152871475,0.010352501099712802,0.22902258598179911,0.2696036445924959,1
1850,2500,seqmar,0.2558505160746848,cc,0.21119509429679229,0.01903402337618668,0.1738890939985729,0.24850109459501166,0
1850,2500,seqmar,0.2558505160746848,cc_ccproj,0.20779770503823283,0.018749803602472217,0.17104876526018792,0.24454664481627775,0
1850,2500,seqmar,0.2558505160746848,seq,0.2520694250527317,0.016471079801715856,0.2197867018548835,0.2843521482505799,1
1851,2500,seqmar,0.2558505160746848,full,0.25086487311189565,0.009267773655673108,0.23270037052990725,0.2690293756938841,1
1851,2500,seqmar,0.2558505160746848,cc,0.21265253407386953,0.011748229413038457,0.18962642754220002,0.23567864060553903,0
1851,2500,seqmar,0.2558505160746848,cc_ccproj,0.2122761851944755,0.011737568519995644,0.18927097362921294,0.23528139675973805,0
1851,2500,seqmar,0.2558505160746848,seq,0.2335527506284494,0.011618257122213968,0.21078138510578406,0.2563241161511148,1
1852,2500,seqmar,0.2558505160746848,full,0.2656204690938289,0.010057318937262694,0.2459084861957614,0.28533245199189644,1
1852,2500,seqmar,0.2558505160746848,cc,0.21774791393299464,0.019030655182631855,0.18044851517283567,0.2550473126931536,0
1852,2500,seqmar,0.2558505160746848,cc_ccproj,0.21553479340358253,0.018998969426341657,0.17829749758457528,0.2527720892225898,0
1852,2500,seqmar,0.2558505160746848,seq,0.23618975823836905,0.029841883350970044,0.1777007416396223,0.2946787748371158,1
1853,2500,seqmar,0.2558505160746848,full,0.2519904877786698,0.012193330064150165,0.22809200000132598,0.27588897555601355,1
1853,2500,seqmar,0.2558505160746848,cc,0.22266069924474804,0.017459643128470738,0.18844042753002316,0.25688097095947293,1
1853,2500,seqmar,0.2558505160746848,cc_ccproj,0.22584396865030631,0.017372372116061477,0.19179474497679794,0.2598931923238147,1
1853,2500,seqmar,0.2558505160746848,seq,0.25432404573825407,0.016708909445155008,0.2215751850048091,0.28707290647169903,1
1854,2500,seqmar,0.2558505160746848,full,0.24046586266830827,0.01027553715106551,0.22032617993041656,0.26060554540619996,1
1854,2500,seqmar,0.2558505160746848,cc,0.21489112168610955,0.015526543515411655,0.1844596555915088,0.2453225877807103,0
1854,2500,seqmar,0.2558505160746848,cc_ccproj,0.21572674287981225,0.015540960037969257,0.18526702092021627,0.24618646483940823,0
1854,2500,seqmar,0.2558505160746848,seq,0.25036788793728215,0.013992082773861644,0.22294390963181004,0.27779186624275426,1
1855,2500,seqmar,0.2558505160746848,full,0.266335125811509,0.009589171010502728,0.24754069598932807,0.28512955563368986,1
1855,2500,seqmar,0.2558505160746848,cc,0.22231361833275773,0.011872029979648112,0.19904486714926764,0.24558236951624782,0
1855,2500,seqmar,0.2558505160746848,cc_ccproj,0.22183975677853823,0.011834743007383582,0.19864408671777917,0.2450354268392973,0
1855,2500,seqmar,0.2558505160746848,seq,0.2630616144361513,0.012181607732211441,0.2391861020072222,0.2869371268650803,1
1856,2500,seqmar,0.2558505160746848,full,0.24290777215216294,0.009542366896761079,0.224205076707244,0.2616104675970819,1
1856,2500,seqmar,0.2558505160746848,cc,0.20457339791484855,0.01674337580583952,0.1717569843557838,0.2373898114739133,0
1856,2500,seqmar,0.2558505160746848,cc_ccproj,0.20095040446517387,0.016681082327941032,0.1682560838792619,0.23364472505108586,0
1856,2500,seqmar,0.2558505160746848,seq,0.23394126464108211,0.012114626100742569,0.21019703379745777,0.25768549548470643,1
1857,2500,seqmar,0.2558505160746848,full,0.24671550979583626,0.01042261798864341,0.22628755391347588,0.26714346567819663,1
1857,2500,seqmar,0.2558505160746848,cc,0.19971582633906973,0.015327139664002199,0.16967518461161007,0.22975646806652938,0
1857,2500,seqmar,0.2558505160746848,cc_ccproj,0.19825008350952994,0.015033308059616904,0.16878534114418509,0.2277148258748748,0
1857,2500,seqmar,0.2558505160746848,seq,0.2287548365308142,0.020690898771641427,0.18820142013063296,0.2693082529309954,1
1858,2500,seqmar,0.2558505160746848,full,0.27449837647070974,0.011559869798228047,0.25184144800021047,0.297155304941209,1
1858,2500,seqmar,0.2558505160746848,cc,0.23241020666068188,0.016296697399865664,0.20046926668999765,0.2643511466313661,1
1858,2500,seqmar,0.2558505160746848,cc_ccproj,0.23205664060594886,0.016196697856559594,0.20031169613861496,0.2638015850732828,1
1858,2500,seqmar,0.2558505160746848,seq,0.26167452766953336,0.014979389660052826,0.23231546342543813,0.2910335919136286,1
1859,2500,seqmar,0.2558505160746848,full,0.2655193606507596,0.008818222653606423,0.24823596184203578,0.2828027594594834,1
1859,2500,seqmar,0.2558505160746848,cc,0.23411309073051384,0.013987825951014044,0.20669745564451159,0.2615287258165161,1
1859,2500,seqmar,0.2558505160746848,cc_ccproj,0.2341795525803006,0.013863394827292305,0.2070077980153488,0.2613513071452524,1
1859,2500,seqmar,0.2558505160746848,seq,0.2769056995490982,0.014420741547586475,0.2486415654854683,0.3051698336127281,1
1860,2500,seqmar,0.2558505160746848,full,0.24047008982521628,0.010959212796292646,0.2189904274455722,0.2619497522048604,1
1860,2500,seqmar,0.2558505160746848,cc,0.1773395302925316,0.022144893633270022,0.13393633632985202,0.2207427242552112,0
1860,2500,seqmar,0.2558505160746848,cc_ccproj,0.1805848893072782,0.021352159330393406,0.13873542602754624,0.22243435258701016,0
1860,2500,seqmar,0.2558505160746848,seq,0.22032876084482642,0.014462677502036616,0.19198243382081692,0.2486750878688359,0
1861,2500,seqmar,0.2558505160746848,full,0.2528673844455613,0.00869118674574549,0.23583297144098825,0.2699017974501343,1
1861,2500,seqmar,0.2558505160746848,cc,0.23387945940663857,0.014485836293584043,0.20548774198527064,0.2622711768280065,1
1861,2500,seqmar,0.2558505160746848,cc_ccproj,0.23362300696687002,0.014464068381382016,0.20527395386943673,0.26197206006430335,1
1861,2500,seqmar,0.2558505160746848,seq,0.25553666149317966,0.01410400950158246,0.22789331083246733,0.283180012153892,1
1862,2500,seqmar,0.2558505160746848,full,0.25819558998577097,0.009067095505401144,0.24042440935079973,0.2759667706207422,1
1862,2500,seqmar,0.2558505160746848,cc,0.22466548079477935,0.010581059081897968,0.20392698607596887,0.24540397551358983,0
1862,2500,seqmar,0.2558505160746848,cc_ccproj,0.22623424398282305,0.010821345727842624,0.20502479609199512,0.24744369187365098,0
1862,2500,seqmar,0.2558505160746848,seq,0.2600499897194,0.011685918110720402,0.23714601109610367,0.28295396834269637,1
1863,2500,seqmar,0.2558505160746848,full,0.2595240907244489,0.00941949201878397,0.24106222561496982,0.27798595583392793,1
1863,2500,seqmar,0.2558505160746848,cc,0.21851359066295237,0.01543966719269812,0.1882523990319794,0.24877478229392533,0
1863,2500,seqmar,0.2558505160746848,cc_ccproj,0.21819612548887077,0.01521108920329529,0.18838293848478593,0.2480093124929556,0
1863,2500,seqmar,0.2558505160746848,seq,0.24804365985791374,0.015072969529793347,0.21850118243944916,0.2775861372763783,1
1864,2500,seqmar,0.2558505160746848,full,0.2788781154702796,0.013141543433484799,0.25312116363938053,0.3046350673011786,1
1864,2500,seqmar,0.2558505160746848,cc,0.2671295574013164,0.018100188397526206,0.23165384002877526,0.3026052747738575,1
1864,2500,seqmar,0.2558505160746848,cc_ccproj,0.26904266650198044,0.018267570045501832,0.23323888712773413,0.3048464458762268,1
1864,2500,seqmar,0.2558505160746848,seq,0.28866576813969647,0.01777029134537413,0.2538366371079793,0.3234948991714136,1
1865,2500,seqmar,0.2558505160746848,full,0.25449911311300394,0.00831176313105296,0.23820835672811227,0.27078986949789563,1
1865,2500,seqmar,0.2558505160746848,cc,0.21893091480022958,0.013079316964030488,0.19329592460834605,0.24456590499211311,0
1865,2500,seqmar,0.2558505160746848,cc_ccproj,0.21867066544213462,0.013164760015088761,0.19286820994744766,0.24447312093682158,0
1865,2500,seqmar,0.2558505160746848,seq,0.2626056138309116,0.01725403646273081,0.22878832377601832,0.29642290388580483,1
1866,2500,seqmar,0.2558505160746848,full,0.25662786372412993,0.009548750598406963,0.237912656453897,0.2753430709943629,1
1866,2500,seqmar,0.2558505160746848,cc,0.23088069680079235,0.016636285867238986,0.19827417566449124,0.26348721793709345,1
1866,2500,seqmar,0.2558505160746848,cc_ccproj,0.22797957341349198,0.01642362000353847,0.195789869710785,0.26016927711619897,1
1866,2500,seqmar,0.2558505160746848,seq,0.265225502442249,0.01428603794821774,0.23722538258196976,0.2932256223025283,1
1867,2500,seqmar,0.2558505160746848,full,0.24328217088300544,0.009261406797523403,0.22513014711368512,0.26143419465232576,1
1867,2500,seqmar,0.2558505160746848,cc,0.23065917980911235,0.016462025002745045,0.19839420369113417,0.2629241559270905,1
1867,2500,seqmar,0.2558505160746848,cc_ccproj,0.22800201692649144,0.016246884620725818,0.19615870820889114,0.25984532564409174,1
1867,2500,seqmar,0.2558505160746848,seq,0.2542337944613427,0.015812793397126004,0.22324128890800296,0.28522630001468247,1
1868,2500,seqmar,0.2558505160746848,full,0.2506922903126022,0.008903116549070106,0.23324250252626227,0.26814207809894214,1
1868,2500,seqmar,0.2558505160746848,cc,0.22138031499078684,0.015124674194974047,0.19173649829073536,0.2510241316908383,0
1868,2500,seqmar,0.2558505160746848,cc_ccproj,0.22156404048449363,0.014976779713541714,0.19221009164156178,0.2509179893274255,0
1868,2500,seqmar,0.2558505160746848,seq,0.25086063633809597,0.017552297349942004,0.21645876568627181,0.2852625069899201,1
1869,2500,seqmar,0.2558505160746848,full,0.25511086502130476,0.010812719389974204,0.2339183244420174,0.2763034056005921,1
1869,2500,seqmar,0.2558505160746848,cc,0.21697218638976257,0.01216488656497101,0.1931294468464042,0.24081492593312093,0
1869,2500,seqmar,0.2558505160746848,cc_ccproj,0.213717652069222,0.011963871525942655,0.19026889476271014,0.23716640937573386,0
1869,2500,seqmar,0.2558505160746848,seq,0.2528161651794315,0.011198678292788282,0.230867159051116,0.274765171307747,1
1870,2500,seqmar,0.2558505160746848,full,0.24551337347293625,0.01021613777910585,0.22549011136478977,0.26553663558108276,1
1870,2500,seqmar,0.2558505160746848,cc,0.22135252539062084,0.018744247218488413,0.18461447592506847,0.2580905748561732,1
1870,2500,seqmar,0.2558505160746848,cc_ccproj,0.22003049790545684,0.018857294012692295,0.18307088079469713,0.25699011501621655,1
1870,2500,seqmar,0.2558505160746848,seq,0.237754480750161,0.02405611372333905,0.19060536424441674,0.2849035972559053,1
1871,2500,seqmar,0.2558505160746848,full,0.2618202946022358,0.00874472590355392,0.24468094677659566,0.27895964242787596,1
1871,2500,seqmar,0.2558505160746848,cc,0.2250108166584148,0.013180423940546226,0.1991776604339747,0.25084397288285487,0
1871,2500,seqmar,0.2558505160746848,cc_ccproj,0.22474155947693888,0.013115600185444025,0.19903545547784174,0.25044766347603603,0
1871,2500,seqmar,0.2558505160746848,seq,0.2609842280376497,0.014931549544464715,0.2317189286971234,0.290249527378176,1
1872,2500,seqmar,0.2558505160746848,full,0.26652828095320935,0.009474539262679363,0.24795852522824713,0.2850980366781716,1
1872,2500,seqmar,0.2558505160746848,cc,0.2349777011639676,0.016089896826116074,0.20344208286981477,0.2665133194581204,1
1872,2500,seqmar,0.2558505160746848,cc_ccproj,0.2353327530310442,0.01597960917480035,0.2040132945614097,0.2666522115006787,1
1872,2500,seqmar,0.2558505160746848,seq,0.27759754086929406,0.015221593197384382,0.24776376641510078,0.30743131532348733,1
1873,2500,seqmar,0.2558505160746848,full,0.24477284114909384,0.01240797024705961,0.22045366634361244,0.2690920159545752,1
1873,2500,seqmar,0.2558505160746848,cc,0.22551885845723688,0.018283188295795193,0.18968446787491405,0.2613532490395597,1
1873,2500,seqmar,0.2558505160746848,cc_ccproj,0.22575236528695708,0.01817060045603833,0.19013864281565487,0.2613660877582593,1
1873,2500,seqmar,0.2558505160746848,seq,0.23689320448382442,0.017528948404020816,0.20253709692508276,0.2712493120425661,1
1874,2500,seqmar,0.2558505160746848,full,0.24733104893133823,0.009406701238573576,0.2288942532904057,0.26576784457227076,1
1874,2500,seqmar,0.2558505160746848,cc,0.20521095345554008,0.016571307945669148,0.17273178670530612,0.23769012020577404,0
1874,2500,seqmar,0.2558505160746848,cc_ccproj,0.20361411032160331,0.01655009520407177,0.17117651978091358,0.23605170086229305,0
1874,2500,seqmar,0.2558505160746848,seq,0.2402267771951586,0.016895568866960673,0.20711207071759946,0.2733414836727177,1
1875,2500,seqmar,0.2558505160746848,full,0.261880690897348,0.010592292180795796,0.24112017970926303,0.282641202085433,1
1875,2500,seqmar,0.2558505160746848,cc,0.23940960976959677,0.014324405232042061,0.21133429141483723,0.2674849281243563,1
1875,2500,seqmar,0.2558505160746848,cc_ccproj,0.23764344808088067,0.014285457928492406,0.2096444650383734,0.265642431123388,1
1875,2500,seqmar,0.2558505160746848,seq,0.27977456389690736,0.015118972170428577,0.25014192295960397,0.30940720483421075,1
1876,2500,seqmar,0.2558505160746848,full,0.26294797284943133,0.011458041973359458,0.24049062324829854,0.2854053224505641,1
1876,2500,seqmar,0.2558505160746848,cc,0.20578910429161387,0.02352081995855955,0.15968914428598627,0.25188906429724145,0
1876,2500,seqmar,0.2558505160746848,cc_ccproj,0.2063890324572394,0.023139316003898118,0.16103680646270782,0.25174125845177103,0
1876,2500,seqmar,0.2558505160746848,seq,0.2435918289826875,0.014921345757635656,0.21434652869685208,0.2728371292685229,1
1877,2500,seqmar,0.2558505160746848,full,0.2534837692854162,0.010126723307454462,0.23363575632140313,0.2733317822494293,1
1877,2500,seqmar,0.2558505160746848,cc,0.21461683451352292,0.01645712286968975,0.18236146639978057,0.24687220262726528,0
1877,2500,seqmar,0.2558505160746848,cc_ccproj,0.21118919367025893,0.016120850197354486,0.17959290788327872,0.24278547945723913,0
1877,2500,seqmar,0.2558505160746848,seq,0.24667663236362178,0.014745382235780376,0.21777621424321555,0.27557705048402803,1
1878,2500,seqmar,0.2558505160746848,full,0.25634632119805767,0.01117300199886702,0.23444763968108429,0.27824500271503105,1
1878,2500,seqmar,0.2558505160746848,cc,0.22919358467908987,0.02615088589078553,0.1779387901693336,0.2804483791888462,1
1878,2500,seqmar,0.2558505160746848,cc_ccproj,0.23333030678074193,0.025805975021460193,0.1827515251527397,0.2839090884087442,1
1878,2500,seqmar,0.2558505160746848,seq,0.25577345744458707,0.018957075887985054,0.2186182714519437,0.29292864343723046,1
1879,2500,seqmar,0.2558505160746848,full,0.2484271169321886,0.01075946896509163,0.22733894526783258,0.26951528859654467,1
1879,2500,seqmar,0.2558505160746848,cc,0.21776652913006925,0.022111349253688625,0.17442908094325293,0.26110397731688556,1
1879,2500,seqmar,0.2558505160746848,cc_ccproj,0.2137801643687165,0.022170628338134265,0.17032653131135023,0.25723379742608277,1
1879,2500,seqmar,0.2558505160746848,seq,0.24285903146093316,0.01608941449390501,0.2113243585205426,0.2743937044013237,1
1880,2500,seqmar,0.2558505160746848,full,0.23645289236315006,0.010055630576490535,0.21674421859138887,0.25616156613491126,1
1880,2500,seqmar,0.2558505160746848,cc,0.20917703213836952,0.01601954755751429,0.1777792958770149,0.24057476839972414,0
1880,2500,seqmar,0.2558505160746848,cc_ccproj,0.20700595597541488,0.016067759463681754,0.175513726114346,0.23849818583648374,0
1880,2500,seqmar,0.2558505160746848,seq,0.24245789768521944,0.013643520821351198,0.21571708825304875,0.26919870711739013,1
1881,2500,seqmar,0.2558505160746848,full,0.24796903609062593,0.011211372073154034,0.22599515060996586,0.26994292157128597,1
1881,2500,seqmar,0.2558505160746848,cc,0.21731432147797122,0.016007377351282916,0.18594043838251453,0.2486882045734279,0
1881,2500,seqmar,0.2558505160746848,cc_ccproj,0.21506564548269858,0.015990230603553784,0.18372536939524298,0.24640592157015417,0
1881,2500,seqmar,0.2558505160746848,seq,0.2398504147008828,0.012416623390657279,0.21551428004559692,0.2641865493561687,1
1882,2500,seqmar,0.2558505160746848,full,0.25584390476894403,0.00947097143063523,0.23728114186629118,0.2744066676715969,1
1882,2500,seqmar,0.2558505160746848,cc,0.21734542041123742,0.015562136937956085,0.18684419249036305,0.24784664833211179,0
1882,2500,seqmar,0.2558505160746848,cc_ccproj,0.2162414236755512,0.015453751785105949,0.18595262675072197,0.2465302206003804,0
1882,2500,seqmar,0.2558505160746848,seq,0.26034443657818046,0.016177613757771582,0.22863689625714848,0.2920519768992125,1
1883,2500,seqmar,0.2558505160746848,full,0.25117529481757855,0.010768827262656655,0.23006878122703844,0.27228180840811866,1
1883,2500,seqmar,0.2558505160746848,cc,0.21467497633627272,0.011313937129924989,0.19250006703826927,0.23684988563427617,0
1883,2500,seqmar,0.2558505160746848,cc_ccproj,0.21191787759031186,0.011408552972130528,0.18955752464921863,0.2342782305314051,0
1883,2500,seqmar,0.2558505160746848,seq,0.25382101277196545,0.011307881386094731,0.2316579725137689,0.275984053030162,1
1884,2500,seqmar,0.2558505160746848,full,0.2583691881281934,0.008575037425218894,0.24156242360868133,0.27517595264770556,1
1884,2500,seqmar,0.2558505160746848,cc,0.22304167234511232,0.011595228646044297,0.20031544180635838,0.24576790288386627,0
1884,2500,seqmar,0.2558505160746848,cc_ccproj,0.22281674518070904,0.01153952739770131,0.20019968708260127,0.2454338032788168,0
1884,2500,seqmar,0.2558505160746848,seq,0.2515033134166889,0.01216959845165528,0.22765133874513016,0.27535528808824766,1
1885,2500,seqmar,0.2558505160746848,full,0.2666613214381084,0.009674389463190382,0.24769986651784145,0.2856227763583753,1
1885,2500,seqmar,0.2558505160746848,cc,0.24099026862426218,0.015286541800225128,0.21102919724765484,0.2709513400008695,1
1885,2500,seqmar,0.2558505160746848,cc_ccproj,0.2431997777964075,0.015363697330730636,0.2130874843588013,0.2733120712340137,1
1885,2500,seqmar,0.2558505160746848,seq,0.2630765240785098,0.012236865229603218,0.23909270894481702,0.28706033921220253,1
1886,2500,seqmar,0.2558505160746848,full,0.26674796816645385,0.009065624982955343,0.24897966970251484,0.28451626663039287,1
1886,2500,seqmar,0.2558505160746848,cc,0.22919014444230407,0.01259311219171238,0.20450809809327553,0.2538721907913326,0
1886,2500,seqmar,0.2558505160746848,cc_ccproj,0.2298388034374113,0.012626781799013755,0.20509076587069847,0.25458684100412415,0
1886,2500,seqmar,0.2558505160746848,seq,0.26331635120736413,0.012649901759956464,0.2385229993498796,0.2881097030648486,1
1887,2500,seqmar,0.2558505160746848,full,0.2902245194472617,0.027092009893166673,0.23712515578785218,0.3433238831066712,1
1887,2500,seqmar,0.2558505160746848,cc,0.24834345632796445,0.026980248147335767,0.19546314166523282,0.3012237709906961,1
1887,2500,seqmar,0.2558505160746848,cc_ccproj,0.24777848424521168,0.026987786922401495,0.1948833938548637,0.30067357463555966,1
1887,2500,seqmar,0.2558505160746848,seq,0.2770257723401957,0.01659910144314828,0.24449213133589826,0.30955941334449316,1
1888,2500,seqmar,0.2558505160746848,full,0.2576268985061276,0.012087093406880961,0.23393663075086935,0.2813171662613858,1
1888,2500,seqmar,0.2558505160746848,cc,0.2343058141671594,0.017457071418899565,0.20009058291057272,0.2685210454237461,1
1888,2500,seqmar,0.2558505160746848,cc_ccproj,0.23408376931744146,0.017287505013359062,0.20020088210870207,0.26796665652618085,1
1888,2500,seqmar,0.2558505160746848,seq,0.2670095621277247,0.013726434962657639,0.24010624396478433,0.2939128802906651,1
1889,2500,seqmar,0.2558505160746848,full,0.24805690597222047,0.008777965497549257,0.2308524097394887,0.2652614022049522,1
1889,2500,seqmar,0.2558505160746848,cc,0.20815978878412503,0.01240723094756387,0.18384206297902908,0.23247751458922097,0
1889,2500,seqmar,0.2558505160746848,cc_ccproj,0.20918959150672967,0.01236106000432127,0.18496235908752146,0.23341682392593788,0
1889,2500,seqmar,0.2558505160746848,seq,0.2527401027212153,0.014370267437349912,0.22457489609580075,0.28090530934662983,1
1890,2500,seqmar,0.2558505160746848,full,0.2530767994739445,0.009079628437719553,0.2352810547430085,0.2708725442048805,1
1890,2500,seqmar,0.2558505160746848,cc,0.2157700075073154,0.013012918678783457,0.19026515556315127,0.24127485945147953,0
1890,2500,seqmar,0.2558505160746848,cc_ccproj,0.21639001596386656,0.012847535111825507,0.1912093098545748,0.24157072207315833,0
1890,2500,seqmar,0.2558505160746848,seq,0.25732542227014044,0.01423626845667115,0.22942284882082137,0.2852279957194595,1
1891,2500,seqmar,0.2558505160746848,full,0.24687866021427315,0.010416675188558613,0.2264623520060463,0.2672949684225,1
1891,2500,seqmar,0.2558505160746848,cc,0.20423595328429398,0.017860826175850334,0.16922937724549705,0.2392425293230909,0
1891,2500,seqmar,0.2558505160746848,cc_ccproj,0.20590156077736382,0.017831185747766293,0.17095307891009798,0.24085004264462967,0
1891,2500,seqmar,0.2558505160746848,seq,0.23382814084398143,0.015135879520613165,0.20416236210924224,0.2634939195787206,1
1892,2500,seqmar,0.2558505160746848,full,0.26142579908678326,0.008940966832054064,0.2439018261089901,0.2789497720645764,1
1892,2500,seqmar,0.2558505160746848,cc,0.226927148453042,0.012320461295477182,0.202779488040987,0.251074808865097,0
1892,2500,seqmar,0.2558505160746848,cc_ccproj,0.22464462307910088,0.012272138666331462,0.2005916732798098,0.24869757287839195,0
1892,2500,seqmar,0.2558505160746848,seq,0.26567234929415456,0.012025739819552315,0.2421023323603828,0.2892423662279263,1
1893,2500,seqmar,0.2558505160746848,full,0.276161345411682,0.020214484329924013,0.23654168415898166,0.31578100666438236,1
1893,2500,seqmar,0.2558505160746848,cc,0.20873151273869697,0.020659772325655204,0.16823910305161546,0.24922392242577848,0
1893,2500,seqmar,0.2558505160746848,cc_ccproj,0.20977120196948745,0.020362465068971415,0.16986150379784856,0.24968090014112634,0
1893,2500,seqmar,0.2558505160746848,seq,0.24703776976832642,0.014828104967269167,0.21797521807349937,0.27610032146315344,1
1894,2500,seqmar,0.2558505160746848,full,0.26108508847161227,0.010932712220824807,0.23965736626545475,0.2825128106777698,1
1894,2500,seqmar,0.2558505160746848,cc,0.2176029310769784,0.022341953053444347,0.1738135077479428,0.261392354406014,1
1894,2500,seqmar,0.2558505160746848,cc_ccproj,0.22225427956059648,0.021908282226771294,0.17931483543298576,0.2651937236882072,1
1894,2500,seqmar,0.2558505160746848,seq,0.26582168107575227,0.015708740219463613,0.23503311600310778,0.29661024614839676,1
1895,2500,seqmar,0.2558505160746848,full,0.2524705596974217,0.008780111252969137,0.23526185786134735,0.2696792615334961,1
1895,2500,seqmar,0.2558505160746848,cc,0.2117625703649161,0.011490266670090891,0.18924206151877698,0.23428307921105523,0
1895,2500,seqmar,0.2558505160746848,cc_ccproj,0.21252353427246456,0.011489044909004755,0.190005420034052,0.23504164851087714,0
1895,2500,seqmar,0.2558505160746848,seq,0.25613897901659355,0.012734319404802836,0.23118017161555046,0.28109778641763666,1
1896,2500,seqmar,0.2558505160746848,full,0.2658669395810979,0.01015619626612599,0.2459611606795708,0.28577271848262503,1
1896,2500,seqmar,0.2558505160746848,cc,0.23315644126451215,0.016594118134941063,0.2006325673648247,0.2656803151641996,1
1896,2500,seqmar,0.2558505160746848,cc_ccproj,0.22965691052558387,0.016533487035155267,0.19725187139781963,0.2620619496533481,1
1896,2500,seqmar,0.2558505160746848,seq,0.256178810043632,0.011795096271568167,0.23306084615717573,0.2792967739300883,1
1897,2500,seqmar,0.2558505160746848,full,0.26017862173466416,0.01022513869658939,0.24013771815242213,0.2802195253169062,1
1897,2500,seqmar,0.2558505160746848,cc,0.2322744509889718,0.02296595978969298,0.18726199693077847,0.2772869050471651,1
1897,2500,seqmar,0.2558505160746848,cc_ccproj,0.2320040810624697,0.022908393259701638,0.18710445532977435,0.276903706795165,1
1897,2500,seqmar,0.2558505160746848,seq,0.2631227795865018,0.01960042852432915,0.22470664559726514,0.30153891357573853,1
1898,2500,seqmar,0.2558505160746848,full,0.2609753998086592,0.010045410181873403,0.24128675764225538,0.280664041975063,1
1898,2500,seqmar,0.2558505160746848,cc,0.22777536055755782,0.01869273550903593,0.19113827218731438,0.26441244892780125,1
1898,2500,seqmar,0.2558505160746848,cc_ccproj,0.2287647482964685,0.01859556893926586,0.19231810290347573,0.2652113936894613,1
1898,2500,seqmar,0.2558505160746848,seq,0.2613000050332029,0.013544193048324382,0.23475387445882934,0.28784613560757644,1
1899,2500,seqmar,0.2558505160746848,full,0.26027748790627875,0.009512593081641946,0.24163314806667566,0.27892182774588187,1
1899,2500,seqmar,0.2558505160746848,cc,0.24347480168082594,0.0172661988963409,0.20963367369409255,0.27731592966755936,1
1899,2500,seqmar,0.2558505160746848,cc_ccproj,0.2441892327017106,0.01731139997818596,0.21025951222249867,0.27811895318092256,1
1899,2500,seqmar,0.2558505160746848,seq,0.27412173841010157,0.015565393258033116,0.2436141282191541,0.30462934860104907,1
1900,2500,seqmar,0.2558505160746848,full,0.2553089905946292,0.008937565673763734,0.2377916837645908,0.2728262974246676,1
1900,2500,seqmar,0.2558505160746848,cc,0.20865384397570746,0.016782728845854203,0.17576029987553177,0.24154738807588316,0
1900,2500,seqmar,0.2558505160746848,cc_ccproj,0.20867738794808618,0.01657333025027608,0.17619425755365686,0.2411605183425155,0
1900,2500,seqmar,0.2558505160746848,seq,0.24800078482633262,0.015366905342589596,0.21788220380102086,0.2781193658516444,1
1901,2500,seqmar,0.2558505160746848,full,0.2721780643081119,0.009222234617657098,0.25410281660052547,0.2902533120156984,1
1901,2500,seqmar,0.2558505160746848,cc,0.26705028848867934,0.017083130080457684,0.23356796878776945,0.30053260818958927,1
1901,2500,seqmar,0.2558505160746848,cc_ccproj,0.2660122496535239,0.01722897608663337,0.23224407703322064,0.2997804222738271,1
1901,2500,seqmar,0.2558505160746848,seq,0.30110144493052765,0.015510112772850311,0.2707021824995864,0.3315007073614689,0
1902,2500,seqmar,0.2558505160746848,full,0.2683198791770097,0.010693740037735293,0.24736053384301454,0.2892792245110049,1
1902,2500,seqmar,0.2558505160746848,cc,0.24117866924964845,0.01756386077325295,0.20675413470459686,0.27560320379470005,1
1902,2500,seqmar,0.2558505160746848,cc_ccproj,0.24100557541108492,0.017524137498570333,0.20665889705375923,0.2753522537684106,1
1902,2500,seqmar,0.2558505160746848,seq,0.2688260197873314,0.013546342329137546,0.24227567669997138,0.29537636287469143,1
1903,2500,seqmar,0.2558505160746848,full,0.2499207961803388,0.009594550352393526,0.2311158230417914,0.2687257693188862,1
1903,2500,seqmar,0.2558505160746848,cc,0.20604868940867077,0.014222689183976567,0.17817273084476934,0.2339246479725722,0
1903,2500,seqmar,0.2558505160746848,cc_ccproj,0.20604647884509386,0.014255833129328972,0.17810555934199615,0.23398739834819157,0
1903,2500,seqmar,0.2558505160746848,seq,0.2198486673737239,0.021929250767514712,0.17686812566144774,0.2628292090860001,1
1904,2500,seqmar,0.2558505160746848,full,0.2596756710564701,0.009856448184585146,0.24035738759919803,0.2789939545137422,1
1904,2500,seqmar,0.2558505160746848,cc,0.2463941504240278,0.01745018452247485,0.2121924172363988,0.28059588361165677,1
1904,2500,seqmar,0.2558505160746848,cc_ccproj,0.2481442591760714,0.01739526725413036,0.21405016185652695,0.2822383564956159,1
1904,2500,seqmar,0.2558505160746848,seq,0.2675296159542286,0.016974180968289735,0.2342608325893155,0.3007983993191417,1
1905,2500,seqmar,0.2558505160746848,full,0.2503330593050721,0.009681262194719008,0.23135813407853364,0.26930798453161053,1
1905,2500,seqmar,0.2558505160746848,cc,0.19296839802249316,0.013849206794164353,0.16582445149148362,0.2201123445535027,0
1905,2500,seqmar,0.2558505160746848,cc_ccproj,0.19472041086003655,0.01355483874582703,0.1681534151019675,0.22128740661810561,0
1905,2500,seqmar,0.2558505160746848,seq,0.2283270664450586,0.011364364782435158,0.20605332076431032,0.25060081212580687,0
1906,2500,seqmar,0.2558505160746848,full,0.2505406712940168,0.009056064165535954,0.23279111168788255,0.268290230900151,1
1906,2500,seqmar,0.2558505160746848,cc,0.2262071975993543,0.013053745874846473,0.2006223258213169,0.2517920693773917,0
1906,2500,seqmar,0.2558505160746848,cc_ccproj,0.22381041749997,0.013038889939448937,0.19825466282026843,0.24936617217967155,0
1906,2500,seqmar,0.2558505160746848,seq,0.2633146620989186,0.012146344967993807,0.2395082634178514,0.2871210607799857,1
1907,2500,seqmar,0.2558505160746848,full,0.24339219778651167,0.009373452937894829,0.22502056761745665,0.2617638279555667,1
1907,2500,seqmar,0.2558505160746848,cc,0.2191788701371187,0.01281210690211681,0.19406760204289272,0.24429013823134468,0
1907,2500,seqmar,0.2558505160746848,cc_ccproj,0.2156930092524528,0.012961320598867215,0.19028928768659592,0.24109673081830968,0
1907,2500,seqmar,0.2558505160746848,seq,0.25354287887622007,0.013684921093068039,0.22672092640253422,0.2803648313499059,1
1908,2500,seqmar,0.2558505160746848,full,0.25361578186057193,0.011710355262212757,0.23066390730046582,0.27656765642067804,1
1908,2500,seqmar,0.2558505160746848,cc,0.2125261750201361,0.023724792023702247,0.16602643711297654,0.25902591292729565,1
1908,2500,seqmar,0.2558505160746848,cc_ccproj,0.21339465588205667,0.023626617114957484,0.16708733726022235,0.259701974503891,1
1908,2500,seqmar,0.2558505160746848,seq,0.24485331337026056,0.018750331565102377,0.20810333880447535,0.2816032879360458,1
1909,2500,seqmar,0.2558505160746848,full,0.2381168889842167,0.010032873579244065,0.21845281810745487,0.25778095986097854,1
1909,2500,seqmar,0.2558505160746848,cc,0.2004435070472315,0.01777557174513751,0.16560402662215418,0.2352829874723088,0
1909,2500,seqmar,0.2558505160746848,cc_ccproj,0.199763742139024,0.0176980778150096,0.16507614702601786,0.23445133725203016,0
1909,2500,seqmar,0.2558505160746848,seq,0.22479491357219095,0.019462870850540624,0.18664838766937686,0.26294143947500503,1
1910,2500,seqmar,0.2558505160746848,full,0.2513771609850786,0.011233803262400564,0.22935931118136496,0.2733950107887923,1
1910,2500,seqmar,0.2558505160746848,cc,0.21784214329200607,0.01969225597838994,0.17924603080001822,0.25643825578399393,1
1910,2500,seqmar,0.2558505160746848,cc_ccproj,0.21567166017598466,0.019270627234242416,0.17790192483737283,0.2534413955145965,0
1910,2500,seqmar,0.2558505160746848,seq,0.2613882565768814,0.02031605974799078,0.2215695111630556,0.3012070019907072,1
1911,2500,seqmar,0.2558505160746848,full,0.2651496771436862,0.01490025892003106,0.23594570630010364,0.29435364798726876,1
1911,2500,seqmar,0.2558505160746848,cc,0.21015272145191566,0.03720958265940247,0.1372232795597207,0.2830821633441106,1
1911,2500,seqmar,0.2558505160746848,cc_ccproj,0.2114471889304613,0.03709831403105842,0.13873582954242986,0.28415854831849274,1
1911,2500,seqmar,0.2558505160746848,seq,0.2601219772151464,0.025344581555537583,0.2104475101630546,0.3097964442672382,1
1912,2500,seqmar,0.2558505160746848,full,0.2615682207279994,0.010328276707210603,0.24132517035950268,0.2818112710964961,1
1912,2500,seqmar,0.2558505160746848,cc,0.2527418032467942,0.023282109136428312,0.20710970785526375,0.29837389863832464,1
1912,2500,seqmar,0.2558505160746848,cc_ccproj,0.2520949972390909,0.023329986814038094,0.20636906332378188,0.29782093115439995,1
1912,2500,seqmar,0.2558505160746848,seq,0.2765822799983116,0.015768705257088702,0.24567618561159033,0.30748837438503285,1
1913,2500,seqmar,0.2558505160746848,full,0.262819501216912,0.00895683737760105,0.24526442254143177,0.28037457989239223,1
1913,2500,seqmar,0.2558505160746848,cc,0.22995468061807742,0.014946583809676138,0.20065991465920271,0.25924944657695215,1
1913,2500,seqmar,0.2558505160746848,cc_ccproj,0.2305682541484566,0.015062963370963252,0.2010453884409226,0.26009111985599065,1
1913,2500,seqmar,0.2558505160746848,seq,0.2755897628848122,0.013673105391595646,0.24879096876046428,0.30238855700916006,1
1914,2500,seqmar,0.2558505160746848,full,0.2450638305603868,0.009074675034368708,0.22727779432161935,0.26284986679915423,1
1914,2500,seqmar,0.2558505160746848,cc,0.2126958969906349,0.013877355696545185,0.18549677962475458,0.23989501435651522,0
1914,2500,seqmar,0.2558505160746848,cc_ccproj,0.21283370057904494,0.013914031058337712,0.1855627008249313,0.2401047003331586,0
1914,2500,seqmar,0.2558505160746848,seq,0.24768557230666569,0.01409276701845705,0.22006425650797595,0.2753068881053554,1
1915,2500,seqmar,0.2558505160746848,full,0.2657436364129835,0.009456293653779299,0.24720964142434138,0.2842776314016256,1
1915,2500,seqmar,0.2558505160746848,cc,0.24054263529696518,0.020471926532562974,0.2004183965989918,0.28066687399493856,1
1915,2500,seqmar,0.2558505160746848,cc_ccproj,0.24029760130760652,0.02015071081279632,0.20080293385164388,0.27979226876356916,1
1915,2500,seqmar,0.2558505160746848,seq,0.2814739416686508,0.015120877687646344,0.2518375659862287,0.3111103173510729,1
1916,2500,seqmar,0.2558505160746848,full,0.2482158170021707,0.016290423527280353,0.21628717359579727,0.2801444604085441,1
1916,2500,seqmar,0.2558505160746848,cc,0.22631825103854297,0.02453801624772546,0.17822462294094238,0.27441187913614357,1
1916,2500,seqmar,0.2558505160746848,cc_ccproj,0.2279468740702308,0.024325303866825763,0.18027015457825937,0.2756235935622022,1
1916,2500,seqmar,0.2558505160746848,seq,0.26280506264242315,0.016805737892773023,0.22986642163896798,0.2957437036458783,1
1917,2500,seqmar,0.2558505160746848,full,0.2585383535048882,0.009538531100070632,0.23984317608333452,0.2772335309264419,1
1917,2500,seqmar,0.2558505160746848,cc,0.22713192592098722,0.01821026782697266,0.19144045683129232,0.2628233950106821,1
1917,2500,seqmar,0.2558505160746848,cc_ccproj,0.22768534542558136,0.01803031575624371,0.1923465759134586,0.2630241149377041,1
1917,2500,seqmar,0.2558505160746848,seq,0.25678648394786935,0.01463321985255646,0.22810590005900216,0.28546706783673653,1
1918,2500,seqmar,0.2558505160746848,full,0.2683217796462929,0.009486442482924564,0.24972869403835002,0.28691486525423576,1
1918,2500,seqmar,0.2558505160746848,cc,0.2497474043696155,0.017916970389514397,0.21463078769409671,0.2848640210451343,1
1918,2500,seqmar,0.2558505160746848,cc_ccproj,0.24995005878266366,0.018113328028156434,0.21444858820731713,0.28545152935801016,1
1918,2500,seqmar,0.2558505160746848,seq,0.27568646233593563,0.013606122227980966,0.24901895279984307,0.3023539718720282,1
1919,2500,seqmar,0.2558505160746848,full,0.2523847918812044,0.010111526382696974,0.23256656434239176,0.272203019420017,1
1919,2500,seqmar,0.2558505160746848,cc,0.21970406754271057,0.018121906103939472,0.18418578424777265,0.2552223508376485,0
1919,2500,seqmar,0.2558505160746848,cc_ccproj,0.21858847887998062,0.0178565002045904,0.18359038158905133,0.2535865761709099,0
1919,2500,seqmar,0.2558505160746848,seq,0.2499851229368809,0.016780966040887253,0.2170950338709522,0.28287521200280963,1
1920,2500,seqmar,0.2558505160746848,full,0.26196011655996426,0.009866763140359572,0.2426216161608722,0.28129861695905634,1
1920,2500,seqmar,0.2558505160746848,cc,0.24117627019810606,0.01604912969944542,0.20972055400398087,0.27263198639223124,1
1920,2500,seqmar,0.2558505160746848,cc_ccproj,0.23689386583339955,0.0160215834923156,0.2054921392131595,0.2682955924536396,1
1920,2500,seqmar,0.2558505160746848,seq,0.2660621527867764,0.012571116883827444,0.24142321644903122,0.2907010891245216,1
1921,2500,seqmar,0.2558505160746848,full,0.2611408032226107,0.009441577733502555,0.24263565090771036,0.279645955537511,1
1921,2500,seqmar,0.2558505160746848,cc,0.24686216944808126,0.014741768277137286,0.2179688345564571,0.2757555043397054,1
1921,2500,seqmar,0.2558505160746848,cc_ccproj,0.2432488129452865,0.014820375202819886,0.21420141131038903,0.272296214580184,1
1921,2500,seqmar,0.2558505160746848,seq,0.2905062928264956,0.020493826889029374,0.2503391302185995,0.3306734554343917,1
1922,2500,seqmar,0.2558505160746848,full,0.25891455627200755,0.00898623771596753,0.24130185399219573,0.27652725855181937,1
1922,2500,seqmar,0.2558505160746848,cc,0.21418883533077104,0.010891390304185327,0.19284210259299905,0.23553556806854303,0
1922,2500,seqmar,0.2558505160746848,cc_ccproj,0.21394876315333927,0.010940269943511449,0.1925062280829108,0.23539129822376775,0
1922,2500,seqmar,0.2558505160746848,seq,0.23107385294491758,0.014907374349899319,0.20185593611505873,0.26029176977477647,1
1923,2500,seqmar,0.2558505160746848,full,0.27035585416982233,0.011999502585634852,0.24683726126958278,0.2938744470700619,1
1923,2500,seqmar,0.2558505160746848,cc,0.22503878812523345,0.027979119701375524,0.17020072119140234,0.27987685505906457,1
1923,2500,seqmar,0.2558505160746848,cc_ccproj,0.2254627830215055,0.027819504496967767,0.1709375561396986,0.2799880099033124,1
1923,2500,seqmar,0.2558505160746848,seq,0.2596811056421106,0.018159826575801372,0.22408849958804658,0.2952737116961746,1
1924,2500,seqmar,0.2558505160746848,full,0.2587603273652246,0.009415314619847065,0.2403066498072109,0.2772140049232383,1
1924,2500,seqmar,0.2558505160746848,cc,0.22481779324710255,0.018059554831476372,0.18942171620058254,0.2602138702936226,1
1924,2500,seqmar,0.2558505160746848,cc_ccproj,0.22439301086964947,0.01771748043209347,0.18966738732595312,0.2591186344133458,1
1924,2500,seqmar,0.2558505160746848,seq,0.2616575574885057,0.015849048606721674,0.23059399303010653,0.2927211219469049,1
1925,2500,seqmar,0.2558505160746848,full,0.26519196611057294,0.00933522925226163,0.24689525298871537,0.28348867923243054,1
1925,2500,seqmar,0.2558505160746848,cc,0.2397245493201629,0.015541312868723602,0.20926413582499578,0.27018496281533005,1
1925,2500,seqmar,0.2558505160746848,cc_ccproj,0.23894377646273623,0.015502903164906944,0.2085586446037066,0.26932890832176587,1
1925,2500,seqmar,0.2558505160746848,seq,0.2749617747834736,0.013305391519634547,0.24888368660478524,0.301039862962162,1
1926,2500,seqmar,0.2558505160746848,full,0.25057110497166485,0.01118587822112315,0.22864718652281252,0.2724950234205172,1
1926,2500,seqmar,0.2558505160746848,cc,0.23023063146294545,0.02417379509937721,0.18285086369851528,0.2776103992273756,1
1926,2500,seqmar,0.2558505160746848,cc_ccproj,0.2320785106905867,0.02401175813541137,0.18501632953969377,0.2791406918414796,1
1926,2500,seqmar,0.2558505160746848,seq,0.26637580740492,0.01732438848453301,0.23242062992105486,0.3003309848887852,1
1927,2500,seqmar,0.2558505160746848,full,0.24278044854103822,0.011302951921221504,0.22062706985645628,0.2649338272256202,1
1927,2500,seqmar,0.2558505160746848,cc,0.17927762524000332,0.026398275896681186,0.12753795522855638,0.23101729525145026,0
1927,2500,seqmar,0.2558505160746848,cc_ccproj,0.18114861401697932,0.02571562505391809,0.130746915071364,0.23155031296259465,0
1927,2500,seqmar,0.2558505160746848,seq,0.20984634595485988,0.024438936679469263,0.16194691024264524,0.2577457816670745,1
1928,2500,seqmar,0.2558505160746848,full,0.2565979290500139,0.009112434926464357,0.23873788478267885,0.27445797331734895,1
1928,2500,seqmar,0.2558505160746848,cc,0.20681551402269105,0.012720357436561391,0.18188407157655448,0.23174695646882762,0
1928,2500,seqmar,0.2558505160746848,cc_ccproj,0.20715622171401074,0.012422172015881376,0.18280921195312191,0.23150323147489957,0
1928,2500,seqmar,0.2558505160746848,seq,0.24993680198550047,0.010217202077729,0.2299114538903838,0.26996215008061714,1
1929,2500,seqmar,0.2558505160746848,full,0.24540607257991182,0.012416314421703687,0.22107054349264732,0.2697416016671763,1
1929,2500,seqmar,0.2558505160746848,cc,0.2291603199006645,0.026666227526317247,0.17689547434553207,0.28142516545579693,1
1929,2500,seqmar,0.2558505160746848,cc_ccproj,0.23000117702626136,0.02660513698663999,0.17785606672869247,0.28214628732383024,1
1929,2500,seqmar,0.2558505160746848,seq,0.2577538480639088,0.017458630512022656,0.2235355610409523,0.29197213508686526,1
1930,2500,seqmar,0.2558505160746848,full,0.25913974529225453,0.010472928095247138,0.23861318341289248,0.2796663071716166,1
1930,2500,seqmar,0.2558505160746848,cc,0.22669487640566113,0.012745362254563162,0.20171442541680112,0.25167532739452114,0
1930,2500,seqmar,0.2558505160746848,cc_ccproj,0.22458567300608626,0.012988040631948916,0.19912958113772353,0.25004176487444896,0
1930,2500,seqmar,0.2558505160746848,seq,0.26696044401698094,0.011678626631728268,0.24407075642990322,0.28985013160405865,1
1931,2500,seqmar,0.2558505160746848,full,0.2571674447542131,0.011446922741710776,0.2347318884466475,0.2796030010617787,1
1931,2500,seqmar,0.2558505160746848,cc,0.21260430198428593,0.012758793669985658,0.18759752590493642,0.23761107806363543,0
1931,2500,seqmar,0.2558505160746848,cc_ccproj,0.2130838475209159,0.012801738351844361,0.18799290141179578,0.238174793630036,0
1931,2500,seqmar,0.2558505160746848,seq,0.23563759715091556,0.012635644614265971,0.21087218878550676,0.2604030055163244,1
1932,2500,seqmar,0.2558505160746848,full,0.2601260120589105,0.008526077422466203,0.24341520738147665,0.27683681673634436,1
1932,2500,seqmar,0.2558505160746848,cc,0.23667329606372386,0.01127640908648903,0.21457194037926516,0.2587746517481826,1
1932,2500,seqmar,0.2558505160746848,cc_ccproj,0.2328157122572104,0.011284908375986493,0.21069769827144247,0.25493372624297833,0
1932,2500,seqmar,0.2558505160746848,seq,0.27240467282041014,0.013224613801657476,0.24648490605971016,0.2983244395811101,1
1933,2500,seqmar,0.2558505160746848,full,0.2506905689654707,0.008899052927550109,0.23324874573095677,0.26813239219998464,1
1933,2500,seqmar,0.2558505160746848,cc,0.220640368149636,0.011867983719324357,0.19737954749065253,0.24390118880861947,0
1933,2500,seqmar,0.2558505160746848,cc_ccproj,0.2202000138115003,0.012012549172957411,0.19665585006998737,0.24374417755301325,0
1933,2500,seqmar,0.2558505160746848,seq,0.251913891272661,0.01382745640619768,0.2248125747187159,0.2790152078266061,1
1934,2500,seqmar,0.2558505160746848,full,0.24907205717570646,0.013331392046309754,0.22294300890115562,0.27520110545025733,1
1934,2500,seqmar,0.2558505160746848,cc,0.19476001985239383,0.0333859078714068,0.1293248428332642,0.2601951968715235,1
1934,2500,seqmar,0.2558505160746848,cc_ccproj,0.1933712733332946,0.03244538882131161,0.12977947977912535,0.25696306688746384,1
1934,2500,seqmar,0.2558505160746848,seq,0.24933530579868593,0.021582915432452717,0.20703356886970486,0.291637042727667,1
1935,2500,seqmar,0.2558505160746848,full,0.2595047109974293,0.0087906534057523,0.2422753469215804,0.27673407507327813,1
1935,2500,seqmar,0.2558505160746848,cc,0.23024619449622305,0.012219488809686126,0.20629643651974802,0.25419595247269805,0
1935,2500,seqmar,0.2558505160746848,cc_ccproj,0.23179485945370842,0.012468716023244892,0.20735662511469094,0.2562330937927259,1
1935,2500,seqmar,0.2558505160746848,seq,0.2682169886254372,0.013680781891216819,0.24140314883830447,0.29503082841256995,1
1936,2500,seqmar,0.2558505160746848,full,0.2496313167019247,0.012962658878598775,0.22422497215599274,0.27503766124785667,1
1936,2500,seqmar,0.2558505160746848,cc,0.2023899968869932,0.029013459820298917,0.14552466057230737,0.25925533320167904,1
1936,2500,seqmar,0.2558505160746848,cc_ccproj,0.20358431485008638,0.028666669605352576,0.1473986748668863,0.25976995483328646,1
1936,2500,seqmar,0.2558505160746848,seq,0.23978326964315957,0.017703313095068004,0.20508541356979,0.27448112571652916,1
1937,2500,seqmar,0.2558505160746848,full,0.2611476477961348,0.009150763989100238,0.24321247994647227,0.27908281564579734,1
1937,2500,seqmar,0.2558505160746848,cc,0.23773286784258063,0.014601417568903484,0.20911461528429942,0.26635112040086184,1
1937,2500,seqmar,0.2558505160746848,cc_ccproj,0.23806214740046308,0.014566746971312057,0.20951184796478353,0.2666124468361426,1
1937,2500,seqmar,0.2558505160746848,seq,0.2725214513258828,0.013866991607528674,0.2453426472012074,0.2997002554505582,1
1938,2500,seqmar,0.2558505160746848,full,0.23988714010177933,0.010686442022432045,0.21894209861493716,0.26083218158862154,1
1938,2500,seqmar,0.2558505160746848,cc,0.22647567734108426,0.014712014437121432,0.19764065890429294,0.2553106957778756,0
1938,2500,seqmar,0.2558505160746848,cc_ccproj,0.22537376747756488,0.0146495864046555,0.1966611057360325,0.2540864292190973,0
1938,2500,seqmar,0.2558505160746848,seq,0.24955435445411353,0.01294227661030229,0.22418795841996592,0.27492075048826115,1
1939,2500,seqmar,0.2558505160746848,full,0.25572117614735346,0.010128408246673083,0.23586986076315575,0.27557249153155117,1
1939,2500,seqmar,0.2558505160746848,cc,0.22620948696159457,0.012601518595647492,0.2015109643636137,0.25090800955957543,0
1939,2500,seqmar,0.2558505160746848,cc_ccproj,0.22701934356104533,0.012528649790397466,0.202463641196951,0.2515750459251397,0
1939,2500,seqmar,0.2558505160746848,seq,0.25311466791658516,0.014156334015876714,0.22536876309234752,0.28086057274082277,1
1940,2500,seqmar,0.2558505160746848,full,0.24629549837929207,0.0102329124783377,0.22623935846479967,0.26635163829378444,1
1940,2500,seqmar,0.2558505160746848,cc,0.20654767469046129,0.013103036569275528,0.18086619492656997,0.2322291544543526,0
1940,2500,seqmar,0.2558505160746848,cc_ccproj,0.20693661464608704,0.01293469502401846,0.1815850782480014,0.23228815104417266,0
1940,2500,seqmar,0.2558505160746848,seq,0.2551911376355761,0.012124891112091736,0.2314267877394065,0.2789554875317457,1
1941,2500,seqmar,0.2558505160746848,full,0.2624565280741501,0.011514932835771834,0.23988767443163964,0.2850253817166606,1
1941,2500,seqmar,0.2558505160746848,cc,0.22040515019420426,0.021593423692922567,0.17808281745316212,0.2627274829352464,1
1941,2500,seqmar,0.2558505160746848,cc_ccproj,0.21915140396967545,0.021414446338157398,0.1771798603980213,0.2611229475413296,1
1941,2500,seqmar,0.2558505160746848,seq,0.24713930458367658,0.01628516766233162,0.21522096248331027,0.2790576466840429,1
1942,2500,seqmar,0.2558505160746848,full,0.2633740604760837,0.008712394296476494,0.24629808143587759,0.28045003951628983,1
1942,2500,seqmar,0.2558505160746848,cc,0.23704057138836598,0.013231769976200729,0.21110677878329415,0.2629743639934378,1
1942,2500,seqmar,0.2558505160746848,cc_ccproj,0.23674969931063541,0.013204564767015736,0.21086922793575805,0.2626301706855128,1
1942,2500,seqmar,0.2558505160746848,seq,0.2575112520347146,0.013891901457512986,0.23028362550120965,0.2847388785682195,1
1943,2500,seqmar,0.2558505160746848,full,0.2666370395799212,0.00929343853359528,0.2484222347615377,0.2848518443983047,1
1943,2500,seqmar,0.2558505160746848,cc,0.22413438035412692,0.013056095672306893,0.19854490305769615,0.24972385765055768,0
1943,2500,seqmar,0.2558505160746848,cc_ccproj,0.2278967613475921,0.012939727237245542,0.20253536199281885,0.25325816070236534,0
1943,2500,seqmar,0.2558505160746848,seq,0.26788240769069394,0.011771710437340092,0.2448102791970731,0.29095453618431477,1
1944,2500,seqmar,0.2558505160746848,full,0.24306194742604112,0.009982101057335902,0.22349738886362355,0.26262650598845866,1
1944,2500,seqmar,0.2558505160746848,cc,0.23576342206596154,0.02127449634720583,0.1940661754362092,0.2774606686957139,1
1944,2500,seqmar,0.2558505160746848,cc_ccproj,0.23843593036461533,0.021202454210834068,0.19687988372752094,0.27999197700170975,1
1944,2500,seqmar,0.2558505160746848,seq,0.25794848181396934,0.01595497813335498,0.22667729929846947,0.2892196643294692,1
1945,2500,seqmar,0.2558505160746848,full,0.2511971335995244,0.009781947229094187,0.23202486933182842,0.27036939786722036,1
1945,2500,seqmar,0.2558505160746848,cc,0.22358696159712213,0.01774499376270354,0.1888074129163353,0.25836651027790897,1
1945,2500,seqmar,0.2558505160746848,cc_ccproj,0.22460536443734955,0.017751557797717567,0.18981295048434196,0.25939777839035716,1
1945,2500,seqmar,0.2558505160746848,seq,0.2502863147167757,0.013364634592404976,0.22409211224912381,0.2764805171844276,1
1946,2500,seqmar,0.2558505160746848,full,0.25634754107984453,0.009474338155880497,0.23777817951696512,0.27491690264272395,1
1946,2500,seqmar,0.2558505160746848,cc,0.2226545289604941,0.013110844707106875,0.19695774552766704,0.24835131239332114,0
1946,2500,seqmar,0.2558505160746848,cc_ccproj,0.22118365816833174,0.01321037623917375,0.1952917965173275,0.24707551981933598,0
1946,2500,seqmar,0.2558505160746848,seq,0.2657003143778166,0.013658602924767019,0.2389299445661398,0.2924706841894934,1
1947,2500,seqmar,0.2558505160746848,full,0.2579953734055951,0.012119881929451437,0.23424084132699244,0.2817499054841977,1
1947,2500,seqmar,0.2558505160746848,cc,0.21688433261550016,0.024317183320580492,0.1692235291017043,0.26454513612929603,1
1947,2500,seqmar,0.2558505160746848,cc_ccproj,0.21917853262053458,0.023559369424745395,0.17300301704955948,0.2653540481915097,1
1947,2500,seqmar,0.2558505160746848,seq,0.255536193658713,0.016156386982281157,0.22387025705315017,0.2872021302642758,1
1948,2500,seqmar,0.2558505160746848,full,0.2682457690517418,0.014222198467601397,0.24037077227426232,0.2961207658292213,1
1948,2500,seqmar,0.2558505160746848,cc,0.2451072808009546,0.029984833416257198,0.18633808722265738,0.3038764743792518,1
1948,2500,seqmar,0.2558505160746848,cc_ccproj,0.24726925463004076,0.030021603931505544,0.1884279921661638,0.30611051709391773,1
1948,2500,seqmar,0.2558505160746848,seq,0.2745382673692528,0.018505101183885736,0.23826893551856723,0.31080759921993834,1
1949,2500,seqmar,0.2558505160746848,full,0.23035599700563708,0.011969014323844928,0.206897160000457,0.25381483401081717,0
1949,2500,seqmar,0.2558505160746848,cc,0.19414689285801942,0.01995193896343451,0.15504181106794634,0.2332519746480925,0
1949,2500,seqmar,0.2558505160746848,cc_ccproj,0.19470628051718084,0.0198263177580728,0.15584741176531125,0.23356514926905042,0
1949,2500,seqmar,0.2558505160746848,seq,0.2279841799435435,0.01547085126743978,0.1976618686491857,0.25830649123790134,1
1950,2500,seqmar,0.2558505160746848,full,0.2435037192550989,0.011831388487256218,0.22031462393297488,0.26669281457722294,1
1950,2500,seqmar,0.2558505160746848,cc,0.2220471254045824,0.019873705879872833,0.18309537764068975,0.2609988731684751,1
1950,2500,seqmar,0.2558505160746848,cc_ccproj,0.22422902947396842,0.019813134799950637,0.18539599884522795,0.2630620601027089,1
1950,2500,seqmar,0.2558505160746848,seq,0.2513242950104163,0.015287814691716166,0.22136072881233032,0.2812878612085023,1
1951,2500,seqmar,0.2558505160746848,full,0.24904942746424621,0.010313318943119765,0.2288356937746568,0.26926316115383564,1
1951,2500,seqmar,0.2558505160746848,cc,0.2180804319842321,0.015329427194133638,0.18803530678010127,0.24812555718836293,0
1951,2500,seqmar,0.2558505160746848,cc_ccproj,0.21374853550883127,0.015190083774845991,0.1839765183879869,0.24352055262967565,0
1951,2500,seqmar,0.2558505160746848,seq,0.2562578764824065,0.012578589035277728,0.23160429499693172,0.28091145796788125,1
1952,2500,seqmar,0.2558505160746848,full,0.24694197575466487,0.00871158831164799,0.22986757641569472,0.264016375093635,1
1952,2500,seqmar,0.2558505160746848,cc,0.21015231603489784,0.011687387056222288,0.18724545833132256,0.23305917373847312,0
1952,2500,seqmar,0.2558505160746848,cc_ccproj,0.21093662436609592,0.01170290811125956,0.1879993459536455,0.23387390277854633,0
1952,2500,seqmar,0.2558505160746848,seq,0.23846521213405714,0.013806286377392703,0.21140538807412146,0.2655250361939928,1
1953,2500,seqmar,0.2558505160746848,full,0.26320996983719724,0.010310736471265756,0.24300129769943277,0.28341864197496175,1
1953,2500,seqmar,0.2558505160746848,cc,0.22469272132467408,0.01498381260543818,0.19532498826691796,0.2540604543824302,0
1953,2500,seqmar,0.2558505160746848,cc_ccproj,0.22483556048876566,0.014873189665131728,0.19568464440987413,0.2539864765676572,0
1953,2500,seqmar,0.2558505160746848,seq,0.25879033553317765,0.01952169262775033,0.22052852106552592,0.2970521500008294,1
1954,2500,seqmar,0.2558505160746848,full,0.25250450562068083,0.009640961802134477,0.23360856771217087,0.2714004435291908,1
1954,2500,seqmar,0.2558505160746848,cc,0.2154918666976822,0.013529986598748647,0.18897358025282526,0.24201015314253913,0
1954,2500,seqmar,0.2558505160746848,cc_ccproj,0.2122983055693754,0.013294889395685032,0.18624080117538924,0.23835580996336156,0
1954,2500,seqmar,0.2558505160746848,seq,0.2568001335193681,0.011244703183557253,0.234760920262753,0.2788393467759832,1
1955,2500,seqmar,0.2558505160746848,full,0.26230209171995816,0.00927772867299081,0.24411807766256158,0.2804861057773547,1
1955,2500,seqmar,0.2558505160746848,cc,0.2390387030450791,0.015392794641353829,0.20886937992660445,0.2692080261635537,1
1955,2500,seqmar,0.2558505160746848,cc_ccproj,0.23960711252363562,0.015419326549290617,0.20938578782116374,0.2698284372261075,1
1955,2500,seqmar,0.2558505160746848,seq,0.272554748635961,0.011848029161422236,0.24933303819179314,0.2957764590801289,1
1956,2500,seqmar,0.2558505160746848,full,0.24001215284639651,0.01152999836430153,0.21741377131055978,0.26261053438223325,1
1956,2500,seqmar,0.2558505160746848,cc,0.17808013503865017,0.027218699565671748,0.12473246418391754,0.2314278058933828,0
1956,2500,seqmar,0.2558505160746848,cc_ccproj,0.18046128747751294,0.02672309978498744,0.1280849743436675,0.2328376006113584,0
1956,2500,seqmar,0.2558505160746848,seq,0.2334484560595823,0.018609715776341216,0.19697408337542668,0.26992282874373796,1
1957,2500,seqmar,0.2558505160746848,full,0.23994600230179539,0.008902901744153037,0.2224966355253566,0.2573953690782342,1
1957,2500,seqmar,0.2558505160746848,cc,0.21496834468528556,0.013690616688070778,0.1881352290505238,0.24180146032004732,0
1957,2500,seqmar,0.2558505160746848,cc_ccproj,0.21872308112378058,0.013357850392771521,0.1925421754430742,0.24490398680448697,0
1957,2500,seqmar,0.2558505160746848,seq,0.24703157874586495,0.010661417418644696,0.22613558458117336,0.2679275729105566,1
1958,2500,seqmar,0.2558505160746848,full,0.24668737237083932,0.010549973845787784,0.22600980359525574,0.2673649411464229,1
1958,2500,seqmar,0.2558505160746848,cc,0.2049174851449962,0.013869512512651219,0.17773374013707216,0.23210123015292022,0
1958,2500,seqmar,0.2558505160746848,cc_ccproj,0.20846782119537807,0.013831044604020688,0.18135947190293047,0.23557617048782567,0
1958,2500,seqmar,0.2558505160746848,seq,0.24338163603790627,0.01409459451701643,0.21575673840785836,0.2710065336679542,1
1959,2500,seqmar,0.2558505160746848,full,0.25811315154016873,0.008640124258142807,0.24117881917225797,0.2750474839080795,1
1959,2500,seqmar,0.2558505160746848,cc,0.23286104185751363,0.01400922083197369,0.20540347357537694,0.2603186101396503,1
1959,2500,seqmar,0.2558505160746848,cc_ccproj,0.23381683558258054,0.014088293501792547,0.20620428771543747,0.2614293834497236,1
1959,2500,seqmar,0.2558505160746848,seq,0.26679675613569553,0.01637334894775499,0.23470558189178897,0.2988879303796021,1
1960,2500,seqmar,0.2558505160746848,full,0.27476551136053345,0.011426118580338897,0.25237073045998526,0.29716029226108165,1
1960,2500,seqmar,0.2558505160746848,cc,0.24096304031936489,0.02886249094088054,0.18439359757112544,0.2975324830676043,1
1960,2500,seqmar,0.2558505160746848,cc_ccproj,0.2391635880090671,0.028752376130727866,0.18280996632289137,0.2955172096952428,1
1960,2500,seqmar,0.2558505160746848,seq,0.2684330985566463,0.016892104909953225,0.2353251813100658,0.30154101580322684,1
1961,2500,seqmar,0.2558505160746848,full,0.25158874492251576,0.010179297652036248,0.2316376881366116,0.27153980170841996,1
1961,2500,seqmar,0.2558505160746848,cc,0.21510663835093846,0.014006991638083478,0.18765343920854116,0.24255983749333576,0
1961,2500,seqmar,0.2558505160746848,cc_ccproj,0.21740029641313094,0.013712299256882592,0.1905246837244057,0.24427590910185618,0
1961,2500,seqmar,0.2558505160746848,seq,0.23922237782124547,0.014181623728103332,0.2114269060718643,0.2670178495706267,1
1962,2500,seqmar,0.2558505160746848,full,0.2563578811549721,0.011384103328990472,0.23404544863386825,0.278670313676076,1
1962,2500,seqmar,0.2558505160746848,cc,0.202381325345671,0.020591142989871206,0.16202342668500902,0.24273922400633297,0
1962,2500,seqmar,0.2558505160746848,cc_ccproj,0.19899053063682914,0.020492461372689594,0.1588260443917793,0.23915501688187898,0
1962,2500,seqmar,0.2558505160746848,seq,0.24753620050093122,0.01703405574044876,0.2141500647390039,0.28092233626285856,1
1963,2500,seqmar,0.2558505160746848,full,0.24769974336074344,0.011072227613706126,0.22599857600924955,0.2694009107122373,1
1963,2500,seqmar,0.2558505160746848,cc,0.22119132273398276,0.020117793692932224,0.18176117164742855,0.26062147382053696,1
1963,2500,seqmar,0.2558505160746848,cc_ccproj,0.22361954287215322,0.020142133256172284,0.18414168711824905,0.26309739862605735,1
1963,2500,seqmar,0.2558505160746848,seq,0.25058936413316907,0.01680647670685051,0.21764927508073073,0.2835294531856074,1
1964,2500,seqmar,0.2558505160746848,full,0.2515416225225089,0.010087463858518865,0.23177055666446247,0.27131268838055533,1
1964,2500,seqmar,0.2558505160746848,cc,0.22078006702558514,0.0208413806630306,0.17993171153795565,0.2616284225132146,1
1964,2500,seqmar,0.2558505160746848,cc_ccproj,0.2198608472998708,0.02071713345827619,0.17925601185873974,0.26046568274100185,1
1964,2500,seqmar,0.2558505160746848,seq,0.25157558738319513,0.014892191228186438,0.2223874289250664,0.28076374584132385,1
1965,2500,seqmar,0.2558505160746848,full,0.27003169663331883,0.010508124380078388,0.2494361513032979,0.2906272419633398,1
1965,2500,seqmar,0.2558505160746848,cc,0.22461820664714868,0.017280011073356034,0.19075000729091754,0.25848640600337985,1
1965,2500,seqmar,0.2558505160746848,cc_ccproj,0.2242498547486437,0.017230788959018663,0.1904781289637567,0.2580215805335307,1
1965,2500,seqmar,0.2558505160746848,seq,0.2640875022281559,0.013843443347502624,0.23695485184503018,0.29122015261128165,1
1966,2500,seqmar,0.2558505160746848,full,0.24717381941452704,0.009349840255590245,0.22884846925236738,0.2654991695766867,1
1966,2500,seqmar,0.2558505160746848,cc,0.2039676008078698,0.011897947416766037,0.180648052381057,0.2272871492346826,0
1966,2500,seqmar,0.2558505160746848,cc_ccproj,0.20145760362207138,0.012038673916979624,0.17786223632316958,0.22505297092097318,0
1966,2500,seqmar,0.2558505160746848,seq,0.2462062322955377,0.013393956424868047,0.21995456009229747,0.27245790449877794,1
1967,2500,seqmar,0.2558505160746848,full,0.2627343928891515,0.010093070270749913,0.24295233866504976,0.2825164471132533,1
1967,2500,seqmar,0.2558505160746848,cc,0.19900311224767867,0.015782973287337437,0.16806905303553954,0.2299371714598178,0
1967,2500,seqmar,0.2558505160746848,cc_ccproj,0.19781886688312136,0.015633918828219115,0.16717694904258926,0.22846078472365347,0
1967,2500,seqmar,0.2558505160746848,seq,0.2381470009671816,0.011626897173326685,0.21535870125551074,0.26093530067885246,1
1968,2500,seqmar,0.2558505160746848,full,0.27110645333998507,0.00942226063048409,0.2526391618512866,0.28957374482868353,1
1968,2500,seqmar,0.2558505160746848,cc,0.22625812149091462,0.010442718537916635,0.20579076925590925,0.24672547372592,0
1968,2500,seqmar,0.2558505160746848,cc_ccproj,0.22329233554703978,0.010369576714971468,0.20296833865077055,0.24361633244330902,0
1968,2500,seqmar,0.2558505160746848,seq,0.2593153552705488,0.010371556853723471,0.2389874773736412,0.2796432331674563,1
1969,2500,seqmar,0.2558505160746848,full,0.2614731306701328,0.010181916203450181,0.24151694161776563,0.28142931972249996,1
1969,2500,seqmar,0.2558505160746848,cc,0.2356620386138356,0.018361165466833113,0.19967481558466216,0.27164926164300907,1
1969,2500,seqmar,0.2558505160746848,cc_ccproj,0.2356222274116601,0.018349890789609885,0.19965710234378148,0.27158735247953875,1
1969,2500,seqmar,0.2558505160746848,seq,0.27150518526419326,0.015286901437612813,0.24154340901125856,0.30146696151712793,1
1970,2500,seqmar,0.2558505160746848,full,0.2704428084067846,0.011933576267309808,0.24705342871609542,0.29383218809747375,1
1970,2500,seqmar,0.2558505160746848,cc,0.22419200908848838,0.014737444850187879,0.19530714795797485,0.25307687021900194,0
1970,2500,seqmar,0.2558505160746848,cc_ccproj,0.222130109380263,0.014766652493485823,0.1931880023208122,0.2510722164397138,0
1970,2500,seqmar,0.2558505160746848,seq,0.2589487937615524,0.012924281202337797,0.23361766807890227,0.2842799194442025,1
1971,2500,seqmar,0.2558505160746848,full,0.258369892938449,0.009395057959988512,0.23995591770420513,0.2767838681726928,1
1971,2500,seqmar,0.2558505160746848,cc,0.22043788800596076,0.01617949461858812,0.18872666126546842,0.2521491147464531,0
1971,2500,seqmar,0.2558505160746848,cc_ccproj,0.2213666013721383,0.016029553772634826,0.1899492532895259,0.2527839494547507,0
1971,2500,seqmar,0.2558505160746848,seq,0.24698042850399643,0.01550843624138895,0.21658445201433837,0.2773764049936545,1
1972,2500,seqmar,0.2558505160746848,full,0.2490478562985235,0.009282854275134707,0.2308537962455258,0.26724191635152117,1
1972,2500,seqmar,0.2558505160746848,cc,0.2047364625785422,0.014750679555017687,0.17582566190321622,0.23364726325386817,0
1972,2500,seqmar,0.2558505160746848,cc_ccproj,0.20952689814740053,0.014347345360700654,0.1814066179666694,0.23764717832813165,0
1972,2500,seqmar,0.2558505160746848,seq,0.24220273325055192,0.01540751479193766,0.21200455916708597,0.2724009073340179,1
1973,2500,seqmar,0.2558505160746848,full,0.24591539664127746,0.00841410950047556,0.22942404505836905,0.26240674822418586,1
1973,2500,seqmar,0.2558505160746848,cc,0.20214728700732165,0.010162263912698396,0.18222961573704172,0.2220649582776016,0
1973,2500,seqmar,0.2558505160746848,cc_ccproj,0.2029236365846958,0.010147612055059634,0.18303468242769444,0.22281259074169718,0
1973,2500,seqmar,0.2558505160746848,seq,0.23635977181776852,0.00972066340918095,0.21730762162993753,0.25541192200559953,0
1974,2500,seqmar,0.2558505160746848,full,0.2575590419595798,0.011241006342400066,0.23552707437848935,0.27959100954067023,1
1974,2500,seqmar,0.2558505160746848,cc,0.2682889729282328,0.026223583190855815,0.21689169432856542,0.31968625152790014,1
1974,2500,seqmar,0.2558505160746848,cc_ccproj,0.26754496521290216,0.02620844110405953,0.21617736455800632,0.31891256586779804,1
1974,2500,seqmar,0.2558505160746848,seq,0.2886678100790785,0.019007319247548254,0.25141414891122893,0.32592147124692805,1
1975,2500,seqmar,0.2558505160746848,full,0.27276210435631565,0.009724603889881582,0.25370223096822964,0.29182197774440166,1
1975,2500,seqmar,0.2558505160746848,cc,0.24512599741940252,0.018583197875759447,0.20870359886533277,0.28154839597347225,1
1975,2500,seqmar,0.2558505160746848,cc_ccproj,0.24781960952200252,0.018432889344284217,0.21169181027619333,0.2839474087678117,1
1975,2500,seqmar,0.2558505160746848,seq,0.26674262386787456,0.014830712251740968,0.23767496198938534,0.2958102857463638,1
1976,2500,seqmar,0.2558505160746848,full,0.2565949621271505,0.010032132634058168,0.23693234347626754,0.2762575807780335,1
1976,2500,seqmar,0.2558505160746848,cc,0.21141473764269011,0.015254873058064819,0.18151573586015268,0.24131373942522755,0
1976,2500,seqmar,0.2558505160746848,cc_ccproj,0.2113981512839473,0.015068520907296172,0.18186439300535798,0.2409319095625366,0
1976,2500,seqmar,0.2558505160746848,seq,0.2534909426940134,0.014235313636305688,0.22559024065822234,0.2813916447298045,1
1977,2500,seqmar,0.2558505160746848,full,0.24666267965958763,0.009437816216086622,0.22816489978334975,0.2651604595358255,1
1977,2500,seqmar,0.2558505160746848,cc,0.1865074041797894,0.013528331614464676,0.15999236144452403,0.21302244691505476,0
1977,2500,seqmar,0.2558505160746848,cc_ccproj,0.18813815306808368,0.013227503898659248,0.1622127218213484,0.21406358431481895,0
1977,2500,seqmar,0.2558505160746848,seq,0.2289853053938399,0.013113794090092168,0.20328274127658505,0.2546878695110948,0
1978,2500,seqmar,0.2558505160746848,full,0.24595963068283364,0.011183483067812998,0.22404040664820665,0.26787885471746065,1
1978,2500,seqmar,0.2558505160746848,cc,0.21771142106956204,0.0171091559013798,0.1841780916969767,0.2512447504421474,0
1978,2500,seqmar,0.2558505160746848,cc_ccproj,0.21729704509563816,0.016859646600663653,0.18425274496626426,0.25034134522501206,0
1978,2500,seqmar,0.2558505160746848,seq,0.2589146907855352,0.015860704600162333,0.22782828099978827,0.29000110057128214,1
1979,2500,seqmar,0.2558505160746848,full,0.23979796367452735,0.01423863543747592,0.21189075102807883,0.2677051763209759,1
1979,2500,seqmar,0.2558505160746848,cc,0.2041407101993164,0.015441689815317516,0.1738755543008551,0.2344058660977777,0
1979,2500,seqmar,0.2558505160746848,cc_ccproj,0.2049237108067,0.014958843471585017,0.17560491635202125,0.23424250526137874,0
1979,2500,seqmar,0.2558505160746848,seq,0.2345864474055157,0.011211780914937148,0.21261176060968537,0.2565611342013461,1
1980,2500,seqmar,0.2558505160746848,full,0.25193347114299725,0.01035110286570392,0.23164568232594823,0.27222125996004626,1
1980,2500,seqmar,0.2558505160746848,cc,0.20605757017766926,0.022476732603743294,0.16200398378419523,0.2501111565711433,0
1980,2500,seqmar,0.2558505160746848,cc_ccproj,0.2075812532132041,0.022193352552319738,0.16408308151445733,0.25107942491195084,0
1980,2500,seqmar,0.2558505160746848,seq,0.24946249715261185,0.022410688329003118,0.2055383551590136,0.2933866391462101,1
1981,2500,seqmar,0.2558505160746848,full,0.25988845924187387,0.011128061746293943,0.23807785900139983,0.2816990594823479,1
1981,2500,seqmar,0.2558505160746848,cc,0.22613853330032638,0.011139132840213473,0.2043062341145006,0.24797083248615215,0
1981,2500,seqmar,0.2558505160746848,cc_ccproj,0.22711668498660662,0.011321134569676152,0.20492766896591,0.24930570100730323,0
1981,2500,seqmar,0.2558505160746848,seq,0.2572939546461459,0.012479647050541323,0.2328342958873134,0.2817536134049784,1
1982,2500,seqmar,0.2558505160746848,full,0.24919275062246057,0.008991741753527831,0.231569260627261,0.2668162406176602,1
1982,2500,seqmar,0.2558505160746848,cc,0.21687684770415,0.012374796295772768,0.1926226926484157,0.2411310027598843,0
1982,2500,seqmar,0.2558505160746848,cc_ccproj,0.2211541129651966,0.012396727305448716,0.19685697392035284,0.24545125201004037,0
1982,2500,seqmar,0.2558505160746848,seq,0.2573639982212889,0.011839858475551938,0.23415830202715582,0.280569694415422,1
1983,2500,seqmar,0.2558505160746848,full,0.26025727670222093,0.00970264214999733,0.2412404475333459,0.27927410587109597,1
1983,2500,seqmar,0.2558505160746848,cc,0.2104313704283359,0.012277819377531805,0.18636728663968558,0.23449545421698623,0
1983,2500,seqmar,0.2558505160746848,cc_ccproj,0.2114358052019541,0.012203563740673268,0.18751725978719558,0.23535435061671262,0
1983,2500,seqmar,0.2558505160746848,seq,0.25725808126133604,0.012376059134764784,0.23300145108665912,0.281514711436013,1
1984,2500,seqmar,0.2558505160746848,full,0.2620468863549784,0.013672405812090166,0.23524946338126557,0.28884430932869126,1
1984,2500,seqmar,0.2558505160746848,cc,0.21510856444331566,0.0275939570057032,0.16102540252119069,0.26919172636544064,1
1984,2500,seqmar,0.2558505160746848,cc_ccproj,0.2148933484606783,0.0268847518914597,0.1622002030201222,0.2675864939012344,1
1984,2500,seqmar,0.2558505160746848,seq,0.26953623834416157,0.02068784151573842,0.22898881405544175,0.3100836626328814,1
1985,2500,seqmar,0.2558505160746848,full,0.23725433538261076,0.00932381808042722,0.21897998774657002,0.2555286830186515,0
1985,2500,seqmar,0.2558505160746848,cc,0.20706031741074657,0.012988622156377961,0.1816030857754468,0.23251754904604635,0
1985,2500,seqmar,0.2558505160746848,cc_ccproj,0.20834840050226563,0.013023411279471658,0.18282298343864847,0.2338738175658828,0
1985,2500,seqmar,0.2558505160746848,seq,0.24747073020128516,0.011800444593164525,0.2243422837971223,0.270599176605448,1
1986,2500,seqmar,0.2558505160746848,full,0.26650420876722375,0.010427427069748103,0.24606682725909945,0.28694159027534805,1
1986,2500,seqmar,0.2558505160746848,cc,0.22734938094046,0.020574778010969342,0.18702355704905343,0.2676752048318666,1
1986,2500,seqmar,0.2558505160746848,cc_ccproj,0.23081414928147642,0.020061267294785915,0.19149478789946475,0.2701335106634881,1
1986,2500,seqmar,0.2558505160746848,seq,0.27927652459040897,0.01827894488279587,0.24345045094473633,0.3151025982360816,1
1987,2500,seqmar,0.2558505160746848,full,0.22400536622315156,0.010978711895458104,0.20248748631141222,0.2455232461348909,0
1987,2500,seqmar,0.2558505160746848,cc,0.1673728800427425,0.01646786844524233,0.13509645098792392,0.1996493090975611,0
1987,2500,seqmar,0.2558505160746848,cc_ccproj,0.16800382942438857,0.016120837670481294,0.13640756818962865,0.1996000906591485,0
1987,2500,seqmar,0.2558505160746848,seq,0.2120625269183287,0.019036674343886985,0.17475133081889255,0.24937372301776484,0
1988,2500,seqmar,0.2558505160746848,full,0.25131349574733286,0.009046000233362812,0.2335836610858008,0.2690433304088649,1
1988,2500,seqmar,0.2558505160746848,cc,0.20167843912823377,0.013118215432608637,0.17596720933888332,0.22738966891758422,0
1988,2500,seqmar,0.2558505160746848,cc_ccproj,0.20083612876800183,0.013141726595793468,0.17507881794557448,0.22659343959042919,0
1988,2500,seqmar,0.2558505160746848,seq,0.24973333632547987,0.015391905173772615,0.21956575653142982,0.27990091611952994,1
1989,2500,seqmar,0.2558505160746848,full,0.2607681213405084,0.009028899335420403,0.2430718038230468,0.27846443885797,1
1989,2500,seqmar,0.2558505160746848,cc,0.2154412353148753,0.01476446819666304,0.18650340939852872,0.24437906123122188,0
1989,2500,seqmar,0.2558505160746848,cc_ccproj,0.21582210989209039,0.0144817482393956,0.18743840490969868,0.2442058148744821,0
1989,2500,seqmar,0.2558505160746848,seq,0.2457135779164893,0.01171245077847729,0.22275759621997568,0.2686695596130029,1
1990,2500,seqmar,0.2558505160746848,full,0.26492126726144105,0.007991920896116255,0.2492573901377601,0.280585144385122,1
1990,2500,seqmar,0.2558505160746848,cc,0.22728969294630832,0.011039731619395497,0.2056522165733051,0.24892716931931155,0
1990,2500,seqmar,0.2558505160746848,cc_ccproj,0.22639311620401031,0.010974308361506506,0.2048838670602208,0.24790236534779983,0
1990,2500,seqmar,0.2558505160746848,seq,0.2689848183552533,0.01203834925958518,0.2453900873731519,0.29257954933735464,1
1991,2500,seqmar,0.2558505160746848,full,0.2473798827311957,0.008677772940584383,0.2303717603016341,0.26438800516075733,1
1991,2500,seqmar,0.2558505160746848,cc,0.2129022707861447,0.012601847971949782,0.18820310262247403,0.2376014389498154,0
1991,2500,seqmar,0.2558505160746848,cc_ccproj,0.2121377794220059,0.012651752536919154,0.1873408001083311,0.2369347587356807,0
1991,2500,seqmar,0.2558505160746848,seq,0.24838867344691853,0.012724723963988887,0.22344867276428657,0.27332867412955053,1
1992,2500,seqmar,0.2558505160746848,full,0.24782842621204573,0.00907727404064919,0.23003729601457296,0.2656195564095185,1
1992,2500,seqmar,0.2558505160746848,cc,0.211215779014089,0.011437015452105357,0.18879964063733443,0.23363191739084357,0
1992,2500,seqmar,0.2558505160746848,cc_ccproj,0.20950204721899798,0.011531147847708628,0.18690141273708252,0.23210268170091344,0
1992,2500,seqmar,0.2558505160746848,seq,0.24201940893495774,0.010774250438587471,0.22090226611491143,0.26313655175500406,1
1993,2500,seqmar,0.2558505160746848,full,0.28356842704054913,0.016765039988114436,0.250709552464471,0.31642730161662724,1
1993,2500,seqmar,0.2558505160746848,cc,0.27558179135400546,0.04836328974452349,0.18079148528086408,0.37037209742714683,1
1993,2500,seqmar,0.2558505160746848,cc_ccproj,0.2767214990556395,0.048260292286821965,0.18213306429009224,0.3713099338211867,1
1993,2500,seqmar,0.2558505160746848,seq,0.2918119190370155,0.026898649125141314,0.23909153551895868,0.3445323025550723,1
1994,2500,seqmar,0.2558505160746848,full,0.23548465124579643,0.009251772308328729,0.2173515107283071,0.25361779176328575,0
1994,2500,seqmar,0.2558505160746848,cc,0.19848442432250207,0.011241040199930198,0.17645239038187197,0.22051645826313218,0
1994,2500,seqmar,0.2558505160746848,cc_ccproj,0.1986608565045256,0.011255044238861788,0.17660137515195148,0.22072033785709974,0
1994,2500,seqmar,0.2558505160746848,seq,0.22820242426724074,0.010882767951719519,0.20687259102976374,0.24953225750471775,0
1995,2500,seqmar,0.2558505160746848,full,0.2721951064533584,0.013611550524697234,0.24551695765120457,0.2988732552555123,1
1995,2500,seqmar,0.2558505160746848,cc,0.2757400094991368,0.03953157272266463,0.19825955071048812,0.35322046828778547,1
1995,2500,seqmar,0.2558505160746848,cc_ccproj,0.27913996539623404,0.03950592734206095,0.2017097706299384,0.3565701601625297,1
1995,2500,seqmar,0.2558505160746848,seq,0.28132525228531524,0.02398032479082766,0.23432467935772003,0.3283258252129105,1
1996,2500,seqmar,0.2558505160746848,full,0.26115429735303414,0.008371797728083295,0.24474587532013664,0.27756271938593163,1
1996,2500,seqmar,0.2558505160746848,cc,0.22489809993885532,0.013884304029409933,0.1976853640908075,0.25211083578690313,0
1996,2500,seqmar,0.2558505160746848,cc_ccproj,0.2244389398984488,0.013836435417567934,0.1973200248056012,0.25155785499129635,0
1996,2500,seqmar,0.2558505160746848,seq,0.26191434739063063,0.011650854132972198,0.23907909290087548,0.2847496018803858,1
1997,2500,seqmar,0.2558505160746848,full,0.253462718907931,0.009093814164315072,0.23563917066377324,0.27128626715208876,1
1997,2500,seqmar,0.2558505160746848,cc,0.2274330242589819,0.016209269813855075,0.1956634392081337,0.25920260930983013,1
1997,2500,seqmar,0.2558505160746848,cc_ccproj,0.22965579401933886,0.016050308788652132,0.19819776685283397,0.26111382118584375,1
1997,2500,seqmar,0.2558505160746848,seq,0.2532674799965818,0.022644598052084665,0.20888488337010996,0.2976500766230536,1
1998,2500,seqmar,0.2558505160746848,full,0.2561984651812647,0.010285901623040177,0.23603846845158388,0.27635846191094554,1
1998,2500,seqmar,0.2558505160746848,cc,0.21604114135353192,0.01485336883585669,0.18692907338616319,0.24515320932090065,0
1998,2500,seqmar,0.2558505160746848,cc_ccproj,0.2136430232243365,0.014808488037841808,0.18461892000467436,0.24266712644399865,0
1998,2500,seqmar,0.2558505160746848,seq,0.2516161566826786,0.012776867438082273,0.22657395666879482,0.2766583566965624,1
1999,2500,seqmar,0.2558505160746848,full,0.25013287973247866,0.011298468075038329,0.22798828922492795,0.27227747024002935,1
1999,2500,seqmar,0.2558505160746848,cc,0.20606120341823553,0.020751284849574197,0.16538943248013843,0.24673297435633262,0
1999,2500,seqmar,0.2558505160746848,cc_ccproj,0.20241098676602917,0.019839748351490966,0.16352579453476895,0.2412961789972894,0
1999,2500,seqmar,0.2558505160746848,seq,0.2452285503748979,0.014625998709375348,0.21656211966659292,0.2738949810832029,1
2000,2500,seqmar,0.2558505160746848,full,0.26344522176471,0.01027907062094845,0.24329861355310728,0.28359182997631277,1
2000,2500,seqmar,0.2558505160746848,cc,0.24831401482320112,0.024023782283783594,0.20122826677455385,0.2953997628718484,1
2000,2500,seqmar,0.2558505160746848,cc_ccproj,0.24644511834868063,0.023974370801438008,0.19945621502585348,0.2934340216715078,1
2000,2500,seqmar,0.2558505160746848,seq,0.26208583272136166,0.0181727457160583,0.22646790561768282,0.2977037598250405,1
