replicate,n,scenario,psi,estimator,estimate,se,ci_lo,ci_hi,covered
1,2500,ccmar,0.2558505160746848,full,0.2641893538891112,0.013681493672263711,0.23737411903676167,0.29100458874146073,1
1,2500,ccmar,0.2558505160746848,cc,0.26852999328044735,0.02630115538709596,0.21698067596994763,0.3200793105909471,1
1,2500,ccmar,0.2558505160746848,cc_ccproj,0.2685299932804474,0.026301155387095928,0.21698067596994777,0.3200793105909471,1
1,2500,ccmar,0.2558505160746848,seq,0.26641708694261673,0.025158338809972938,0.21710764896421347,0.31572652492102,1
2,2500,ccmar,0.2558505160746848,full,0.2511625805113823,0.010411714485954288,0.23075599510159792,0.27156916592116664,1
2,2500,ccmar,0.2558505160746848,cc,0.26022402934989747,0.013964012604761657,0.23285506756490126,0.28759299113489367,1
2,2500,ccmar,0.2558505160746848,cc_ccproj,0.2602240293498974,0.013964012604761662,0.2328550675649012,0.2875929911348936,1
2,2500,ccmar,0.2558505160746848,seq,0.26025951977280515,0.013795934253270237,0.233219985503313,0.2872990540422973,1
3,2500,ccmar,0.2558505160746848,full,0.24760716365854232,0.009941308132006901,0.22812255776059365,0.267091769556491,1
3,2500,ccmar,0.2558505160746848,cc,0.24371958418179146,0.014597107084903766,0.21510978001690562,0.2723293883466773,1
3,2500,ccmar,0.2558505160746848,cc_ccproj,0.24371958418179138,0.01459710708490376,0.21510978001690556,0.2723293883466772,1
3,2500,ccmar,0.2558505160746848,seq,0.23961747199920397,0.014161604704492958,0.21186123681510477,0.26737370718330317,1
4,2500,ccmar,0.2558505160746848,full,0.25174815830099584,0.009811683742972453,0.23251761153707268,0.270978705064919,1
4,2500,ccmar,0.2558505160746848,cc,0.2457414215801191,0.013134950306416733,0.21999739204081897,0.27148545111941924,1
4,2500,ccmar,0.2558505160746848,cc_ccproj,0.2457414215801191,0.01313495030641672,0.219997392040819,0.27148545111941924,1
4,2500,ccmar,0.2558505160746848,seq,0.24250738521531184,0.012769250129389087,0.21748011485212582,0.26753465557849787,1
5,2500,ccmar,0.2558505160746848,full,0.2408560290847,0.010913659534563325,0.2194656494574237,0.2622464087119763,1
5,2500,ccmar,0.2558505160746848,cc,0.2370880866701348,0.014886425478808979,0.2079112288731298,0.26626494446713983,1
5,2500,ccmar,0.2558505160746848,cc_ccproj,0.23708808667013487,0.014886425478808975,0.20791122887312985,0.2662649444671399,1
5,2500,ccmar,0.2558505160746848,seq,0.24478609673443238,0.014230842736227852,0.21689415750177235,0.2726780359670924,1
6,2500,ccmar,0.2558505160746848,full,0.24915433237690085,0.010804332117508903,0.22797823054957403,0.2703304342042277,1
6,2500,ccmar,0.2558505160746848,cc,0.24162633083572427,0.02360658577607322,0.19535827291666524,0.2878943887547833,1
6,2500,ccmar,0.2558505160746848,cc_ccproj,0.24162633083572418,0.023606585776073222,0.19535827291666513,0.28789438875478324,1
6,2500,ccmar,0.2558505160746848,seq,0.24081425252461353,0.02379791262394828,0.1941712008744438,0.28745730417478327,1
7,2500,ccmar,0.2558505160746848,full,0.25700483185266226,0.00970179774133777,0.23798965769434818,0.2760200060109763,1
7,2500,ccmar,0.2558505160746848,cc,0.2807266674755247,0.01681150005322695,0.2477767328451067,0.3136766021059427,1
7,2500,ccmar,0.2558505160746848,cc_ccproj,0.2807266674755248,0.016811500053226965,0.24777673284510676,0.3136766021059429,1
7,2500,ccmar,0.2558505160746848,seq,0.27834542868945467,0.016340723306029026,0.2463181995283035,0.31037265785060586,1
8,2500,ccmar,0.2558505160746848,full,0.25628112497116795,0.011175810060237646,0.23437693975504176,0.27818531018729414,1
8,2500,ccmar,0.2558505160746848,cc,0.272960570766926,0.015899727351171254,0.24179767779462388,0.30412346373922805,1
8,2500,ccmar,0.2558505160746848,cc_ccproj,0.2729605707669261,0.01589972735117126,0.241797677794624,0.3041234637392282,1
8,2500,ccmar,0.2558505160746848,seq,0.2679212572194513,0.015511648525687777,0.23751898476825944,0.2983235296706432,1
9,2500,ccmar,0.2558505160746848,full,0.26888153325143704,0.00926656269042783,0.2507194041177159,0.28704366238515816,1
9,2500,ccmar,0.2558505160746848,cc,0.268703585506022,0.011878077767532365,0.24542298087609266,0.2919841901359514,1
9,2500,ccmar,0.2558505160746848,cc_ccproj,0.2687035855060221,0.011878077767532367,0.2454229808760927,0.29198419013595145,1
9,2500,ccmar,0.2558505160746848,seq,0.2716091727940087,0.011413728068718133,0.24923867684998724,0.29397966873803016,1
10,2500,ccmar,0.2558505160746848,full,0.2480881634461918,0.009614417781196753,0.22924425086272468,0.26693207602965896,1
10,2500,ccmar,0.2558505160746848,cc,0.25280472055359904,0.012364239531070697,0.22857125637647407,0.277038184730724,1
10,2500,ccmar,0.2558505160746848,cc_ccproj,0.2528047205535988,0.012364239531070697,0.22857125637647385,0.2770381847307238,1
10,2500,ccmar,0.2558505160746848,seq,0.2451251284103144,0.01225738685850957,0.22110109162306107,0.2691491651975677,1
11,2500,ccmar,0.2558505160746848,full,0.25763848175980986,0.009327108688765321,0.23935768464993923,0.2759192788696805,1
11,2500,ccmar,0.2558505160746848,cc,0.22582193922604102,0.014181900251652441,0.19802592550046272,0.2536179529516193,0
11,2500,ccmar,0.2558505160746848,cc_ccproj,0.22582193922604094,0.014181900251652451,0.1980259255004626,0.25361795295161926,0
11,2500,ccmar,0.2558505160746848,seq,0.22569452562356845,0.013936363732065488,0.19837975463326987,0.253009296613867,0
12,2500,ccmar,0.2558505160746848,full,0.2524320388177307,0.011241809296542055,0.2303984974754407,0.27446558016002065,1
12,2500,ccmar,0.2558505160746848,cc,0.2670736787358375,0.024264183406736792,0.21951675314435898,0.314630604327316,1
12,2500,ccmar,0.2558505160746848,cc_ccproj,0.2670736787358377,0.024264183406736792,0.2195167531443592,0.3146306043273162,1
12,2500,ccmar,0.2558505160746848,seq,0.269064486684476,0.024179834175587035,0.2216728825481747,0.31645609082077736,1
13,2500,ccmar,0.2558505160746848,full,0.2527752837492756,0.009787297482790672,0.23359253317702636,0.2719580343215249,1
13,2500,ccmar,0.2558505160746848,cc,0.24738975821376671,0.013395168377247767,0.22113571062751125,0.2736438058000222,1
13,2500,ccmar,0.2558505160746848,cc_ccproj,0.24738975821376663,0.013395168377247767,0.22113571062751117,0.2736438058000221,1
13,2500,ccmar,0.2558505160746848,seq,0.2490024821010138,0.013199694200519222,0.2231315568610539,0.2748734073409737,1
14,2500,ccmar,0.2558505160746848,full,0.2525440761673158,0.010466214939639309,0.23203067183116768,0.2730574805034639,1
14,2500,ccmar,0.2558505160746848,cc,0.22900732791761494,0.01938868388616644,0.19100620579309663,0.26700845004213325,1
14,2500,ccmar,0.2558505160746848,cc_ccproj,0.22900732791761502,0.01938868388616644,0.1910062057930967,0.26700845004213336,1
14,2500,ccmar,0.2558505160746848,seq,0.2291959705822122,0.018680453981129694,0.19258295356434013,0.26580898760008426,1
15,2500,ccmar,0.2558505160746848,full,0.25174208543784915,0.008441743853575366,0.23519657151812906,0.26828759935756924,1
15,2500,ccmar,0.2558505160746848,cc,0.23770195697334376,0.009280442631114055,0.21951262365577007,0.25589129029091745,1
15,2500,ccmar,0.2558505160746848,cc_ccproj,0.23770195697334365,0.009280442631114055,0.21951262365576996,0.25589129029091734,1
15,2500,ccmar,0.2558505160746848,seq,0.23403654829305587,0.008968685232576497,0.2164582482485297,0.251614848337582,0
16,2500,ccmar,0.2558505160746848,full,0.2554971399385107,0.009656655541150793,0.236570442866746,0.2744238370102754,1
16,2500,ccmar,0.2558505160746848,cc,0.2692268487181541,0.02441704599360767,0.22137031796182505,0.3170833794744832,1
16,2500,ccmar,0.2558505160746848,cc_ccproj,0.26922684871815417,0.02441704599360767,0.2213703179618251,0.31708337947448323,1
16,2500,ccmar,0.2558505160746848,seq,0.27056564687768464,0.024274627123893864,0.22298825197671354,0.3181430417786557,1
17,2500,ccmar,0.2558505160746848,full,0.2722023436427142,0.00989322707567814,0.2528119748835085,0.29159271240191986,1
17,2500,ccmar,0.2558505160746848,cc,0.2625443665930947,0.017498467482570786,0.2282480005426107,0.29684073264357874,1
17,2500,ccmar,0.2558505160746848,cc_ccproj,0.2625443665930946,0.017498467482570793,0.22824800054261057,0.29684073264357863,1
17,2500,ccmar,0.2558505160746848,seq,0.2625949828675757,0.017229139056617448,0.2288264908319731,0.2963634749031783,1
18,2500,ccmar,0.2558505160746848,full,0.2471005308262294,0.009727208997187084,0.22803555152164873,0.2661655101308101,1
18,2500,ccmar,0.2558505160746848,cc,0.2524402200211859,0.014671308329297361,0.22368498408968054,0.28119545595269124,1
18,2500,ccmar,0.2558505160746848,cc_ccproj,0.2524402200211857,0.01467130832929737,0.22368498408968035,0.2811954559526911,1
18,2500,ccmar,0.2558505160746848,seq,0.25796103715679003,0.01421849244821225,0.2300933040438393,0.2858287702697408,1
19,2500,ccmar,0.2558505160746848,full,0.24557899301709613,0.01333073307552089,0.2194512363015583,0.2717067497326339,1
19,2500,ccmar,0.2558505160746848,cc,0.24897046287390423,0.01385287232595376,0.22181933203260326,0.2761215937152052,1
19,2500,ccmar,0.2558505160746848,cc_ccproj,0.2489704628739043,0.013852872325953756,0.22181933203260334,0.2761215937152053,1
19,2500,ccmar,0.2558505160746848,seq,0.25160877171791235,0.01344100673734896,0.22526488259674818,0.27795266083907655,1
20,2500,ccmar,0.2558505160746848,full,0.24593605277176783,0.009983326509552984,0.22636909236714,0.26550301317639563,1
20,2500,ccmar,0.2558505160746848,cc,0.23499548188948333,0.01411900396981355,0.20732274261107073,0.26266822116789595,1
20,2500,ccmar,0.2558505160746848,cc_ccproj,0.23499548188948358,0.014119003969813535,0.207322742611071,0.2626682211678962,1
20,2500,ccmar,0.2558505160746848,seq,0.23816892286860267,0.013240591445858334,0.2122178405007112,0.26412000523649415,1
21,2500,ccmar,0.2558505160746848,full,0.23503537035409744,0.02112325957150502,0.19363454235785663,0.2764361983503383,1
21,2500,ccmar,0.2558505160746848,cc,0.2524165761368271,0.016987548973232278,0.21912159196368147,0.28571156030997275,1
21,2500,ccmar,0.2558505160746848,cc_ccproj,0.2524165761368272,0.016987548973232278,0.21912159196368158,0.28571156030997286,1
21,2500,ccmar,0.2558505160746848,seq,0.251904304934613,0.016379739263379788,0.219800605902232,0.28400800396699405,1
22,2500,ccmar,0.2558505160746848,full,0.27191183738025304,0.012312414241772476,0.24777994890364094,0.2960437258568651,1
22,2500,ccmar,0.2558505160746848,cc,0.3195879028064468,0.0355330426219965,0.24994441900620695,0.3892313866066866,1
22,2500,ccmar,0.2558505160746848,cc_ccproj,0.3195879028064467,0.0355330426219965,0.2499444190062069,0.38923138660668655,1
22,2500,ccmar,0.2558505160746848,seq,0.31002909096538334,0.035164742190321195,0.24110746274671765,0.378950719184049,1
23,2500,ccmar,0.2558505160746848,full,0.2611640967820036,0.008901166077738438,0.24371813184922658,0.2786100617147806,1
23,2500,ccmar,0.2558505160746848,cc,0.24875273691564953,0.015995073064998824,0.21740296977816514,0.2801025040531339,1
23,2500,ccmar,0.2558505160746848,cc_ccproj,0.24875273691564967,0.015995073064998824,0.21740296977816528,0.2801025040531341,1
23,2500,ccmar,0.2558505160746848,seq,0.24357490560292552,0.01550367598086495,0.21318825905245153,0.2739615521533995,1
24,2500,ccmar,0.2558505160746848,full,0.2734427722670742,0.008632620915610342,0.25652314618029076,0.29036239835385763,0
24,2500,ccmar,0.2558505160746848,cc,0.25690299585290344,0.010460824804523204,0.2364001559874547,0.27740583571835215,1
24,2500,ccmar,0.2558505160746848,cc_ccproj,0.2569029958529034,0.01046082480452321,0.23640015598745465,0.27740583571835215,1
24,2500,ccmar,0.2558505160746848,seq,0.25636506947155824,0.010135863619079867,0.2364991418259519,0.2762309971171646,1
25,2500,ccmar,0.2558505160746848,full,0.24722817937901645,0.010597789186585596,0.22645689425756066,0.26799946450047224,1
25,2500,ccmar,0.2558505160746848,cc,0.22734220169096644,0.015573143438352977,0.19681940142571835,0.25786500195621453,1
25,2500,ccmar,0.2558505160746848,cc_ccproj,0.2273422016909664,0.015573143438352982,0.19681940142571827,0.2578650019562145,1
25,2500,ccmar,0.2558505160746848,seq,0.23336885561602816,0.014923679898858375,0.20411898049746138,0.2626187307345949,1
26,2500,ccmar,0.2558505160746848,full,0.2531067508635944,0.00948343254022126,0.23451956463494555,0.27169393709224327,1
26,2500,ccmar,0.2558505160746848,cc,0.2517029739808064,0.0118793325412391,0.22841991003960307,0.2749860379220097,1
26,2500,ccmar,0.2558505160746848,cc_ccproj,0.25170297398080627,0.011879332541239098,0.22841991003960296,0.2749860379220096,1
26,2500,ccmar,0.2558505160746848,seq,0.25432714426627956,0.011471663682304081,0.23184309660620742,0.2768111919263517,1
27,2500,ccmar,0.2558505160746848,full,0.25983217022153965,0.009868947060934101,0.2404893894167764,0.2791749510263029,1
27,2500,ccmar,0.2558505160746848,cc,0.23727609590977564,0.021982894387947684,0.1941904146334505,0.2803617771861008,1
27,2500,ccmar,0.2558505160746848,cc_ccproj,0.23727609590977572,0.021982894387947663,0.19419041463345063,0.28036177718610084,1
27,2500,ccmar,0.2558505160746848,seq,0.23995690319891713,0.02107590769708398,0.19864888317114202,0.2812649232266922,1
28,2500,ccmar,0.2558505160746848,full,0.2551999783244481,0.010630748996567485,0.2343640931624905,0.2760358634864057,1
28,2500,ccmar,0.2558505160746848,cc,0.27339466800198536,0.017717061763819545,0.23866986503302737,0.3081194709709434,1
28,2500,ccmar,0.2558505160746848,cc_ccproj,0.27339466800198514,0.017717061763819552,0.23866986503302712,0.30811947097094317,1
28,2500,ccmar,0.2558505160746848,seq,0.27418082153992734,0.01765664035326746,0.23957444235954656,0.30878720072030813,1
29,2500,ccmar,0.2558505160746848,full,0.2615650878585855,0.012160942678615725,0.23773007819044265,0.2854000975267284,1
29,2500,ccmar,0.2558505160746848,cc,0.2776117551456556,0.026698886647190456,0.22528289888984496,0.32994061140146624,1
29,2500,ccmar,0.2558505160746848,cc_ccproj,0.27761175514565567,0.026698886647190445,0.22528289888984504,0.3299406114014663,1
29,2500,ccmar,0.2558505160746848,seq,0.2783758344193567,0.025717172238561282,0.22797110304756327,0.3287805657911501,1
30,2500,ccmar,0.2558505160746848,full,0.24346498508601552,0.011156354923317499,0.2215989312375671,0.2653310389344639,1
30,2500,ccmar,0.2558505160746848,cc,0.2396445894844129,0.012005269678436742,0.21611469328998612,0.26317448567883966,1
30,2500,ccmar,0.2558505160746848,cc_ccproj,0.23964458948441278,0.012005269678436736,0.21611469328998603,0.26317448567883955,1
30,2500,ccmar,0.2558505160746848,seq,0.23835367444471903,0.01163298030115873,0.215553452021584,0.26115389686785406,1
31,2500,ccmar,0.2558505160746848,full,0.27678752171871174,0.009765880561181122,0.25764674754147693,0.29592829589594655,0
31,2500,ccmar,0.2558505160746848,cc,0.26232202751798595,0.017085058088757047,0.2288359289902474,0.2958081260457245,1
31,2500,ccmar,0.2558505160746848,cc_ccproj,0.26232202751798595,0.017085058088757033,0.22883592899024743,0.2958081260457245,1
31,2500,ccmar,0.2558505160746848,seq,0.261885242453057,0.01600025322688433,0.23052532238484294,0.2932451625212711,1
32,2500,ccmar,0.2558505160746848,full,0.246603943378124,0.00878111397605914,0.22939327624090677,0.2638146105153412,1
32,2500,ccmar,0.2558505160746848,cc,0.24957266225876445,0.0154617809476619,0.21926812846449956,0.27987719605302935,1
32,2500,ccmar,0.2558505160746848,cc_ccproj,0.24957266225876457,0.01546178094766189,0.21926812846449967,0.27987719605302946,1
32,2500,ccmar,0.2558505160746848,seq,0.24830207590347342,0.014851238822718788,0.21919418268514157,0.27740996912180527,1
33,2500,ccmar,0.2558505160746848,full,0.2547651970191626,0.00995154675884874,0.2352605237813528,0.27426987025697247,1
33,2500,ccmar,0.2558505160746848,cc,0.26963002855454404,0.014443798132054757,0.24132070441574982,0.29793935269333827,1
33,2500,ccmar,0.2558505160746848,cc_ccproj,0.269630028554544,0.014443798132054762,0.24132070441574974,0.2979393526933382,1
33,2500,ccmar,0.2558505160746848,seq,0.270733196040498,0.014237988238423625,0.2428272518808828,0.2986391402001132,1
34,2500,ccmar,0.2558505160746848,full,0.2840059160790723,0.008794868335015794,0.26676829089366955,0.301243541264475,0
34,2500,ccmar,0.2558505160746848,cc,0.29420854707494976,0.018255441116792722,0.2584285399641444,0.3299885541857551,0
34,2500,ccmar,0.2558505160746848,cc_ccproj,0.2942085470749498,0.01825544111679272,0.25842853996414444,0.3299885541857552,0
34,2500,ccmar,0.2558505160746848,seq,0.2957386206630483,0.018018999472980506,0.2604220306585603,0.3310552106675363,0
35,2500,ccmar,0.2558505160746848,full,0.2668208065298021,0.008749819811680644,0.249671474827693,0.2839701382319112,1
35,2500,ccmar,0.2558505160746848,cc,0.24980473311209753,0.013006129582966177,0.22431318755122287,0.2752962786729722,1
35,2500,ccmar,0.2558505160746848,cc_ccproj,0.24980473311209753,0.013006129582966184,0.22431318755122284,0.2752962786729722,1
35,2500,ccmar,0.2558505160746848,seq,0.25556750545039314,0.012791917429552779,0.2304958079952595,0.2806392029055268,1
36,2500,ccmar,0.2558505160746848,full,0.2572291846593522,0.009873543820621784,0.2378773943711555,0.2765809749475489,1
36,2500,ccmar,0.2558505160746848,cc,0.23527069162706793,0.01459183123758575,0.20667122793291334,0.26387015532122254,1
36,2500,ccmar,0.2558505160746848,cc_ccproj,0.23527069162706785,0.014591831237585751,0.20667122793291326,0.26387015532122243,1
36,2500,ccmar,0.2558505160746848,seq,0.23724393490402662,0.01419221976901005,0.20942769529608957,0.2650601745119637,1
37,2500,ccmar,0.2558505160746848,full,0.2736527410914583,0.010421947675431571,0.2532260989988515,0.2940793831840651,1
37,2500,ccmar,0.2558505160746848,cc,0.2852138359946523,0.01781766731464038,0.25029184976944063,0.3201358222198639,1
37,2500,ccmar,0.2558505160746848,cc_ccproj,0.28521383599465233,0.01781766731464038,0.2502918497694407,0.320135822219864,1
37,2500,ccmar,0.2558505160746848,seq,0.28788960622000864,0.017803337035446086,0.2529957068259062,0.32278350561411107,1
38,2500,ccmar,0.2558505160746848,full,0.2516220802620046,0.009131453725382838,0.23372475983376015,0.2695194006902491,1
38,2500,ccmar,0.2558505160746848,cc,0.25210798543014307,0.01547100740837622,0.22178536810517333,0.28243060275511284,1
38,2500,ccmar,0.2558505160746848,cc_ccproj,0.25210798543014334,0.015471007408376211,0.2217853681051736,0.28243060275511306,1
38,2500,ccmar,0.2558505160746848,seq,0.2552369052558135,0.015064890098093184,0.22571026323249677,0.2847635472791302,1
39,2500,ccmar,0.2558505160746848,full,0.25182133940724954,0.009784936532851406,0.23264321621185055,0.2709994626026485,1
39,2500,ccmar,0.2558505160746848,cc,0.24725850934730778,0.01983823295161173,0.20837628724523305,0.2861407314493825,1
39,2500,ccmar,0.2558505160746848,cc_ccproj,0.24725850934730792,0.019838232951611735,0.2083762872452332,0.2861407314493827,1
39,2500,ccmar,0.2558505160746848,seq,0.25055333112917094,0.019008733773215138,0.2132968975419591,0.28780976471638275,1
40,2500,ccmar,0.2558505160746848,full,0.24106708461566742,0.012721952489169597,0.21613251592386531,0.2660016533074695,1
40,2500,ccmar,0.2558505160746848,cc,0.25019707690531934,0.013199753565113265,0.22432603531289316,0.27606811849774554,1
40,2500,ccmar,0.2558505160746848,cc_ccproj,0.25019707690531934,0.013199753565113277,0.22432603531289314,0.27606811849774554,1
40,2500,ccmar,0.2558505160746848,seq,0.24447570756436343,0.013149876658095572,0.21870242291335218,0.2702489922153747,1
41,2500,ccmar,0.2558505160746848,full,0.26024913471636557,0.012769641897632364,0.23522109650153242,0.2852771729311987,1
41,2500,ccmar,0.2558505160746848,cc,0.26273167959810545,0.017249497661977684,0.22892328542922133,0.2965400737669896,1
41,2500,ccmar,0.2558505160746848,cc_ccproj,0.2627316795981053,0.017249497661977697,0.22892328542922113,0.29654007376698943,1
41,2500,ccmar,0.2558505160746848,seq,0.2618152612084291,0.016830258550772515,0.22882856059841766,0.2948019618184405,1
42,2500,ccmar,0.2558505160746848,full,0.24321364439462695,0.012189845863113837,0.21932198552582927,0.26710530326342463,1
42,2500,ccmar,0.2558505160746848,cc,0.24452597840146728,0.016245709230962354,0.21268497340547116,0.2763669833974634,1
42,2500,ccmar,0.2558505160746848,cc_ccproj,0.24452597840146728,0.01624570923096236,0.21268497340547116,0.2763669833974634,1
42,2500,ccmar,0.2558505160746848,seq,0.24687896354868857,0.016143888010340415,0.21523752447797337,0.2785204026194038,1
43,2500,ccmar,0.2558505160746848,full,0.2552172763840604,0.008561224316746394,0.23843758505966892,0.27199696770845183,1
43,2500,ccmar,0.2558505160746848,cc,0.2655843907172207,0.014238830704034113,0.23767679535535072,0.29349198607909066,1
43,2500,ccmar,0.2558505160746848,cc_ccproj,0.2655843907172208,0.014238830704034113,0.23767679535535083,0.29349198607909077,1
43,2500,ccmar,0.2558505160746848,seq,0.2619076746899009,0.01347512832081359,0.23549690849405056,0.2883184408857512,1
44,2500,ccmar,0.2558505160746848,full,0.25924954935913974,0.010055116018079797,0.23954188410333155,0.27895721461494793,1
44,2500,ccmar,0.2558505160746848,cc,0.25116736520630345,0.015231665616592529,0.22131384917322502,0.2810208812393819,1
44,2500,ccmar,0.2558505160746848,cc_ccproj,0.2511673652063033,0.015231665616592527,0.22131384917322486,0.28102088123938174,1
44,2500,ccmar,0.2558505160746848,seq,0.24358345618617647,0.014599500317038572,0.21496896137249977,0.27219795099985317,1
45,2500,ccmar,0.2558505160746848,full,0.2599489115193288,0.011519414775968026,0.23737127343545295,0.28252654960320467,1
45,2500,ccmar,0.2558505160746848,cc,0.26534285840865357,0.027223106487843242,0.21198655014518214,0.318699166672125,1
45,2500,ccmar,0.2558505160746848,cc_ccproj,0.2653428584086534,0.02722310648784324,0.21198655014518197,0.31869916667212483,1
45,2500,ccmar,0.2558505160746848,seq,0.2643622146478765,0.027231608237411952,0.21098924326144483,0.3177351860343082,1
46,2500,ccmar,0.2558505160746848,full,0.23024178952735203,0.009956255112603589,0.2107278880857562,0.24975569096894784,0
46,2500,ccmar,0.2558505160746848,cc,0.23499383169724727,0.017790481735019858,0.2001251282289907,0.26986253516550385,1
46,2500,ccmar,0.2558505160746848,cc_ccproj,0.23499383169724752,0.017790481735019834,0.200125128228991,0.26986253516550407,1
46,2500,ccmar,0.2558505160746848,seq,0.23866622772607007,0.01717844398043034,0.2049970962139877,0.27233535923815244,1
47,2500,ccmar,0.2558505160746848,full,0.2518040935258612,0.009323593672209217,0.23353018572184558,0.2700780013298768,1
47,2500,ccmar,0.2558505160746848,cc,0.25403352489022296,0.013134140951745204,0.22829108165692974,0.2797759681235162,1
47,2500,ccmar,0.2558505160746848,cc_ccproj,0.25403352489022274,0.013134140951745213,0.2282910816569295,0.27977596812351596,1
47,2500,ccmar,0.2558505160746848,seq,0.25188732220431037,0.012913482423087309,0.2265773617400682,0.27719728266855254,1
48,2500,ccmar,0.2558505160746848,full,0.26099180253255544,0.009556953427479887,0.24226051801276824,0.27972308705234267,1
48,2500,ccmar,0.2558505160746848,cc,0.23869225704004385,0.01187311192085689,0.21542138529075117,0.26196312878933653,1
48,2500,ccmar,0.2558505160746848,cc_ccproj,0.23869225704004385,0.011873111920856891,0.21542138529075117,0.26196312878933653,1
48,2500,ccmar,0.2558505160746848,seq,0.24158815101215006,0.0114890021721634,0.21907012053640734,0.2641061814878928,1
49,2500,ccmar,0.2558505160746848,full,0.2659550720313229,0.010936567542068874,0.24451979353437817,0.2873903505282676,1
49,2500,ccmar,0.2558505160746848,cc,0.27646130274658653,0.014491073255718443,0.2480593210680468,0.3048632844251263,1
49,2500,ccmar,0.2558505160746848,cc_ccproj,0.2764613027465867,0.014491073255718436,0.24805932106804698,0.30486328442512645,1
49,2500,ccmar,0.2558505160746848,seq,0.2784511930158182,0.013891347716271332,0.2512246517952037,0.30567773423643274,1
50,2500,ccmar,0.2558505160746848,full,0.24740769506442092,0.010806838125521214,0.226226681551645,0.26858870857719686,1
50,2500,ccmar,0.2558505160746848,cc,0.24045267535403714,0.015466257380214208,0.2101393679131905,0.2707659827948838,1
50,2500,ccmar,0.2558505160746848,cc_ccproj,0.24045267535403692,0.01546625738021421,0.21013936791319027,0.27076598279488356,1
50,2500,ccmar,0.2558505160746848,seq,0.24071076300855385,0.014919721113068218,0.2114686469675583,0.2699528790495494,1
51,2500,ccmar,0.2558505160746848,full,0.25912958186033264,0.009696922176462243,0.24012396363357888,0.27813520008708636,1
51,2500,ccmar,0.2558505160746848,cc,0.25541017911007147,0.015275895420223307,0.22546997425483342,0.2853503839653095,1
51,2500,ccmar,0.2558505160746848,cc_ccproj,0.2554101791100713,0.015275895420223293,0.22546997425483328,0.2853503839653093,1
51,2500,ccmar,0.2558505160746848,seq,0.25428286259656413,0.014523185211940091,0.22581794264035684,0.28274778255277144,1
52,2500,ccmar,0.2558505160746848,full,0.24529381956555957,0.009744483466586192,0.2261949829231046,0.2643926562080145,1
52,2500,ccmar,0.2558505160746848,cc,0.24660789633620953,0.015589163779487025,0.21605369677931865,0.2771620958931004,1
52,2500,ccmar,0.2558505160746848,cc_ccproj,0.24660789633620944,0.015589163779487032,0.21605369677931854,0.2771620958931003,1
52,2500,ccmar,0.2558505160746848,seq,0.24983617921427667,0.015317099777767441,0.21981521530224601,0.27985714312630733,1
53,2500,ccmar,0.2558505160746848,full,0.23983088157824714,0.009024747756223564,0.2221427010064903,0.257519062150004,1
53,2500,ccmar,0.2558505160746848,cc,0.24165542842349577,0.013166012438771973,0.21585051822349635,0.2674603386234952,1
53,2500,ccmar,0.2558505160746848,cc_ccproj,0.24165542842349597,0.013166012438771973,0.21585051822349655,0.2674603386234954,1
53,2500,ccmar,0.2558505160746848,seq,0.24221893189601706,0.012786452153929515,0.21715794618427062,0.2672799176077635,1
54,2500,ccmar,0.2558505160746848,full,0.2582340009319401,0.010870388849500373,0.2369284302889736,0.2795395715749066,1
54,2500,ccmar,0.2558505160746848,cc,0.2740478057236076,0.0261503798760292,0.22279400298454938,0.3253016084626658,1
54,2500,ccmar,0.2558505160746848,cc_ccproj,0.27404780572360743,0.02615037987602921,0.22279400298454918,0.3253016084626657,1
54,2500,ccmar,0.2558505160746848,seq,0.27280725850221504,0.02605752701004966,0.22173544403633805,0.32387907296809204,1
55,2500,ccmar,0.2558505160746848,full,0.25560370129119686,0.008404911505602542,0.23913037744696955,0.27207702513542414,1
55,2500,ccmar,0.2558505160746848,cc,0.25315131351887005,0.011043854753703272,0.23150575595112016,0.27479687108661993,1
55,2500,ccmar,0.2558505160746848,cc_ccproj,0.25315131351887005,0.011043854753703277,0.23150575595112016,0.27479687108661993,1
55,2500,ccmar,0.2558505160746848,seq,0.25191638965573204,0.010658614505591232,0.23102588909967703,0.27280689021178706,1
56,2500,ccmar,0.2558505160746848,full,0.2617557656621228,0.009634307050017686,0.24287287082808778,0.28063866049615777,1
56,2500,ccmar,0.2558505160746848,cc,0.25132748708487596,0.01176620374313029,0.2282661515135802,0.2743888226561717,1
56,2500,ccmar,0.2558505160746848,cc_ccproj,0.25132748708487596,0.011766203743130301,0.2282661515135802,0.2743888226561717,1
56,2500,ccmar,0.2558505160746848,seq,0.2541955769449782,0.011410786871969593,0.23183084564065531,0.27656030824930106,1
57,2500,ccmar,0.2558505160746848,full,0.25701635220919145,0.012291247571283496,0.23292594964441038,0.2811067547739725,1
57,2500,ccmar,0.2558505160746848,cc,0.2477334691457065,0.011468090060326806,0.22525642565600418,0.2702105126354088,1
57,2500,ccmar,0.2558505160746848,cc_ccproj,0.24773346914570657,0.011468090060326817,0.22525642565600423,0.2702105126354089,1
57,2500,ccmar,0.2558505160746848,seq,0.25016356999254724,0.011419720866955172,0.22778132837981457,0.2725458116052799,1
58,2500,ccmar,0.2558505160746848,full,0.2666266962661928,0.009615969067696836,0.2477797432170558,0.2854736493153298,1
58,2500,ccmar,0.2558505160746848,cc,0.25020827247829525,0.011580990063196482,0.2275099490491139,0.27290659590747657,1
58,2500,ccmar,0.2558505160746848,cc_ccproj,0.25020827247829525,0.011580990063196477,0.2275099490491139,0.27290659590747657,1
58,2500,ccmar,0.2558505160746848,seq,0.25557012409612373,0.01136290733556128,0.23329923495875762,0.2778410132334898,1
59,2500,ccmar,0.2558505160746848,full,0.25320346486670686,0.009401927596565563,0.23477602539218512,0.2716309043412286,1
59,2500,ccmar,0.2558505160746848,cc,0.25458942709732385,0.014186042252006613,0.22678529520022742,0.2823935589944203,1
59,2500,ccmar,0.2558505160746848,cc_ccproj,0.25458942709732374,0.014186042252006622,0.22678529520022728,0.2823935589944202,1
59,2500,ccmar,0.2558505160746848,seq,0.25533246930365106,0.014259365366642917,0.22738462674263316,0.28328031186466895,1
60,2500,ccmar,0.2558505160746848,full,0.2552142191343162,0.010265065809029613,0.23509505984968465,0.2753333784189477,1
60,2500,ccmar,0.2558505160746848,cc,0.2505773364181427,0.018493692578454197,0.2143303650232168,0.28682430781306867,1
60,2500,ccmar,0.2558505160746848,cc_ccproj,0.2505773364181426,0.018493692578454183,0.21433036502321673,0.2868243078130685,1
60,2500,ccmar,0.2558505160746848,seq,0.2515107199294044,0.01793939478303007,0.2163501522502197,0.28667128760858906,1
61,2500,ccmar,0.2558505160746848,full,0.26798784481486754,0.008996316883117765,0.2503553877304471,0.285620301899288,1
61,2500,ccmar,0.2558505160746848,cc,0.2717435203998601,0.014536204834714479,0.24325308245192273,0.3002339583477975,1
61,2500,ccmar,0.2558505160746848,cc_ccproj,0.27174352039986016,0.014536204834714479,0.2432530824519228,0.30023395834779754,1
61,2500,ccmar,0.2558505160746848,seq,0.2648899360521681,0.014126664354667832,0.23720218269533339,0.2925776894090028,1
62,2500,ccmar,0.2558505160746848,full,0.2638331818082058,0.009018668311008546,0.2461569167301164,0.28150944688629526,1
62,2500,ccmar,0.2558505160746848,cc,0.25525745983544934,0.014851105006691267,0.22614982889171198,0.2843650907791867,1
62,2500,ccmar,0.2558505160746848,cc_ccproj,0.25525745983544945,0.01485110500669128,0.22614982889171206,0.2843650907791868,1
62,2500,ccmar,0.2558505160746848,seq,0.2542277986047816,0.014379288472720535,0.2260449110749374,0.28241068613462583,1
63,2500,ccmar,0.2558505160746848,full,0.2498290425359348,0.009240491363366804,0.23171801226428243,0.26794007280758714,1
63,2500,ccmar,0.2558505160746848,cc,0.2272904111751986,0.016315073653286553,0.19531345440963863,0.25926736794075855,1
63,2500,ccmar,0.2558505160746848,cc_ccproj,0.22729041117519874,0.01631507365328653,0.19531345440963882,0.25926736794075866,1
63,2500,ccmar,0.2558505160746848,seq,0.229618146189269,0.01570259024253606,0.19884163484990827,0.2603946575286298,1
64,2500,ccmar,0.2558505160746848,full,0.2626053147460575,0.008198359566397908,0.2465368252636082,0.27867380422850685,1
64,2500,ccmar,0.2558505160746848,cc,0.2700627109994576,0.013100415931422273,0.24438636759137522,0.29573905440754,1
64,2500,ccmar,0.2558505160746848,cc_ccproj,0.270062710999458,0.013100415931422256,0.24438636759137564,0.2957390544075404,1
64,2500,ccmar,0.2558505160746848,seq,0.2731942626386262,0.012299094577072288,0.2490884802251126,0.29730004505213975,1
65,2500,ccmar,0.2558505160746848,full,0.28084312331212397,0.013947015611214957,0.25350747502232474,0.3081787716019232,1
65,2500,ccmar,0.2558505160746848,cc,0.26115612190011245,0.01623878492720531,0.22932868829009817,0.2929835555101267,1
65,2500,ccmar,0.2558505160746848,cc_ccproj,0.2611561219001124,0.016238784927205315,0.2293286882900981,0.29298355551012667,1
65,2500,ccmar,0.2558505160746848,seq,0.25629918811561764,0.015621237170921485,0.22568212586665315,0.2869162503645821,1
66,2500,ccmar,0.2558505160746848,full,0.24564100910163833,0.011041638535335905,0.22399979524207037,0.2672822229612063,1
66,2500,ccmar,0.2558505160746848,cc,0.23546154635225047,0.0191358211875325,0.19795602601008827,0.2729670666944127,1
66,2500,ccmar,0.2558505160746848,cc_ccproj,0.23546154635225053,0.019135821187532473,0.19795602601008838,0.2729670666944127,1
66,2500,ccmar,0.2558505160746848,seq,0.23064190352451364,0.018252609264772093,0.19486744674167822,0.26641636030734905,1
67,2500,ccmar,0.2558505160746848,full,0.2526610494961299,0.009972546602788682,0.2331152173205168,0.27220688167174295,1
67,2500,ccmar,0.2558505160746848,cc,0.2590400889488328,0.02054474036182514,0.21877313776792912,0.29930704012973647,1
67,2500,ccmar,0.2558505160746848,cc_ccproj,0.2590400889488329,0.020544740361825138,0.21877313776792923,0.2993070401297366,1
67,2500,ccmar,0.2558505160746848,seq,0.2612748018959291,0.02035415811516778,0.2213813850545666,0.3011682187372916,1
68,2500,ccmar,0.2558505160746848,full,0.2544422361193339,0.008991125529738216,0.2368199539005684,0.2720645183380994,1
68,2500,ccmar,0.2558505160746848,cc,0.23276435929005637,0.013278255559566347,0.20673945661578758,0.25878926196432517,1
68,2500,ccmar,0.2558505160746848,cc_ccproj,0.23276435929005615,0.013278255559566353,0.20673945661578735,0.25878926196432495,1
68,2500,ccmar,0.2558505160746848,seq,0.2356279459560128,0.012774230767098606,0.21059091372229607,0.26066497818972956,1
69,2500,ccmar,0.2558505160746848,full,0.2638937262654266,0.010502518496760477,0.24330916826481033,0.2844782842660429,1
69,2500,ccmar,0.2558505160746848,cc,0.26689813256876294,0.014530586058470615,0.23841870721990072,0.29537755791762516,1
69,2500,ccmar,0.2558505160746848,cc_ccproj,0.26689813256876294,0.014530586058470622,0.2384187072199007,0.29537755791762516,1
69,2500,ccmar,0.2558505160746848,seq,0.2707129815520608,0.014165165064702097,0.24294976819017972,0.2984761949139419,1
70,2500,ccmar,0.2558505160746848,full,0.2654545890132362,0.00957900932832423,0.2466800757221475,0.2842291023043249,1
70,2500,ccmar,0.2558505160746848,cc,0.27514366642851573,0.016035866643892255,0.24371394534559973,0.30657338751143176,1
70,2500,ccmar,0.2558505160746848,cc_ccproj,0.27514366642851573,0.016035866643892248,0.24371394534559973,0.3065733875114317,1
70,2500,ccmar,0.2558505160746848,seq,0.2771686551300662,0.01564775205772211,0.24649962465791836,0.3078376856022141,1
71,2500,ccmar,0.2558505160746848,full,0.2550003667037217,0.009514688913728461,0.23635191910871142,0.27364881429873206,1
71,2500,ccmar,0.2558505160746848,cc,0.25419039805146887,0.016749441223642945,0.2213620964919582,0.28701869961097953,1
71,2500,ccmar,0.2558505160746848,cc_ccproj,0.25419039805146876,0.016749441223642927,0.22136209649195812,0.28701869961097937,1
71,2500,ccmar,0.2558505160746848,seq,0.25184035274069627,0.016155867688875527,0.22017543393150588,0.28350527154988664,1
72,2500,ccmar,0.2558505160746848,full,0.24403888862663126,0.010403249477272242,0.22364889432899251,0.26442888292426997,1
72,2500,ccmar,0.2558505160746848,cc,0.22208773493449427,0.017056193832119728,0.18865820931020538,0.25551726055878315,0
72,2500,ccmar,0.2558505160746848,cc_ccproj,0.22208773493449444,0.01705619383211969,0.18865820931020563,0.2555172605587832,0
72,2500,ccmar,0.2558505160746848,seq,0.21986879468085518,0.015438496205237486,0.18960989814313142,0.250127691218579,0
73,2500,ccmar,0.2558505160746848,full,0.25665866616890337,0.011845754426407973,0.23344141412343783,0.2798759182143689,1
73,2500,ccmar,0.2558505160746848,cc,0.28137634962685976,0.030896507731468945,0.2208203072251173,0.3419323920286022,1
73,2500,ccmar,0.2558505160746848,cc_ccproj,0.2813763496268598,0.030896507731468955,0.22082030722511733,0.34193239202860226,1
73,2500,ccmar,0.2558505160746848,seq,0.2874736264266408,0.030918772979874772,0.22687394493991608,0.34807330791336555,1
74,2500,ccmar,0.2558505160746848,full,0.24018718912159248,0.010184677450803592,0.22022558812386023,0.26014879011932474,1
74,2500,ccmar,0.2558505160746848,cc,0.22579672079522226,0.012289684605368292,0.20170938158734406,0.24988406000310046,0
74,2500,ccmar,0.2558505160746848,cc_ccproj,0.22579672079522256,0.012289684605368289,0.20170938158734436,0.24988406000310076,0
74,2500,ccmar,0.2558505160746848,seq,0.2196328047826115,0.011795846188637844,0.19651337108570727,0.24275223847951571,0
75,2500,ccmar,0.2558505160746848,full,0.26775461855616606,0.009342531573491568,0.24944359314769426,0.28606564396463785,1
75,2500,ccmar,0.2558505160746848,cc,0.2740853186012835,0.012314902341193777,0.2499485535394157,0.2982220836631513,1
75,2500,ccmar,0.2558505160746848,cc_ccproj,0.2740853186012836,0.012314902341193777,0.2499485535394158,0.2982220836631514,1
75,2500,ccmar,0.2558505160746848,seq,0.2695847203678635,0.012280782830386758,0.2455148283183476,0.29365461241737945,1
76,2500,ccmar,0.2558505160746848,full,0.2676241149576323,0.010441906886688718,0.24715835352980162,0.2880898763854629,1
76,2500,ccmar,0.2558505160746848,cc,0.27562677788726797,0.012575481090994291,0.2509792878606547,0.30027426791388123,1
76,2500,ccmar,0.2558505160746848,cc_ccproj,0.2756267778872678,0.012575481090994288,0.25097928786065454,0.30027426791388107,1
76,2500,ccmar,0.2558505160746848,seq,0.275649484908712,0.012294568929184234,0.2515525726020657,0.2997463972153583,1
77,2500,ccmar,0.2558505160746848,full,0.2389911285042287,0.011548801777555667,0.21635589295562746,0.26162636405282996,1
77,2500,ccmar,0.2558505160746848,cc,0.23182056307918547,0.016714046379126903,0.19906163414016464,0.2645794920182063,1
77,2500,ccmar,0.2558505160746848,cc_ccproj,0.23182056307918528,0.016714046379126907,0.19906163414016445,0.26457949201820613,1
77,2500,ccmar,0.2558505160746848,seq,0.23645495396056798,0.01620649775615939,0.20469080204296639,0.2682191058781696,1
78,2500,ccmar,0.2558505160746848,full,0.25995500784788966,0.009417720998458999,0.24149661387446342,0.2784134018213159,1
78,2500,ccmar,0.2558505160746848,cc,0.24840822084719424,0.01241839153422835,0.22406862069418956,0.2727478210001989,1
78,2500,ccmar,0.2558505160746848,cc_ccproj,0.2484082208471943,0.01241839153422835,0.22406862069418962,0.27274782100019895,1
78,2500,ccmar,0.2558505160746848,seq,0.25142037917756044,0.011870727578704969,0.22815418065301235,0.2746865777021085,1
79,2500,ccmar,0.2558505160746848,full,0.25363825499577786,0.013526282442469251,0.22712722856382164,0.28014928142773404,1
79,2500,ccmar,0.2558505160746848,cc,0.24544426976032455,0.01972940351072918,0.20677534944283726,0.28411319007781183,1
79,2500,ccmar,0.2558505160746848,cc_ccproj,0.24544426976032438,0.019729403510729174,0.2067753494428371,0.28411319007781166,1
79,2500,ccmar,0.2558505160746848,seq,0.24963322098414442,0.01869092820230414,0.21299967487000432,0.2862667670982845,1
80,2500,ccmar,0.2558505160746848,full,0.2681565312436646,0.01093854793044185,0.24671737125683346,0.2895956912304958,1
80,2500,ccmar,0.2558505160746848,cc,0.2781040028326492,0.014951425640699494,0.24879974705934949,0.3074082586059489,1
80,2500,ccmar,0.2558505160746848,cc_ccproj,0.278104002832649,0.01495142564069949,0.24879974705934932,0.3074082586059487,1
80,2500,ccmar,0.2558505160746848,seq,0.2791386993786191,0.014472425265598991,0.2507732670890976,0.30750413166814067,1
81,2500,ccmar,0.2558505160746848,full,0.25281830423413193,0.00900206433199036,0.2351745823569182,0.2704620261113457,1
81,2500,ccmar,0.2558505160746848,cc,0.25561311827231614,0.014105209559865611,0.22796741554058947,0.2832588210040428,1
81,2500,ccmar,0.2558505160746848,cc_ccproj,0.25561311827231625,0.014105209559865599,0.2279674155405896,0.28325882100404287,1
81,2500,ccmar,0.2558505160746848,seq,0.25227040847328663,0.013095870483229617,0.22660297397995544,0.27793784296661783,1
82,2500,ccmar,0.2558505160746848,full,0.2511206199846581,0.009245265307372005,0.23300023295469136,0.2692410070146249,1
82,2500,ccmar,0.2558505160746848,cc,0.25233492674238617,0.014110420780250548,0.22467901020638953,0.2799908432783828,1
82,2500,ccmar,0.2558505160746848,cc_ccproj,0.25233492674238606,0.014110420780250545,0.22467901020638942,0.2799908432783827,1
82,2500,ccmar,0.2558505160746848,seq,0.25335853849626316,0.013925432055426581,0.2260651931984675,0.28065188379405887,1
83,2500,ccmar,0.2558505160746848,full,0.2527298150656326,0.008672505273454726,0.23573201707392763,0.26972761305733756,1
83,2500,ccmar,0.2558505160746848,cc,0.2620035624630385,0.012251499251962075,0.23799106517257343,0.2860160597535036,1
83,2500,ccmar,0.2558505160746848,cc_ccproj,0.2620035624630383,0.012251499251962077,0.2379910651725732,0.28601605975350336,1
83,2500,ccmar,0.2558505160746848,seq,0.2643970598829136,0.012065750512365154,0.24074862343223222,0.28804549633359505,1
84,2500,ccmar,0.2558505160746848,full,0.27219398285347696,0.01037295154880556,0.2518633714044391,0.2925245943025148,1
84,2500,ccmar,0.2558505160746848,cc,0.2678198042772475,0.01454236147323462,0.2393172995395448,0.2963223090149502,1
84,2500,ccmar,0.2558505160746848,cc_ccproj,0.2678198042772475,0.014542361473234624,0.23931729953954478,0.2963223090149502,1
84,2500,ccmar,0.2558505160746848,seq,0.2711869738482203,0.014432894327668143,0.24289902077331832,0.29947492692312233,1
85,2500,ccmar,0.2558505160746848,full,0.26543031948101914,0.008969810933072616,0.2478498131040632,0.2830108258579751,1
85,2500,ccmar,0.2558505160746848,cc,0.267501372670861,0.01143930064200646,0.2450807554042024,0.28992198993751955,1
85,2500,ccmar,0.2558505160746848,cc_ccproj,0.2675013726708608,0.011439300642006465,0.24508075540420224,0.2899219899375194,1
85,2500,ccmar,0.2558505160746848,seq,0.2718228260950914,0.011194833807935664,0.2498813550186261,0.29376429717155667,1
86,2500,ccmar,0.2558505160746848,full,0.24463291120372377,0.008966631367472442,0.22705863666083065,0.2622071857466169,1
86,2500,ccmar,0.2558505160746848,cc,0.24863438912027896,0.015290226014023583,0.2186660968173153,0.2786026814232426,1
86,2500,ccmar,0.2558505160746848,cc_ccproj,0.248634389120279,0.015290226014023578,0.21866609681731536,0.2786026814232426,1
86,2500,ccmar,0.2558505160746848,seq,0.24782254850287846,0.014970368184156481,0.21848116602662748,0.27716393097912945,1
87,2500,ccmar,0.2558505160746848,full,0.25408689405935575,0.0117413770400608,0.2310742179319311,0.27709957018678044,1
87,2500,ccmar,0.2558505160746848,cc,0.2961652289620758,0.035120026660506044,0.22733124157139745,0.3649992163527542,1
87,2500,ccmar,0.2558505160746848,cc_ccproj,0.2961652289620758,0.035120026660506044,0.22733124157139745,0.3649992163527542,1
87,2500,ccmar,0.2558505160746848,seq,0.2944989542033314,0.035109625753355196,0.22568535221607522,0.36331255619058755,1
88,2500,ccmar,0.2558505160746848,full,0.26307181897706927,0.009038358453251934,0.24535696192933232,0.2807866760248062,1
88,2500,ccmar,0.2558505160746848,cc,0.25922107905506475,0.014130653396902806,0.23152550731911667,0.2869166507910128,1
88,2500,ccmar,0.2558505160746848,cc_ccproj,0.25922107905506464,0.014130653396902813,0.23152550731911656,0.28691665079101275,1
88,2500,ccmar,0.2558505160746848,seq,0.2589583251950936,0.01405598554993776,0.23140909975000015,0.286507550640187,1
89,2500,ccmar,0.2558505160746848,full,0.25321928043433384,0.009547103289856525,0.2345073018295312,0.2719312590391365,1
89,2500,ccmar,0.2558505160746848,cc,0.25353084549725335,0.01576856077616701,0.22262503428793506,0.28443665670657164,1
89,2500,ccmar,0.2558505160746848,cc_ccproj,0.25353084549725335,0.015768560776167007,0.22262503428793506,0.28443665670657164,1
89,2500,ccmar,0.2558505160746848,seq,0.25928828314119,0.01563812461411641,0.2286381221117725,0.2899384441706075,1
90,2500,ccmar,0.2558505160746848,full,0.2685797241065926,0.010329372956435864,0.24833452512909626,0.2888249230840889,1
90,2500,ccmar,0.2558505160746848,cc,0.24384962737431615,0.01427008743882787,0.2158807699379761,0.2718184848106562,1
90,2500,ccmar,0.2558505160746848,cc_ccproj,0.24384962737431606,0.014270087438827874,0.215880769937976,0.2718184848106561,1
90,2500,ccmar,0.2558505160746848,seq,0.2492689551068064,0.013944805670604734,0.2219376382210112,0.2766002719926016,1
91,2500,ccmar,0.2558505160746848,full,0.250486370227823,0.010393669436869505,0.23011515246434405,0.27085758799130194,1
91,2500,ccmar,0.2558505160746848,cc,0.25958624879125125,0.01689662202702513,0.22646947815789584,0.29270301942460664,1
91,2500,ccmar,0.2558505160746848,cc_ccproj,0.2595862487912512,0.016896622027025132,0.22646947815789578,0.29270301942460664,1
91,2500,ccmar,0.2558505160746848,seq,0.25660202757794887,0.01636666972476457,0.22452394437054823,0.2886801107853495,1
92,2500,ccmar,0.2558505160746848,full,0.24670718407670528,0.011686911123321007,0.22380125918447555,0.269613108968935,1
92,2500,ccmar,0.2558505160746848,cc,0.2501144173484675,0.01717513961783219,0.2164517622680694,0.28377707242886563,1
92,2500,ccmar,0.2558505160746848,cc_ccproj,0.2501144173484674,0.017175139617832205,0.21645176226806925,0.2837770724288655,1
92,2500,ccmar,0.2558505160746848,seq,0.2520744599670889,0.016721268495516285,0.21930137594005272,0.28484754399412504,1
93,2500,ccmar,0.2558505160746848,full,0.25862192995314903,0.009465841871751883,0.24006922080116413,0.27717463910513396,1
93,2500,ccmar,0.2558505160746848,cc,0.2707662913408393,0.01418065164259897,0.24297272484403656,0.29855985783764205,1
93,2500,ccmar,0.2558505160746848,cc_ccproj,0.27076629134083924,0.01418065164259897,0.2429727248440365,0.298559857837642,1
93,2500,ccmar,0.2558505160746848,seq,0.2675666535310542,0.014183459680645032,0.23976758338081394,0.29536572368129443,1
94,2500,ccmar,0.2558505160746848,full,0.252961706423681,0.009096967793336724,0.2351319771802202,0.27079143566714176,1
94,2500,ccmar,0.2558505160746848,cc,0.2650982364211879,0.016344175751487826,0.2330642405912789,0.2971322322510969,1
94,2500,ccmar,0.2558505160746848,cc_ccproj,0.2650982364211882,0.01634417575148783,0.23306424059127917,0.2971322322510972,1
94,2500,ccmar,0.2558505160746848,seq,0.26124071540109,0.016347092519523175,0.22920100281088046,0.29328042799129955,1
95,2500,ccmar,0.2558505160746848,full,0.24632113060256114,0.012010458859764248,0.2227810637996232,0.2698611974054991,1
95,2500,ccmar,0.2558505160746848,cc,0.2613945497013947,0.015494274675492099,0.23102632937085915,0.29176277003193024,1
95,2500,ccmar,0.2558505160746848,cc_ccproj,0.2613945497013946,0.015494274675492104,0.23102632937085904,0.29176277003193013,1
95,2500,ccmar,0.2558505160746848,seq,0.25228818777251055,0.015165997023047002,0.22256337981769675,0.28201299572732436,1
96,2500,ccmar,0.2558505160746848,full,0.2619981735053112,0.008982685495239973,0.2443924334501905,0.27960391356043185,1
96,2500,ccmar,0.2558505160746848,cc,0.2566252468528163,0.012719688347556844,0.2316951157970311,0.2815553779086015,1
96,2500,ccmar,0.2558505160746848,cc_ccproj,0.2566252468528162,0.012719688347556844,0.23169511579703098,0.2815553779086014,1
96,2500,ccmar,0.2558505160746848,seq,0.25784984744208966,0.012437030225842187,0.23347371612480292,0.2822259787593764,1
97,2500,ccmar,0.2558505160746848,full,0.25685408530691545,0.009943106997071068,0.23736595369822794,0.27634221691560296,1
97,2500,ccmar,0.2558505160746848,cc,0.2504508454312213,0.01607968067300028,0.21893525042923598,0.2819664404332066,1
97,2500,ccmar,0.2558505160746848,cc_ccproj,0.25045084543122137,0.01607968067300027,0.21893525042923606,0.2819664404332067,1
97,2500,ccmar,0.2558505160746848,seq,0.2566934392606783,0.01566020446627345,0.22600000251624902,0.28738687600510754,1
98,2500,ccmar,0.2558505160746848,full,0.26454192917955294,0.010654444070495029,0.24365960252608634,0.2854242558330195,1
98,2500,ccmar,0.2558505160746848,cc,0.2605296355693393,0.023729682079721218,0.21402031332850016,0.30703895781017837,1
98,2500,ccmar,0.2558505160746848,cc_ccproj,0.2605296355693393,0.023729682079721225,0.21402031332850016,0.3070389578101784,1
98,2500,ccmar,0.2558505160746848,seq,0.26191662020004075,0.02358911872052663,0.21568279708076898,0.3081504433193125,1
99,2500,ccmar,0.2558505160746848,full,0.2601080602641653,0.009688406098861896,0.24111913324279777,0.2790969872855328,1
99,2500,ccmar,0.2558505160746848,cc,0.2736855098517381,0.013010160668090982,0.24818606350920022,0.299184956194276,1
99,2500,ccmar,0.2558505160746848,cc_ccproj,0.27368550985173806,0.013010160668090987,0.24818606350920017,0.299184956194276,1
99,2500,ccmar,0.2558505160746848,seq,0.26381486949554844,0.012668603105731247,0.2389848636738829,0.28864487531721394,1
100,2500,ccmar,0.2558505160746848,full,0.23509760303069696,0.010167741701944767,0.21516919549077923,0.2550260105706147,0
100,2500,ccmar,0.2558505160746848,cc,0.23073866711961383,0.017830196301011233,0.1957921245323525,0.26568520970687515,1
100,2500,ccmar,0.2558505160746848,cc_ccproj,0.23073866711961397,0.01783019630101122,0.19579212453235267,0.26568520970687526,1
100,2500,ccmar,0.2558505160746848,seq,0.22967050336997555,0.016674775021259244,0.19698854487799933,0.26235246186195177,1
101,2500,ccmar,0.2558505160746848,full,0.24925790892389968,0.009921150113655186,0.22981281201592005,0.2687030058318793,1
101,2500,ccmar,0.2558505160746848,cc,0.2504099744764906,0.012535434390401952,0.22584097454073798,0.2749789744122432,1
101,2500,ccmar,0.2558505160746848,cc_ccproj,0.25040997447649027,0.012535434390401959,0.22584097454073762,0.2749789744122429,1
101,2500,ccmar,0.2558505160746848,seq,0.24626278676017682,0.012229515234484113,0.22229337735220406,0.2702321961681496,1
102,2500,ccmar,0.2558505160746848,full,0.2447590022150097,0.01062833832103641,0.22392784189027143,0.265590162539748,1
102,2500,ccmar,0.2558505160746848,cc,0.2368354583280243,0.021310979211286808,0.19506670659862035,0.27860421005742825,1
102,2500,ccmar,0.2558505160746848,cc_ccproj,0.2368354583280243,0.02131097921128679,0.19506670659862038,0.2786042100574282,1
102,2500,ccmar,0.2558505160746848,seq,0.23619099318855027,0.020355325026552577,0.1962952892429004,0.27608669713420014,1
103,2500,ccmar,0.2558505160746848,full,0.2534188462577502,0.009344704446823907,0.23510356209580405,0.27173413041969635,1
103,2500,ccmar,0.2558505160746848,cc,0.25659149950708676,0.012813408257613734,0.23147768080295572,0.2817053182112178,1
103,2500,ccmar,0.2558505160746848,cc_ccproj,0.25659149950708665,0.012813408257613741,0.23147768080295558,0.2817053182112177,1
103,2500,ccmar,0.2558505160746848,seq,0.2580242621511817,0.012558984066266791,0.23340910569888637,0.28263941860347697,1
104,2500,ccmar,0.2558505160746848,full,0.27994859484748097,0.010213214012883007,0.2599310632158305,0.29996612647913146,0
104,2500,ccmar,0.2558505160746848,cc,0.26397617568858145,0.014870212797463995,0.2348310941631054,0.29312125721405746,1
104,2500,ccmar,0.2558505160746848,cc_ccproj,0.26397617568858145,0.014870212797463991,0.23483109416310544,0.29312125721405746,1
104,2500,ccmar,0.2558505160746848,seq,0.2639443806344638,0.014363473645458803,0.2357924895964743,0.2920962716724533,1
105,2500,ccmar,0.2558505160746848,full,0.2723091520088077,0.00918855285996925,0.25429991933322543,0.2903183846843899,1
105,2500,ccmar,0.2558505160746848,cc,0.282214202629404,0.01778756953583641,0.2473512069666628,0.3170771982921452,1
105,2500,ccmar,0.2558505160746848,cc_ccproj,0.28221420262940394,0.01778756953583642,0.2473512069666627,0.3170771982921452,1
105,2500,ccmar,0.2558505160746848,seq,0.2869780266235677,0.0176092395270957,0.252464551355321,0.3214915018918144,1
106,2500,ccmar,0.2558505160746848,full,0.26866687795612354,0.013882762875438786,0.2414571627143538,0.2958765931978933,1
106,2500,ccmar,0.2558505160746848,cc,0.3011966365657789,0.04857964644327537,0.20598227915526984,0.39641099397628793,1
106,2500,ccmar,0.2558505160746848,cc_ccproj,0.3011966365657789,0.04857964644327538,0.20598227915526982,0.396410993976288,1
106,2500,ccmar,0.2558505160746848,seq,0.3066199091448406,0.04841406517872783,0.2117300850493593,0.4015097332403219,1
107,2500,ccmar,0.2558505160746848,full,0.2546553996342188,0.01452237169278655,0.22619207414625317,0.2831187251221844,1
107,2500,ccmar,0.2558505160746848,cc,0.24686915099441767,0.01432639565755454,0.21878993147733974,0.27494837051149557,1
107,2500,ccmar,0.2558505160746848,cc_ccproj,0.24686915099441767,0.01432639565755454,0.21878993147733974,0.27494837051149557,1
107,2500,ccmar,0.2558505160746848,seq,0.24926984996852725,0.013853989027470757,0.22211653043247148,0.276423169504583,1
108,2500,ccmar,0.2558505160746848,full,0.2518346245789551,0.008908015829722324,0.23437523437898666,0.26929401477892356,1
108,2500,ccmar,0.2558505160746848,cc,0.2537532147230419,0.01426892604871361,0.2257866335694978,0.281719795876586,1
108,2500,ccmar,0.2558505160746848,cc_ccproj,0.253753214723042,0.01426892604871362,0.2257866335694979,0.28171979587658613,1
108,2500,ccmar,0.2558505160746848,seq,0.2507769158218425,0.013958920326613103,0.22341793471861676,0.2781358969250683,1
109,2500,ccmar,0.2558505160746848,full,0.25571074398783056,0.00988162799690489,0.2363431090052743,0.27507837897038684,1
109,2500,ccmar,0.2558505160746848,cc,0.2516384135644053,0.02206877325652146,0.2083844127986425,0.2948924143301681,1
109,2500,ccmar,0.2558505160746848,cc_ccproj,0.25163841356440514,0.02206877325652147,0.20838441279864234,0.29489241433016794,1
109,2500,ccmar,0.2558505160746848,seq,0.24677454772399016,0.021804543481533597,0.2040384278008467,0.2895106676471336,1
110,2500,ccmar,0.2558505160746848,full,0.26132552844051,0.009074833369163248,0.24353918187124773,0.27911187500977225,1
110,2500,ccmar,0.2558505160746848,cc,0.2643758375684466,0.013796019180636087,0.2373361368443761,0.29141553829251715,1
110,2500,ccmar,0.2558505160746848,cc_ccproj,0.2643758375684468,0.013796019180636084,0.23733613684437627,0.2914155382925173,1
110,2500,ccmar,0.2558505160746848,seq,0.26930680195831663,0.013187289940425244,0.2434601886213958,0.2951534152952375,1
111,2500,ccmar,0.2558505160746848,full,0.2551039987021439,0.010083396066406281,0.23534090557013473,0.27486709183415303,1
111,2500,ccmar,0.2558505160746848,cc,0.24107695840508894,0.012373395812540837,0.2168255482460502,0.2653283685641277,1
111,2500,ccmar,0.2558505160746848,cc_ccproj,0.24107695840508886,0.012373395812540815,0.21682554824605016,0.26532836856412756,1
111,2500,ccmar,0.2558505160746848,seq,0.24751684951269912,0.011725810476775688,0.22453468328867632,0.2704990157367219,1
112,2500,ccmar,0.2558505160746848,full,0.2589457184646851,0.01201620677573031,0.23539438595346754,0.28249705097590266,1
112,2500,ccmar,0.2558505160746848,cc,0.28000732687194546,0.02378884960320726,0.2333820384160193,0.32663261532787163,1
112,2500,ccmar,0.2558505160746848,cc_ccproj,0.2800073268719457,0.02378884960320726,0.2333820384160195,0.32663261532787186,1
112,2500,ccmar,0.2558505160746848,seq,0.28174335361863007,0.02337452098898453,0.23593013432434481,0.3275565729129153,1
113,2500,ccmar,0.2558505160746848,full,0.26377716234255405,0.01705979752600849,0.2303405736080319,0.2972137510770762,1
113,2500,ccmar,0.2558505160746848,cc,0.24204290326011516,0.015230002831644886,0.21219264622564815,0.27189316029458216,1
113,2500,ccmar,0.2558505160746848,cc_ccproj,0.24204290326011504,0.015230002831644893,0.212192646225648,0.2718931602945821,1
113,2500,ccmar,0.2558505160746848,seq,0.2405637698932809,0.014959141471436777,0.2112443913696253,0.2698831484169365,1
114,2500,ccmar,0.2558505160746848,full,0.22999696489776242,0.013304988252251444,0.20391966710862108,0.25607426268690375,1
114,2500,ccmar,0.2558505160746848,cc,0.23377363799644726,0.016971001519867034,0.20051108623593336,0.2670361897569612,1
114,2500,ccmar,0.2558505160746848,cc_ccproj,0.23377363799644726,0.016971001519867038,0.20051108623593336,0.2670361897569612,1
114,2500,ccmar,0.2558505160746848,seq,0.22839619878220474,0.017206309159979793,0.19467245252178272,0.26211994504262676,1
115,2500,ccmar,0.2558505160746848,full,0.2615955781585073,0.010467494984464436,0.24107966498060338,0.2821114913364113,1
115,2500,ccmar,0.2558505160746848,cc,0.24699859505110786,0.013744756097352515,0.2200593681240096,0.2739378219782061,1
115,2500,ccmar,0.2558505160746848,cc_ccproj,0.246998595051108,0.013744756097352508,0.22005936812400978,0.2739378219782062,1
115,2500,ccmar,0.2558505160746848,seq,0.2473704855727483,0.013138679557526886,0.22161914683558295,0.27312182430991366,1
116,2500,ccmar,0.2558505160746848,full,0.24916672556926506,0.00983383395794379,0.22989276518174825,0.26844068595678183,1
116,2500,ccmar,0.2558505160746848,cc,0.2510904576131996,0.022374618797156295,0.20723701060296035,0.29494390462343884,1
116,2500,ccmar,0.2558505160746848,cc_ccproj,0.25109045761319965,0.022374618797156277,0.20723701060296043,0.29494390462343884,1
116,2500,ccmar,0.2558505160746848,seq,0.25374170552500064,0.021561946892728664,0.21148106617868712,0.29600234487131416,1
117,2500,ccmar,0.2558505160746848,full,0.256452872398845,0.010075714397190082,0.23670483506184076,0.27620090973584926,1
117,2500,ccmar,0.2558505160746848,cc,0.2570587224765841,0.015447855100371104,0.22678148284146338,0.28733596211170487,1
117,2500,ccmar,0.2558505160746848,cc_ccproj,0.25705872247658407,0.015447855100371093,0.22678148284146335,0.2873359621117048,1
117,2500,ccmar,0.2558505160746848,seq,0.2544143261079051,0.01467577359683076,0.22565033841285295,0.2831783138029572,1
118,2500,ccmar,0.2558505160746848,full,0.26325005299815596,0.01050123327194917,0.24266801399188187,0.28383209200443005,1
118,2500,ccmar,0.2558505160746848,cc,0.26375037348676467,0.016966575904670423,0.23049649577264555,0.2970042512008838,1
118,2500,ccmar,0.2558505160746848,cc_ccproj,0.26375037348676467,0.016966575904670406,0.23049649577264558,0.29700425120088375,1
118,2500,ccmar,0.2558505160746848,seq,0.2683976682383605,0.01609769449915977,0.2368467667858788,0.29994856969084216,1
119,2500,ccmar,0.2558505160746848,full,0.2554529566524113,0.010839166652060094,0.23420858039194592,0.2766973329128767,1
119,2500,ccmar,0.2558505160746848,cc,0.2523167879404548,0.02119805494826078,0.21076936369956262,0.293864212181347,1
119,2500,ccmar,0.2558505160746848,cc_ccproj,0.25231678794045503,0.021198054948260766,0.21076936369956284,0.29386421218134723,1
119,2500,ccmar,0.2558505160746848,seq,0.2549206883943003,0.020697833707320274,0.21435367976995345,0.2954876970186472,1
120,2500,ccmar,0.2558505160746848,full,0.2532243955355195,0.01150803970121881,0.23066905218847356,0.27577973888256546,1
120,2500,ccmar,0.2558505160746848,cc,0.25877789152084407,0.015162196216624665,0.22906053300973025,0.28849525003195786,1
120,2500,ccmar,0.2558505160746848,cc_ccproj,0.25877789152084396,0.015162196216624669,0.22906053300973014,0.28849525003195775,1
120,2500,ccmar,0.2558505160746848,seq,0.25545885905543697,0.014807542434413363,0.22643660918443823,0.28448110892643574,1
121,2500,ccmar,0.2558505160746848,full,0.2712734983590524,0.009162122944971778,0.25331606736497964,0.28923092935312517,1
121,2500,ccmar,0.2558505160746848,cc,0.26776907605492933,0.0188699840623605,0.23078458690385792,0.3047535652060007,1
121,2500,ccmar,0.2558505160746848,cc_ccproj,0.26776907605492944,0.01886998406236049,0.23078458690385806,0.30475356520600083,1
121,2500,ccmar,0.2558505160746848,seq,0.263261248445837,0.01863354395807076,0.22674017338367436,0.2997823235079996,1
122,2500,ccmar,0.2558505160746848,full,0.24972509910168114,0.010654020443981005,0.22884360274092494,0.27060659546243737,1
122,2500,ccmar,0.2558505160746848,cc,0.23636196263895376,0.01675097965952191,0.2035306458005278,0.2691932794773797,1
122,2500,ccmar,0.2558505160746848,cc_ccproj,0.2363619626389541,0.01675097965952189,0.20353064580052815,0.26919327947738003,1
122,2500,ccmar,0.2558505160746848,seq,0.23134657858020427,0.015990024592888622,0.20000670626623285,0.2626864508941757,1
123,2500,ccmar,0.2558505160746848,full,0.2497801650423817,0.009515843943156325,0.2311294536312917,0.26843087645347175,1
123,2500,ccmar,0.2558505160746848,cc,0.25253926749530886,0.01484092041687082,0.2234515979808169,0.28162693700980085,1
123,2500,ccmar,0.2558505160746848,cc_ccproj,0.252539267495309,0.014840920416870813,0.22345159798081707,0.281626937009801,1
123,2500,ccmar,0.2558505160746848,seq,0.25444434982626224,0.014542210861241493,0.2259421402826417,0.2829465593698828,1
124,2500,ccmar,0.2558505160746848,full,0.24165730167230673,0.011275457513174705,0.21955781103727273,0.2637567923073407,1
124,2500,ccmar,0.2558505160746848,cc,0.26072175477891235,0.016844715190837828,0.22770671967503547,0.29373678988278923,1
124,2500,ccmar,0.2558505160746848,cc_ccproj,0.26072175477891213,0.016844715190837842,0.22770671967503522,0.29373678988278906,1
124,2500,ccmar,0.2558505160746848,seq,0.2553528354252706,0.01677745785499532,0.22246962227734113,0.28823604857320007,1
125,2500,ccmar,0.2558505160746848,full,0.2583342598672492,0.010543344101164349,0.23766968515235426,0.2789988345821442,1
125,2500,ccmar,0.2558505160746848,cc,0.2630828906152808,0.016112408584146455,0.23150315008615974,0.29466263114440183,1
125,2500,ccmar,0.2558505160746848,cc_ccproj,0.26308289061528073,0.01611240858414646,0.23150315008615968,0.2946626311444018,1
125,2500,ccmar,0.2558505160746848,seq,0.26688695845001126,0.016267253889544347,0.23500372669913522,0.2987701902008873,1
126,2500,ccmar,0.2558505160746848,full,0.2728810306476697,0.009305768776191428,0.2546420589978772,0.29112000229746227,1
126,2500,ccmar,0.2558505160746848,cc,0.28276384751745254,0.01618160495546717,0.25104848459268203,0.31447921044222304,1
126,2500,ccmar,0.2558505160746848,cc_ccproj,0.28276384751745265,0.01618160495546717,0.25104848459268214,0.31447921044222316,1
126,2500,ccmar,0.2558505160746848,seq,0.285591387655364,0.01604734393819924,0.25413917148896636,0.31704360382176167,1
127,2500,ccmar,0.2558505160746848,full,0.2610488107980631,0.0096110310630244,0.24221153606023954,0.2798860855358866,1
127,2500,ccmar,0.2558505160746848,cc,0.2491075412622573,0.011347050046527552,0.22686773184028974,0.27134735068422483,1
127,2500,ccmar,0.2558505160746848,cc_ccproj,0.24910754126225737,0.011347050046527559,0.2268677318402898,0.27134735068422494,1
127,2500,ccmar,0.2558505160746848,seq,0.2459415585280186,0.010901241139665422,0.224575518507488,0.2673075985485492,1
128,2500,ccmar,0.2558505160746848,full,0.25076753615262676,0.009021971363316289,0.2330847972109751,0.26845027509427843,1
128,2500,ccmar,0.2558505160746848,cc,0.2561211709413729,0.013574707944333766,0.22951523226982895,0.2827271096129168,1
128,2500,ccmar,0.2558505160746848,cc_ccproj,0.25612117094137304,0.013574707944333755,0.22951523226982912,0.28272710961291697,1
128,2500,ccmar,0.2558505160746848,seq,0.2521986435486764,0.013144862368584096,0.22643518672451568,0.2779621003728371,1
129,2500,ccmar,0.2558505160746848,full,0.24299353930065973,0.011088071408609618,0.22126131868177656,0.2647257599195429,1
129,2500,ccmar,0.2558505160746848,cc,0.2375565441131805,0.019726828866943102,0.19889267000478694,0.27622041822157406,1
129,2500,ccmar,0.2558505160746848,cc_ccproj,0.23755654411318036,0.019726828866943113,0.19889267000478678,0.27622041822157395,1
129,2500,ccmar,0.2558505160746848,seq,0.24296070927440588,0.019723351063300466,0.2043036515358972,0.2816177670129146,1
130,2500,ccmar,0.2558505160746848,full,0.23695423695406279,0.012573351435743046,0.21231092097504145,0.2615975529330841,1
130,2500,ccmar,0.2558505160746848,cc,0.19862783779150506,0.02011983355526045,0.15919368864825412,0.238061986934756,0
130,2500,ccmar,0.2558505160746848,cc_ccproj,0.19862783779150509,0.02011983355526046,0.15919368864825412,0.23806198693475605,0
130,2500,ccmar,0.2558505160746848,seq,0.20301194936971306,0.01939342517601659,0.16500153448784818,0.24102236425157794,0
131,2500,ccmar,0.2558505160746848,full,0.26112655499453813,0.010907671113727303,0.2397479124564247,0.2825051975326515,1
131,2500,ccmar,0.2558505160746848,cc,0.26097444455662616,0.02088868782584534,0.22003336873366902,0.3019155203795833,1
131,2500,ccmar,0.2558505160746848,cc_ccproj,0.26097444455662633,0.020888687825845343,0.2200333687336692,0.30191552037958347,1
131,2500,ccmar,0.2558505160746848,seq,0.26121147718638504,0.020229399600062346,0.22156258254139388,0.3008603718313762,1
132,2500,ccmar,0.2558505160746848,full,0.2536892181759202,0.008498044793996927,0.23703335644067813,0.2703450799111623,1
132,2500,ccmar,0.2558505160746848,cc,0.2723134597024771,0.012760906959222083,0.24730254165233528,0.29732437775261894,1
132,2500,ccmar,0.2558505160746848,cc_ccproj,0.2723134597024773,0.012760906959222076,0.24730254165233548,0.2973243777526191,1
132,2500,ccmar,0.2558505160746848,seq,0.27219325445874554,0.012274266883846951,0.24813613342977284,0.29625037548771826,1
133,2500,ccmar,0.2558505160746848,full,0.2608614323968073,0.010014669506382358,0.24123304084722638,0.2804898239463883,1
133,2500,ccmar,0.2558505160746848,cc,0.25592166739535427,0.012311902428633316,0.23179078205406176,0.2800525527366468,1
133,2500,ccmar,0.2558505160746848,cc_ccproj,0.2559216673953542,0.012311902428633306,0.2317907820540617,0.2800525527366467,1
133,2500,ccmar,0.2558505160746848,seq,0.2599129664757225,0.012125404301548865,0.23614761074669965,0.2836783222047453,1
134,2500,ccmar,0.2558505160746848,full,0.2468431736803689,0.009909738011014791,0.22742044408255233,0.2662659032781855,1
134,2500,ccmar,0.2558505160746848,cc,0.24356899089001208,0.01646071685032472,0.21130657870366404,0.2758314030763601,1
134,2500,ccmar,0.2558505160746848,cc_ccproj,0.24356899089001216,0.016460716850324707,0.21130657870366415,0.27583140307636017,1
134,2500,ccmar,0.2558505160746848,seq,0.2461162226602771,0.01585759342969058,0.21503591065660457,0.27719653466394967,1
135,2500,ccmar,0.2558505160746848,full,0.2636620710061509,0.008704756305230942,0.2466010621537003,0.2807230798586015,1
135,2500,ccmar,0.2558505160746848,cc,0.2527789362259633,0.012657732294926194,0.22797023680195844,0.2775876356499682,1
135,2500,ccmar,0.2558505160746848,cc_ccproj,0.2527789362259631,0.012657732294926212,0.2279702368019582,0.27758763564996797,1
135,2500,ccmar,0.2558505160746848,seq,0.25294081975582566,0.012311977372803172,0.22880978752665937,0.27707185198499196,1
136,2500,ccmar,0.2558505160746848,full,0.25536336114170255,0.009867593827147674,0.23602323262642336,0.27470348965698177,1
136,2500,ccmar,0.2558505160746848,cc,0.24774240096145658,0.013857823597206964,0.22058156580682164,0.2749032361160915,1
136,2500,ccmar,0.2558505160746848,cc_ccproj,0.24774240096145667,0.013857823597206971,0.2205815658068217,0.27490323611609163,1
136,2500,ccmar,0.2558505160746848,seq,0.24740592036061088,0.013462858894489123,0.22101920179846746,0.2737926389227543,1
137,2500,ccmar,0.2558505160746848,full,0.2579120708524569,0.009687154392034065,0.2389255971313911,0.27689854457352264,1
137,2500,ccmar,0.2558505160746848,cc,0.26541142632733516,0.015774846776384764,0.23449329478398326,0.2963295578706871,1
137,2500,ccmar,0.2558505160746848,cc_ccproj,0.2654114263273353,0.01577484677638476,0.23449329478398337,0.29632955787068715,1
137,2500,ccmar,0.2558505160746848,seq,0.26471106694261487,0.015439347808180374,0.2344505012937939,0.29497163259143583,1
138,2500,ccmar,0.2558505160746848,full,0.2511874214849713,0.009638846651355426,0.23229562919581018,0.27007921377413246,1
138,2500,ccmar,0.2558505160746848,cc,0.2621419069713057,0.012941141538481225,0.2367777356370472,0.28750607830556413,1
138,2500,ccmar,0.2558505160746848,cc_ccproj,0.2621419069713055,0.012941141538481218,0.23677773563704707,0.28750607830556396,1
138,2500,ccmar,0.2558505160746848,seq,0.2566805824281379,0.012544580001319949,0.23209365742436938,0.2812675074319064,1
139,2500,ccmar,0.2558505160746848,full,0.2613150897651287,0.0099337593078624,0.24184527929062885,0.28078490023962854,1
139,2500,ccmar,0.2558505160746848,cc,0.2843341350761248,0.022559992050262337,0.24011736316610072,0.3285509069861489,1
139,2500,ccmar,0.2558505160746848,cc_ccproj,0.28433413507612487,0.022559992050262344,0.24011736316610074,0.32855090698614897,1
139,2500,ccmar,0.2558505160746848,seq,0.27897682678490043,0.02208818944774114,0.23568477098363014,0.32226888258617076,1
140,2500,ccmar,0.2558505160746848,full,0.24987160304037379,0.010073433572061802,0.23012803603847598,0.2696151700422716,1
140,2500,ccmar,0.2558505160746848,cc,0.2530239758759799,0.013468602460700625,0.22662600013091913,0.27942195162104067,1
140,2500,ccmar,0.2558505160746848,cc_ccproj,0.2530239758759799,0.013468602460700618,0.22662600013091916,0.27942195162104067,1
140,2500,ccmar,0.2558505160746848,seq,0.2505231815182615,0.013154578049114667,0.22474068231017555,0.27630568072634737,1
141,2500,ccmar,0.2558505160746848,full,0.2611874828924336,0.009642214456798278,0.24228908982589753,0.28008587595896967,1
141,2500,ccmar,0.2558505160746848,cc,0.26173136648286044,0.018330415038603866,0.22580441318552547,0.2976583197801954,1
141,2500,ccmar,0.2558505160746848,cc_ccproj,0.26173136648286044,0.018330415038603852,0.22580441318552552,0.29765831978019536,1
141,2500,ccmar,0.2558505160746848,seq,0.2658946664931204,0.01790877793537914,0.2307941067326517,0.3009952262535891,1
142,2500,ccmar,0.2558505160746848,full,0.26596023503291516,0.009751946585144534,0.24684677094687352,0.2850736991189568,1
142,2500,ccmar,0.2558505160746848,cc,0.25843897389365694,0.015531195132782859,0.22799839079653875,0.2888795569907751,1
142,2500,ccmar,0.2558505160746848,cc_ccproj,0.2584389738936569,0.01553119513278286,0.2279983907965387,0.28887955699077505,1
142,2500,ccmar,0.2558505160746848,seq,0.2612699985366619,0.015415101036396525,0.23105695568727863,0.29148304138604514,1
143,2500,ccmar,0.2558505160746848,full,0.2500229584431436,0.011673162211593955,0.22714398092272553,0.27290193596356166,1
143,2500,ccmar,0.2558505160746848,cc,0.23477926968886614,0.013108162026582217,0.20908774421324944,0.26047079516448285,1
143,2500,ccmar,0.2558505160746848,cc_ccproj,0.23477926968886603,0.013108162026582198,0.20908774421324935,0.2604707951644827,1
143,2500,ccmar,0.2558505160746848,seq,0.23983558110368394,0.012655519521634892,0.21503121863563598,0.26463994357173193,1
144,2500,ccmar,0.2558505160746848,full,0.26983556953380766,0.009635114660919403,0.2509510918114918,0.28872004725612355,1
144,2500,ccmar,0.2558505160746848,cc,0.2663475505041872,0.013749367785789635,0.23939928483384426,0.2932958161745301,1
144,2500,ccmar,0.2558505160746848,cc_ccproj,0.2663475505041872,0.01374936778578963,0.2393992848338443,0.2932958161745301,1
144,2500,ccmar,0.2558505160746848,seq,0.262696196380713,0.012969695303856913,0.2372760606946952,0.2881163320667308,1
145,2500,ccmar,0.2558505160746848,full,0.2521026200736964,0.009065646316738592,0.23433427979631055,0.2698709603510822,1
145,2500,ccmar,0.2558505160746848,cc,0.2429120916510853,0.015043681344548348,0.21342701802087344,0.27239716528129715,1
145,2500,ccmar,0.2558505160746848,cc_ccproj,0.2429120916510854,0.01504368134454836,0.21342701802087352,0.27239716528129726,1
145,2500,ccmar,0.2558505160746848,seq,0.24087858732136966,0.015000718357446381,0.21147771959854592,0.2702794550441934,1
146,2500,ccmar,0.2558505160746848,full,0.25196996946612477,0.01326667903683215,0.22596775635948121,0.2779721825727683,1
146,2500,ccmar,0.2558505160746848,cc,0.2911463105198912,0.029450223590459516,0.2334249329459387,0.3488676880938437,1
146,2500,ccmar,0.2558505160746848,cc_ccproj,0.29114631051989137,0.029450223590459516,0.23342493294593886,0.3488676880938439,1
146,2500,ccmar,0.2558505160746848,seq,0.28135226183641643,0.029041859731310155,0.22443126271898445,0.3382732609538484,1
147,2500,ccmar,0.2558505160746848,full,0.2507347429344604,0.009016473314569657,0.2330627799703374,0.2684067058985834,1
147,2500,ccmar,0.2558505160746848,cc,0.25313582255690736,0.011915440689098479,0.2297819879463512,0.2764896571674635,1
147,2500,ccmar,0.2558505160746848,cc_ccproj,0.2531358225569074,0.011915440689098483,0.22978198794635127,0.27648965716746354,1
147,2500,ccmar,0.2558505160746848,seq,0.25925442570821194,0.011562042944020207,0.23659323795022688,0.281915613466197,1
148,2500,ccmar,0.2558505160746848,full,0.253917043261584,0.009359773024941587,0.23557222522922897,0.27226186129393903,1
148,2500,ccmar,0.2558505160746848,cc,0.22629093234714637,0.013288547587659126,0.20024585766848788,0.2523360070258049,0
148,2500,ccmar,0.2558505160746848,cc_ccproj,0.22629093234714637,0.013288547587659143,0.20024585766848782,0.2523360070258049,0
148,2500,ccmar,0.2558505160746848,seq,0.23356199417931028,0.013274133803155015,0.20754516999916076,0.2595788183594598,1
149,2500,ccmar,0.2558505160746848,full,0.2738686893178678,0.013628927138334019,0.24715648297881257,0.30058089565692303,1
149,2500,ccmar,0.2558505160746848,cc,0.2932387916054457,0.028618540145308954,0.23714748363052646,0.34933009958036493,1
149,2500,ccmar,0.2558505160746848,cc_ccproj,0.2932387916054456,0.028618540145308954,0.23714748363052635,0.3493300995803648,1
149,2500,ccmar,0.2558505160746848,seq,0.28687904907197764,0.028423611576014567,0.23116979407243332,0.34258830407152197,1
150,2500,ccmar,0.2558505160746848,full,0.2623009950834528,0.00903019337673254,0.24460214129162486,0.2799998488752807,1
150,2500,ccmar,0.2558505160746848,cc,0.2548138516518157,0.016105763461764993,0.22324713532323515,0.28638056798039624,1
150,2500,ccmar,0.2558505160746848,cc_ccproj,0.25481385165181564,0.016105763461764983,0.22324713532323512,0.28638056798039613,1
150,2500,ccmar,0.2558505160746848,seq,0.25457336965538846,0.015645042341042036,0.22390965013034186,0.28523708918043506,1
151,2500,ccmar,0.2558505160746848,full,0.2683087827287774,0.012279116085237683,0.24424215743972508,0.2923754080178297,1
151,2500,ccmar,0.2558505160746848,cc,0.2613139881474451,0.016298745836033555,0.22936903331564718,0.29325894297924304,1
151,2500,ccmar,0.2558505160746848,cc_ccproj,0.2613139881474448,0.01629874583603355,0.22936903331564684,0.2932589429792427,1
151,2500,ccmar,0.2558505160746848,seq,0.2594379464624346,0.015738156936287093,0.2285917256842727,0.2902841672405966,1
152,2500,ccmar,0.2558505160746848,full,0.26361352407314914,0.011729213269506744,0.24062468849792662,0.28660235964837166,1
152,2500,ccmar,0.2558505160746848,cc,0.27348793799115034,0.0134497803596728,0.24712685288621747,0.2998490230960832,1
152,2500,ccmar,0.2558505160746848,cc_ccproj,0.2734879379911505,0.013449780359672812,0.24712685288621764,0.2998490230960834,1
152,2500,ccmar,0.2558505160746848,seq,0.2698055909076752,0.012971521535605246,0.24438187587320323,0.2952293059421472,1
153,2500,ccmar,0.2558505160746848,full,0.25686518204794195,0.011036998388053892,0.2352330627099297,0.2784973013859542,1
153,2500,ccmar,0.2558505160746848,cc,0.256979929581564,0.020379058078184388,0.21703770970947256,0.29692214945365547,1
153,2500,ccmar,0.2558505160746848,cc_ccproj,0.2569799295815643,0.0203790580781844,0.21703770970947284,0.29692214945365575,1
153,2500,ccmar,0.2558505160746848,seq,0.2540608665701917,0.019948947649749648,0.21496164764720746,0.29316008549317596,1
154,2500,ccmar,0.2558505160746848,full,0.2381603197519471,0.009275233919194315,0.21998119532214194,0.25633944418175225,1
154,2500,ccmar,0.2558505160746848,cc,0.24859918175358411,0.014208055947186134,0.22075190380676918,0.27644645970039905,1
154,2500,ccmar,0.2558505160746848,cc_ccproj,0.24859918175358403,0.014208055947186137,0.22075190380676907,0.276446459700399,1
154,2500,ccmar,0.2558505160746848,seq,0.24606898563690496,0.013732903798098637,0.2191529887894783,0.2729849824843316,1
155,2500,ccmar,0.2558505160746848,full,0.24809623537646713,0.010559097619834194,0.2274007843323495,0.26879168642058476,1
155,2500,ccmar,0.2558505160746848,cc,0.25182282891241076,0.014866167448861467,0.22268567612450058,0.28095998170032094,1
155,2500,ccmar,0.2558505160746848,cc_ccproj,0.25182282891241087,0.014866167448861455,0.22268567612450071,0.280959981700321,1
155,2500,ccmar,0.2558505160746848,seq,0.25027862472366474,0.013854632803810975,0.22312404340916805,0.27743320603816146,1
156,2500,ccmar,0.2558505160746848,full,0.22408789526131603,0.016116968695492638,0.19249921707819095,0.2556765734444411,0
156,2500,ccmar,0.2558505160746848,cc,0.23680252167010762,0.012582982155824922,0.2121403298265806,0.26146471351363465,1
156,2500,ccmar,0.2558505160746848,cc_ccproj,0.23680252167010757,0.012582982155824927,0.21214032982658054,0.2614647135136346,1
156,2500,ccmar,0.2558505160746848,seq,0.2352241802773643,0.012468563780532588,0.21078624432857984,0.25966211622614876,1
157,2500,ccmar,0.2558505160746848,full,0.2604850342592682,0.008735047594409925,0.24336465557098153,0.2776054129475549,1
157,2500,ccmar,0.2558505160746848,cc,0.24694644446469027,0.010337405122249075,0.22668550273148222,0.26720738619789836,1
157,2500,ccmar,0.2558505160746848,cc_ccproj,0.24694644446469047,0.010337405122249068,0.2266855027314824,0.2672073861978985,1
157,2500,ccmar,0.2558505160746848,seq,0.25045309138044913,0.0100676494283078,0.23072086109199058,0.2701853216689077,1
158,2500,ccmar,0.2558505160746848,full,0.2642897139709023,0.008630347917201957,0.24737454287913618,0.2812048850626684,1
158,2500,ccmar,0.2558505160746848,cc,0.24895372256091905,0.013247751962704097,0.2229886058378992,0.2749188392839389,1
158,2500,ccmar,0.2558505160746848,cc_ccproj,0.24895372256091913,0.013247751962704097,0.22298860583789928,0.27491883928393895,1
158,2500,ccmar,0.2558505160746848,seq,0.2523414811353015,0.012925365661539609,0.22700822995167316,0.2776747323189299,1
159,2500,ccmar,0.2558505160746848,full,0.26283864810282154,0.009109648570133064,0.24498406499354394,0.28069323121209916,1
159,2500,ccmar,0.2558505160746848,cc,0.24916922848359968,0.014712542313406674,0.220333175428301,0.27800528153889836,1
159,2500,ccmar,0.2558505160746848,cc_ccproj,0.24916922848359963,0.014712542313406676,0.22033317542830094,0.2780052815388983,1
159,2500,ccmar,0.2558505160746848,seq,0.2507927409088682,0.014309452284211788,0.2227467297933187,0.2788387520244177,1
160,2500,ccmar,0.2558505160746848,full,0.2645200046727642,0.010456804883150367,0.24402504370842693,0.2850149656371015,1
160,2500,ccmar,0.2558505160746848,cc,0.26549399202977164,0.01480623280400414,0.23647430898720803,0.2945136750723353,1
160,2500,ccmar,0.2558505160746848,cc_ccproj,0.2654939920297712,0.014806232804004149,0.23647430898720756,0.29451367507233484,1
160,2500,ccmar,0.2558505160746848,seq,0.2655379079643821,0.014168165803572157,0.23776881326238866,0.2933070026663755,1
161,2500,ccmar,0.2558505160746848,full,0.24259618966983107,0.009902111687592112,0.2231884073912574,0.26200397194840475,1
161,2500,ccmar,0.2558505160746848,cc,0.24489934761514123,0.01907676804619118,0.20750956930318198,0.2822891259271005,1
161,2500,ccmar,0.2558505160746848,cc_ccproj,0.2448993476151413,0.01907676804619117,0.20750956930318207,0.28228912592710054,1
161,2500,ccmar,0.2558505160746848,seq,0.24029304231697246,0.018454545113560455,0.20412279854332432,0.2764632860906206,1
162,2500,ccmar,0.2558505160746848,full,0.25523181045851173,0.008785921782496842,0.23801172019383196,0.2724519007231915,1
162,2500,ccmar,0.2558505160746848,cc,0.25508540013287545,0.015983018254872382,0.22375925998907936,0.28641154027667154,1
162,2500,ccmar,0.2558505160746848,cc_ccproj,0.2550854001328754,0.015983018254872382,0.2237592599890793,0.2864115402766715,1
162,2500,ccmar,0.2558505160746848,seq,0.25657352673447564,0.01566674365864238,0.2258672734085153,0.287279780060436,1
163,2500,ccmar,0.2558505160746848,full,0.2547019868384479,0.010564932582107008,0.23399509947842442,0.27540887419847143,1
163,2500,ccmar,0.2558505160746848,cc,0.2609255678329892,0.016798968119722743,0.22800019534089608,0.2938509403250823,1
163,2500,ccmar,0.2558505160746848,cc_ccproj,0.2609255678329889,0.016798968119722743,0.2280001953408958,0.2938509403250821,1
163,2500,ccmar,0.2558505160746848,seq,0.26269953438877036,0.016656424175927696,0.23005354289272983,0.2953455258848109,1
164,2500,ccmar,0.2558505160746848,full,0.24889313540559732,0.012918070081372125,0.22357418329634354,0.2742120875148511,1
164,2500,ccmar,0.2558505160746848,cc,0.23886966107187318,0.014841436279923683,0.20978098048437666,0.2679583416593697,1
164,2500,ccmar,0.2558505160746848,cc_ccproj,0.23886966107187327,0.014841436279923658,0.20978098048437677,0.26795834165936977,1
164,2500,ccmar,0.2558505160746848,seq,0.2389085412431676,0.013608600545999905,0.21223617429301567,0.26558090819331953,1
165,2500,ccmar,0.2558505160746848,full,0.25004281662634026,0.01172662196544602,0.22705905991374975,0.27302657333893077,1
165,2500,ccmar,0.2558505160746848,cc,0.23548681209196498,0.014735562221113645,0.2066056408466332,0.2643679833372968,1
165,2500,ccmar,0.2558505160746848,cc_ccproj,0.23548681209196512,0.014735562221113642,0.20660564084663333,0.2643679833372969,1
165,2500,ccmar,0.2558505160746848,seq,0.23768682434205401,0.014077870222021926,0.21009470572786215,0.2652789429562459,1
166,2500,ccmar,0.2558505160746848,full,0.2525152463773168,0.009065443292855784,0.23474730401942928,0.27028318873520435,1
166,2500,ccmar,0.2558505160746848,cc,0.24540567268128066,0.012881610856674124,0.22015817933933923,0.2706531660232221,1
166,2500,ccmar,0.2558505160746848,cc_ccproj,0.24540567268128038,0.012881610856674134,0.22015817933933893,0.27065316602322187,1
166,2500,ccmar,0.2558505160746848,seq,0.2422647331714205,0.01255796628943209,0.2176515715250655,0.2668778948177755,1
167,2500,ccmar,0.2558505160746848,full,0.2657273871018184,0.00975585583387982,0.246606261029049,0.28484851317458787,1
167,2500,ccmar,0.2558505160746848,cc,0.26623144059899334,0.012907076410638197,0.24093403568843597,0.2915288455095507,1
167,2500,ccmar,0.2558505160746848,cc_ccproj,0.26623144059899323,0.012907076410638202,0.24093403568843585,0.2915288455095506,1
167,2500,ccmar,0.2558505160746848,seq,0.2673669713939961,0.012742722373183784,0.24239169447756315,0.2923422483104291,1
168,2500,ccmar,0.2558505160746848,full,0.2631927805819236,0.01034641513894244,0.24291417954049643,0.2834713816233507,1
168,2500,ccmar,0.2558505160746848,cc,0.2862521764834835,0.023762693919714573,0.239678152225194,0.332826200741773,1
168,2500,ccmar,0.2558505160746848,cc_ccproj,0.28625217648348356,0.023762693919714573,0.23967815222519406,0.33282620074177305,1
168,2500,ccmar,0.2558505160746848,seq,0.284778122047891,0.02352286329554179,0.2386741571753699,0.33088208692041204,1
169,2500,ccmar,0.2558505160746848,full,0.24958640476941654,0.01011535130182194,0.22976068052687518,0.2694121290119579,1
169,2500,ccmar,0.2558505160746848,cc,0.25972096822249885,0.01217597045997752,0.2358565046441193,0.28358543180087836,1
169,2500,ccmar,0.2558505160746848,cc_ccproj,0.2597209682224988,0.01217597045997752,0.23585650464411925,0.2835854318008783,1
169,2500,ccmar,0.2558505160746848,seq,0.25883473891414316,0.012087387643242842,0.2351438944662127,0.2825255833620736,1
170,2500,ccmar,0.2558505160746848,full,0.26495707268589114,0.009205931041894237,0.24691377939961914,0.28300036597216316,1
170,2500,ccmar,0.2558505160746848,cc,0.2594233240131052,0.013340518846665206,0.23327638753856356,0.28557026048764683,1
170,2500,ccmar,0.2558505160746848,cc_ccproj,0.2594233240131052,0.013340518846665208,0.23327638753856356,0.28557026048764683,1
170,2500,ccmar,0.2558505160746848,seq,0.26109866871087517,0.012869290144178171,0.23587532352168966,0.2863220139000607,1
171,2500,ccmar,0.2558505160746848,full,0.23768956914296305,0.009456164854436589,0.21915582659639388,0.2562233116895322,1
171,2500,ccmar,0.2558505160746848,cc,0.21699584744052292,0.017763081230631,0.18218084797402673,0.2518108469070191,0
171,2500,ccmar,0.2558505160746848,cc_ccproj,0.21699584744052294,0.01776308123063099,0.18218084797402678,0.2518108469070191,0
171,2500,ccmar,0.2558505160746848,seq,0.2254565398416903,0.01608227678530029,0.19393585655309714,0.2569772231302835,1
172,2500,ccmar,0.2558505160746848,full,0.26249266496966756,0.00947819907282887,0.24391573614862205,0.28106959379071306,1
172,2500,ccmar,0.2558505160746848,cc,0.2585244773514934,0.011560052843498425,0.23586719011885665,0.2811817645841302,1
172,2500,ccmar,0.2558505160746848,cc_ccproj,0.25852447735149353,0.011560052843498427,0.23586719011885676,0.2811817645841303,1
172,2500,ccmar,0.2558505160746848,seq,0.25409388224316165,0.011434477997794512,0.23168271718546873,0.27650504730085457,1
173,2500,ccmar,0.2558505160746848,full,0.25568573099932007,0.00963183222016981,0.2368076867426548,0.27456377525598535,1
173,2500,ccmar,0.2558505160746848,cc,0.24908865232303107,0.015664534959116197,0.2183867279685947,0.27979057667746743,1
173,2500,ccmar,0.2558505160746848,cc_ccproj,0.24908865232303087,0.015664534959116194,0.21838672796859454,0.2797905766774672,1
173,2500,ccmar,0.2558505160746848,seq,0.2526371841847583,0.01488164242294445,0.22346970100498376,0.2818046673645328,1
174,2500,ccmar,0.2558505160746848,full,0.2616505832221021,0.009788902039050472,0.24246468777737248,0.2808364786668317,1
174,2500,ccmar,0.2558505160746848,cc,0.24604162647986313,0.01569550745489488,0.21527899714918924,0.276804255810537,1
174,2500,ccmar,0.2558505160746848,cc_ccproj,0.2460416264798632,0.015695507454894883,0.2152789971491893,0.2768042558105371,1
174,2500,ccmar,0.2558505160746848,seq,0.24610674330745,0.014981489865041773,0.2167435627372163,0.2754699238776837,1
175,2500,ccmar,0.2558505160746848,full,0.23946043922985563,0.010340345529550446,0.219193734404237,0.25972714405547426,1
175,2500,ccmar,0.2558505160746848,cc,0.22510471610639687,0.021212511461113186,0.1835289576209719,0.2666804745918218,1
175,2500,ccmar,0.2558505160746848,cc_ccproj,0.22510471610639698,0.021212511461113165,0.18352895762097207,0.2666804745918219,1
175,2500,ccmar,0.2558505160746848,seq,0.22695052189313691,0.02042357085177697,0.18692105858795202,0.26697998519832183,1
176,2500,ccmar,0.2558505160746848,full,0.24734786432620554,0.012671730410223694,0.22251172910036612,0.2721839995520449,1
176,2500,ccmar,0.2558505160746848,cc,0.2384252558550181,0.01727053906695776,0.20457562129018889,0.2722748904198473,1
176,2500,ccmar,0.2558505160746848,cc_ccproj,0.23842525585501823,0.017270539066957746,0.20457562129018905,0.2722748904198474,1
176,2500,ccmar,0.2558505160746848,seq,0.24338802096107784,0.016539986739897136,0.2109702426461094,0.2758057992760463,1
177,2500,ccmar,0.2558505160746848,full,0.24914294064518755,0.012341409771631041,0.22495422197434,0.2733316593160351,1
177,2500,ccmar,0.2558505160746848,cc,0.21922589280141738,0.033968323584077115,0.15264920196142373,0.28580258364141103,1
177,2500,ccmar,0.2558505160746848,cc_ccproj,0.21922589280141724,0.03396832358407712,0.15264920196142356,0.2858025836414109,1
177,2500,ccmar,0.2558505160746848,seq,0.22592374365635487,0.033750805515418716,0.15977338039691835,0.2920741069157914,1
178,2500,ccmar,0.2558505160746848,full,0.2690972289549358,0.011235557139847694,0.24707594161459248,0.2911185162952792,1
178,2500,ccmar,0.2558505160746848,cc,0.25970246137404207,0.014245664125003497,0.23178147275318092,0.28762344999490325,1
178,2500,ccmar,0.2558505160746848,cc_ccproj,0.2597024613740422,0.014245664125003485,0.23178147275318106,0.2876234499949033,1
178,2500,ccmar,0.2558505160746848,seq,0.2561294062441517,0.014096225018285922,0.22850131289033884,0.2837574995979646,1
179,2500,ccmar,0.2558505160746848,full,0.2675071989483185,0.009401851669691699,0.24907990828773496,0.285934489608902,1
179,2500,ccmar,0.2558505160746848,cc,0.2670851000584492,0.011493524373369625,0.24455820623121144,0.289611993885687,1
179,2500,ccmar,0.2558505160746848,cc_ccproj,0.26708510005844927,0.011493524373369625,0.2445582062312115,0.28961199388568704,1
179,2500,ccmar,0.2558505160746848,seq,0.26136766255359906,0.01111165838016662,0.2395892123199598,0.28314611278723834,1
180,2500,ccmar,0.2558505160746848,full,0.2565922586963025,0.009191206905528694,0.2385778241870104,0.27460669320559455,1
180,2500,ccmar,0.2558505160746848,cc,0.27679894597496907,0.014143869656191084,0.24907747084680562,0.3045204211031325,1
180,2500,ccmar,0.2558505160746848,cc_ccproj,0.27679894597496907,0.014143869656191086,0.24907747084680562,0.3045204211031325,1
180,2500,ccmar,0.2558505160746848,seq,0.27140841046173353,0.013865984455112832,0.24423158031952014,0.2985852406039469,1
181,2500,ccmar,0.2558505160746848,full,0.2564861495765703,0.008998248615653733,0.23884990636595158,0.27412239278718903,1
181,2500,ccmar,0.2558505160746848,cc,0.2534949338612913,0.01569254025944925,0.22273812012682592,0.28425174759575667,1
181,2500,ccmar,0.2558505160746848,cc_ccproj,0.2534949338612914,0.015692540259449255,0.22273812012682603,0.2842517475957568,1
181,2500,ccmar,0.2558505160746848,seq,0.2555080349637732,0.015736599809844588,0.22466486609735797,0.28635120383018847,1
182,2500,ccmar,0.2558505160746848,full,0.24585472555522028,0.010203340147659772,0.22585654634379554,0.265852904766645,1
182,2500,ccmar,0.2558505160746848,cc,0.2353795874796653,0.017926712283781097,0.20024387704224259,0.27051529791708806,1
182,2500,ccmar,0.2558505160746848,cc_ccproj,0.2353795874796653,0.0179267122837811,0.20024387704224256,0.27051529791708806,1
182,2500,ccmar,0.2558505160746848,seq,0.23361175543772905,0.017316740353346086,0.1996715680155393,0.2675519428599188,1
183,2500,ccmar,0.2558505160746848,full,0.26321446768825163,0.012014973768480654,0.23966555182683605,0.2867633835496672,1
183,2500,ccmar,0.2558505160746848,cc,0.2660984799903815,0.01131251324714385,0.2439263614513473,0.2882705985294157,1
183,2500,ccmar,0.2558505160746848,cc_ccproj,0.26609847999038155,0.011312513247143845,0.24392636145134736,0.2882705985294157,1
183,2500,ccmar,0.2558505160746848,seq,0.26837219971500853,0.011092285787477356,0.2466317190653274,0.2901126803646897,1
184,2500,ccmar,0.2558505160746848,full,0.2552338009802219,0.010866635915682607,0.23393558595237457,0.27653201600806926,1
184,2500,ccmar,0.2558505160746848,cc,0.263393754781786,0.01743203015749333,0.229227603495683,0.297559906067889,1
184,2500,ccmar,0.2558505160746848,cc_ccproj,0.26339375478178606,0.01743203015749333,0.22922760349568305,0.29755990606788907,1
184,2500,ccmar,0.2558505160746848,seq,0.2584100589007932,0.017292687303927513,0.22451701458918225,0.29230310321240416,1
185,2500,ccmar,0.2558505160746848,full,0.26303963497349675,0.010572311669191986,0.24231828486854792,0.2837609850784456,1
185,2500,ccmar,0.2558505160746848,cc,0.28446678670004155,0.018176527374821942,0.24884144768138416,0.32009212571869894,1
185,2500,ccmar,0.2558505160746848,cc_ccproj,0.2844667867000418,0.018176527374821953,0.2488414476813844,0.32009212571869916,1
185,2500,ccmar,0.2558505160746848,seq,0.2760768972471217,0.018225451796711242,0.24035566812359685,0.3117981263706465,1
186,2500,ccmar,0.2558505160746848,full,0.2508801959898895,0.008854730040942988,0.23352524401681635,0.2682351479629626,1
186,2500,ccmar,0.2558505160746848,cc,0.2631827707926941,0.015186768245793314,0.23341725198938265,0.2929482895960055,1
186,2500,ccmar,0.2558505160746848,cc_ccproj,0.2631827707926943,0.015186768245793316,0.23341725198938287,0.2929482895960057,1
186,2500,ccmar,0.2558505160746848,seq,0.2617433176071985,0.015165091725551557,0.23202028400287106,0.2914663512115259,1
187,2500,ccmar,0.2558505160746848,full,0.26258911104901617,0.008882280646977074,0.24518016088036398,0.27999806121766835,1
187,2500,ccmar,0.2558505160746848,cc,0.25932023458692804,0.015846854790151,0.22826096992999606,0.29037949924386003,1
187,2500,ccmar,0.2558505160746848,cc_ccproj,0.25932023458692816,0.01584685479015101,0.22826096992999614,0.2903794992438602,1
187,2500,ccmar,0.2558505160746848,seq,0.26178420812042935,0.015387164301658103,0.23162592026497905,0.2919424959758796,1
188,2500,ccmar,0.2558505160746848,full,0.26059725776893783,0.010749389188404799,0.2395288421038602,0.2816656734340155,1
188,2500,ccmar,0.2558505160746848,cc,0.2756663870203012,0.013577593260785272,0.24905479323242832,0.3022779808081741,1
188,2500,ccmar,0.2558505160746848,cc_ccproj,0.27566638702030133,0.013577593260785281,0.24905479323242843,0.30227798080817425,1
188,2500,ccmar,0.2558505160746848,seq,0.2649738164218707,0.013224233440002939,0.2390547951563147,0.2908928376874267,1
189,2500,ccmar,0.2558505160746848,full,0.24927220564042374,0.008918136847104704,0.23179297861089893,0.26675143266994855,1
189,2500,ccmar,0.2558505160746848,cc,0.2619138341515928,0.013047874151627082,0.2363404707395926,0.287487197563593,1
189,2500,ccmar,0.2558505160746848,cc_ccproj,0.2619138341515928,0.013047874151627085,0.2363404707395926,0.287487197563593,1
189,2500,ccmar,0.2558505160746848,seq,0.2617104341484531,0.012685490064550853,0.23684733049569273,0.2865735378012134,1
190,2500,ccmar,0.2558505160746848,full,0.25657107395244366,0.012275605748875373,0.2325113287962351,0.28063081910865223,1
190,2500,ccmar,0.2558505160746848,cc,0.25443865958814477,0.022372899183720443,0.21058858295830712,0.2982887362179824,1
190,2500,ccmar,0.2558505160746848,cc_ccproj,0.2544386595881447,0.022372899183720457,0.21058858295830704,0.29828873621798235,1
190,2500,ccmar,0.2558505160746848,seq,0.25242992257813857,0.022228369194996395,0.20886311952088604,0.2959967256353911,1
191,2500,ccmar,0.2558505160746848,full,0.2643529567933452,0.01004504986992701,0.2446650208253795,0.2840408927613109,1
191,2500,ccmar,0.2558505160746848,cc,0.26779952073663454,0.02195170690751655,0.22477496579872297,0.3108240756745461,1
191,2500,ccmar,0.2558505160746848,cc_ccproj,0.2677995207366346,0.02195170690751655,0.22477496579872303,0.3108240756745462,1
191,2500,ccmar,0.2558505160746848,seq,0.26728518620304376,0.02189900173803093,0.2243639314991231,0.3102064409069644,1
192,2500,ccmar,0.2558505160746848,full,0.2500316454870819,0.008916601470681972,0.23255542774004836,0.26750786323411546,1
192,2500,ccmar,0.2558505160746848,cc,0.2617569459227143,0.01622135363509366,0.22996367701744286,0.29355021482798577,1
192,2500,ccmar,0.2558505160746848,cc_ccproj,0.26175694592271426,0.01622135363509366,0.2299636770174428,0.2935502148279857,1
192,2500,ccmar,0.2558505160746848,seq,0.258893755724134,0.01606012152672377,0.22741649594441896,0.290371015503849,1
193,2500,ccmar,0.2558505160746848,full,0.24948531890422265,0.009882939603901415,0.23011511321919134,0.268855524589254,1
193,2500,ccmar,0.2558505160746848,cc,0.24064918962615958,0.013494360396116465,0.21420072925536765,0.2670976499969515,1
193,2500,ccmar,0.2558505160746848,cc_ccproj,0.2406491896261594,0.013494360396116477,0.21420072925536743,0.26709764999695135,1
193,2500,ccmar,0.2558505160746848,seq,0.23899171558490734,0.013004069822266985,0.21350420708081985,0.2644792240889948,1
194,2500,ccmar,0.2558505160746848,full,0.257774722805825,0.009026470453340934,0.2400831658097618,0.27546627980188815,1
194,2500,ccmar,0.2558505160746848,cc,0.2662806307197633,0.013629249743472502,0.23956779208625545,0.2929934693532712,1
194,2500,ccmar,0.2558505160746848,cc_ccproj,0.2662806307197634,0.013629249743472495,0.2395677920862555,0.29299346935327125,1
194,2500,ccmar,0.2558505160746848,seq,0.26624862059716164,0.013211590122454108,0.24035437977864646,0.2921428614156768,1
195,2500,ccmar,0.2558505160746848,full,0.2669691215961692,0.016507384165365388,0.23461524315308627,0.29932300003925216,1
195,2500,ccmar,0.2558505160746848,cc,0.2588815260044521,0.022301156498733342,0.21517206245334336,0.3025909895555608,1
195,2500,ccmar,0.2558505160746848,cc_ccproj,0.2588815260044521,0.022301156498733342,0.21517206245334336,0.3025909895555608,1
195,2500,ccmar,0.2558505160746848,seq,0.26269085171322093,0.02214331038062283,0.21929076086870827,0.3060909425577336,1
196,2500,ccmar,0.2558505160746848,full,0.2662748700621867,0.01048016790595822,0.24573411841457604,0.28681562170979735,1
196,2500,ccmar,0.2558505160746848,cc,0.27475151536036735,0.01668250496603749,0.24205440645502327,0.3074486242657114,1
196,2500,ccmar,0.2558505160746848,cc_ccproj,0.2747515153603673,0.0166825049660375,0.24205440645502319,0.3074486242657114,1
196,2500,ccmar,0.2558505160746848,seq,0.27084956333722593,0.01652346279760389,0.23846417135403486,0.303234955320417,1
197,2500,ccmar,0.2558505160746848,full,0.2641594783567813,0.010450249612047983,0.24367736548771354,0.284641591225849,1
197,2500,ccmar,0.2558505160746848,cc,0.26408196515544824,0.012730135128074025,0.23913135878609496,0.2890325715248015,1
197,2500,ccmar,0.2558505160746848,cc_ccproj,0.26408196515544813,0.012730135128074017,0.23913135878609487,0.2890325715248014,1
197,2500,ccmar,0.2558505160746848,seq,0.26039777026286226,0.012048589051729603,0.23678296965694864,0.2840125708687759,1
198,2500,ccmar,0.2558505160746848,full,0.26730899779468975,0.009986050615911237,0.2477366982397097,0.28688129734966983,1
198,2500,ccmar,0.2558505160746848,cc,0.2649457265027665,0.01617104188644195,0.2332510668128516,0.29664038619268135,1
198,2500,ccmar,0.2558505160746848,cc_ccproj,0.2649457265027667,0.01617104188644196,0.23325106681285182,0.2966403861926816,1
198,2500,ccmar,0.2558505160746848,seq,0.2695495865919333,0.016077284719721446,0.23803868757208313,0.30106048561178345,1
199,2500,ccmar,0.2558505160746848,full,0.24380884568682232,0.010028496439848981,0.22415335384563018,0.26346433752801446,1
199,2500,ccmar,0.2558505160746848,cc,0.23139028962099434,0.01209569738663393,0.20768315837529658,0.25509742086669207,0
199,2500,ccmar,0.2558505160746848,cc_ccproj,0.23139028962099414,0.012095697386633924,0.2076831583752964,0.2550974208666919,0
199,2500,ccmar,0.2558505160746848,seq,0.23438960938216188,0.0115125355367508,0.21182545435939282,0.25695376440493095,1
200,2500,ccmar,0.2558505160746848,full,0.24384666050172651,0.012887285353609232,0.21858804535016188,0.2691052756532911,1
200,2500,ccmar,0.2558505160746848,cc,0.23802420083571224,0.011043672151647676,0.21637900116141484,0.25966940051000964,1
200,2500,ccmar,0.2558505160746848,cc_ccproj,0.23802420083571224,0.011043672151647683,0.2163790011614148,0.25966940051000964,1
200,2500,ccmar,0.2558505160746848,seq,0.2369408078041596,0.010585594425173303,0.21619342397587196,0.25768819163244727,1
201,2500,ccmar,0.2558505160746848,full,0.2609552991193497,0.00888921087058584,0.24353276596201953,0.2783778322766799,1
201,2500,ccmar,0.2558505160746848,cc,0.27219508212225935,0.016036561001726846,0.24076400012299515,0.30362616412152355,1
201,2500,ccmar,0.2558505160746848,cc_ccproj,0.27219508212225946,0.016036561001726856,0.24076400012299526,0.30362616412152366,1
201,2500,ccmar,0.2558505160746848,seq,0.27126919262315374,0.015704958213912414,0.2404880401451789,0.30205034510112855,1
202,2500,ccmar,0.2558505160746848,full,0.24575297857059436,0.010120411088982251,0.22591733732744937,0.2655886198137394,1
202,2500,ccmar,0.2558505160746848,cc,0.2526129990263414,0.014214916105668867,0.22475227541597204,0.2804737226367107,1
202,2500,ccmar,0.2558505160746848,cc_ccproj,0.2526129990263411,0.014214916105668867,0.22475227541597176,0.28047372263671044,1
202,2500,ccmar,0.2558505160746848,seq,0.2528304382216651,0.013722988035734502,0.22593387591135144,0.2797270005319788,1
203,2500,ccmar,0.2558505160746848,full,0.2553722427004156,0.010239893079333495,0.23530242105938098,0.2754420643414502,1
203,2500,ccmar,0.2558505160746848,cc,0.23607800819936064,0.017706051225701448,0.20137478548856452,0.27078123091015677,1
203,2500,ccmar,0.2558505160746848,cc_ccproj,0.23607800819936073,0.017706051225701448,0.2013747854885646,0.2707812309101568,1
203,2500,ccmar,0.2558505160746848,seq,0.23942939177136696,0.016804721108680264,0.20649274362811365,0.2723660399146203,1
204,2500,ccmar,0.2558505160746848,full,0.26308441446404085,0.009126826400611179,0.24519616342569361,0.2809726655023881,1
204,2500,ccmar,0.2558505160746848,cc,0.2852987343689812,0.016156612755651473,0.25363235525574385,0.3169651134822185,1
204,2500,ccmar,0.2558505160746848,cc_ccproj,0.2852987343689812,0.016156612755651487,0.25363235525574385,0.3169651134822185,1
204,2500,ccmar,0.2558505160746848,seq,0.28190074528921844,0.015778735336296815,0.2509749923084872,0.3128264982699497,1
205,2500,ccmar,0.2558505160746848,full,0.2541455683621011,0.010579575839661461,0.23340998074465455,0.27488115597954765,1
205,2500,ccmar,0.2558505160746848,cc,0.2659334735182143,0.0187053520401459,0.22927165720138548,0.3025952898350431,1
205,2500,ccmar,0.2558505160746848,cc_ccproj,0.2659334735182143,0.0187053520401459,0.22927165720138548,0.3025952898350431,1
205,2500,ccmar,0.2558505160746848,seq,0.26951618601782923,0.018615472755452483,0.23303052986195577,0.3060018421737027,1
206,2500,ccmar,0.2558505160746848,full,0.25450427533379655,0.010756340235170638,0.23342223586740302,0.2755863148001901,1
206,2500,ccmar,0.2558505160746848,cc,0.24616015822456844,0.01672027230054512,0.21338902670379734,0.27893128974533954,1
206,2500,ccmar,0.2558505160746848,cc_ccproj,0.24616015822456846,0.01672027230054513,0.21338902670379734,0.2789312897453396,1
206,2500,ccmar,0.2558505160746848,seq,0.2493220697778896,0.01614837765213589,0.2176718311709518,0.2809723083848274,1
207,2500,ccmar,0.2558505160746848,full,0.26510534608787073,0.010257350505878076,0.245001308519546,0.28520938365619547,1
207,2500,ccmar,0.2558505160746848,cc,0.2790616235464429,0.018397570849979582,0.243003047277459,0.3151201998154268,1
207,2500,ccmar,0.2558505160746848,cc_ccproj,0.2790616235464431,0.018397570849979582,0.24300304727745917,0.31512019981542705,1
207,2500,ccmar,0.2558505160746848,seq,0.2776387298807414,0.018080339733777935,0.24220191517428813,0.31307554458719467,1
208,2500,ccmar,0.2558505160746848,full,0.2596156698003472,0.009621845271823892,0.24075719960275538,0.2784741399979391,1
208,2500,ccmar,0.2558505160746848,cc,0.2516765973162582,0.017092359897349522,0.2181761875066564,0.28517700712585997,1
208,2500,ccmar,0.2558505160746848,cc_ccproj,0.25167659731625813,0.017092359897349536,0.2181761875066563,0.28517700712585997,1
208,2500,ccmar,0.2558505160746848,seq,0.24689125881344326,0.01692027349678618,0.21372813215117475,0.28005438547571176,1
209,2500,ccmar,0.2558505160746848,full,0.2650402198078369,0.01053318405027544,0.24439555842676527,0.28568488118890845,1
209,2500,ccmar,0.2558505160746848,cc,0.27031174927192786,0.013898151808003896,0.24307187227656998,0.2975516262672857,1
209,2500,ccmar,0.2558505160746848,cc_ccproj,0.2703117492719278,0.0138981518080039,0.24307187227656993,0.2975516262672857,1
209,2500,ccmar,0.2558505160746848,seq,0.2658481716650068,0.013390573324335719,0.239603130216966,0.2920932131130476,1
210,2500,ccmar,0.2558505160746848,full,0.24991732964857288,0.011538839120863065,0.22730162054827946,0.2725330387488663,1
210,2500,ccmar,0.2558505160746848,cc,0.2470604752817223,0.02123527221518057,0.2054401065380643,0.2886808440253803,1
210,2500,ccmar,0.2558505160746848,cc_ccproj,0.24706047528172193,0.021235272215180574,0.2054401065380639,0.28868084402537997,1
210,2500,ccmar,0.2558505160746848,seq,0.24151819814804312,0.021052541427697725,0.20025597516671811,0.28278042112936813,1
211,2500,ccmar,0.2558505160746848,full,0.25956259742353943,0.008974591157439732,0.24197272197898592,0.27715247286809297,1
211,2500,ccmar,0.2558505160746848,cc,0.26210878096752904,0.012379302556109579,0.23784579380382964,0.28637176813122844,1
211,2500,ccmar,0.2558505160746848,cc_ccproj,0.26210878096752904,0.012379302556109566,0.23784579380382967,0.28637176813122844,1
211,2500,ccmar,0.2558505160746848,seq,0.26108015112833133,0.01183858268361094,0.23787695544045434,0.2842833468162083,1
212,2500,ccmar,0.2558505160746848,full,0.2631303653729233,0.010773195165727311,0.24201529084967674,0.28424543989616985,1
212,2500,ccmar,0.2558505160746848,cc,0.2776382857772427,0.02071791668942788,0.23703191523126274,0.31824465632322263,1
212,2500,ccmar,0.2558505160746848,cc_ccproj,0.2776382857772427,0.020717916689427886,0.23703191523126274,0.3182446563232227,1
212,2500,ccmar,0.2558505160746848,seq,0.27868197615902807,0.02028025169661626,0.23893341323625286,0.31843053908180324,1
213,2500,ccmar,0.2558505160746848,full,0.2627552274598672,0.012254024461612419,0.238737780849434,0.2867726740703003,1
213,2500,ccmar,0.2558505160746848,cc,0.2560015169642827,0.017047863236380644,0.2225883190076122,0.2894147149209532,1
213,2500,ccmar,0.2558505160746848,cc_ccproj,0.25600151696428275,0.01704786323638066,0.22258831900761222,0.2894147149209533,1
213,2500,ccmar,0.2558505160746848,seq,0.25425693724888704,0.016728208922576836,0.22147025023477485,0.28704362426299923,1
214,2500,ccmar,0.2558505160746848,full,0.25747976147479423,0.009359920853862157,0.23913465370307901,0.27582486924650945,1
214,2500,ccmar,0.2558505160746848,cc,0.23850572909052295,0.013373162268144046,0.21229481268555064,0.2647166454954953,1
214,2500,ccmar,0.2558505160746848,cc_ccproj,0.2385057290905228,0.013373162268144046,0.2122948126855505,0.2647166454954951,1
214,2500,ccmar,0.2558505160746848,seq,0.2434192664511991,0.012890049849170781,0.2181552329878984,0.2686832999144998,1
215,2500,ccmar,0.2558505160746848,full,0.2777429197170884,0.008805051868506076,0.2604853351728094,0.2950005042613674,0
215,2500,ccmar,0.2558505160746848,cc,0.28081654498190517,0.013009367885811737,0.2553186524640822,0.30631443749972814,1
215,2500,ccmar,0.2558505160746848,cc_ccproj,0.2808165449819049,0.013009367885811744,0.25531865246408186,0.3063144374997279,1
215,2500,ccmar,0.2558505160746848,seq,0.28086222619554435,0.012772726840620583,0.25582814160355993,0.30589631078752877,1
216,2500,ccmar,0.2558505160746848,full,0.24936618502228167,0.009463244900652677,0.2308185658401201,0.2679138042044432,1
216,2500,ccmar,0.2558505160746848,cc,0.23084947823139937,0.020978356477288507,0.18973265508107134,0.2719663013817274,1
216,2500,ccmar,0.2558505160746848,cc_ccproj,0.23084947823139973,0.02097835647728849,0.18973265508107173,0.2719663013817277,1
216,2500,ccmar,0.2558505160746848,seq,0.2341778113019697,0.019998324897241158,0.19498181475224635,0.2733738078516931,1
217,2500,ccmar,0.2558505160746848,full,0.2619353685139963,0.010308309274189211,0.24173145359508522,0.2821392834329074,1
217,2500,ccmar,0.2558505160746848,cc,0.2552868542726622,0.011573562401184938,0.2326030887935128,0.2779706197518116,1
217,2500,ccmar,0.2558505160746848,cc_ccproj,0.25528685427266234,0.011573562401184938,0.23260308879351296,0.27797061975181175,1
217,2500,ccmar,0.2558505160746848,seq,0.2601578224350972,0.010834749616107147,0.23892210340601802,0.2813935414641764,1
218,2500,ccmar,0.2558505160746848,full,0.2706235918583087,0.01074365647995504,0.24956641209532646,0.29168077162129097,1
218,2500,ccmar,0.2558505160746848,cc,0.2712397541335296,0.021876727469211682,0.2283621561942766,0.3141173520727826,1
218,2500,ccmar,0.2558505160746848,cc_ccproj,0.2712397541335296,0.021876727469211685,0.22836215619427658,0.3141173520727826,1
218,2500,ccmar,0.2558505160746848,seq,0.27224335163679253,0.021491964052387746,0.23011987613708304,0.31436682713650205,1
219,2500,ccmar,0.2558505160746848,full,0.2540595541525965,0.01039869571704754,0.23367848506099242,0.2744406232442006,1
219,2500,ccmar,0.2558505160746848,cc,0.2425285237367938,0.01416180565224794,0.21477189470233204,0.27028515277125553,1
219,2500,ccmar,0.2558505160746848,cc_ccproj,0.2425285237367937,0.014161805652247927,0.214771894702332,0.2702851527712554,1
219,2500,ccmar,0.2558505160746848,seq,0.24798241509585658,0.013240509066229056,0.2220314941890716,0.2739333360026416,1
220,2500,ccmar,0.2558505160746848,full,0.26381395283782827,0.0103131311390571,0.2436005872374378,0.2840273184382187,1
220,2500,ccmar,0.2558505160746848,cc,0.2544957153156933,0.013653526076022882,0.22773529594470998,0.28125613468667665,1
220,2500,ccmar,0.2558505160746848,cc_ccproj,0.2544957153156934,0.013653526076022882,0.2277352959447101,0.28125613468667676,1
220,2500,ccmar,0.2558505160746848,seq,0.2562262157744386,0.013460351501671393,0.22984441161191305,0.28260801993696416,1
221,2500,ccmar,0.2558505160746848,full,0.25696983603168416,0.008848026662357266,0.23962802243921377,0.27431164962415455,1
221,2500,ccmar,0.2558505160746848,cc,0.28546821518936916,0.012656515352727882,0.26066190092824426,0.31027452945049405,0
221,2500,ccmar,0.2558505160746848,cc_ccproj,0.2854682151893693,0.012656515352727877,0.2606619009282444,0.3102745294504942,0
221,2500,ccmar,0.2558505160746848,seq,0.2782859519324742,0.012743143444635768,0.2533098497311604,0.303262054133788,1
222,2500,ccmar,0.2558505160746848,full,0.260037109834017,0.010047602363043237,0.2403441710714727,0.2797300485965613,1
222,2500,ccmar,0.2558505160746848,cc,0.2554748386680629,0.017283389776964527,0.2216000171744447,0.2893496601616812,1
222,2500,ccmar,0.2558505160746848,cc_ccproj,0.25547483866806303,0.017283389776964506,0.22160001717444483,0.28934966016168123,1
222,2500,ccmar,0.2558505160746848,seq,0.25249730572056023,0.016846180665158698,0.21947939833979419,0.28551521310132627,1
223,2500,ccmar,0.2558505160746848,full,0.2408206979938448,0.009897590881868036,0.22142177633167143,0.2602196196560182,1
223,2500,ccmar,0.2558505160746848,cc,0.23931816888473187,0.016180055359173207,0.2076058431128881,0.27103049465657564,1
223,2500,ccmar,0.2558505160746848,cc_ccproj,0.2393181688847319,0.016180055359173207,0.20760584311288813,0.2710304946565757,1
223,2500,ccmar,0.2558505160746848,seq,0.23706542202096206,0.015524393131979286,0.2066381706004417,0.2674926734414824,1
224,2500,ccmar,0.2558505160746848,full,0.252465409581223,0.009115327036714964,0.23459969688195745,0.27033112228048856,1
224,2500,ccmar,0.2558505160746848,cc,0.2487628497269744,0.013641250753330397,0.22202648954636695,0.27549920990758187,1
224,2500,ccmar,0.2558505160746848,cc_ccproj,0.24876284972697432,0.013641250753330397,0.22202648954636686,0.2754992099075818,1
224,2500,ccmar,0.2558505160746848,seq,0.24936095344300765,0.013369127884966591,0.22315794428376298,0.2755639626022523,1
225,2500,ccmar,0.2558505160746848,full,0.25588903991228545,0.008702627136528664,0.23883220415380835,0.27294587567076256,1
225,2500,ccmar,0.2558505160746848,cc,0.25122151014952326,0.012591898614686292,0.22654184236775832,0.2759011779312882,1
225,2500,ccmar,0.2558505160746848,cc_ccproj,0.251221510149523,0.012591898614686303,0.22654184236775804,0.27590117793128793,1
225,2500,ccmar,0.2558505160746848,seq,0.2502303730400329,0.012468354157489788,0.2257928479448627,0.27466789813520315,1
226,2500,ccmar,0.2558505160746848,full,0.269306588341829,0.012058237911145922,0.24567287631896753,0.29294030036469054,1
226,2500,ccmar,0.2558505160746848,cc,0.24411555600911483,0.013596084836331655,0.21746771939915363,0.270763392619076,1
226,2500,ccmar,0.2558505160746848,cc_ccproj,0.2441155560091149,0.013596084836331665,0.21746771939915366,0.2707633926190761,1
226,2500,ccmar,0.2558505160746848,seq,0.2480551880845059,0.013094539379153568,0.22239036250722344,0.2737200136617884,1
227,2500,ccmar,0.2558505160746848,full,0.25848498591813657,0.010568082712106741,0.23777192441676698,0.27919804741950616,1
227,2500,ccmar,0.2558505160746848,cc,0.260566191230783,0.014672126227112106,0.23180935224901772,0.2893230302125483,1
227,2500,ccmar,0.2558505160746848,cc_ccproj,0.26056619123078306,0.014672126227112108,0.23180935224901777,0.28932303021254835,1
227,2500,ccmar,0.2558505160746848,seq,0.26194867057968085,0.01434773823290633,0.23382762038357607,0.29006972077578563,1
228,2500,ccmar,0.2558505160746848,full,0.25300736508608124,0.009151747946576624,0.23507026871520265,0.27094446145695983,1
228,2500,ccmar,0.2558505160746848,cc,0.2627720341427647,0.015482118717719165,0.23242763905166167,0.29311642923386766,1
228,2500,ccmar,0.2558505160746848,cc_ccproj,0.2627720341427646,0.015482118717719172,0.2324276390516616,0.29311642923386766,1
228,2500,ccmar,0.2558505160746848,seq,0.2652902283724778,0.015226195916211415,0.23544743275515256,0.295133023989803,1
229,2500,ccmar,0.2558505160746848,full,0.24799757776736173,0.010334217442127383,0.2277428837723864,0.268252271762337,1
229,2500,ccmar,0.2558505160746848,cc,0.22185586451863396,0.012413628150570894,0.19752560042604245,0.24618612861122546,0
229,2500,ccmar,0.2558505160746848,cc_ccproj,0.221855864518634,0.012413628150570894,0.1975256004260425,0.24618612861122552,0
229,2500,ccmar,0.2558505160746848,seq,0.22486935691240925,0.011964311568856363,0.20141973713763486,0.24831897668718364,0
230,2500,ccmar,0.2558505160746848,full,0.2573746006928532,0.012485398617334642,0.2329036690702511,0.2818455323154553,1
230,2500,ccmar,0.2558505160746848,cc,0.2537944626949229,0.02367358635156453,0.20739508606095744,0.3001938393288883,1
230,2500,ccmar,0.2558505160746848,cc_ccproj,0.2537944626949229,0.02367358635156453,0.20739508606095744,0.3001938393288883,1
230,2500,ccmar,0.2558505160746848,seq,0.2563816198237308,0.02353503624185676,0.21025379641484665,0.30250944323261497,1
231,2500,ccmar,0.2558505160746848,full,0.24626223698670582,0.009439941696511656,0.22776029124538505,0.2647641827280266,1
231,2500,ccmar,0.2558505160746848,cc,0.2451492384010008,0.012540797877940761,0.22056972622284057,0.269728750579161,1
231,2500,ccmar,0.2558505160746848,cc_ccproj,0.24514923840100072,0.012540797877940752,0.22056972622284052,0.26972875057916096,1
231,2500,ccmar,0.2558505160746848,seq,0.2428998507668266,0.012280505215985458,0.21883050283153882,0.2669691987021144,1
232,2500,ccmar,0.2558505160746848,full,0.2525301718439321,0.008862273348748624,0.23516043525923563,0.2698999084286286,1
232,2500,ccmar,0.2558505160746848,cc,0.2474948813321891,0.011631999279755636,0.22469658167567222,0.270293180988706,1
232,2500,ccmar,0.2558505160746848,cc_ccproj,0.24749488133218905,0.011631999279755641,0.22469658167567214,0.27029318098870597,1
232,2500,ccmar,0.2558505160746848,seq,0.2458012846797817,0.01142956863457538,0.22339974179718533,0.2682028275623781,1
233,2500,ccmar,0.2558505160746848,full,0.2755934791929094,0.010407301324447395,0.25519554342073647,0.2959914149650823,1
233,2500,ccmar,0.2558505160746848,cc,0.26326644269739546,0.011365019263714892,0.24099141425691034,0.2855414711378806,1
233,2500,ccmar,0.2558505160746848,cc_ccproj,0.2632664426973955,0.011365019263714901,0.2409914142569104,0.28554147113788064,1
233,2500,ccmar,0.2558505160746848,seq,0.2646918020586194,0.011190827922171792,0.2427581823739775,0.28662542174326133,1
234,2500,ccmar,0.2558505160746848,full,0.25445768539498215,0.009376466204155255,0.23608014933258087,0.2728352214573834,1
234,2500,ccmar,0.2558505160746848,cc,0.25988791899827907,0.017701472455492136,0.2251936705121867,0.29458216748437144,1
234,2500,ccmar,0.2558505160746848,cc_ccproj,0.259887918998279,0.017701472455492143,0.2251936705121866,0.2945821674843714,1
234,2500,ccmar,0.2558505160746848,seq,0.2588055653553976,0.01695341060100788,0.2255774911623026,0.2920336395484926,1
235,2500,ccmar,0.2558505160746848,full,0.27085196272811757,0.010464655384632784,0.2503416150636142,0.29136231039262095,1
235,2500,ccmar,0.2558505160746848,cc,0.26858559930449766,0.014212037080253466,0.24073051848025306,0.29644068012874225,1
235,2500,ccmar,0.2558505160746848,cc_ccproj,0.2685855993044976,0.01421203708025347,0.240730518480253,0.2964406801287422,1
235,2500,ccmar,0.2558505160746848,seq,0.2661345078438727,0.013826399015647311,0.23903526373732392,0.2932337519504215,1
236,2500,ccmar,0.2558505160746848,full,0.25471768006240564,0.00890041089841326,0.23727319525390786,0.2721621648709034,1
236,2500,ccmar,0.2558505160746848,cc,0.26409306311822767,0.01448839531299808,0.23569633011097252,0.2924897961254828,1
236,2500,ccmar,0.2558505160746848,cc_ccproj,0.2640930631182275,0.014488395312998082,0.23569633011097235,0.29248979612548265,1
236,2500,ccmar,0.2558505160746848,seq,0.26039503078860154,0.014318859746352169,0.23233058138607096,0.2884594801911321,1
237,2500,ccmar,0.2558505160746848,full,0.2537250593227467,0.009212650391703756,0.2356685963528485,0.27178152229264485,1
237,2500,ccmar,0.2558505160746848,cc,0.2500159219561104,0.01494257639669222,0.22072901038235535,0.27930283352986546,1
237,2500,ccmar,0.2558505160746848,cc_ccproj,0.2500159219561105,0.014942576396692222,0.22072901038235546,0.27930283352986557,1
237,2500,ccmar,0.2558505160746848,seq,0.25190056188709936,0.014816926601367762,0.22285991938684507,0.28094120438735365,1
238,2500,ccmar,0.2558505160746848,full,0.2600113294976402,0.00925771163197953,0.24186654811970282,0.2781561108755776,1
238,2500,ccmar,0.2558505160746848,cc,0.2639751042047968,0.014542088463230152,0.2354731345568703,0.2924770738527233,1
238,2500,ccmar,0.2558505160746848,cc_ccproj,0.26397510420479686,0.014542088463230143,0.23547313455687036,0.29247707385272337,1
238,2500,ccmar,0.2558505160746848,seq,0.25838206932180685,0.013447123741278221,0.23202619109324804,0.2847379475503657,1
239,2500,ccmar,0.2558505160746848,full,0.2573902260404666,0.009023862203965383,0.23970378111924218,0.27507667096169097,1
239,2500,ccmar,0.2558505160746848,cc,0.27125845379367874,0.013676220366146363,0.24445355443139868,0.2980633531559588,1
239,2500,ccmar,0.2558505160746848,cc_ccproj,0.27125845379367886,0.013676220366146357,0.2444535544313988,0.2980633531559589,1
239,2500,ccmar,0.2558505160746848,seq,0.26765017104349104,0.013403562549344663,0.24137967118224563,0.29392067090473645,1
240,2500,ccmar,0.2558505160746848,full,0.24830490424370574,0.009147194616104465,0.2303767322365623,0.2662330762508492,1
240,2500,ccmar,0.2558505160746848,cc,0.250690405423716,0.013063775766783955,0.22508587541871233,0.2762949354287197,1
240,2500,ccmar,0.2558505160746848,cc_ccproj,0.2506904054237162,0.013063775766783954,0.2250858754187125,0.27629493542871986,1
240,2500,ccmar,0.2558505160746848,seq,0.2476665962122507,0.012788624131517455,0.22260135350265667,0.2727318389218447,1
241,2500,ccmar,0.2558505160746848,full,0.24690843950837058,0.00952318659550985,0.22824333676311664,0.2655735422536245,1
241,2500,ccmar,0.2558505160746848,cc,0.23271541147871203,0.01520528576525767,0.20291359900416744,0.2625172239532566,1
241,2500,ccmar,0.2558505160746848,cc_ccproj,0.23271541147871203,0.01520528576525767,0.20291359900416744,0.2625172239532566,1
241,2500,ccmar,0.2558505160746848,seq,0.22900332008629748,0.01473489210851583,0.200123462237523,0.257883177935072,1
242,2500,ccmar,0.2558505160746848,full,0.2639700146509748,0.01591187447920787,0.23278331374520533,0.2951567155567443,1
242,2500,ccmar,0.2558505160746848,cc,0.22394396243041273,0.036959917027054805,0.1515038561857966,0.29638406867502887,1
242,2500,ccmar,0.2558505160746848,cc_ccproj,0.22394396243041265,0.03695991702705479,0.15150385618579654,0.29638406867502876,1
242,2500,ccmar,0.2558505160746848,seq,0.22290945312912794,0.0356202260214199,0.15309509300596846,0.2927238132522874,1
243,2500,ccmar,0.2558505160746848,full,0.24605728946172775,0.01109466025105183,0.22431215494895806,0.26780242397449744,1
243,2500,ccmar,0.2558505160746848,cc,0.24330520538074302,0.015022286512867784,0.21386206485008036,0.2727483459114057,1
243,2500,ccmar,0.2558505160746848,cc_ccproj,0.24330520538074288,0.0150222865128678,0.2138620648500802,0.27274834591140557,1
243,2500,ccmar,0.2558505160746848,seq,0.24954230011639467,0.01447677145218743,0.22116834945768968,0.2779162507750996,1
244,2500,ccmar,0.2558505160746848,full,0.2868631420980915,0.009428407606509388,0.26838380275776963,0.30534248143841336,0
244,2500,ccmar,0.2558505160746848,cc,0.26175127856650643,0.013571877523713608,0.23515088741743911,0.28835166971557374,1
244,2500,ccmar,0.2558505160746848,cc_ccproj,0.2617512785665064,0.013571877523713614,0.23515088741743903,0.2883516697155737,1
244,2500,ccmar,0.2558505160746848,seq,0.26727786729424563,0.013193922247191701,0.24141825487492813,0.29313747971356313,1
245,2500,ccmar,0.2558505160746848,full,0.2746853219713511,0.009492860484702196,0.25607965731107135,0.29329098663163083,0
245,2500,ccmar,0.2558505160746848,cc,0.2852594832254247,0.017404130351724906,0.2511480145538035,0.31937095189704595,1
245,2500,ccmar,0.2558505160746848,cc_ccproj,0.28525948322542477,0.01740413035172491,0.25114801455380353,0.319370951897046,1
245,2500,ccmar,0.2558505160746848,seq,0.286359462521178,0.01729677483144899,0.2524584068028391,0.3202605182395169,1
246,2500,ccmar,0.2558505160746848,full,0.2509311195205556,0.009852153872938182,0.23162125275944995,0.2702409862816612,1
246,2500,ccmar,0.2558505160746848,cc,0.2495759069518172,0.013650093445301914,0.22282221541341918,0.2763295984902152,1
246,2500,ccmar,0.2558505160746848,cc_ccproj,0.24957590695181717,0.013650093445301941,0.2228222154134191,0.2763295984902152,1
246,2500,ccmar,0.2558505160746848,seq,0.24393142255360145,0.013356790496099145,0.21775259423220025,0.2701102508750027,1
247,2500,ccmar,0.2558505160746848,full,0.2668988319427282,0.011073776032488412,0.24519462974618805,0.2886030341392683,1
247,2500,ccmar,0.2558505160746848,cc,0.2553086994286209,0.01824900578089215,0.21954130534440902,0.29107609351283276,1
247,2500,ccmar,0.2558505160746848,cc_ccproj,0.2553086994286211,0.018249005780892148,0.21954130534440924,0.291076093512833,1
247,2500,ccmar,0.2558505160746848,seq,0.2529510483874327,0.018006456165172137,0.2176590428144961,0.2882430539603693,1
248,2500,ccmar,0.2558505160746848,full,0.264090791307611,0.01048109526765961,0.24354822206446494,0.284633360550757,1
248,2500,ccmar,0.2558505160746848,cc,0.273138195928425,0.014965320018485271,0.24380670767507756,0.3024696841817724,1
248,2500,ccmar,0.2558505160746848,cc_ccproj,0.2731381959284249,0.014965320018485273,0.24380670767507748,0.30246968418177234,1
248,2500,ccmar,0.2558505160746848,seq,0.2731190850121248,0.015033501800963205,0.24365396292071886,0.30258420710353073,1
249,2500,ccmar,0.2558505160746848,full,0.2604164230473303,0.009141513026223796,0.2424993867517279,0.2783334593429327,1
249,2500,ccmar,0.2558505160746848,cc,0.25261622244360576,0.01562868576932233,0.22198456121004034,0.2832478836771712,1
249,2500,ccmar,0.2558505160746848,cc_ccproj,0.25261622244360593,0.015628685769322317,0.2219845612100405,0.28324788367717135,1
249,2500,ccmar,0.2558505160746848,seq,0.24659603028471846,0.015122742982464276,0.21695599869163265,0.2762360618778043,1
250,2500,ccmar,0.2558505160746848,full,0.24209581382852466,0.008948823572458662,0.22455644192250263,0.2596351857345467,1
250,2500,ccmar,0.2558505160746848,cc,0.23796257567794993,0.011607937900191606,0.21521143545879687,0.26071371589710296,1
250,2500,ccmar,0.2558505160746848,cc_ccproj,0.23796257567794993,0.011607937900191611,0.21521143545879687,0.26071371589710296,1
250,2500,ccmar,0.2558505160746848,seq,0.2444739156365395,0.011886710868149028,0.22117639044032655,0.26777144083275245,1
251,2500,ccmar,0.2558505160746848,full,0.24817427636927572,0.009580815319408359,0.22939622340070573,0.26695232933784574,1
251,2500,ccmar,0.2558505160746848,cc,0.24101318525675178,0.012146564662189305,0.2172063559829738,0.2648200145305297,1
251,2500,ccmar,0.2558505160746848,cc_ccproj,0.24101318525675178,0.012146564662189297,0.21720635598297383,0.2648200145305297,1
251,2500,ccmar,0.2558505160746848,seq,0.24019926417914275,0.011787077370992953,0.2170970170490095,0.263301511309276,1
252,2500,ccmar,0.2558505160746848,full,0.24425654659710622,0.008389450370805953,0.22781352602024035,0.2606995671739721,1
252,2500,ccmar,0.2558505160746848,cc,0.24590619385049717,0.0126046479265858,0.22120153787658153,0.2706108498244128,1
252,2500,ccmar,0.2558505160746848,cc_ccproj,0.24590619385049703,0.012604647926585794,0.2212015378765814,0.27061084982441264,1
252,2500,ccmar,0.2558505160746848,seq,0.2453015149188852,0.01217551317907181,0.22143794759461166,0.2691650822431587,1
253,2500,ccmar,0.2558505160746848,full,0.2659151073381798,0.009830422086126618,0.24664783409654453,0.2851823805798151,1
253,2500,ccmar,0.2558505160746848,cc,0.2639271584392968,0.018498583932082313,0.22767060016742413,0.3001837167111695,1
253,2500,ccmar,0.2558505160746848,cc_ccproj,0.2639271584392967,0.018498583932082306,0.22767060016742405,0.3001837167111694,1
253,2500,ccmar,0.2558505160746848,seq,0.2650023264821073,0.018350243836184773,0.22903650945565704,0.3009681435085576,1
254,2500,ccmar,0.2558505160746848,full,0.2816196499101936,0.012218397445338086,0.25767203096853475,0.3055672688518525,0
254,2500,ccmar,0.2558505160746848,cc,0.26347791636967494,0.012923077268618698,0.23814915035375403,0.2888066823855958,1
254,2500,ccmar,0.2558505160746848,cc_ccproj,0.26347791636967477,0.012923077268618709,0.23814915035375384,0.2888066823855957,1
254,2500,ccmar,0.2558505160746848,seq,0.2630056325724621,0.012729192566734266,0.23805687358938799,0.28795439155553626,1
255,2500,ccmar,0.2558505160746848,full,0.24696484732413174,0.009746589701278926,0.22786188253753603,0.26606781211072744,1
255,2500,ccmar,0.2558505160746848,cc,0.24394517652956532,0.012424210342011171,0.21959417172287335,0.26829618133625727,1
255,2500,ccmar,0.2558505160746848,cc_ccproj,0.24394517652956518,0.012424210342011181,0.2195941717228732,0.26829618133625716,1
255,2500,ccmar,0.2558505160746848,seq,0.23746958419390998,0.012037496596983954,0.21387652439979798,0.261062643988022,1
256,2500,ccmar,0.2558505160746848,full,0.25299856194322307,0.009752742198118987,0.23388353848440585,0.2721135854020403,1
256,2500,ccmar,0.2558505160746848,cc,0.24729138778780538,0.012237007662161766,0.22330729349142764,0.2712754820841831,1
256,2500,ccmar,0.2558505160746848,cc_ccproj,0.24729138778780524,0.012237007662161776,0.22330729349142747,0.271275482084183,1
256,2500,ccmar,0.2558505160746848,seq,0.2443863784075991,0.012140358638861839,0.2205917127160302,0.26818104409916804,1
257,2500,ccmar,0.2558505160746848,full,0.24567895967373016,0.015806041255012615,0.21469968807575115,0.2766582312717092,1
257,2500,ccmar,0.2558505160746848,cc,0.2278864612739315,0.03108147068164462,0.16696789815137045,0.2888050243964926,1
257,2500,ccmar,0.2558505160746848,cc_ccproj,0.2278864612739315,0.031081470681644602,0.16696789815137048,0.2888050243964925,1
257,2500,ccmar,0.2558505160746848,seq,0.2258699128407489,0.030458656724112534,0.16617204264401958,0.2855677830374782,1
258,2500,ccmar,0.2558505160746848,full,0.25416654435530617,0.009407790454934954,0.23572761388953398,0.2726054748210784,1
258,2500,ccmar,0.2558505160746848,cc,0.26589626611604283,0.013441128684030322,0.23955213798377514,0.2922403942483105,1
258,2500,ccmar,0.2558505160746848,cc_ccproj,0.26589626611604283,0.013441128684030312,0.23955213798377517,0.2922403942483105,1
258,2500,ccmar,0.2558505160746848,seq,0.26872895420052983,0.012971065618113408,0.2433061327479218,0.2941517756531379,1
259,2500,ccmar,0.2558505160746848,full,0.24672535620392164,0.008929412444892627,0.22922402940882833,0.2642266829990149,1
259,2500,ccmar,0.2558505160746848,cc,0.23131234900282724,0.013053194222494003,0.2057285584435327,0.2568961395621218,1
259,2500,ccmar,0.2558505160746848,cc_ccproj,0.23131234900282735,0.013053194222493998,0.2057285584435328,0.2568961395621219,1
259,2500,ccmar,0.2558505160746848,seq,0.2351062003445503,0.01266832257308816,0.21027674435676172,0.2599356563323389,1
260,2500,ccmar,0.2558505160746848,full,0.23958943366178032,0.008674320889967505,0.22258807712710058,0.25659079019646003,1
260,2500,ccmar,0.2558505160746848,cc,0.2509215888251073,0.014395134585651557,0.22270764348462332,0.2791355341655912,1
260,2500,ccmar,0.2558505160746848,cc_ccproj,0.2509215888251073,0.014395134585651557,0.22270764348462332,0.2791355341655912,1
260,2500,ccmar,0.2558505160746848,seq,0.2519469449263939,0.014102664594845398,0.2243062302344488,0.27958765961833904,1
261,2500,ccmar,0.2558505160746848,full,0.2508613784498464,0.010052348270032672,0.23115913788052886,0.270563619019164,1
261,2500,ccmar,0.2558505160746848,cc,0.2561513528205142,0.011747325963466193,0.23312701701746819,0.27917568862356024,1
261,2500,ccmar,0.2558505160746848,cc_ccproj,0.2561513528205144,0.011747325963466202,0.23312701701746832,0.2791756886235604,1
261,2500,ccmar,0.2558505160746848,seq,0.25435056932086236,0.011430665147725078,0.231946877311984,0.27675426132974074,1
262,2500,ccmar,0.2558505160746848,full,0.2429020463111292,0.009951581318234443,0.22339730533816804,0.26240678728409034,1
262,2500,ccmar,0.2558505160746848,cc,0.2384973130983047,0.014200390418008574,0.2106650593126002,0.26632956688400916,1
262,2500,ccmar,0.2558505160746848,cc_ccproj,0.2384973130983047,0.014200390418008565,0.2106650593126002,0.26632956688400916,1
262,2500,ccmar,0.2558505160746848,seq,0.23666633935983145,0.013295025753304792,0.21060856770982156,0.26272411100984133,1
263,2500,ccmar,0.2558505160746848,full,0.2497799869998598,0.013201434906863369,0.2239056500381577,0.27565432396156186,1
263,2500,ccmar,0.2558505160746848,cc,0.253907221066338,0.019733131433188805,0.2152309941550927,0.29258344797758334,1
263,2500,ccmar,0.2558505160746848,cc_ccproj,0.25390722106633784,0.0197331314331888,0.21523099415509253,0.2925834479775831,1
263,2500,ccmar,0.2558505160746848,seq,0.25305166947450586,0.019247807214158034,0.2153266605533859,0.2907766783956258,1
264,2500,ccmar,0.2558505160746848,full,0.24467142448768456,0.010114315508669536,0.22484773036241734,0.2644951186129518,1
264,2500,ccmar,0.2558505160746848,cc,0.24009285494094285,0.01936128621322682,0.2021454312686464,0.2780402786132393,1
264,2500,ccmar,0.2558505160746848,cc_ccproj,0.2400928549409428,0.019361286213226813,0.20214543126864634,0.2780402786132392,1
264,2500,ccmar,0.2558505160746848,seq,0.24341397276011548,0.018981896862041613,0.20621013855226006,0.2806178069679709,1
265,2500,ccmar,0.2558505160746848,full,0.25226690172028304,0.009007000045762,0.2346135060218389,0.2699202974187272,1
265,2500,ccmar,0.2558505160746848,cc,0.2343071593417942,0.016170388709626282,0.20261377985491355,0.2660005388286748,1
265,2500,ccmar,0.2558505160746848,cc_ccproj,0.23430715934179425,0.016170388709626293,0.20261377985491358,0.2660005388286749,1
265,2500,ccmar,0.2558505160746848,seq,0.23708504242486875,0.016194861094063463,0.20534369794587543,0.26882638690386207,1
266,2500,ccmar,0.2558505160746848,full,0.2516624266741325,0.009821981785481293,0.23241169611778079,0.27091315723048426,1
266,2500,ccmar,0.2558505160746848,cc,0.26686556593955274,0.014788799423379028,0.23788005169514312,0.29585108018396233,1
266,2500,ccmar,0.2558505160746848,cc_ccproj,0.26686556593955263,0.014788799423379032,0.237880051695143,0.2958510801839622,1
266,2500,ccmar,0.2558505160746848,seq,0.27264906454856924,0.014438392145125052,0.24435033594945813,0.3009477931476804,1
267,2500,ccmar,0.2558505160746848,full,0.26315413582374814,0.010065717295418903,0.24342569244616516,0.2828825792013311,1
267,2500,ccmar,0.2558505160746848,cc,0.2533764934005571,0.017167081872118416,0.2197296312115546,0.28702335558955966,1
267,2500,ccmar,0.2558505160746848,cc_ccproj,0.2533764934005571,0.01716708187211841,0.2197296312115546,0.28702335558955966,1
267,2500,ccmar,0.2558505160746848,seq,0.25068978882193915,0.01663120260420333,0.21809323069811187,0.28328634694576643,1
268,2500,ccmar,0.2558505160746848,full,0.26225835468131525,0.011417063383608969,0.23988132164023065,0.2846353877223998,1
268,2500,ccmar,0.2558505160746848,cc,0.25168929791895994,0.025883876329827547,0.20095783253220917,0.3024207633057107,1
268,2500,ccmar,0.2558505160746848,cc_ccproj,0.25168929791896,0.025883876329827554,0.2009578325322092,0.30242076330571077,1
268,2500,ccmar,0.2558505160746848,seq,0.24987562444238762,0.025443606406413362,0.20000707224900482,0.2997441766357704,1
269,2500,ccmar,0.2558505160746848,full,0.2712419380884075,0.012443402813064507,0.2468533167296767,0.29563055944713834,1
269,2500,ccmar,0.2558505160746848,cc,0.2720990417275907,0.015069030036748188,0.24256428557361195,0.3016337978815694,1
269,2500,ccmar,0.2558505160746848,cc_ccproj,0.27209904172759053,0.015069030036748199,0.24256428557361176,0.3016337978815693,1
269,2500,ccmar,0.2558505160746848,seq,0.27212687779914163,0.01499244349935789,0.2427422285001485,0.3015115270981348,1
270,2500,ccmar,0.2558505160746848,full,0.2490023462868806,0.01197932978801042,0.22552329134345234,0.27248140123030884,1
270,2500,ccmar,0.2558505160746848,cc,0.24075719699814532,0.018908548094037952,0.20369712373388746,0.2778172702624032,1
270,2500,ccmar,0.2558505160746848,cc_ccproj,0.24075719699814527,0.01890854809403794,0.20369712373388743,0.2778172702624031,1
270,2500,ccmar,0.2558505160746848,seq,0.24730314510520351,0.017370261769434153,0.21325805763507957,0.28134823257532743,1
271,2500,ccmar,0.2558505160746848,full,0.24382186004371098,0.010317563199096174,0.2235998077652666,0.26404391232215535,1
271,2500,ccmar,0.2558505160746848,cc,0.2573570925295642,0.015105172433982118,0.227751498578692,0.2869626864804364,1
271,2500,ccmar,0.2558505160746848,cc_ccproj,0.25735709252956424,0.01510517243398212,0.22775149857869206,0.28696268648043644,1
271,2500,ccmar,0.2558505160746848,seq,0.2533657585964471,0.01500097282247697,0.2239643921313281,0.28276712506156615,1
272,2500,ccmar,0.2558505160746848,full,0.26018021729747454,0.009605761743585402,0.24135327023597447,0.2790071643589746,1
272,2500,ccmar,0.2558505160746848,cc,0.28766596915548837,0.013598104123847508,0.26101417481472167,0.31431776349625506,0
272,2500,ccmar,0.2558505160746848,cc_ccproj,0.28766596915548825,0.013598104123847508,0.26101417481472156,0.31431776349625495,0
272,2500,ccmar,0.2558505160746848,seq,0.2854496178507318,0.013397372985820616,0.25919124931107357,0.31170798639039005,0
273,2500,ccmar,0.2558505160746848,full,0.2400897399387776,0.008811856370442534,0.2228188188157704,0.2573606610617848,1
273,2500,ccmar,0.2558505160746848,cc,0.22504300263608912,0.011333257659756546,0.2028302257954536,0.24725577947672464,0
273,2500,ccmar,0.2558505160746848,cc_ccproj,0.22504300263608928,0.011333257659756554,0.20283022579545373,0.24725577947672484,0
273,2500,ccmar,0.2558505160746848,seq,0.21747530774139187,0.010813305793558865,0.1962816178321982,0.23866899765058555,0
274,2500,ccmar,0.2558505160746848,full,0.2670982707972229,0.012307526800617648,0.24297596152925086,0.291220580065195,1
274,2500,ccmar,0.2558505160746848,cc,0.2579310545239956,0.013217311543393385,0.23202559992649907,0.28383650912149216,1
274,2500,ccmar,0.2558505160746848,cc_ccproj,0.2579310545239956,0.013217311543393385,0.23202559992649907,0.28383650912149216,1
274,2500,ccmar,0.2558505160746848,seq,0.2598648013330105,0.01270933669804868,0.23495495913744185,0.2847746435285791,1
275,2500,ccmar,0.2558505160746848,full,0.2539499223050979,0.009656890040742471,0.23502276562257912,0.27287707898761665,1
275,2500,ccmar,0.2558505160746848,cc,0.2533253544612734,0.013466859856979532,0.2269307941567453,0.2797199147658015,1
275,2500,ccmar,0.2558505160746848,cc_ccproj,0.2533253544612736,0.013466859856979532,0.22693079415674547,0.27971991476580166,1
275,2500,ccmar,0.2558505160746848,seq,0.24932693476777076,0.013267676862066834,0.22332276595960437,0.27533110357593715,1
276,2500,ccmar,0.2558505160746848,full,0.2439958491054498,0.008747680567372032,0.22685071024513973,0.2611409879657599,1
276,2500,ccmar,0.2558505160746848,cc,0.2619584798679775,0.012929792498260727,0.23661655224381029,0.2873004074921447,1
276,2500,ccmar,0.2558505160746848,cc_ccproj,0.26195847986797743,0.01292979249826073,0.23661655224381023,0.28730040749214464,1
276,2500,ccmar,0.2558505160746848,seq,0.26353048937672513,0.012524775075949464,0.23898238131339927,0.288078597440051,1
277,2500,ccmar,0.2558505160746848,full,0.261931980213497,0.009387930426458281,0.24353197468827104,0.280331985738723,1
277,2500,ccmar,0.2558505160746848,cc,0.24432508249032373,0.013489484147105428,0.21788617939197308,0.27076398558867437,1
277,2500,ccmar,0.2558505160746848,cc_ccproj,0.2443250824903238,0.013489484147105428,0.21788617939197316,0.2707639855886744,1
277,2500,ccmar,0.2558505160746848,seq,0.24296103407718928,0.013093402093476258,0.21729843753887446,0.2686236306155041,1
278,2500,ccmar,0.2558505160746848,full,0.24943086981065554,0.010457281205614146,0.2289349752714442,0.26992676434986684,1
278,2500,ccmar,0.2558505160746848,cc,0.23446983630832754,0.021431292572961298,0.19246527472318264,0.27647439789347245,1
278,2500,ccmar,0.2558505160746848,cc_ccproj,0.23446983630832768,0.021431292572961266,0.19246527472318287,0.2764743978934725,1
278,2500,ccmar,0.2558505160746848,seq,0.2322912780329769,0.020146715908726246,0.1928044404451133,0.2717781156208405,1
279,2500,ccmar,0.2558505160746848,full,0.2646010209099547,0.011816643372178462,0.24144082548233098,0.2877612163375784,1
279,2500,ccmar,0.2558505160746848,cc,0.28611220296884343,0.01722526058397183,0.25235131259994126,0.3198730933377456,1
279,2500,ccmar,0.2558505160746848,cc_ccproj,0.2861122029688435,0.017225260583971832,0.2523513125999413,0.31987309333774566,1
279,2500,ccmar,0.2558505160746848,seq,0.2850724761982653,0.016911537629351,0.25192647152154346,0.31821848087498716,1
280,2500,ccmar,0.2558505160746848,full,0.2784791489909465,0.009239465806038577,0.26037012877472154,0.29658816920717146,0
280,2500,ccmar,0.2558505160746848,cc,0.29434450341156965,0.0171651445541972,0.2607014382959193,0.32798756852722,0
280,2500,ccmar,0.2558505160746848,cc_ccproj,0.2943445034115697,0.01716514455419718,0.2607014382959194,0.32798756852722,0
280,2500,ccmar,0.2558505160746848,seq,0.29454607285145273,0.01629984122658122,0.26259897109363234,0.32649317460927313,0
281,2500,ccmar,0.2558505160746848,full,0.25320539032305295,0.011058982765852718,0.23153018239633247,0.2748805982497734,1
281,2500,ccmar,0.2558505160746848,cc,0.28426324800550107,0.03063457848625394,0.2242205774908778,0.3443059185201244,1
281,2500,ccmar,0.2558505160746848,cc_ccproj,0.2842632480055009,0.030634578486253946,0.2242205774908776,0.3443059185201242,1
281,2500,ccmar,0.2558505160746848,seq,0.27761359801868013,0.03047454806259966,0.21788458137084993,0.33734261466651033,1
282,2500,ccmar,0.2558505160746848,full,0.2781900355327245,0.015062842233726073,0.2486674072498125,0.30771266381563644,1
282,2500,ccmar,0.2558505160746848,cc,0.2516437974476639,0.016248393323379594,0.21979753172719882,0.28349006316812897,1
282,2500,ccmar,0.2558505160746848,cc_ccproj,0.2516437974476639,0.01624839332337959,0.21979753172719885,0.28349006316812897,1
282,2500,ccmar,0.2558505160746848,seq,0.24961090132202607,0.015811984109521914,0.21861998194324347,0.28060182070080864,1
283,2500,ccmar,0.2558505160746848,full,0.272286966898632,0.014531908568089644,0.2438049494785473,0.30076898431871674,1
283,2500,ccmar,0.2558505160746848,cc,0.2589106669282551,0.014297811338489104,0.23088747164706802,0.28693386220944217,1
283,2500,ccmar,0.2558505160746848,cc_ccproj,0.258910666928255,0.01429781133848912,0.23088747164706788,0.28693386220944206,1
283,2500,ccmar,0.2558505160746848,seq,0.25800737077328895,0.014017326755527892,0.2305339151729246,0.2854808263736533,1
284,2500,ccmar,0.2558505160746848,full,0.25293063413280326,0.009119952072910453,0.23505585652916736,0.27080541173643913,1
284,2500,ccmar,0.2558505160746848,cc,0.24553412201465463,0.018242935572974905,0.20977862531933925,0.28128961870997005,1
284,2500,ccmar,0.2558505160746848,cc_ccproj,0.24553412201465452,0.018242935572974885,0.20977862531933916,0.2812896187099699,1
284,2500,ccmar,0.2558505160746848,seq,0.2448051723918989,0.017424040034909313,0.2106546814582926,0.27895566332550514,1
285,2500,ccmar,0.2558505160746848,full,0.2569125134824882,0.008674141189063839,0.23991150915510767,0.2739135178098688,1
285,2500,ccmar,0.2558505160746848,cc,0.2575836701098592,0.014821358870263916,0.22853434052219868,0.28663299969751976,1
285,2500,ccmar,0.2558505160746848,cc_ccproj,0.2575836701098594,0.014821358870263921,0.22853434052219884,0.28663299969751993,1
285,2500,ccmar,0.2558505160746848,seq,0.2600323949817047,0.014038526614413616,0.232517388421447,0.2875474015419624,1
286,2500,ccmar,0.2558505160746848,full,0.24727705948788567,0.010470291610214002,0.22675566502423433,0.267798453951537,1
286,2500,ccmar,0.2558505160746848,cc,0.2522348304183248,0.014333159451382017,0.22414235410894615,0.2803273067277034,1
286,2500,ccmar,0.2558505160746848,cc_ccproj,0.2522348304183246,0.014333159451382022,0.22414235410894598,0.2803273067277033,1
286,2500,ccmar,0.2558505160746848,seq,0.24909087396653157,0.014051810216250684,0.22154983202508824,0.27663191590797487,1
287,2500,ccmar,0.2558505160746848,full,0.2462114526721185,0.011651061851281563,0.22337579106195807,0.26904711428227895,1
287,2500,ccmar,0.2558505160746848,cc,0.20545378631977423,0.02884816288010346,0.14891242605462618,0.2619951465849223,1
287,2500,ccmar,0.2558505160746848,cc_ccproj,0.20545378631977404,0.028848162880103438,0.148912426054626,0.26199514658492207,1
287,2500,ccmar,0.2558505160746848,seq,0.20879959515613833,0.027831304217440934,0.15425124124717637,0.2633479490651003,1
288,2500,ccmar,0.2558505160746848,full,0.24594486820680467,0.011134431658902271,0.22412178316703366,0.2677679532465757,1
288,2500,ccmar,0.2558505160746848,cc,0.22555582010067554,0.012310714434465866,0.20142726318516507,0.249684377016186,0
288,2500,ccmar,0.2558505160746848,cc_ccproj,0.22555582010067543,0.012310714434465866,0.20142726318516496,0.2496843770161859,0
288,2500,ccmar,0.2558505160746848,seq,0.22317915908727365,0.012316805247767905,0.19903866439705462,0.24731965377749268,0
289,2500,ccmar,0.2558505160746848,full,0.25641930388351375,0.008841939837361524,0.23908942024881522,0.27374918751821226,1
289,2500,ccmar,0.2558505160746848,cc,0.25327490446390344,0.012994645773854977,0.22780586675529207,0.2787439421725148,1
289,2500,ccmar,0.2558505160746848,cc_ccproj,0.2532749044639034,0.01299464577385499,0.227805866755292,0.2787439421725148,1
289,2500,ccmar,0.2558505160746848,seq,0.2536712235357207,0.012760646813285792,0.22866081536224472,0.27868163170919663,1
290,2500,ccmar,0.2558505160746848,full,0.26049428153417914,0.009808946047217094,0.24126910055533712,0.27971946251302116,1
290,2500,ccmar,0.2558505160746848,cc,0.2499717502481786,0.014867347008075944,0.22083228556669043,0.2791112149296668,1
290,2500,ccmar,0.2558505160746848,cc_ccproj,0.24997175024817897,0.014867347008075935,0.22083228556669082,0.2791112149296671,1
290,2500,ccmar,0.2558505160746848,seq,0.2575405987051867,0.014299932896917899,0.2295132452458881,0.2855679521644853,1
291,2500,ccmar,0.2558505160746848,full,0.2567081255443382,0.010491981581329317,0.23614421951847514,0.27727203157020125,1
291,2500,ccmar,0.2558505160746848,cc,0.24347582766068948,0.017506303773492115,0.2091641027622273,0.27778755255915166,1
291,2500,ccmar,0.2558505160746848,cc_ccproj,0.24347582766068923,0.01750630377349212,0.20916410276222702,0.27778755255915144,1
291,2500,ccmar,0.2558505160746848,seq,0.24580080620455624,0.01688036551678597,0.2127158977457839,0.2788857146633286,1
292,2500,ccmar,0.2558505160746848,full,0.25810433217026074,0.00884694314336031,0.24076464223600097,0.2754440221045205,1
292,2500,ccmar,0.2558505160746848,cc,0.27477187143533166,0.014251997288738983,0.24683847004164075,0.30270527282902254,1
292,2500,ccmar,0.2558505160746848,cc_ccproj,0.27477187143533155,0.014251997288738992,0.24683847004164064,0.3027052728290225,1
292,2500,ccmar,0.2558505160746848,seq,0.27546519998087954,0.014032521907738031,0.2479619624294437,0.3029684375323154,1
293,2500,ccmar,0.2558505160746848,full,0.25900310681970273,0.0097289649399231,0.23993468593060058,0.2780715277088049,1
293,2500,ccmar,0.2558505160746848,cc,0.23706081189949624,0.01572669814542261,0.20623704993873507,0.26788457386025744,1
293,2500,ccmar,0.2558505160746848,cc_ccproj,0.2370608118994961,0.015726698145422612,0.20623704993873493,0.26788457386025727,1
293,2500,ccmar,0.2558505160746848,seq,0.24249526415234812,0.015308858901351606,0.21249045206129355,0.27250007624340267,1
294,2500,ccmar,0.2558505160746848,full,0.2517097306653673,0.00902665991351684,0.23401780233418285,0.2694016589965517,1
294,2500,ccmar,0.2558505160746848,cc,0.2544396424098837,0.013762543198214064,0.22746555340570745,0.28141373141405995,1
294,2500,ccmar,0.2558505160746848,cc_ccproj,0.2544396424098839,0.013762543198214055,0.22746555340570768,0.2814137314140602,1
294,2500,ccmar,0.2558505160746848,seq,0.2600773340156291,0.013278364482052007,0.2340522178572113,0.2861024501740469,1
295,2500,ccmar,0.2558505160746848,full,0.26681800338748296,0.011282075682724236,0.24470554137848832,0.2889304653964776,1
295,2500,ccmar,0.2558505160746848,cc,0.27437850958777277,0.03207100298961123,0.21152049878005835,0.3372365203954872,1
295,2500,ccmar,0.2558505160746848,cc_ccproj,0.2743785095877729,0.03207100298961124,0.21152049878005846,0.3372365203954873,1
295,2500,ccmar,0.2558505160746848,seq,0.279652806865057,0.03176797771668087,0.21738871467869153,0.3419168990514225,1
296,2500,ccmar,0.2558505160746848,full,0.2481231856884485,0.008907286061061318,0.23066522580877266,0.2655811455681243,1
296,2500,ccmar,0.2558505160746848,cc,0.27273774069257223,0.014820530286168308,0.24369003509989723,0.3017854462852472,1
296,2500,ccmar,0.2558505160746848,cc_ccproj,0.2727377406925722,0.014820530286168304,0.2436900350998972,0.30178544628524717,1
296,2500,ccmar,0.2558505160746848,seq,0.27274590916304503,0.014444804140677694,0.2444346132835817,0.3010572050425084,1
297,2500,ccmar,0.2558505160746848,full,0.2713769981945582,0.008496171367735611,0.254724808307316,0.2880291880818004,1
297,2500,ccmar,0.2558505160746848,cc,0.26718494430849815,0.013692761518331889,0.24034762488367167,0.29402226373332463,1
297,2500,ccmar,0.2558505160746848,cc_ccproj,0.26718494430849804,0.013692761518331889,0.24034762488367156,0.2940222637333245,1
297,2500,ccmar,0.2558505160746848,seq,0.2716586236739006,0.01360534050344818,0.2449926462897381,0.2983246010580631,1
298,2500,ccmar,0.2558505160746848,full,0.2400116942482947,0.01069140519614742,0.21905692511972136,0.260966463376868,1
298,2500,ccmar,0.2558505160746848,cc,0.2072419304802821,0.01815744363971769,0.17165399489511957,0.24282986606544466,0
298,2500,ccmar,0.2558505160746848,cc_ccproj,0.20724193048028183,0.018157443639717687,0.1716539948951193,0.24282986606544438,0
298,2500,ccmar,0.2558505160746848,seq,0.21301045425552048,0.01694241286126731,0.17980393523622834,0.24621697327481262,0
299,2500,ccmar,0.2558505160746848,full,0.2559709225391898,0.010847679541344375,0.23470986132232285,0.27723198375605673,1
299,2500,ccmar,0.2558505160746848,cc,0.23825790982617737,0.025740158133096977,0.18780812692894153,0.2887076927234132,1
299,2500,ccmar,0.2558505160746848,cc_ccproj,0.23825790982617728,0.025740158133096977,0.18780812692894144,0.2887076927234131,1
299,2500,ccmar,0.2558505160746848,seq,0.2395437833515126,0.02541968711953334,0.18972211209895054,0.28936545460407465,1
300,2500,ccmar,0.2558505160746848,full,0.25464133627449764,0.008860611101162047,0.23727485763520423,0.27200781491379106,1
300,2500,ccmar,0.2558505160746848,cc,0.2532595795922008,0.016228944829753126,0.22145143221879715,0.28506772696560445,1
300,2500,ccmar,0.2558505160746848,cc_ccproj,0.2532595795922006,0.016228944829753126,0.22145143221879693,0.28506772696560423,1
300,2500,ccmar,0.2558505160746848,seq,0.2526374026645417,0.015980826557933706,0.22131555816781046,0.28395924716127297,1
301,2500,ccmar,0.2558505160746848,full,0.25996102860834436,0.009540993201799361,0.24126102555607612,0.2786610316606126,1
301,2500,ccmar,0.2558505160746848,cc,0.25021148939671795,0.01595573726018745,0.21893881901996676,0.28148415977346913,1
301,2500,ccmar,0.2558505160746848,cc_ccproj,0.2502114893967182,0.015955737260187456,0.218938819019967,0.2814841597734694,1
301,2500,ccmar,0.2558505160746848,seq,0.2516382331364867,0.015677404660509948,0.22091108463082682,0.2823653816421466,1
302,2500,ccmar,0.2558505160746848,full,0.22993670992096168,0.011301805953255938,0.20778557729231967,0.2520878425496037,0
302,2500,ccmar,0.2558505160746848,cc,0.2656388773314569,0.015214918280307783,0.23581818547433356,0.29545956918858024,1
302,2500,ccmar,0.2558505160746848,cc_ccproj,0.2656388773314567,0.015214918280307788,0.23581818547433334,0.2954595691885801,1
302,2500,ccmar,0.2558505160746848,seq,0.26735835159205995,0.015123864066758204,0.2377161227141344,0.2970005804699855,1
303,2500,ccmar,0.2558505160746848,full,0.2566387189614556,0.010391312224704827,0.23627212124892338,0.27700531667398787,1
303,2500,ccmar,0.2558505160746848,cc,0.24223481090559443,0.016333284204751584,0.21022216211502437,0.2742474596961645,1
303,2500,ccmar,0.2558505160746848,cc_ccproj,0.24223481090559457,0.016333284204751566,0.21022216211502456,0.2742474596961646,1
303,2500,ccmar,0.2558505160746848,seq,0.23680428350111707,0.015595291969155873,0.20623807291318483,0.26737049408904934,1
304,2500,ccmar,0.2558505160746848,full,0.25248844367744455,0.010151467226240059,0.23259193352377533,0.2723849538311138,1
304,2500,ccmar,0.2558505160746848,cc,0.2502980872370205,0.013794891833212601,0.2232605960732981,0.27733557840074297,1
304,2500,ccmar,0.2558505160746848,cc_ccproj,0.2502980872370205,0.013794891833212603,0.2232605960732981,0.27733557840074297,1
304,2500,ccmar,0.2558505160746848,seq,0.24848797477552648,0.013554181146971067,0.2219222678875314,0.27505368166352157,1
305,2500,ccmar,0.2558505160746848,full,0.2572685699849501,0.010757693611626477,0.23618387794944562,0.27835326202045463,1
305,2500,ccmar,0.2558505160746848,cc,0.2686397797004117,0.018422250897124775,0.23253283142788644,0.30474672797293695,1
305,2500,ccmar,0.2558505160746848,cc_ccproj,0.2686397797004116,0.018422250897124782,0.2325328314278863,0.30474672797293684,1
305,2500,ccmar,0.2558505160746848,seq,0.26010212449352704,0.018078883982472056,0.22466816300720374,0.2955360859798503,1
306,2500,ccmar,0.2558505160746848,full,0.2533525420682594,0.010036853954081151,0.23368066980017194,0.2730244143363469,1
306,2500,ccmar,0.2558505160746848,cc,0.2742508604784294,0.01860142751283674,0.23779273249223692,0.31070898846462186,1
306,2500,ccmar,0.2558505160746848,cc_ccproj,0.2742508604784292,0.018601427512836746,0.23779273249223673,0.3107089884646217,1
306,2500,ccmar,0.2558505160746848,seq,0.27427075722655475,0.018279465858373506,0.23844366248751314,0.31009785196559636,1
307,2500,ccmar,0.2558505160746848,full,0.25659732658967915,0.009767852789836818,0.2374526869153099,0.2757419662640484,1
307,2500,ccmar,0.2558505160746848,cc,0.23240626045901921,0.013681720190025273,0.20559058164001517,0.2592219392780233,1
307,2500,ccmar,0.2558505160746848,cc_ccproj,0.23240626045901913,0.013681720190025268,0.2055905816400151,0.2592219392780232,1
307,2500,ccmar,0.2558505160746848,seq,0.2329835095327623,0.012934102909031561,0.2076331336587257,0.2583338854067989,1
308,2500,ccmar,0.2558505160746848,full,0.25085014197272704,0.01021069899079249,0.23083753969379428,0.2708627442516598,1
308,2500,ccmar,0.2558505160746848,cc,0.26885596042631915,0.01610700668188399,0.23728680743108052,0.30042511342155775,1
308,2500,ccmar,0.2558505160746848,cc_ccproj,0.26885596042631904,0.016107006681883994,0.2372868074310804,0.30042511342155764,1
308,2500,ccmar,0.2558505160746848,seq,0.26766647856466835,0.015733422051016636,0.23682953799110745,0.29850341913822925,1
309,2500,ccmar,0.2558505160746848,full,0.2556120198616467,0.010235503489025723,0.23555080165952225,0.2756732380637712,1
309,2500,ccmar,0.2558505160746848,cc,0.274151142933276,0.01818679542181477,0.23850567891232113,0.3097966069542309,1
309,2500,ccmar,0.2558505160746848,cc_ccproj,0.2741511429332761,0.01818679542181477,0.2385056789123212,0.30979660695423095,1
309,2500,ccmar,0.2558505160746848,seq,0.27299222754165986,0.017722268966328655,0.2382572186433238,0.3077272364399959,1
310,2500,ccmar,0.2558505160746848,full,0.25623462513991146,0.009586797626900066,0.23744484706411328,0.27502440321570965,1
310,2500,ccmar,0.2558505160746848,cc,0.24078966724741122,0.010337528079507097,0.22052848452240578,0.2610508499724166,1
310,2500,ccmar,0.2558505160746848,cc_ccproj,0.24078966724741113,0.010337528079507106,0.2205284845224057,0.26105084997241657,1
310,2500,ccmar,0.2558505160746848,seq,0.2379108644028575,0.010158437563788456,0.2180006926386333,0.2578210361670817,1
311,2500,ccmar,0.2558505160746848,full,0.26584716050020163,0.011809453391246482,0.24270105717625412,0.28899326382414914,1
311,2500,ccmar,0.2558505160746848,cc,0.25987435342192755,0.017055826371721518,0.2264455480067849,0.2933031588370702,1
311,2500,ccmar,0.2558505160746848,cc_ccproj,0.25987435342192744,0.017055826371721525,0.2264455480067848,0.2933031588370701,1
311,2500,ccmar,0.2558505160746848,seq,0.26137651012422164,0.016721706832750986,0.22860256697199238,0.2941504532764509,1
312,2500,ccmar,0.2558505160746848,full,0.2754815100812636,0.017407413199685032,0.2413636071458738,0.3095994130166534,1
312,2500,ccmar,0.2558505160746848,cc,0.3180033882492749,0.06206628216603496,0.1963557105495457,0.43965106594900405,1
312,2500,ccmar,0.2558505160746848,cc_ccproj,0.31800338824927465,0.06206628216603496,0.19635571054954548,0.4396510659490038,1
312,2500,ccmar,0.2558505160746848,seq,0.31437897006046606,0.06196245922520863,0.19293478158552552,0.4358231585354066,1
313,2500,ccmar,0.2558505160746848,full,0.26845725300129075,0.00951067541004368,0.24981667172895444,0.28709783427362706,1
313,2500,ccmar,0.2558505160746848,cc,0.26142590094451856,0.013255578177199474,0.23544544512295248,0.2874063567660846,1
313,2500,ccmar,0.2558505160746848,cc_ccproj,0.2614259009445188,0.013255578177199474,0.2354454451229527,0.28740635676608484,1
313,2500,ccmar,0.2558505160746848,seq,0.262759845607267,0.01280474713916336,0.23766300238336452,0.2878566888311695,1
314,2500,ccmar,0.2558505160746848,full,0.2536114628021461,0.009517128176967846,0.23495823433903776,0.2722646912652544,1
314,2500,ccmar,0.2558505160746848,cc,0.25593232003564137,0.013255904744163381,0.22995122415458752,0.2819134159166952,1
314,2500,ccmar,0.2558505160746848,cc_ccproj,0.25593232003564154,0.013255904744163372,0.22995122415458769,0.2819134159166954,1
314,2500,ccmar,0.2558505160746848,seq,0.2553119704139026,0.013047322687586183,0.22973968785156132,0.28088425297624386,1
315,2500,ccmar,0.2558505160746848,full,0.2466864406704116,0.010034652055116243,0.22701888404499293,0.26635399729583026,1
315,2500,ccmar,0.2558505160746848,cc,0.24065576473344463,0.013169025488174703,0.2148449490651322,0.2664665804017571,1
315,2500,ccmar,0.2558505160746848,cc_ccproj,0.24065576473344472,0.01316902548817471,0.2148449490651323,0.26646658040175714,1
315,2500,ccmar,0.2558505160746848,seq,0.23631250878095217,0.012990781292464434,0.2108510453166852,0.26177397224521914,1
316,2500,ccmar,0.2558505160746848,full,0.25489358211833923,0.008671538167678993,0.23789767961912395,0.2718894846175545,1
316,2500,ccmar,0.2558505160746848,cc,0.25577242422363683,0.01199150688307955,0.23226950261243676,0.27927534583483693,1
316,2500,ccmar,0.2558505160746848,cc_ccproj,0.255772424223637,0.011991506883079563,0.2322695026124369,0.2792753458348371,1
316,2500,ccmar,0.2558505160746848,seq,0.2577754626926408,0.011749746765773722,0.2347463822042583,0.28080454318102327,1
317,2500,ccmar,0.2558505160746848,full,0.2622133330395534,0.01117047628680013,0.24031960182726644,0.2841070642518404,1
317,2500,ccmar,0.2558505160746848,cc,0.2688206587889957,0.011177515900555178,0.24691313018728375,0.2907281873907076,1
317,2500,ccmar,0.2558505160746848,cc_ccproj,0.2688206587889957,0.01117751590055519,0.24691313018728372,0.29072818739070766,1
317,2500,ccmar,0.2558505160746848,seq,0.26579870200500383,0.011027926036676588,0.24418436414894618,0.2874130398610615,1
318,2500,ccmar,0.2558505160746848,full,0.26711296401051,0.010191570508722728,0.24713785286751289,0.2870880751535071,1
318,2500,ccmar,0.2558505160746848,cc,0.2752362777427083,0.01636238596582668,0.2431665905485444,0.30730596493687223,1
318,2500,ccmar,0.2558505160746848,cc_ccproj,0.27523627774270815,0.016362385965826683,0.24316659054854423,0.30730596493687207,1
318,2500,ccmar,0.2558505160746848,seq,0.26929505986331,0.016149732186214134,0.23764216641836297,0.30094795330825697,1
319,2500,ccmar,0.2558505160746848,full,0.2539625449202426,0.009070302144997041,0.23618507938715202,0.27174001045333324,1
319,2500,ccmar,0.2558505160746848,cc,0.2525670141268942,0.011380145795532325,0.2302623382288359,0.2748716900249525,1
319,2500,ccmar,0.2558505160746848,cc_ccproj,0.2525670141268942,0.011380145795532322,0.23026233822883593,0.2748716900249525,1
319,2500,ccmar,0.2558505160746848,seq,0.24404420992299997,0.011082643873219708,0.22232262707800585,0.26576579276799406,1
320,2500,ccmar,0.2558505160746848,full,0.254073146971967,0.009524953431083828,0.23540458129262146,0.2727417126513125,1
320,2500,ccmar,0.2558505160746848,cc,0.24746319028348485,0.014182862452579548,0.21966529067874352,0.2752610898882262,1
320,2500,ccmar,0.2558505160746848,cc_ccproj,0.2474631902834848,0.014182862452579558,0.21966529067874344,0.2752610898882262,1
320,2500,ccmar,0.2558505160746848,seq,0.2472642419676804,0.0140384030192126,0.21974947764956534,0.27477900628579544,1
321,2500,ccmar,0.2558505160746848,full,0.2697121047805651,0.009396418353234192,0.2512954632245549,0.2881287463365753,1
321,2500,ccmar,0.2558505160746848,cc,0.25364680213529983,0.012159970621620594,0.22981369766385834,0.2774799066067413,1
321,2500,ccmar,0.2558505160746848,cc_ccproj,0.25364680213529955,0.012159970621620607,0.22981369766385804,0.2774799066067411,1
321,2500,ccmar,0.2558505160746848,seq,0.25496177555019695,0.01192172480596595,0.23159562429690592,0.27832792680348795,1
322,2500,ccmar,0.2558505160746848,full,0.258330941754345,0.009795678599271938,0.23913176449564225,0.27753011901304775,1
322,2500,ccmar,0.2558505160746848,cc,0.25554984520352453,0.012290807852446984,0.23146030447182636,0.2796393859352227,1
322,2500,ccmar,0.2558505160746848,cc_ccproj,0.25554984520352475,0.012290807852446968,0.2314603044718266,0.2796393859352229,1
322,2500,ccmar,0.2558505160746848,seq,0.25137269491554737,0.011665098084213945,0.22850952279436085,0.27423586703673386,1
323,2500,ccmar,0.2558505160746848,full,0.2664701034093383,0.01253251958130656,0.24190681639443445,0.29103339042424214,1
323,2500,ccmar,0.2558505160746848,cc,0.24388715799946822,0.025612610874369522,0.193687363135665,0.2940869528632714,1
323,2500,ccmar,0.2558505160746848,cc_ccproj,0.2438871579994683,0.025612610874369505,0.19368736313566515,0.29408695286327147,1
323,2500,ccmar,0.2558505160746848,seq,0.24309949320948226,0.02483797562615732,0.19441795553333022,0.2917810308856343,1
324,2500,ccmar,0.2558505160746848,full,0.25987726887588214,0.009343086460025877,0.24156515590978758,0.27818938184197667,1
324,2500,ccmar,0.2558505160746848,cc,0.257373988782488,0.012075763399172233,0.23370592743428345,0.28104205013069256,1
324,2500,ccmar,0.2558505160746848,cc_ccproj,0.2573739887824878,0.012075763399172228,0.23370592743428326,0.28104205013069233,1
324,2500,ccmar,0.2558505160746848,seq,0.2597719275045038,0.011955099161082356,0.23634036371717734,0.2832034912918302,1
325,2500,ccmar,0.2558505160746848,full,0.24729389524965117,0.00931205395201115,0.22904260488161543,0.2655451856176869,1
325,2500,ccmar,0.2558505160746848,cc,0.24721230741746514,0.013788666912403751,0.22018701687433467,0.2742375979605956,1
325,2500,ccmar,0.2558505160746848,cc_ccproj,0.247212307417465,0.013788666912403763,0.2201870168743345,0.2742375979605955,1
325,2500,ccmar,0.2558505160746848,seq,0.2391048905889075,0.013254843727146534,0.21312587426299362,0.26508390691482137,1
326,2500,ccmar,0.2558505160746848,full,0.2455612959038502,0.010937904631602111,0.2241233967595762,0.2669991950481242,1
326,2500,ccmar,0.2558505160746848,cc,0.2820473374334029,0.01823931185925179,0.2462989430864751,0.31779573178033066,1
326,2500,ccmar,0.2558505160746848,cc_ccproj,0.28204733743340304,0.018239311859251785,0.24629894308647526,0.3177957317803308,1
326,2500,ccmar,0.2558505160746848,seq,0.28302851653512673,0.017583751967369027,0.24856499596599813,0.31749203710425533,1
327,2500,ccmar,0.2558505160746848,full,0.24691118473849147,0.008661056478835501,0.2299358259719066,0.26388654350507634,1
327,2500,ccmar,0.2558505160746848,cc,0.25891116440111295,0.014870903160656061,0.2297647297886442,0.2880575990135817,1
327,2500,ccmar,0.2558505160746848,cc_ccproj,0.2589111644011128,0.014870903160656083,0.229764729788644,0.2880575990135816,1
327,2500,ccmar,0.2558505160746848,seq,0.2532516455301399,0.014426570477882372,0.22497608697306165,0.28152720408721815,1
328,2500,ccmar,0.2558505160746848,full,0.2725942565642838,0.010174605204070675,0.2526523968073915,0.29253611632117615,1
328,2500,ccmar,0.2558505160746848,cc,0.2634340219447073,0.014280296688219462,0.23544515474725053,0.291422889142164,1
328,2500,ccmar,0.2558505160746848,cc_ccproj,0.2634340219447074,0.014280296688219465,0.23544515474725064,0.29142288914216413,1
328,2500,ccmar,0.2558505160746848,seq,0.2591053413537221,0.014087044833386481,0.23149524083168355,0.28671544187576065,1
329,2500,ccmar,0.2558505160746848,full,0.2601116344896258,0.009692058161013291,0.24111554955797226,0.2791077194212794,1
329,2500,ccmar,0.2558505160746848,cc,0.25158796156905583,0.014159202524013328,0.22383643457218108,0.2793394885659306,1
329,2500,ccmar,0.2558505160746848,cc_ccproj,0.2515879615690557,0.014159202524013313,0.223836434572181,0.27933948856593044,1
329,2500,ccmar,0.2558505160746848,seq,0.2550631318412066,0.01330349139104887,0.22898876784611216,0.28113749583630104,1
330,2500,ccmar,0.2558505160746848,full,0.25584540016326646,0.00904187746736273,0.23812364597461128,0.27356715435192164,1
330,2500,ccmar,0.2558505160746848,cc,0.24432284794417278,0.012981337017375279,0.2188798949189406,0.26976580096940495,1
330,2500,ccmar,0.2558505160746848,cc_ccproj,0.24432284794417264,0.012981337017375291,0.21887989491894047,0.26976580096940483,1
330,2500,ccmar,0.2558505160746848,seq,0.23984290485629609,0.012716745548634681,0.21491854158041207,0.2647672681321801,1
331,2500,ccmar,0.2558505160746848,full,0.253277233123182,0.012370646912630581,0.22903121070896446,0.27752325553739954,1
331,2500,ccmar,0.2558505160746848,cc,0.23707572441545935,0.02681823562360913,0.18451294846427638,0.2896385003666423,1
331,2500,ccmar,0.2558505160746848,cc_ccproj,0.2370757244154595,0.026818235623609143,0.1845129484642765,0.2896385003666425,1
331,2500,ccmar,0.2558505160746848,seq,0.24484756346669137,0.026591776006165812,0.19272864020965003,0.2969664867237327,1
332,2500,ccmar,0.2558505160746848,full,0.248949438925453,0.008900101939813504,0.23150555966468345,0.2663933181862225,1
332,2500,ccmar,0.2558505160746848,cc,0.22363237982145776,0.011815918296810297,0.20047360551544172,0.2467911541274738,0
332,2500,ccmar,0.2558505160746848,cc_ccproj,0.22363237982145764,0.011815918296810295,0.2004736055154416,0.24679115412747368,0
332,2500,ccmar,0.2558505160746848,seq,0.2312122875963384,0.011762167792874282,0.20815886234218783,0.254265712850489,0
333,2500,ccmar,0.2558505160746848,full,0.269960805996276,0.010653463383676186,0.24908040145365443,0.2908412105388975,1
333,2500,ccmar,0.2558505160746848,cc,0.2707156668362927,0.022691762023454968,0.22624063052456725,0.3151907031480182,1
333,2500,ccmar,0.2558505160746848,cc_ccproj,0.2707156668362927,0.02269176202345496,0.22624063052456725,0.31519070314801817,1
333,2500,ccmar,0.2558505160746848,seq,0.27270770109870074,0.022032813757896945,0.22952417965514413,0.3158912225422574,1
334,2500,ccmar,0.2558505160746848,full,0.26552214002728314,0.010251688561366044,0.24542919966628446,0.2856150803882818,1
334,2500,ccmar,0.2558505160746848,cc,0.2712100096480174,0.01626635379040945,0.23932854205902826,0.3030914772370065,1
334,2500,ccmar,0.2558505160746848,cc_ccproj,0.2712100096480174,0.016266353790409457,0.23932854205902826,0.3030914772370065,1
334,2500,ccmar,0.2558505160746848,seq,0.2709882542008845,0.01618654042547902,0.239263217932644,0.30271329046912504,1
335,2500,ccmar,0.2558505160746848,full,0.27711945302930774,0.010141370067460832,0.25724273294319194,0.29699617311542353,0
335,2500,ccmar,0.2558505160746848,cc,0.2780089641035062,0.018406743804918354,0.24193240917321043,0.3140855190338019,1
335,2500,ccmar,0.2558505160746848,cc_ccproj,0.27800896410350634,0.018406743804918354,0.2419324091732106,0.31408551903380205,1
335,2500,ccmar,0.2558505160746848,seq,0.27883730385711314,0.018203652734168328,0.24315880011106913,0.3145158076031571,1
336,2500,ccmar,0.2558505160746848,full,0.24005120598223284,0.010898524708579842,0.21869049006879646,0.2614119218956692,1
336,2500,ccmar,0.2558505160746848,cc,0.2425864075819454,0.020922593541489426,0.2015788777774558,0.283593937386435,1
336,2500,ccmar,0.2558505160746848,cc_ccproj,0.24258640758194525,0.020922593541489416,0.20157887777745565,0.28359393738643485,1
336,2500,ccmar,0.2558505160746848,seq,0.24324479404134933,0.019892155349914377,0.2042568859806414,0.28223270210205725,1
337,2500,ccmar,0.2558505160746848,full,0.25552376480168887,0.011423988359285932,0.23313315905768361,0.2779143705456941,1
337,2500,ccmar,0.2558505160746848,cc,0.22621632361693825,0.019702462770475625,0.18760020618006476,0.2648324410538117,1
337,2500,ccmar,0.2558505160746848,cc_ccproj,0.2262163236169381,0.019702462770475666,0.18760020618006457,0.26483244105381165,1
337,2500,ccmar,0.2558505160746848,seq,0.23521031889983707,0.01952708132564681,0.19693794277838467,0.27348269502128947,1
338,2500,ccmar,0.2558505160746848,full,0.27636731068138204,0.009191141706234555,0.2583530039603583,0.29438161740240576,0
338,2500,ccmar,0.2558505160746848,cc,0.2763978622916838,0.013205357780894014,0.25051583663816573,0.30227988794520183,1
338,2500,ccmar,0.2558505160746848,cc_ccproj,0.2763978622916838,0.01320535778089401,0.25051583663816573,0.30227988794520183,1
338,2500,ccmar,0.2558505160746848,seq,0.27950038412385103,0.012943928117631988,0.254130751194817,0.3048700170528851,1
339,2500,ccmar,0.2558505160746848,full,0.24462719620000817,0.012291348532929342,0.22053659575403742,0.2687177966459789,1
339,2500,ccmar,0.2558505160746848,cc,0.241116699463932,0.013421578724696988,0.21481088854785688,0.26742251038000714,1
339,2500,ccmar,0.2558505160746848,cc_ccproj,0.24111669946393216,0.013421578724696993,0.21481088854785702,0.2674225103800073,1
339,2500,ccmar,0.2558505160746848,seq,0.2441283034067164,0.013097441845940874,0.2184577890990645,0.2697988177143683,1
340,2500,ccmar,0.2558505160746848,full,0.25530172415916297,0.009299816042675536,0.23707441965267112,0.2735290286656548,1
340,2500,ccmar,0.2558505160746848,cc,0.2512874144143524,0.014675134203031546,0.22252467990811864,0.2800501489205861,1
340,2500,ccmar,0.2558505160746848,cc_ccproj,0.25128741441435254,0.01467513420303156,0.22252467990811878,0.28005014892058633,1
340,2500,ccmar,0.2558505160746848,seq,0.25404000933067244,0.014356256720294716,0.2259022632060837,0.2821777554552612,1
341,2500,ccmar,0.2558505160746848,full,0.24544429718163605,0.009138178562438686,0.2275337963149602,0.26335479804831186,1
341,2500,ccmar,0.2558505160746848,cc,0.26880650126856337,0.015225513782726088,0.23896504260830204,0.2986479599288247,1
341,2500,ccmar,0.2558505160746848,cc_ccproj,0.26880650126856315,0.015225513782726099,0.2389650426083018,0.2986479599288245,1
341,2500,ccmar,0.2558505160746848,seq,0.2772737860159276,0.015279572772787228,0.24732637368210583,0.30722119834974937,1
342,2500,ccmar,0.2558505160746848,full,0.2784401164811024,0.009768806198762681,0.2592936081595759,0.2975866248026289,0
342,2500,ccmar,0.2558505160746848,cc,0.2881269344466079,0.02036066168866579,0.2482207708354185,0.32803309805779735,1
342,2500,ccmar,0.2558505160746848,cc_ccproj,0.2881269344466077,0.020360661688665783,0.24822077083541827,0.3280330980577971,1
342,2500,ccmar,0.2558505160746848,seq,0.29158875916154053,0.019805212468261585,0.2527712560175842,0.33040626230549686,1
343,2500,ccmar,0.2558505160746848,full,0.2718159566359662,0.009696112910117948,0.25281192454210116,0.2908199887298312,1
343,2500,ccmar,0.2558505160746848,cc,0.2928273463653286,0.01696351563010124,0.2595794666791479,0.3260752260515093,0
343,2500,ccmar,0.2558505160746848,cc_ccproj,0.2928273463653284,0.016963515630101237,0.2595794666791477,0.3260752260515091,0
343,2500,ccmar,0.2558505160746848,seq,0.28994482154298545,0.01645047690178571,0.2577024792869774,0.3221871637989935,0
344,2500,ccmar,0.2558505160746848,full,0.2669824237484152,0.011776882389230137,0.24390015841536009,0.29006468908147026,1
344,2500,ccmar,0.2558505160746848,cc,0.25819253288135485,0.01688369381140993,0.2251011010849896,0.2912839646777201,1
344,2500,ccmar,0.2558505160746848,cc_ccproj,0.2581925328813547,0.016883693811409937,0.22510110108498943,0.29128396467771994,1
344,2500,ccmar,0.2558505160746848,seq,0.2551893566259659,0.01667197806308257,0.22251288007128223,0.2878658331806496,1
345,2500,ccmar,0.2558505160746848,full,0.24935811681409278,0.011280022266982916,0.22724967942599641,0.2714665542021891,1
345,2500,ccmar,0.2558505160746848,cc,0.2320654970372042,0.014079756262162832,0.20446968185226275,0.2596613122221456,1
345,2500,ccmar,0.2558505160746848,cc_ccproj,0.2320654970372043,0.014079756262162825,0.20446968185226289,0.2596613122221457,1
345,2500,ccmar,0.2558505160746848,seq,0.2369492301291929,0.013730739822463773,0.210037474596074,0.26386098566231175,1
346,2500,ccmar,0.2558505160746848,full,0.2519913288032413,0.009412384065957423,0.2335433950253061,0.27043926258117656,1
346,2500,ccmar,0.2558505160746848,cc,0.2545760889033537,0.013036474707352298,0.22902506799157585,0.28012710981513156,1
346,2500,ccmar,0.2558505160746848,cc_ccproj,0.2545760889033537,0.013036474707352301,0.22902506799157585,0.28012710981513156,1
346,2500,ccmar,0.2558505160746848,seq,0.2541204089991443,0.012810325398824736,0.2290126325872091,0.27922818541107947,1
347,2500,ccmar,0.2558505160746848,full,0.25986083782212865,0.008924776389123739,0.2423685975293727,0.27735307811488463,1
347,2500,ccmar,0.2558505160746848,cc,0.25955621287737324,0.012364328339292116,0.23532257463933276,0.2837898511154137,1
347,2500,ccmar,0.2558505160746848,cc_ccproj,0.2595562128773732,0.012364328339292125,0.23532257463933268,0.28378985111541366,1
347,2500,ccmar,0.2558505160746848,seq,0.25635681953757256,0.011846656834246731,0.23313779880524366,0.27957584026990145,1
348,2500,ccmar,0.2558505160746848,full,0.2516826075071347,0.010194522077578429,0.23170171139548257,0.2716635036187869,1
348,2500,ccmar,0.2558505160746848,cc,0.24549533336673612,0.01373428781516352,0.2185766238957083,0.27241404283776394,1
348,2500,ccmar,0.2558505160746848,cc_ccproj,0.24549533336673604,0.013734287815163511,0.21857662389570826,0.2724140428377638,1
348,2500,ccmar,0.2558505160746848,seq,0.2466285020498301,0.012957774372557447,0.2212317309598214,0.2720252731398388,1
349,2500,ccmar,0.2558505160746848,full,0.26047167308157176,0.008525266806502094,0.24376245718223286,0.27718088898091064,1
349,2500,ccmar,0.2558505160746848,cc,0.268955655829656,0.012596559396204157,0.24426685308397628,0.2936444585753358,1
349,2500,ccmar,0.2558505160746848,cc_ccproj,0.268955655829656,0.012596559396204153,0.24426685308397628,0.2936444585753358,1
349,2500,ccmar,0.2558505160746848,seq,0.26263281729130533,0.012052505127120717,0.2390103413186644,0.2862552932639463,1
350,2500,ccmar,0.2558505160746848,full,0.2604281707889055,0.010211761244002988,0.24041348653193773,0.2804428550458733,1
350,2500,ccmar,0.2558505160746848,cc,0.2568471370991127,0.014139544058154173,0.22913413998731322,0.2845601342109122,1
350,2500,ccmar,0.2558505160746848,cc_ccproj,0.25684713709911283,0.014139544058154173,0.22913413998731333,0.2845601342109123,1
350,2500,ccmar,0.2558505160746848,seq,0.2600222526380208,0.013852016329817944,0.23287279951831694,0.28717170575772466,1
351,2500,ccmar,0.2558505160746848,full,0.2664227751285211,0.01174006781114048,0.24341266504262776,0.2894328852144144,1
351,2500,ccmar,0.2558505160746848,cc,0.25647816056382167,0.021468463951890768,0.21440074441471932,0.298555576712924,1
351,2500,ccmar,0.2558505160746848,cc_ccproj,0.2564781605638217,0.02146846395189077,0.21440074441471937,0.2985555767129241,1
351,2500,ccmar,0.2558505160746848,seq,0.2583535903002041,0.020820373353015814,0.21754640838361566,0.29916077221679255,1
352,2500,ccmar,0.2558505160746848,full,0.2696966641638024,0.00838853872446652,0.25325543038092846,0.2861378979466763,1
352,2500,ccmar,0.2558505160746848,cc,0.2813255800997682,0.014682014985653627,0.25254935950740975,0.3101018006921267,1
352,2500,ccmar,0.2558505160746848,cc_ccproj,0.28132558009976827,0.014682014985653628,0.2525493595074098,0.31010180069212673,1
352,2500,ccmar,0.2558505160746848,seq,0.28131286788701115,0.014330282819793571,0.2532260296719427,0.3093997061020796,1
353,2500,ccmar,0.2558505160746848,full,0.24994184071809245,0.00984085198732973,0.23065412524573675,0.26922955619044814,1
353,2500,ccmar,0.2558505160746848,cc,0.2566230172418816,0.019239467626988038,0.21891435361126071,0.29433168087250244,1
353,2500,ccmar,0.2558505160746848,cc_ccproj,0.2566230172418817,0.01923946762698804,0.21891435361126083,0.29433168087250255,1
353,2500,ccmar,0.2558505160746848,seq,0.25878031776429933,0.01877585443599035,0.22198031929079165,0.295580316237807,1
354,2500,ccmar,0.2558505160746848,full,0.2571278525810794,0.010733097545243687,0.2360913679498465,0.27816433721231226,1
354,2500,ccmar,0.2558505160746848,cc,0.2661314542703156,0.029549251252151548,0.20821598604597347,0.3240469224946577,1
354,2500,ccmar,0.2558505160746848,cc_ccproj,0.2661314542703155,0.029549251252151548,0.20821598604597336,0.3240469224946576,1
354,2500,ccmar,0.2558505160746848,seq,0.26630686722064667,0.029486962923668068,0.20851348187678936,0.324100252564504,1
355,2500,ccmar,0.2558505160746848,full,0.25521638302053395,0.014296045839711082,0.22719664805336656,0.2832361179877014,1
355,2500,ccmar,0.2558505160746848,cc,0.2878280603062155,0.022338354911665893,0.24404568920547692,0.33161043140695406,1
355,2500,ccmar,0.2558505160746848,cc_ccproj,0.2878280603062155,0.022338354911665893,0.24404568920547692,0.33161043140695406,1
355,2500,ccmar,0.2558505160746848,seq,0.28716183111148824,0.022245249568880073,0.24356194312937812,0.33076171909359836,1
356,2500,ccmar,0.2558505160746848,full,0.25768150593021344,0.009306128267898355,0.23944182968962255,0.2759211821708043,1
356,2500,ccmar,0.2558505160746848,cc,0.24885296453111824,0.010914315972576496,0.22746129830897804,0.27024463075325844,1
356,2500,ccmar,0.2558505160746848,cc_ccproj,0.24885296453111824,0.010914315972576503,0.22746129830897804,0.27024463075325844,1
356,2500,ccmar,0.2558505160746848,seq,0.2521328457786047,0.010562012904341753,0.23143168088184754,0.2728340106753618,1
357,2500,ccmar,0.2558505160746848,full,0.25917113063712816,0.009322426778655288,0.24089950990245204,0.2774427513718043,1
357,2500,ccmar,0.2558505160746848,cc,0.23460468417586822,0.014922951191395155,0.20535623729768462,0.26385313105405184,1
357,2500,ccmar,0.2558505160746848,cc_ccproj,0.23460468417586822,0.014922951191395145,0.20535623729768465,0.2638531310540518,1
357,2500,ccmar,0.2558505160746848,seq,0.24136461939968604,0.014732716033377703,0.21248902657980995,0.2702402122195621,1
358,2500,ccmar,0.2558505160746848,full,0.26228046305384395,0.009870507352205706,0.24293462413438296,0.28162630197330496,1
358,2500,ccmar,0.2558505160746848,cc,0.25210312496288934,0.015493383889129566,0.22173665054154226,0.2824695993842364,1
358,2500,ccmar,0.2558505160746848,cc_ccproj,0.2521031249628892,0.015493383889129577,0.22173665054154215,0.2824695993842363,1
358,2500,ccmar,0.2558505160746848,seq,0.25151702376221813,0.015122939894155599,0.2218766062293092,0.2811574412951271,1
359,2500,ccmar,0.2558505160746848,full,0.2551916989504559,0.010054493820864352,0.23548525317878125,0.27489814472213053,1
359,2500,ccmar,0.2558505160746848,cc,0.2310392419856018,0.01388792947145539,0.20381940040171684,0.25825908356948674,1
359,2500,ccmar,0.2558505160746848,cc_ccproj,0.231039241985602,0.013887929471455382,0.20381940040171706,0.25825908356948696,1
359,2500,ccmar,0.2558505160746848,seq,0.2404882120749211,0.013202878137186543,0.2146110464337642,0.266365377716078,1
360,2500,ccmar,0.2558505160746848,full,0.25480328375509487,0.0103172253590813,0.2345818936309122,0.27502467387927754,1
360,2500,ccmar,0.2558505160746848,cc,0.24443647114921532,0.016606409320454703,0.21188850696859385,0.2769844353298368,1
360,2500,ccmar,0.2558505160746848,cc_ccproj,0.24443647114921513,0.01660640932045471,0.21188850696859363,0.27698443532983663,1
360,2500,ccmar,0.2558505160746848,seq,0.2438536834628737,0.016495589674239995,0.2115229217976125,0.2761844451281349,1
361,2500,ccmar,0.2558505160746848,full,0.2442679852298188,0.010420159366986486,0.22384484815735758,0.26469112230228,1
361,2500,ccmar,0.2558505160746848,cc,0.23782021285324317,0.015587246900803335,0.20726977030953506,0.26837065539695126,1
361,2500,ccmar,0.2558505160746848,cc_ccproj,0.2378202128532433,0.01558724690080333,0.2072697703095352,0.26837065539695143,1
361,2500,ccmar,0.2558505160746848,seq,0.2378653165569905,0.015163982323347662,0.20814445734102707,0.26758617577295396,1
362,2500,ccmar,0.2558505160746848,full,0.24545354008878595,0.009448909706667891,0.22693401737054597,0.2639730628070259,1
362,2500,ccmar,0.2558505160746848,cc,0.2370310382194386,0.012883019194268009,0.2117807845865351,0.2622812918523421,1
362,2500,ccmar,0.2558505160746848,cc_ccproj,0.2370310382194384,0.012883019194268012,0.21178078458653488,0.26228129185234195,1
362,2500,ccmar,0.2558505160746848,seq,0.23563641367704877,0.012366126825937806,0.21139925046995606,0.2598735768841415,1
363,2500,ccmar,0.2558505160746848,full,0.25404283262525584,0.010157279616237344,0.23413493039652783,0.27395073485398386,1
363,2500,ccmar,0.2558505160746848,cc,0.24568846637569858,0.01237916605423951,0.22142574675074833,0.2699511860006488,1
363,2500,ccmar,0.2558505160746848,cc_ccproj,0.24568846637569858,0.012379166054239521,0.2214257467507483,0.2699511860006488,1
363,2500,ccmar,0.2558505160746848,seq,0.24418223576179024,0.011919617391296988,0.22082021496535087,0.2675442565582296,1
364,2500,ccmar,0.2558505160746848,full,0.25342025731416407,0.009669010767626158,0.23446934444348683,0.2723711701848413,1
364,2500,ccmar,0.2558505160746848,cc,0.27402818868927303,0.012211244838112456,0.250094588600172,0.2979617887783741,1
364,2500,ccmar,0.2558505160746848,cc_ccproj,0.2740281886892731,0.012211244838112461,0.25009458860017203,0.29796178877837415,1
364,2500,ccmar,0.2558505160746848,seq,0.2726396444159764,0.012349983816094885,0.24843412092677786,0.2968451679051749,1
365,2500,ccmar,0.2558505160746848,full,0.2636764789991532,0.010953090844212445,0.2422088154251014,0.28514414257320503,1
365,2500,ccmar,0.2558505160746848,cc,0.2527359206953739,0.013874590535514113,0.2255422229455259,0.27992961844522185,1
365,2500,ccmar,0.2558505160746848,cc_ccproj,0.252735920695374,0.013874590535514115,0.225542222945526,0.27992961844522196,1
365,2500,ccmar,0.2558505160746848,seq,0.25007174234398677,0.013467776045133672,0.22367538634367348,0.27646809834430003,1
366,2500,ccmar,0.2558505160746848,full,0.26037206604048924,0.01022774821690663,0.2403260478924085,0.28041808418857,1
366,2500,ccmar,0.2558505160746848,cc,0.25990324149952737,0.012689314340689421,0.2350326424032685,0.28477384059578625,1
366,2500,ccmar,0.2558505160746848,cc_ccproj,0.2599032414995275,0.012689314340689426,0.2350326424032686,0.28477384059578636,1
366,2500,ccmar,0.2558505160746848,seq,0.259365328510173,0.012433669682674621,0.2349957837364632,0.28373487328388286,1
367,2500,ccmar,0.2558505160746848,full,0.2535070367963959,0.008459407771422452,0.23692690223386967,0.2700871713589222,1
367,2500,ccmar,0.2558505160746848,cc,0.24785830845477066,0.012202837826141457,0.22394118580635036,0.27177543110319097,1
367,2500,ccmar,0.2558505160746848,cc_ccproj,0.24785830845477075,0.012202837826141457,0.22394118580635045,0.271775431103191,1
367,2500,ccmar,0.2558505160746848,seq,0.24535808966337144,0.012243657047309947,0.22136096281158393,0.269355216515159,1
368,2500,ccmar,0.2558505160746848,full,0.2636678147865243,0.01041239363541629,0.24325989826825428,0.2840757313047943,1
368,2500,ccmar,0.2558505160746848,cc,0.25860444529220294,0.02068048450217546,0.2180714404851003,0.2991374500993056,1
368,2500,ccmar,0.2558505160746848,cc_ccproj,0.25860444529220283,0.02068048450217547,0.21807144048510016,0.2991374500993055,1
368,2500,ccmar,0.2558505160746848,seq,0.2661039084528471,0.020516185662674612,0.22589292345386783,0.3063148934518264,1
369,2500,ccmar,0.2558505160746848,full,0.2682098465291393,0.009773206460983917,0.24905471385213668,0.28736497920614196,1
369,2500,ccmar,0.2558505160746848,cc,0.28162869871534374,0.015420809471326341,0.25140446753908996,0.3118529298915975,1
369,2500,ccmar,0.2558505160746848,cc_ccproj,0.28162869871534374,0.015420809471326354,0.25140446753908996,0.3118529298915975,1
369,2500,ccmar,0.2558505160746848,seq,0.281539029838462,0.015485401451537609,0.251188200707304,0.31188985896962,1
370,2500,ccmar,0.2558505160746848,full,0.26298599388441746,0.011729287281617864,0.23999701324812273,0.2859749745207122,1
370,2500,ccmar,0.2558505160746848,cc,0.2557517927753963,0.016191249350842506,0.22401752718303744,0.2874860583677551,1
370,2500,ccmar,0.2558505160746848,cc_ccproj,0.25575179277539645,0.01619124935084251,0.2240175271830376,0.2874860583677553,1
370,2500,ccmar,0.2558505160746848,seq,0.2556882506800344,0.015763699713752063,0.22479196697797602,0.2865845343820928,1
371,2500,ccmar,0.2558505160746848,full,0.25448739916206503,0.008840861398419515,0.23715962922885236,0.2718151690952777,1
371,2500,ccmar,0.2558505160746848,cc,0.2423396715109744,0.013252142712741105,0.21636594907601692,0.2683133939459319,1
371,2500,ccmar,0.2558505160746848,cc_ccproj,0.2423396715109745,0.013252142712741102,0.216365949076017,0.268313393945932,1
371,2500,ccmar,0.2558505160746848,seq,0.24584745607052436,0.01252333087396785,0.22130217859106885,0.27039273354997984,1
372,2500,ccmar,0.2558505160746848,full,0.24562790742837057,0.011032998877734708,0.2240036269865397,0.26725218787020144,1
372,2500,ccmar,0.2558505160746848,cc,0.25853984787712936,0.01843176500631908,0.22241425229323827,0.2946654434610204,1
372,2500,ccmar,0.2558505160746848,cc_ccproj,0.2585398478771294,0.01843176500631906,0.22241425229323838,0.29466544346102047,1
372,2500,ccmar,0.2558505160746848,seq,0.2548961862797095,0.01766192839936111,0.22027944271943656,0.28951292983998245,1
373,2500,ccmar,0.2558505160746848,full,0.26538194959323835,0.010338965928376189,0.2451179487362343,0.28564595045024244,1
373,2500,ccmar,0.2558505160746848,cc,0.28222166946344357,0.019346924604433272,0.24430239402714252,0.3201409448997446,1
373,2500,ccmar,0.2558505160746848,cc_ccproj,0.28222166946344374,0.01934692460443327,0.2443023940271427,0.32014094489974476,1
373,2500,ccmar,0.2558505160746848,seq,0.2823430167358298,0.01915357152342712,0.24480270637460066,0.3198833270970589,1
374,2500,ccmar,0.2558505160746848,full,0.2546232661787285,0.010616079713108828,0.23381613228402887,0.2754304000734281,1
374,2500,ccmar,0.2558505160746848,cc,0.25865641088003877,0.015465929193479375,0.2283437466733726,0.28896907508670494,1
374,2500,ccmar,0.2558505160746848,cc_ccproj,0.25865641088003866,0.015465929193479354,0.2283437466733725,0.2889690750867048,1
374,2500,ccmar,0.2558505160746848,seq,0.26063542277791946,0.014883448212774835,0.23146440031511376,0.2898064452407252,1
375,2500,ccmar,0.2558505160746848,full,0.25389950405035633,0.009313751015469211,0.23564488749906332,0.27215412060164934,1
375,2500,ccmar,0.2558505160746848,cc,0.24725109303066967,0.014702167866793061,0.2184353735170932,0.27606681254424614,1
375,2500,ccmar,0.2558505160746848,cc_ccproj,0.24725109303066983,0.014702167866793054,0.21843537351709336,0.2760668125442463,1
375,2500,ccmar,0.2558505160746848,seq,0.24700516683028614,0.013923921931053318,0.21971478132187425,0.27429555233869807,1
376,2500,ccmar,0.2558505160746848,full,0.2570710480478987,0.009695927077744571,0.23806738017879264,0.2760747159170048,1
376,2500,ccmar,0.2558505160746848,cc,0.24283725326586236,0.014572964369749856,0.2142747679531672,0.27139973857855754,1
376,2500,ccmar,0.2558505160746848,cc_ccproj,0.24283725326586209,0.014572964369749865,0.2142747679531669,0.27139973857855726,1
376,2500,ccmar,0.2558505160746848,seq,0.2442422764179848,0.014132786252848927,0.2165425243611981,0.2719420284747715,1
377,2500,ccmar,0.2558505160746848,full,0.2483955353522676,0.009747007715405934,0.22929175127303794,0.2674993194314973,1
377,2500,ccmar,0.2558505160746848,cc,0.2314132292225721,0.018949050167175307,0.1942737733536658,0.2685526850914784,1
377,2500,ccmar,0.2558505160746848,cc_ccproj,0.23141322922257204,0.018949050167175296,0.19427377335366577,0.26855268509147834,1
377,2500,ccmar,0.2558505160746848,seq,0.2373497403945009,0.018477094642907876,0.2011353003554635,0.2735641804335383,1
378,2500,ccmar,0.2558505160746848,full,0.26281346481409773,0.010552456918771554,0.24213102930489497,0.28349590032330046,1
378,2500,ccmar,0.2558505160746848,cc,0.25692854361020406,0.015398153259557708,0.22674871779304293,0.28710836942736523,1
378,2500,ccmar,0.2558505160746848,cc_ccproj,0.25692854361020406,0.015398153259557717,0.2267487177930429,0.28710836942736523,1
378,2500,ccmar,0.2558505160746848,seq,0.26201189382880086,0.01468995363032368,0.23322011377880303,0.2908036738787987,1
379,2500,ccmar,0.2558505160746848,full,0.2647448247021689,0.010039308856269604,0.2450681409142065,0.28442150849013137,1
379,2500,ccmar,0.2558505160746848,cc,0.25747509870240376,0.014377080370956625,0.22929653897249103,0.2856536584323165,1
379,2500,ccmar,0.2558505160746848,cc_ccproj,0.25747509870240354,0.014377080370956632,0.22929653897249078,0.28565365843231627,1
379,2500,ccmar,0.2558505160746848,seq,0.2569070271584316,0.013827413280364464,0.22980579512956642,0.28400825918729683,1
380,2500,ccmar,0.2558505160746848,full,0.25997913946312246,0.01122552421565134,0.2379775162928636,0.28198076263338134,1
380,2500,ccmar,0.2558505160746848,cc,0.250404213173308,0.023679397777604173,0.20399344635360606,0.29681497999301,1
380,2500,ccmar,0.2558505160746848,cc_ccproj,0.2504042131733082,0.02367939777760416,0.20399344635360622,0.29681497999301015,1
380,2500,ccmar,0.2558505160746848,seq,0.24952283456918886,0.02231544155480258,0.2057853728226673,0.29326029631571043,1
381,2500,ccmar,0.2558505160746848,full,0.2670086722402901,0.012715805809594945,0.24208615081907886,0.2919311936615014,1
381,2500,ccmar,0.2558505160746848,cc,0.24458307957158737,0.01634784732589159,0.21254188758808043,0.27662427155509434,1
381,2500,ccmar,0.2558505160746848,cc_ccproj,0.24458307957158737,0.016347847325891583,0.21254188758808043,0.2766242715550943,1
381,2500,ccmar,0.2558505160746848,seq,0.24648915581723987,0.016067142887155807,0.2149981344239556,0.27798017721052415,1
382,2500,ccmar,0.2558505160746848,full,0.24929332445099575,0.0095834502655523,0.23051010708288244,0.26807654181910906,1
382,2500,ccmar,0.2558505160746848,cc,0.22322507410234058,0.01705428007377071,0.1897992993754909,0.25665084882919026,1
382,2500,ccmar,0.2558505160746848,cc_ccproj,0.22322507410234085,0.017054280073770668,0.18979929937549125,0.2566508488291905,1
382,2500,ccmar,0.2558505160746848,seq,0.22602999227376436,0.016657928908253,0.19338105155655985,0.25867893299096884,1
383,2500,ccmar,0.2558505160746848,full,0.24883125222528887,0.009837729779419623,0.22954965616798925,0.2681128482825885,1
383,2500,ccmar,0.2558505160746848,cc,0.2431027499184056,0.018478220977091852,0.20688610230493304,0.2793193975318782,1
383,2500,ccmar,0.2558505160746848,cc_ccproj,0.24310274991840541,0.018478220977091862,0.20688610230493285,0.279319397531878,1
383,2500,ccmar,0.2558505160746848,seq,0.241349983931483,0.018453545144460168,0.20518170006125708,0.2775182678017089,1
384,2500,ccmar,0.2558505160746848,full,0.2694014042871831,0.00970702531253172,0.25037598427760227,0.288426824296764,1
384,2500,ccmar,0.2558505160746848,cc,0.2860403825476949,0.023504304559057262,0.2399727921302821,0.33210797296510775,1
384,2500,ccmar,0.2558505160746848,cc_ccproj,0.2860403825476949,0.023504304559057266,0.23997279213028208,0.33210797296510775,1
384,2500,ccmar,0.2558505160746848,seq,0.2832246889845712,0.02340685844898816,0.23734808943332736,0.32910128853581505,1
385,2500,ccmar,0.2558505160746848,full,0.2658319851763495,0.010002243057601182,0.24622794901883538,0.2854360213338636,1
385,2500,ccmar,0.2558505160746848,cc,0.2337703812998404,0.01786721139333594,0.19875129046473825,0.2687894721349426,1
385,2500,ccmar,0.2558505160746848,cc_ccproj,0.2337703812998403,0.01786721139333594,0.19875129046473813,0.2687894721349425,1
385,2500,ccmar,0.2558505160746848,seq,0.23501661092096907,0.017391011418150484,0.20093085488666926,0.26910236695526885,1
386,2500,ccmar,0.2558505160746848,full,0.2618678246526045,0.009328388447149824,0.24358451926239133,0.28015113004281766,1
386,2500,ccmar,0.2558505160746848,cc,0.24713987383757158,0.015117883401453687,0.21750936684824645,0.2767703808268967,1
386,2500,ccmar,0.2558505160746848,cc_ccproj,0.24713987383757166,0.015117883401453694,0.21750936684824654,0.2767703808268968,1
386,2500,ccmar,0.2558505160746848,seq,0.2490500079066785,0.01464503820529026,0.2203462604720965,0.2777537553412605,1
387,2500,ccmar,0.2558505160746848,full,0.23772441540235872,0.011808524593573642,0.2145801324883989,0.26086869831631854,1
387,2500,ccmar,0.2558505160746848,cc,0.24579854368940895,0.0169865912817143,0.21250543655714685,0.2790916508216711,1
387,2500,ccmar,0.2558505160746848,cc_ccproj,0.24579854368940882,0.01698659128171431,0.2125054365571467,0.2790916508216709,1
387,2500,ccmar,0.2558505160746848,seq,0.24679432974281135,0.016532672200013282,0.21439088766257874,0.27919777182304395,1
388,2500,ccmar,0.2558505160746848,full,0.2591676754635531,0.013573783006841401,0.23256354963618217,0.28577180129092405,1
388,2500,ccmar,0.2558505160746848,cc,0.24268113818153697,0.014041234880633626,0.2151608235170275,0.27020145284604646,1
388,2500,ccmar,0.2558505160746848,cc_ccproj,0.24268113818153678,0.014041234880633613,0.21516082351702734,0.27020145284604624,1
388,2500,ccmar,0.2558505160746848,seq,0.24780706992911095,0.013839625981887742,0.2206819014451062,0.2749322384131157,1
389,2500,ccmar,0.2558505160746848,full,0.25625195965625963,0.009484449978870161,0.23766277928450244,0.27484114002801685,1
389,2500,ccmar,0.2558505160746848,cc,0.2675934601521593,0.01419106723287723,0.23977947947353342,0.29540744083078513,1
389,2500,ccmar,0.2558505160746848,cc_ccproj,0.26759346015215935,0.014191067232877235,0.23977947947353348,0.2954074408307852,1
389,2500,ccmar,0.2558505160746848,seq,0.26596168191905856,0.013787605825590974,0.23893847106786562,0.2929848927702515,1
390,2500,ccmar,0.2558505160746848,full,0.24989477467683013,0.009463312337051532,0.23134702332175555,0.2684425260319047,1
390,2500,ccmar,0.2558505160746848,cc,0.26667681243349156,0.014168293847868503,0.23890746676928887,0.29444615809769425,1
390,2500,ccmar,0.2558505160746848,cc_ccproj,0.26667681243349145,0.014168293847868505,0.23890746676928876,0.29444615809769414,1
390,2500,ccmar,0.2558505160746848,seq,0.267728049946789,0.013897763932410167,0.24048893317362532,0.2949671667199527,1
391,2500,ccmar,0.2558505160746848,full,0.2598096749747131,0.008972012036122898,0.24222485451505232,0.27739449543437383,1
391,2500,ccmar,0.2558505160746848,cc,0.2447391135189115,0.012534856458382775,0.22017124630910198,0.26930698072872106,1
391,2500,ccmar,0.2558505160746848,cc_ccproj,0.24473911351891156,0.01253485645838277,0.22017124630910204,0.26930698072872106,1
391,2500,ccmar,0.2558505160746848,seq,0.2464296581706026,0.012296611872199754,0.22232874176922346,0.27053057457198176,1
392,2500,ccmar,0.2558505160746848,full,0.2567370471794595,0.009374310870992681,0.23836373549243153,0.27511035886648744,1
392,2500,ccmar,0.2558505160746848,cc,0.24151032522223878,0.015443730484075996,0.2112411696865065,0.2717794807579711,1
392,2500,ccmar,0.2558505160746848,cc_ccproj,0.24151032522223886,0.01544373048407598,0.2112411696865066,0.2717794807579711,1
392,2500,ccmar,0.2558505160746848,seq,0.24287457249572753,0.014725717958822106,0.21401269564994152,0.27173644934151353,1
393,2500,ccmar,0.2558505160746848,full,0.26721270642149864,0.018409966171523004,0.23112983576871282,0.30329557707428445,1
393,2500,ccmar,0.2558505160746848,cc,0.2655825799220947,0.0173519754573841,0.23157333296499893,0.2995918268791905,1
393,2500,ccmar,0.2558505160746848,cc_ccproj,0.2655825799220946,0.017351975457384095,0.23157333296499885,0.2995918268791904,1
393,2500,ccmar,0.2558505160746848,seq,0.2645112146310692,0.017056067859303577,0.231081935908963,0.2979404933531754,1
394,2500,ccmar,0.2558505160746848,full,0.25526071018448415,0.009180706756748022,0.2372668555886345,0.27325456478033383,1
394,2500,ccmar,0.2558505160746848,cc,0.24404857029797566,0.013628161958862527,0.21733786368312627,0.27075927691282503,1
394,2500,ccmar,0.2558505160746848,cc_ccproj,0.24404857029797566,0.01362816195886253,0.21733786368312627,0.2707592769128251,1
394,2500,ccmar,0.2558505160746848,seq,0.25502263832182626,0.013026309160712079,0.2294915415153464,0.2805537351283061,1
395,2500,ccmar,0.2558505160746848,full,0.25246754224094786,0.010604516781110372,0.2316830712765209,0.27325201320537484,1
395,2500,ccmar,0.2558505160746848,cc,0.2601654231641129,0.01448491815611848,0.23177550525911034,0.28855534106911546,1
395,2500,ccmar,0.2558505160746848,cc_ccproj,0.2601654231641128,0.014484918156118487,0.23177550525911023,0.28855534106911535,1
395,2500,ccmar,0.2558505160746848,seq,0.2578892463903119,0.014150715803384934,0.23015435306021567,0.2856241397204082,1
396,2500,ccmar,0.2558505160746848,full,0.23656748077415532,0.010518373119379804,0.21595184828421668,0.25718311326409393,1
396,2500,ccmar,0.2558505160746848,cc,0.2416139529738643,0.01625194489192401,0.20976072630696352,0.27346717964076506,1
396,2500,ccmar,0.2558505160746848,cc_ccproj,0.2416139529738644,0.016251944891924,0.20976072630696366,0.27346717964076517,1
396,2500,ccmar,0.2558505160746848,seq,0.24410800443271918,0.015598890444610611,0.2135347409624964,0.27468126790294195,1
397,2500,ccmar,0.2558505160746848,full,0.24015842803019535,0.00978955968698876,0.22097124361919218,0.2593456124411985,1
397,2500,ccmar,0.2558505160746848,cc,0.2447761772429005,0.01340870246366205,0.21849560333470938,0.2710567511510916,1
397,2500,ccmar,0.2558505160746848,cc_ccproj,0.24477617724290066,0.013408702463662055,0.21849560333470952,0.2710567511510918,1
397,2500,ccmar,0.2558505160746848,seq,0.24356066028483211,0.013168274599900333,0.21775131633049388,0.26937000423917035,1
398,2500,ccmar,0.2558505160746848,full,0.2660293214360967,0.009065944684503138,0.2482603963686382,0.2837982465035552,1
398,2500,ccmar,0.2558505160746848,cc,0.2704427002125443,0.013062528257259218,0.24484061528127948,0.2960447851438091,1
398,2500,ccmar,0.2558505160746848,cc_ccproj,0.27044270021254424,0.013062528257259218,0.24484061528127943,0.29604478514380905,1
398,2500,ccmar,0.2558505160746848,seq,0.2644023723202049,0.0128354879160315,0.2392452782807841,0.2895594663596257,1
399,2500,ccmar,0.2558505160746848,full,0.26295726354778864,0.009174906231162816,0.2449747777731774,0.2809397493223999,1
399,2500,ccmar,0.2558505160746848,cc,0.2686751347895848,0.01865885894875408,0.23210444325741394,0.30524582632175573,1
399,2500,ccmar,0.2558505160746848,cc_ccproj,0.2686751347895847,0.01865885894875408,0.23210444325741383,0.3052458263217556,1
399,2500,ccmar,0.2558505160746848,seq,0.2739632168116805,0.018389863827573093,0.23791974602904134,0.3100066875943197,1
400,2500,ccmar,0.2558505160746848,full,0.2565758475810588,0.009987079038474147,0.23700153235489455,0.27615016280722304,1
400,2500,ccmar,0.2558505160746848,cc,0.24481597954463863,0.017744171565750273,0.2100380423402684,0.27959391674900885,1
400,2500,ccmar,0.2558505160746848,cc_ccproj,0.24481597954463877,0.017744171565750276,0.21003804234026852,0.279593916749009,1
400,2500,ccmar,0.2558505160746848,seq,0.245122889149665,0.017548598177883144,0.21072826874184883,0.27951750955748117,1
401,2500,ccmar,0.2558505160746848,full,0.24638446029996675,0.009180196990026347,0.2283916048285321,0.2643773157714014,1
401,2500,ccmar,0.2558505160746848,cc,0.2638733348718714,0.015765503421397674,0.23297351596778898,0.29477315377595387,1
401,2500,ccmar,0.2558505160746848,cc_ccproj,0.26387333487187126,0.01576550342139768,0.2329735159677888,0.2947731537759537,1
401,2500,ccmar,0.2558505160746848,seq,0.2603778352387745,0.015597270550754343,0.22980774670216877,0.2909479237753802,1
402,2500,ccmar,0.2558505160746848,full,0.2521225691021843,0.009418170971937067,0.23366329319694704,0.27058184500742155,1
402,2500,ccmar,0.2558505160746848,cc,0.27045356631397055,0.013651794683051105,0.24369654041085498,0.2972105922170861,1
402,2500,ccmar,0.2558505160746848,cc_ccproj,0.2704535663139705,0.013651794683051112,0.24369654041085492,0.29721059221708607,1
402,2500,ccmar,0.2558505160746848,seq,0.27199259561605127,0.013420926663802093,0.24568806271584587,0.29829712851625667,1
403,2500,ccmar,0.2558505160746848,full,0.26751922665891825,0.009872470796048648,0.24816953946023942,0.28686891385759705,1
403,2500,ccmar,0.2558505160746848,cc,0.27001956112838554,0.013354349299299075,0.24384551746479166,0.2961936047919794,1
403,2500,ccmar,0.2558505160746848,cc_ccproj,0.2700195611283856,0.013354349299299064,0.24384551746479172,0.2961936047919795,1
403,2500,ccmar,0.2558505160746848,seq,0.2725015847066793,0.012977396585661428,0.24706635478568983,0.29793681462766874,1
404,2500,ccmar,0.2558505160746848,full,0.2597745871274818,0.009727412513191485,0.24070920893886225,0.2788399653161014,1
404,2500,ccmar,0.2558505160746848,cc,0.2617604923936738,0.01183526620322642,0.23856379688790594,0.28495718789944174,1
404,2500,ccmar,0.2558505160746848,cc_ccproj,0.2617604923936739,0.011835266203226415,0.238563796887906,0.28495718789944174,1
404,2500,ccmar,0.2558505160746848,seq,0.26467388316786306,0.011131121337195555,0.24285728623941444,0.2864904800963117,1
405,2500,ccmar,0.2558505160746848,full,0.25619639725373416,0.009271075389025055,0.2380254233932894,0.27436737111417897,1
405,2500,ccmar,0.2558505160746848,cc,0.25429713151648564,0.012323076899316016,0.23014434461510874,0.27844991841786254,1
405,2500,ccmar,0.2558505160746848,cc_ccproj,0.25429713151648564,0.012323076899316028,0.23014434461510871,0.2784499184178626,1
405,2500,ccmar,0.2558505160746848,seq,0.25005570095988744,0.012321069356254728,0.22590684877060807,0.2742045531491668,1
406,2500,ccmar,0.2558505160746848,full,0.2525718207175833,0.01102717538753846,0.23095895410680137,0.27418468732836515,1
406,2500,ccmar,0.2558505160746848,cc,0.27584522436437237,0.015359845533580864,0.24574048031045548,0.30594996841828925,1
406,2500,ccmar,0.2558505160746848,cc_ccproj,0.27584522436437237,0.015359845533580867,0.24574048031045545,0.30594996841828925,1
406,2500,ccmar,0.2558505160746848,seq,0.26811638617880723,0.014962058697121711,0.23879128999787438,0.29744148235974005,1
407,2500,ccmar,0.2558505160746848,full,0.25806327284891856,0.009930265052948205,0.23860031098820333,0.2775262347096338,1
407,2500,ccmar,0.2558505160746848,cc,0.2697448530932181,0.014553120988878938,0.24122126009236144,0.29826844609407477,1
407,2500,ccmar,0.2558505160746848,cc_ccproj,0.2697448530932183,0.01455312098887894,0.2412212600923616,0.29826844609407493,1
407,2500,ccmar,0.2558505160746848,seq,0.27026276167273244,0.013641550508544532,0.2435258139827011,0.29699970936276376,1
408,2500,ccmar,0.2558505160746848,full,0.2604146584649434,0.009749446943823112,0.241306093585866,0.2795232233440208,1
408,2500,ccmar,0.2558505160746848,cc,0.27027459318345093,0.015298765247464405,0.2402895642904877,0.30025962207641416,1
408,2500,ccmar,0.2558505160746848,cc_ccproj,0.270274593183451,0.015298765247464407,0.24028956429048773,0.3002596220764142,1
408,2500,ccmar,0.2558505160746848,seq,0.2715513886458401,0.01531212574809218,0.241540173652831,0.30156260363884924,1
409,2500,ccmar,0.2558505160746848,full,0.25302015227530694,0.009718477606140178,0.23397228618271315,0.27206801836790073,1
409,2500,ccmar,0.2558505160746848,cc,0.25298407956233976,0.014685827981569524,0.22420038563531294,0.2817677734893666,1
409,2500,ccmar,0.2558505160746848,cc_ccproj,0.25298407956234,0.014685827981569533,0.22420038563531314,0.2817677734893668,1
409,2500,ccmar,0.2558505160746848,seq,0.2519192645045624,0.0141326215603173,0.22421983523920624,0.2796186937699186,1
410,2500,ccmar,0.2558505160746848,full,0.2489390521854475,0.009838941328864405,0.22965508153487063,0.2682230228360244,1
410,2500,ccmar,0.2558505160746848,cc,0.2360806743039027,0.014751609322291893,0.20716805131820526,0.26499329728960014,1
410,2500,ccmar,0.2558505160746848,cc_ccproj,0.23608067430390262,0.014751609322291904,0.20716805131820518,0.2649932972896001,1
410,2500,ccmar,0.2558505160746848,seq,0.24067641388067829,0.014471674291664224,0.21231245347302222,0.2690403742883344,1
411,2500,ccmar,0.2558505160746848,full,0.2525391557773073,0.01199995304406882,0.2290196799947606,0.27605863155985394,1
411,2500,ccmar,0.2558505160746848,cc,0.2514662711866849,0.014555553587130891,0.22293791038086558,0.27999463199250424,1
411,2500,ccmar,0.2558505160746848,cc_ccproj,0.2514662711866852,0.014555553587130884,0.22293791038086586,0.2799946319925045,1
411,2500,ccmar,0.2558505160746848,seq,0.24762572357764212,0.014014293538189043,0.2201582129740192,0.275093234181265,1
412,2500,ccmar,0.2558505160746848,full,0.24527402716201427,0.008886762768161955,0.22785629219726536,0.26269176212676315,1
412,2500,ccmar,0.2558505160746848,cc,0.2429969590769781,0.01290827129270552,0.217697212240603,0.2682967059133532,1
412,2500,ccmar,0.2558505160746848,cc_ccproj,0.24299695907697816,0.012908271292705527,0.21769721224060304,0.2682967059133533,1
412,2500,ccmar,0.2558505160746848,seq,0.2462341697158228,0.012515427298307156,0.22170438296001133,0.27076395647163426,1
413,2500,ccmar,0.2558505160746848,full,0.24947577621423853,0.009084049557036645,0.23167136624866969,0.26728018617980737,1
413,2500,ccmar,0.2558505160746848,cc,0.24756738467948297,0.012771747519738568,0.22253521952115662,0.2725995498378093,1
413,2500,ccmar,0.2558505160746848,cc_ccproj,0.24756738467948272,0.012771747519738584,0.22253521952115635,0.2725995498378091,1
413,2500,ccmar,0.2558505160746848,seq,0.24792607718578444,0.012751369429772135,0.222933852349866,0.27291830202170286,1
414,2500,ccmar,0.2558505160746848,full,0.24293060684914553,0.009208701603883379,0.22488188336115789,0.26097933033713316,1
414,2500,ccmar,0.2558505160746848,cc,0.24010507251606705,0.015633901978506226,0.20946318770036534,0.27074695733176873,1
414,2500,ccmar,0.2558505160746848,cc_ccproj,0.24010507251606697,0.015633901978506205,0.20946318770036532,0.2707469573317686,1
414,2500,ccmar,0.2558505160746848,seq,0.24371853318314687,0.014368405793545536,0.21555697531254098,0.27188009105375277,1
415,2500,ccmar,0.2558505160746848,full,0.23994672090326466,0.00911295071258398,0.22208566571371144,0.2578077760928179,1
415,2500,ccmar,0.2558505160746848,cc,0.2194821898716522,0.013051428764411921,0.19390185954661474,0.24506252019668964,0
415,2500,ccmar,0.2558505160746848,cc_ccproj,0.2194821898716521,0.013051428764411916,0.19390185954661465,0.24506252019668956,0
415,2500,ccmar,0.2558505160746848,seq,0.2207511548675633,0.012693751577888705,0.19587185894620296,0.24563045078892365,0
416,2500,ccmar,0.2558505160746848,full,0.24320883021546064,0.008689740861006929,0.226177251092901,0.2602404093380203,1
416,2500,ccmar,0.2558505160746848,cc,0.23542361322469674,0.0140689974569364,0.20784888491051579,0.2629983415388777,1
416,2500,ccmar,0.2558505160746848,cc_ccproj,0.23542361322469674,0.014068997456936379,0.2078488849105158,0.26299834153887763,1
416,2500,ccmar,0.2558505160746848,seq,0.23436939118084701,0.013308890790391858,0.20828444455750217,0.26045433780419186,1
417,2500,ccmar,0.2558505160746848,full,0.24765180184414484,0.009662216452167267,0.22871420558706662,0.26658939810122306,1
417,2500,ccmar,0.2558505160746848,cc,0.24034684082925306,0.01369162153103468,0.21351175573847192,0.2671819259200342,1
417,2500,ccmar,0.2558505160746848,cc_ccproj,0.24034684082925295,0.013691621531034672,0.21351175573847184,0.26718192592003404,1
417,2500,ccmar,0.2558505160746848,seq,0.23860882652234608,0.013828208606414085,0.21150603568306767,0.2657116173616245,1
418,2500,ccmar,0.2558505160746848,full,0.26361960474818247,0.009274872836318459,0.24544118802780943,0.2817980214685555,1
418,2500,ccmar,0.2558505160746848,cc,0.270968569006805,0.012782924895610228,0.2459144965943285,0.2960226414192815,1
418,2500,ccmar,0.2558505160746848,cc_ccproj,0.2709685690068049,0.012782924895610248,0.24591449659432837,0.2960226414192814,1
418,2500,ccmar,0.2558505160746848,seq,0.26951265696356075,0.012461933346570132,0.2450877164265446,0.2939375975005769,1
419,2500,ccmar,0.2558505160746848,full,0.26407277804636214,0.00875952852795145,0.24690441761002616,0.28124113848269816,1
419,2500,ccmar,0.2558505160746848,cc,0.26438739956504775,0.012100735265610516,0.2406703942579974,0.2881044048720981,1
419,2500,ccmar,0.2558505160746848,cc_ccproj,0.264387399565048,0.012100735265610518,0.24067039425799763,0.2881044048720983,1
419,2500,ccmar,0.2558505160746848,seq,0.26667130763108743,0.012136687340945484,0.2428838375512111,0.2904587777109638,1
420,2500,ccmar,0.2558505160746848,full,0.24675028987892164,0.008915005594199353,0.2292771999923178,0.26422337976552546,1
420,2500,ccmar,0.2558505160746848,cc,0.23907796147593044,0.01495091134655119,0.20977471370063885,0.268381209251222,1
420,2500,ccmar,0.2558505160746848,cc_ccproj,0.23907796147593058,0.01495091134655119,0.209774713700639,0.26838120925122216,1
420,2500,ccmar,0.2558505160746848,seq,0.24216981331521015,0.014351212852872912,0.2140419529891109,0.27029767364130936,1
421,2500,ccmar,0.2558505160746848,full,0.25158637012821916,0.008733693786525309,0.23446864485462832,0.26870409540181,1
421,2500,ccmar,0.2558505160746848,cc,0.2556538019787331,0.01358164525519966,0.22903426642774247,0.2822733375297238,1
421,2500,ccmar,0.2558505160746848,cc_ccproj,0.25565380197873294,0.013581645255199672,0.22903426642774227,0.2822733375297236,1
421,2500,ccmar,0.2558505160746848,seq,0.2591857198803154,0.013383558207129448,0.23295442780934625,0.2854170119512846,1
422,2500,ccmar,0.2558505160746848,full,0.2444041556728731,0.01023665579539339,0.22434067899176885,0.26446763235397736,1
422,2500,ccmar,0.2558505160746848,cc,0.240034539223957,0.014014212615495318,0.21256718722589932,0.26750189122201473,1
422,2500,ccmar,0.2558505160746848,cc_ccproj,0.24003453922395707,0.014014212615495318,0.21256718722589937,0.2675018912220148,1
422,2500,ccmar,0.2558505160746848,seq,0.2422399584057448,0.013526781326348302,0.2157279541793532,0.2687519626321364,1
423,2500,ccmar,0.2558505160746848,full,0.274717991434834,0.009275852644134715,0.25653765432642933,0.29289832854323866,0
423,2500,ccmar,0.2558505160746848,cc,0.2740922311457494,0.015232048767345862,0.24423796415099375,0.303946498140505,1
423,2500,ccmar,0.2558505160746848,cc_ccproj,0.27409223114574927,0.015232048767345876,0.24423796415099364,0.3039464981405049,1
423,2500,ccmar,0.2558505160746848,seq,0.274396229809517,0.014917516624234399,0.24515843448724006,0.30363402513179394,1
424,2500,ccmar,0.2558505160746848,full,0.2546559871035958,0.00912661592118602,0.23676814859734138,0.2725438256098503,1
424,2500,ccmar,0.2558505160746848,cc,0.2560241462682606,0.015382186011994967,0.22587561568125464,0.28617267685526654,1
424,2500,ccmar,0.2558505160746848,cc_ccproj,0.2560241462682607,0.015382186011994967,0.22587561568125475,0.28617267685526665,1
424,2500,ccmar,0.2558505160746848,seq,0.253300804001689,0.015165074348606103,0.22357780445554878,0.28302380354782913,1
425,2500,ccmar,0.2558505160746848,full,0.27586594681301657,0.012482202657108808,0.25140127915735316,0.30033061446868,1
425,2500,ccmar,0.2558505160746848,cc,0.2779584054665711,0.015815366229000535,0.246960857255419,0.30895595367772316,1
425,2500,ccmar,0.2558505160746848,cc_ccproj,0.277958405466571,0.015815366229000545,0.24696085725541891,0.30895595367772316,1
425,2500,ccmar,0.2558505160746848,seq,0.27559655385533627,0.015452269532423745,0.24531066209238014,0.30588244561829236,1
426,2500,ccmar,0.2558505160746848,full,0.2544748198485631,0.008899398730764745,0.23703231885220277,0.2719173208449235,1
426,2500,ccmar,0.2558505160746848,cc,0.2629223936971552,0.014693265414691013,0.23412412266907284,0.29172066472523756,1
426,2500,ccmar,0.2558505160746848,cc_ccproj,0.26292239369715514,0.014693265414691023,0.23412412266907276,0.29172066472523756,1
426,2500,ccmar,0.2558505160746848,seq,0.2584425657195673,0.014624715811279094,0.2297786494453268,0.28710648199380784,1
427,2500,ccmar,0.2558505160746848,full,0.26996612579594814,0.014122007845331424,0.24228749902970648,0.2976447525621898,1
427,2500,ccmar,0.2558505160746848,cc,0.2741662331994153,0.01854096415878274,0.23782661120955315,0.3105058551892774,1
427,2500,ccmar,0.2558505160746848,cc_ccproj,0.27416623319941535,0.018540964158782747,0.23782661120955317,0.31050585518927754,1
427,2500,ccmar,0.2558505160746848,seq,0.2744368085068695,0.01826766421569791,0.2386328445624305,0.31024077245130854,1
428,2500,ccmar,0.2558505160746848,full,0.2604807295061332,0.008847524053907123,0.24313990100812344,0.277821558004143,1
428,2500,ccmar,0.2558505160746848,cc,0.25953693446175813,0.01537235670289814,0.22940766896657488,0.2896661999569414,1
428,2500,ccmar,0.2558505160746848,cc_ccproj,0.2595369344617583,0.015372356702898155,0.22940766896657502,0.2896661999569416,1
428,2500,ccmar,0.2558505160746848,seq,0.26101310812735434,0.015063195221751898,0.23148978800062478,0.2905364282540839,1
429,2500,ccmar,0.2558505160746848,full,0.27938050141714804,0.011401453775155586,0.25703406264644485,0.30172694018785123,0
429,2500,ccmar,0.2558505160746848,cc,0.30085782500716596,0.026689792392441524,0.24854679316312944,0.3531688568512025,1
429,2500,ccmar,0.2558505160746848,cc_ccproj,0.30085782500716635,0.026689792392441524,0.24854679316312983,0.35316885685120286,1
429,2500,ccmar,0.2558505160746848,seq,0.3077553945043441,0.026341028688232362,0.2561279269596723,0.35938286204901587,0
430,2500,ccmar,0.2558505160746848,full,0.2406635910356249,0.010965769621558475,0.21917107751460688,0.26215610455664295,1
430,2500,ccmar,0.2558505160746848,cc,0.2269754385522032,0.024033506968110095,0.17987063047251498,0.2740802466318914,1
430,2500,ccmar,0.2558505160746848,cc_ccproj,0.22697543855220337,0.02403350696811007,0.1798706304725152,0.27408024663189157,1
430,2500,ccmar,0.2558505160746848,seq,0.23178317880050467,0.022601498110701577,0.1874850565068795,0.2760813010941298,1
431,2500,ccmar,0.2558505160746848,full,0.2640341741748698,0.009832759029840953,0.24476232060772052,0.2833060277420191,1
431,2500,ccmar,0.2558505160746848,cc,0.24776697470958917,0.01314294391260207,0.22200727799005918,0.2735266714291192,1
431,2500,ccmar,0.2558505160746848,cc_ccproj,0.24776697470958925,0.013142943912602073,0.22200727799005923,0.27352667142911924,1
431,2500,ccmar,0.2558505160746848,seq,0.24850442232523268,0.012603135124645877,0.22380273138863505,0.2732061132618303,1
432,2500,ccmar,0.2558505160746848,full,0.24673447730444795,0.008918800355041554,0.22925394982326344,0.2642150047856324,1
432,2500,ccmar,0.2558505160746848,cc,0.2555851200223225,0.01282560525937235,0.23044739563402517,0.2807228444106198,1
432,2500,ccmar,0.2558505160746848,cc_ccproj,0.25558512002232253,0.012825605259372364,0.2304473956340252,0.28072284441061984,1
432,2500,ccmar,0.2558505160746848,seq,0.25214563699874876,0.012699388822361386,0.2272552922812499,0.2770359817162476,1
433,2500,ccmar,0.2558505160746848,full,0.2481680970951832,0.010610320797048432,0.22737225046855195,0.2689639437218144,1
433,2500,ccmar,0.2558505160746848,cc,0.2519629894989584,0.02117562461729566,0.21045952789891914,0.29346645109899766,1
433,2500,ccmar,0.2558505160746848,cc_ccproj,0.2519629894989585,0.021175624617295667,0.21045952789891925,0.29346645109899777,1
433,2500,ccmar,0.2558505160746848,seq,0.25277811255795984,0.020516784426730942,0.21256595400299494,0.29299027111292475,1
434,2500,ccmar,0.2558505160746848,full,0.2597210859749997,0.014006606028629158,0.23226864261324495,0.28717352933675444,1
434,2500,ccmar,0.2558505160746848,cc,0.2990533235749361,0.04845336793604089,0.2040864674906281,0.3940201796592441,1
434,2500,ccmar,0.2558505160746848,cc_ccproj,0.299053323574936,0.04845336793604089,0.20408646749062803,0.394020179659244,1
434,2500,ccmar,0.2558505160746848,seq,0.2998166449478516,0.048222379682441543,0.20530251752145012,0.39433077237425307,1
435,2500,ccmar,0.2558505160746848,full,0.2434799941760877,0.010596640917263428,0.2227109596211479,0.2642490287310275,1
435,2500,ccmar,0.2558505160746848,cc,0.24720586243064593,0.017289113555576205,0.21331982253709333,0.28109190232419856,1
435,2500,ccmar,0.2558505160746848,cc_ccproj,0.24720586243064585,0.017289113555576205,0.21331982253709325,0.28109190232419845,1
435,2500,ccmar,0.2558505160746848,seq,0.25079051474839975,0.01712585486962763,0.21722445599946968,0.2843565734973298,1
436,2500,ccmar,0.2558505160746848,full,0.2533202118812178,0.010162466056381577,0.2334021444165991,0.27323827934583644,1
436,2500,ccmar,0.2558505160746848,cc,0.25120500983006167,0.013896418725281379,0.22396852961442215,0.2784414900457012,1
436,2500,ccmar,0.2558505160746848,cc_ccproj,0.2512050098300618,0.013896418725281377,0.22396852961442226,0.2784414900457013,1
436,2500,ccmar,0.2558505160746848,seq,0.2477933371996327,0.013678115304840375,0.22098472382575945,0.27460195057350595,1
437,2500,ccmar,0.2558505160746848,full,0.2474340107488612,0.00979210980106856,0.22824182820610517,0.26662619329161724,1
437,2500,ccmar,0.2558505160746848,cc,0.259387847758136,0.02061088523296112,0.21899125501204375,0.29978444050422826,1
437,2500,ccmar,0.2558505160746848,cc_ccproj,0.25938784775813595,0.020610885232961115,0.21899125501204372,0.29978444050422814,1
437,2500,ccmar,0.2558505160746848,seq,0.2669916281744844,0.020212892242615542,0.2273750873555689,0.30660816899339993,1
438,2500,ccmar,0.2558505160746848,full,0.26434568876583037,0.011508677266463293,0.24178909581386743,0.2869022817177933,1
438,2500,ccmar,0.2558505160746848,cc,0.29509457836949066,0.025617076031710644,0.24488603195811354,0.3453031247808678,1
438,2500,ccmar,0.2558505160746848,cc_ccproj,0.2950945783694907,0.025617076031710644,0.2448860319581136,0.34530312478086783,1
438,2500,ccmar,0.2558505160746848,seq,0.29452591246024107,0.025179592948848816,0.24517481713511868,0.34387700778536345,1
439,2500,ccmar,0.2558505160746848,full,0.23419173569889631,0.011092004842567338,0.21245180569112046,0.25593166570667214,1
439,2500,ccmar,0.2558505160746848,cc,0.23387810612899684,0.012536479643014013,0.20930705753576984,0.25844915472222385,1
439,2500,ccmar,0.2558505160746848,cc_ccproj,0.23387810612899684,0.01253647964301401,0.20930705753576984,0.25844915472222385,1
439,2500,ccmar,0.2558505160746848,seq,0.2434413654688718,0.011878047198407828,0.22016082075332558,0.26672191018441804,1
440,2500,ccmar,0.2558505160746848,full,0.25438191068899213,0.009388002511401143,0.23598176387987432,0.27278205749810996,1
440,2500,ccmar,0.2558505160746848,cc,0.2613290145295972,0.012347519246362544,0.23712832150831148,0.28552970755088297,1
440,2500,ccmar,0.2558505160746848,cc_ccproj,0.26132901452959717,0.01234751924636254,0.23712832150831145,0.2855297075508829,1
440,2500,ccmar,0.2558505160746848,seq,0.2559787857350649,0.011800129570214517,0.23285095676453832,0.27910661470559145,1
441,2500,ccmar,0.2558505160746848,full,0.26617003163091396,0.009394176669671812,0.2477577836939508,0.28458227956787713,1
441,2500,ccmar,0.2558505160746848,cc,0.2475222697854676,0.013986947337987802,0.2201083567493531,0.27493618282158205,1
441,2500,ccmar,0.2558505160746848,cc_ccproj,0.24752226978546796,0.013986947337987792,0.2201083567493535,0.2749361828215824,1
441,2500,ccmar,0.2558505160746848,seq,0.25234003344286776,0.013020501360849295,0.22682031971494837,0.27785974717078715,1
442,2500,ccmar,0.2558505160746848,full,0.26237979798219,0.010206404192856495,0.2423756133525327,0.28238398261184733,1
442,2500,ccmar,0.2558505160746848,cc,0.2574895648057158,0.013351501491365474,0.23132110274310663,0.2836580268683249,1
442,2500,ccmar,0.2558505160746848,cc_ccproj,0.25748956480571594,0.013351501491365457,0.23132110274310683,0.2836580268683251,1
442,2500,ccmar,0.2558505160746848,seq,0.2538372597972416,0.012541021225126634,0.229257309866641,0.2784172097278422,1
443,2500,ccmar,0.2558505160746848,full,0.2645429485871168,0.009346680191017817,0.24622379203770792,0.28286210513652565,1
443,2500,ccmar,0.2558505160746848,cc,0.25242608593670696,0.01601184210912169,0.22104345207668658,0.28380871979672734,1
443,2500,ccmar,0.2558505160746848,cc_ccproj,0.2524260859367072,0.0160118421091217,0.2210434520766868,0.28380871979672756,1
443,2500,ccmar,0.2558505160746848,seq,0.260994782302496,0.016232451695737334,0.2291797615980647,0.2928098030069273,1
444,2500,ccmar,0.2558505160746848,full,0.2539312116478224,0.013737189560512455,0.22700681486041838,0.28085560843522644,1
444,2500,ccmar,0.2558505160746848,cc,0.23800153014210182,0.01267061699006804,0.21316757717966717,0.26283548310453647,1
444,2500,ccmar,0.2558505160746848,cc_ccproj,0.23800153014210182,0.012670616990068037,0.21316757717966717,0.26283548310453647,1
444,2500,ccmar,0.2558505160746848,seq,0.23820969452246904,0.012496815180646114,0.21371638684694924,0.2627030021979888,1
445,2500,ccmar,0.2558505160746848,full,0.2725998539854305,0.009798186722300446,0.2533957608959231,0.29180394707493795,1
445,2500,ccmar,0.2558505160746848,cc,0.2794197582896272,0.012694403796794358,0.2545391840427017,0.30430033253655264,1
445,2500,ccmar,0.2558505160746848,cc_ccproj,0.2794197582896271,0.012694403796794363,0.25453918404270165,0.3043003325365526,1
445,2500,ccmar,0.2558505160746848,seq,0.2738135155236364,0.012420691655570588,0.2494694072156409,0.29815762383163197,1
446,2500,ccmar,0.2558505160746848,full,0.2751623342280652,0.011482685457210873,0.25265668428613003,0.29766798417000034,1
446,2500,ccmar,0.2558505160746848,cc,0.28674689520397423,0.02892815757827979,0.2300487482114464,0.34344504219650207,1
446,2500,ccmar,0.2558505160746848,cc_ccproj,0.2867468952039742,0.028928157578279778,0.23004874821144639,0.34344504219650196,1
446,2500,ccmar,0.2558505160746848,seq,0.29626586314226516,0.02840796397519791,0.24058727687676595,0.35194444940776437,1
447,2500,ccmar,0.2558505160746848,full,0.24612566215440548,0.010016255495296247,0.22649416212367343,0.2657571621851375,1
447,2500,ccmar,0.2558505160746848,cc,0.24193569060065512,0.014992605306852877,0.2125507241647994,0.27132065703651087,1
447,2500,ccmar,0.2558505160746848,cc_ccproj,0.24193569060065506,0.014992605306852862,0.21255072416479937,0.27132065703651076,1
447,2500,ccmar,0.2558505160746848,seq,0.2396152372861999,0.01411448270181811,0.21195135953022282,0.267279115042177,1
448,2500,ccmar,0.2558505160746848,full,0.2618036485543521,0.008982114169885879,0.2441990282763489,0.2794082688323553,1
448,2500,ccmar,0.2558505160746848,cc,0.2605332535188125,0.014821613531859325,0.23148342480359674,0.2895830822340283,1
448,2500,ccmar,0.2558505160746848,cc_ccproj,0.2605332535188126,0.01482161353185933,0.23148342480359682,0.2895830822340284,1
448,2500,ccmar,0.2558505160746848,seq,0.26457437736730943,0.014699384235843483,0.23576411367014039,0.2933846410644785,1
449,2500,ccmar,0.2558505160746848,full,0.2607234653647382,0.01022549218326501,0.24068186896134297,0.2807650617681335,1
449,2500,ccmar,0.2558505160746848,cc,0.2417919748480257,0.011586645178508133,0.2190825675965051,0.2645013820995463,1
449,2500,ccmar,0.2558505160746848,cc_ccproj,0.24179197484802561,0.011586645178508133,0.21908256759650502,0.2645013820995462,1
449,2500,ccmar,0.2558505160746848,seq,0.2407440885551281,0.01128407560253761,0.21862770677532728,0.26286047033492893,1
450,2500,ccmar,0.2558505160746848,full,0.2500731218342389,0.009439136852922643,0.23157275355736578,0.26857349011111203,1
450,2500,ccmar,0.2558505160746848,cc,0.22739271566401761,0.013186189556821881,0.20154825903932855,0.2532371722887067,0
450,2500,ccmar,0.2558505160746848,cc_ccproj,0.22739271566401775,0.013186189556821876,0.20154825903932871,0.2532371722887068,0
450,2500,ccmar,0.2558505160746848,seq,0.23197581495983563,0.012753867616637818,0.2069786937676338,0.2569729361520374,1
451,2500,ccmar,0.2558505160746848,full,0.25907280429161034,0.009736868719969267,0.23998889227827597,0.2781567163049447,1
451,2500,ccmar,0.2558505160746848,cc,0.26215304064318445,0.015669367161243987,0.2314416453466116,0.2928644359397573,1
451,2500,ccmar,0.2558505160746848,cc_ccproj,0.26215304064318473,0.01566936716124398,0.2314416453466119,0.2928644359397576,1
451,2500,ccmar,0.2558505160746848,seq,0.2709540657875864,0.015272459870416573,0.24102059448623667,0.3008875370889362,1
452,2500,ccmar,0.2558505160746848,full,0.28067514911634445,0.012922404511156805,0.25534770168081916,0.30600259655186973,1
452,2500,ccmar,0.2558505160746848,cc,0.27997450388654826,0.015663643393913816,0.24927432696779844,0.3106746808052981,1
452,2500,ccmar,0.2558505160746848,cc_ccproj,0.27997450388654815,0.015663643393913837,0.2492743269677983,0.31067468080529803,1
452,2500,ccmar,0.2558505160746848,seq,0.28328053363931993,0.01571091483179147,0.2524877064048325,0.3140733608738074,1
453,2500,ccmar,0.2558505160746848,full,0.2750919842261614,0.011391356434024402,0.25276533588041494,0.2974186325719078,1
453,2500,ccmar,0.2558505160746848,cc,0.2708665622999621,0.01540784022218326,0.24066775038493526,0.3010653742149889,1
453,2500,ccmar,0.2558505160746848,cc_ccproj,0.270866562299962,0.01540784022218326,0.24066775038493515,0.3010653742149888,1
453,2500,ccmar,0.2558505160746848,seq,0.2706260912985503,0.015088650728659609,0.24105287929507344,0.3001993033020272,1
454,2500,ccmar,0.2558505160746848,full,0.2582866012943623,0.010377283733042517,0.2379474989202456,0.278625703668479,1
454,2500,ccmar,0.2558505160746848,cc,0.25483984946170674,0.012294045570231142,0.23074396291975952,0.27893573600365396,1
454,2500,ccmar,0.2558505160746848,cc_ccproj,0.25483984946170696,0.01229404557023114,0.23074396291975974,0.2789357360036542,1
454,2500,ccmar,0.2558505160746848,seq,0.2533662984684388,0.0122030470847144,0.22944876568075206,0.2772838312561255,1
455,2500,ccmar,0.2558505160746848,full,0.26807026534417566,0.009196453575470246,0.25004554755075936,0.28609498313759196,1
455,2500,ccmar,0.2558505160746848,cc,0.255072123481581,0.013108819954663748,0.22937930849062005,0.2807649384725419,1
455,2500,ccmar,0.2558505160746848,cc_ccproj,0.25507212348158104,0.01310881995466376,0.22937930849062008,0.28076493847254197,1
455,2500,ccmar,0.2558505160746848,seq,0.25327751202551124,0.012601120705119826,0.2285797692786344,0.27797525477238805,1
456,2500,ccmar,0.2558505160746848,full,0.254262688954853,0.014997771406416864,0.2248675971499113,0.2836577807597947,1
456,2500,ccmar,0.2558505160746848,cc,0.20947214821388843,0.048709480472743344,0.11400332078165443,0.30494097564612244,1
456,2500,ccmar,0.2558505160746848,cc_ccproj,0.20947214821388851,0.0487094804727433,0.1140033207816546,0.30494097564612244,1
456,2500,ccmar,0.2558505160746848,seq,0.20770140519998675,0.04724996436814899,0.11509317676761388,0.30030963363235963,1
457,2500,ccmar,0.2558505160746848,full,0.2436804636809039,0.009609080818447904,0.22484701135221136,0.26251391600959645,1
457,2500,ccmar,0.2558505160746848,cc,0.23147090224729905,0.016535236731181464,0.19906243377833957,0.26387937071625855,1
457,2500,ccmar,0.2558505160746848,cc_ccproj,0.2314709022472991,0.016535236731181447,0.19906243377833965,0.26387937071625855,1
457,2500,ccmar,0.2558505160746848,seq,0.23420573999250427,0.015853698268734416,0.20313306236401982,0.26527841762098875,1
458,2500,ccmar,0.2558505160746848,full,0.25935805664880607,0.010149181356152956,0.2394660267181809,0.27925008657943123,1
458,2500,ccmar,0.2558505160746848,cc,0.27221952775457253,0.01319659016829697,0.2463546863059751,0.29808436920316994,1
458,2500,ccmar,0.2558505160746848,cc_ccproj,0.2722195277545723,0.013196590168296975,0.24635468630597487,0.2980843692031698,1
458,2500,ccmar,0.2558505160746848,seq,0.2699006260935696,0.012930682811579535,0.24455695348736256,0.2952442986997766,1
459,2500,ccmar,0.2558505160746848,full,0.25155475048207365,0.009789497291533542,0.2323676883639155,0.2707418126002318,1
459,2500,ccmar,0.2558505160746848,cc,0.24815999892281373,0.018592513053390793,0.21171934295607694,0.2846006548895505,1
459,2500,ccmar,0.2558505160746848,cc_ccproj,0.24815999892281365,0.018592513053390797,0.21171934295607686,0.28460065488955044,1
459,2500,ccmar,0.2558505160746848,seq,0.2481701114233229,0.017369104622522683,0.21412729191947028,0.28221293092717553,1
460,2500,ccmar,0.2558505160746848,full,0.24959634470126613,0.009455383229717913,0.231064134110995,0.26812855529153723,1
460,2500,ccmar,0.2558505160746848,cc,0.27113074779594315,0.01504810678205967,0.24163700046759326,0.300624495124293,1
460,2500,ccmar,0.2558505160746848,cc_ccproj,0.271130747795943,0.015048106782059678,0.2416370004675931,0.3006244951242929,1
460,2500,ccmar,0.2558505160746848,seq,0.26738722194313114,0.014670974992313866,0.23863263934010817,0.29614180454615413,1
461,2500,ccmar,0.2558505160746848,full,0.2634089904041964,0.009998042072355662,0.2438131880264631,0.2830047927819297,1
461,2500,ccmar,0.2558505160746848,cc,0.2644831740504921,0.013391777990083184,0.23823577150097286,0.29073057660001134,1
461,2500,ccmar,0.2558505160746848,cc_ccproj,0.26448317405049215,0.013391777990083191,0.23823577150097291,0.2907305766000114,1
461,2500,ccmar,0.2558505160746848,seq,0.2658649059716183,0.013191181392506768,0.24001066552877015,0.2917191464144665,1
462,2500,ccmar,0.2558505160746848,full,0.24438063491272213,0.009565494956644476,0.22563260930339943,0.2631286605220448,1
462,2500,ccmar,0.2558505160746848,cc,0.23694970974682592,0.02115551698740656,0.19548565837718376,0.2784137611164681,1
462,2500,ccmar,0.2558505160746848,cc_ccproj,0.23694970974682605,0.02115551698740652,0.19548565837718396,0.27841376111646815,1
462,2500,ccmar,0.2558505160746848,seq,0.23763721583931624,0.01983841789005569,0.198754631264552,0.2765198004140805,1
463,2500,ccmar,0.2558505160746848,full,0.23995549502292288,0.010788738390512267,0.21880995633889422,0.26110103370695154,1
463,2500,ccmar,0.2558505160746848,cc,0.2516282594854534,0.011869545125006169,0.22836437852756836,0.2748921404433385,1
463,2500,ccmar,0.2558505160746848,cc_ccproj,0.2516282594854535,0.01186954512500617,0.2283643785275684,0.27489214044333854,1
463,2500,ccmar,0.2558505160746848,seq,0.2522949497416111,0.011706590781706773,0.22935045342771723,0.275239446055505,1
464,2500,ccmar,0.2558505160746848,full,0.26413681515984583,0.00974906096680323,0.24502900678182626,0.2832446235378654,1
464,2500,ccmar,0.2558505160746848,cc,0.2485866710936924,0.013789921946886694,0.221558920728176,0.2756144214592088,1
464,2500,ccmar,0.2558505160746848,cc_ccproj,0.24858667109369234,0.013789921946886712,0.22155892072817593,0.2756144214592088,1
464,2500,ccmar,0.2558505160746848,seq,0.24659196862042965,0.013437472411876176,0.22025500664990177,0.2729289305909575,1
465,2500,ccmar,0.2558505160746848,full,0.261316233518078,0.010538465313241539,0.24066122105179993,0.281971245984356,1
465,2500,ccmar,0.2558505160746848,cc,0.27461062228567434,0.015544018963885861,0.24414490494145044,0.3050763396298982,1
465,2500,ccmar,0.2558505160746848,cc_ccproj,0.27461062228567434,0.015544018963885855,0.24414490494145047,0.3050763396298982,1
465,2500,ccmar,0.2558505160746848,seq,0.27408611628369656,0.015006430347511552,0.24467405326606503,0.3034981793013281,1
466,2500,ccmar,0.2558505160746848,full,0.25608913929879135,0.008070916286053366,0.24027043405588897,0.2719078445416937,1
466,2500,ccmar,0.2558505160746848,cc,0.2685618322018656,0.012772272742644744,0.24352863762555926,0.2935950267781719,1
466,2500,ccmar,0.2558505160746848,cc_ccproj,0.2685618322018654,0.012772272742644739,0.2435286376255591,0.29359502677817173,1
466,2500,ccmar,0.2558505160746848,seq,0.2605055398749774,0.01241555597119854,0.23617149732338702,0.2848395824265677,1
467,2500,ccmar,0.2558505160746848,full,0.2618890769712015,0.008478105205491126,0.24527229611129736,0.27850585783110565,1
467,2500,ccmar,0.2558505160746848,cc,0.2727211208136731,0.01544254113576464,0.24245429635779617,0.3029879452695501,1
467,2500,ccmar,0.2558505160746848,cc_ccproj,0.27272112081367317,0.015442541135764647,0.2424542963577962,0.30298794526955014,1
467,2500,ccmar,0.2558505160746848,seq,0.27225557248643095,0.015116849703777836,0.24262709150732142,0.3018840534655405,1
468,2500,ccmar,0.2558505160746848,full,0.26903392843015256,0.011084374545759633,0.24730895352931115,0.29075890333099397,1
468,2500,ccmar,0.2558505160746848,cc,0.2740471006237892,0.016644866725968856,0.24142376131342108,0.30667043993415727,1
468,2500,ccmar,0.2558505160746848,cc_ccproj,0.27404710062378895,0.016644866725968866,0.24142376131342086,0.30667043993415705,1
468,2500,ccmar,0.2558505160746848,seq,0.2753368029878376,0.016440556272387205,0.2431139048081546,0.30755970116752057,1
469,2500,ccmar,0.2558505160746848,full,0.26254752004391557,0.008207886236749787,0.246460358630684,0.27863468145714715,1
469,2500,ccmar,0.2558505160746848,cc,0.2597677223207274,0.012728778355035919,0.23481977517766403,0.2847156694637908,1
469,2500,ccmar,0.2558505160746848,cc_ccproj,0.25976772232072753,0.012728778355035933,0.23481977517766411,0.28471566946379095,1
469,2500,ccmar,0.2558505160746848,seq,0.2647446294570294,0.012357583892641879,0.24052421009151906,0.2889650488225398,1
470,2500,ccmar,0.2558505160746848,full,0.2522410496350285,0.01028679058789988,0.23207931056623915,0.2724027887038179,1
470,2500,ccmar,0.2558505160746848,cc,0.2555280168546095,0.023945220853364525,0.20859624638015759,0.3024597873290614,1
470,2500,ccmar,0.2558505160746848,cc_ccproj,0.25552801685460935,0.02394522085336453,0.20859624638015742,0.3024597873290613,1
470,2500,ccmar,0.2558505160746848,seq,0.2647936396613619,0.023491690662328975,0.2187507720272412,0.31083650729548257,1
471,2500,ccmar,0.2558505160746848,full,0.25675049700425984,0.0093850952486289,0.2383560483254692,0.2751449456830505,1
471,2500,ccmar,0.2558505160746848,cc,0.2408668382171873,0.015489254228225138,0.21050845778248128,0.2712252186518933,1
471,2500,ccmar,0.2558505160746848,cc_ccproj,0.24086683821718724,0.015489254228225153,0.2105084577824812,0.2712252186518933,1
471,2500,ccmar,0.2558505160746848,seq,0.24210520189951568,0.014687061294498037,0.2133190907235673,0.27089131307546405,1
472,2500,ccmar,0.2558505160746848,full,0.25711028237691724,0.009700699803832223,0.23809726013657131,0.27612330461726314,1
472,2500,ccmar,0.2558505160746848,cc,0.2633209021374458,0.013398932063814897,0.23705947786106968,0.2895823264138219,1
472,2500,ccmar,0.2558505160746848,cc_ccproj,0.2633209021374456,0.013398932063814902,0.23705947786106943,0.2895823264138217,1
472,2500,ccmar,0.2558505160746848,seq,0.26409287851469315,0.0131004117994444,0.23841654320513855,0.28976921382424775,1
473,2500,ccmar,0.2558505160746848,full,0.2642853584079001,0.009759906011343722,0.24515629413317042,0.28341442268262973,1
473,2500,ccmar,0.2558505160746848,cc,0.2586570298319761,0.013170550166682345,0.23284322584870068,0.2844708338152515,1
473,2500,ccmar,0.2558505160746848,cc_ccproj,0.25865702983197597,0.013170550166682353,0.23284322584870054,0.2844708338152514,1
473,2500,ccmar,0.2558505160746848,seq,0.25865348111016967,0.012977283005397591,0.23321847380240668,0.28408848841793266,1
474,2500,ccmar,0.2558505160746848,full,0.26863060356532203,0.00984815175612999,0.24932858080902237,0.2879326263216217,1
474,2500,ccmar,0.2558505160746848,cc,0.2588003791200581,0.019612541517061682,0.22036050410132063,0.29724025413879557,1
474,2500,ccmar,0.2558505160746848,cc_ccproj,0.2588003791200583,0.019612541517061665,0.2203605041013209,0.29724025413879573,1
474,2500,ccmar,0.2558505160746848,seq,0.264700624978612,0.019035756631688,0.22739122756203406,0.30201002239519,1
475,2500,ccmar,0.2558505160746848,full,0.2563668290798377,0.009023896238911144,0.2386803174513454,0.27405334070833,1
475,2500,ccmar,0.2558505160746848,cc,0.25150742397393905,0.012597653497528956,0.22681647682906725,0.27619837111881085,1
475,2500,ccmar,0.2558505160746848,cc_ccproj,0.2515074239739392,0.012597653497528942,0.22681647682906744,0.27619837111881096,1
475,2500,ccmar,0.2558505160746848,seq,0.2551829812784219,0.011836696879934376,0.23198348169783292,0.27838248085901096,1
476,2500,ccmar,0.2558505160746848,full,0.24666332762757776,0.009986950159894174,0.22708926499878865,0.2662373902563669,1
476,2500,ccmar,0.2558505160746848,cc,0.24084349287543286,0.01263151479744621,0.21608617880225353,0.2656008069486122,1
476,2500,ccmar,0.2558505160746848,cc_ccproj,0.24084349287543283,0.01263151479744622,0.21608617880225348,0.26560080694861216,1
476,2500,ccmar,0.2558505160746848,seq,0.24471460142280102,0.012128708630705459,0.2209427693276382,0.26848643351796386,1
477,2500,ccmar,0.2558505160746848,full,0.2619363081436141,0.010866615623308285,0.2406381328880896,0.28323448339913865,1
477,2500,ccmar,0.2558505160746848,cc,0.24738344249763355,0.023181747453856916,0.2019480523893709,0.2928188326058962,1
477,2500,ccmar,0.2558505160746848,cc_ccproj,0.24738344249763364,0.023181747453856916,0.20194805238937097,0.2928188326058963,1
477,2500,ccmar,0.2558505160746848,seq,0.24990593794172528,0.02305873294925775,0.20471165183205303,0.2951002240513975,1
478,2500,ccmar,0.2558505160746848,full,0.2632860476203845,0.010486420091880689,0.24273304191354114,0.28383905332722786,1
478,2500,ccmar,0.2558505160746848,cc,0.256241232184634,0.01545686586833216,0.22594633176883655,0.2865361326004315,1
478,2500,ccmar,0.2558505160746848,cc_ccproj,0.2562412321846341,0.015456865868332172,0.22594633176883663,0.2865361326004316,1
478,2500,ccmar,0.2558505160746848,seq,0.2566910039109295,0.015223501200248193,0.22685348983984077,0.2865285179820183,1
479,2500,ccmar,0.2558505160746848,full,0.2815453311558173,0.018750244488504476,0.24479552725702788,0.3182951350546067,1
479,2500,ccmar,0.2558505160746848,cc,0.2592954663452452,0.01226053182281182,0.23526526554122681,0.2833256671492636,1
479,2500,ccmar,0.2558505160746848,cc_ccproj,0.25929546634524514,0.01226053182281182,0.23526526554122676,0.28332566714926355,1
479,2500,ccmar,0.2558505160746848,seq,0.2614074220912262,0.01178051740673931,0.23831803225476994,0.28449681192768245,1
480,2500,ccmar,0.2558505160746848,full,0.23754333009357073,0.010082233388634034,0.2177825157681208,0.25730414441902066,1
480,2500,ccmar,0.2558505160746848,cc,0.23298003708604675,0.020453856810536956,0.19289121439245502,0.27306885977963846,1
480,2500,ccmar,0.2558505160746848,cc_ccproj,0.2329800370860467,0.02045385681053696,0.19289121439245496,0.27306885977963846,1
480,2500,ccmar,0.2558505160746848,seq,0.23756971408471217,0.020154103835650264,0.1980683964261571,0.27707103174326725,1
481,2500,ccmar,0.2558505160746848,full,0.2487129414554586,0.010278117439593606,0.2285682014449821,0.26885768146593514,1
481,2500,ccmar,0.2558505160746848,cc,0.2475920428043988,0.024205894863014533,0.2001493606593272,0.2950347249494704,1
481,2500,ccmar,0.2558505160746848,cc_ccproj,0.2475920428043989,0.02420589486301453,0.2001493606593273,0.2950347249494705,1
481,2500,ccmar,0.2558505160746848,seq,0.251658698526732,0.02420120333039572,0.2042252116166256,0.2990921854368384,1
482,2500,ccmar,0.2558505160746848,full,0.25899820453102457,0.009656889740163044,0.24007104843763064,0.27792536062441847,1
482,2500,ccmar,0.2558505160746848,cc,0.24443805329346655,0.012166814112376613,0.22059153582661473,0.26828457076031836,1
482,2500,ccmar,0.2558505160746848,cc_ccproj,0.2444380532934663,0.012166814112376648,0.2205915358266144,0.2682845707603182,1
482,2500,ccmar,0.2558505160746848,seq,0.24143747268892202,0.011722614398420792,0.21846157066336658,0.26441337471447746,1
483,2500,ccmar,0.2558505160746848,full,0.2670106919180862,0.012978066571576045,0.24157414884883394,0.29244723498733843,1
483,2500,ccmar,0.2558505160746848,cc,0.25771748290263574,0.013786976784737802,0.23069550494885982,0.28473946085641166,1
483,2500,ccmar,0.2558505160746848,cc_ccproj,0.2577174829026357,0.013786976784737807,0.23069550494885976,0.2847394608564116,1
483,2500,ccmar,0.2558505160746848,seq,0.25471769963498553,0.013312943341132836,0.22862481015814284,0.2808105891118282,1
484,2500,ccmar,0.2558505160746848,full,0.24525967845425903,0.009329417983779377,0.22697435520933115,0.2635450016991869,1
484,2500,ccmar,0.2558505160746848,cc,0.23826805403025333,0.013610328752982553,0.2115922998566576,0.2649438082038491,1
484,2500,ccmar,0.2558505160746848,cc_ccproj,0.23826805403025336,0.013610328752982553,0.21159229985665762,0.2649438082038491,1
484,2500,ccmar,0.2558505160746848,seq,0.24150488486462718,0.013341079426913262,0.21535684967298893,0.26765292005626545,1
485,2500,ccmar,0.2558505160746848,full,0.2502345575501699,0.009895572495078305,0.23083959185341124,0.2696295232469285,1
485,2500,ccmar,0.2558505160746848,cc,0.23853016294249318,0.014315284686395029,0.21047272052872118,0.2665876053562652,1
485,2500,ccmar,0.2558505160746848,cc_ccproj,0.23853016294249302,0.014315284686395029,0.210472720528721,0.266587605356265,1
485,2500,ccmar,0.2558505160746848,seq,0.24383521586954957,0.013897567514616134,0.2165964840681881,0.27107394767091103,1
486,2500,ccmar,0.2558505160746848,full,0.2640007587091356,0.010127950559844074,0.24415034037463892,0.2838511770436323,1
486,2500,ccmar,0.2558505160746848,cc,0.259529661190314,0.011828756819438055,0.23634572384233288,0.28271359853829514,1
486,2500,ccmar,0.2558505160746848,cc_ccproj,0.259529661190314,0.011828756819438053,0.23634572384233288,0.28271359853829514,1
486,2500,ccmar,0.2558505160746848,seq,0.26085684191681685,0.011419379664042327,0.23847526904950478,0.2832384147841289,1
487,2500,ccmar,0.2558505160746848,full,0.25666301305527134,0.009905060862755508,0.2372494504995933,0.2760765756109494,1
487,2500,ccmar,0.2558505160746848,cc,0.2647075292173623,0.013372185859415131,0.23849852653833284,0.2909165318963917,1
487,2500,ccmar,0.2558505160746848,cc_ccproj,0.2647075292173623,0.013372185859415138,0.23849852653833284,0.2909165318963918,1
487,2500,ccmar,0.2558505160746848,seq,0.26249855439171543,0.013083402213198293,0.23685555725859514,0.2881415515248357,1
488,2500,ccmar,0.2558505160746848,full,0.26173143257236137,0.009838290540933676,0.24244873744269027,0.28101412770203243,1
488,2500,ccmar,0.2558505160746848,cc,0.26312762257247285,0.012779374015674477,0.23808050975678388,0.28817473538816185,1
488,2500,ccmar,0.2558505160746848,cc_ccproj,0.26312762257247296,0.012779374015674465,0.23808050975678402,0.2881747353881619,1
488,2500,ccmar,0.2558505160746848,seq,0.26457260477161393,0.012315483666557114,0.2404347003329707,0.28871050921025715,1
489,2500,ccmar,0.2558505160746848,full,0.24309230491461012,0.012367739757277696,0.2188519804201817,0.26733262940903857,1
489,2500,ccmar,0.2558505160746848,cc,0.21282793261862654,0.03599912813290639,0.14227093800328738,0.2833849272339657,1
489,2500,ccmar,0.2558505160746848,cc_ccproj,0.21282793261862643,0.035999128132906434,0.14227093800328716,0.2833849272339657,1
489,2500,ccmar,0.2558505160746848,seq,0.21039812471735458,0.035731155925001847,0.140366345978366,0.28042990345634317,1
490,2500,ccmar,0.2558505160746848,full,0.2453495636413681,0.00940860315527109,0.22690904031220685,0.26379008697052936,1
490,2500,ccmar,0.2558505160746848,cc,0.22890093909415837,0.019565229598803798,0.19055379373124587,0.2672480844570709,1
490,2500,ccmar,0.2558505160746848,cc_ccproj,0.22890093909415865,0.01956522959880378,0.1905537937312462,0.2672480844570711,1
490,2500,ccmar,0.2558505160746848,seq,0.2313296164440946,0.018593508451033334,0.19488700953382815,0.26777222335436107,1
491,2500,ccmar,0.2558505160746848,full,0.2610661414772827,0.010135224601189345,0.24120146628372724,0.28093081667083813,1
491,2500,ccmar,0.2558505160746848,cc,0.2945147290679377,0.02091563518935983,0.25352083738301384,0.33550862075286153,1
491,2500,ccmar,0.2558505160746848,cc_ccproj,0.2945147290679375,0.02091563518935984,0.2535208373830136,0.3355086207528614,1
491,2500,ccmar,0.2558505160746848,seq,0.2868370984177992,0.020546927374140128,0.2465658607715244,0.32710833606407397,1
492,2500,ccmar,0.2558505160746848,full,0.2522770467999652,0.009776072613000836,0.23311629656823518,0.27143779703169524,1
492,2500,ccmar,0.2558505160746848,cc,0.26280688454302936,0.016476629944921682,0.2305132832643887,0.29510048582167003,1
492,2500,ccmar,0.2558505160746848,cc_ccproj,0.2628068845430295,0.016476629944921672,0.23051328326438883,0.29510048582167014,1
492,2500,ccmar,0.2558505160746848,seq,0.2670549786353312,0.016011516197049415,0.2356729835512346,0.2984369737194278,1
493,2500,ccmar,0.2558505160746848,full,0.24615736800687626,0.008845173697887294,0.2288211461220162,0.2634935898917363,1
493,2500,ccmar,0.2558505160746848,cc,0.26361232527286066,0.013958105520304362,0.2362549411606544,0.29096970938506694,1
493,2500,ccmar,0.2558505160746848,cc_ccproj,0.2636123252728605,0.013958105520304362,0.23625494116065424,0.2909697093850668,1
493,2500,ccmar,0.2558505160746848,seq,0.2671380253624911,0.01378148526439896,0.24012681059079966,0.29414924013418253,1
494,2500,ccmar,0.2558505160746848,full,0.24980438267771074,0.010149706033968522,0.22991132439746356,0.2696974409579579,1
494,2500,ccmar,0.2558505160746848,cc,0.2268175462596797,0.021264084595079457,0.185140706289111,0.2684943862302484,1
494,2500,ccmar,0.2558505160746848,cc_ccproj,0.2268175462596798,0.021264084595079433,0.1851407062891111,0.26849438623024846,1
494,2500,ccmar,0.2558505160746848,seq,0.23200283981111247,0.02063057340885493,0.19156765894934707,0.27243802067287787,1
495,2500,ccmar,0.2558505160746848,full,0.2533144299784788,0.010133816853651082,0.23345251391939767,0.2731763460375599,1
495,2500,ccmar,0.2558505160746848,cc,0.2493790552368092,0.020392234914623147,0.2094110092398676,0.2893471012337508,1
495,2500,ccmar,0.2558505160746848,cc_ccproj,0.24937905523680928,0.02039223491462316,0.20941100923986766,0.2893471012337509,1
495,2500,ccmar,0.2558505160746848,seq,0.2548148622401433,0.020008993038825307,0.21559795651713307,0.29403176796315356,1
496,2500,ccmar,0.2558505160746848,full,0.26286366301697595,0.008900774886129078,0.24541846480566434,0.2803088612282875,1
496,2500,ccmar,0.2558505160746848,cc,0.256700229812208,0.014580292014548706,0.22812338257961562,0.28527707704480043,1
496,2500,ccmar,0.2558505160746848,cc_ccproj,0.2567002298122082,0.014580292014548685,0.2281233825796158,0.28527707704480054,1
496,2500,ccmar,0.2558505160746848,seq,0.26101307383389005,0.014793554692083646,0.23201823943408256,0.29000790823369754,1
497,2500,ccmar,0.2558505160746848,full,0.26943802495851055,0.010851456812437392,0.24816956042634145,0.2907064894906797,1
497,2500,ccmar,0.2558505160746848,cc,0.2827481305483103,0.01794499328872345,0.24757658999959933,0.31791967109702124,1
497,2500,ccmar,0.2558505160746848,cc_ccproj,0.2827481305483103,0.01794499328872346,0.2475765899995993,0.31791967109702124,1
497,2500,ccmar,0.2558505160746848,seq,0.2815482640629876,0.017814321148820398,0.24663283620226942,0.31646369192370577,1
498,2500,ccmar,0.2558505160746848,full,0.24889275834008925,0.010928119254090422,0.2274740381833133,0.2703114784968652,1
498,2500,ccmar,0.2558505160746848,cc,0.26807851745916034,0.013195172237636254,0.2422164551035905,0.2939405798147302,1
498,2500,ccmar,0.2558505160746848,cc_ccproj,0.2680785174591603,0.013195172237636263,0.2422164551035904,0.29394057981473015,1
498,2500,ccmar,0.2558505160746848,seq,0.2659039573580351,0.013023040873901189,0.24037926627599576,0.2914286484400745,1
499,2500,ccmar,0.2558505160746848,full,0.2443292025187435,0.008575344956709401,0.22752183524858588,0.2611365697889011,1
499,2500,ccmar,0.2558505160746848,cc,0.23139116512726704,0.011631085702864825,0.20859465604855323,0.2541876742059808,0
499,2500,ccmar,0.2558505160746848,cc_ccproj,0.23139116512726715,0.011631085702864823,0.20859465604855337,0.25418767420598093,0
499,2500,ccmar,0.2558505160746848,seq,0.22878834322927524,0.011460205599320799,0.2063267529991822,0.2512499334593683,0
500,2500,ccmar,0.2558505160746848,full,0.2591964420129814,0.01168232425496565,0.23629950721753,0.2820933768084328,1
500,2500,ccmar,0.2558505160746848,cc,0.23869891517585584,0.016822553363655162,0.20572731645508857,0.2716705138966231,1
500,2500,ccmar,0.2558505160746848,cc_ccproj,0.23869891517585612,0.016822553363655127,0.20572731645508893,0.27167051389662333,1
500,2500,ccmar,0.2558505160746848,seq,0.24134762098868842,0.015796401094681292,0.21038724375776402,0.2723079982196128,1
501,2500,ccmar,0.2558505160746848,full,0.24449183455916665,0.0093584921133084,0.22614952706748004,0.26283414205085326,1
501,2500,ccmar,0.2558505160746848,cc,0.23490772177752778,0.01841127530553049,0.19882228526923634,0.2709931582858192,1
501,2500,ccmar,0.2558505160746848,cc_ccproj,0.2349077217775279,0.01841127530553048,0.19882228526923645,0.2709931582858193,1
501,2500,ccmar,0.2558505160746848,seq,0.2322118106827722,0.01794950934415465,0.1970314188280639,0.2673922025374805,1
502,2500,ccmar,0.2558505160746848,full,0.263565312350554,0.010311656308524677,0.24335483736489041,0.28377578733621767,1
502,2500,ccmar,0.2558505160746848,cc,0.2770190992517969,0.01893330394150341,0.23991050541809997,0.3141276930854938,1
502,2500,ccmar,0.2558505160746848,cc_ccproj,0.2770190992517972,0.01893330394150341,0.23991050541810024,0.3141276930854941,1
502,2500,ccmar,0.2558505160746848,seq,0.2743405179757802,0.01868735924640949,0.23771396688665603,0.31096706906490434,1
503,2500,ccmar,0.2558505160746848,full,0.23922677431386483,0.014756066551609347,0.21030541531923436,0.2681481333084953,1
503,2500,ccmar,0.2558505160746848,cc,0.20135651601496043,0.045181009320820344,0.11280336496098407,0.2899096670689368,1
503,2500,ccmar,0.2558505160746848,cc_ccproj,0.2013565160149602,0.04518100932082032,0.11280336496098389,0.2899096670689365,1
503,2500,ccmar,0.2558505160746848,seq,0.20101702457672282,0.04344158566214052,0.1158730812476158,0.28616096790582984,1
504,2500,ccmar,0.2558505160746848,full,0.2735049012242321,0.009377362843675878,0.2551256077806633,0.2918841946678009,1
504,2500,ccmar,0.2558505160746848,cc,0.2814763050611758,0.01372463738323012,0.25457651008917276,0.3083761000331789,1
504,2500,ccmar,0.2558505160746848,cc_ccproj,0.28147630506117594,0.013724637383230123,0.25457651008917287,0.308376100033179,1
504,2500,ccmar,0.2558505160746848,seq,0.2807718397553817,0.013406602076104881,0.2544953825311562,0.3070482969796072,1
505,2500,ccmar,0.2558505160746848,full,0.257882085617466,0.01114122904136392,0.236045677952881,0.279718493282051,1
505,2500,ccmar,0.2558505160746848,cc,0.27786959511598613,0.02557419828969429,0.22774508753469946,0.3279941026972728,1
505,2500,ccmar,0.2558505160746848,cc_ccproj,0.2778695951159861,0.025574198289694282,0.22774508753469944,0.3279941026972727,1
505,2500,ccmar,0.2558505160746848,seq,0.27241878625663063,0.02539303238877544,0.22264935731637167,0.32218821519688956,1
506,2500,ccmar,0.2558505160746848,full,0.2574028000233037,0.010268607661071613,0.23727669883623123,0.2775289012103761,1
506,2500,ccmar,0.2558505160746848,cc,0.26315697226401336,0.016263696032540912,0.2312807137847262,0.2950332307433005,1
506,2500,ccmar,0.2558505160746848,cc_ccproj,0.2631569722640136,0.016263696032540895,0.23128071378472645,0.2950332307433007,1
506,2500,ccmar,0.2558505160746848,seq,0.26628099848101183,0.015809249887974063,0.23529543807798878,0.29726655888403486,1
507,2500,ccmar,0.2558505160746848,full,0.24006031710391199,0.009862385321397799,0.22073039707231581,0.25939023713550813,1
507,2500,ccmar,0.2558505160746848,cc,0.24353820526033595,0.01332152652328393,0.21742849305560435,0.26964791746506755,1
507,2500,ccmar,0.2558505160746848,cc_ccproj,0.24353820526033587,0.013321526523283918,0.2174284930556043,0.26964791746506744,1
507,2500,ccmar,0.2558505160746848,seq,0.2464156678710835,0.012997442142050395,0.22094114938152157,0.2718901863606454,1
508,2500,ccmar,0.2558505160746848,full,0.2452256247042652,0.010006308731324914,0.2256136199726797,0.2648376294358507,1
508,2500,ccmar,0.2558505160746848,cc,0.24580028743316779,0.019825998518284756,0.2069420443797852,0.2846585304865504,1
508,2500,ccmar,0.2558505160746848,cc_ccproj,0.24580028743316762,0.019825998518284763,0.206942044379785,0.2846585304865502,1
508,2500,ccmar,0.2558505160746848,seq,0.2469567373227219,0.019257293441235515,0.20921313573818087,0.2847003389072629,1
509,2500,ccmar,0.2558505160746848,full,0.2535256918864753,0.008844272066600968,0.23619123716646376,0.27086014660648683,1
509,2500,ccmar,0.2558505160746848,cc,0.24762493440471886,0.01493507235512893,0.21835273048216636,0.27689713832727136,1
509,2500,ccmar,0.2558505160746848,cc_ccproj,0.24762493440471875,0.014935072355128936,0.21835273048216625,0.27689713832727125,1
509,2500,ccmar,0.2558505160746848,seq,0.25140881665233367,0.014566107656047544,0.22285977025154732,0.27995786305312,1
510,2500,ccmar,0.2558505160746848,full,0.2538723312699001,0.009445343483872106,0.2353597982199007,0.2723848643198995,1
510,2500,ccmar,0.2558505160746848,cc,0.26196854877119724,0.014548722739628137,0.2334535761804672,0.2904835213619273,1
510,2500,ccmar,0.2558505160746848,cc_ccproj,0.2619685487711973,0.014548722739628142,0.23345357618046722,0.29048352136192734,1
510,2500,ccmar,0.2558505160746848,seq,0.2638925739788643,0.01395369215129063,0.23654383991097544,0.29124130804675313,1
511,2500,ccmar,0.2558505160746848,full,0.2507350384261818,0.009212101519177231,0.23267965122666767,0.2687904256256959,1
511,2500,ccmar,0.2558505160746848,cc,0.25067417694907007,0.01603152990588747,0.21925295571645384,0.28209539818168633,1
511,2500,ccmar,0.2558505160746848,cc_ccproj,0.25067417694907024,0.01603152990588747,0.219252955716454,0.2820953981816865,1
511,2500,ccmar,0.2558505160746848,seq,0.25002152131197164,0.015471895501361198,0.21969716335673642,0.2803458792672069,1
512,2500,ccmar,0.2558505160746848,full,0.25058084795353114,0.01212915885856414,0.22680813342798048,0.2743535624790818,1
512,2500,ccmar,0.2558505160746848,cc,0.25742522784876654,0.013104471786131755,0.23174093511152702,0.283109520586006,1
512,2500,ccmar,0.2558505160746848,cc_ccproj,0.25742522784876654,0.013104471786131755,0.23174093511152702,0.283109520586006,1
512,2500,ccmar,0.2558505160746848,seq,0.2552266407034301,0.012792996720467426,0.2301528278769749,0.28030045352988525,1
513,2500,ccmar,0.2558505160746848,full,0.26656791260744583,0.009037090378658224,0.2488555409402423,0.2842802842746494,1
513,2500,ccmar,0.2558505160746848,cc,0.26927441835330346,0.012985755285460587,0.24382280568175005,0.29472603102485684,1
513,2500,ccmar,0.2558505160746848,cc_ccproj,0.26927441835330357,0.012985755285460589,0.24382280568175016,0.29472603102485695,1
513,2500,ccmar,0.2558505160746848,seq,0.26625823131488374,0.01252781687460172,0.24170416143575124,0.29081230119401624,1
514,2500,ccmar,0.2558505160746848,full,0.2733757079060273,0.009485254825970011,0.25478495006294133,0.2919664657491132,1
514,2500,ccmar,0.2558505160746848,cc,0.2733373951093716,0.013116070589298885,0.24763036913566075,0.2990444210830825,1
514,2500,ccmar,0.2558505160746848,cc_ccproj,0.27333739510937155,0.013116070589298891,0.24763036913566067,0.29904442108308243,1
514,2500,ccmar,0.2558505160746848,seq,0.27471102028904465,0.012736933154340912,0.24974709003304232,0.299674950545047,1
515,2500,ccmar,0.2558505160746848,full,0.2478786128778012,0.008586377590710669,0.23104962204234647,0.2647076037132559,1
515,2500,ccmar,0.2558505160746848,cc,0.24668725269420894,0.011332550938282717,0.2244758610022092,0.26889864438620864,1
515,2500,ccmar,0.2558505160746848,cc_ccproj,0.24668725269420894,0.011332550938282724,0.2244758610022092,0.2688986443862087,1
515,2500,ccmar,0.2558505160746848,seq,0.24351104916767405,0.011299544446729535,0.22136434901037458,0.2656577493249735,1
516,2500,ccmar,0.2558505160746848,full,0.2434320301826042,0.00951262175532057,0.22478763414362368,0.2620764262215847,1
516,2500,ccmar,0.2558505160746848,cc,0.24302158755262443,0.013567853546503422,0.21642908325396368,0.26961409185128515,1
516,2500,ccmar,0.2558505160746848,cc_ccproj,0.24302158755262449,0.013567853546503425,0.21642908325396373,0.26961409185128526,1
516,2500,ccmar,0.2558505160746848,seq,0.2434554938942708,0.013101875305836697,0.21777629016489616,0.26913469762364545,1
517,2500,ccmar,0.2558505160746848,full,0.2738299588907715,0.008752293872537224,0.25667577811848796,0.29098413966305503,0
517,2500,ccmar,0.2558505160746848,cc,0.27516656068233697,0.01694077792423571,0.24196324608074377,0.3083698752839302,1
517,2500,ccmar,0.2558505160746848,cc_ccproj,0.2751665606823369,0.016940777924235702,0.2419632460807437,0.3083698752839301,1
517,2500,ccmar,0.2558505160746848,seq,0.2735900877587852,0.01681500338091035,0.24063328673228165,0.3065468887852887,1
518,2500,ccmar,0.2558505160746848,full,0.2731468792509967,0.012002012966787743,0.24962336609410998,0.2966703924078834,1
518,2500,ccmar,0.2558505160746848,cc,0.2944992899923155,0.025143441553082516,0.24521905010088593,0.34377952988374505,1
518,2500,ccmar,0.2558505160746848,cc_ccproj,0.29449928999231567,0.025143441553082523,0.24521905010088607,0.34377952988374527,1
518,2500,ccmar,0.2558505160746848,seq,0.28852407771380567,0.025039524376926664,0.23944751174501666,0.3376006436825947,1
519,2500,ccmar,0.2558505160746848,full,0.24821225318643791,0.009661935944212184,0.22927520671484902,0.2671492996580268,1
519,2500,ccmar,0.2558505160746848,cc,0.2316556000126664,0.015881181889136592,0.2005290554780289,0.2627821445473039,1
519,2500,ccmar,0.2558505160746848,cc_ccproj,0.2316556000126663,0.015881181889136585,0.20052905547802882,0.2627821445473038,1
519,2500,ccmar,0.2558505160746848,seq,0.2358598074031841,0.015289746320116421,0.2058924552830021,0.2658271595233661,1
520,2500,ccmar,0.2558505160746848,full,0.2521947583555589,0.009999482294351762,0.23259613319458347,0.27179338351653426,1
520,2500,ccmar,0.2558505160746848,cc,0.2789158307243118,0.01531872432889473,0.24889168275058063,0.308939978698043,1
520,2500,ccmar,0.2558505160746848,cc_ccproj,0.2789158307243117,0.015318724328894728,0.24889168275058052,0.30893997869804285,1
520,2500,ccmar,0.2558505160746848,seq,0.2766488530105134,0.015045740520463131,0.24715974346967073,0.30613796255135606,1
521,2500,ccmar,0.2558505160746848,full,0.25826613815509475,0.010352511576589738,0.23797558831544488,0.2785566879947446,1
521,2500,ccmar,0.2558505160746848,cc,0.2502035640058746,0.015108052660221092,0.22059232491530673,0.2798148030964425,1
521,2500,ccmar,0.2558505160746848,cc_ccproj,0.2502035640058746,0.015108052660221073,0.22059232491530678,0.27981480309644247,1
521,2500,ccmar,0.2558505160746848,seq,0.252387158416152,0.014393501020264505,0.22417641480499306,0.28059790202731094,1
522,2500,ccmar,0.2558505160746848,full,0.25272491795372787,0.009722687505935067,0.23366880060915757,0.27178103529829817,1
522,2500,ccmar,0.2558505160746848,cc,0.2420924720544545,0.010408733737821661,0.22169172880365706,0.26249321530525194,1
522,2500,ccmar,0.2558505160746848,cc_ccproj,0.24209247205445436,0.010408733737821656,0.22169172880365695,0.26249321530525177,1
522,2500,ccmar,0.2558505160746848,seq,0.24215688257968804,0.01016925961139903,0.22222549999190816,0.2620882651674679,1
523,2500,ccmar,0.2558505160746848,full,0.2491636355340082,0.01065108438998572,0.2282878937333394,0.270039377334677,1
523,2500,ccmar,0.2558505160746848,cc,0.26412304462077807,0.013326267411252113,0.2380040404463741,0.290242048795182,1
523,2500,ccmar,0.2558505160746848,cc_ccproj,0.26412304462077807,0.01332626741125212,0.2380040404463741,0.29024204879518206,1
523,2500,ccmar,0.2558505160746848,seq,0.25757287542338647,0.012929804779865764,0.23223092372771573,0.2829148271190572,1
524,2500,ccmar,0.2558505160746848,full,0.2574946808978495,0.010730389933080271,0.236463503088941,0.278525858706758,1
524,2500,ccmar,0.2558505160746848,cc,0.2655628448732985,0.017852434236066785,0.2305727167342378,0.3005529730123592,1
524,2500,ccmar,0.2558505160746848,cc_ccproj,0.2655628448732985,0.01785243423606679,0.23057271673423776,0.3005529730123593,1
524,2500,ccmar,0.2558505160746848,seq,0.2631780062745642,0.017611466469108394,0.228660166280177,0.29769584626895146,1
525,2500,ccmar,0.2558505160746848,full,0.22326714304115594,0.010912514123319424,0.20187900837866518,0.2446552777036467,0
525,2500,ccmar,0.2558505160746848,cc,0.23743456570591812,0.01469746749462886,0.2086280587524974,0.26624107265933883,1
525,2500,ccmar,0.2558505160746848,cc_ccproj,0.23743456570591806,0.014697467494628847,0.20862805875249738,0.2662410726593387,1
525,2500,ccmar,0.2558505160746848,seq,0.24118012087151,0.013767645478238923,0.21419603158224598,0.268164210160774,1
526,2500,ccmar,0.2558505160746848,full,0.2550332336613528,0.00859430507765019,0.2381887052370087,0.27187776208569686,1
526,2500,ccmar,0.2558505160746848,cc,0.27780960363824225,0.015652603823190035,0.24713106388051584,0.3084881433959687,1
526,2500,ccmar,0.2558505160746848,cc_ccproj,0.2778096036382423,0.015652603823190045,0.24713106388051587,0.30848814339596875,1
526,2500,ccmar,0.2558505160746848,seq,0.27196535783996284,0.015374154542178635,0.24183256864453984,0.30209814703538584,1
527,2500,ccmar,0.2558505160746848,full,0.24766690142953485,0.010100906018439217,0.2278694894221701,0.2674643134368996,1
527,2500,ccmar,0.2558505160746848,cc,0.2597969203217156,0.013949508394894465,0.2324563862656833,0.28713745437774785,1
527,2500,ccmar,0.2558505160746848,cc_ccproj,0.2597969203217156,0.013949508394894457,0.23245638626568332,0.28713745437774785,1
527,2500,ccmar,0.2558505160746848,seq,0.26138593726353704,0.013022993217126608,0.23586133958705946,0.2869105349400146,1
528,2500,ccmar,0.2558505160746848,full,0.24084081790986156,0.009844724999638158,0.22154551147286966,0.26013612434685346,1
528,2500,ccmar,0.2558505160746848,cc,0.2404275089229799,0.01485481587962547,0.2113126048019403,0.2695424130440195,1
528,2500,ccmar,0.2558505160746848,cc_ccproj,0.24042750892297998,0.014854815879625482,0.21131260480194036,0.2695424130440196,1
528,2500,ccmar,0.2558505160746848,seq,0.23240377815103266,0.014295611851313481,0.20438489378549426,0.26042266251657104,1
529,2500,ccmar,0.2558505160746848,full,0.275812136301973,0.009706174586033449,0.25678838368568946,0.2948358889182565,0
529,2500,ccmar,0.2558505160746848,cc,0.2939275148267885,0.02296195981631475,0.24892290057235567,0.3389321290812214,1
529,2500,ccmar,0.2558505160746848,cc_ccproj,0.29392751482678864,0.022961959816314752,0.24892290057235578,0.3389321290812215,1
529,2500,ccmar,0.2558505160746848,seq,0.29084312806694645,0.022701628074578338,0.24634875465034956,0.33533750148354335,1
530,2500,ccmar,0.2558505160746848,full,0.26563746711799013,0.00962134955332897,0.2467799685107948,0.28449496572518546,1
530,2500,ccmar,0.2558505160746848,cc,0.2513367178379079,0.015197692366700462,0.2215497881510557,0.2811236475247601,1
530,2500,ccmar,0.2558505160746848,cc_ccproj,0.25133671783790795,0.015197692366700457,0.22154978815105575,0.28112364752476016,1
530,2500,ccmar,0.2558505160746848,seq,0.25215369474349314,0.014958074192023583,0.22283640804904886,0.2814709814379374,1
531,2500,ccmar,0.2558505160746848,full,0.23392151087075053,0.009668744800744433,0.21497111928558255,0.2528719024559185,0
531,2500,ccmar,0.2558505160746848,cc,0.23385094940821863,0.01596694266025577,0.20255631685090114,0.2651455819655361,1
531,2500,ccmar,0.2558505160746848,cc_ccproj,0.23385094940821863,0.015966942660255782,0.20255631685090114,0.2651455819655361,1
531,2500,ccmar,0.2558505160746848,seq,0.2321412570060046,0.015483512345636172,0.2017941304543764,0.2624883835576328,1
532,2500,ccmar,0.2558505160746848,full,0.25326276599319125,0.008682638499581778,0.23624510724323008,0.27028042474315245,1
532,2500,ccmar,0.2558505160746848,cc,0.2690392076808145,0.014777842439841284,0.2400751687295181,0.298003246632111,1
532,2500,ccmar,0.2558505160746848,cc_ccproj,0.26903920768081463,0.014777842439841291,0.24007516872951817,0.2980032466321111,1
532,2500,ccmar,0.2558505160746848,seq,0.2710634562910496,0.01454997990430864,0.24254601970282313,0.2995808928792761,1
533,2500,ccmar,0.2558505160746848,full,0.25763849082381335,0.009027458909326378,0.23994499648961842,0.2753319851580083,1
533,2500,ccmar,0.2558505160746848,cc,0.250225280478398,0.012589023662761687,0.22555124749886257,0.2748993134579334,1
533,2500,ccmar,0.2558505160746848,cc_ccproj,0.25022528047839787,0.012589023662761704,0.2255512474988624,0.27489931345793334,1
533,2500,ccmar,0.2558505160746848,seq,0.2507695059154417,0.012156094745097254,0.2269439980223945,0.27459501380848894,1
534,2500,ccmar,0.2558505160746848,full,0.24669176467816056,0.012853181145135714,0.22149999254692526,0.27188353680939586,1
534,2500,ccmar,0.2558505160746848,cc,0.2800305672806614,0.019945898550899583,0.24093732448160854,0.31912381007971424,1
534,2500,ccmar,0.2558505160746848,cc_ccproj,0.2800305672806613,0.019945898550899586,0.24093732448160843,0.31912381007971413,1
534,2500,ccmar,0.2558505160746848,seq,0.2775577104026715,0.019531720834121725,0.2392762410117023,0.31583917979364073,1
535,2500,ccmar,0.2558505160746848,full,0.2695111235930703,0.01559834923813141,0.23893892086805493,0.30008332631808565,1
535,2500,ccmar,0.2558505160746848,cc,0.2578550732750449,0.01995857046182021,0.21873699398697236,0.2969731525631175,1
535,2500,ccmar,0.2558505160746848,cc_ccproj,0.25785507327504503,0.0199585704618202,0.2187369939869725,0.29697315256311757,1
535,2500,ccmar,0.2558505160746848,seq,0.26644822436422555,0.019266034298985307,0.22868749101330096,0.3042089577151501,1
536,2500,ccmar,0.2558505160746848,full,0.25581703709302733,0.010141799397522064,0.23593947553545408,0.2756945986506006,1
536,2500,ccmar,0.2558505160746848,cc,0.27401504120668185,0.013645578751248612,0.24727019830602953,0.3007598841073342,1
536,2500,ccmar,0.2558505160746848,cc_ccproj,0.27401504120668196,0.013645578751248605,0.24727019830602964,0.3007598841073343,1
536,2500,ccmar,0.2558505160746848,seq,0.27217879598923345,0.0130934404799235,0.24651612421486455,0.2978414677636023,1
537,2500,ccmar,0.2558505160746848,full,0.26264735245045284,0.010897073437807023,0.241289480975463,0.2840052239254427,1
537,2500,ccmar,0.2558505160746848,cc,0.2650744976371473,0.01402873248955925,0.23757868720886424,0.2925703080654304,1
537,2500,ccmar,0.2558505160746848,cc_ccproj,0.26507449763714747,0.014028732489559256,0.23757868720886438,0.29257030806543055,1
537,2500,ccmar,0.2558505160746848,seq,0.2688889722141819,0.013751148316330173,0.24193721676810614,0.29584072766025765,1
538,2500,ccmar,0.2558505160746848,full,0.27421224806980526,0.013850739564916514,0.24706529736332491,0.3013591987762856,1
538,2500,ccmar,0.2558505160746848,cc,0.2678072179090685,0.012745378017448834,0.24282673602552024,0.2927876997926167,1
538,2500,ccmar,0.2558505160746848,cc_ccproj,0.2678072179090686,0.012745378017448834,0.24282673602552035,0.2927876997926168,1
538,2500,ccmar,0.2558505160746848,seq,0.27073459437149405,0.012596638470927825,0.24604563664220383,0.2954235521007843,1
539,2500,ccmar,0.2558505160746848,full,0.25051776976382273,0.009147648853594802,0.2325887074675578,0.2684468320600877,1
539,2500,ccmar,0.2558505160746848,cc,0.2348776078912057,0.01301673228013857,0.20936528142573418,0.26038993435667723,1
539,2500,ccmar,0.2558505160746848,cc_ccproj,0.23487760789120563,0.013016732280138572,0.20936528142573407,0.2603899343566772,1
539,2500,ccmar,0.2558505160746848,seq,0.2353471847642244,0.012416973138860636,0.2110103646150563,0.2596840049133925,1
540,2500,ccmar,0.2558505160746848,full,0.25659257442832156,0.008962009982289486,0.23902735763394573,0.2741577912226974,1
540,2500,ccmar,0.2558505160746848,cc,0.25804572077824617,0.017708314532189604,0.2233380620682473,0.29275337948824504,1
540,2500,ccmar,0.2558505160746848,cc_ccproj,0.25804572077824633,0.017708314532189594,0.22333806206824747,0.2927533794882452,1
540,2500,ccmar,0.2558505160746848,seq,0.25224373625210694,0.018503121733506572,0.21597828405287373,0.28850918845134016,1
541,2500,ccmar,0.2558505160746848,full,0.2535007634981615,0.008408080710890897,0.2370212281257094,0.2699802988706136,1
541,2500,ccmar,0.2558505160746848,cc,0.25997814604162445,0.013736055255935336,0.23305597245033907,0.2869003196329098,1
541,2500,ccmar,0.2558505160746848,cc_ccproj,0.25997814604162445,0.013736055255935327,0.2330559724503391,0.2869003196329098,1
541,2500,ccmar,0.2558505160746848,seq,0.25900162113541336,0.013347383706277525,0.23284122978327268,0.2851620124875541,1
542,2500,ccmar,0.2558505160746848,full,0.2585987122881996,0.009878064255191644,0.23923806211105147,0.2779593624653477,1
542,2500,ccmar,0.2558505160746848,cc,0.26034281522741387,0.014594550127585053,0.23173802260678272,0.288947607848045,1
542,2500,ccmar,0.2558505160746848,cc_ccproj,0.26034281522741387,0.014594550127585069,0.2317380226067827,0.2889476078480451,1
542,2500,ccmar,0.2558505160746848,seq,0.2590812433670853,0.014400270473489393,0.23085723187141055,0.2873052548627601,1
543,2500,ccmar,0.2558505160746848,full,0.25121860383627054,0.010559807093636813,0.2305217622490518,0.2719154454234893,1
543,2500,ccmar,0.2558505160746848,cc,0.23868123494837126,0.023957858619412672,0.19172469490761992,0.2856377749891226,1
543,2500,ccmar,0.2558505160746848,cc_ccproj,0.23868123494837137,0.023957858619412676,0.19172469490762004,0.28563777498912274,1
543,2500,ccmar,0.2558505160746848,seq,0.23669083706197488,0.02382428573439099,0.18999609506517715,0.2833855790587726,1
544,2500,ccmar,0.2558505160746848,full,0.2603439422788717,0.01116720765079412,0.2384566174754351,0.28223126708230833,1
544,2500,ccmar,0.2558505160746848,cc,0.2454407090128736,0.022453051587078218,0.2014335365591804,0.2894478814665668,1
544,2500,ccmar,0.2558505160746848,cc_ccproj,0.2454407090128736,0.02245305158707821,0.2014335365591804,0.2894478814665668,1
544,2500,ccmar,0.2558505160746848,seq,0.24641424899675768,0.021409628316014114,0.2044521485749811,0.2883763494185343,1
545,2500,ccmar,0.2558505160746848,full,0.24481742089152567,0.009626836145656167,0.22594916876097118,0.2636856730220801,1
545,2500,ccmar,0.2558505160746848,cc,0.24053170128466617,0.01703541090522186,0.20714290944859043,0.2739204931207419,1
545,2500,ccmar,0.2558505160746848,cc_ccproj,0.2405317012846663,0.01703541090522183,0.20714290944859065,0.27392049312074196,1
545,2500,ccmar,0.2558505160746848,seq,0.23827351590152385,0.01578740292893852,0.20733077475138217,0.2692162570516655,1
546,2500,ccmar,0.2558505160746848,full,0.2568339206267982,0.009576637456629003,0.2380640561188081,0.27560378513478834,1
546,2500,ccmar,0.2558505160746848,cc,0.2573589661799973,0.017830788454749173,0.22241126299273634,0.2923066693672583,1
546,2500,ccmar,0.2558505160746848,cc_ccproj,0.2573589661799972,0.01783078845474918,0.22241126299273623,0.2923066693672582,1
546,2500,ccmar,0.2558505160746848,seq,0.25893460145648617,0.017782506962912198,0.22408152825434552,0.2937876746586268,1
547,2500,ccmar,0.2558505160746848,full,0.26034353401862204,0.01738181737269118,0.2262757979822947,0.2944112700549494,1
547,2500,ccmar,0.2558505160746848,cc,0.24227100398725498,0.011767595007311917,0.21920694158827028,0.2653350663862397,1
547,2500,ccmar,0.2558505160746848,cc_ccproj,0.24227100398725485,0.011767595007311926,0.21920694158827012,0.26533506638623955,1
547,2500,ccmar,0.2558505160746848,seq,0.2447069625172314,0.011433191089756451,0.2222983197529445,0.2671156052815183,1
548,2500,ccmar,0.2558505160746848,full,0.24099932791086467,0.009177216035049847,0.2230123150038235,0.25898634081790584,1
548,2500,ccmar,0.2558505160746848,cc,0.256651767253394,0.01133589052784832,0.23443383008612256,0.27886970442066544,1
548,2500,ccmar,0.2558505160746848,cc_ccproj,0.2566517672533939,0.011335890527848313,0.23443383008612245,0.27886970442066533,1
548,2500,ccmar,0.2558505160746848,seq,0.25852648857683663,0.011327913337780432,0.23632418641479608,0.2807287907388772,1
549,2500,ccmar,0.2558505160746848,full,0.2482781773659115,0.009972551025072433,0.22873233652278155,0.2678240182090415,1
549,2500,ccmar,0.2558505160746848,cc,0.24914285130821417,0.019449319831200757,0.21102288491526006,0.2872628177011683,1
549,2500,ccmar,0.2558505160746848,cc_ccproj,0.24914285130821417,0.019449319831200757,0.21102288491526006,0.2872628177011683,1
549,2500,ccmar,0.2558505160746848,seq,0.25407470915713143,0.019031280658392432,0.21677408448700852,0.29137533382725433,1
550,2500,ccmar,0.2558505160746848,full,0.2662869021309966,0.011357600792620864,0.24402641362667613,0.28854739063531704,1
550,2500,ccmar,0.2558505160746848,cc,0.272542851550443,0.011270186448031922,0.250453692013249,0.294632011087637,1
550,2500,ccmar,0.2558505160746848,cc_ccproj,0.2725428515504431,0.01127018644803193,0.25045369201324913,0.2946320110876371,1
550,2500,ccmar,0.2558505160746848,seq,0.2665736426804532,0.010985110181725427,0.2450432223580671,0.2881040630028393,1
551,2500,ccmar,0.2558505160746848,full,0.28233468654540406,0.013370349326947178,0.25612928340386826,0.30854008968693986,0
551,2500,ccmar,0.2558505160746848,cc,0.2965567841671047,0.019312301637771742,0.2587053684984982,0.3344081998357112,0
551,2500,ccmar,0.2558505160746848,cc_ccproj,0.29655678416710474,0.01931230163777175,0.25870536849849823,0.33440819983571124,0
551,2500,ccmar,0.2558505160746848,seq,0.29528246581554896,0.019122555255868375,0.2578029462216698,0.3327619854094281,0
552,2500,ccmar,0.2558505160746848,full,0.25972351398783666,0.010485699703359514,0.23917192021654968,0.2802751077591236,1
552,2500,ccmar,0.2558505160746848,cc,0.26056408457054514,0.016724193943153894,0.2277852667715006,0.2933429023695897,1
552,2500,ccmar,0.2558505160746848,cc_ccproj,0.2605640845705453,0.01672419394315389,0.22778526677150077,0.2933429023695898,1
552,2500,ccmar,0.2558505160746848,seq,0.26549594568798046,0.016008528317023665,0.23411980674112448,0.29687208463483644,1
553,2500,ccmar,0.2558505160746848,full,0.26422700494976864,0.008714626261750076,0.24714665133801156,0.2813073585615257,1
553,2500,ccmar,0.2558505160746848,cc,0.28690522187580536,0.014765689736587944,0.25796500178520027,0.31584544196641046,0
553,2500,ccmar,0.2558505160746848,cc_ccproj,0.2869052218758055,0.014765689736587945,0.25796500178520043,0.3158454419664106,0
553,2500,ccmar,0.2558505160746848,seq,0.27870825034592045,0.014395629473318352,0.2504933350434332,0.3069231656484077,1
554,2500,ccmar,0.2558505160746848,full,0.2574175266003335,0.010969197052069645,0.23591829543895407,0.27891675776171293,1
554,2500,ccmar,0.2558505160746848,cc,0.2459717438085636,0.016910258693303915,0.21282824580043258,0.2791152418166946,1
554,2500,ccmar,0.2558505160746848,cc_ccproj,0.24597174380856376,0.0169102586933039,0.21282824580043275,0.2791152418166948,1
554,2500,ccmar,0.2558505160746848,seq,0.25189443544866574,0.016114331297645456,0.22031092647033407,0.2834779444269974,1
555,2500,ccmar,0.2558505160746848,full,0.26034107713095334,0.01139804063931609,0.2380013279835699,0.28268082627833674,1
555,2500,ccmar,0.2558505160746848,cc,0.270695018002924,0.01710925017083819,0.23716150386559537,0.30422853214025264,1
555,2500,ccmar,0.2558505160746848,cc_ccproj,0.270695018002924,0.017109250170838194,0.23716150386559537,0.30422853214025264,1
555,2500,ccmar,0.2558505160746848,seq,0.2682026981194838,0.016976282279164024,0.23492979626093674,0.3014755999780308,1
556,2500,ccmar,0.2558505160746848,full,0.26309893108653093,0.00945824953982188,0.2445611026316875,0.28163675954137435,1
556,2500,ccmar,0.2558505160746848,cc,0.2773451661638078,0.01401603176974211,0.24987424868894403,0.3048160836386715,1
556,2500,ccmar,0.2558505160746848,cc_ccproj,0.2773451661638077,0.014016031769742112,0.24987424868894398,0.30481608363867146,1
556,2500,ccmar,0.2558505160746848,seq,0.2761095370607468,0.013712069411550776,0.24923437486059397,0.30298469926089966,1
557,2500,ccmar,0.2558505160746848,full,0.2554911734248749,0.00969539359399078,0.2364885511647126,0.2744937956850372,1
557,2500,ccmar,0.2558505160746848,cc,0.26081667582511214,0.015682217902795458,0.2300800935379238,0.2915532581123005,1
557,2500,ccmar,0.2558505160746848,cc_ccproj,0.260816675825112,0.01568221790279547,0.2300800935379236,0.2915532581123004,1
557,2500,ccmar,0.2558505160746848,seq,0.26603548693415213,0.015440556811504809,0.23577255168235808,0.29629842218594615,1
558,2500,ccmar,0.2558505160746848,full,0.24494269010604738,0.011493229382323727,0.22241637445063533,0.26746900576145943,1
558,2500,ccmar,0.2558505160746848,cc,0.22279192803790246,0.02470836199103908,0.17436442841848748,0.27121942765731744,1
558,2500,ccmar,0.2558505160746848,cc_ccproj,0.22279192803790235,0.024708361991039048,0.17436442841848743,0.27121942765731727,1
558,2500,ccmar,0.2558505160746848,seq,0.22796254315028583,0.023147427722117156,0.18259441848019217,0.27333066782037946,1
559,2500,ccmar,0.2558505160746848,full,0.2655310687134196,0.011835298239528714,0.242334310417653,0.28872782700918614,1
559,2500,ccmar,0.2558505160746848,cc,0.2620178778832055,0.01977420578212785,0.22326114672735126,0.3007746090390598,1
559,2500,ccmar,0.2558505160746848,cc_ccproj,0.2620178778832055,0.01977420578212785,0.22326114672735126,0.3007746090390598,1
559,2500,ccmar,0.2558505160746848,seq,0.26385234400216684,0.019661312291968113,0.22531688002111466,0.302387807983219,1
560,2500,ccmar,0.2558505160746848,full,0.25108521514440024,0.013688712456624683,0.22425583173469105,0.27791459855410944,1
560,2500,ccmar,0.2558505160746848,cc,0.23446709797758417,0.01191081086767211,0.21112233765027855,0.2578118583048898,1
560,2500,ccmar,0.2558505160746848,cc_ccproj,0.23446709797758417,0.011910810867672117,0.21112233765027855,0.2578118583048898,1
560,2500,ccmar,0.2558505160746848,seq,0.230464376208639,0.011480278648449105,0.20796344352519458,0.2529653088920834,0
561,2500,ccmar,0.2558505160746848,full,0.24703815636261037,0.008016197718853929,0.23132669754070453,0.2627496151845162,1
561,2500,ccmar,0.2558505160746848,cc,0.25368744251803593,0.012557193993283453,0.22907579454431767,0.2782990904917542,1
561,2500,ccmar,0.2558505160746848,cc_ccproj,0.2536874425180362,0.012557193993283453,0.22907579454431795,0.2782990904917545,1
561,2500,ccmar,0.2558505160746848,seq,0.25456143058584657,0.011999045196767588,0.23104373415131377,0.27807912702037935,1
562,2500,ccmar,0.2558505160746848,full,0.2586438091614681,0.00970135055479597,0.23962951147267034,0.2776581068502659,1
562,2500,ccmar,0.2558505160746848,cc,0.2766346230034965,0.014036003751219472,0.24912456116423726,0.30414468484275575,1
562,2500,ccmar,0.2558505160746848,cc_ccproj,0.27663462300349617,0.01403600375121947,0.24912456116423692,0.3041446848427554,1
562,2500,ccmar,0.2558505160746848,seq,0.2767658677403702,0.013705235248853675,0.24990410025296816,0.30362763522777225,1
563,2500,ccmar,0.2558505160746848,full,0.2557399486741156,0.010659613046003144,0.2348474910148161,0.27663240633341507,1
563,2500,ccmar,0.2558505160746848,cc,0.25603080931546085,0.012684538149039961,0.23116957138281816,0.2808920472481035,1
563,2500,ccmar,0.2558505160746848,cc_ccproj,0.25603080931546085,0.012684538149039972,0.23116957138281816,0.28089204724810357,1
563,2500,ccmar,0.2558505160746848,seq,0.2578679486496697,0.01245727926628622,0.23345212994239117,0.28228376735694827,1
564,2500,ccmar,0.2558505160746848,full,0.24698986721145105,0.009231753638575447,0.22889596256569658,0.26508377185720555,1
564,2500,ccmar,0.2558505160746848,cc,0.2596791617195806,0.01406871013936932,0.23210499653748326,0.287253326901678,1
564,2500,ccmar,0.2558505160746848,cc_ccproj,0.25967916171958083,0.014068710139369318,0.23210499653748348,0.28725332690167815,1
564,2500,ccmar,0.2558505160746848,seq,0.25877313813889175,0.013509872175401923,0.2322942752393642,0.2852520010384193,1
565,2500,ccmar,0.2558505160746848,full,0.2514325034114188,0.008753146863242243,0.23427665080807428,0.2685883560147634,1
565,2500,ccmar,0.2558505160746848,cc,0.24852661450157712,0.015129120988866785,0.21887408224564922,0.27817914675750505,1
565,2500,ccmar,0.2558505160746848,cc_ccproj,0.24852661450157726,0.015129120988866795,0.21887408224564933,0.2781791467575052,1
565,2500,ccmar,0.2558505160746848,seq,0.2459718227752408,0.014861363618337573,0.2168440853221453,0.2750995602283363,1
566,2500,ccmar,0.2558505160746848,full,0.24415567038638128,0.009153266082455112,0.22621559852385723,0.2620957422489053,1
566,2500,ccmar,0.2558505160746848,cc,0.24947637970191971,0.016163535668573214,0.21779643192868767,0.28115632747515173,1
566,2500,ccmar,0.2558505160746848,cc_ccproj,0.24947637970191963,0.01616353566857323,0.21779643192868756,0.28115632747515173,1
566,2500,ccmar,0.2558505160746848,seq,0.24817411556045899,0.015628508230753048,0.2175428022960952,0.27880542882482273,1
567,2500,ccmar,0.2558505160746848,full,0.2463126804530333,0.008970654824354189,0.22873052007955863,0.263894840826508,1
567,2500,ccmar,0.2558505160746848,cc,0.2568008203405624,0.013832709591526762,0.22968920773256818,0.2839124329485566,1
567,2500,ccmar,0.2558505160746848,cc_ccproj,0.25680082034056245,0.01383270959152676,0.22968920773256823,0.28391243294855667,1
567,2500,ccmar,0.2558505160746848,seq,0.2588328057329035,0.013353770901071316,0.23265989570900475,0.2850057157568023,1
568,2500,ccmar,0.2558505160746848,full,0.27700324400162707,0.009014761391147078,0.2593346363457566,0.29467185165749754,0
568,2500,ccmar,0.2558505160746848,cc,0.2620191190881452,0.011682711369930219,0.23912142556130536,0.284916812614985,1
568,2500,ccmar,0.2558505160746848,cc_ccproj,0.2620191190881451,0.01168271136993022,0.2391214255613053,0.28491681261498497,1
568,2500,ccmar,0.2558505160746848,seq,0.2703744419365107,0.011963147803896644,0.24692710309914387,0.2938217807738776,1
569,2500,ccmar,0.2558505160746848,full,0.2522823142925104,0.00979018919587203,0.23309389606676809,0.27147073251825277,1
569,2500,ccmar,0.2558505160746848,cc,0.26480594680875497,0.026168817003268726,0.21351600796432887,0.31609588565318103,1
569,2500,ccmar,0.2558505160746848,cc_ccproj,0.2648059468087548,0.02616881700326874,0.21351600796432868,0.3160958856531809,1
569,2500,ccmar,0.2558505160746848,seq,0.2613635272651581,0.026140024965670524,0.210130019777466,0.31259703475285017,1
570,2500,ccmar,0.2558505160746848,full,0.25878477396803695,0.008937481841928033,0.2412676314453773,0.2763019164906966,1
570,2500,ccmar,0.2558505160746848,cc,0.264310204336235,0.01797229480752545,0.22908515379394886,0.29953525487852106,1
570,2500,ccmar,0.2558505160746848,cc_ccproj,0.2643102043362349,0.017972294807525435,0.22908515379394884,0.299535254878521,1
570,2500,ccmar,0.2558505160746848,seq,0.26561099658129456,0.017266130891948735,0.2317700018807206,0.2994519912818685,1
571,2500,ccmar,0.2558505160746848,full,0.24349063260918127,0.008625112925868258,0.2265857219118886,0.26039554330647396,1
571,2500,ccmar,0.2558505160746848,cc,0.2282859678044211,0.01182146148205162,0.20511632905497243,0.2514556065538698,0
571,2500,ccmar,0.2558505160746848,cc_ccproj,0.22828596780442095,0.011821461482051621,0.2051163290549723,0.2514556065538696,0
571,2500,ccmar,0.2558505160746848,seq,0.22846485352352666,0.01186414850515858,0.20521154974618114,0.2517181573008722,0
572,2500,ccmar,0.2558505160746848,full,0.2594915740758447,0.009534839585372675,0.24080363189014745,0.27817951626154197,1
572,2500,ccmar,0.2558505160746848,cc,0.2570717243659478,0.013259192823901332,0.23108418396702923,0.2830592647648663,1
572,2500,ccmar,0.2558505160746848,cc_ccproj,0.2570717243659477,0.013259192823901334,0.23108418396702918,0.28305926476486626,1
572,2500,ccmar,0.2558505160746848,seq,0.26154846675010995,0.01223750829909886,0.23756339122336617,0.28553354227685374,1
573,2500,ccmar,0.2558505160746848,full,0.2589785110013382,0.010142462831223671,0.23909964913760362,0.27885737286507273,1
573,2500,ccmar,0.2558505160746848,cc,0.26244257187469855,0.01920049372516166,0.2248102956879944,0.3000748480614027,1
573,2500,ccmar,0.2558505160746848,cc_ccproj,0.2624425718746987,0.019200493725161652,0.22481029568799457,0.30007484806140283,1
573,2500,ccmar,0.2558505160746848,seq,0.2621326446121273,0.01877425982667181,0.22533577151545336,0.2989295177088013,1
574,2500,ccmar,0.2558505160746848,full,0.2667113351341321,0.013232054970835745,0.24077698394983982,0.29264568631842436,1
574,2500,ccmar,0.2558505160746848,cc,0.2520409203927911,0.013092269677414885,0.22638054334917207,0.2777012974364101,1
574,2500,ccmar,0.2558505160746848,cc_ccproj,0.2520409203927912,0.013092269677414892,0.22638054334917218,0.2777012974364102,1
574,2500,ccmar,0.2558505160746848,seq,0.25335781739089597,0.012998179688741807,0.22788185333638197,0.27883378144540993,1
575,2500,ccmar,0.2558505160746848,full,0.24730753786668452,0.010341134481287026,0.22703928672407667,0.2675757890092924,1
575,2500,ccmar,0.2558505160746848,cc,0.23691833608881888,0.017201279046693926,0.2032044486692753,0.27063222350836247,1
575,2500,ccmar,0.2558505160746848,cc_ccproj,0.236918336088819,0.017201279046693933,0.2032044486692754,0.2706322235083626,1
575,2500,ccmar,0.2558505160746848,seq,0.2346188199327464,0.01715550636386332,0.20099464532302658,0.2682429945424662,1
576,2500,ccmar,0.2558505160746848,full,0.23894110774453256,0.010432264351558487,0.21849424533827683,0.2593879701507883,1
576,2500,ccmar,0.2558505160746848,cc,0.24993143148972685,0.015829201177371147,0.21890676727804037,0.28095609570141333,1
576,2500,ccmar,0.2558505160746848,cc_ccproj,0.24993143148972677,0.01582920117737115,0.2189067672780403,0.2809560957014132,1
576,2500,ccmar,0.2558505160746848,seq,0.2498613201769639,0.01552592881333576,0.21943105887629313,0.2802915814776347,1
577,2500,ccmar,0.2558505160746848,full,0.25536524581412323,0.009308011418700086,0.2371218786657835,0.27360861296246297,1
577,2500,ccmar,0.2558505160746848,cc,0.2634862817126433,0.014782429494664535,0.2345132522990982,0.29245931112618845,1
577,2500,ccmar,0.2558505160746848,cc_ccproj,0.2634862817126432,0.014782429494664535,0.23451325229909809,0.29245931112618834,1
577,2500,ccmar,0.2558505160746848,seq,0.2606205740982278,0.01456666172018096,0.23207044175169486,0.2891707064447608,1
578,2500,ccmar,0.2558505160746848,full,0.2659039133540621,0.00998609861994738,0.2463315197129001,0.2854763069952241,1
578,2500,ccmar,0.2558505160746848,cc,0.24971206520737788,0.01601113250802673,0.21833082213994703,0.2810933082748087,1
578,2500,ccmar,0.2558505160746848,cc_ccproj,0.24971206520737788,0.01601113250802673,0.21833082213994703,0.2810933082748087,1
578,2500,ccmar,0.2558505160746848,seq,0.25215507534356113,0.015434432072258784,0.221904144360104,0.2824060063270183,1
579,2500,ccmar,0.2558505160746848,full,0.2518165538290044,0.01141470234723876,0.22944414833417162,0.2741889593238372,1
579,2500,ccmar,0.2558505160746848,cc,0.2705491816429332,0.029932660353861024,0.21188224538789563,0.32921611789797073,1
579,2500,ccmar,0.2558505160746848,cc_ccproj,0.27054918164293335,0.029932660353861024,0.2118822453878958,0.3292161178979709,1
579,2500,ccmar,0.2558505160746848,seq,0.26627253346667173,0.03008968054158126,0.2072978432988568,0.32524722363448666,1
580,2500,ccmar,0.2558505160746848,full,0.24901628290789868,0.009381146402218678,0.23062957382585256,0.26740299198994477,1
580,2500,ccmar,0.2558505160746848,cc,0.24966148825059992,0.018095725588914667,0.2141945178222073,0.2851284586789925,1
580,2500,ccmar,0.2558505160746848,cc_ccproj,0.24966148825059978,0.018095725588914674,0.21419451782220716,0.2851284586789924,1
580,2500,ccmar,0.2558505160746848,seq,0.2426886742988655,0.017813865747972966,0.20777413900740682,0.2776032095903242,1
581,2500,ccmar,0.2558505160746848,full,0.25684549975608534,0.011445701094492144,0.23441233783307006,0.2792786616791006,1
581,2500,ccmar,0.2558505160746848,cc,0.2458484760381276,0.015666418951881086,0.21514285912572492,0.27655409295053024,1
581,2500,ccmar,0.2558505160746848,cc_ccproj,0.2458484760381274,0.0156664189518811,0.2151428591257247,0.2765540929505301,1
581,2500,ccmar,0.2558505160746848,seq,0.2487332494560194,0.01522798271001372,0.21888695178719386,0.27857954712484495,1
582,2500,ccmar,0.2558505160746848,full,0.25310231865292865,0.00876254288120173,0.23592805019278543,0.2702765871130719,1
582,2500,ccmar,0.2558505160746848,cc,0.2642059626985856,0.015475092603494212,0.23387533853831477,0.2945365868588564,1
582,2500,ccmar,0.2558505160746848,cc_ccproj,0.2642059626985856,0.015475092603494216,0.23387533853831474,0.2945365868588564,1
582,2500,ccmar,0.2558505160746848,seq,0.265106198630884,0.015082409906796965,0.23554521841349185,0.2946671788482762,1
583,2500,ccmar,0.2558505160746848,full,0.2555316882861939,0.008385420443228294,0.23909656622224051,0.27196681035014725,1
583,2500,ccmar,0.2558505160746848,cc,0.24394767344804358,0.013731897918590865,0.21703364808822495,0.2708616988078622,1
583,2500,ccmar,0.2558505160746848,cc_ccproj,0.24394767344804355,0.01373189791859087,0.21703364808822492,0.2708616988078622,1
583,2500,ccmar,0.2558505160746848,seq,0.2424740305750995,0.013482537903394133,0.21604874186425083,0.2688993192859482,1
584,2500,ccmar,0.2558505160746848,full,0.26552993906432437,0.009766878919856033,0.24638720814004308,0.2846726699886057,1
584,2500,ccmar,0.2558505160746848,cc,0.27749830859885766,0.0158040894688158,0.24652286243152993,0.3084737547661854,1
584,2500,ccmar,0.2558505160746848,cc_ccproj,0.2774983085988576,0.01580408946881579,0.2465228624315299,0.3084737547661853,1
584,2500,ccmar,0.2558505160746848,seq,0.2749103094905963,0.015366081711937919,0.2447933427516984,0.3050272762294942,1
585,2500,ccmar,0.2558505160746848,full,0.26777946633222227,0.009708875205591327,0.24875042059886937,0.28680851206557517,1
585,2500,ccmar,0.2558505160746848,cc,0.263856375688571,0.015334853382261628,0.233800615351136,0.293912136026006,1
585,2500,ccmar,0.2558505160746848,cc_ccproj,0.26385637568857084,0.015334853382261633,0.2338006153511358,0.29391213602600585,1
585,2500,ccmar,0.2558505160746848,seq,0.26994864578397937,0.015215646447472945,0.24012652674543758,0.2997707648225212,1
586,2500,ccmar,0.2558505160746848,full,0.25238438653345574,0.008885785396913155,0.234968567181154,0.2698002058857575,1
586,2500,ccmar,0.2558505160746848,cc,0.25853462237405495,0.011122506520741286,0.23673491017559012,0.28033433457251977,1
586,2500,ccmar,0.2558505160746848,cc_ccproj,0.2585346223740547,0.011122506520741298,0.23673491017558987,0.28033433457251955,1
586,2500,ccmar,0.2558505160746848,seq,0.2536332041377001,0.01083191787991692,0.23240303520956745,0.2748633730658327,1
587,2500,ccmar,0.2558505160746848,full,0.26018676794053397,0.010342833968842615,0.23991518586352498,0.28045835001754293,1
587,2500,ccmar,0.2558505160746848,cc,0.23198919623733633,0.01135815561373256,0.20972762030361908,0.2542507721710536,0
587,2500,ccmar,0.2558505160746848,cc_ccproj,0.23198919623733633,0.011358155613732568,0.20972762030361905,0.2542507721710536,0
587,2500,ccmar,0.2558505160746848,seq,0.23731989652739705,0.011158189770433731,0.2154502464446837,0.2591895466101104,1
588,2500,ccmar,0.2558505160746848,full,0.2646597306375173,0.009241865024839336,0.24654600803885182,0.28277345323618275,1
588,2500,ccmar,0.2558505160746848,cc,0.25396234004651863,0.015177683656789504,0.22421462671046902,0.2837100533825683,1
588,2500,ccmar,0.2558505160746848,cc_ccproj,0.2539623400465184,0.015177683656789509,0.2242146267104688,0.28371005338256805,1
588,2500,ccmar,0.2558505160746848,seq,0.2540804773711575,0.014798545798009042,0.22507586058349324,0.28308509415882177,1
589,2500,ccmar,0.2558505160746848,full,0.25536109473815555,0.009884208477589423,0.2359884021063948,0.27473378736991627,1
589,2500,ccmar,0.2558505160746848,cc,0.268021020805174,0.015953051709954078,0.23675361401015887,0.2992884276001891,1
589,2500,ccmar,0.2558505160746848,cc_ccproj,0.2680210208051739,0.015953051709954078,0.23675361401015882,0.29928842760018903,1
589,2500,ccmar,0.2558505160746848,seq,0.2708944436422695,0.015459882132948834,0.24059363145645551,0.3011952558280835,1
590,2500,ccmar,0.2558505160746848,full,0.26765050692335035,0.01735185677452267,0.23364149258038858,0.3016595212663121,1
590,2500,ccmar,0.2558505160746848,cc,0.24746745198812836,0.011969847084888447,0.22400698280129525,0.27092792117496145,1
590,2500,ccmar,0.2558505160746848,cc_ccproj,0.24746745198812833,0.01196984708488844,0.22400698280129525,0.27092792117496145,1
590,2500,ccmar,0.2558505160746848,seq,0.2439374673613716,0.01113697537700968,0.22210939672572322,0.26576553799701996,1
591,2500,ccmar,0.2558505160746848,full,0.2698140493103588,0.01129912880605834,0.24766816379380538,0.2919599348269122,1
591,2500,ccmar,0.2558505160746848,cc,0.2338997523271184,0.021709727112849422,0.1913494690717408,0.276450035582496,1
591,2500,ccmar,0.2558505160746848,cc_ccproj,0.2338997523271184,0.021709727112849422,0.1913494690717408,0.276450035582496,1
591,2500,ccmar,0.2558505160746848,seq,0.2400316825610068,0.02165738186592779,0.19758399410435745,0.28247937101765613,1
592,2500,ccmar,0.2558505160746848,full,0.2550990311155754,0.009778126814590086,0.23593425472271348,0.2742638075084374,1
592,2500,ccmar,0.2558505160746848,cc,0.26296437291137764,0.014387940376101617,0.2347645279625088,0.2911642178602465,1
592,2500,ccmar,0.2558505160746848,cc_ccproj,0.26296437291137764,0.014387940376101617,0.2347645279625088,0.2911642178602465,1
592,2500,ccmar,0.2558505160746848,seq,0.26461561089997226,0.014084536795490831,0.23701042604188105,0.2922207957580635,1
593,2500,ccmar,0.2558505160746848,full,0.2548456930677955,0.01353890374813231,0.22830992933130181,0.28138145680428917,1
593,2500,ccmar,0.2558505160746848,cc,0.2497215177478421,0.012480696958750788,0.22525980120673197,0.27418323428895225,1
593,2500,ccmar,0.2558505160746848,cc_ccproj,0.24972151774784196,0.0124806969587508,0.2252598012067318,0.27418323428895214,1
593,2500,ccmar,0.2558505160746848,seq,0.2525545707432893,0.012059635747797177,0.22891811901093506,0.27619102247564353,1
594,2500,ccmar,0.2558505160746848,full,0.235745841097722,0.010108535537411423,0.2159334755079524,0.25555820668749163,0
594,2500,ccmar,0.2558505160746848,cc,0.24193199774962612,0.015235688853041256,0.2120705963180069,0.27179339918124534,1
594,2500,ccmar,0.2558505160746848,cc_ccproj,0.24193199774962595,0.015235688853041265,0.2120705963180067,0.2717933991812452,1
594,2500,ccmar,0.2558505160746848,seq,0.23958617532902063,0.015043388854979247,0.21010167496783005,0.2690706756902112,1
595,2500,ccmar,0.2558505160746848,full,0.26107311508627984,0.009104446163910871,0.2432287285058307,0.278917501666729,1
595,2500,ccmar,0.2558505160746848,cc,0.26782736260571594,0.014814282030142133,0.23879190336981843,0.29686282184161344,1
595,2500,ccmar,0.2558505160746848,cc_ccproj,0.26782736260571594,0.01481428203014214,0.23879190336981843,0.29686282184161344,1
595,2500,ccmar,0.2558505160746848,seq,0.26892310634035504,0.01476441110079853,0.23998539232984656,0.29786082035086353,1
596,2500,ccmar,0.2558505160746848,full,0.2571564906110872,0.011344951109951245,0.23492079502921503,0.27939218619295936,1
596,2500,ccmar,0.2558505160746848,cc,0.25592714204190103,0.020037983918344198,0.2166534152391536,0.29520086884464847,1
596,2500,ccmar,0.2558505160746848,cc_ccproj,0.2559271420419013,0.020037983918344195,0.2166534152391539,0.29520086884464874,1
596,2500,ccmar,0.2558505160746848,seq,0.2537325197871144,0.019790980754961485,0.21494291028866458,0.29252212928556426,1
597,2500,ccmar,0.2558505160746848,full,0.26848132792201257,0.010425249842215965,0.2480482137014374,0.28891444214258777,1
597,2500,ccmar,0.2558505160746848,cc,0.249297622654522,0.012662660542487356,0.22447926404279034,0.27411598126625364,1
597,2500,ccmar,0.2558505160746848,cc_ccproj,0.2492976226545221,0.01266266054248737,0.22447926404279042,0.27411598126625375,1
597,2500,ccmar,0.2558505160746848,seq,0.24891562621374314,0.012017546076183503,0.22536166872187283,0.27246958370561347,1
598,2500,ccmar,0.2558505160746848,full,0.26629778192859493,0.009927779301843522,0.24683969205051942,0.28575587180667045,1
598,2500,ccmar,0.2558505160746848,cc,0.2725920860524078,0.020741263594411582,0.23193995641350934,0.3132442156913063,1
598,2500,ccmar,0.2558505160746848,cc_ccproj,0.27259208605240803,0.02074126359441158,0.23193995641350956,0.3132442156913065,1
598,2500,ccmar,0.2558505160746848,seq,0.27567504691949674,0.020450837947204113,0.23559214108931162,0.3157579527496818,1
599,2500,ccmar,0.2558505160746848,full,0.25555684650645555,0.010062973281905523,0.2358337812965319,0.2752799117163792,1
599,2500,ccmar,0.2558505160746848,cc,0.2392877325677945,0.014070358880675937,0.21171033591211635,0.26686512922347266,1
599,2500,ccmar,0.2558505160746848,cc_ccproj,0.2392877325677944,0.014070358880675942,0.21171033591211624,0.26686512922347255,1
599,2500,ccmar,0.2558505160746848,seq,0.23727242968169857,0.013574055151580859,0.2106677704604397,0.2638770889029574,1
600,2500,ccmar,0.2558505160746848,full,0.2600390939448384,0.008623176158114029,0.2431379792425904,0.27694020864708635,1
600,2500,ccmar,0.2558505160746848,cc,0.27156148243654177,0.014795060093753906,0.24256369750367832,0.3005592673694052,1
600,2500,ccmar,0.2558505160746848,cc_ccproj,0.2715614824365414,0.01479506009375391,0.24256369750367793,0.30055926736940486,1
600,2500,ccmar,0.2558505160746848,seq,0.2719848317932356,0.014587643202323359,0.2433935764973613,0.30057608708910993,1
601,2500,ccmar,0.2558505160746848,full,0.2661480716608217,0.010064367249202946,0.24642227432519948,0.28587386899644396,1
601,2500,ccmar,0.2558505160746848,cc,0.27208229393317623,0.014865815395707976,0.24294583115676754,0.3012187567095849,1
601,2500,ccmar,0.2558505160746848,cc_ccproj,0.27208229393317634,0.014865815395707986,0.24294583115676763,0.30121875670958503,1
601,2500,ccmar,0.2558505160746848,seq,0.2717379334852253,0.014588851969027402,0.24314430905014534,0.30033155792030525,1
602,2500,ccmar,0.2558505160746848,full,0.26407009942751386,0.009683446769363,0.24509089251335164,0.2830493063416761,1
602,2500,ccmar,0.2558505160746848,cc,0.27187931566927154,0.01560204029014011,0.24129987861525407,0.302458752723289,1
602,2500,ccmar,0.2558505160746848,cc_ccproj,0.27187931566927154,0.015602040290140102,0.2412998786152541,0.302458752723289,1
602,2500,ccmar,0.2558505160746848,seq,0.2710664926751597,0.015549834849757733,0.24058937640408873,0.30154360894623067,1
603,2500,ccmar,0.2558505160746848,full,0.2501673653707223,0.010171713476883419,0.23023117329497012,0.2701035574464745,1
603,2500,ccmar,0.2558505160746848,cc,0.2278301594198425,0.015101527758297283,0.19823170890204792,0.25742860993763705,1
603,2500,ccmar,0.2558505160746848,cc_ccproj,0.22783015941984222,0.015101527758297284,0.19823170890204764,0.2574286099376368,1
603,2500,ccmar,0.2558505160746848,seq,0.2294693904364185,0.01458954129889046,0.20087441493963348,0.25806436593320353,1
604,2500,ccmar,0.2558505160746848,full,0.25206243216029917,0.01407533673932462,0.22447527908094947,0.27964958523964883,1
604,2500,ccmar,0.2558505160746848,cc,0.271793257728868,0.02638189437490625,0.22008569491011187,0.3235008205476241,1
604,2500,ccmar,0.2558505160746848,cc_ccproj,0.27179325772886825,0.026381894374906244,0.22008569491011218,0.32350082054762436,1
604,2500,ccmar,0.2558505160746848,seq,0.27115585556664035,0.025540770335648236,0.22109686557136082,0.32121484556191987,1
605,2500,ccmar,0.2558505160746848,full,0.23995882447743325,0.013077008578432161,0.2143283586381849,0.2655892903166816,1
605,2500,ccmar,0.2558505160746848,cc,0.23175513030078837,0.013470963919461896,0.20535252618160452,0.2581577344199722,1
605,2500,ccmar,0.2558505160746848,cc_ccproj,0.23175513030078837,0.013470963919461907,0.20535252618160452,0.25815773441997225,1
605,2500,ccmar,0.2558505160746848,seq,0.23534433055255394,0.012553836788920136,0.2107392625784765,0.25994939852663135,1
606,2500,ccmar,0.2558505160746848,full,0.24910515905467992,0.012267850529250952,0.22506061384962742,0.27314970425973245,1
606,2500,ccmar,0.2558505160746848,cc,0.24180567594334398,0.014259502315455655,0.2138575649675854,0.26975378691910257,1
606,2500,ccmar,0.2558505160746848,cc_ccproj,0.24180567594334387,0.014259502315455655,0.2138575649675853,0.26975378691910246,1
606,2500,ccmar,0.2558505160746848,seq,0.24116967501667333,0.013554190719297506,0.21460394936726318,0.2677354006660835,1
607,2500,ccmar,0.2558505160746848,full,0.25541641449279323,0.009656903509453273,0.23648923141208636,0.2743435975735001,1
607,2500,ccmar,0.2558505160746848,cc,0.25973981483184977,0.01319242311986774,0.23388314064809546,0.2855964890156041,1
607,2500,ccmar,0.2558505160746848,cc_ccproj,0.2597398148318498,0.013192423119867737,0.2338831406480955,0.28559648901560414,1
607,2500,ccmar,0.2558505160746848,seq,0.2589684459797109,0.0130557350121274,0.2333796755642426,0.2845572163951792,1
608,2500,ccmar,0.2558505160746848,full,0.24215571320283408,0.009862437722167374,0.22282569046761677,0.26148573593805136,1
608,2500,ccmar,0.2558505160746848,cc,0.22261060890151488,0.019719874076219578,0.18396036593245943,0.2612608518705703,1
608,2500,ccmar,0.2558505160746848,cc_ccproj,0.222610608901515,0.019719874076219567,0.18396036593245957,0.2612608518705704,1
608,2500,ccmar,0.2558505160746848,seq,0.22075954090580352,0.01893913213311537,0.18363952402645214,0.2578795577851549,1
609,2500,ccmar,0.2558505160746848,full,0.24506201341102687,0.00926694997524554,0.22689912521301125,0.2632249016090425,1
609,2500,ccmar,0.2558505160746848,cc,0.2640517083676912,0.0165331640500527,0.23164730227909552,0.2964561144562869,1
609,2500,ccmar,0.2558505160746848,cc_ccproj,0.26405170836769115,0.016533164050052694,0.2316473022790955,0.29645611445628683,1
609,2500,ccmar,0.2558505160746848,seq,0.2611992792636825,0.01606792818568054,0.22970671871357265,0.2926918398137924,1
610,2500,ccmar,0.2558505160746848,full,0.2333405773165944,0.01376531346678492,0.20636105868579177,0.260320095947397,1
610,2500,ccmar,0.2558505160746848,cc,0.2243181090093712,0.04037673174232508,0.14518116898097888,0.30345504903776355,1
610,2500,ccmar,0.2558505160746848,cc_ccproj,0.22431810900937144,0.04037673174232506,0.14518116898097913,0.30345504903776377,1
610,2500,ccmar,0.2558505160746848,seq,0.22953982140650897,0.039312099841410396,0.15248952156070184,0.3065901212523161,1
611,2500,ccmar,0.2558505160746848,full,0.26117189456760836,0.009321316600586563,0.24290244974196337,0.27944133939325333,1
611,2500,ccmar,0.2558505160746848,cc,0.244690299828993,0.020052799842696364,0.20538753434811768,0.28399306530986834,1
611,2500,ccmar,0.2558505160746848,cc_ccproj,0.24469029982899293,0.020052799842696385,0.20538753434811755,0.2839930653098683,1
611,2500,ccmar,0.2558505160746848,seq,0.24235166223077387,0.019829088010616735,0.20348736388369007,0.28121596057785764,1
612,2500,ccmar,0.2558505160746848,full,0.24047009577518752,0.01273492944917185,0.2155100927091522,0.2654300988412229,1
612,2500,ccmar,0.2558505160746848,cc,0.25446780267091973,0.015914834151173382,0.22327530091469183,0.2856603044271476,1
612,2500,ccmar,0.2558505160746848,cc_ccproj,0.2544678026709198,0.015914834151173382,0.2232753009146919,0.2856603044271477,1
612,2500,ccmar,0.2558505160746848,seq,0.25098082102443575,0.015366106041240502,0.220863806600981,0.28109783544789047,1
613,2500,ccmar,0.2558505160746848,full,0.2543635184799983,0.01016561764135576,0.23443927402233597,0.27428776293766055,1
613,2500,ccmar,0.2558505160746848,cc,0.27441700199889457,0.023625971504683548,0.22811094874994522,0.3207230552478439,1
613,2500,ccmar,0.2558505160746848,cc_ccproj,0.27441700199889485,0.023625971504683554,0.2281109487499455,0.3207230552478442,1
613,2500,ccmar,0.2558505160746848,seq,0.2735554870138008,0.023500709148641177,0.2274949434713131,0.31961603055628846,1
614,2500,ccmar,0.2558505160746848,full,0.26900278661088745,0.009202633901577653,0.2509659556008879,0.287039617620887,1
614,2500,ccmar,0.2558505160746848,cc,0.26493531097178996,0.015916905333123156,0.23373874977353506,0.2961318721700449,1
614,2500,ccmar,0.2558505160746848,cc_ccproj,0.26493531097179013,0.01591690533312315,0.23373874977353526,0.296131872170045,1
614,2500,ccmar,0.2558505160746848,seq,0.2668829151136468,0.014943483258526602,0.23759422612335743,0.2961716041039362,1
615,2500,ccmar,0.2558505160746848,full,0.25809342740433566,0.008417252409994842,0.2415959158319628,0.2745909389767085,1
615,2500,ccmar,0.2558505160746848,cc,0.2653939967161572,0.012367263777605619,0.24115460512474343,0.289633388307571,1
615,2500,ccmar,0.2558505160746848,cc_ccproj,0.2653939967161572,0.012367263777605624,0.2411546051247434,0.289633388307571,1
615,2500,ccmar,0.2558505160746848,seq,0.27110028526462093,0.012089475925250066,0.24740534785916676,0.29479522267007513,1
616,2500,ccmar,0.2558505160746848,full,0.2710525625196785,0.010166672787228681,0.2511262500141069,0.29097887502525016,1
616,2500,ccmar,0.2558505160746848,cc,0.26356625829178,0.012458890565212162,0.23914728149663828,0.2879852350869217,1
616,2500,ccmar,0.2558505160746848,cc_ccproj,0.26356625829178,0.012458890565212162,0.23914728149663828,0.2879852350869217,1
616,2500,ccmar,0.2558505160746848,seq,0.261638908790834,0.012306154202131945,0.23751928976645917,0.2857585278152089,1
617,2500,ccmar,0.2558505160746848,full,0.2655300930938276,0.009350940472953295,0.24720258654526117,0.283857599642394,1
617,2500,ccmar,0.2558505160746848,cc,0.269439506667946,0.01514611851598455,0.23975365987104105,0.299125353464851,1
617,2500,ccmar,0.2558505160746848,cc_ccproj,0.26943950666794614,0.015146118515984543,0.2397536598710412,0.2991253534648511,1
617,2500,ccmar,0.2558505160746848,seq,0.2750336751157339,0.014765230751634677,0.24609435461910667,0.30397299561236113,1
618,2500,ccmar,0.2558505160746848,full,0.2566033476553431,0.009081288933838876,0.23880434841181675,0.27440234689886944,1
618,2500,ccmar,0.2558505160746848,cc,0.25719145991943165,0.014676374976545885,0.22842629354179683,0.2859566262970665,1
618,2500,ccmar,0.2558505160746848,cc_ccproj,0.2571914599194317,0.014676374976545893,0.2284262935417969,0.28595662629706653,1
618,2500,ccmar,0.2558505160746848,seq,0.2539282614513026,0.01424921461509931,0.2260003139977262,0.281856208904879,1
619,2500,ccmar,0.2558505160746848,full,0.24611039729482045,0.011413274179525425,0.22374079095726968,0.26848000363237123,1
619,2500,ccmar,0.2558505160746848,cc,0.2536463670920672,0.013441991172862579,0.22730054851275125,0.2799921856713832,1
619,2500,ccmar,0.2558505160746848,cc_ccproj,0.25364636709206706,0.013441991172862579,0.22730054851275108,0.279992185671383,1
619,2500,ccmar,0.2558505160746848,seq,0.25225529805920616,0.013396825263550943,0.22599800303547,0.2785125930829423,1
620,2500,ccmar,0.2558505160746848,full,0.26205410311427013,0.013834281918754474,0.23493940880153769,0.2891687974270026,1
620,2500,ccmar,0.2558505160746848,cc,0.24579618233973097,0.011809689085110648,0.2226496170642983,0.2689427476151636,1
620,2500,ccmar,0.2558505160746848,cc_ccproj,0.24579618233973097,0.011809689085110646,0.2226496170642983,0.2689427476151636,1
620,2500,ccmar,0.2558505160746848,seq,0.2460779160843052,0.01161187987207837,0.22331904974222602,0.26883678242638437,1
621,2500,ccmar,0.2558505160746848,full,0.23467243621219505,0.011726573414085444,0.21168877465852268,0.2576560977658674,1
621,2500,ccmar,0.2558505160746848,cc,0.2338985210449986,0.018352204420217295,0.19792886134445592,0.26986818074554125,1
621,2500,ccmar,0.2558505160746848,cc_ccproj,0.23389852104499856,0.018352204420217292,0.1979288613444559,0.26986818074554125,1
621,2500,ccmar,0.2558505160746848,seq,0.2318205080715613,0.017767079087188956,0.19699767295019616,0.26664334319292643,1
622,2500,ccmar,0.2558505160746848,full,0.25928206216931454,0.010199327409793266,0.23929174777958753,0.2792723765590415,1
622,2500,ccmar,0.2558505160746848,cc,0.2641925644242397,0.016438842718260273,0.23197302474893106,0.2964121040995484,1
622,2500,ccmar,0.2558505160746848,cc_ccproj,0.2641925644242395,0.01643884271826028,0.23197302474893083,0.29641210409954816,1
622,2500,ccmar,0.2558505160746848,seq,0.2629568223459386,0.015986255185283228,0.23162433793511678,0.2942893067567604,1
623,2500,ccmar,0.2558505160746848,full,0.24312586641392764,0.009753047816147492,0.22401024395478153,0.26224148887307375,1
623,2500,ccmar,0.2558505160746848,cc,0.2532684803476699,0.015413799630640171,0.2230579882066984,0.28347897248864146,1
623,2500,ccmar,0.2558505160746848,cc_ccproj,0.2532684803476701,0.015413799630640174,0.22305798820669856,0.2834789724886416,1
623,2500,ccmar,0.2558505160746848,seq,0.24424057821176393,0.015261880441872308,0.21432784220933795,0.27415331421418987,1
624,2500,ccmar,0.2558505160746848,full,0.24803853240746856,0.009485314463412662,0.22944765767714287,0.26662940713779426,1
624,2500,ccmar,0.2558505160746848,cc,0.26020991061753573,0.019266082323010584,0.22244908314125122,0.29797073809382024,1
624,2500,ccmar,0.2558505160746848,cc_ccproj,0.26020991061753584,0.019266082323010584,0.22244908314125134,0.29797073809382035,1
624,2500,ccmar,0.2558505160746848,seq,0.2640897552981125,0.018828176720925464,0.22718720703054315,0.30099230356568185,1
625,2500,ccmar,0.2558505160746848,full,0.23765131816362037,0.019088275175461033,0.20023898629272677,0.275063650034514,1
625,2500,ccmar,0.2558505160746848,cc,0.25674159085527154,0.013496292341252445,0.23028934394159298,0.2831938377689501,1
625,2500,ccmar,0.2558505160746848,cc_ccproj,0.2567415908552714,0.013496292341252462,0.23028934394159278,0.28319383776894996,1
625,2500,ccmar,0.2558505160746848,seq,0.24919051967729866,0.012869068200284377,0.2239676094901516,0.2744134298644457,1
626,2500,ccmar,0.2558505160746848,full,0.249204012156485,0.010811676194855067,0.22801351620206,0.27039450811091,1
626,2500,ccmar,0.2558505160746848,cc,0.2523839962585379,0.016692494481332105,0.21966730826299338,0.28510068425408247,1
626,2500,ccmar,0.2558505160746848,cc_ccproj,0.25238399625853797,0.016692494481332115,0.2196673082629934,0.2851006842540825,1
626,2500,ccmar,0.2558505160746848,seq,0.25577108737824195,0.016225551050555093,0.22396959168983793,0.28757258306664596,1
627,2500,ccmar,0.2558505160746848,full,0.25144256415766075,0.008583575156188848,0.23461906599293783,0.26826606232238365,1
627,2500,ccmar,0.2558505160746848,cc,0.2567659411551871,0.012367907177467118,0.2325252885232171,0.2810065937871571,1
627,2500,ccmar,0.2558505160746848,cc_ccproj,0.2567659411551873,0.012367907177467117,0.23252528852321733,0.2810065937871573,1
627,2500,ccmar,0.2558505160746848,seq,0.25023634685874474,0.011654995966765367,0.22739297452392504,0.27307971919356444,1
628,2500,ccmar,0.2558505160746848,full,0.27306671868822985,0.010042769346381007,0.25338325246428023,0.29275018491217947,1
628,2500,ccmar,0.2558505160746848,cc,0.2753579620312217,0.012791610435590399,0.2502868662731978,0.3004290577892456,1
628,2500,ccmar,0.2558505160746848,cc_ccproj,0.27535796203122176,0.012791610435590395,0.25028686627319785,0.30042905778924567,1
628,2500,ccmar,0.2558505160746848,seq,0.28100078034234394,0.012571856773061116,0.2563603938483482,0.3056411668363397,0
629,2500,ccmar,0.2558505160746848,full,0.2305937215734948,0.010186163168968638,0.2106292086216679,0.2505582345253217,0
629,2500,ccmar,0.2558505160746848,cc,0.216930491429831,0.02067962096282256,0.17639917912875927,0.25746180373090277,1
629,2500,ccmar,0.2558505160746848,cc_ccproj,0.2169304914298309,0.02067962096282256,0.17639917912875916,0.25746180373090266,1
629,2500,ccmar,0.2558505160746848,seq,0.22343380364704127,0.019465037705936133,0.1852830307856923,0.26158457650839023,1
630,2500,ccmar,0.2558505160746848,full,0.26004215666673636,0.009518469411917398,0.2413862994314321,0.27869801390204063,1
630,2500,ccmar,0.2558505160746848,cc,0.2719114654925656,0.013093812455275878,0.24624806465990293,0.29757486632522834,1
630,2500,ccmar,0.2558505160746848,cc_ccproj,0.2719114654925657,0.01309381245527587,0.24624806465990298,0.29757486632522834,1
630,2500,ccmar,0.2558505160746848,seq,0.26972531482285483,0.012615423747527665,0.2449995386279893,0.2944510910177204,1
631,2500,ccmar,0.2558505160746848,full,0.23739750187690925,0.00953162090581198,0.2187158681872287,0.2560791355665898,1
631,2500,ccmar,0.2558505160746848,cc,0.22709337823624873,0.017246230348627975,0.19329138788385625,0.2608953685886412,1
631,2500,ccmar,0.2558505160746848,cc_ccproj,0.22709337823624864,0.017246230348627985,0.19329138788385614,0.26089536858864115,1
631,2500,ccmar,0.2558505160746848,seq,0.2263875098912931,0.016836949473553284,0.19338769531360805,0.25938732446897816,1
632,2500,ccmar,0.2558505160746848,full,0.24234953739369985,0.009219460116563606,0.22427972760833173,0.26041934717906795,1
632,2500,ccmar,0.2558505160746848,cc,0.22019863615944496,0.0165380966916145,0.1877845622710395,0.2526127100478504,0
632,2500,ccmar,0.2558505160746848,cc_ccproj,0.22019863615944496,0.016538096691614476,0.18778456227103957,0.25261271004785035,0
632,2500,ccmar,0.2558505160746848,seq,0.21839486896365415,0.015339372873113348,0.1883302505869213,0.248459487340387,0
633,2500,ccmar,0.2558505160746848,full,0.26093811756853413,0.009925520233881156,0.2414844553823035,0.28039177975476476,1
633,2500,ccmar,0.2558505160746848,cc,0.25277676208301453,0.017420811615114922,0.21863259873593222,0.28692092543009684,1
633,2500,ccmar,0.2558505160746848,cc_ccproj,0.2527767620830143,0.01742081161511493,0.218632598735932,0.2869209254300966,1
633,2500,ccmar,0.2558505160746848,seq,0.25347298725059453,0.016857313941907637,0.22043325904837063,0.2865127154528184,1
634,2500,ccmar,0.2558505160746848,full,0.26785814277213366,0.009496262975129566,0.24924580935315852,0.28647047619110877,1
634,2500,ccmar,0.2558505160746848,cc,0.2943697403233916,0.015028247671768106,0.2649149161359782,0.323824564510805,0
634,2500,ccmar,0.2558505160746848,cc_ccproj,0.29436974032339164,0.015028247671768118,0.26491491613597823,0.32382456451080505,0
634,2500,ccmar,0.2558505160746848,seq,0.28502803747387295,0.014496310248377185,0.2566157914783348,0.3134402834694111,0
635,2500,ccmar,0.2558505160746848,full,0.2784291301377661,0.01017489672787778,0.2584866990047112,0.298371561270821,0
635,2500,ccmar,0.2558505160746848,cc,0.28731336867882235,0.014705206296104252,0.25849169395322635,0.31613504340441834,0
635,2500,ccmar,0.2558505160746848,cc_ccproj,0.28731336867882257,0.014705206296104252,0.2584916939532266,0.31613504340441856,0
635,2500,ccmar,0.2558505160746848,seq,0.2867177771025944,0.014250858324638117,0.25878660803752085,0.3146489461676679,0
636,2500,ccmar,0.2558505160746848,full,0.2656208414767208,0.010637558171664396,0.24477161057680885,0.2864700723766328,1
636,2500,ccmar,0.2558505160746848,cc,0.2802465165013209,0.023693751723270106,0.23380761646507764,0.3266854165375641,1
636,2500,ccmar,0.2558505160746848,cc_ccproj,0.28024651650132093,0.02369375172327012,0.23380761646507764,0.3266854165375642,1
636,2500,ccmar,0.2558505160746848,seq,0.28071487512431254,0.02361692029874084,0.23442656191302755,0.3270031883355975,1
637,2500,ccmar,0.2558505160746848,full,0.2399591743172954,0.010828569170367754,0.21873556873927383,0.26118277989531696,1
637,2500,ccmar,0.2558505160746848,cc,0.22276095355936687,0.013353698028496563,0.19658818636309008,0.24893372075564366,0
637,2500,ccmar,0.2558505160746848,cc_ccproj,0.22276095355936668,0.013353698028496572,0.19658818636308986,0.2489337207556435,0
637,2500,ccmar,0.2558505160746848,seq,0.22387565371024412,0.013152780422186155,0.19809667778619572,0.24965462963429252,0
638,2500,ccmar,0.2558505160746848,full,0.23664073004093608,0.010206377669672686,0.21663659739576377,0.25664486268610837,1
638,2500,ccmar,0.2558505160746848,cc,0.24444562750405074,0.01324036054611925,0.21849499769133193,0.27039625731676953,1
638,2500,ccmar,0.2558505160746848,cc_ccproj,0.24444562750405116,0.013240360546119243,0.21849499769133235,0.27039625731677,1
638,2500,ccmar,0.2558505160746848,seq,0.2418261179559223,0.012754031000502502,0.21682867653723004,0.26682355937461455,1
639,2500,ccmar,0.2558505160746848,full,0.2814941718849489,0.012798928696102987,0.25640873259989083,0.306579611170007,0
639,2500,ccmar,0.2558505160746848,cc,0.28082309889251417,0.014394389320945706,0.2526106142440126,0.30903558354101573,1
639,2500,ccmar,0.2558505160746848,cc_ccproj,0.28082309889251417,0.014394389320945708,0.2526106142440126,0.30903558354101573,1
639,2500,ccmar,0.2558505160746848,seq,0.2785347716612635,0.013764347420871124,0.2515571464456593,0.3055123968768677,1
640,2500,ccmar,0.2558505160746848,full,0.25751643122434964,0.01110162815240917,0.23575763987587173,0.27927522257282755,1
640,2500,ccmar,0.2558505160746848,cc,0.2584145150060291,0.01236293661707547,0.2341836044934097,0.28264542551864846,1
640,2500,ccmar,0.2558505160746848,cc_ccproj,0.2584145150060289,0.012362936617075476,0.23418360449340953,0.2826454255186483,1
640,2500,ccmar,0.2558505160746848,seq,0.2606889344864688,0.01218825871767649,0.23680038636556652,0.28457748260737104,1
641,2500,ccmar,0.2558505160746848,full,0.2509268394810361,0.010881497100423285,0.22959949706632946,0.2722541818957428,1
641,2500,ccmar,0.2558505160746848,cc,0.23976269734197914,0.015704848558861048,0.20898175978395572,0.27054363490000255,1
641,2500,ccmar,0.2558505160746848,cc_ccproj,0.23976269734197914,0.015704848558861048,0.20898175978395572,0.27054363490000255,1
641,2500,ccmar,0.2558505160746848,seq,0.24413492751618254,0.015155272579139447,0.21443113908518177,0.27383871594718334,1
642,2500,ccmar,0.2558505160746848,full,0.25397655731618635,0.00993411892910463,0.23450604199700364,0.27344707263536905,1
642,2500,ccmar,0.2558505160746848,cc,0.26404665751440687,0.011619877580429212,0.24127211595200118,0.2868211990768125,1
642,2500,ccmar,0.2558505160746848,cc_ccproj,0.26404665751440687,0.011619877580429212,0.24127211595200118,0.2868211990768125,1
642,2500,ccmar,0.2558505160746848,seq,0.26311310142275485,0.011226935727636429,0.24110871173984147,0.28511749110566825,1
643,2500,ccmar,0.2558505160746848,full,0.25975544117290067,0.011419810832249203,0.23737302323143186,0.2821378591143695,1
643,2500,ccmar,0.2558505160746848,cc,0.2606624900965842,0.013237621296909615,0.23471722911366097,0.2866077510795075,1
643,2500,ccmar,0.2558505160746848,cc_ccproj,0.26066249009658415,0.013237621296909615,0.2347172291136609,0.2866077510795074,1
643,2500,ccmar,0.2558505160746848,seq,0.2565809507801039,0.013032796172523162,0.23103713966410705,0.28212476189610075,1
644,2500,ccmar,0.2558505160746848,full,0.2546549937359007,0.009989662458482491,0.23507561509956318,0.27423437237223824,1
644,2500,ccmar,0.2558505160746848,cc,0.2590195137823237,0.014610574929496571,0.23038331312708657,0.2876557144375608,1
644,2500,ccmar,0.2558505160746848,cc_ccproj,0.25901951378232363,0.014610574929496578,0.2303833131270865,0.28765571443756077,1
644,2500,ccmar,0.2558505160746848,seq,0.25870178397034826,0.014307263016488778,0.23066006374068837,0.28674350420000816,1
645,2500,ccmar,0.2558505160746848,full,0.2677903488861552,0.009943680321001071,0.24830109358321342,0.287279604189097,1
645,2500,ccmar,0.2558505160746848,cc,0.2680061690462964,0.01454260652855041,0.23950318400900056,0.2965091540835923,1
645,2500,ccmar,0.2558505160746848,cc_ccproj,0.2680061690462965,0.014542606528550404,0.2395031840090006,0.29650915408359235,1
645,2500,ccmar,0.2558505160746848,seq,0.2674703222410917,0.013767214545387842,0.24048707756469553,0.2944535669174878,1
646,2500,ccmar,0.2558505160746848,full,0.2441928548025743,0.01234946622678152,0.21998834576978876,0.26839736383535984,1
646,2500,ccmar,0.2558505160746848,cc,0.262104369385168,0.015058060245840738,0.23259111362628582,0.2916176251440502,1
646,2500,ccmar,0.2558505160746848,cc_ccproj,0.26210436938516823,0.01505806024584072,0.23259111362628607,0.2916176251440504,1
646,2500,ccmar,0.2558505160746848,seq,0.2576277769407281,0.014731576839474982,0.22875441689987272,0.2865011369815834,1
647,2500,ccmar,0.2558505160746848,full,0.25611035409897126,0.009979100566994104,0.2365516763895596,0.2756690318083829,1
647,2500,ccmar,0.2558505160746848,cc,0.26081706686191436,0.013176035021516673,0.23499251276070324,0.28664162096312545,1
647,2500,ccmar,0.2558505160746848,cc_ccproj,0.26081706686191436,0.013176035021516675,0.23499251276070324,0.28664162096312545,1
647,2500,ccmar,0.2558505160746848,seq,0.2599663855293726,0.012797603231010788,0.23488354410815804,0.2850492269505872,1
648,2500,ccmar,0.2558505160746848,full,0.24581146991476513,0.01552264706462843,0.21538764072336702,0.27623529910616323,1
648,2500,ccmar,0.2558505160746848,cc,0.28412756113711685,0.03812270151948947,0.20940843916554708,0.3588466831086866,1
648,2500,ccmar,0.2558505160746848,cc_ccproj,0.28412756113711696,0.03812270151948947,0.2094084391655472,0.3588466831086867,1
648,2500,ccmar,0.2558505160746848,seq,0.28494018028941026,0.038063935441347105,0.2103362377145122,0.3595441228643083,1
649,2500,ccmar,0.2558505160746848,full,0.23950679476418674,0.009713320746148522,0.2204690359314499,0.2585445535969236,1
649,2500,ccmar,0.2558505160746848,cc,0.23679432142368306,0.016948625514167627,0.20357562582845787,0.2700130170189083,1
649,2500,ccmar,0.2558505160746848,cc_ccproj,0.23679432142368315,0.016948625514167606,0.20357562582845798,0.2700130170189083,1
649,2500,ccmar,0.2558505160746848,seq,0.24054283077391078,0.016042783594192797,0.20909955271752284,0.2719861088302987,1
650,2500,ccmar,0.2558505160746848,full,0.26150560806036754,0.01045583076840013,0.24101255632585752,0.28199865979487754,1
650,2500,ccmar,0.2558505160746848,cc,0.2836982018570996,0.021699225095869537,0.2411685021767676,0.3262279015374316,1
650,2500,ccmar,0.2558505160746848,cc_ccproj,0.28369820185709976,0.021699225095869534,0.24116850217676777,0.32622790153743175,1
650,2500,ccmar,0.2558505160746848,seq,0.2835431000516057,0.021344858807610577,0.24170794553359642,0.325378254569615,1
651,2500,ccmar,0.2558505160746848,full,0.2574042137116621,0.010231530295283184,0.2373507828261766,0.2774576445971476,1
651,2500,ccmar,0.2558505160746848,cc,0.22807280813156158,0.014778723489467556,0.19910704235472906,0.25703857390839413,1
651,2500,ccmar,0.2558505160746848,cc_ccproj,0.22807280813156167,0.014778723489467545,0.19910704235472917,0.2570385739083942,1
651,2500,ccmar,0.2558505160746848,seq,0.230171429824096,0.014606830703748255,0.20154256771647555,0.25880029193171644,1
652,2500,ccmar,0.2558505160746848,full,0.23555812398389162,0.011153727122355524,0.2136972205306872,0.257419027437096,1
652,2500,ccmar,0.2558505160746848,cc,0.25361187082346903,0.021529097579807654,0.21141561494739758,0.2958081266995405,1
652,2500,ccmar,0.2558505160746848,cc_ccproj,0.2536118708234691,0.021529097579807664,0.21141561494739763,0.29580812669954054,1
652,2500,ccmar,0.2558505160746848,seq,0.25957984025354097,0.021255546674969716,0.21791973429889022,0.3012399462081917,1
653,2500,ccmar,0.2558505160746848,full,0.27648630757209075,0.010306999013702103,0.2562849607165448,0.2966876544276367,0
653,2500,ccmar,0.2558505160746848,cc,0.2696686646012433,0.01715262161116592,0.23605014400291469,0.3032871851995719,1
653,2500,ccmar,0.2558505160746848,cc_ccproj,0.2696686646012433,0.01715262161116592,0.23605014400291469,0.3032871851995719,1
653,2500,ccmar,0.2558505160746848,seq,0.26984073808776526,0.016984570969802847,0.23655159069408715,0.3031298854814434,1
654,2500,ccmar,0.2558505160746848,full,0.26477458876441307,0.009399002387145318,0.24635288259500226,0.28319629493382387,1
654,2500,ccmar,0.2558505160746848,cc,0.2597052715416572,0.013509736874308514,0.23322667382739976,0.2861838692559146,1
654,2500,ccmar,0.2558505160746848,cc_ccproj,0.2597052715416573,0.013509736874308507,0.2332266738273999,0.28618386925591466,1
654,2500,ccmar,0.2558505160746848,seq,0.25634630396397223,0.0127961387220349,0.23126633292760543,0.281426275000339,1
655,2500,ccmar,0.2558505160746848,full,0.2586870482005789,0.009798721054562094,0.23948190783908288,0.277892188562075,1
655,2500,ccmar,0.2558505160746848,cc,0.24970684973194074,0.014359062922522212,0.22156360355205276,0.27785009591182874,1
655,2500,ccmar,0.2558505160746848,cc_ccproj,0.24970684973194102,0.014359062922522212,0.22156360355205304,0.277850095911829,1
655,2500,ccmar,0.2558505160746848,seq,0.2501361375952545,0.013484682463109337,0.22370664562460132,0.27656562956590763,1
656,2500,ccmar,0.2558505160746848,full,0.26587707873904654,0.00910335217114157,0.24803483634502455,0.2837193211330685,1
656,2500,ccmar,0.2558505160746848,cc,0.25976622762657037,0.013919458335290373,0.23248459060509538,0.2870478646480453,1
656,2500,ccmar,0.2558505160746848,cc_ccproj,0.25976622762657053,0.013919458335290373,0.23248459060509555,0.28704786464804555,1
656,2500,ccmar,0.2558505160746848,seq,0.2587368374863731,0.013295499399181643,0.23267813750750316,0.28479553746524305,1
657,2500,ccmar,0.2558505160746848,full,0.2536464161148195,0.008983062642598703,0.23603993686445882,0.27125289536518016,1
657,2500,ccmar,0.2558505160746848,cc,0.25864958206247773,0.013294797144279233,0.23259225847792447,0.284706905647031,1
657,2500,ccmar,0.2558505160746848,cc_ccproj,0.25864958206247773,0.013294797144279256,0.23259225847792442,0.28470690564703105,1
657,2500,ccmar,0.2558505160746848,seq,0.25896374876256073,0.013018984435678473,0.2334470081533434,0.28448048937177806,1
658,2500,ccmar,0.2558505160746848,full,0.2501358324299875,0.0114195733296441,0.2277538799850709,0.2725177848749041,1
658,2500,ccmar,0.2558505160746848,cc,0.2762189355876435,0.024175052532965792,0.22883670329866673,0.32360116787662024,1
658,2500,ccmar,0.2558505160746848,cc_ccproj,0.27621893558764327,0.02417505253296581,0.22883670329866646,0.3236011678766201,1
658,2500,ccmar,0.2558505160746848,seq,0.26982225571139223,0.024036789784581923,0.22271101342965138,0.3169334979931331,1
659,2500,ccmar,0.2558505160746848,full,0.267889290800756,0.010240441054534534,0.24781839514806298,0.28796018645344906,1
659,2500,ccmar,0.2558505160746848,cc,0.2635848003733856,0.015080006883441022,0.2340285299952251,0.2931410707515461,1
659,2500,ccmar,0.2558505160746848,cc_ccproj,0.2635848003733857,0.015080006883441027,0.2340285299952252,0.2931410707515462,1
659,2500,ccmar,0.2558505160746848,seq,0.2573509701206465,0.014591614524332244,0.22875193117666376,0.28595000906462925,1
660,2500,ccmar,0.2558505160746848,full,0.26311351021942075,0.008798673725629319,0.24586842660546843,0.2803585938333731,1
660,2500,ccmar,0.2558505160746848,cc,0.25556118648899073,0.011372621663685838,0.2332712576183665,0.277851115359615,1
660,2500,ccmar,0.2558505160746848,cc_ccproj,0.25556118648899057,0.01137262166368584,0.23327125761836634,0.2778511153596148,1
660,2500,ccmar,0.2558505160746848,seq,0.2555521437847646,0.010617610805390438,0.23474200900433603,0.2763622785651932,1
661,2500,ccmar,0.2558505160746848,full,0.2463722349502429,0.009414577140755394,0.22792000282468824,0.26482446707579754,1
661,2500,ccmar,0.2558505160746848,cc,0.23671767936631136,0.01814726757046766,0.20114968851038306,0.27228567022223965,1
661,2500,ccmar,0.2558505160746848,cc_ccproj,0.23671767936631113,0.018147267570467675,0.2011496885103828,0.2722856702222395,1
661,2500,ccmar,0.2558505160746848,seq,0.23924139550713602,0.01769340989771974,0.20456294934390082,0.27391984167037126,1
662,2500,ccmar,0.2558505160746848,full,0.2714404991816405,0.010108414046096269,0.251628371710473,0.291252626652808,1
662,2500,ccmar,0.2558505160746848,cc,0.2626700579828315,0.012820622418227819,0.23754209978371815,0.28779801618194484,1
662,2500,ccmar,0.2558505160746848,cc_ccproj,0.26267005798283133,0.012820622418227831,0.23754209978371796,0.28779801618194467,1
662,2500,ccmar,0.2558505160746848,seq,0.2609031728706274,0.012397843648336878,0.23660384583392846,0.2852024999073264,1
663,2500,ccmar,0.2558505160746848,full,0.2602867584117207,0.012753069868778878,0.23529120077659116,0.2852823160468503,1
663,2500,ccmar,0.2558505160746848,cc,0.2502232250424483,0.015687597106659738,0.21947609970942047,0.28097035037547613,1
663,2500,ccmar,0.2558505160746848,cc_ccproj,0.2502232250424482,0.01568759710665974,0.21947609970942036,0.2809703503754761,1
663,2500,ccmar,0.2558505160746848,seq,0.24768225495949459,0.015300405438601297,0.21769401135097527,0.2776704985680139,1
664,2500,ccmar,0.2558505160746848,full,0.256438535116469,0.009459412229080599,0.2378984278325533,0.2749786424003847,1
664,2500,ccmar,0.2558505160746848,cc,0.2756675577875153,0.01612947064773367,0.24405437622826137,0.3072807393467692,1
664,2500,ccmar,0.2558505160746848,cc_ccproj,0.2756675577875153,0.016129470647733665,0.24405437622826137,0.3072807393467692,1
664,2500,ccmar,0.2558505160746848,seq,0.2794278358706149,0.015941598777447018,0.248182876410831,0.3106727953303988,1
665,2500,ccmar,0.2558505160746848,full,0.27204938818762986,0.009560657315099988,0.25331084418150446,0.29078793219375526,1
665,2500,ccmar,0.2558505160746848,cc,0.2870422360296612,0.011539962727351492,0.2644243247011177,0.30966014735820474,0
665,2500,ccmar,0.2558505160746848,cc_ccproj,0.2870422360296612,0.011539962727351501,0.26442432470111765,0.3096601473582048,0
665,2500,ccmar,0.2558505160746848,seq,0.2803646656555237,0.01118281882598784,0.25844674351095104,0.30228258780009637,0
666,2500,ccmar,0.2558505160746848,full,0.21986918094008248,0.013532325058444776,0.19334631119844184,0.24639205068172312,0
666,2500,ccmar,0.2558505160746848,cc,0.2353273838385474,0.011728417416726436,0.21234010810611129,0.25831465957098354,1
666,2500,ccmar,0.2558505160746848,cc_ccproj,0.2353273838385472,0.011728417416726433,0.2123401081061111,0.2583146595709833,1
666,2500,ccmar,0.2558505160746848,seq,0.2346833490324416,0.011424821849922941,0.21229110967680637,0.2570755883880768,1
667,2500,ccmar,0.2558505160746848,full,0.24444573623000596,0.010569725831525297,0.2237294542737537,0.26516201818625823,1
667,2500,ccmar,0.2558505160746848,cc,0.2533922029737553,0.015082838367574514,0.22383038298867036,0.28295402295884026,1
667,2500,ccmar,0.2558505160746848,cc_ccproj,0.25339220297375525,0.015082838367574528,0.22383038298867028,0.2829540229588402,1
667,2500,ccmar,0.2558505160746848,seq,0.25364332405241047,0.014897173855367794,0.22444539982445788,0.28284124828036306,1
668,2500,ccmar,0.2558505160746848,full,0.2666180884733969,0.010104185042780971,0.2468142496964179,0.2864219272503759,1
668,2500,ccmar,0.2558505160746848,cc,0.2725754793294897,0.014272829699115357,0.24460124716174997,0.3005497114972295,1
668,2500,ccmar,0.2558505160746848,cc_ccproj,0.27257547932948983,0.014272829699115357,0.24460124716175008,0.3005497114972296,1
668,2500,ccmar,0.2558505160746848,seq,0.2710596878810765,0.013941526829731427,0.24373479740530402,0.29838457835684895,1
669,2500,ccmar,0.2558505160746848,full,0.25074575594617515,0.010512451460868216,0.23014172969364796,0.2713497821987023,1
669,2500,ccmar,0.2558505160746848,cc,0.24202068258243226,0.018092828846629324,0.20655938966459142,0.2774819755002731,1
669,2500,ccmar,0.2558505160746848,cc_ccproj,0.24202068258243206,0.018092828846629338,0.2065593896645912,0.2774819755002729,1
669,2500,ccmar,0.2558505160746848,seq,0.24346360383414095,0.01769500121728625,0.2087820387418675,0.2781451689264144,1
670,2500,ccmar,0.2558505160746848,full,0.2389130613752533,0.009578184088130399,0.2201401655252231,0.25768595722528354,1
670,2500,ccmar,0.2558505160746848,cc,0.24833101780336314,0.014250519991609794,0.2204005118588399,0.2762615237478864,1
670,2500,ccmar,0.2558505160746848,cc_ccproj,0.24833101780336328,0.014250519991609804,0.22040051185884002,0.27626152374788654,1
670,2500,ccmar,0.2558505160746848,seq,0.24667544366569574,0.013995651798250719,0.2192444702009611,0.2741064171304304,1
671,2500,ccmar,0.2558505160746848,full,0.25466992171479574,0.010065194589660527,0.2349425028216737,0.27439734060791776,1
671,2500,ccmar,0.2558505160746848,cc,0.2533085246139883,0.015787254873765765,0.22236607364665295,0.2842509755813236,1
671,2500,ccmar,0.2558505160746848,cc_ccproj,0.25330852461398823,0.015787254873765765,0.2223660736466529,0.28425097558132356,1
671,2500,ccmar,0.2558505160746848,seq,0.24919670743909308,0.01536753475483997,0.21907689278843917,0.279316522089747,1
672,2500,ccmar,0.2558505160746848,full,0.25012506660647105,0.011206119811640802,0.2281614753692143,0.2720886578437278,1
672,2500,ccmar,0.2558505160746848,cc,0.21905086955563244,0.02657759771318262,0.1669597352422004,0.27114200386906445,1
672,2500,ccmar,0.2558505160746848,cc_ccproj,0.2190508695556323,0.02657759771318261,0.16695973524220029,0.27114200386906434,1
672,2500,ccmar,0.2558505160746848,seq,0.21911495565279007,0.025389353396711146,0.16935273740447654,0.2688771739011036,1
673,2500,ccmar,0.2558505160746848,full,0.26517274573736965,0.013133947293664456,0.23943068206694001,0.2909148094077993,1
673,2500,ccmar,0.2558505160746848,cc,0.22528737004100366,0.014997123131717744,0.19589354883112434,0.25468119125088295,0
673,2500,ccmar,0.2558505160746848,cc_ccproj,0.22528737004100366,0.014997123131717723,0.19589354883112436,0.25468119125088295,0
673,2500,ccmar,0.2558505160746848,seq,0.22226771015416347,0.014290668805686786,0.19425851398002733,0.2502769063282996,0
674,2500,ccmar,0.2558505160746848,full,0.26250860773828355,0.012272572459122284,0.2384548077207457,0.28656240775582137,1
674,2500,ccmar,0.2558505160746848,cc,0.2724415764039883,0.017992592018389736,0.23717674405942157,0.30770640874855504,1
674,2500,ccmar,0.2558505160746848,cc_ccproj,0.27244157640398836,0.017992592018389732,0.23717674405942166,0.3077064087485551,1
674,2500,ccmar,0.2558505160746848,seq,0.26940842932467707,0.017600956884043843,0.2349111877385088,0.3039056709108453,1
675,2500,ccmar,0.2558505160746848,full,0.2549237275040374,0.00971490961923153,0.2358828545372819,0.27396460047079296,1
675,2500,ccmar,0.2558505160746848,cc,0.24286688030996775,0.010749767980395375,0.22179772222623095,0.26393603839370455,1
675,2500,ccmar,0.2558505160746848,cc_ccproj,0.24286688030996792,0.01074976798039538,0.2217977222262311,0.2639360383937047,1
675,2500,ccmar,0.2558505160746848,seq,0.23987887970623087,0.01038393534293235,0.2195267404162909,0.26023101899617085,1
676,2500,ccmar,0.2558505160746848,full,0.2424940567222838,0.008597856505749424,0.22564256762677154,0.25934554581779606,1
676,2500,ccmar,0.2558505160746848,cc,0.24996625982839324,0.011594828795873988,0.2272408129815723,0.2726917066752142,1
676,2500,ccmar,0.2558505160746848,cc_ccproj,0.2499662598283934,0.011594828795873997,0.22724081298157245,0.27269170667521436,1
676,2500,ccmar,0.2558505160746848,seq,0.24739874759514877,0.01165257373141335,0.2245601227543811,0.27023737243591645,1
677,2500,ccmar,0.2558505160746848,full,0.2501703303121072,0.008662157827518925,0.2331928129417684,0.26714784768244604,1
677,2500,ccmar,0.2558505160746848,cc,0.23438204600936832,0.010160733650586742,0.21446737399771412,0.2542967180210225,0
677,2500,ccmar,0.2558505160746848,cc_ccproj,0.23438204600936802,0.010160733650586761,0.2144673739977138,0.25429671802102227,0
677,2500,ccmar,0.2558505160746848,seq,0.23686430389591992,0.009739128644256283,0.2177759625123752,0.25595264527946465,1
678,2500,ccmar,0.2558505160746848,full,0.24263328616479293,0.01208489596223161,0.21894732532190544,0.2663192470076804,1
678,2500,ccmar,0.2558505160746848,cc,0.2585163074232409,0.024445087280720954,0.21060481675408965,0.3064277980923921,1
678,2500,ccmar,0.2558505160746848,cc_ccproj,0.258516307423241,0.024445087280720954,0.21060481675408976,0.30642779809239223,1
678,2500,ccmar,0.2558505160746848,seq,0.2605585552288195,0.02424873402444213,0.2130319098702219,0.30808520058741706,1
679,2500,ccmar,0.2558505160746848,full,0.2514096280290618,0.013751720409965487,0.22445675130006507,0.27836250475805857,1
679,2500,ccmar,0.2558505160746848,cc,0.263211043774735,0.04392585727260662,0.17711794553037918,0.34930414201909077,1
679,2500,ccmar,0.2558505160746848,cc_ccproj,0.26321104377473514,0.0439258572726066,0.1771179455303794,0.3493041420190909,1
679,2500,ccmar,0.2558505160746848,seq,0.2649155068605358,0.04316186671254111,0.180319802598437,0.34951121112263456,1
680,2500,ccmar,0.2558505160746848,full,0.2541764565658851,0.008704469719438694,0.23711600941126582,0.2712369037205044,1
680,2500,ccmar,0.2558505160746848,cc,0.25250113172457694,0.013424036452713221,0.22619050375010621,0.2788117596990477,1
680,2500,ccmar,0.2558505160746848,cc_ccproj,0.2525011317245771,0.013424036452713221,0.22619050375010638,0.27881175969904787,1
680,2500,ccmar,0.2558505160746848,seq,0.25529527146744,0.013023550737512444,0.22976958107108558,0.28082096186379446,1
681,2500,ccmar,0.2558505160746848,full,0.25080711838206116,0.009945991041748715,0.23131333414967567,0.27030090261444667,1
681,2500,ccmar,0.2558505160746848,cc,0.26998808531885254,0.01547407138173717,0.23965946271644573,0.30031670792125936,1
681,2500,ccmar,0.2558505160746848,cc_ccproj,0.2699880853188527,0.015474071381737176,0.2396594627164459,0.30031670792125953,1
681,2500,ccmar,0.2558505160746848,seq,0.26379655077419795,0.015230918708246778,0.23394449865457695,0.29364860289381894,1
682,2500,ccmar,0.2558505160746848,full,0.25146543504324126,0.010166253889921054,0.23153994356130578,0.27139092652517677,1
682,2500,ccmar,0.2558505160746848,cc,0.2661783650783674,0.012891456994506327,0.24091157366088803,0.2914451564958468,1
682,2500,ccmar,0.2558505160746848,cc_ccproj,0.26617836507836723,0.012891456994506336,0.24091157366088783,0.2914451564958466,1
682,2500,ccmar,0.2558505160746848,seq,0.265883034503175,0.012884077591850139,0.2406307064491292,0.29113536255722083,1
683,2500,ccmar,0.2558505160746848,full,0.2422598363797724,0.009743420175490543,0.22316308374957,0.26135658900997477,1
683,2500,ccmar,0.2558505160746848,cc,0.23605216786357083,0.01595838850485802,0.2047743011427511,0.26733003458439053,1
683,2500,ccmar,0.2558505160746848,cc_ccproj,0.23605216786357106,0.01595838850485801,0.20477430114275136,0.26733003458439075,1
683,2500,ccmar,0.2558505160746848,seq,0.24318488851764977,0.015270432667677332,0.2132553904606583,0.27311438657464127,1
684,2500,ccmar,0.2558505160746848,full,0.2537288763997781,0.010216154457897197,0.23370558160180127,0.2737521711977549,1
684,2500,ccmar,0.2558505160746848,cc,0.2592262655506591,0.015563857318896408,0.228721665745102,0.28973086535621617,1
684,2500,ccmar,0.2558505160746848,cc_ccproj,0.25922626555065914,0.015563857318896401,0.22872166574510205,0.2897308653562162,1
684,2500,ccmar,0.2558505160746848,seq,0.25630936645752733,0.015253520833746785,0.22641301498595226,0.28620571792910243,1
685,2500,ccmar,0.2558505160746848,full,0.2540507841305533,0.00954853145153914,0.23533600638028865,0.272765561880818,1
685,2500,ccmar,0.2558505160746848,cc,0.25148680439600846,0.012590166326722288,0.22681053183626382,0.2761630769557531,1
685,2500,ccmar,0.2558505160746848,cc_ccproj,0.2514868043960085,0.012590166326722283,0.2268105318362639,0.27616307695575315,1
685,2500,ccmar,0.2558505160746848,seq,0.25579980533616137,0.012447433225506153,0.23140328451420206,0.2801963261581207,1
686,2500,ccmar,0.2558505160746848,full,0.2550848545293588,0.009718007723076872,0.23603790939064603,0.27413179966807155,1
686,2500,ccmar,0.2558505160746848,cc,0.2795301501861032,0.01430554397437462,0.251491799217075,0.30756850115513146,1
686,2500,ccmar,0.2558505160746848,cc_ccproj,0.2795301501861033,0.014305543974374611,0.25149179921707504,0.3075685011551315,1
686,2500,ccmar,0.2558505160746848,seq,0.2797183230241319,0.013931451247564943,0.25241318032652904,0.3070234657217348,1
687,2500,ccmar,0.2558505160746848,full,0.2522727431470221,0.00927137406014027,0.23410118390194826,0.2704443023920959,1
687,2500,ccmar,0.2558505160746848,cc,0.265500277577224,0.01409339078297561,0.23787773922254304,0.2931228159319049,1
687,2500,ccmar,0.2558505160746848,cc_ccproj,0.265500277577224,0.014093390782975612,0.23787773922254304,0.2931228159319049,1
687,2500,ccmar,0.2558505160746848,seq,0.267791214227576,0.013759410062774655,0.2408232660560197,0.29475916239913236,1
688,2500,ccmar,0.2558505160746848,full,0.2609319862146648,0.012701762496281889,0.2360369891817707,0.28582698324755884,1
688,2500,ccmar,0.2558505160746848,cc,0.2496968374883464,0.03582662101228875,0.17947795061649452,0.3199157243601983,1
688,2500,ccmar,0.2558505160746848,cc_ccproj,0.2496968374883463,0.035826621012288735,0.17947795061649446,0.31991572436019816,1
688,2500,ccmar,0.2558505160746848,seq,0.250283708452841,0.03465532051900695,0.1823605283628954,0.31820688854278656,1
689,2500,ccmar,0.2558505160746848,full,0.2592585809401442,0.01069937375776602,0.2382881937177898,0.2802289681624986,1
689,2500,ccmar,0.2558505160746848,cc,0.258259072721497,0.022027864572115478,0.21508525150382485,0.30143289393916917,1
689,2500,ccmar,0.2558505160746848,cc_ccproj,0.25825907272149723,0.02202786457211547,0.2150852515038251,0.3014328939391694,1
689,2500,ccmar,0.2558505160746848,seq,0.2557372365513701,0.02185470862251716,0.21290279475861948,0.2985716783441207,1
690,2500,ccmar,0.2558505160746848,full,0.26095105021926485,0.01079488460192618,0.23979346518222353,0.28210863525630614,1
690,2500,ccmar,0.2558505160746848,cc,0.2600416249892795,0.01669779344539043,0.2273145512150253,0.29276869876353373,1
690,2500,ccmar,0.2558505160746848,cc_ccproj,0.26004162498927946,0.016697793445390435,0.22731455121502522,0.2927686987635337,1
690,2500,ccmar,0.2558505160746848,seq,0.26557202431592725,0.016626690778087476,0.23298430920879154,0.29815973942306295,1
691,2500,ccmar,0.2558505160746848,full,0.2438693942657341,0.009538177246697668,0.22517491038404724,0.26256387814742094,1
691,2500,ccmar,0.2558505160746848,cc,0.2487549502701717,0.016450002529989464,0.21651353776579957,0.2809963627745438,1
691,2500,ccmar,0.2558505160746848,cc_ccproj,0.24875495027017158,0.016450002529989464,0.21651353776579946,0.2809963627745437,1
691,2500,ccmar,0.2558505160746848,seq,0.2523001434847604,0.01612308610343975,0.22069947540238022,0.28390081156714053,1
692,2500,ccmar,0.2558505160746848,full,0.2551343724844006,0.009747712857851339,0.23602920635137395,0.2742395386174272,1
692,2500,ccmar,0.2558505160746848,cc,0.24170206308028983,0.01837071843362069,0.2056961165802672,0.27770800958031244,1
692,2500,ccmar,0.2558505160746848,cc_ccproj,0.24170206308028966,0.018370718433620682,0.20569611658026704,0.2777080095803123,1
692,2500,ccmar,0.2558505160746848,seq,0.24033517145142774,0.017504165837480143,0.20602763683055025,0.27464270607230523,1
693,2500,ccmar,0.2558505160746848,full,0.26388245401952226,0.009976003662700966,0.2443298461309887,0.28343506190805584,1
693,2500,ccmar,0.2558505160746848,cc,0.2756274256632932,0.017123297033832044,0.24206638018040083,0.30918847114618553,1
693,2500,ccmar,0.2558505160746848,cc_ccproj,0.2756274256632932,0.017123297033832047,0.24206638018040083,0.30918847114618553,1
693,2500,ccmar,0.2558505160746848,seq,0.27084066231573445,0.016751165247222654,0.23800898173209906,0.30367234289936984,1
694,2500,ccmar,0.2558505160746848,full,0.24801471560360633,0.010768094521366248,0.2269096381596054,0.26911979304760725,1
694,2500,ccmar,0.2558505160746848,cc,0.22247553512924279,0.028811311411607164,0.16600640241512488,0.2789446678433607,1
694,2500,ccmar,0.2558505160746848,cc_ccproj,0.2224755351292426,0.028811311411607164,0.16600640241512468,0.27894466784336047,1
694,2500,ccmar,0.2558505160746848,seq,0.21847584937397968,0.02759467546398531,0.16439127929949737,0.272560419448462,1
695,2500,ccmar,0.2558505160746848,full,0.2570845642654803,0.009628150809823993,0.23821373544050514,0.2759553930904555,1
695,2500,ccmar,0.2558505160746848,cc,0.25142426802959,0.016216717658850528,0.21964008547078828,0.2832084505883917,1
695,2500,ccmar,0.2558505160746848,cc_ccproj,0.2514242680295899,0.016216717658850514,0.21964008547078817,0.2832084505883916,1
695,2500,ccmar,0.2558505160746848,seq,0.24898370265055272,0.01573996220086042,0.2181339436188445,0.279833461682261,1
696,2500,ccmar,0.2558505160746848,full,0.26099696959421914,0.011005439468242124,0.23942670460242893,0.28256723458600935,1
696,2500,ccmar,0.2558505160746848,cc,0.28361895184334623,0.02003222982740268,0.24435650285160795,0.3228814008350845,1
696,2500,ccmar,0.2558505160746848,cc_ccproj,0.2836189518433462,0.020032229827402683,0.2443565028516079,0.32288140083508443,1
696,2500,ccmar,0.2558505160746848,seq,0.2847491266389604,0.01959323360128653,0.24634709443975877,0.32315115883816203,1
697,2500,ccmar,0.2558505160746848,full,0.2543930521987467,0.010454387924882878,0.2339028283855658,0.2748832760119276,1
697,2500,ccmar,0.2558505160746848,cc,0.2439780967553476,0.015132056413050756,0.21431981117373977,0.2736363823369554,1
697,2500,ccmar,0.2558505160746848,cc_ccproj,0.24397809675534737,0.015132056413050774,0.2143198111737395,0.27363638233695525,1
697,2500,ccmar,0.2558505160746848,seq,0.2482163727808872,0.014982164901919528,0.21885186916268487,0.27758087639908957,1
698,2500,ccmar,0.2558505160746848,full,0.23325641807730235,0.009050318953466247,0.21551811887990827,0.2509947172746964,0
698,2500,ccmar,0.2558505160746848,cc,0.22792078724251214,0.01242672497546345,0.2035648538448194,0.2522767206402049,0
698,2500,ccmar,0.2558505160746848,cc_ccproj,0.22792078724251233,0.01242672497546343,0.20356485384481962,0.25227672064020507,0
698,2500,ccmar,0.2558505160746848,seq,0.22777868579389388,0.011899917727864083,0.20445527562829055,0.2511020959594972,0
699,2500,ccmar,0.2558505160746848,full,0.26197810356005585,0.01019857445373527,0.24198926493708448,0.28196694218302726,1
699,2500,ccmar,0.2558505160746848,cc,0.25836375606723316,0.013861916135276965,0.23119489968537565,0.2855326124490907,1
699,2500,ccmar,0.2558505160746848,cc_ccproj,0.2583637560672332,0.01386191613527697,0.2311948996853757,0.28553261244909073,1
699,2500,ccmar,0.2558505160746848,seq,0.2630240750293692,0.013735880995021295,0.23610224298319926,0.28994590707553913,1
700,2500,ccmar,0.2558505160746848,full,0.23643446234582824,0.009783000451791002,0.2172601337995788,0.25560879089207766,0
700,2500,ccmar,0.2558505160746848,cc,0.2327455578065694,0.013537253477892905,0.2062130285403097,0.25927808707282907,1
700,2500,ccmar,0.2558505160746848,cc_ccproj,0.2327455578065692,0.013537253477892917,0.20621302854030948,0.2592780870728289,1
700,2500,ccmar,0.2558505160746848,seq,0.22840443013159847,0.01378384181985127,0.20138859659609296,0.255420263667104,0
701,2500,ccmar,0.2558505160746848,full,0.2514222291265789,0.008798658955437001,0.23417717446167158,0.26866728379148624,1
701,2500,ccmar,0.2558505160746848,cc,0.25734678805634265,0.01487434935238719,0.22819359903219708,0.28649997708048824,1
701,2500,ccmar,0.2558505160746848,cc_ccproj,0.25734678805634276,0.014874349352387177,0.22819359903219721,0.2864999770804883,1
701,2500,ccmar,0.2558505160746848,seq,0.2610006885189795,0.014197417363542275,0.23317426181295303,0.288827115225006,1
702,2500,ccmar,0.2558505160746848,full,0.27183779435192357,0.014270472705629072,0.24386818180652872,0.2998074068973184,1
702,2500,ccmar,0.2558505160746848,cc,0.28204725113437856,0.02429507766171908,0.23442977391580558,0.3296647283529516,1
702,2500,ccmar,0.2558505160746848,cc_ccproj,0.2820472511343786,0.02429507766171909,0.2344297739158056,0.32966472835295163,1
702,2500,ccmar,0.2558505160746848,seq,0.2803725499378494,0.02393232844212897,0.23346604812509303,0.32727905175060573,1
703,2500,ccmar,0.2558505160746848,full,0.25858719022797994,0.009276593696229718,0.2404054006841584,0.2767689797718015,1
703,2500,ccmar,0.2558505160746848,cc,0.25871019784389565,0.013793809061842051,0.231674828873063,0.2857455668147283,1
703,2500,ccmar,0.2558505160746848,cc_ccproj,0.2587101978438956,0.013793809061842044,0.23167482887306295,0.28574556681472824,1
703,2500,ccmar,0.2558505160746848,seq,0.2550494751651668,0.013615466180729348,0.22836365181821416,0.2817352985121194,1
704,2500,ccmar,0.2558505160746848,full,0.25285580763248006,0.010160495286969929,0.23294160280493004,0.2727700124600301,1
704,2500,ccmar,0.2558505160746848,cc,0.24616729741427198,0.011976776696279357,0.22269324643868582,0.26964134838985815,1
704,2500,ccmar,0.2558505160746848,cc_ccproj,0.2461672974142718,0.011976776696279359,0.22269324643868563,0.2696413483898579,1
704,2500,ccmar,0.2558505160746848,seq,0.2503511748712738,0.011595211288120773,0.22762497835342477,0.2730773713891228,1
705,2500,ccmar,0.2558505160746848,full,0.2422895003417012,0.013543471986644368,0.2157447830222511,0.2688342176611513,1
705,2500,ccmar,0.2558505160746848,cc,0.2411537369204282,0.019530782276765045,0.20287410706807552,0.2794333667727809,1
705,2500,ccmar,0.2558505160746848,cc_ccproj,0.24115373692042805,0.019530782276765035,0.20287410706807538,0.2794333667727807,1
705,2500,ccmar,0.2558505160746848,seq,0.2407828484887107,0.019077110183061824,0.2033923996008072,0.2781732973766142,1
706,2500,ccmar,0.2558505160746848,full,0.24158579754646822,0.011032221902580906,0.21996303994795569,0.26320855514498076,1
706,2500,ccmar,0.2558505160746848,cc,0.22127842978763973,0.023390791658786877,0.17543332056653754,0.2671235390087419,1
706,2500,ccmar,0.2558505160746848,cc_ccproj,0.22127842978763979,0.02339079165878687,0.1754333205665376,0.267123539008742,1
706,2500,ccmar,0.2558505160746848,seq,0.22130811151332747,0.02239593103781521,0.1774128932789669,0.265203329747688,1
707,2500,ccmar,0.2558505160746848,full,0.2732278909748281,0.010157693127337305,0.25331917827923695,0.2931366036704192,1
707,2500,ccmar,0.2558505160746848,cc,0.2941474888564149,0.02249423960221924,0.2500595893764506,0.3382353883363792,1
707,2500,ccmar,0.2558505160746848,cc_ccproj,0.29414748885641484,0.02249423960221924,0.25005958937645056,0.3382353883363791,1
707,2500,ccmar,0.2558505160746848,seq,0.2960693904288465,0.022445507568697443,0.2520770039794783,0.3400617768782147,1
708,2500,ccmar,0.2558505160746848,full,0.25592964934928625,0.008592951591173497,0.23908777370969003,0.27277152498888246,1
708,2500,ccmar,0.2558505160746848,cc,0.25114111245911547,0.012815550772149322,0.22602309450365832,0.2762591304145726,1
708,2500,ccmar,0.2558505160746848,cc_ccproj,0.25114111245911536,0.01281555077214933,0.22602309450365818,0.2762591304145725,1
708,2500,ccmar,0.2558505160746848,seq,0.24764561702622487,0.012444404439041174,0.2232550325166538,0.27203620153579594,1
709,2500,ccmar,0.2558505160746848,full,0.2509419275485209,0.009941702540733401,0.2314565486236731,0.2704273064733687,1
709,2500,ccmar,0.2558505160746848,cc,0.23565496819138743,0.011357012603932189,0.2133956325157129,0.257914303867062,1
709,2500,ccmar,0.2558505160746848,cc_ccproj,0.23565496819138734,0.011357012603932187,0.2133956325157128,0.2579143038670619,1
709,2500,ccmar,0.2558505160746848,seq,0.2397159427566055,0.010725617238934866,0.2186941192563312,0.2607377662568798,1
710,2500,ccmar,0.2558505160746848,full,0.2531269778974403,0.009426300687827283,0.2346517680418537,0.2716021877530269,1
710,2500,ccmar,0.2558505160746848,cc,0.2568665412227811,0.014701979317941438,0.22805119125816312,0.28568189118739906,1
710,2500,ccmar,0.2558505160746848,cc_ccproj,0.2568665412227809,0.014701979317941438,0.22805119125816295,0.2856818911873989,1
710,2500,ccmar,0.2558505160746848,seq,0.2546102789724066,0.014731481840887628,0.22573710512536105,0.2834834528194522,1
711,2500,ccmar,0.2558505160746848,full,0.2623264520486956,0.010135579353603659,0.24246108155318466,0.2821918225442065,1
711,2500,ccmar,0.2558505160746848,cc,0.2840462728096778,0.02325025135375052,0.23847661752482316,0.3296159280945325,1
711,2500,ccmar,0.2558505160746848,cc_ccproj,0.2840462728096779,0.02325025135375052,0.23847661752482327,0.3296159280945326,1
711,2500,ccmar,0.2558505160746848,seq,0.28657499111290147,0.022880144910895718,0.24173073112648846,0.33141925109931447,1
712,2500,ccmar,0.2558505160746848,full,0.24770384168245946,0.009748244023121548,0.22859763448463338,0.26681004888028553,1
712,2500,ccmar,0.2558505160746848,cc,0.25049907354325834,0.017669239301012808,0.21586800087905356,0.28513014620746313,1
712,2500,ccmar,0.2558505160746848,cc_ccproj,0.25049907354325807,0.017669239301012808,0.21586800087905328,0.28513014620746285,1
712,2500,ccmar,0.2558505160746848,seq,0.25193699672232445,0.017550142421924556,0.21753934965180377,0.2863346437928451,1
713,2500,ccmar,0.2558505160746848,full,0.2620671041146756,0.010938303816530368,0.24062842258231906,0.28350578564703216,1
713,2500,ccmar,0.2558505160746848,cc,0.2728780635747754,0.013158048881432668,0.24708876166034982,0.298667365489201,1
713,2500,ccmar,0.2558505160746848,cc_ccproj,0.2728780635747753,0.013158048881432675,0.2470887616603497,0.29866736548920086,1
713,2500,ccmar,0.2558505160746848,seq,0.2691137713277582,0.013055187656942167,0.24352607370873972,0.29470146894677673,1
714,2500,ccmar,0.2558505160746848,full,0.24263245302780756,0.011449449319377698,0.22019194471901063,0.26507296133660446,1
714,2500,ccmar,0.2558505160746848,cc,0.24788622568719465,0.013477564632156927,0.22147068440885626,0.27430176696553304,1
714,2500,ccmar,0.2558505160746848,cc_ccproj,0.2478862256871947,0.013477564632156921,0.2214706844088563,0.2743017669655331,1
714,2500,ccmar,0.2558505160746848,seq,0.24837628045468718,0.01315602500740445,0.22259094526046616,0.2741616156489082,1
715,2500,ccmar,0.2558505160746848,full,0.252979131771385,0.011172888529624846,0.2310806726500396,0.27487759089273034,1
715,2500,ccmar,0.2558505160746848,cc,0.25648252983066816,0.014153682113395039,0.22874182263978513,0.28422323702155117,1
715,2500,ccmar,0.2558505160746848,cc_ccproj,0.25648252983066816,0.014153682113395016,0.22874182263978518,0.28422323702155117,1
715,2500,ccmar,0.2558505160746848,seq,0.2561905634145196,0.013464415277099717,0.22980079439851328,0.28258033243052594,1
716,2500,ccmar,0.2558505160746848,full,0.26958858532638863,0.01143119842598551,0.24718384811132607,0.29199332254145116,1
716,2500,ccmar,0.2558505160746848,cc,0.2778386728382736,0.03163701315952296,0.21583126646718886,0.3398460792093584,1
716,2500,ccmar,0.2558505160746848,cc_ccproj,0.2778386728382735,0.03163701315952295,0.21583126646718878,0.3398460792093582,1
716,2500,ccmar,0.2558505160746848,seq,0.2793651264397441,0.03150403213433654,0.21761835808865193,0.34111189479083626,1
717,2500,ccmar,0.2558505160746848,full,0.260162717895237,0.009159250558018446,0.24221091667614245,0.27811451911433155,1
717,2500,ccmar,0.2558505160746848,cc,0.26926779865685496,0.014814911350487596,0.24023110597574562,0.29830449133796433,1
717,2500,ccmar,0.2558505160746848,cc_ccproj,0.2692677986568549,0.01481491135048761,0.24023110597574554,0.2983044913379643,1
717,2500,ccmar,0.2558505160746848,seq,0.2683000832294042,0.014498697321205081,0.23988315865709486,0.2967170078017135,1
718,2500,ccmar,0.2558505160746848,full,0.24588729901054585,0.010200616441620654,0.22589445816486226,0.26588013985622944,1
718,2500,ccmar,0.2558505160746848,cc,0.2295782287314736,0.014218538247806835,0.20171040585296696,0.25744605160998024,1
718,2500,ccmar,0.2558505160746848,cc_ccproj,0.22957822873147346,0.014218538247806856,0.2017104058529668,0.25744605160998013,1
718,2500,ccmar,0.2558505160746848,seq,0.22712430720014232,0.013930448214204671,0.19982113041180086,0.2544274839884838,0
719,2500,ccmar,0.2558505160746848,full,0.25107434664864803,0.009121850127132484,0.23319584892709624,0.26895284437019984,1
719,2500,ccmar,0.2558505160746848,cc,0.2469529249896011,0.011562249493806173,0.22429133240147453,0.2696145175777277,1
719,2500,ccmar,0.2558505160746848,cc_ccproj,0.24695292498960106,0.011562249493806171,0.2242913324014745,0.26961451757772764,1
719,2500,ccmar,0.2558505160746848,seq,0.2492213135551452,0.0111091086815017,0.22744786063906064,0.2709947664712298,1
720,2500,ccmar,0.2558505160746848,full,0.24221744781423235,0.011128047577283428,0.22040687534450862,0.26402802028395606,1
720,2500,ccmar,0.2558505160746848,cc,0.2170594670724572,0.023363083180786882,0.17126866547030145,0.262850268674613,1
720,2500,ccmar,0.2558505160746848,cc_ccproj,0.21705946707245702,0.02336308318078685,0.1712686654703013,0.26285026867461275,1
720,2500,ccmar,0.2558505160746848,seq,0.21597666175511995,0.02213662031361658,0.17258968320099372,0.2593636403092462,1
721,2500,ccmar,0.2558505160746848,full,0.2542237977232899,0.008975738153265155,0.23663167420822814,0.27181592123835163,1
721,2500,ccmar,0.2558505160746848,cc,0.2496533049968416,0.015173063837778894,0.21991464633966787,0.2793919636540153,1
721,2500,ccmar,0.2558505160746848,cc_ccproj,0.24965330499684169,0.015173063837778878,0.21991464633966798,0.27939196365401536,1
721,2500,ccmar,0.2558505160746848,seq,0.24694963116043545,0.014375218014006718,0.21877472158307087,0.2751245407378,1
722,2500,ccmar,0.2558505160746848,full,0.25930178183880237,0.008833981987044309,0.24198749530411995,0.2766160683734848,1
722,2500,ccmar,0.2558505160746848,cc,0.25007705489341353,0.012912362434024967,0.22476928956739664,0.2753848202194304,1
722,2500,ccmar,0.2558505160746848,cc_ccproj,0.25007705489341353,0.012912362434024972,0.22476928956739664,0.27538482021943045,1
722,2500,ccmar,0.2558505160746848,seq,0.2514011117882138,0.012568413359395817,0.22676747426098592,0.27603474931544164,1
723,2500,ccmar,0.2558505160746848,full,0.2584642538635942,0.010575865319127083,0.2377359387327589,0.27919256899442946,1
723,2500,ccmar,0.2558505160746848,cc,0.2757738014189981,0.014663135616647172,0.24703458370994313,0.30451301912805306,1
723,2500,ccmar,0.2558505160746848,cc_ccproj,0.2757738014189978,0.014663135616647165,0.24703458370994286,0.3045130191280528,1
723,2500,ccmar,0.2558505160746848,seq,0.277710359235839,0.01415443659603321,0.24996817328615817,0.3054525451855198,1
724,2500,ccmar,0.2558505160746848,full,0.24381146752688893,0.009116613286462487,0.22594323382444312,0.26167970122933476,1
724,2500,ccmar,0.2558505160746848,cc,0.2586576042293321,0.013071286151850707,0.23303835414008756,0.28427685431857663,1
724,2500,ccmar,0.2558505160746848,cc_ccproj,0.258657604229332,0.01307128615185072,0.23303835414008742,0.2842768543185765,1
724,2500,ccmar,0.2558505160746848,seq,0.25635277369619375,0.013024434183990035,0.23082535177656094,0.28188019561582656,1
725,2500,ccmar,0.2558505160746848,full,0.26053130237725763,0.009937482038388436,0.24105419548500262,0.28000840926951265,1
725,2500,ccmar,0.2558505160746848,cc,0.2737967765516606,0.01457428352442436,0.2452317057433134,0.3023618473600079,1
725,2500,ccmar,0.2558505160746848,cc_ccproj,0.2737967765516608,0.014574283524424365,0.24523170574331354,0.30236184736000804,1
725,2500,ccmar,0.2558505160746848,seq,0.2704173688359631,0.014315672636681835,0.24235916605360117,0.29847557161832505,1
726,2500,ccmar,0.2558505160746848,full,0.24609761825012466,0.01085912886037622,0.2248141167803078,0.26738111971994155,1
726,2500,ccmar,0.2558505160746848,cc,0.23157736967512005,0.0143797123467468,0.20339365136745038,0.25976108798278974,1
726,2500,ccmar,0.2558505160746848,cc_ccproj,0.2315773696751202,0.014379712346746811,0.2033936513674505,0.25976108798278985,1
726,2500,ccmar,0.2558505160746848,seq,0.23280510359081036,0.01383209475270704,0.2056946960447591,0.2599155111368616,1
727,2500,ccmar,0.2558505160746848,full,0.2514688671941324,0.009097344283879195,0.23363840004276787,0.26929933434549697,1
727,2500,ccmar,0.2558505160746848,cc,0.24396217228379655,0.013279676445156248,0.21793448472494542,0.2699898598426477,1
727,2500,ccmar,0.2558505160746848,cc_ccproj,0.24396217228379655,0.013279676445156253,0.2179344847249454,0.2699898598426477,1
727,2500,ccmar,0.2558505160746848,seq,0.24540789230665205,0.012813351834715552,0.22029418418936936,0.27052160042393475,1
728,2500,ccmar,0.2558505160746848,full,0.25400523117108176,0.010085833227018108,0.23423736129204886,0.27377310105011465,1
728,2500,ccmar,0.2558505160746848,cc,0.27382385126620473,0.024852431720792795,0.22511398016521006,0.3225337223671994,1
728,2500,ccmar,0.2558505160746848,cc_ccproj,0.2738238512662047,0.02485243172079281,0.22511398016520998,0.3225337223671994,1
728,2500,ccmar,0.2558505160746848,seq,0.27770006996925667,0.02432993979337523,0.23001426422821333,0.3253858757103,1
729,2500,ccmar,0.2558505160746848,full,0.25824368246181667,0.009991362670457684,0.23866097147124168,0.2778263934523917,1
729,2500,ccmar,0.2558505160746848,cc,0.2541972863869036,0.015767745909230226,0.22329307228743359,0.2851015004863736,1
729,2500,ccmar,0.2558505160746848,cc_ccproj,0.2541972863869034,0.015767745909230205,0.22329307228743345,0.2851015004863734,1
729,2500,ccmar,0.2558505160746848,seq,0.25845346509833816,0.015299278312666025,0.22846743061605804,0.2884394995806183,1
730,2500,ccmar,0.2558505160746848,full,0.24712099926439268,0.010346240292726959,0.2268427409152507,0.26739925761353467,1
730,2500,ccmar,0.2558505160746848,cc,0.25985186905479724,0.014038424469013398,0.23233706269584514,0.28736667541374933,1
730,2500,ccmar,0.2558505160746848,cc_ccproj,0.2598518690547973,0.014038424469013388,0.23233706269584523,0.2873666754137494,1
730,2500,ccmar,0.2558505160746848,seq,0.2578414856178535,0.013461870012172323,0.231456705229436,0.28422626600627104,1
731,2500,ccmar,0.2558505160746848,full,0.2610435359856846,0.008792315701249281,0.24381091387052997,0.2782761581008392,1
731,2500,ccmar,0.2558505160746848,cc,0.24494457199578473,0.015682636396252753,0.21420716947649232,0.27568197451507714,1
731,2500,ccmar,0.2558505160746848,cc_ccproj,0.24494457199578482,0.01568263639625277,0.21420716947649238,0.27568197451507725,1
731,2500,ccmar,0.2558505160746848,seq,0.245399310332397,0.015261043718631009,0.215488214277389,0.275310406387405,1
732,2500,ccmar,0.2558505160746848,full,0.24653982274715772,0.008484973176183918,0.2299095809120488,0.2631700645822666,1
732,2500,ccmar,0.2558505160746848,cc,0.26387354883901004,0.01409447682925529,0.23624888187273538,0.2914982158052847,1
732,2500,ccmar,0.2558505160746848,cc_ccproj,0.26387354883901015,0.014094476829255296,0.23624888187273546,0.29149821580528484,1
732,2500,ccmar,0.2558505160746848,seq,0.26062317600724294,0.013830552835502608,0.2335157905633795,0.28773056145110637,1
733,2500,ccmar,0.2558505160746848,full,0.2660372834667517,0.010015275099795938,0.24640770497589087,0.28566686195761254,1
733,2500,ccmar,0.2558505160746848,cc,0.2427019299448667,0.01777117852037586,0.2078710600820982,0.2775327998076352,1
733,2500,ccmar,0.2558505160746848,cc_ccproj,0.2427019299448666,0.01777117852037588,0.20787106008209807,0.2775327998076351,1
733,2500,ccmar,0.2558505160746848,seq,0.2399469806896804,0.0173577141778447,0.20592648604716451,0.2739674753321963,1
734,2500,ccmar,0.2558505160746848,full,0.25305289475634,0.009731418247623835,0.23397966547250143,0.2721261240401786,1
734,2500,ccmar,0.2558505160746848,cc,0.26950295468000723,0.014737631815085705,0.2406177271050276,0.29838818225498687,1
734,2500,ccmar,0.2558505160746848,cc_ccproj,0.26950295468000707,0.014737631815085708,0.2406177271050274,0.2983881822549867,1
734,2500,ccmar,0.2558505160746848,seq,0.26842698781650864,0.014319204960512972,0.24036186180665592,0.29649211382636137,1
735,2500,ccmar,0.2558505160746848,full,0.25540714035870593,0.011180830939304694,0.23349311440043757,0.2773211663169743,1
735,2500,ccmar,0.2558505160746848,cc,0.24407996277423444,0.026146187862877753,0.19283437622997576,0.29532554931849314,1
735,2500,ccmar,0.2558505160746848,cc_ccproj,0.24407996277423435,0.026146187862877764,0.19283437622997565,0.2953255493184931,1
735,2500,ccmar,0.2558505160746848,seq,0.25363460209877214,0.024377612194557856,0.20585536016835432,0.30141384402918997,1
736,2500,ccmar,0.2558505160746848,full,0.2568045430491177,0.010070110158009585,0.23706748981906797,0.27654159627916747,1
736,2500,ccmar,0.2558505160746848,cc,0.258952830979199,0.0137569141022543,0.23198977480036942,0.2859158871580286,1
736,2500,ccmar,0.2558505160746848,cc_ccproj,0.258952830979199,0.013756914102254311,0.2319897748003694,0.2859158871580286,1
736,2500,ccmar,0.2558505160746848,seq,0.25968701929457727,0.0135090990351619,0.23320967172207516,0.2861643668670794,1
737,2500,ccmar,0.2558505160746848,full,0.26498366055056605,0.010908155010191075,0.2436040695928114,0.2863632515083207,1
737,2500,ccmar,0.2558505160746848,cc,0.24821894795155441,0.02728814026543671,0.19473517582622119,0.30170272007688764,1
737,2500,ccmar,0.2558505160746848,cc_ccproj,0.24821894795155444,0.02728814026543671,0.1947351758262212,0.30170272007688764,1
737,2500,ccmar,0.2558505160746848,seq,0.2501831577795714,0.027004838294056945,0.1972546473148917,0.30311166824425106,1
738,2500,ccmar,0.2558505160746848,full,0.24275931001943135,0.009845200927359373,0.22346307078124664,0.26205554925761604,1
738,2500,ccmar,0.2558505160746848,cc,0.2547225912451872,0.01992824464432136,0.21566394946721412,0.2937812330231603,1
738,2500,ccmar,0.2558505160746848,cc_ccproj,0.2547225912451869,0.01992824464432137,0.21566394946721382,0.29378123302316,1
738,2500,ccmar,0.2558505160746848,seq,0.25279525518765983,0.019783738214791916,0.21401984080709893,0.29157066956822075,1
739,2500,ccmar,0.2558505160746848,full,0.2522539927954057,0.008752079577977885,0.23510023203274055,0.2694077535580709,1
739,2500,ccmar,0.2558505160746848,cc,0.24520873748511057,0.015355104580941557,0.21511328552761913,0.27530418944260204,1
739,2500,ccmar,0.2558505160746848,cc_ccproj,0.24520873748511057,0.01535510458094156,0.2151132855276191,0.27530418944260204,1
739,2500,ccmar,0.2558505160746848,seq,0.24459180435664765,0.014767282297194094,0.21564846290461132,0.273535145808684,1
740,2500,ccmar,0.2558505160746848,full,0.2603409572770561,0.010373247211874301,0.2400097663390519,0.28067214821506026,1
740,2500,ccmar,0.2558505160746848,cc,0.25293589828378543,0.014709949066072288,0.22410492789986514,0.2817668686677057,1
740,2500,ccmar,0.2558505160746848,cc_ccproj,0.2529358982837854,0.014709949066072288,0.22410492789986508,0.28176686866770567,1
740,2500,ccmar,0.2558505160746848,seq,0.24983074747311693,0.014459290267975626,0.2214910593058742,0.27817043564035965,1
741,2500,ccmar,0.2558505160746848,full,0.24153050520429825,0.010186145799684448,0.2215660262956428,0.2614949841129537,1
741,2500,ccmar,0.2558505160746848,cc,0.24794773534660025,0.016763564325457884,0.2150917530161823,0.28080371767701817,1
741,2500,ccmar,0.2558505160746848,cc_ccproj,0.24794773534660025,0.016763564325457888,0.2150917530161823,0.28080371767701817,1
741,2500,ccmar,0.2558505160746848,seq,0.2496876078707504,0.016172192235798546,0.21799069353752695,0.2813845222039738,1
742,2500,ccmar,0.2558505160746848,full,0.2586188248938417,0.009145482624038116,0.24069400832949012,0.27654364145819327,1
742,2500,ccmar,0.2558505160746848,cc,0.2594054474477943,0.012783075152225659,0.23435108053776316,0.28445981435782547,1
742,2500,ccmar,0.2558505160746848,cc_ccproj,0.25940544744779437,0.012783075152225648,0.23435108053776324,0.2844598143578255,1
742,2500,ccmar,0.2558505160746848,seq,0.25678962072418837,0.011938763742707628,0.2333900737685488,0.28018916767982793,1
743,2500,ccmar,0.2558505160746848,full,0.27690146436292606,0.011558405735363557,0.2542474054029123,0.29955552332293983,1
743,2500,ccmar,0.2558505160746848,cc,0.2921828904609746,0.014568114747204623,0.2636299102338067,0.3207358706881425,0
743,2500,ccmar,0.2558505160746848,cc_ccproj,0.2921828904609745,0.014568114747204628,0.2636299102338066,0.3207358706881424,0
743,2500,ccmar,0.2558505160746848,seq,0.29259481852587754,0.014383059969023308,0.2644045389991121,0.320785098052643,0
744,2500,ccmar,0.2558505160746848,full,0.2559876313051055,0.01100978752326893,0.23440884428205994,0.27756641832815104,1
744,2500,ccmar,0.2558505160746848,cc,0.276478522704535,0.012961024833791874,0.2510753808275737,0.3018816645814963,1
744,2500,ccmar,0.2558505160746848,cc_ccproj,0.27647852270453493,0.012961024833791874,0.25107538082757364,0.30188166458149623,1
744,2500,ccmar,0.2558505160746848,seq,0.27750382009468266,0.012859108863491127,0.2523004298489603,0.30270721034040504,1
745,2500,ccmar,0.2558505160746848,full,0.2649551837857432,0.012526940722992288,0.24040283113221014,0.2895075364392762,1
745,2500,ccmar,0.2558505160746848,cc,0.2741625863275025,0.016021126694797386,0.2427617550139464,0.3055634176410586,1
745,2500,ccmar,0.2558505160746848,cc_ccproj,0.2741625863275025,0.016021126694797386,0.2427617550139464,0.3055634176410586,1
745,2500,ccmar,0.2558505160746848,seq,0.2746862386136786,0.015446720226978086,0.24441122328953516,0.304961253937822,1
746,2500,ccmar,0.2558505160746848,full,0.24129782175824202,0.010809595727584616,0.22011140344473812,0.2624842400717459,1
746,2500,ccmar,0.2558505160746848,cc,0.22816384925403244,0.02704508268268803,0.175156461237056,0.2811712372710089,1
746,2500,ccmar,0.2558505160746848,cc_ccproj,0.22816384925403244,0.027045082682688043,0.17515646123705597,0.2811712372710089,1
746,2500,ccmar,0.2558505160746848,seq,0.22378800067555527,0.026789123217544168,0.17128228399176293,0.2762937173593476,1
747,2500,ccmar,0.2558505160746848,full,0.24522189184201512,0.01017597625172178,0.22527734488110554,0.26516643880292473,1
747,2500,ccmar,0.2558505160746848,cc,0.24029406013776292,0.017855886397812645,0.2052971658860115,0.27529095438951434,1
747,2500,ccmar,0.2558505160746848,cc_ccproj,0.24029406013776278,0.01785588639781268,0.20529716588601127,0.2752909543895143,1
747,2500,ccmar,0.2558505160746848,seq,0.23618689017956054,0.017913353923078336,0.2010773616480077,0.2712964187111134,1
748,2500,ccmar,0.2558505160746848,full,0.2626766545418897,0.014972464029012136,0.23333116428520445,0.29202214479857497,1
748,2500,ccmar,0.2558505160746848,cc,0.24262351931762888,0.017366683646502953,0.20858544483958236,0.2766615937956754,1
748,2500,ccmar,0.2558505160746848,cc_ccproj,0.24262351931762896,0.017366683646502956,0.20858544483958244,0.2766615937956755,1
748,2500,ccmar,0.2558505160746848,seq,0.24294927797779672,0.017137935742322596,0.2093595411534827,0.27653901480211074,1
749,2500,ccmar,0.2558505160746848,full,0.2668263485293355,0.008819852900631404,0.24953975449515683,0.2841129425635142,1
749,2500,ccmar,0.2558505160746848,cc,0.2704705695250594,0.014207627220079077,0.24262413186793347,0.2983170071821853,1
749,2500,ccmar,0.2558505160746848,cc_ccproj,0.2704705695250593,0.014207627220079087,0.24262413186793338,0.29831700718218523,1
749,2500,ccmar,0.2558505160746848,seq,0.2713858912601632,0.01379607718728313,0.24434607684515364,0.2984257056751728,1
750,2500,ccmar,0.2558505160746848,full,0.24696477971544592,0.010683907870833875,0.2260247050744675,0.2679048543564243,1
750,2500,ccmar,0.2558505160746848,cc,0.2305047741655696,0.014151413421400019,0.20276851352928882,0.2582410348018504,1
750,2500,ccmar,0.2558505160746848,cc_ccproj,0.23050477416556964,0.01415141342140002,0.20276851352928885,0.2582410348018504,1
750,2500,ccmar,0.2558505160746848,seq,0.23295568691951685,0.013451988021020959,0.20659027487785153,0.25932109896118216,1
751,2500,ccmar,0.2558505160746848,full,0.26516041099028725,0.011530214541929706,0.24256160575408503,0.2877592162264895,1
751,2500,ccmar,0.2558505160746848,cc,0.2546612099657366,0.023923409782839113,0.20777218840397874,0.30155023152749444,1
751,2500,ccmar,0.2558505160746848,cc_ccproj,0.25466120996573643,0.023923409782839106,0.2077721884039786,0.3015502315274943,1
751,2500,ccmar,0.2558505160746848,seq,0.2645764567581764,0.0235307548212414,0.21845702477950105,0.31069588873685183,1
752,2500,ccmar,0.2558505160746848,full,0.2600810124342991,0.009849526420315445,0.2407762953857051,0.2793857294828931,1
752,2500,ccmar,0.2558505160746848,cc,0.2720603907085736,0.0163210963796732,0.24007162961620704,0.3040491518009401,1
752,2500,ccmar,0.2558505160746848,cc_ccproj,0.27206039070857363,0.016321096379673196,0.2400716296162071,0.30404915180094017,1
752,2500,ccmar,0.2558505160746848,seq,0.27106032856226275,0.015748588668190445,0.24019366196527386,0.30192699515925164,1
753,2500,ccmar,0.2558505160746848,full,0.2486104148346451,0.009681706385664316,0.22963461900985158,0.2675862106594386,1
753,2500,ccmar,0.2558505160746848,cc,0.2436418116742865,0.01933731448011083,0.2057413717355444,0.2815422516130286,1
753,2500,ccmar,0.2558505160746848,cc_ccproj,0.24364181167428664,0.01933731448011083,0.20574137173554452,0.28154225161302876,1
753,2500,ccmar,0.2558505160746848,seq,0.24581373230256767,0.019147429751641767,0.2082854595928391,0.2833420050122962,1
754,2500,ccmar,0.2558505160746848,full,0.26223732868158495,0.012111410947343502,0.23849939942282755,0.28597525794034234,1
754,2500,ccmar,0.2558505160746848,cc,0.2726143113229068,0.037128663657806024,0.19984346775950582,0.34538515488630783,1
754,2500,ccmar,0.2558505160746848,cc_ccproj,0.272614311322907,0.037128663657806024,0.19984346775950598,0.34538515488630794,1
754,2500,ccmar,0.2558505160746848,seq,0.270036607535224,0.036672453756440355,0.1981599189478903,0.3419132961225577,1
755,2500,ccmar,0.2558505160746848,full,0.276819996526651,0.0115163433456584,0.254248378335563,0.299391614717739,1
755,2500,ccmar,0.2558505160746848,cc,0.25542399642136027,0.015151582639464353,0.2257274401392278,0.28512055270349274,1
755,2500,ccmar,0.2558505160746848,cc_ccproj,0.25542399642136027,0.015151582639464374,0.22572744013922777,0.2851205527034928,1
755,2500,ccmar,0.2558505160746848,seq,0.25746772793041717,0.014649479806550285,0.22875527511733182,0.28618018074350254,1
756,2500,ccmar,0.2558505160746848,full,0.2513020066581177,0.010221190420332829,0.23126884155513952,0.27133517176109584,1
756,2500,ccmar,0.2558505160746848,cc,0.24407173758798598,0.013050115187338472,0.21849398182670338,0.2696494933492686,1
756,2500,ccmar,0.2558505160746848,cc_ccproj,0.24407173758798612,0.013050115187338474,0.21849398182670351,0.2696494933492687,1
756,2500,ccmar,0.2558505160746848,seq,0.24012848082765959,0.012852474142993337,0.21493809439516035,0.2653188672601588,1
757,2500,ccmar,0.2558505160746848,full,0.251739217712277,0.00823731029274698,0.2355943862090118,0.26788404921554215,1
757,2500,ccmar,0.2558505160746848,cc,0.2453761520486464,0.012031227710116877,0.22179537904701702,0.2689569250502758,1
757,2500,ccmar,0.2558505160746848,cc_ccproj,0.2453761520486464,0.01203122771011688,0.22179537904701702,0.2689569250502758,1
757,2500,ccmar,0.2558505160746848,seq,0.24156693509521218,0.011650400510253244,0.21873256968964874,0.2644013005007756,1
758,2500,ccmar,0.2558505160746848,full,0.2505625154128838,0.008967072902218815,0.2329873754777899,0.26813765534797773,1
758,2500,ccmar,0.2558505160746848,cc,0.22866260991814288,0.014750712551289418,0.1997517445713127,0.2575734752649731,1
758,2500,ccmar,0.2558505160746848,cc_ccproj,0.22866260991814283,0.014750712551289423,0.19975174457131262,0.25757347526497304,1
758,2500,ccmar,0.2558505160746848,seq,0.22961123375100498,0.013947457512559866,0.20227471935048502,0.25694774815152494,1
759,2500,ccmar,0.2558505160746848,full,0.2632471794783209,0.01063546211748812,0.24240205676910406,0.28409230218753767,1
759,2500,ccmar,0.2558505160746848,cc,0.24529314695997637,0.014981870484394548,0.2159292203895194,0.27465707353043334,1
759,2500,ccmar,0.2558505160746848,cc_ccproj,0.24529314695997637,0.014981870484394548,0.2159292203895194,0.27465707353043334,1
759,2500,ccmar,0.2558505160746848,seq,0.24871423286751196,0.014477824778905942,0.22033821772637474,0.2770902480086492,1
760,2500,ccmar,0.2558505160746848,full,0.26574373510092325,0.009284139653185012,0.24754715575324043,0.28394031444860607,1
760,2500,ccmar,0.2558505160746848,cc,0.24502902591058556,0.011873805038607662,0.22175679567546433,0.2683012561457068,1
760,2500,ccmar,0.2558505160746848,cc_ccproj,0.24502902591058537,0.011873805038607662,0.22175679567546414,0.2683012561457066,1
760,2500,ccmar,0.2558505160746848,seq,0.2486072336668366,0.01151325910781923,0.22604166047083316,0.27117280686284007,1
761,2500,ccmar,0.2558505160746848,full,0.2557313498773836,0.010528518243022906,0.23509583331048578,0.27636686644428143,1
761,2500,ccmar,0.2558505160746848,cc,0.24932497737823384,0.01274548660883535,0.224344282659479,0.2743056720969887,1
761,2500,ccmar,0.2558505160746848,cc_ccproj,0.24932497737823398,0.012745486608835352,0.22434428265947914,0.2743056720969888,1
761,2500,ccmar,0.2558505160746848,seq,0.25270360513558165,0.01258941962235718,0.22802879608949972,0.2773784141816636,1
762,2500,ccmar,0.2558505160746848,full,0.2586943170112151,0.009073397178255144,0.24091078532440766,0.2764778486980225,1
762,2500,ccmar,0.2558505160746848,cc,0.24890005826528086,0.010977362480749741,0.22738482315777012,0.27041529337279163,1
762,2500,ccmar,0.2558505160746848,cc_ccproj,0.24890005826528058,0.010977362480749743,0.2273848231577698,0.27041529337279135,1
762,2500,ccmar,0.2558505160746848,seq,0.2413071173466546,0.011155149954309836,0.2194434251940637,0.26317080949924554,1
763,2500,ccmar,0.2558505160746848,full,0.254038135553264,0.009003378615679437,0.2363918377273542,0.27168443337917375,1
763,2500,ccmar,0.2558505160746848,cc,0.24992180648634021,0.018933236902840645,0.21281334404600788,0.28703026892667255,1
763,2500,ccmar,0.2558505160746848,cc_ccproj,0.24992180648634016,0.01893323690284065,0.21281334404600782,0.2870302689266725,1
763,2500,ccmar,0.2558505160746848,seq,0.25135962771542414,0.018716973303069893,0.21467503414180944,0.28804422128903884,1
764,2500,ccmar,0.2558505160746848,full,0.2589723750663453,0.011568256715775044,0.2362990085395126,0.281645741593178,1
764,2500,ccmar,0.2558505160746848,cc,0.27864031564127734,0.02192553779614659,0.23566705121915832,0.32161358006339635,1
764,2500,ccmar,0.2558505160746848,cc_ccproj,0.2786403156412774,0.021925537796146602,0.23566705121915835,0.32161358006339646,1
764,2500,ccmar,0.2558505160746848,seq,0.2741916662246433,0.021695756435170223,0.23166876499435657,0.31671456745493004,1
765,2500,ccmar,0.2558505160746848,full,0.24273797166019045,0.011119276793907354,0.22094458961000005,0.2645313537103809,1
765,2500,ccmar,0.2558505160746848,cc,0.2566554999737649,0.017646729274603895,0.22206854615061264,0.29124245379691716,1
765,2500,ccmar,0.2558505160746848,cc_ccproj,0.25665549997376513,0.01764672927460388,0.2220685461506129,0.2912424537969174,1
765,2500,ccmar,0.2558505160746848,seq,0.2541492152834195,0.01681836732507122,0.22118582104751466,0.2871126095193243,1
766,2500,ccmar,0.2558505160746848,full,0.26468578641070384,0.01326311506526945,0.2386905585599651,0.29068101426144255,1
766,2500,ccmar,0.2558505160746848,cc,0.2470812994517631,0.013286532731100404,0.2210401738193937,0.2731224250841325,1
766,2500,ccmar,0.2558505160746848,cc_ccproj,0.2470812994517631,0.0132865327311004,0.22104017381939373,0.2731224250841325,1
766,2500,ccmar,0.2558505160746848,seq,0.24099236095302767,0.01299632239567246,0.21552003712603834,0.266464684780017,1
767,2500,ccmar,0.2558505160746848,full,0.2613972978752567,0.008980185024649938,0.24379645865243685,0.27899813709807647,1
767,2500,ccmar,0.2558505160746848,cc,0.2639480625121993,0.015232679873172006,0.23409255857275402,0.2938035664516446,1
767,2500,ccmar,0.2558505160746848,cc_ccproj,0.2639480625121992,0.015232679873172015,0.2340925585727539,0.2938035664516445,1
767,2500,ccmar,0.2558505160746848,seq,0.2660395173413379,0.0152936565473925,0.2360645013165234,0.2960145333661524,1
768,2500,ccmar,0.2558505160746848,full,0.2553921124289174,0.009997892102353087,0.2357966039869879,0.2749876208708469,1
768,2500,ccmar,0.2558505160746848,cc,0.2534709888171781,0.01851507555015038,0.21718210756784523,0.289759870066511,1
768,2500,ccmar,0.2558505160746848,cc_ccproj,0.2534709888171783,0.01851507555015036,0.21718210756784545,0.2897598700665111,1
768,2500,ccmar,0.2558505160746848,seq,0.2520844681956489,0.0180799991661087,0.21664832098956163,0.2875206154017361,1
769,2500,ccmar,0.2558505160746848,full,0.25716495049524096,0.009918120705832333,0.23772579111748862,0.27660410987299333,1
769,2500,ccmar,0.2558505160746848,cc,0.2849605384075894,0.025398636892407116,0.23518012484206113,0.33474095197311765,1
769,2500,ccmar,0.2558505160746848,cc_ccproj,0.28496053840758945,0.025398636892407112,0.2351801248420612,0.3347409519731177,1
769,2500,ccmar,0.2558505160746848,seq,0.27907670347937147,0.02518805868767173,0.22970901561105367,0.32844439134768927,1
770,2500,ccmar,0.2558505160746848,full,0.24144433953161498,0.011367917585180772,0.21916363048544113,0.26372504857778883,1
770,2500,ccmar,0.2558505160746848,cc,0.2380067436746317,0.024707660017101868,0.18958061989885175,0.28643286745041163,1
770,2500,ccmar,0.2558505160746848,cc_ccproj,0.23800674367463154,0.024707660017101868,0.18958061989885158,0.2864328674504115,1
770,2500,ccmar,0.2558505160746848,seq,0.24153617881590148,0.022907268230869006,0.19663875809919967,0.2864335995326033,1
771,2500,ccmar,0.2558505160746848,full,0.27058344250666505,0.009608747883601368,0.2517506427182809,0.2894162422950492,1
771,2500,ccmar,0.2558505160746848,cc,0.24523805249811595,0.013440234414707247,0.21889567710151397,0.2715804278947179,1
771,2500,ccmar,0.2558505160746848,cc_ccproj,0.24523805249811603,0.013440234414707253,0.21889567710151403,0.27158042789471804,1
771,2500,ccmar,0.2558505160746848,seq,0.24363842954630874,0.012830380593939589,0.21849134567424552,0.268785513418372,1
772,2500,ccmar,0.2558505160746848,full,0.2541126949468248,0.00979037717008536,0.23492390829839432,0.2733014815952553,1
772,2500,ccmar,0.2558505160746848,cc,0.261988772344574,0.01970028061617171,0.22337693185154492,0.3006006128376031,1
772,2500,ccmar,0.2558505160746848,cc_ccproj,0.26198877234457413,0.01970028061617173,0.223376931851545,0.30060061283760325,1
772,2500,ccmar,0.2558505160746848,seq,0.2602425579229501,0.019475751116852673,0.2220707871620531,0.29841432868384704,1
773,2500,ccmar,0.2558505160746848,full,0.25562498746657986,0.00873933063513421,0.23849621417272926,0.27275376076043045,1
773,2500,ccmar,0.2558505160746848,cc,0.2531975943907239,0.013083213734974482,0.22755496666813418,0.27884022211331366,1
773,2500,ccmar,0.2558505160746848,cc_ccproj,0.2531975943907238,0.013083213734974498,0.22755496666813402,0.2788402221133136,1
773,2500,ccmar,0.2558505160746848,seq,0.24886477033043783,0.012550413675750702,0.2242664115348875,0.27346312912598814,1
774,2500,ccmar,0.2558505160746848,full,0.2497135296254999,0.010226349343967281,0.22967025321799922,0.26975680603300056,1
774,2500,ccmar,0.2558505160746848,cc,0.2535776829483261,0.01840990735304575,0.21749492757763733,0.2896604383190149,1
774,2500,ccmar,0.2558505160746848,cc_ccproj,0.2535776829483262,0.01840990735304576,0.21749492757763741,0.289660438319015,1
774,2500,ccmar,0.2558505160746848,seq,0.24910946015665503,0.017940912708036317,0.21394591739912688,0.28427300291418317,1
775,2500,ccmar,0.2558505160746848,full,0.25158667347054164,0.00971425686591679,0.23254707987677378,0.2706262670643095,1
775,2500,ccmar,0.2558505160746848,cc,0.25998057661022883,0.013166990484596994,0.23417374947563713,0.28578740374482053,1
775,2500,ccmar,0.2558505160746848,cc_ccproj,0.25998057661022894,0.013166990484596996,0.23417374947563724,0.28578740374482065,1
775,2500,ccmar,0.2558505160746848,seq,0.2593284521562334,0.01317539778096118,0.23350514702356054,0.28515175728890624,1
776,2500,ccmar,0.2558505160746848,full,0.23112575823162737,0.012483360110340869,0.20665882200931532,0.25559269445393945,0
776,2500,ccmar,0.2558505160746848,cc,0.21945160482415532,0.02978102959657316,0.1610818593923505,0.2778213502559601,1
776,2500,ccmar,0.2558505160746848,cc_ccproj,0.21945160482415557,0.029781029596573135,0.1610818593923508,0.27782135025596033,1
776,2500,ccmar,0.2558505160746848,seq,0.2214274889914509,0.02789493286154356,0.1667544252316627,0.2761005527512391,1
777,2500,ccmar,0.2558505160746848,full,0.25729142334042693,0.011097201819823162,0.2355413074444012,0.2790415392364527,1
777,2500,ccmar,0.2558505160746848,cc,0.24293047855967084,0.019249124775187237,0.2052028872663862,0.2806580698529555,1
777,2500,ccmar,0.2558505160746848,cc_ccproj,0.24293047855967093,0.019249124775187223,0.2052028872663863,0.28065806985295555,1
777,2500,ccmar,0.2558505160746848,seq,0.24435234538342182,0.018635553760701345,0.20782733118048724,0.2808773595863564,1
778,2500,ccmar,0.2558505160746848,full,0.2700802093686717,0.008960134060125476,0.25251866931417516,0.2876417494231683,1
778,2500,ccmar,0.2558505160746848,cc,0.281161070180209,0.013075785640618445,0.25553300125503087,0.3067891391053872,1
778,2500,ccmar,0.2558505160746848,cc_ccproj,0.28116107018020914,0.013075785640618454,0.255533001255031,0.3067891391053873,1
778,2500,ccmar,0.2558505160746848,seq,0.2740965893598668,0.012626495030491736,0.24934911384912903,0.29884406487060455,1
779,2500,ccmar,0.2558505160746848,full,0.25570318095450095,0.00949777534969003,0.23708788333585618,0.27431847857314573,1
779,2500,ccmar,0.2558505160746848,cc,0.2609307172674491,0.016142276863724304,0.2292924359860753,0.2925689985488229,1
779,2500,ccmar,0.2558505160746848,cc_ccproj,0.26093071726744893,0.01614227686372431,0.2292924359860751,0.2925689985488228,1
779,2500,ccmar,0.2558505160746848,seq,0.26401703471998117,0.015823461404575336,0.23300362025625393,0.2950304491837084,1
780,2500,ccmar,0.2558505160746848,full,0.2511009494251527,0.010268270617669247,0.23097550883101012,0.27122639001929527,1
780,2500,ccmar,0.2558505160746848,cc,0.24072642961893706,0.02205050624503516,0.1975082315377926,0.2839446277000815,1
780,2500,ccmar,0.2558505160746848,cc_ccproj,0.24072642961893706,0.02205050624503516,0.1975082315377926,0.2839446277000815,1
780,2500,ccmar,0.2558505160746848,seq,0.24535540887310708,0.02158409994099345,0.20305135035004682,0.2876594673961673,1
781,2500,ccmar,0.2558505160746848,full,0.2526482085713097,0.009231763754697113,0.2345542840983211,0.2707421330442983,1
781,2500,ccmar,0.2558505160746848,cc,0.2813243946683427,0.017863759758795016,0.24631206891262852,0.31633672042405686,1
781,2500,ccmar,0.2558505160746848,cc_ccproj,0.2813243946683427,0.017863759758795016,0.24631206891262852,0.31633672042405686,1
781,2500,ccmar,0.2558505160746848,seq,0.2814169103479311,0.01762109281700676,0.2468802030583604,0.3159536176375018,1
782,2500,ccmar,0.2558505160746848,full,0.2662908639003354,0.011878394261941386,0.24300963895276306,0.28957208884790775,1
782,2500,ccmar,0.2558505160746848,cc,0.2879434238933897,0.03455683794060169,0.22021326611022313,0.3556735816765563,1
782,2500,ccmar,0.2558505160746848,cc_ccproj,0.2879434238933897,0.03455683794060169,0.22021326611022313,0.3556735816765563,1
782,2500,ccmar,0.2558505160746848,seq,0.28328979953086,0.03495145546250966,0.2147862056170853,0.35179339344463467,1
783,2500,ccmar,0.2558505160746848,full,0.24250841871238113,0.011465716724666312,0.2200360268750966,0.26498081054966566,1
783,2500,ccmar,0.2558505160746848,cc,0.2254851836109929,0.012791407933775851,0.20041448474923232,0.25055588247275346,0
783,2500,ccmar,0.2558505160746848,cc_ccproj,0.22548518361099304,0.012791407933775832,0.2004144847492325,0.25055588247275357,0
783,2500,ccmar,0.2558505160746848,seq,0.2306404103185432,0.012112400314336908,0.20690054193611124,0.2543802787009752,0
784,2500,ccmar,0.2558505160746848,full,0.2664430805583873,0.010931868711117707,0.24501701160087627,0.28786914951589826,1
784,2500,ccmar,0.2558505160746848,cc,0.25748841893005636,0.026507140061247002,0.2055353790768534,0.30944145878325935,1
784,2500,ccmar,0.2558505160746848,cc_ccproj,0.2574884189300565,0.026507140061247023,0.20553537907685346,0.30944145878325946,1
784,2500,ccmar,0.2558505160746848,seq,0.2624159435165173,0.02562670218170632,0.2121885301978389,0.31264335683519573,1
785,2500,ccmar,0.2558505160746848,full,0.25250141216878697,0.009048195410750541,0.23476727503863531,0.2702355492989386,1
785,2500,ccmar,0.2558505160746848,cc,0.23956272209440976,0.01275124476646793,0.21457074159407777,0.2645547025947418,1
785,2500,ccmar,0.2558505160746848,cc_ccproj,0.23956272209440996,0.012751244766467931,0.21457074159407796,0.26455470259474195,1
785,2500,ccmar,0.2558505160746848,seq,0.24123302598251345,0.013071685062331147,0.2156129940430942,0.2668530579219327,1
786,2500,ccmar,0.2558505160746848,full,0.2504457360382998,0.01067726219910486,0.22951868667456332,0.27137278540203624,1
786,2500,ccmar,0.2558505160746848,cc,0.22987539972018375,0.013767023951582169,0.2028925286007824,0.2568582708395851,1
786,2500,ccmar,0.2558505160746848,cc_ccproj,0.2298753997201838,0.013767023951582167,0.20289252860078247,0.2568582708395852,1
786,2500,ccmar,0.2558505160746848,seq,0.23775928228488893,0.013679077068739866,0.21094878388841107,0.26456978068136683,1
787,2500,ccmar,0.2558505160746848,full,0.24811652348683794,0.01161711391701541,0.2253473986051887,0.27088564836848716,1
787,2500,ccmar,0.2558505160746848,cc,0.23396100239861908,0.013342590522795992,0.20781000551347348,0.26011199928376466,1
787,2500,ccmar,0.2558505160746848,cc_ccproj,0.23396100239861897,0.013342590522795994,0.20781000551347337,0.26011199928376455,1
787,2500,ccmar,0.2558505160746848,seq,0.23234235650381407,0.012925477906252685,0.20700888532459064,0.25767582768303754,1
788,2500,ccmar,0.2558505160746848,full,0.2613598892079811,0.011476618927568079,0.23886612944565697,0.28385364897030524,1
788,2500,ccmar,0.2558505160746848,cc,0.24290963176777977,0.015933526790233115,0.2116804931122188,0.2741387704233408,1
788,2500,ccmar,0.2558505160746848,cc_ccproj,0.2429096317677796,0.015933526790233132,0.21168049311221857,0.2741387704233406,1
788,2500,ccmar,0.2558505160746848,seq,0.2401951584985123,0.015689639825305433,0.20944402951050836,0.2709462874865163,1
789,2500,ccmar,0.2558505160746848,full,0.2514484061500141,0.01614204812325622,0.21981057319171957,0.2830862391083087,1
789,2500,ccmar,0.2558505160746848,cc,0.27831412315872295,0.03698427445331228,0.2058262772358861,0.3508019690815598,1
789,2500,ccmar,0.2558505160746848,cc_ccproj,0.278314123158723,0.03698427445331228,0.20582627723588615,0.35080196908155986,1
789,2500,ccmar,0.2558505160746848,seq,0.2806320214999203,0.036819804560274616,0.2084665306439784,0.35279751235586215,1
790,2500,ccmar,0.2558505160746848,full,0.24899719662751654,0.008706694445348795,0.23193238909023797,0.26606200416479514,1
790,2500,ccmar,0.2558505160746848,cc,0.25536909571785377,0.013295165543793128,0.22931105008352134,0.28142714135218616,1
790,2500,ccmar,0.2558505160746848,cc_ccproj,0.2553690957178537,0.013295165543793128,0.2293110500835213,0.2814271413521861,1
790,2500,ccmar,0.2558505160746848,seq,0.25829946466697606,0.01327341709125798,0.23228404521633203,0.2843148841176201,1
791,2500,ccmar,0.2558505160746848,full,0.254494534703349,0.009634890341366739,0.23561049663927736,0.2733785727674206,1
791,2500,ccmar,0.2558505160746848,cc,0.26384938549371845,0.014737000781291506,0.23496539472224845,0.2927333762651884,1
791,2500,ccmar,0.2558505160746848,cc_ccproj,0.2638493854937184,0.01473700078129151,0.2349653947222484,0.2927333762651884,1
791,2500,ccmar,0.2558505160746848,seq,0.26336236775119976,0.014447993030066752,0.2350448217633832,0.2916799137390163,1
792,2500,ccmar,0.2558505160746848,full,0.25937905747651646,0.010642144008573495,0.2385208385014237,0.28023727645160923,1
792,2500,ccmar,0.2558505160746848,cc,0.24559998026376606,0.01924128027251279,0.20788776391319996,0.28331219661433216,1
792,2500,ccmar,0.2558505160746848,cc_ccproj,0.24559998026376614,0.019241280272512797,0.20788776391320002,0.28331219661433227,1
792,2500,ccmar,0.2558505160746848,seq,0.24301351690655157,0.019285715035412175,0.2052142100210411,0.28081282379206207,1
793,2500,ccmar,0.2558505160746848,full,0.230943241141582,0.010816420253784702,0.20974344700251438,0.2521430352806496,0
793,2500,ccmar,0.2558505160746848,cc,0.2360392765117722,0.017759475201821834,0.2012313447318692,0.2708472082916752,1
793,2500,ccmar,0.2558505160746848,cc_ccproj,0.23603927651177228,0.017759475201821848,0.20123134473186927,0.2708472082916753,1
793,2500,ccmar,0.2558505160746848,seq,0.23116187308063235,0.01754581568043991,0.196772706267592,0.26555103989367274,1
794,2500,ccmar,0.2558505160746848,full,0.2649739676652074,0.010328316703621436,0.24473083890518596,0.2852170964252289,1
794,2500,ccmar,0.2558505160746848,cc,0.26546539236213085,0.01656727472614484,0.23299413057690627,0.29793665414735543,1
794,2500,ccmar,0.2558505160746848,cc_ccproj,0.2654653923621308,0.016567274726144852,0.2329941305769062,0.2979366541473554,1
794,2500,ccmar,0.2558505160746848,seq,0.2639005542871099,0.0161481908770495,0.23225068175261462,0.2955504268216052,1
795,2500,ccmar,0.2558505160746848,full,0.2785996365043528,0.009427927847000313,0.26012123747538995,0.2970780355333157,0
795,2500,ccmar,0.2558505160746848,cc,0.2962024382187586,0.01850776629895491,0.2599278828385228,0.33247699359899435,0
795,2500,ccmar,0.2558505160746848,cc_ccproj,0.29620243821875875,0.018507766298954915,0.259927882838523,0.3324769935989945,0
795,2500,ccmar,0.2558505160746848,seq,0.29748052978269623,0.01829170780664449,0.2616294412659429,0.3333316182994496,0
796,2500,ccmar,0.2558505160746848,full,0.25990076629967274,0.0091509348514821,0.24196526356589543,0.27783626903345005,1
796,2500,ccmar,0.2558505160746848,cc,0.26893942734225446,0.01316607695141526,0.24313439069979764,0.29474446398471127,1
796,2500,ccmar,0.2558505160746848,cc_ccproj,0.26893942734225446,0.013166076951415261,0.24313439069979764,0.29474446398471127,1
796,2500,ccmar,0.2558505160746848,seq,0.2719200746244929,0.012934627088070473,0.2465686713784186,0.29727147787056724,1
797,2500,ccmar,0.2558505160746848,full,0.2428794717590923,0.008899266032644732,0.225437230846268,0.2603217126719166,1
797,2500,ccmar,0.2558505160746848,cc,0.26206339663025113,0.015299046835815955,0.2320778158342604,0.29204897742624186,1
797,2500,ccmar,0.2558505160746848,cc_ccproj,0.262063396630251,0.01529904683581596,0.23207781583426026,0.29204897742624175,1
797,2500,ccmar,0.2558505160746848,seq,0.2543055048148842,0.0151151723111362,0.22468031146494016,0.2839306981648282,1
798,2500,ccmar,0.2558505160746848,full,0.2647732612524326,0.010519748537355246,0.24415493299279842,0.2853915895120668,1
798,2500,ccmar,0.2558505160746848,cc,0.2642425598952089,0.01724796312494907,0.23043717336363378,0.298047946426784,1
798,2500,ccmar,0.2558505160746848,cc_ccproj,0.2642425598952086,0.017247963124949073,0.2304371733636335,0.2980479464267837,1
798,2500,ccmar,0.2558505160746848,seq,0.2694163097478513,0.016627946535844554,0.23682613340073844,0.30200648609496417,1
799,2500,ccmar,0.2558505160746848,full,0.23562813887315406,0.009001502009009631,0.21798551912873024,0.25327075861757786,0
799,2500,ccmar,0.2558505160746848,cc,0.2343765711817096,0.014725337816604362,0.20551543940097938,0.2632377029624398,1
799,2500,ccmar,0.2558505160746848,cc_ccproj,0.23437657118170965,0.014725337816604359,0.20551543940097944,0.26323770296243987,1
799,2500,ccmar,0.2558505160746848,seq,0.2355576323374426,0.014046063579606534,0.20802785359685402,0.26308741107803113,1
800,2500,ccmar,0.2558505160746848,full,0.2636831335448007,0.011178962898473234,0.24177276887928367,0.28559349821031776,1
800,2500,ccmar,0.2558505160746848,cc,0.25460745699332926,0.012432401312499307,0.2302403981794821,0.2789745158071764,1
800,2500,ccmar,0.2558505160746848,cc_ccproj,0.2546074569933291,0.012432401312499319,0.23024039817948194,0.27897451580717625,1
800,2500,ccmar,0.2558505160746848,seq,0.25438043196708154,0.012279877925288563,0.23031231349896752,0.27844855043519556,1
801,2500,ccmar,0.2558505160746848,full,0.2633603477847818,0.009237120774825297,0.2452559237452775,0.2814647718242861,1
801,2500,ccmar,0.2558505160746848,cc,0.25290115474870506,0.013115853175123773,0.22719455489894716,0.278607754598463,1
801,2500,ccmar,0.2558505160746848,cc_ccproj,0.252901154748705,0.013115853175123785,0.22719455489894708,0.27860775459846293,1
801,2500,ccmar,0.2558505160746848,seq,0.25431972689126797,0.012794248919633188,0.2292434597995464,0.27939599398298953,1
802,2500,ccmar,0.2558505160746848,full,0.26274432919376106,0.009817916298898883,0.24350156684469046,0.28198709154283164,1
802,2500,ccmar,0.2558505160746848,cc,0.24418364284590008,0.012817849829262764,0.2190611188213022,0.26930616687049796,1
802,2500,ccmar,0.2558505160746848,cc_ccproj,0.24418364284589994,0.012817849829262767,0.21906111882130203,0.26930616687049785,1
802,2500,ccmar,0.2558505160746848,seq,0.2366556241881244,0.012719420883755616,0.21172601735175678,0.26158523102449205,1
803,2500,ccmar,0.2558505160746848,full,0.2383594977292134,0.010209490857764689,0.21834926334750365,0.2583697321109231,1
803,2500,ccmar,0.2558505160746848,cc,0.23465385146483467,0.012505806258362694,0.21014292160080816,0.25916478132886117,1
803,2500,ccmar,0.2558505160746848,cc_ccproj,0.23465385146483458,0.012505806258362697,0.21014292160080808,0.25916478132886106,1
803,2500,ccmar,0.2558505160746848,seq,0.23853613684632677,0.012322175764674466,0.21438511613639252,0.26268715755626104,1
804,2500,ccmar,0.2558505160746848,full,0.25644218042296296,0.01198357443735517,0.232954806119692,0.27992955472623393,1
804,2500,ccmar,0.2558505160746848,cc,0.29332391060248464,0.03859914916381226,0.21767096840752326,0.368976852797446,1
804,2500,ccmar,0.2558505160746848,cc_ccproj,0.2933239106024845,0.038599149163812255,0.21767096840752315,0.3689768527974459,1
804,2500,ccmar,0.2558505160746848,seq,0.2969916296302212,0.03850381548508395,0.22152553801208102,0.37245772124836135,1
805,2500,ccmar,0.2558505160746848,full,0.2629614015288851,0.009171446470186535,0.24498569676118248,0.2809371062965877,1
805,2500,ccmar,0.2558505160746848,cc,0.27011450372318807,0.01378758706963213,0.24309132963299895,0.2971376778133772,1
805,2500,ccmar,0.2558505160746848,cc_ccproj,0.27011450372318796,0.01378758706963213,0.24309132963299884,0.2971376778133771,1
805,2500,ccmar,0.2558505160746848,seq,0.2708073833234941,0.01351792686905662,0.2443127335144968,0.2973020331324914,1
806,2500,ccmar,0.2558505160746848,full,0.24403025694256283,0.011294255312794835,0.2218939232972848,0.26616659058784087,1
806,2500,ccmar,0.2558505160746848,cc,0.23806556636680742,0.01240056211695435,0.21376091122952512,0.26237022150408973,1
806,2500,ccmar,0.2558505160746848,cc_ccproj,0.23806556636680742,0.012400562116954355,0.21376091122952512,0.26237022150408973,1
806,2500,ccmar,0.2558505160746848,seq,0.23828167596596742,0.01241072737824383,0.2139570972826643,0.2626062546492705,1
807,2500,ccmar,0.2558505160746848,full,0.2505960272329327,0.010784591498953715,0.22945861630700662,0.27173343815885886,1
807,2500,ccmar,0.2558505160746848,cc,0.24179489085488667,0.013131377464642663,0.21605786395678617,0.2675319177529872,1
807,2500,ccmar,0.2558505160746848,cc_ccproj,0.24179489085488648,0.013131377464642664,0.21605786395678597,0.267531917752987,1
807,2500,ccmar,0.2558505160746848,seq,0.24895660713417692,0.012636103409275203,0.22419029954707373,0.27372291472128013,1
808,2500,ccmar,0.2558505160746848,full,0.25520823956424743,0.008732911648509612,0.2380920472529983,0.2723244318754966,1
808,2500,ccmar,0.2558505160746848,cc,0.23904515320374375,0.016317147432409276,0.20706413190579137,0.27102617450169614,1
808,2500,ccmar,0.2558505160746848,cc_ccproj,0.23904515320374403,0.01631714743240928,0.20706413190579162,0.2710261745016964,1
808,2500,ccmar,0.2558505160746848,seq,0.2378865635048045,0.015825981933086763,0.20686820889597285,0.26890491811363615,1
809,2500,ccmar,0.2558505160746848,full,0.2586465615333112,0.009273121395048546,0.24047157757474824,0.2768215454918742,1
809,2500,ccmar,0.2558505160746848,cc,0.26628966462984954,0.017879406285891318,0.2312466722445435,0.3013326570151556,1
809,2500,ccmar,0.2558505160746848,cc_ccproj,0.26628966462984965,0.017879406285891318,0.23124667224454362,0.3013326570151557,1
809,2500,ccmar,0.2558505160746848,seq,0.26473586645173536,0.01758301626884457,0.23027378782521815,0.29919794507825254,1
810,2500,ccmar,0.2558505160746848,full,0.25359828327804307,0.009803951248276835,0.23438289192523395,0.27281367463085215,1
810,2500,ccmar,0.2558505160746848,cc,0.2791822415661464,0.018842894852509447,0.24225084629075272,0.3161136368415401,1
810,2500,ccmar,0.2558505160746848,cc_ccproj,0.2791822415661466,0.018842894852509454,0.2422508462907529,0.3161136368415403,1
810,2500,ccmar,0.2558505160746848,seq,0.2801124541080511,0.01854143589288339,0.24377190753634137,0.3164530006797608,1
811,2500,ccmar,0.2558505160746848,full,0.25343367380189813,0.009337372031533776,0.23513276090984034,0.27173458669395595,1
811,2500,ccmar,0.2558505160746848,cc,0.23785185771084297,0.016170899101519854,0.20615747787423294,0.269546237547453,1
811,2500,ccmar,0.2558505160746848,cc_ccproj,0.23785185771084316,0.016170899101519868,0.2061574778742331,0.2695462375474532,1
811,2500,ccmar,0.2558505160746848,seq,0.23075864681956332,0.015757032402045665,0.19987543080832315,0.2616418628308035,1
812,2500,ccmar,0.2558505160746848,full,0.271301602415243,0.013296144214605666,0.24524163862136528,0.2973615662091207,1
812,2500,ccmar,0.2558505160746848,cc,0.25766934442618006,0.015118882249085365,0.2280368797314708,0.2873018091208893,1
812,2500,ccmar,0.2558505160746848,cc_ccproj,0.25766934442617984,0.015118882249085398,0.22803687973147052,0.28730180912088915,1
812,2500,ccmar,0.2558505160746848,seq,0.2568545373661066,0.01495741271434993,0.22753854714407923,0.28617052758813394,1
813,2500,ccmar,0.2558505160746848,full,0.24844224680172974,0.010559426457300236,0.22774615124802192,0.2691383423554376,1
813,2500,ccmar,0.2558505160746848,cc,0.2711669917039356,0.02267707809644429,0.22672073536030268,0.3156132480475685,1
813,2500,ccmar,0.2558505160746848,cc_ccproj,0.2711669917039356,0.02267707809644429,0.22672073536030268,0.3156132480475685,1
813,2500,ccmar,0.2558505160746848,seq,0.2781484562580378,0.022498174974237225,0.23405284359065248,0.3222440689254231,1
814,2500,ccmar,0.2558505160746848,full,0.2538517503851156,0.015466575423965654,0.2235378195899706,0.2841656811802606,1
814,2500,ccmar,0.2558505160746848,cc,0.3064852167859398,0.0419638560785713,0.22423757021951785,0.3887328633523618,1
814,2500,ccmar,0.2558505160746848,cc_ccproj,0.3064852167859396,0.0419638560785713,0.22423757021951762,0.38873286335236157,1
814,2500,ccmar,0.2558505160746848,seq,0.3113613356384585,0.04201698865650738,0.22900955113287608,0.393713120144041,1
815,2500,ccmar,0.2558505160746848,full,0.2460677898184771,0.009206482352107208,0.22802341598404335,0.26411216365291085,1
815,2500,ccmar,0.2558505160746848,cc,0.23981133576612018,0.014231144124481903,0.21191880582333686,0.26770386570890353,1
815,2500,ccmar,0.2558505160746848,cc_ccproj,0.2398113357661203,0.014231144124481912,0.21191880582333694,0.26770386570890364,1
815,2500,ccmar,0.2558505160746848,seq,0.24398366220044382,0.013950963056487707,0.21664027706007907,0.27132704734080854,1
816,2500,ccmar,0.2558505160746848,full,0.2450769420345094,0.009237737031474607,0.22697131015416722,0.26318257391485156,1
816,2500,ccmar,0.2558505160746848,cc,0.2510831695581205,0.01745425212369216,0.2168734640186021,0.2852928750976389,1
816,2500,ccmar,0.2558505160746848,cc_ccproj,0.25108316955812043,0.017454252123692164,0.21687346401860202,0.28529287509763884,1
816,2500,ccmar,0.2558505160746848,seq,0.2512190523703751,0.01722247029668827,0.21746363086405524,0.284974473876695,1
817,2500,ccmar,0.2558505160746848,full,0.26147624545099724,0.009712361393754138,0.24244036691440188,0.28051212398759257,1
817,2500,ccmar,0.2558505160746848,cc,0.264247231286129,0.017175898270540047,0.23058308927374668,0.29791137329851125,1
817,2500,ccmar,0.2558505160746848,cc_ccproj,0.26424723128612887,0.017175898270540068,0.23058308927374654,0.2979113732985112,1
817,2500,ccmar,0.2558505160746848,seq,0.2658085254777093,0.016540491139749522,0.23338975855719635,0.2982272923982222,1
818,2500,ccmar,0.2558505160746848,full,0.2634720958949427,0.011415318026961491,0.24109848369002734,0.28584570809985804,1
818,2500,ccmar,0.2558505160746848,cc,0.24500352622546165,0.02475186448597073,0.196490763282743,0.2935162891681803,1
818,2500,ccmar,0.2558505160746848,cc_ccproj,0.2450035262254617,0.024751864485970707,0.1964907632827431,0.2935162891681803,1
818,2500,ccmar,0.2558505160746848,seq,0.2392818262054202,0.0230171814469307,0.19416897954381251,0.2843946728670279,1
819,2500,ccmar,0.2558505160746848,full,0.2674439121597535,0.009969097207272994,0.2479048406751196,0.2869829836443874,1
819,2500,ccmar,0.2558505160746848,cc,0.25809930205324394,0.01363075415883649,0.23138351481980485,0.28481508928668303,1
819,2500,ccmar,0.2558505160746848,cc_ccproj,0.25809930205324394,0.013630754158836496,0.23138351481980485,0.28481508928668303,1
819,2500,ccmar,0.2558505160746848,seq,0.2584129203801348,0.012924639537764128,0.2330810923729547,0.2837447483873149,1
820,2500,ccmar,0.2558505160746848,full,0.2405045050890169,0.009692879696235385,0.22150680997791602,0.2595022002001178,1
820,2500,ccmar,0.2558505160746848,cc,0.25889045418291584,0.013703011541629027,0.23203304508158626,0.2857478632842454,1
820,2500,ccmar,0.2558505160746848,cc_ccproj,0.2588904541829159,0.013703011541629027,0.23203304508158631,0.28574786328424545,1
820,2500,ccmar,0.2558505160746848,seq,0.2588985177686092,0.013195909129712547,0.23303501113110936,0.2847620244061091,1
821,2500,ccmar,0.2558505160746848,full,0.27559738156412594,0.010251355514157035,0.25550509396366206,0.29568966916458983,1
821,2500,ccmar,0.2558505160746848,cc,0.27265604530713883,0.01623094900729946,0.24084396981792575,0.30446812079635194,1
821,2500,ccmar,0.2558505160746848,cc_ccproj,0.27265604530713883,0.016230949007299475,0.24084396981792572,0.30446812079635194,1
821,2500,ccmar,0.2558505160746848,seq,0.26951470170144537,0.015921502176708267,0.2383091308553211,0.30072027254756967,1
822,2500,ccmar,0.2558505160746848,full,0.2678403367385323,0.009468548220099125,0.24928232324125718,0.2863983502358074,1
822,2500,ccmar,0.2558505160746848,cc,0.29300087219453946,0.02143844273558869,0.2509822965481613,0.33501944784091764,1
822,2500,ccmar,0.2558505160746848,cc_ccproj,0.29300087219453946,0.021438442735588693,0.2509822965481613,0.33501944784091764,1
822,2500,ccmar,0.2558505160746848,seq,0.2809942255237306,0.02140526004569573,0.23904068675445278,0.3229477642930084,1
823,2500,ccmar,0.2558505160746848,full,0.2583104693796876,0.009388014882574203,0.23991029832351612,0.2767106404358591,1
823,2500,ccmar,0.2558505160746848,cc,0.24682240210926465,0.015053288637890573,0.21731849853011312,0.2763263056884162,1
823,2500,ccmar,0.2558505160746848,cc_ccproj,0.24682240210926484,0.01505328863789057,0.2173184985301133,0.2763263056884164,1
823,2500,ccmar,0.2558505160746848,seq,0.25522538460786326,0.015086064133877348,0.2256572422370022,0.2847935269787243,1
824,2500,ccmar,0.2558505160746848,full,0.25262677434108377,0.011232759819052062,0.23061096964875308,0.2746425790334145,1
824,2500,ccmar,0.2558505160746848,cc,0.25704957400400097,0.013054079678537424,0.23146404798275141,0.28263510002525055,1
824,2500,ccmar,0.2558505160746848,cc_ccproj,0.2570495740040011,0.013054079678537429,0.2314640479827515,0.28263510002525066,1
824,2500,ccmar,0.2558505160746848,seq,0.2570132931044439,0.01239599197111248,0.23271759528841574,0.281308990920472,1
825,2500,ccmar,0.2558505160746848,full,0.2507697505582234,0.010256364531997443,0.23066764546319443,0.27087185565325245,1
825,2500,ccmar,0.2558505160746848,cc,0.24055724753900448,0.021321319626716417,0.19876822896777332,0.28234626611023567,1
825,2500,ccmar,0.2558505160746848,cc_ccproj,0.24055724753900481,0.0213213196267164,0.19876822896777369,0.28234626611023594,1
825,2500,ccmar,0.2558505160746848,seq,0.23802531124539236,0.020230889383210604,0.19837349667908583,0.2776771258116989,1
826,2500,ccmar,0.2558505160746848,full,0.2813759220285859,0.009434344753313702,0.26288494609435664,0.2998668979628152,0
826,2500,ccmar,0.2558505160746848,cc,0.29026073057873686,0.017067416816877602,0.2568092083085235,0.3237122528489502,0
826,2500,ccmar,0.2558505160746848,cc_ccproj,0.2902607305787372,0.017067416816877602,0.25680920830852383,0.32371225284895055,0
826,2500,ccmar,0.2558505160746848,seq,0.2953432059429903,0.016703969540387494,0.2626040272449767,0.32808238464100387,0
827,2500,ccmar,0.2558505160746848,full,0.24832529250806692,0.009554546140734083,0.22959872618360194,0.2670518588325319,1
827,2500,ccmar,0.2558505160746848,cc,0.23784050740462495,0.014132517953975266,0.21014128120396774,0.26553973360528216,1
827,2500,ccmar,0.2558505160746848,cc_ccproj,0.23784050740462498,0.014132517953975264,0.21014128120396777,0.2655397336052822,1
827,2500,ccmar,0.2558505160746848,seq,0.23946956677896497,0.013322513978148813,0.21335791919826186,0.2655812143596681,1
828,2500,ccmar,0.2558505160746848,full,0.2691047026624691,0.009771738210288693,0.2499524477039494,0.28825695762098885,1
828,2500,ccmar,0.2558505160746848,cc,0.2570627394198402,0.011653618634698269,0.23422206660626677,0.27990341223341364,1
828,2500,ccmar,0.2558505160746848,cc_ccproj,0.2570627394198403,0.01165361863469827,0.23422206660626688,0.27990341223341375,1
828,2500,ccmar,0.2558505160746848,seq,0.26000582215373613,0.011415047913280948,0.23763273936190638,0.2823789049455659,1
829,2500,ccmar,0.2558505160746848,full,0.2536495275372937,0.009665314747558575,0.23470585873283503,0.27259319634175233,1
829,2500,ccmar,0.2558505160746848,cc,0.26609879892795735,0.020876221688208824,0.22518215628579408,0.3070154415701206,1
829,2500,ccmar,0.2558505160746848,cc_ccproj,0.26609879892795746,0.020876221688208813,0.22518215628579422,0.30701544157012073,1
829,2500,ccmar,0.2558505160746848,seq,0.2686483587279256,0.02041549541225665,0.22863472299335985,0.3086619944624913,1
830,2500,ccmar,0.2558505160746848,full,0.23563046854015934,0.009930668207948272,0.2161667165101638,0.25509422057015485,0
830,2500,ccmar,0.2558505160746848,cc,0.23740420379562682,0.02191545588089097,0.194450699564304,0.28035770802694965,1
830,2500,ccmar,0.2558505160746848,cc_ccproj,0.23740420379562696,0.02191545588089099,0.1944506995643041,0.2803577080269498,1
830,2500,ccmar,0.2558505160746848,seq,0.2410230238013946,0.021424657240395783,0.19903146722910356,0.28301458037368565,1
831,2500,ccmar,0.2558505160746848,full,0.24166722859169823,0.013038747784291989,0.2161117525309845,0.26722270465241194,1
831,2500,ccmar,0.2558505160746848,cc,0.240255834739687,0.01753598749303807,0.20588593081998757,0.27462573865938644,1
831,2500,ccmar,0.2558505160746848,cc_ccproj,0.2402558347396869,0.01753598749303808,0.20588593081998743,0.27462573865938633,1
831,2500,ccmar,0.2558505160746848,seq,0.24396808748530702,0.017478519653104607,0.20971081846214645,0.2782253565084676,1
832,2500,ccmar,0.2558505160746848,full,0.2551359202788421,0.012848375339939856,0.2299535673527074,0.28031827320497676,1
832,2500,ccmar,0.2558505160746848,cc,0.25217839818614246,0.01295266208747489,0.22679164699077428,0.27756514938151067,1
832,2500,ccmar,0.2558505160746848,cc_ccproj,0.2521783981861423,0.012952662087474903,0.2267916469907741,0.2775651493815105,1
832,2500,ccmar,0.2558505160746848,seq,0.24753963575931284,0.01258116547265989,0.2228810045493606,0.2721982669692651,1
833,2500,ccmar,0.2558505160746848,full,0.2571729871923466,0.01426187141788973,0.22922023286114154,0.2851257415235517,1
833,2500,ccmar,0.2558505160746848,cc,0.20981889244120258,0.032115592568886416,0.14687348766402303,0.27276429721838213,1
833,2500,ccmar,0.2558505160746848,cc_ccproj,0.20981889244120247,0.032115592568886416,0.14687348766402292,0.272764297218382,1
833,2500,ccmar,0.2558505160746848,seq,0.21338966837815723,0.031703963916993094,0.15125104093369335,0.2755282958226211,1
834,2500,ccmar,0.2558505160746848,full,0.26124501619789664,0.011604833968777699,0.23849995957252534,0.28399007282326794,1
834,2500,ccmar,0.2558505160746848,cc,0.24776631493515247,0.01329918944097585,0.22170038260726443,0.2738322472630405,1
834,2500,ccmar,0.2558505160746848,cc_ccproj,0.24776631493515242,0.013299189440975858,0.22170038260726435,0.27383224726304045,1
834,2500,ccmar,0.2558505160746848,seq,0.24919104317221455,0.012972582402767325,0.22376524887631252,0.2746168374681166,1
835,2500,ccmar,0.2558505160746848,full,0.2379416603852408,0.013654841005796241,0.21117866379925948,0.26470465697122214,1
835,2500,ccmar,0.2558505160746848,cc,0.2355835318920387,0.017056156626357778,0.20215407918970327,0.26901298459437417,1
835,2500,ccmar,0.2558505160746848,cc_ccproj,0.23558353189203862,0.017056156626357778,0.20215407918970318,0.26901298459437406,1
835,2500,ccmar,0.2558505160746848,seq,0.232302465765745,0.016636592272702744,0.19969534408577028,0.26490958744571974,1
836,2500,ccmar,0.2558505160746848,full,0.27068154123470267,0.010614727740274766,0.2498770571580659,0.29148602531133944,1
836,2500,ccmar,0.2558505160746848,cc,0.3071853052447751,0.022036886881656795,0.2639938006253446,0.3503768098642056,0
836,2500,ccmar,0.2558505160746848,cc_ccproj,0.3071853052447752,0.02203688688165681,0.2639938006253447,0.3503768098642057,0
836,2500,ccmar,0.2558505160746848,seq,0.30208008858025565,0.022009887189993426,0.25894150238407904,0.34521867477643225,0
837,2500,ccmar,0.2558505160746848,full,0.2562569037996207,0.010449449342139627,0.23577635943075126,0.2767374481684901,1
837,2500,ccmar,0.2558505160746848,cc,0.23882455658766807,0.013895856173789033,0.21158917895269302,0.2660599342226431,1
837,2500,ccmar,0.2558505160746848,cc_ccproj,0.23882455658766816,0.013895856173789049,0.21158917895269305,0.26605993422264324,1
837,2500,ccmar,0.2558505160746848,seq,0.24194617873897722,0.013599561083272642,0.21529152881021033,0.26860082866774415,1
838,2500,ccmar,0.2558505160746848,full,0.25630271601061966,0.009235556768853586,0.2382013573664915,0.2744040746547478,1
838,2500,ccmar,0.2558505160746848,cc,0.2532965024510162,0.01409810570976901,0.22566472300963045,0.28092828189240193,1
838,2500,ccmar,0.2558505160746848,cc_ccproj,0.2532965024510161,0.014098105709769016,0.22566472300963034,0.2809282818924019,1
838,2500,ccmar,0.2558505160746848,seq,0.25483275825862084,0.013677588538851933,0.22802517732711322,0.28164033919012843,1
839,2500,ccmar,0.2558505160746848,full,0.25204052300913893,0.013039080595785887,0.2264843946498835,0.27759665136839434,1
839,2500,ccmar,0.2558505160746848,cc,0.2477527880233417,0.036975309422089174,0.17528251323882238,0.320223062807861,1
839,2500,ccmar,0.2558505160746848,cc_ccproj,0.2477527880233415,0.03697530942208918,0.17528251323882219,0.32022306280786084,1
839,2500,ccmar,0.2558505160746848,seq,0.2455693298605368,0.035199529908082255,0.1765795189679551,0.3145591407531185,1
840,2500,ccmar,0.2558505160746848,full,0.2635260799431023,0.009506872047683327,0.2448929531240124,0.28215920676219214,1
840,2500,ccmar,0.2558505160746848,cc,0.2613340545788638,0.01816963905220625,0.22572221642444704,0.29694589273328054,1
840,2500,ccmar,0.2558505160746848,cc_ccproj,0.26133405457886383,0.01816963905220625,0.2257222164244471,0.29694589273328054,1
840,2500,ccmar,0.2558505160746848,seq,0.2608312456903494,0.01779015265745759,0.22596318720226297,0.29569930417843576,1
841,2500,ccmar,0.2558505160746848,full,0.2577948163460372,0.009975463223431881,0.23824326769900686,0.27734636499306753,1
841,2500,ccmar,0.2558505160746848,cc,0.24983015762455307,0.013658049630783896,0.22306087224915605,0.2765994429999501,1
841,2500,ccmar,0.2558505160746848,cc_ccproj,0.24983015762455288,0.013658049630783901,0.22306087224915586,0.27659944299994993,1
841,2500,ccmar,0.2558505160746848,seq,0.2481791377214835,0.0131268695192674,0.22245094623396278,0.27390732920900424,1
842,2500,ccmar,0.2558505160746848,full,0.23919892124397046,0.012119462178491781,0.21544521186213123,0.2629526306258097,1
842,2500,ccmar,0.2558505160746848,cc,0.24239305205276124,0.01616432318493696,0.210711560775819,0.27407454332970344,1
842,2500,ccmar,0.2558505160746848,cc_ccproj,0.24239305205276132,0.016164323184936956,0.2107115607758191,0.27407454332970355,1
842,2500,ccmar,0.2558505160746848,seq,0.24358698735056458,0.015674348437781014,0.21286582893138215,0.27430814576974705,1
843,2500,ccmar,0.2558505160746848,full,0.25965020719165705,0.010116243037477733,0.2398227351793466,0.2794776792039675,1
843,2500,ccmar,0.2558505160746848,cc,0.23496349184713317,0.012592955577098941,0.21028175245710642,0.2596452312371599,1
843,2500,ccmar,0.2558505160746848,cc_ccproj,0.23496349184713336,0.012592955577098932,0.21028175245710665,0.2596452312371601,1
843,2500,ccmar,0.2558505160746848,seq,0.23978334251244957,0.011816461383805644,0.21662350377548217,0.26294318124941696,1
844,2500,ccmar,0.2558505160746848,full,0.2589400907729342,0.011027243692701338,0.23732709028649307,0.2805530912593753,1
844,2500,ccmar,0.2558505160746848,cc,0.23369070486833812,0.025656416533538923,0.18340505249024386,0.2839763572464324,1
844,2500,ccmar,0.2558505160746848,cc_ccproj,0.23369070486833826,0.025656416533538895,0.18340505249024405,0.2839763572464325,1
844,2500,ccmar,0.2558505160746848,seq,0.24149706594165865,0.024568139535105886,0.1933443972856965,0.28964973459762083,1
845,2500,ccmar,0.2558505160746848,full,0.24290671093388969,0.009851024106866705,0.2235990584735951,0.2622143633941843,1
845,2500,ccmar,0.2558505160746848,cc,0.25156963305469626,0.014001089396589643,0.22412800209305492,0.2790112640163376,1
845,2500,ccmar,0.2558505160746848,cc_ccproj,0.2515696330546961,0.014001089396589634,0.22412800209305478,0.2790112640163374,1
845,2500,ccmar,0.2558505160746848,seq,0.2530072850025549,0.013413623815271098,0.22671706542245482,0.279297504582655,1
846,2500,ccmar,0.2558505160746848,full,0.2380356435845847,0.01063956244279165,0.21718248438544807,0.25888880278372134,1
846,2500,ccmar,0.2558505160746848,cc,0.24971723738104273,0.017460365260012406,0.21549555031450407,0.2839389244475814,1
846,2500,ccmar,0.2558505160746848,cc_ccproj,0.24971723738104273,0.01746036526001241,0.21549555031450407,0.2839389244475814,1
846,2500,ccmar,0.2558505160746848,seq,0.24865423670720166,0.017465238901698647,0.21442299747848442,0.2828854759359189,1
847,2500,ccmar,0.2558505160746848,full,0.2571661407370656,0.010668931849480033,0.23625541855857243,0.2780768629155588,1
847,2500,ccmar,0.2558505160746848,cc,0.24491829028060882,0.01931664636044221,0.20705835911204537,0.28277822144917225,1
847,2500,ccmar,0.2558505160746848,cc_ccproj,0.24491829028060874,0.019316646360442186,0.20705835911204534,0.28277822144917214,1
847,2500,ccmar,0.2558505160746848,seq,0.24669377665476785,0.018189058399777157,0.21104387727850887,0.28234367603102684,1
848,2500,ccmar,0.2558505160746848,full,0.26792501325029117,0.012420984610650256,0.2435803307608904,0.2922696957396919,1
848,2500,ccmar,0.2558505160746848,cc,0.30982151217423953,0.03962211071350465,0.23216360218431178,0.3874794221641673,1
848,2500,ccmar,0.2558505160746848,cc_ccproj,0.3098215121742398,0.03962211071350465,0.23216360218431206,0.38747942216416753,1
848,2500,ccmar,0.2558505160746848,seq,0.3079199713371418,0.03972753276955151,0.23005543791418603,0.3857845047600975,1
849,2500,ccmar,0.2558505160746848,full,0.2575742720795146,0.009754413794895177,0.2384559723512194,0.2766925718078098,1
849,2500,ccmar,0.2558505160746848,cc,0.2632600669870333,0.01349665724653261,0.23680710487214784,0.28971302910191876,1
849,2500,ccmar,0.2558505160746848,cc_ccproj,0.2632600669870336,0.013496657246532616,0.23680710487214812,0.28971302910191904,1
849,2500,ccmar,0.2558505160746848,seq,0.261555091079414,0.013400079345632898,0.23529141817199445,0.28781876398683354,1
850,2500,ccmar,0.2558505160746848,full,0.28499022116517525,0.015622595460851863,0.2543704967168667,0.3156099456134838,1
850,2500,ccmar,0.2558505160746848,cc,0.2663371451093853,0.014659387286995567,0.23760527399144962,0.2950690162273209,1
850,2500,ccmar,0.2558505160746848,cc_ccproj,0.26633714510938516,0.014659387286995562,0.23760527399144954,0.2950690162273208,1
850,2500,ccmar,0.2558505160746848,seq,0.2652927747187771,0.014504988157611119,0.23686352033367933,0.2937220291038749,1
851,2500,ccmar,0.2558505160746848,full,0.25308806929815564,0.0113418204360641,0.23085850972434963,0.27531762887196165,1
851,2500,ccmar,0.2558505160746848,cc,0.2541276534337466,0.016235980292879894,0.22230571680599992,0.2859495900614933,1
851,2500,ccmar,0.2558505160746848,cc_ccproj,0.25412765343374655,0.01623598029287991,0.22230571680599986,0.28594959006149323,1
851,2500,ccmar,0.2558505160746848,seq,0.2512669330715886,0.015848706175013848,0.2202040397670039,0.2823298263761733,1
852,2500,ccmar,0.2558505160746848,full,0.24681150270186614,0.008927361605196707,0.2293141954787149,0.2643088099250174,1
852,2500,ccmar,0.2558505160746848,cc,0.25574607762553864,0.012845060644655468,0.23057022138278108,0.2809219338682962,1
852,2500,ccmar,0.2558505160746848,cc_ccproj,0.2557460776255391,0.01284506064465546,0.23057022138278152,0.2809219338682966,1
852,2500,ccmar,0.2558505160746848,seq,0.2545782029726085,0.012673255908431857,0.22973907782522263,0.2794173281199944,1
853,2500,ccmar,0.2558505160746848,full,0.23930177842549338,0.013600991548002055,0.21264432483737566,0.2659592320136111,1
853,2500,ccmar,0.2558505160746848,cc,0.27240304571238255,0.028894191554839393,0.21577147090249596,0.32903462052226917,1
853,2500,ccmar,0.2558505160746848,cc_ccproj,0.27240304571238233,0.028894191554839396,0.2157714709024957,0.32903462052226895,1
853,2500,ccmar,0.2558505160746848,seq,0.27156571298993704,0.028677178912397915,0.2153594751434256,0.32777195083644844,1
854,2500,ccmar,0.2558505160746848,full,0.2596592777365925,0.010995528134965602,0.238108438601063,0.28121011687212194,1
854,2500,ccmar,0.2558505160746848,cc,0.2818612072481612,0.014099010944917025,0.2542276535784878,0.3094947609178346,1
854,2500,ccmar,0.2558505160746848,cc_ccproj,0.2818612072481612,0.014099010944917022,0.2542276535784878,0.3094947609178346,1
854,2500,ccmar,0.2558505160746848,seq,0.28053376697932914,0.014373407306171839,0.25236240632410745,0.3087051276345508,1
855,2500,ccmar,0.2558505160746848,full,0.2557258621234543,0.008423961868834305,0.23921520025340032,0.27223652399350823,1
855,2500,ccmar,0.2558505160746848,cc,0.26693048698306504,0.011932780988862244,0.2435426660094908,0.29031830795663927,1
855,2500,ccmar,0.2558505160746848,cc_ccproj,0.26693048698306504,0.011932780988862248,0.2435426660094908,0.2903183079566393,1
855,2500,ccmar,0.2558505160746848,seq,0.26547319977392053,0.011644071077584733,0.24265123982842995,0.2882951597194111,1
856,2500,ccmar,0.2558505160746848,full,0.2404197924829332,0.01071265963967298,0.2194233654105383,0.26141621955532807,1
856,2500,ccmar,0.2558505160746848,cc,0.23017002179156265,0.014909166022368065,0.20094859334819296,0.2593914502349324,1
856,2500,ccmar,0.2558505160746848,cc_ccproj,0.23017002179156248,0.014909166022368059,0.2009485933481928,0.25939145023493215,1
856,2500,ccmar,0.2558505160746848,seq,0.2299726331735511,0.014844640084144791,0.20087767324516767,0.2590675931019345,1
857,2500,ccmar,0.2558505160746848,full,0.271705404577981,0.009263742239111234,0.2535488034272605,0.28986200572870147,1
857,2500,ccmar,0.2558505160746848,cc,0.26163026868478867,0.01430327464654489,0.2335963655165758,0.28966417185300153,1
857,2500,ccmar,0.2558505160746848,cc_ccproj,0.2616302686847887,0.01430327464654489,0.23359636551657587,0.2896641718530016,1
857,2500,ccmar,0.2558505160746848,seq,0.2638669330879766,0.013971335781553367,0.23648361814021623,0.29125024803573696,1
858,2500,ccmar,0.2558505160746848,full,0.2753024219973672,0.009506642192268714,0.2566697456866116,0.2939350983081228,0
858,2500,ccmar,0.2558505160746848,cc,0.2586867098647017,0.012808393206593138,0.23358272047995166,0.28379069924945177,1
858,2500,ccmar,0.2558505160746848,cc_ccproj,0.2586867098647017,0.012808393206593145,0.23358272047995166,0.28379069924945177,1
858,2500,ccmar,0.2558505160746848,seq,0.26319529241158773,0.01224754631964115,0.239190542726105,0.28720004209707045,1
859,2500,ccmar,0.2558505160746848,full,0.24557518595489297,0.00986318982937945,0.22624368911662748,0.26490668279315843,1
859,2500,ccmar,0.2558505160746848,cc,0.244205585081932,0.011914880878608586,0.2208528476797742,0.2675583224840898,1
859,2500,ccmar,0.2558505160746848,cc_ccproj,0.2442055850819319,0.01191488087860859,0.22085284767977412,0.26755832248408973,1
859,2500,ccmar,0.2558505160746848,seq,0.25081616042340626,0.011517789375009522,0.2282417080668695,0.27339061277994303,1
860,2500,ccmar,0.2558505160746848,full,0.24387870273820791,0.010092175516305403,0.2240984022005924,0.2636590032758234,1
860,2500,ccmar,0.2558505160746848,cc,0.23019778994186557,0.019650201533096837,0.19168410264804203,0.2687114772356891,1
860,2500,ccmar,0.2558505160746848,cc_ccproj,0.23019778994186563,0.019650201533096844,0.19168410264804206,0.2687114772356892,1
860,2500,ccmar,0.2558505160746848,seq,0.23483245747779932,0.019127252760302135,0.1973437309444128,0.2723211840111858,1
861,2500,ccmar,0.2558505160746848,full,0.27771378057261037,0.009775073684111242,0.2585549882055271,0.29687257293969366,0
861,2500,ccmar,0.2558505160746848,cc,0.25638368620830804,0.01282621875185135,0.2312447593968471,0.281522613019769,1
861,2500,ccmar,0.2558505160746848,cc_ccproj,0.25638368620830804,0.012826218751851354,0.2312447593968471,0.281522613019769,1
861,2500,ccmar,0.2558505160746848,seq,0.26332762308812846,0.012502507515035753,0.238823158642217,0.2878320875340399,1
862,2500,ccmar,0.2558505160746848,full,0.24482015969474438,0.011090521081828586,0.22308313780457817,0.2665571815849106,1
862,2500,ccmar,0.2558505160746848,cc,0.24752981948606584,0.01870324153955977,0.2108721396743752,0.28418749929775644,1
862,2500,ccmar,0.2558505160746848,cc_ccproj,0.24752981948606584,0.018703241539559746,0.21087213967437526,0.28418749929775644,1
862,2500,ccmar,0.2558505160746848,seq,0.24964581031800218,0.01796922942493033,0.21442676781520134,0.284864852820803,1
863,2500,ccmar,0.2558505160746848,full,0.23672406289266304,0.0097140916325517,0.2176847931503398,0.2557633326349863,0
863,2500,ccmar,0.2558505160746848,cc,0.23855491398210843,0.015073037475768653,0.20901230339197935,0.2680975245722375,1
863,2500,ccmar,0.2558505160746848,cc_ccproj,0.2385549139821086,0.015073037475768648,0.20901230339197951,0.2680975245722377,1
863,2500,ccmar,0.2558505160746848,seq,0.23792482667009063,0.014057235815067617,0.21037315075037155,0.2654765025898097,1
864,2500,ccmar,0.2558505160746848,full,0.28039442242571355,0.010098835700395794,0.26060106816715045,0.30018777668427665,0
864,2500,ccmar,0.2558505160746848,cc,0.2592601856761834,0.011137686434366832,0.2374307213937241,0.2810896499586427,1
864,2500,ccmar,0.2558505160746848,cc_ccproj,0.2592601856761835,0.01113768643436684,0.23743072139372412,0.28108964995864283,1
864,2500,ccmar,0.2558505160746848,seq,0.26180925392945387,0.010853289098380152,0.24053719818282757,0.28308130967608014,1
865,2500,ccmar,0.2558505160746848,full,0.25479766655403935,0.01095886629031924,0.23331868331362357,0.2762766497944551,1
865,2500,ccmar,0.2558505160746848,cc,0.2733394709009407,0.018070019777002302,0.23792288293808966,0.3087560588637917,1
865,2500,ccmar,0.2558505160746848,cc_ccproj,0.27333947090094074,0.018070019777002316,0.2379228829380897,0.30875605886379176,1
865,2500,ccmar,0.2558505160746848,seq,0.2647935304400463,0.017636670677270507,0.23022629110540244,0.2993607697746901,1
866,2500,ccmar,0.2558505160746848,full,0.27587182855752473,0.009090620617660923,0.2580545395497921,0.2936891175652574,0
866,2500,ccmar,0.2558505160746848,cc,0.2571029645109179,0.012922034981972662,0.23177624133928482,0.282429687682551,1
866,2500,ccmar,0.2558505160746848,cc_ccproj,0.257102964510918,0.012922034981972674,0.2317762413392849,0.28242968768255117,1
866,2500,ccmar,0.2558505160746848,seq,0.26075853761238565,0.012493717175757027,0.2362713019148724,0.2852457733098989,1
867,2500,ccmar,0.2558505160746848,full,0.24712752105195268,0.008867283660523948,0.22974796443662526,0.2645070776672801,1
867,2500,ccmar,0.2558505160746848,cc,0.2396572976253889,0.012699909510710245,0.21476593237747912,0.2645486628732987,1
867,2500,ccmar,0.2558505160746848,cc_ccproj,0.2396572976253889,0.012699909510710252,0.2147659323774791,0.2645486628732987,1
867,2500,ccmar,0.2558505160746848,seq,0.23980497144547927,0.012461280623948467,0.21538131022129348,0.26422863266966506,1
868,2500,ccmar,0.2558505160746848,full,0.25920290202324925,0.008876348466704246,0.2418055787142816,0.2766002253322169,1
868,2500,ccmar,0.2558505160746848,cc,0.2692275009739582,0.014450678653671062,0.24090469126060116,0.29755031068731524,1
868,2500,ccmar,0.2558505160746848,cc_ccproj,0.26922750097395837,0.014450678653671062,0.24090469126060132,0.2975503106873154,1
868,2500,ccmar,0.2558505160746848,seq,0.26877601580144994,0.014306123016093011,0.2407365299315081,0.29681550167139176,1
869,2500,ccmar,0.2558505160746848,full,0.24986950714102796,0.013168599981204445,0.2240595254510524,0.2756794888310035,1
869,2500,ccmar,0.2558505160746848,cc,0.26625722287880055,0.012602148296303229,0.24155746609021342,0.29095697966738765,1
869,2500,ccmar,0.2558505160746848,cc_ccproj,0.26625722287880055,0.012602148296303229,0.24155746609021342,0.29095697966738765,1
869,2500,ccmar,0.2558505160746848,seq,0.26028722433533286,0.012057859474204902,0.23665425403524618,0.2839201946354195,1
870,2500,ccmar,0.2558505160746848,full,0.2507338884543863,0.009196993894494096,0.23270811165514313,0.26875966525362954,1
870,2500,ccmar,0.2558505160746848,cc,0.2520468961991606,0.012658791017854148,0.22723612171634733,0.27685767068197387,1
870,2500,ccmar,0.2558505160746848,cc_ccproj,0.25204689619916043,0.012658791017854136,0.2272361217163472,0.27685767068197364,1
870,2500,ccmar,0.2558505160746848,seq,0.250565200125441,0.012017196396187767,0.22701192799376843,0.27411847225711355,1
871,2500,ccmar,0.2558505160746848,full,0.26104992021457574,0.010720310423163612,0.2400384978820857,0.2820613425470658,1
871,2500,ccmar,0.2558505160746848,cc,0.24802975598685453,0.015757234328348163,0.21714614420733394,0.2789133677663751,1
871,2500,ccmar,0.2558505160746848,cc_ccproj,0.24802975598685442,0.015757234328348163,0.21714614420733383,0.278913367766375,1
871,2500,ccmar,0.2558505160746848,seq,0.24764899153127107,0.015568767658424621,0.21713476763708683,0.2781632154254553,1
872,2500,ccmar,0.2558505160746848,full,0.2520211461106058,0.013552228007764405,0.22545926730511254,0.27858302491609904,1
872,2500,ccmar,0.2558505160746848,cc,0.2611165067926721,0.014332355164098672,0.23302560685740206,0.28920740672794215,1
872,2500,ccmar,0.2558505160746848,cc_ccproj,0.2611165067926721,0.014332355164098675,0.23302560685740206,0.2892074067279422,1
872,2500,ccmar,0.2558505160746848,seq,0.2586416431251074,0.014077990347343432,0.23104928906961175,0.28623399718060305,1
873,2500,ccmar,0.2558505160746848,full,0.26788797190370406,0.009096462062704942,0.2500592338740674,0.2857167099333407,1
873,2500,ccmar,0.2558505160746848,cc,0.2586432211272242,0.012780576354364269,0.23359375177100603,0.2836926904834424,1
873,2500,ccmar,0.2558505160746848,cc_ccproj,0.2586432211272243,0.01278057635436427,0.23359375177100614,0.28369269048344253,1
873,2500,ccmar,0.2558505160746848,seq,0.26010297817802674,0.012546765719012608,0.23551176924630024,0.28469418710975325,1
874,2500,ccmar,0.2558505160746848,full,0.2570590226278363,0.009688251627311848,0.23807039836514352,0.2760476468905291,1
874,2500,ccmar,0.2558505160746848,cc,0.26307506128686126,0.015106009298619195,0.23346782711144048,0.292682295462282,1
874,2500,ccmar,0.2558505160746848,cc_ccproj,0.2630750612868611,0.015106009298619195,0.23346782711144032,0.29268229546228186,1
874,2500,ccmar,0.2558505160746848,seq,0.26315860744127156,0.014819545708710835,0.23411283158495322,0.2922043832975899,1
875,2500,ccmar,0.2558505160746848,full,0.24270386145330225,0.009388476490950036,0.22430278566133918,0.2611049372452653,1
875,2500,ccmar,0.2558505160746848,cc,0.22191481724280088,0.018728983252653607,0.18520668460054596,0.2586229498850558,1
875,2500,ccmar,0.2558505160746848,cc_ccproj,0.22191481724280093,0.018728983252653618,0.185206684600546,0.25862294988505585,1
875,2500,ccmar,0.2558505160746848,seq,0.2268992633341295,0.01844030282913349,0.19075693392501578,0.2630415927432432,1
876,2500,ccmar,0.2558505160746848,full,0.23777168593252818,0.009912608852075379,0.21834332958962752,0.25720004227542886,1
876,2500,ccmar,0.2558505160746848,cc,0.23858976431601203,0.01837177098353837,0.2025817548560588,0.2745977737759652,1
876,2500,ccmar,0.2558505160746848,cc_ccproj,0.23858976431601214,0.01837177098353836,0.20258175485605895,0.27459777377596534,1
876,2500,ccmar,0.2558505160746848,seq,0.23736190620293618,0.017387298702148425,0.20328342695828525,0.27144038544758714,1
877,2500,ccmar,0.2558505160746848,full,0.23470790320065985,0.008756834272915829,0.21754482340715883,0.2518709829941609,0
877,2500,ccmar,0.2558505160746848,cc,0.2286145920697133,0.014119322664528245,0.20094122816113782,0.2562879559782888,1
877,2500,ccmar,0.2558505160746848,cc_ccproj,0.22861459206971313,0.014119322664528238,0.20094122816113769,0.2562879559782886,1
877,2500,ccmar,0.2558505160746848,seq,0.22693682219120437,0.013606249046911871,0.20026906409457468,0.25360458028783406,0
878,2500,ccmar,0.2558505160746848,full,0.270439888297972,0.01012300837517889,0.25059915646742403,0.29028062012851996,1
878,2500,ccmar,0.2558505160746848,cc,0.2568188385874038,0.024809678668133963,0.20819276192984956,0.305444915244958,1
878,2500,ccmar,0.2558505160746848,cc_ccproj,0.25681883858740384,0.024809678668133963,0.20819276192984962,0.3054449152449581,1
878,2500,ccmar,0.2558505160746848,seq,0.2613504356904955,0.024213515424472903,0.21389281751942352,0.30880805386156746,1
879,2500,ccmar,0.2558505160746848,full,0.2541022909691958,0.01106740235495166,0.23241058095107675,0.2757940009873148,1
879,2500,ccmar,0.2558505160746848,cc,0.2624723192391102,0.02502554639084728,0.21342314961961317,0.3115214888586072,1
879,2500,ccmar,0.2558505160746848,cc_ccproj,0.26247231923911,0.025025546390847277,0.213423149619613,0.31152148885860703,1
879,2500,ccmar,0.2558505160746848,seq,0.2678850046348479,0.024879134828148013,0.21912279640516166,0.31664721286453407,1
880,2500,ccmar,0.2558505160746848,full,0.25236858881182117,0.019569734413167696,0.2140126141749984,0.29072456344864395,1
880,2500,ccmar,0.2558505160746848,cc,0.27204803364141006,0.012111063600462997,0.24831078517002858,0.29578528211279154,1
880,2500,ccmar,0.2558505160746848,cc_ccproj,0.27204803364141017,0.012111063600462999,0.2483107851700287,0.29578528211279165,1
880,2500,ccmar,0.2558505160746848,seq,0.27179846344032876,0.012176917247922534,0.247932144191676,0.2956647826889815,1
881,2500,ccmar,0.2558505160746848,full,0.2503055234046833,0.01060673173036393,0.2295167112194918,0.27109433558987484,1
881,2500,ccmar,0.2558505160746848,cc,0.25809833368889823,0.021927913277727796,0.2151204134084341,0.30107625396936233,1
881,2500,ccmar,0.2558505160746848,cc_ccproj,0.2580983336888983,0.021927913277727803,0.21512041340843413,0.30107625396936244,1
881,2500,ccmar,0.2558505160746848,seq,0.2585851808550765,0.021880351571478024,0.21570047980590518,0.3014698819042478,1
882,2500,ccmar,0.2558505160746848,full,0.24685718631181297,0.010535547539968155,0.22620789257606583,0.2675064800475601,1
882,2500,ccmar,0.2558505160746848,cc,0.2431953652141785,0.01635545434120602,0.21113926375462544,0.27525146667373157,1
882,2500,ccmar,0.2558505160746848,cc_ccproj,0.2431953652141785,0.01635545434120604,0.21113926375462538,0.2752514666737316,1
882,2500,ccmar,0.2558505160746848,seq,0.24144820763323988,0.0161701198257599,0.20975535514905336,0.2731410601174264,1
883,2500,ccmar,0.2558505160746848,full,0.2537869733200519,0.010561122421410859,0.23308755373776818,0.2744863929023356,1
883,2500,ccmar,0.2558505160746848,cc,0.25251941226890035,0.02090916230890401,0.21153820719654612,0.29350061734125454,1
883,2500,ccmar,0.2558505160746848,cc_ccproj,0.25251941226890057,0.020909162308904,0.21153820719654637,0.29350061734125477,1
883,2500,ccmar,0.2558505160746848,seq,0.2616038620090387,0.020705993966811467,0.22102085956998457,0.3021868644480928,1
884,2500,ccmar,0.2558505160746848,full,0.2525031165580995,0.011016684808426006,0.23091081110455497,0.274095422011644,1
884,2500,ccmar,0.2558505160746848,cc,0.2452239035878083,0.012396946391853833,0.220926335141501,0.2695214720341156,1
884,2500,ccmar,0.2558505160746848,cc_ccproj,0.245223903587808,0.012396946391853845,0.22092633514150067,0.2695214720341153,1
884,2500,ccmar,0.2558505160746848,seq,0.24452797136630075,0.012045657056596158,0.22091891736525152,0.26813702536734996,1
885,2500,ccmar,0.2558505160746848,full,0.25363621079589427,0.009208455273144176,0.23558797010728375,0.2716844514845048,1
885,2500,ccmar,0.2558505160746848,cc,0.2597279553759875,0.013586835739353518,0.23309824666299295,0.286357664088982,1
885,2500,ccmar,0.2558505160746848,cc_ccproj,0.2597279553759874,0.013586835739353521,0.2330982466629929,0.28635766408898194,1
885,2500,ccmar,0.2558505160746848,seq,0.2528967822625495,0.01312471241771403,0.22717281861638441,0.27862074590871466,1
886,2500,ccmar,0.2558505160746848,full,0.2561422707101873,0.009146233659691751,0.2382159821430035,0.2740685592773711,1
886,2500,ccmar,0.2558505160746848,cc,0.26579684847979884,0.015815780109946,0.23479848907689974,0.2967952078826979,1
886,2500,ccmar,0.2558505160746848,cc_ccproj,0.2657968484797987,0.015815780109946012,0.23479848907689954,0.2967952078826978,1
886,2500,ccmar,0.2558505160746848,seq,0.2601808769717758,0.01562794256362705,0.2295506723946062,0.29081108154894536,1
887,2500,ccmar,0.2558505160746848,full,0.24965235199737135,0.008787667942440229,0.2324288393220913,0.2668758646726514,1
887,2500,ccmar,0.2558505160746848,cc,0.2602707572902742,0.011490798373935391,0.23774920632374943,0.282792308256799,1
887,2500,ccmar,0.2558505160746848,cc_ccproj,0.26027075729027427,0.01149079837393539,0.2377492063237495,0.2827923082567991,1
887,2500,ccmar,0.2558505160746848,seq,0.2576312983411015,0.011084312219710379,0.2359064455970719,0.27935615108513107,1
888,2500,ccmar,0.2558505160746848,full,0.24839569868836506,0.010025300182184806,0.22874647139708,0.26804492597965013,1
888,2500,ccmar,0.2558505160746848,cc,0.2484097085961869,0.01479958928667358,0.21940304660832186,0.27741637058405194,1
888,2500,ccmar,0.2558505160746848,cc_ccproj,0.2484097085961869,0.014799589286673591,0.21940304660832186,0.277416370584052,1
888,2500,ccmar,0.2558505160746848,seq,0.24856871952027787,0.014772455804513182,0.21961523818022236,0.27752220086033336,1
889,2500,ccmar,0.2558505160746848,full,0.2510645728339221,0.01027703519653152,0.2309219539808698,0.2712071916869744,1
889,2500,ccmar,0.2558505160746848,cc,0.23913814673958195,0.012403076388323426,0.2148285637209689,0.26344772975819497,1
889,2500,ccmar,0.2558505160746848,cc_ccproj,0.23913814673958195,0.012403076388323418,0.21482856372096892,0.26344772975819497,1
889,2500,ccmar,0.2558505160746848,seq,0.23521797818408896,0.012158175897149914,0.21138839130797216,0.25904756506020576,1
890,2500,ccmar,0.2558505160746848,full,0.2575379006796569,0.009275871946994906,0.23935752573834143,0.27571827562097234,1
890,2500,ccmar,0.2558505160746848,cc,0.28379521027465604,0.016647102593218676,0.2511674887450041,0.31642293180430797,1
890,2500,ccmar,0.2558505160746848,cc_ccproj,0.28379521027465615,0.016647102593218673,0.2511674887450042,0.3164229318043081,1
890,2500,ccmar,0.2558505160746848,seq,0.28616291926649307,0.01613388107759355,0.25454109342355746,0.31778474510942867,1
891,2500,ccmar,0.2558505160746848,full,0.2563716289534824,0.010499919225740504,0.23579216543045134,0.2769510924765135,1
891,2500,ccmar,0.2558505160746848,cc,0.2670880508025915,0.011447860986673728,0.24465065556868984,0.2895254460364932,1
891,2500,ccmar,0.2558505160746848,cc_ccproj,0.26708805080259146,0.011447860986673733,0.24465065556868978,0.28952544603649316,1
891,2500,ccmar,0.2558505160746848,seq,0.26013117341023806,0.011209484150424243,0.23816098819013398,0.28210135863034214,1
892,2500,ccmar,0.2558505160746848,full,0.25588926812383234,0.008800551136477522,0.23864050485223334,0.2731380313954313,1
892,2500,ccmar,0.2558505160746848,cc,0.26523172465626754,0.014437862699034788,0.2369340337524251,0.29352941556011,1
892,2500,ccmar,0.2558505160746848,cc_ccproj,0.2652317246562675,0.014437862699034788,0.23693403375242506,0.2935294155601099,1
892,2500,ccmar,0.2558505160746848,seq,0.2656762808792285,0.013689171287323559,0.23884599817787452,0.29250656358058247,1
893,2500,ccmar,0.2558505160746848,full,0.249885123663196,0.00977858086941353,0.23071945733923313,0.2690507899871589,1
893,2500,ccmar,0.2558505160746848,cc,0.24876957647045073,0.014028959041449351,0.22127332200862243,0.276265830932279,1
893,2500,ccmar,0.2558505160746848,cc_ccproj,0.24876957647045073,0.014028959041449351,0.22127332200862243,0.276265830932279,1
893,2500,ccmar,0.2558505160746848,seq,0.2506311108972704,0.013754410857313208,0.22367296098836983,0.27758926080617097,1
894,2500,ccmar,0.2558505160746848,full,0.2613740279949655,0.010650091924160256,0.2405002313915705,0.2822478245983605,1
894,2500,ccmar,0.2558505160746848,cc,0.25385392426997194,0.01356424346562159,0.22726849559982087,0.280439352940123,1
894,2500,ccmar,0.2558505160746848,cc_ccproj,0.25385392426997194,0.013564243465621593,0.22726849559982085,0.280439352940123,1
894,2500,ccmar,0.2558505160746848,seq,0.24960605554274792,0.01282464225155493,0.2244702186150896,0.27474189247040626,1
895,2500,ccmar,0.2558505160746848,full,0.25376925959403357,0.009660989449060929,0.2348340682188527,0.2727044509692145,1
895,2500,ccmar,0.2558505160746848,cc,0.23321876591046495,0.019438519458916278,0.195119967858208,0.2713175639627219,1
895,2500,ccmar,0.2558505160746848,cc_ccproj,0.23321876591046495,0.019438519458916278,0.195119967858208,0.2713175639627219,1
895,2500,ccmar,0.2558505160746848,seq,0.23894707199371934,0.019152411051461746,0.2014090361157474,0.2764851078716913,1
896,2500,ccmar,0.2558505160746848,full,0.25478159910534975,0.010162651367681724,0.23486316843725685,0.27470002977344266,1
896,2500,ccmar,0.2558505160746848,cc,0.2664752780830958,0.023981238283343354,0.21947291474306968,0.3134776414231219,1
896,2500,ccmar,0.2558505160746848,cc_ccproj,0.26647527808309585,0.02398123828334335,0.21947291474306974,0.31347764142312196,1
896,2500,ccmar,0.2558505160746848,seq,0.2628195442136952,0.02346887648566748,0.21682139154416796,0.3088176968832224,1
897,2500,ccmar,0.2558505160746848,full,0.24948587510810097,0.012238053923992805,0.225499730176216,0.27347202003998594,1
897,2500,ccmar,0.2558505160746848,cc,0.24917674915770693,0.017710001900959303,0.2144657832656908,0.28388771504972304,1
897,2500,ccmar,0.2558505160746848,cc_ccproj,0.249176749157707,0.017710001900959317,0.21446578326569082,0.28388771504972315,1
897,2500,ccmar,0.2558505160746848,seq,0.2515193900660354,0.01759144996900834,0.21704078169094082,0.28599799844113,1
898,2500,ccmar,0.2558505160746848,full,0.26195856665634576,0.01360510585377812,0.23529304917708557,0.2886240841356059,1
898,2500,ccmar,0.2558505160746848,cc,0.29028415673884844,0.041948443898491436,0.20806671749030625,0.37250159598739063,1
898,2500,ccmar,0.2558505160746848,cc_ccproj,0.2902841567388484,0.041948443898491436,0.2080667174903062,0.3725015959873906,1
898,2500,ccmar,0.2558505160746848,seq,0.2853848742355865,0.041930726558735545,0.2032021603348677,0.3675675881363053,1
899,2500,ccmar,0.2558505160746848,full,0.24567582154741108,0.010370042326317995,0.22535091206967184,0.2660007310251503,1
899,2500,ccmar,0.2558505160746848,cc,0.257041444916935,0.014018175639075892,0.22956632553538947,0.2845165642984805,1
899,2500,ccmar,0.2558505160746848,cc_ccproj,0.257041444916935,0.014018175639075885,0.2295663255353895,0.2845165642984805,1
899,2500,ccmar,0.2558505160746848,seq,0.2561477847372109,0.013709582317650707,0.22927749715152834,0.28301807232289344,1
900,2500,ccmar,0.2558505160746848,full,0.2603262514041045,0.010548026920110358,0.23965249853272924,0.2810000042754797,1
900,2500,ccmar,0.2558505160746848,cc,0.29197402450478765,0.02498824480624591,0.24299796464767562,0.3409500843618997,1
900,2500,ccmar,0.2558505160746848,cc_ccproj,0.2919740245047878,0.024988244806245907,0.24299796464767578,0.3409500843618999,1
900,2500,ccmar,0.2558505160746848,seq,0.2951510601991109,0.024607011515603915,0.24692220386136488,0.34337991653685696,1
901,2500,ccmar,0.2558505160746848,full,0.25836557685943545,0.009048457347392467,0.2406309263428994,0.2761002273759715,1
901,2500,ccmar,0.2558505160746848,cc,0.2721569014588209,0.013722909300589866,0.24526049346655499,0.29905330945108677,1
901,2500,ccmar,0.2558505160746848,cc_ccproj,0.2721569014588208,0.013722909300589869,0.24526049346655493,0.2990533094510867,1
901,2500,ccmar,0.2558505160746848,seq,0.272299212869843,0.013537014459750913,0.24576715207053326,0.29883127366915274,1
902,2500,ccmar,0.2558505160746848,full,0.24585304241309278,0.01043431506990945,0.22540216067272673,0.2663039241534588,1
902,2500,ccmar,0.2558505160746848,cc,0.2561892138858834,0.015126198087657828,0.2265424104110554,0.2858360173607114,1
902,2500,ccmar,0.2558505160746848,cc_ccproj,0.2561892138858832,0.015126198087657831,0.22654241041105525,0.28583601736071124,1
902,2500,ccmar,0.2558505160746848,seq,0.2552019905188337,0.01451096699810224,0.226761017821704,0.2836429632159634,1
903,2500,ccmar,0.2558505160746848,full,0.26232095654199356,0.011435456937884593,0.23990787279698106,0.28473404028700605,1
903,2500,ccmar,0.2558505160746848,cc,0.2747121584304601,0.03262212111867328,0.21077397593855696,0.33865034092236324,1
903,2500,ccmar,0.2558505160746848,cc_ccproj,0.2747121584304604,0.03262212111867328,0.21077397593855723,0.3386503409223635,1
903,2500,ccmar,0.2558505160746848,seq,0.2756663346692616,0.032428124459761974,0.21210837864194573,0.33922429069657745,1
904,2500,ccmar,0.2558505160746848,full,0.26256397674992793,0.010542136501607215,0.2419017688866727,0.28322618461318316,1
904,2500,ccmar,0.2558505160746848,cc,0.24048765326174415,0.014523189824487175,0.2120227242651107,0.2689525822583776,1
904,2500,ccmar,0.2558505160746848,cc_ccproj,0.24048765326174407,0.014523189824487168,0.21202272426511062,0.2689525822583775,1
904,2500,ccmar,0.2558505160746848,seq,0.24364628920073633,0.013639648882334003,0.21691306862958967,0.27037950977188296,1
905,2500,ccmar,0.2558505160746848,full,0.25947081577614345,0.008746716009768382,0.24232756741399752,0.2766140641382894,1
905,2500,ccmar,0.2558505160746848,cc,0.2553673137777462,0.012030536196352335,0.23178789611819012,0.27894673143730225,1
905,2500,ccmar,0.2558505160746848,cc_ccproj,0.25536731377774624,0.012030536196352335,0.23178789611819017,0.2789467314373023,1
905,2500,ccmar,0.2558505160746848,seq,0.2512985778421583,0.011648513721078013,0.22846791047542475,0.27412924520889187,1
906,2500,ccmar,0.2558505160746848,full,0.2411060367002471,0.01044097703410345,0.22064209774999452,0.2615699756504997,1
906,2500,ccmar,0.2558505160746848,cc,0.26613625556704795,0.023515040021642956,0.22004762402960978,0.31222488710448615,1
906,2500,ccmar,0.2558505160746848,cc_ccproj,0.26613625556704795,0.023515040021642963,0.22004762402960976,0.31222488710448615,1
906,2500,ccmar,0.2558505160746848,seq,0.2634154109582447,0.02322895251103439,0.21788750063802606,0.30894332127846336,1
907,2500,ccmar,0.2558505160746848,full,0.2565590718431125,0.010693758335670617,0.2355996906458231,0.2775184530404019,1
907,2500,ccmar,0.2558505160746848,cc,0.27870020512889104,0.018330218571703444,0.24277363689960507,0.314626773358177,1
907,2500,ccmar,0.2558505160746848,cc_ccproj,0.2787002051288912,0.01833021857170345,0.2427736368996052,0.3146267733581772,1
907,2500,ccmar,0.2558505160746848,seq,0.27367074919196316,0.018198562655793508,0.23800222181621228,0.30933927656771404,1
908,2500,ccmar,0.2558505160746848,full,0.2649601214888071,0.01186009713584053,0.24171475824941302,0.2882054847282012,1
908,2500,ccmar,0.2558505160746848,cc,0.2585887565818493,0.03136289484682258,0.1971186122311602,0.3200589009325384,1
908,2500,ccmar,0.2558505160746848,cc_ccproj,0.25858875658184943,0.03136289484682256,0.19711861223116037,0.3200589009325385,1
908,2500,ccmar,0.2558505160746848,seq,0.26605347464081974,0.03012198134608088,0.20701547605951387,0.3250914732221256,1
909,2500,ccmar,0.2558505160746848,full,0.2816248195038191,0.010650542274520383,0.26075014022993787,0.3024994987777004,0
909,2500,ccmar,0.2558505160746848,cc,0.2817816795140129,0.015889165254288372,0.2506394878712025,0.3129238711568233,1
909,2500,ccmar,0.2558505160746848,cc_ccproj,0.28178167951401284,0.015889165254288375,0.25063948787120244,0.31292387115682324,1
909,2500,ccmar,0.2558505160746848,seq,0.28413577757500014,0.015729892425331647,0.2533057549406607,0.31496580020933956,1
910,2500,ccmar,0.2558505160746848,full,0.2608359581770288,0.00872145035976791,0.24374222957892983,0.2779296867751278,1
910,2500,ccmar,0.2558505160746848,cc,0.26407094904264805,0.01617252164149377,0.23237338908612568,0.29576850899917045,1
910,2500,ccmar,0.2558505160746848,cc_ccproj,0.26407094904264816,0.016172521641493763,0.2323733890861258,0.2957685089991705,1
910,2500,ccmar,0.2558505160746848,seq,0.26383768020665566,0.015763774658764957,0.23294124961507115,0.29473411079824013,1
911,2500,ccmar,0.2558505160746848,full,0.23986162723249657,0.008672356058665825,0.22286412169640382,0.2568591327685893,1
911,2500,ccmar,0.2558505160746848,cc,0.22738154228210447,0.01586740459831517,0.1962820007412815,0.25848108382292745,1
911,2500,ccmar,0.2558505160746848,cc_ccproj,0.2273815422821045,0.015867404598315177,0.19628200074128152,0.2584810838229275,1
911,2500,ccmar,0.2558505160746848,seq,0.22880911278307095,0.015042350847388624,0.19932664687937368,0.2582915786867682,1
912,2500,ccmar,0.2558505160746848,full,0.254496037180762,0.010251485016788997,0.2344034957598036,0.2745885786017205,1
912,2500,ccmar,0.2558505160746848,cc,0.2618288407591232,0.011455308470099061,0.23937684872593243,0.284280832792314,1
912,2500,ccmar,0.2558505160746848,cc_ccproj,0.26182884075912305,0.01145530847009906,0.23937684872593226,0.2842808327923138,1
912,2500,ccmar,0.2558505160746848,seq,0.26317973070312883,0.011052835040997072,0.24151657209571228,0.2848428893105454,1
913,2500,ccmar,0.2558505160746848,full,0.2557212208211742,0.01025766897960332,0.23561655905581796,0.27582588258653046,1
913,2500,ccmar,0.2558505160746848,cc,0.26131812265472365,0.012096342394445306,0.23760972721694584,0.28502651809250146,1
913,2500,ccmar,0.2558505160746848,cc_ccproj,0.2613181226547237,0.0120963423944453,0.23760972721694593,0.2850265180925015,1
913,2500,ccmar,0.2558505160746848,seq,0.2604473056407655,0.012089979366478073,0.23675138150863612,0.2841432297728949,1
914,2500,ccmar,0.2558505160746848,full,0.252924797851735,0.009135610895681443,0.23501932951942767,0.2708302661840423,1
914,2500,ccmar,0.2558505160746848,cc,0.25228091617433196,0.012939609164718454,0.2269197482374594,0.27764208411120456,1
914,2500,ccmar,0.2558505160746848,cc_ccproj,0.2522809161743317,0.01293960916471847,0.22691974823745908,0.2776420841112043,1
914,2500,ccmar,0.2558505160746848,seq,0.25384262342962693,0.012669020268022977,0.2290117999848939,0.27867344687435996,1
915,2500,ccmar,0.2558505160746848,full,0.2613580519734504,0.00917769939671304,0.24337009169495788,0.27934601225194294,1
915,2500,ccmar,0.2558505160746848,cc,0.26255637427409373,0.01549205909501245,0.23219249640150313,0.2929202521466843,1
915,2500,ccmar,0.2558505160746848,cc_ccproj,0.26255637427409395,0.015492059095012452,0.23219249640150336,0.29292025214668455,1
915,2500,ccmar,0.2558505160746848,seq,0.2621114711485394,0.015494022170289078,0.23174374571910766,0.2924791965779711,1
916,2500,ccmar,0.2558505160746848,full,0.26509904988439575,0.009282404686839907,0.24690587100826372,0.2832922287605278,1
916,2500,ccmar,0.2558505160746848,cc,0.2581639425830493,0.014909184311498687,0.22894247829364228,0.28738540687245634,1
916,2500,ccmar,0.2558505160746848,cc_ccproj,0.25816394258304903,0.01490918431149871,0.22894247829364195,0.2873854068724561,1
916,2500,ccmar,0.2558505160746848,seq,0.2598230589466011,0.014491593628169335,0.2314200573567991,0.28822606053640315,1
917,2500,ccmar,0.2558505160746848,full,0.25189985910547125,0.009293866999384526,0.23368421450957225,0.2701155037013703,1
917,2500,ccmar,0.2558505160746848,cc,0.2534284074537183,0.014165029167583672,0.22566546044529492,0.28119135446214166,1
917,2500,ccmar,0.2558505160746848,cc_ccproj,0.2534284074537183,0.01416502916758367,0.22566546044529492,0.28119135446214166,1
917,2500,ccmar,0.2558505160746848,seq,0.2510276490159938,0.014050333937428085,0.2234895005278739,0.2785657975041137,1
918,2500,ccmar,0.2558505160746848,full,0.23468693752756245,0.00907821316792896,0.2168939666744444,0.25247990838068046,0
918,2500,ccmar,0.2558505160746848,cc,0.22406889453348466,0.016159026688670624,0.1923977841984687,0.2557400048685006,0
918,2500,ccmar,0.2558505160746848,cc_ccproj,0.22406889453348472,0.016159026688670614,0.19239778419846879,0.2557400048685007,0
918,2500,ccmar,0.2558505160746848,seq,0.2240273718976894,0.015286911444385837,0.19406557603184,0.2539891677635388,0
919,2500,ccmar,0.2558505160746848,full,0.24552925412019821,0.01025979488428369,0.2254204256582339,0.26563808258216254,1
919,2500,ccmar,0.2558505160746848,cc,0.25053255911294325,0.015697849164127833,0.2197653401165105,0.281299778109376,1
919,2500,ccmar,0.2558505160746848,cc_ccproj,0.25053255911294325,0.015697849164127836,0.2197653401165105,0.281299778109376,1
919,2500,ccmar,0.2558505160746848,seq,0.24990391770970946,0.015507323902556682,0.21951012136410125,0.28029771405531767,1
920,2500,ccmar,0.2558505160746848,full,0.261147458732948,0.009788422411570004,0.24196250334080607,0.2803324141250899,1
920,2500,ccmar,0.2558505160746848,cc,0.24983707460947563,0.01630982668304516,0.21787040171661676,0.2818037475023345,1
920,2500,ccmar,0.2558505160746848,cc_ccproj,0.24983707460947563,0.016309826683045182,0.2178704017166167,0.28180374750233456,1
920,2500,ccmar,0.2558505160746848,seq,0.2421259829047844,0.01605443340938257,0.21065987163019798,0.2735920941793708,1
921,2500,ccmar,0.2558505160746848,full,0.2716980759913269,0.009902164344467694,0.25229019050717355,0.29110596147548023,1
921,2500,ccmar,0.2558505160746848,cc,0.27659764691159217,0.01443279649844913,0.24830988557843606,0.30488540824474825,1
921,2500,ccmar,0.2558505160746848,cc_ccproj,0.27659764691159217,0.014432796498449139,0.24830988557843606,0.3048854082447483,1
921,2500,ccmar,0.2558505160746848,seq,0.2765320866321715,0.014249623452644966,0.24860333787173006,0.3044608353926129,1
922,2500,ccmar,0.2558505160746848,full,0.25453255599102376,0.011072248010227348,0.2328313486630829,0.27623376331896465,1
922,2500,ccmar,0.2558505160746848,cc,0.25158245464433837,0.013078289976254629,0.2259494773115081,0.27721543197716864,1
922,2500,ccmar,0.2558505160746848,cc_ccproj,0.25158245464433837,0.013078289976254636,0.22594947731150808,0.27721543197716864,1
922,2500,ccmar,0.2558505160746848,seq,0.2536607991286456,0.012961698804787673,0.2282563362928059,0.2790652619644853,1
923,2500,ccmar,0.2558505160746848,full,0.23222027561925251,0.010468609393125963,0.2117021782405079,0.2527383729979971,0
923,2500,ccmar,0.2558505160746848,cc,0.2243963655285561,0.013286025484748078,0.19835623408076855,0.2504364969763436,0
923,2500,ccmar,0.2558505160746848,cc_ccproj,0.22439636552855605,0.013286025484748089,0.19835623408076847,0.2504364969763436,0
923,2500,ccmar,0.2558505160746848,seq,0.22332130150731264,0.013006735027390064,0.19782856929717252,0.24881403371745275,0
924,2500,ccmar,0.2558505160746848,full,0.24556739977378553,0.009387680251606658,0.22716788458225856,0.2639669149653125,1
924,2500,ccmar,0.2558505160746848,cc,0.22322906138544685,0.01544170557501313,0.19296387459854974,0.25349424817234395,0
924,2500,ccmar,0.2558505160746848,cc_ccproj,0.2232290613854469,0.015441705575013126,0.1929638745985498,0.253494248172344,0
924,2500,ccmar,0.2558505160746848,seq,0.22803907680735253,0.014860459125094672,0.19891311212843737,0.2571650414862677,1
925,2500,ccmar,0.2558505160746848,full,0.27010201172268034,0.008722894672881608,0.25300545232289606,0.2871985711224646,1
925,2500,ccmar,0.2558505160746848,cc,0.26840894557449285,0.012167625404536945,0.24456083800422584,0.29225705314475986,1
925,2500,ccmar,0.2558505160746848,cc_ccproj,0.26840894557449285,0.012167625404536933,0.24456083800422584,0.29225705314475986,1
925,2500,ccmar,0.2558505160746848,seq,0.26838998077051196,0.01143263206847417,0.24598243366780492,0.290797527873219,1
926,2500,ccmar,0.2558505160746848,full,0.2475455532472616,0.010284197222323035,0.2273888970816016,0.2677022094129216,1
926,2500,ccmar,0.2558505160746848,cc,0.22047976002840997,0.01771286831873025,0.18576317606079815,0.2551963439960218,0
926,2500,ccmar,0.2558505160746848,cc_ccproj,0.22047976002841005,0.017712868318730233,0.18576317606079826,0.25519634399602187,0
926,2500,ccmar,0.2558505160746848,seq,0.2186691777433231,0.016810447985305933,0.18572130512813956,0.2516170503585066,0
927,2500,ccmar,0.2558505160746848,full,0.26865611321063326,0.008910862463983336,0.2511911437100361,0.28612108271123043,1
927,2500,ccmar,0.2558505160746848,cc,0.26257534832649765,0.01276796228703889,0.23755060208793577,0.2876000945650595,1
927,2500,ccmar,0.2558505160746848,cc_ccproj,0.2625753483264978,0.012767962287038885,0.23755060208793594,0.2876000945650597,1
927,2500,ccmar,0.2558505160746848,seq,0.26414543975037874,0.012491755334512822,0.2396620491910475,0.28862883030971,1
928,2500,ccmar,0.2558505160746848,full,0.23609923605570976,0.009693303656529406,0.2171007099977017,0.2550977621137178,0
928,2500,ccmar,0.2558505160746848,cc,0.23148037220182563,0.0111136946825146,0.2096979308889227,0.25326281351472857,0
928,2500,ccmar,0.2558505160746848,cc_ccproj,0.2314803722018255,0.011113694682514606,0.20969793088892255,0.25326281351472846,0
928,2500,ccmar,0.2558505160746848,seq,0.2285381204517998,0.010808924651641062,0.20735301742297618,0.24972322348062342,0
929,2500,ccmar,0.2558505160746848,full,0.27264256661598113,0.009278266110807119,0.25445749919982064,0.2908276340321416,1
929,2500,ccmar,0.2558505160746848,cc,0.26739772766030984,0.013771448720353924,0.24040618415347592,0.29438927116714375,1
929,2500,ccmar,0.2558505160746848,cc_ccproj,0.26739772766030995,0.013771448720353931,0.24040618415347603,0.29438927116714386,1
929,2500,ccmar,0.2558505160746848,seq,0.26807068109130394,0.01345101916880355,0.2417071679650911,0.2944341942175168,1
930,2500,ccmar,0.2558505160746848,full,0.25156802518618454,0.009921314564435013,0.23212260596059922,0.2710134444117699,1
930,2500,ccmar,0.2558505160746848,cc,0.24921791369991805,0.013796398363272655,0.2221774697915363,0.2762583576082998,1
930,2500,ccmar,0.2558505160746848,cc_ccproj,0.24921791369991797,0.01379639836327266,0.22217746979153621,0.27625835760829975,1
930,2500,ccmar,0.2558505160746848,seq,0.24779218408090875,0.013074855236941033,0.2221659387134294,0.27341842944838807,1
931,2500,ccmar,0.2558505160746848,full,0.26380176864007576,0.009401809208865077,0.2453745612011832,0.28222897607896835,1
931,2500,ccmar,0.2558505160746848,cc,0.26182543274279907,0.011078511733770285,0.2401119487423049,0.28353891674329323,1
931,2500,ccmar,0.2558505160746848,cc_ccproj,0.26182543274279907,0.011078511733770275,0.24011194874230493,0.2835389167432932,1
931,2500,ccmar,0.2558505160746848,seq,0.25486002156292314,0.010863740045378177,0.23356748233657637,0.2761525607892699,1
932,2500,ccmar,0.2558505160746848,full,0.26112186010157623,0.011185462571334303,0.23919875631134022,0.2830449638918123,1
932,2500,ccmar,0.2558505160746848,cc,0.2687739972459374,0.016591268104513727,0.23625570930324238,0.30129228518863244,1
932,2500,ccmar,0.2558505160746848,cc_ccproj,0.26877399724593765,0.01659126810451372,0.23625570930324263,0.30129228518863266,1
932,2500,ccmar,0.2558505160746848,seq,0.2708176164193223,0.01622024384938205,0.23902652265407615,0.3026087101845684,1
933,2500,ccmar,0.2558505160746848,full,0.260288562564684,0.010033959226501488,0.24062236385839772,0.2799547612709703,1
933,2500,ccmar,0.2558505160746848,cc,0.2623953480609926,0.016984332521586896,0.2291066680172299,0.29568402810475525,1
933,2500,ccmar,0.2558505160746848,cc_ccproj,0.2623953480609925,0.016984332521586903,0.22910666801722984,0.2956840281047552,1
933,2500,ccmar,0.2558505160746848,seq,0.26360051414604135,0.016701422371703124,0.2308663278069117,0.296334700485171,1
934,2500,ccmar,0.2558505160746848,full,0.2742503886990293,0.009842639030332424,0.2549591706867495,0.2935416067113091,1
934,2500,ccmar,0.2558505160746848,cc,0.2887417015961118,0.02443707719386384,0.24084591040871353,0.3366374927835101,1
934,2500,ccmar,0.2558505160746848,cc_ccproj,0.28874170159611173,0.024437077193863836,0.24084591040871348,0.33663749278350996,1
934,2500,ccmar,0.2558505160746848,seq,0.29309348656657747,0.024020336787499815,0.24601449156655528,0.3401724815665996,1
935,2500,ccmar,0.2558505160746848,full,0.26409731412953386,0.010119170544272669,0.24426410430934084,0.28393052394972684,1
935,2500,ccmar,0.2558505160746848,cc,0.29047929489385854,0.024792902956107463,0.2418860980276913,0.3390724917600258,1
935,2500,ccmar,0.2558505160746848,cc_ccproj,0.2904792948938583,0.024792902956107466,0.24188609802769104,0.3390724917600256,1
935,2500,ccmar,0.2558505160746848,seq,0.2878740962546752,0.02453557020677161,0.23978526230924888,0.33596293020010154,1
936,2500,ccmar,0.2558505160746848,full,0.24608258884535375,0.009719388584799767,0.22703293726739648,0.265132240423311,1
936,2500,ccmar,0.2558505160746848,cc,0.24285086962308386,0.014823927905951797,0.21379650481800008,0.27190523442816766,1
936,2500,ccmar,0.2558505160746848,cc_ccproj,0.24285086962308397,0.014823927905951788,0.2137965048180002,0.2719052344281677,1
936,2500,ccmar,0.2558505160746848,seq,0.24201934917399182,0.014041854734869345,0.21449781961750466,0.26954087873047894,1
937,2500,ccmar,0.2558505160746848,full,0.2640244219909241,0.008817503932367134,0.24674243184994418,0.28130641213190394,1
937,2500,ccmar,0.2558505160746848,cc,0.25345924524306274,0.01439817048484852,0.22523934964949202,0.2816791408366334,1
937,2500,ccmar,0.2558505160746848,cc_ccproj,0.2534592452430629,0.014398170484848507,0.22523934964949222,0.2816791408366336,1
937,2500,ccmar,0.2558505160746848,seq,0.2557547832686008,0.013944967241399965,0.228423149709866,0.2830864168273356,1
938,2500,ccmar,0.2558505160746848,full,0.2640059814845892,0.009343142890479834,0.24569375791683726,0.2823182050523411,1
938,2500,ccmar,0.2558505160746848,cc,0.25658987477239825,0.015664247813899926,0.22588851321224412,0.2872912363325524,1
938,2500,ccmar,0.2558505160746848,cc_ccproj,0.25658987477239825,0.015664247813899926,0.22588851321224412,0.2872912363325524,1
938,2500,ccmar,0.2558505160746848,seq,0.2551290784411922,0.015161623063608284,0.22541284328934813,0.2848453135930363,1
939,2500,ccmar,0.2558505160746848,full,0.26080894474246435,0.012482691294146359,0.23634331937580583,0.2852745701091229,1
939,2500,ccmar,0.2558505160746848,cc,0.2766396352741439,0.04095171241268376,0.19637575384004186,0.356903516708246,1
939,2500,ccmar,0.2558505160746848,cc_ccproj,0.276639635274144,0.040951712412683784,0.19637575384004188,0.35690351670824605,1
939,2500,ccmar,0.2558505160746848,seq,0.27571173287463313,0.04093127029359655,0.1954879172577097,0.35593554849155656,1
940,2500,ccmar,0.2558505160746848,full,0.2654646676650386,0.008341300670022983,0.24911601876757375,0.28181331656250347,1
940,2500,ccmar,0.2558505160746848,cc,0.27014825726515956,0.01226057709797126,0.24611796772345929,0.29417854680685984,1
940,2500,ccmar,0.2558505160746848,cc_ccproj,0.27014825726515973,0.012260577097971268,0.24611796772345942,0.29417854680686,1
940,2500,ccmar,0.2558505160746848,seq,0.26766543035641616,0.011874962040574063,0.24439093243911073,0.2909399282737216,1
941,2500,ccmar,0.2558505160746848,full,0.2562089127705401,0.00939429465283035,0.23779643359083538,0.27462139195024476,1
941,2500,ccmar,0.2558505160746848,cc,0.25992883208863715,0.017729361781515237,0.22517992152798638,0.2946777426492879,1
941,2500,ccmar,0.2558505160746848,cc_ccproj,0.2599288320886372,0.017729361781515237,0.22517992152798644,0.294677742649288,1
941,2500,ccmar,0.2558505160746848,seq,0.25622088183353137,0.01711272257404239,0.2226805619109827,0.28976120175608,1
942,2500,ccmar,0.2558505160746848,full,0.2516998864166393,0.009299863697835026,0.23347248850775118,0.2699272843255275,1
942,2500,ccmar,0.2558505160746848,cc,0.2600564420914373,0.017194046074068638,0.22635673103774046,0.29375615314513415,1
942,2500,ccmar,0.2558505160746848,cc_ccproj,0.26005644209143713,0.01719404607406864,0.2263567310377403,0.293756153145134,1
942,2500,ccmar,0.2558505160746848,seq,0.2572402403146469,0.01673414446036737,0.22444191986023637,0.2900385607690574,1
943,2500,ccmar,0.2558505160746848,full,0.24592599550314184,0.008316239988195542,0.22962646463948677,0.2622255263667969,1
943,2500,ccmar,0.2558505160746848,cc,0.25737932608547287,0.011862613468577664,0.23412903092454088,0.28062962124640484,1
943,2500,ccmar,0.2558505160746848,cc_ccproj,0.25737932608547276,0.011862613468577664,0.23412903092454077,0.2806296212464047,1
943,2500,ccmar,0.2558505160746848,seq,0.2549781253809579,0.011338513537646503,0.2327550472089509,0.27720120355296485,1
944,2500,ccmar,0.2558505160746848,full,0.26108380897836525,0.00857848593586699,0.24427028550218258,0.27789733245454795,1
944,2500,ccmar,0.2558505160746848,cc,0.248938091500086,0.012655787541439574,0.2241332037228737,0.2737429792772983,1
944,2500,ccmar,0.2558505160746848,cc_ccproj,0.248938091500086,0.012655787541439579,0.2241332037228737,0.2737429792772983,1
944,2500,ccmar,0.2558505160746848,seq,0.252249389409721,0.01230295298222585,0.2281360446610687,0.27636273415837337,1
945,2500,ccmar,0.2558505160746848,full,0.26513828931555306,0.010443194573413956,0.24467000406811756,0.28560657456298855,1
945,2500,ccmar,0.2558505160746848,cc,0.26148357698637564,0.011331246578165022,0.23927474179322947,0.2836924121795218,1
945,2500,ccmar,0.2558505160746848,cc_ccproj,0.26148357698637537,0.011331246578165026,0.2392747417932292,0.28369241217952157,1
945,2500,ccmar,0.2558505160746848,seq,0.2591864567226034,0.011277199333094068,0.23708355218325988,0.28128936126194687,1
946,2500,ccmar,0.2558505160746848,full,0.2535967200552707,0.009975178220634762,0.23404573000345819,0.27314771010708316,1
946,2500,ccmar,0.2558505160746848,cc,0.2709537683346869,0.016223780754580898,0.23915574236263426,0.3027517943067395,1
946,2500,ccmar,0.2558505160746848,cc_ccproj,0.2709537683346868,0.016223780754580894,0.2391557423626342,0.30275179430673943,1
946,2500,ccmar,0.2558505160746848,seq,0.2688962953117774,0.016004022386361057,0.23752898782673695,0.30026360279681785,1
947,2500,ccmar,0.2558505160746848,full,0.2535065353108758,0.009652114792775569,0.2345887379423894,0.2724243326793622,1
947,2500,ccmar,0.2558505160746848,cc,0.26503921404336006,0.01484761475622436,0.23593842386483485,0.29414000422188524,1
947,2500,ccmar,0.2558505160746848,cc_ccproj,0.26503921404336006,0.014847614756224353,0.23593842386483488,0.29414000422188524,1
947,2500,ccmar,0.2558505160746848,seq,0.26665197351127445,0.014720260423125827,0.2378007932388975,0.29550315378365144,1
948,2500,ccmar,0.2558505160746848,full,0.2542222082700393,0.009379576575484406,0.23583857599185432,0.27260584054822423,1
948,2500,ccmar,0.2558505160746848,cc,0.23739247569475655,0.01319399672201089,0.21153271730747567,0.2632522340820374,1
948,2500,ccmar,0.2558505160746848,cc_ccproj,0.2373924756947568,0.013193996722010883,0.21153271730747594,0.2632522340820377,1
948,2500,ccmar,0.2558505160746848,seq,0.23774536143471572,0.012666138301594734,0.21292018654038672,0.26257053632904476,1
949,2500,ccmar,0.2558505160746848,full,0.2591499448766017,0.011047815138478417,0.2374966250973276,0.2808032646558758,1
949,2500,ccmar,0.2558505160746848,cc,0.24192368504318282,0.014663180704822778,0.21318437896292752,0.2706629911234381,1
949,2500,ccmar,0.2558505160746848,cc_ccproj,0.241923685043183,0.01466318070482278,0.21318437896292772,0.2706629911234383,1
949,2500,ccmar,0.2558505160746848,seq,0.2363386352753506,0.01428429951803507,0.20834192267561902,0.26433534787508217,1
950,2500,ccmar,0.2558505160746848,full,0.2742746336709374,0.02782522546794362,0.21973819389206123,0.3288110734498136,1
950,2500,ccmar,0.2558505160746848,cc,0.25385518388230166,0.013902803764085087,0.226606189220567,0.28110417854403635,1
950,2500,ccmar,0.2558505160746848,cc_ccproj,0.25385518388230166,0.013902803764085092,0.22660618922056697,0.28110417854403635,1
950,2500,ccmar,0.2558505160746848,seq,0.2519339863136849,0.01365932345338845,0.22516220429186026,0.27870576833550953,1
951,2500,ccmar,0.2558505160746848,full,0.2666690519941721,0.008978606987664508,0.24907130566701002,0.2842667983213342,1
951,2500,ccmar,0.2558505160746848,cc,0.2524491244666037,0.012399599768717923,0.2281463554972054,0.27675189343600204,1
951,2500,ccmar,0.2558505160746848,cc_ccproj,0.2524491244666037,0.012399599768717915,0.22814635549720544,0.27675189343600204,1
951,2500,ccmar,0.2558505160746848,seq,0.25677130388622155,0.012146246789781998,0.23296509763091358,0.28057751014152954,1
952,2500,ccmar,0.2558505160746848,full,0.26298746488787283,0.010455116942185073,0.24249581222703556,0.28347911754871014,1
952,2500,ccmar,0.2558505160746848,cc,0.25207826810484807,0.022189943672945436,0.20858677768690256,0.29556975852279355,1
952,2500,ccmar,0.2558505160746848,cc_ccproj,0.25207826810484796,0.022189943672945432,0.20858677768690248,0.29556975852279344,1
952,2500,ccmar,0.2558505160746848,seq,0.2547523205545531,0.021421936844465094,0.2127660958603099,0.2967385452487963,1
953,2500,ccmar,0.2558505160746848,full,0.24687271708803246,0.012793843173376427,0.22179724524436104,0.2719481889317039,1
953,2500,ccmar,0.2558505160746848,cc,0.2302293641745278,0.028003812695544993,0.17534289986145407,0.28511582848760153,1
953,2500,ccmar,0.2558505160746848,cc_ccproj,0.23022936417452802,0.028003812695544954,0.17534289986145438,0.28511582848760164,1
953,2500,ccmar,0.2558505160746848,seq,0.22994614364869811,0.026654481006901348,0.17770432084856455,0.28218796644883165,1
954,2500,ccmar,0.2558505160746848,full,0.2642130673927458,0.015446556866661822,0.23393837224893876,0.29448776253655284,1
954,2500,ccmar,0.2558505160746848,cc,0.24223206208471662,0.016016249822356363,0.2108407892655021,0.27362333490393115,1
954,2500,ccmar,0.2558505160746848,cc_ccproj,0.24223206208471643,0.01601624982235636,0.21084078926550193,0.2736233349039309,1
954,2500,ccmar,0.2558505160746848,seq,0.24565487173900188,0.015436105047406105,0.21540066178450898,0.2759090816934948,1
955,2500,ccmar,0.2558505160746848,full,0.25740965764095786,0.010021341609683399,0.23776818900920574,0.27705112627270995,1
955,2500,ccmar,0.2558505160746848,cc,0.27290023867300334,0.019097633416131573,0.23546956498743682,0.31033091235856985,1
955,2500,ccmar,0.2558505160746848,cc_ccproj,0.27290023867300334,0.01909763341613158,0.2354695649874368,0.31033091235856985,1
955,2500,ccmar,0.2558505160746848,seq,0.27005152352137135,0.018676647486358274,0.2334459670961586,0.3066570799465841,1
956,2500,ccmar,0.2558505160746848,full,0.26459799544169854,0.011476638825691584,0.24210419667976898,0.2870917942036281,1
956,2500,ccmar,0.2558505160746848,cc,0.25651989251741486,0.015719633963710077,0.2257099760983905,0.2873298089364392,1
956,2500,ccmar,0.2558505160746848,cc_ccproj,0.25651989251741497,0.015719633963710088,0.22570997609839058,0.28732980893643933,1
956,2500,ccmar,0.2558505160746848,seq,0.2510288523972323,0.015524136473162736,0.22060210401874872,0.28145560077571596,1
957,2500,ccmar,0.2558505160746848,full,0.2519845192220137,0.011964572552411947,0.22853438792886982,0.2754346505151576,1
957,2500,ccmar,0.2558505160746848,cc,0.24665672670115502,0.014008426270062387,0.21920071573174799,0.27411273767056205,1
957,2500,ccmar,0.2558505160746848,cc_ccproj,0.24665672670115496,0.014008426270062381,0.21920071573174793,0.274112737670562,1
957,2500,ccmar,0.2558505160746848,seq,0.24293131063657392,0.013391185053280132,0.21668507022183378,0.2691775510513141,1
958,2500,ccmar,0.2558505160746848,full,0.2571837879158979,0.009944487589884041,0.23769295039501967,0.2766746254367762,1
958,2500,ccmar,0.2558505160746848,cc,0.26259720556517785,0.014200131622875867,0.23476545900861284,0.29042895212174286,1
958,2500,ccmar,0.2558505160746848,cc_ccproj,0.2625972055651778,0.014200131622875853,0.23476545900861281,0.2904289521217428,1
958,2500,ccmar,0.2558505160746848,seq,0.265026301015393,0.013811139070737973,0.23795696585127257,0.2920956361795134,1
959,2500,ccmar,0.2558505160746848,full,0.2596476039378649,0.00987301541745129,0.24029684930085168,0.2789983585748781,1
959,2500,ccmar,0.2558505160746848,cc,0.2669397255711094,0.013912886442853196,0.23967096922212155,0.29420848192009724,1
959,2500,ccmar,0.2558505160746848,cc_ccproj,0.2669397255711096,0.013912886442853198,0.23967096922212178,0.29420848192009746,1
959,2500,ccmar,0.2558505160746848,seq,0.2667074646195854,0.013399011546646465,0.240445884559722,0.2929690446794488,1
960,2500,ccmar,0.2558505160746848,full,0.2615872752431933,0.010622980281345838,0.2407666164832763,0.2824079340031103,1
960,2500,ccmar,0.2558505160746848,cc,0.26030417369465064,0.013290969810640216,0.23425435154618668,0.2863539958431146,1
960,2500,ccmar,0.2558505160746848,cc_ccproj,0.2603041736946507,0.013290969810640228,0.2342543515461867,0.28635399584311466,1
960,2500,ccmar,0.2558505160746848,seq,0.26047397060904215,0.012725311713692077,0.23553281795816,0.2854151232599243,1
961,2500,ccmar,0.2558505160746848,full,0.25834967700668604,0.009064124221753834,0.24058431998065138,0.2761150340327207,1
961,2500,ccmar,0.2558505160746848,cc,0.25580263281327953,0.012773017917707795,0.23076797772068747,0.2808372879058716,1
961,2500,ccmar,0.2558505160746848,cc_ccproj,0.25580263281327936,0.012773017917707791,0.2307679777206873,0.2808372879058714,1
961,2500,ccmar,0.2558505160746848,seq,0.2587581690963669,0.011631395189297865,0.23596105343539064,0.28155528475734315,1
962,2500,ccmar,0.2558505160746848,full,0.2616595864502384,0.02114806459547174,0.22021014150038717,0.30310903140008966,1
962,2500,ccmar,0.2558505160746848,cc,0.24778747302649573,0.013797328485923008,0.2207452061112181,0.2748297399417734,1
962,2500,ccmar,0.2558505160746848,cc_ccproj,0.24778747302649554,0.013797328485923022,0.22074520611121787,0.27482973994177323,1
962,2500,ccmar,0.2558505160746848,seq,0.24754647406405783,0.013524766541444012,0.2210384187435152,0.27405452938460045,1
963,2500,ccmar,0.2558505160746848,full,0.25696907041151135,0.009082811341481306,0.23916708730383604,0.2747710535191866,1
963,2500,ccmar,0.2558505160746848,cc,0.2649604211184653,0.014167582449222694,0.23719246976998704,0.29272837246694355,1
963,2500,ccmar,0.2558505160746848,cc_ccproj,0.2649604211184652,0.014167582449222692,0.23719246976998692,0.29272837246694344,1
963,2500,ccmar,0.2558505160746848,seq,0.26426621684718754,0.013938925295800115,0.236946425284225,0.2915860084101501,1
964,2500,ccmar,0.2558505160746848,full,0.2569325419435708,0.008534259420721928,0.24020570084423415,0.27365938304290743,1
964,2500,ccmar,0.2558505160746848,cc,0.2594317900980659,0.013679679442105018,0.23262011107148706,0.2862434691246447,1
964,2500,ccmar,0.2558505160746848,cc_ccproj,0.2594317900980657,0.013679679442105021,0.2326201110714869,0.28624346912464455,1
964,2500,ccmar,0.2558505160746848,seq,0.2586253374651538,0.013261189403915033,0.23263388384131617,0.28461679108899146,1
965,2500,ccmar,0.2558505160746848,full,0.26449091874876823,0.008504908186900974,0.24782160501062248,0.281160232486914,1
965,2500,ccmar,0.2558505160746848,cc,0.2795777161979849,0.013422501045661707,0.25327009756603674,0.305885334829933,1
965,2500,ccmar,0.2558505160746848,cc_ccproj,0.2795777161979849,0.013422501045661714,0.2532700975660367,0.3058853348299331,1
965,2500,ccmar,0.2558505160746848,seq,0.27624977568891756,0.013159120841758687,0.25045837277086014,0.302041178606975,1
966,2500,ccmar,0.2558505160746848,full,0.26857823822742555,0.009361358467937227,0.2502303127838995,0.2869261636709516,1
966,2500,ccmar,0.2558505160746848,cc,0.27546345962738944,0.01170511348167596,0.2525218587683503,0.29840506048642856,1
966,2500,ccmar,0.2558505160746848,cc_ccproj,0.2754634596273894,0.011705113481675964,0.25252185876835026,0.2984050604864285,1
966,2500,ccmar,0.2558505160746848,seq,0.27255826871086225,0.011378905465433006,0.25025602381512757,0.29486051360659693,1
967,2500,ccmar,0.2558505160746848,full,0.24872250360366874,0.011319036259222792,0.2265376001958891,0.2709074070114484,1
967,2500,ccmar,0.2558505160746848,cc,0.2564766879512202,0.014120906291328044,0.22880022019115218,0.28415315571128824,1
967,2500,ccmar,0.2558505160746848,cc_ccproj,0.2564766879512202,0.014120906291328046,0.22880022019115215,0.28415315571128824,1
967,2500,ccmar,0.2558505160746848,seq,0.2517304595262761,0.013975492535125351,0.22433899749122202,0.27912192156133014,1
968,2500,ccmar,0.2558505160746848,full,0.26632280683084,0.01047164665155661,0.24579875653495956,0.28684685712672037,1
968,2500,ccmar,0.2558505160746848,cc,0.28712047426985093,0.01770277235857039,0.2524236780205418,0.3218172705191601,1
968,2500,ccmar,0.2558505160746848,cc_ccproj,0.28712047426985066,0.0177027723585704,0.2524236780205415,0.3218172705191598,1
968,2500,ccmar,0.2558505160746848,seq,0.2865153640534997,0.01727727746102517,0.25265252247898473,0.32037820562801467,1
969,2500,ccmar,0.2558505160746848,full,0.23956279057298388,0.01035379399226473,0.21926972724479782,0.25985585390116994,1
969,2500,ccmar,0.2558505160746848,cc,0.24013071065546002,0.015303868459703112,0.21013567965030344,0.2701257416606166,1
969,2500,ccmar,0.2558505160746848,cc_ccproj,0.24013071065546018,0.015303868459703109,0.2101356796503036,0.27012574166061676,1
969,2500,ccmar,0.2558505160746848,seq,0.23851075753021214,0.015025212926647715,0.20906188133393697,0.26795963372648735,1
970,2500,ccmar,0.2558505160746848,full,0.2610350874220571,0.00935984382049629,0.2426901306329646,0.27938004421114965,1
970,2500,ccmar,0.2558505160746848,cc,0.24162583864890175,0.012886530077417763,0.21636870381147078,0.2668829734863327,1
970,2500,ccmar,0.2558505160746848,cc_ccproj,0.24162583864890166,0.012886530077417753,0.21636870381147072,0.2668829734863326,1
970,2500,ccmar,0.2558505160746848,seq,0.24190373359512896,0.012438484546695437,0.21752475186134787,0.26628271532891,1
971,2500,ccmar,0.2558505160746848,full,0.25470022894636635,0.010234554699559705,0.23464087033742417,0.2747595875553085,1
971,2500,ccmar,0.2558505160746848,cc,0.2623895371725206,0.014188871288166071,0.23457986046644067,0.29019921387860054,1
971,2500,ccmar,0.2558505160746848,cc_ccproj,0.2623895371725206,0.01418887128816608,0.23457986046644067,0.2901992138786006,1
971,2500,ccmar,0.2558505160746848,seq,0.25889691452417884,0.013824596343381632,0.23180120359034673,0.28599262545801096,1
972,2500,ccmar,0.2558505160746848,full,0.26026100800484947,0.011728091222645448,0.23727437160106407,0.28324764440863487,1
972,2500,ccmar,0.2558505160746848,cc,0.2637487676020745,0.024994430539216815,0.2147605839311215,0.3127369512730275,1
972,2500,ccmar,0.2558505160746848,cc_ccproj,0.2637487676020746,0.024994430539216825,0.21476058393112157,0.31273695127302764,1
972,2500,ccmar,0.2558505160746848,seq,0.2611722244602736,0.025021431327787603,0.21213112021616767,0.3102133287043795,1
973,2500,ccmar,0.2558505160746848,full,0.2560415413400963,0.010624757068245803,0.23521740014184717,0.2768656825383455,1
973,2500,ccmar,0.2558505160746848,cc,0.25288795520999136,0.013247688351822207,0.22692296316200905,0.27885294725797366,1
973,2500,ccmar,0.2558505160746848,cc_ccproj,0.25288795520999147,0.013247688351822207,0.22692296316200916,0.27885294725797377,1
973,2500,ccmar,0.2558505160746848,seq,0.25255056094189965,0.013245358524855234,0.2265901352708628,0.2785109866129365,1
974,2500,ccmar,0.2558505160746848,full,0.24339878647330043,0.00992025344832565,0.22395544699707287,0.262842125949528,1
974,2500,ccmar,0.2558505160746848,cc,0.2601971984243787,0.015597857993625407,0.22962595852090273,0.2907684383278547,1
974,2500,ccmar,0.2558505160746848,cc_ccproj,0.26019719842437855,0.015597857993625413,0.22962595852090256,0.29076843832785454,1
974,2500,ccmar,0.2558505160746848,seq,0.2623991297896724,0.01569859161777562,0.2316304556108298,0.293167803968515,1
975,2500,ccmar,0.2558505160746848,full,0.26264537512791986,0.008647545352040476,0.24569649768324378,0.27959425257259596,1
975,2500,ccmar,0.2558505160746848,cc,0.2694837515966464,0.01362348663867908,0.24278220844097276,0.29618529475232,1
975,2500,ccmar,0.2558505160746848,cc_ccproj,0.26948375159664617,0.013623486638679088,0.2427822084409725,0.2961852947523198,1
975,2500,ccmar,0.2558505160746848,seq,0.26597363509564814,0.013308230138552393,0.23988998332611497,0.29205728686518134,1
976,2500,ccmar,0.2558505160746848,full,0.2524652014730752,0.009646558872773416,0.23355829350769403,0.2713721094384564,1
976,2500,ccmar,0.2558505160746848,cc,0.24141073049571468,0.013533019830901875,0.21488649902508067,0.2679349619663487,1
976,2500,ccmar,0.2558505160746848,cc_ccproj,0.24141073049571452,0.013533019830901898,0.21488649902508047,0.2679349619663486,1
976,2500,ccmar,0.2558505160746848,seq,0.24001603808738328,0.0133375583494237,0.21387490408081133,0.26615717209395523,1
977,2500,ccmar,0.2558505160746848,full,0.25867814572190545,0.008916930842287882,0.2412012824183868,0.2761550090254241,1
977,2500,ccmar,0.2558505160746848,cc,0.2695548326561361,0.015435533546118773,0.2393017428235835,0.2998079224886887,1
977,2500,ccmar,0.2558505160746848,cc_ccproj,0.2695548326561361,0.015435533546118771,0.2393017428235835,0.2998079224886887,1
977,2500,ccmar,0.2558505160746848,seq,0.2645846026409433,0.015188882544202593,0.23481493988889712,0.2943542653929895,1
978,2500,ccmar,0.2558505160746848,full,0.25157025793166593,0.008972652167023391,0.23398418283849481,0.26915633302483705,1
978,2500,ccmar,0.2558505160746848,cc,0.2604240963642413,0.013089143018869834,0.23476984745876256,0.28607834526972004,1
978,2500,ccmar,0.2558505160746848,cc_ccproj,0.26042409636424135,0.013089143018869818,0.23476984745876264,0.2860783452697201,1
978,2500,ccmar,0.2558505160746848,seq,0.2681550292715262,0.012578937151458254,0.24350076549087515,0.29280929305217723,1
979,2500,ccmar,0.2558505160746848,full,0.26252434735538016,0.010943810533791778,0.2410748728555182,0.2839738218552421,1
979,2500,ccmar,0.2558505160746848,cc,0.2946871086951045,0.031826224209151856,0.23230885548127012,0.3570653619089389,1
979,2500,ccmar,0.2558505160746848,cc_ccproj,0.2946871086951044,0.031826224209151856,0.23230885548127,0.3570653619089388,1
979,2500,ccmar,0.2558505160746848,seq,0.29389583164010763,0.03168059817109819,0.23180300021606967,0.35598866306414556,1
980,2500,ccmar,0.2558505160746848,full,0.249070087786306,0.010811064622303902,0.22788079049205523,0.27025938508055675,1
980,2500,ccmar,0.2558505160746848,cc,0.2376374185332388,0.011314797587787062,0.21546082276881548,0.2598140142976621,1
980,2500,ccmar,0.2558505160746848,cc_ccproj,0.23763741853323878,0.011314797587787069,0.21546082276881545,0.2598140142976621,1
980,2500,ccmar,0.2558505160746848,seq,0.23910795325389814,0.011174292122271088,0.21720674314151717,0.2610091633662791,1
981,2500,ccmar,0.2558505160746848,full,0.24527964550164497,0.009957184643851005,0.2257639222122817,0.26479536879100823,1
981,2500,ccmar,0.2558505160746848,cc,0.25076742774753985,0.021753013631308753,0.20813230447496583,0.29340255102011387,1
981,2500,ccmar,0.2558505160746848,cc_ccproj,0.2507674277475402,0.021753013631308757,0.20813230447496617,0.2934025510201142,1
981,2500,ccmar,0.2558505160746848,seq,0.25547421969640444,0.021318080517455606,0.21369154966266646,0.2972568897301424,1
982,2500,ccmar,0.2558505160746848,full,0.25964300996418344,0.01215290897387184,0.235823746068001,0.2834622738603659,1
982,2500,ccmar,0.2558505160746848,cc,0.27055195611137933,0.027229021657323244,0.21718405432876464,0.323919857893994,1
982,2500,ccmar,0.2558505160746848,cc_ccproj,0.27055195611137917,0.02722902165732325,0.21718405432876448,0.32391985789399386,1
982,2500,ccmar,0.2558505160746848,seq,0.26831884155684593,0.027106082184413804,0.21519189671341207,0.32144578640027976,1
983,2500,ccmar,0.2558505160746848,full,0.25272123184167405,0.010319407535312724,0.23249556473066987,0.27294689895267826,1
983,2500,ccmar,0.2558505160746848,cc,0.24652889271565187,0.0160532493252026,0.21506510220341285,0.2779926832278909,1
983,2500,ccmar,0.2558505160746848,cc_ccproj,0.2465288927156521,0.01605324932520261,0.21506510220341304,0.2779926832278911,1
983,2500,ccmar,0.2558505160746848,seq,0.2441886187852568,0.01578903463746949,0.21324267954516118,0.2751345580253524,1
984,2500,ccmar,0.2558505160746848,full,0.24905784598947847,0.009732880941618447,0.22998174987809003,0.26813394210086694,1
984,2500,ccmar,0.2558505160746848,cc,0.25053654899698624,0.013133565767130451,0.22479523310482238,0.27627786488915007,1
984,2500,ccmar,0.2558505160746848,cc_ccproj,0.2505365489969863,0.013133565767130444,0.22479523310482247,0.2762778648891501,1
984,2500,ccmar,0.2558505160746848,seq,0.2502478221697057,0.012883613201163817,0.22499640430467982,0.2754992400347316,1
985,2500,ccmar,0.2558505160746848,full,0.2530662956211518,0.010342242656516573,0.23279587249500547,0.27333671874729815,1
985,2500,ccmar,0.2558505160746848,cc,0.2534244852201392,0.012710500544277753,0.22851236192787808,0.2783366085124004,1
985,2500,ccmar,0.2558505160746848,cc_ccproj,0.2534244852201395,0.012710500544277739,0.22851236192787838,0.2783366085124006,1
985,2500,ccmar,0.2558505160746848,seq,0.2507818390074869,0.01168654150235214,0.2278766385590441,0.2736870394559297,1
986,2500,ccmar,0.2558505160746848,full,0.2637569798968335,0.010398996254360854,0.24337532176291932,0.2841386380307477,1
986,2500,ccmar,0.2558505160746848,cc,0.2594949699927523,0.0192408928736663,0.22178351292997295,0.29720642705553163,1
986,2500,ccmar,0.2558505160746848,cc_ccproj,0.25949496999275246,0.0192408928736663,0.22178351292997311,0.2972064270555318,1
986,2500,ccmar,0.2558505160746848,seq,0.26531396860597406,0.018875190376215926,0.22831927526725382,0.3023086619446943,1
987,2500,ccmar,0.2558505160746848,full,0.25135537153653836,0.009492105153604794,0.23275118729800592,0.2699595557750708,1
987,2500,ccmar,0.2558505160746848,cc,0.25470237937492896,0.01396678953623241,0.22732797490426254,0.28207678384559537,1
987,2500,ccmar,0.2558505160746848,cc_ccproj,0.2547023793749292,0.013966789536232396,0.2273279749042628,0.28207678384559554,1
987,2500,ccmar,0.2558505160746848,seq,0.24572612290748674,0.01394063539946326,0.21840297960293462,0.2730492662120389,1
988,2500,ccmar,0.2558505160746848,full,0.26999606881920274,0.010349149685487884,0.24971210816503245,0.290280029473373,1
988,2500,ccmar,0.2558505160746848,cc,0.26903992981569813,0.016152228977698992,0.2373821427493639,0.3006977168820324,1
988,2500,ccmar,0.2558505160746848,cc_ccproj,0.26903992981569813,0.016152228977699003,0.23738214274936387,0.3006977168820324,1
988,2500,ccmar,0.2558505160746848,seq,0.2712997112527146,0.015820529412504992,0.2402920433878482,0.30230737911758104,1
989,2500,ccmar,0.2558505160746848,full,0.26581835590699227,0.01033642951170526,0.24555932633531302,0.2860773854786715,1
989,2500,ccmar,0.2558505160746848,cc,0.2759800425618821,0.024597988320334732,0.2277688713618891,0.32419121376187504,1
989,2500,ccmar,0.2558505160746848,cc_ccproj,0.27598004256188213,0.024597988320334743,0.22776887136188914,0.3241912137618751,1
989,2500,ccmar,0.2558505160746848,seq,0.27412763090758674,0.02419836170769721,0.22669971347562706,0.3215555483395464,1
990,2500,ccmar,0.2558505160746848,full,0.23197238164533074,0.010101214989255756,0.2121743640662933,0.25177039922436817,0
990,2500,ccmar,0.2558505160746848,cc,0.24999035942164183,0.013695691731161076,0.2231472968852031,0.2768334219580806,1
990,2500,ccmar,0.2558505160746848,cc_ccproj,0.24999035942164183,0.01369569173116108,0.22314729688520307,0.2768334219580806,1
990,2500,ccmar,0.2558505160746848,seq,0.24890717285852834,0.013404655799826854,0.22263453026571176,0.27517981545134496,1
991,2500,ccmar,0.2558505160746848,full,0.2712937369945079,0.010254624437556804,0.2511950424219122,0.29139243156710354,1
991,2500,ccmar,0.2558505160746848,cc,0.24786587657662912,0.014354957518829507,0.21973067684012082,0.2760010763131374,1
991,2500,ccmar,0.2558505160746848,cc_ccproj,0.24786587657662923,0.014354957518829502,0.21973067684012096,0.27600107631313753,1
991,2500,ccmar,0.2558505160746848,seq,0.24678980281016966,0.013912259343662435,0.21952227555301043,0.2740573300673289,1
992,2500,ccmar,0.2558505160746848,full,0.2642862171980433,0.009292705796448546,0.24607284851807754,0.28249958587800905,1
992,2500,ccmar,0.2558505160746848,cc,0.2713316787341819,0.011031177942329653,0.24971096726016312,0.2929523902082007,1
992,2500,ccmar,0.2558505160746848,cc_ccproj,0.27133167873418185,0.011031177942329651,0.24971096726016306,0.29295239020820063,1
992,2500,ccmar,0.2558505160746848,seq,0.2726723193231184,0.011199835431463395,0.25072104524467453,0.2946235934015623,1
993,2500,ccmar,0.2558505160746848,full,0.2581853115972776,0.010590898822816512,0.23742753134064956,0.2789430918539056,1
993,2500,ccmar,0.2558505160746848,cc,0.2785545095308921,0.028378609810119616,0.2229334563717426,0.3341755626900416,1
993,2500,ccmar,0.2558505160746848,cc_ccproj,0.2785545095308923,0.028378609810119623,0.22293345637174275,0.3341755626900418,1
993,2500,ccmar,0.2558505160746848,seq,0.27483249870932863,0.028294211976387297,0.21937686226466768,0.3302881351539896,1
994,2500,ccmar,0.2558505160746848,full,0.26412831192950237,0.009368628016039566,0.2457661384335119,0.2824904854254929,1
994,2500,ccmar,0.2558505160746848,cc,0.2685543244812307,0.01808043899092248,0.2331173152343489,0.30399133372811243,1
994,2500,ccmar,0.2558505160746848,cc_ccproj,0.2685543244812306,0.018080438990922477,0.23311731523434887,0.3039913337281124,1
994,2500,ccmar,0.2558505160746848,seq,0.2716375200160867,0.017648846569875754,0.23704641637045695,0.30622862366171644,1
995,2500,ccmar,0.2558505160746848,full,0.2479085816887989,0.008773888185308928,0.2307120768412119,0.26510508653638587,1
995,2500,ccmar,0.2558505160746848,cc,0.26139862433515093,0.011400217778983588,0.2390546080724299,0.28374264059787196,1
995,2500,ccmar,0.2558505160746848,cc_ccproj,0.2613986243351508,0.01140021777898359,0.2390546080724298,0.28374264059787185,1
995,2500,ccmar,0.2558505160746848,seq,0.25541091075138456,0.011408643733746138,0.23305037992079355,0.27777144158197553,1
996,2500,ccmar,0.2558505160746848,full,0.27121086771357106,0.014291698475386617,0.24319965342390729,0.29922208200323486,1
996,2500,ccmar,0.2558505160746848,cc,0.28567362967968385,0.017678823806033153,0.25102377173082957,0.32032348762853813,1
996,2500,ccmar,0.2558505160746848,cc_ccproj,0.28567362967968374,0.017678823806033153,0.25102377173082946,0.320323487628538,1
996,2500,ccmar,0.2558505160746848,seq,0.28525355479145836,0.017560831441430887,0.2508349576276752,0.3196721519552415,1
997,2500,ccmar,0.2558505160746848,full,0.253295827190394,0.01034533402960406,0.23301934508433342,0.2735723092964546,1
997,2500,ccmar,0.2558505160746848,cc,0.27274544989646504,0.018734580949428144,0.23602634597013566,0.3094645538227944,1
997,2500,ccmar,0.2558505160746848,cc_ccproj,0.272745449896465,0.01873458094942815,0.2360263459701356,0.30946455382279436,1
997,2500,ccmar,0.2558505160746848,seq,0.2707233692561441,0.018566133583621934,0.23433441610008554,0.30711232241220265,1
998,2500,ccmar,0.2558505160746848,full,0.25463215856438576,0.010142676074823942,0.23475287875087475,0.27451143837789677,1
998,2500,ccmar,0.2558505160746848,cc,0.2269701997089399,0.01568970678431117,0.19621893948369626,0.25772145993418355,1
998,2500,ccmar,0.2558505160746848,cc_ccproj,0.22697019970894025,0.015689706784311152,0.19621893948369665,0.2577214599341838,1
998,2500,ccmar,0.2558505160746848,seq,0.22458385746523055,0.015191964144796583,0.1948081548870054,0.25435956004345567,0
999,2500,ccmar,0.2558505160746848,full,0.25805312712913353,0.014061227219353227,0.2304936282007669,0.28561262605750015,1
999,2500,ccmar,0.2558505160746848,cc,0.2794026051360496,0.01328270325039859,0.25336898514793527,0.3054362251241639,1
999,2500,ccmar,0.2558505160746848,cc_ccproj,0.2794026051360493,0.013282703250398592,0.25336898514793493,0.3054362251241637,1
999,2500,ccmar,0.2558505160746848,seq,0.27198433705640684,0.013088255471036711,0.24633182771271556,0.29763684640009813,1
1000,2500,ccmar,0.2558505160746848,full,0.2667803619742805,0.009587569346809223,0.24798907135525422,0.2855716525933068,1
1000,2500,ccmar,0.2558505160746848,cc,0.27658942691744687,0.015572209977435329,0.24606845620197834,0.3071103976329154,1
1000,2500,ccmar,0.2558505160746848,cc_ccproj,0.27658942691744676,0.015572209977435343,0.2460684562019782,0.3071103976329153,1
1000,2500,ccmar,0.2558505160746848,seq,0.27168430001030763,0.015336445254210232,0.24162541966118534,0.30174318035942993,1
1001,2500,ccmar,0.2558505160746848,full,0.26606097481898366,0.010434286248502267,0.24561014956753768,0.28651180007042965,1
1001,2500,ccmar,0.2558505160746848,cc,0.25418762119579935,0.012775845664507708,0.22914742382132205,0.2792278185702767,1
1001,2500,ccmar,0.2558505160746848,cc_ccproj,0.25418762119579924,0.012775845664507708,0.22914742382132194,0.27922781857027656,1
1001,2500,ccmar,0.2558505160746848,seq,0.25425175316916077,0.012496270999602354,0.2297595120688878,0.27874399426943375,1
1002,2500,ccmar,0.2558505160746848,full,0.24620605310542715,0.010379979944786075,0.22586166625339837,0.2665504399574559,1
1002,2500,ccmar,0.2558505160746848,cc,0.24602602620381112,0.018413393234262377,0.20993643863148337,0.28211561377613886,1
1002,2500,ccmar,0.2558505160746848,cc_ccproj,0.24602602620381123,0.01841339323426239,0.20993643863148342,0.28211561377613903,1
1002,2500,ccmar,0.2558505160746848,seq,0.24389325231217368,0.01787039521180549,0.2088679213075379,0.27891858331680947,1
1003,2500,ccmar,0.2558505160746848,full,0.2566574451691593,0.0089444101501333,0.23912672341194352,0.27418816692637504,1
1003,2500,ccmar,0.2558505160746848,cc,0.27591161702159095,0.014135326103419436,0.24820688694915996,0.30361634709402197,1
1003,2500,ccmar,0.2558505160746848,cc_ccproj,0.27591161702159084,0.014135326103419443,0.24820688694915982,0.30361634709402185,1
1003,2500,ccmar,0.2558505160746848,seq,0.2757629491210328,0.01408108245741046,0.2481645346411695,0.30336136360089605,1
1004,2500,ccmar,0.2558505160746848,full,0.2528031008400307,0.010110997590660283,0.2329859097145653,0.27262029196549614,1
1004,2500,ccmar,0.2558505160746848,cc,0.24476312131241348,0.011899384923188231,0.22144075542478564,0.26808548720004133,1
1004,2500,ccmar,0.2558505160746848,cc_ccproj,0.24476312131241337,0.011899384923188237,0.2214407554247855,0.2680854872000412,1
1004,2500,ccmar,0.2558505160746848,seq,0.2491623536854385,0.011814226134048143,0.22600689595749224,0.27231781141338474,1
1005,2500,ccmar,0.2558505160746848,full,0.25415773861123353,0.009620142531102731,0.23530260572413017,0.27301287149833686,1
1005,2500,ccmar,0.2558505160746848,cc,0.24332549155703037,0.012751989509861334,0.21833205138646958,0.26831893172759114,1
1005,2500,ccmar,0.2558505160746848,cc_ccproj,0.2433254915570306,0.012751989509861332,0.2183320513864698,0.26831893172759136,1
1005,2500,ccmar,0.2558505160746848,seq,0.2469728810023682,0.012536187548338223,0.2224024049041858,0.2715433571005506,1
1006,2500,ccmar,0.2558505160746848,full,0.2761039193055125,0.011467055457282566,0.25362890360051515,0.2985789350105098,1
1006,2500,ccmar,0.2558505160746848,cc,0.2634694656874156,0.012556004400240411,0.23886014927321794,0.28807878210161325,1
1006,2500,ccmar,0.2558505160746848,cc_ccproj,0.2634694656874156,0.012556004400240415,0.23886014927321791,0.28807878210161325,1
1006,2500,ccmar,0.2558505160746848,seq,0.2683263381060593,0.012545016570007514,0.2437385574433864,0.29291411876873225,1
1007,2500,ccmar,0.2558505160746848,full,0.24857492804648945,0.008931789640596478,0.2310689420334324,0.2660809140595465,1
1007,2500,ccmar,0.2558505160746848,cc,0.22481684937835397,0.01271433688361561,0.19989720699915814,0.2497364917575498,0
1007,2500,ccmar,0.2558505160746848,cc_ccproj,0.22481684937835417,0.012714336883615604,0.19989720699915836,0.24973649175754997,0
1007,2500,ccmar,0.2558505160746848,seq,0.22932824650499342,0.012204688050634824,0.2054074974832028,0.25324899552678404,0
1008,2500,ccmar,0.2558505160746848,full,0.24884359746056717,0.00922256695430746,0.2307676983851153,0.26691949653601904,1
1008,2500,ccmar,0.2558505160746848,cc,0.24922777769284685,0.014054681045224426,0.2216811090300092,0.2767744463556845,1
1008,2500,ccmar,0.2558505160746848,cc_ccproj,0.24922777769284685,0.014054681045224442,0.22168110903000918,0.2767744463556845,1
1008,2500,ccmar,0.2558505160746848,seq,0.2492519745953975,0.01380768464283436,0.22218940998555536,0.27631453920523963,1
1009,2500,ccmar,0.2558505160746848,full,0.24581658145751245,0.011050474764414328,0.22415804890719163,0.26747511400783325,1
1009,2500,ccmar,0.2558505160746848,cc,0.2317488574878358,0.013783491482023225,0.20473371060185566,0.2587640043738159,1
1009,2500,ccmar,0.2558505160746848,cc_ccproj,0.231748857487836,0.01378349148202322,0.20473371060185586,0.25876400437381614,1
1009,2500,ccmar,0.2558505160746848,seq,0.23149782209468703,0.013786140773747544,0.2044774826923427,0.2585181614970314,1
1010,2500,ccmar,0.2558505160746848,full,0.2679480669665487,0.010961045282332476,0.2464648129802644,0.289431320952833,1
1010,2500,ccmar,0.2558505160746848,cc,0.2560647236941064,0.01249309532169246,0.2315787068081633,0.2805507405800494,1
1010,2500,ccmar,0.2558505160746848,cc_ccproj,0.2560647236941062,0.012493095321692462,0.23157870680816314,0.28055074058004925,1
1010,2500,ccmar,0.2558505160746848,seq,0.25901557568825045,0.012209964112721162,0.2350844857747904,0.2829466656017105,1
1011,2500,ccmar,0.2558505160746848,full,0.2457993264598867,0.009274163466674347,0.22762230007846784,0.26397635284130555,1
1011,2500,ccmar,0.2558505160746848,cc,0.2470232910858552,0.01563170037089826,0.2163857213417732,0.2776608608299372,1
1011,2500,ccmar,0.2558505160746848,cc_ccproj,0.24702329108585513,0.01563170037089826,0.21638572134177314,0.27766086082993713,1
1011,2500,ccmar,0.2558505160746848,seq,0.2455391399968139,0.01498133901226211,0.2161762550925953,0.2749020249010325,1
1012,2500,ccmar,0.2558505160746848,full,0.2685184462229544,0.009606833450644267,0.249689398654217,0.28734749379169183,1
1012,2500,ccmar,0.2558505160746848,cc,0.26558559979413776,0.012474831185574404,0.24113537995719483,0.2900358196310807,1
1012,2500,ccmar,0.2558505160746848,cc_ccproj,0.26558559979413776,0.012474831185574416,0.2411353799571948,0.2900358196310807,1
1012,2500,ccmar,0.2558505160746848,seq,0.2711509324950167,0.012072442419009203,0.24748938014832506,0.29481248484170836,1
1013,2500,ccmar,0.2558505160746848,full,0.2642399712104954,0.009500893950448557,0.24561856124668177,0.2828613811743091,1
1013,2500,ccmar,0.2558505160746848,cc,0.2729733377899808,0.01744607879800037,0.23877965167445223,0.3071670239055094,1
1013,2500,ccmar,0.2558505160746848,cc_ccproj,0.27297333778998084,0.017446078798000378,0.23877965167445225,0.30716702390550943,1
1013,2500,ccmar,0.2558505160746848,seq,0.27559097422270157,0.01733694019138805,0.24161119584545604,0.3095707525999471,1
1014,2500,ccmar,0.2558505160746848,full,0.2583641671090973,0.0135389676821577,0.2318282780642165,0.2849000561539782,1
1014,2500,ccmar,0.2558505160746848,cc,0.2450617631517628,0.01744804566201087,0.2108642220536112,0.2792593042499144,1
1014,2500,ccmar,0.2558505160746848,cc_ccproj,0.2450617631517626,0.01744804566201089,0.21086422205361094,0.27925930424991424,1
1014,2500,ccmar,0.2558505160746848,seq,0.23860276900185765,0.01713145561961526,0.20502573298466542,0.27217980501904987,1
1015,2500,ccmar,0.2558505160746848,full,0.2387336532167202,0.009816767780684467,0.21949314192198544,0.25797416451145494,1
1015,2500,ccmar,0.2558505160746848,cc,0.24602999582211077,0.015476122613149752,0.21569735288001135,0.2763626387642102,1
1015,2500,ccmar,0.2558505160746848,cc_ccproj,0.24602999582211077,0.015476122613149741,0.21569735288001138,0.2763626387642102,1
1015,2500,ccmar,0.2558505160746848,seq,0.2498568302186735,0.014493914429519148,0.22144927994181057,0.2782643804955364,1
1016,2500,ccmar,0.2558505160746848,full,0.24998233209398377,0.00983350772483718,0.2307090111116065,0.26925565307636107,1
1016,2500,ccmar,0.2558505160746848,cc,0.2291455706616851,0.012768854417791456,0.20411907587897868,0.2541720654443915,0
1016,2500,ccmar,0.2558505160746848,cc_ccproj,0.2291455706616849,0.01276885441779145,0.20411907587897848,0.2541720654443913,0
1016,2500,ccmar,0.2558505160746848,seq,0.2324104060799978,0.012258167975253793,0.2083848383320581,0.25643597382793754,1
1017,2500,ccmar,0.2558505160746848,full,0.25273278197878934,0.01617871645216591,0.22102308041645852,0.2844424835411202,1
1017,2500,ccmar,0.2558505160746848,cc,0.3286440434459158,0.055825889137394814,0.21922731133169615,0.43806077556013545,1
1017,2500,ccmar,0.2558505160746848,cc_ccproj,0.32864404344591597,0.055825889137394814,0.21922731133169632,0.4380607755601356,1
1017,2500,ccmar,0.2558505160746848,seq,0.3246679497688958,0.055767700134541125,0.21536526600456568,0.4339706335332259,1
1018,2500,ccmar,0.2558505160746848,full,0.23596762447905703,0.011051142397706605,0.21430778339152848,0.2576274655665856,1
1018,2500,ccmar,0.2558505160746848,cc,0.23082802103100267,0.016478069836127464,0.198531597617457,0.2631244444445483,1
1018,2500,ccmar,0.2558505160746848,cc_ccproj,0.23082802103100258,0.01647806983612746,0.19853159761745692,0.26312444444454824,1
1018,2500,ccmar,0.2558505160746848,seq,0.23087527767386465,0.015291407813256766,0.200904669086967,0.26084588626076227,1
1019,2500,ccmar,0.2558505160746848,full,0.25565314752635215,0.010294075705480748,0.23547712988948113,0.27582916516322314,1
1019,2500,ccmar,0.2558505160746848,cc,0.2616838083155415,0.016084452149023744,0.23015886139239708,0.2932087552386859,1
1019,2500,ccmar,0.2558505160746848,cc_ccproj,0.26168380831554156,0.01608445214902375,0.23015886139239713,0.293208755238686,1
1019,2500,ccmar,0.2558505160746848,seq,0.2567092672821489,0.016068646584409815,0.22521529869640308,0.28820323586789465,1
1020,2500,ccmar,0.2558505160746848,full,0.25848811543516625,0.011524750056499443,0.2359000203936014,0.2810762104767311,1
1020,2500,ccmar,0.2558505160746848,cc,0.2758799855969722,0.030136614132519664,0.21681330728125284,0.3349466639126915,1
1020,2500,ccmar,0.2558505160746848,cc_ccproj,0.27587998559697224,0.030136614132519668,0.2168133072812529,0.33494666391269157,1
1020,2500,ccmar,0.2558505160746848,seq,0.28076238712701096,0.029722766141787007,0.2225068359682019,0.33901793828582005,1
1021,2500,ccmar,0.2558505160746848,full,0.2574844620028567,0.011959425185268322,0.2340444193639295,0.28092450464178387,1
1021,2500,ccmar,0.2558505160746848,cc,0.2677291087165136,0.015683719351919485,0.23698958364311756,0.2984686337899097,1
1021,2500,ccmar,0.2558505160746848,cc_ccproj,0.2677291087165136,0.015683719351919503,0.2369895836431175,0.29846863378990973,1
1021,2500,ccmar,0.2558505160746848,seq,0.26247332326118444,0.015263718209430224,0.232556985300533,0.2923896612218359,1
1022,2500,ccmar,0.2558505160746848,full,0.26828963941047557,0.010988967232882707,0.24675165940673469,0.2898276194142164,1
1022,2500,ccmar,0.2558505160746848,cc,0.26220948195054306,0.013294800603686686,0.2361521515856758,0.28826681231541035,1
1022,2500,ccmar,0.2558505160746848,cc_ccproj,0.262209481950543,0.01329480060368669,0.2361521515856757,0.2882668123154103,1
1022,2500,ccmar,0.2558505160746848,seq,0.26568384322201494,0.012866825479059141,0.24046532868769668,0.29090235775633316,1
1023,2500,ccmar,0.2558505160746848,full,0.2422973858416843,0.008656115400450646,0.22533171141077854,0.2592630602725901,1
1023,2500,ccmar,0.2558505160746848,cc,0.25541120509449095,0.014666716523381418,0.22666496893720486,0.28415744125177705,1
1023,2500,ccmar,0.2558505160746848,cc_ccproj,0.25541120509449095,0.014666716523381425,0.22666496893720484,0.28415744125177705,1
1023,2500,ccmar,0.2558505160746848,seq,0.2595021253255069,0.014360653355011544,0.23135576195522,0.28764848869579385,1
1024,2500,ccmar,0.2558505160746848,full,0.2698757373525892,0.009048288044280393,0.25214141866405526,0.2876100560411231,1
1024,2500,ccmar,0.2558505160746848,cc,0.2702358113962953,0.015050511199031266,0.2407373514972773,0.2997342712953133,1
1024,2500,ccmar,0.2558505160746848,cc_ccproj,0.2702358113962952,0.015050511199031275,0.24073735149727715,0.29973427129531327,1
1024,2500,ccmar,0.2558505160746848,seq,0.2737644488578737,0.014811564356229379,0.24473431616496694,0.3027945815507805,1
1025,2500,ccmar,0.2558505160746848,full,0.270653062943324,0.009589563350695326,0.25185786414849587,0.2894482617381521,1
1025,2500,ccmar,0.2558505160746848,cc,0.2685300515445965,0.016352015371233514,0.2364806903423335,0.30057941274685956,1
1025,2500,ccmar,0.2558505160746848,cc_ccproj,0.2685300515445967,0.016352015371233514,0.23648069034233365,0.30057941274685973,1
1025,2500,ccmar,0.2558505160746848,seq,0.27175775595594376,0.01657668959851953,0.23926804135994575,0.3042474705519418,1
1026,2500,ccmar,0.2558505160746848,full,0.2455773580993308,0.009462730669532033,0.22703074679164542,0.26412396940701616,1
1026,2500,ccmar,0.2558505160746848,cc,0.2448727766275789,0.01451507996033008,0.21642374267261286,0.2733218105825449,1
1026,2500,ccmar,0.2558505160746848,cc_ccproj,0.244872776627579,0.014515079960330078,0.21642374267261297,0.273321810582545,1
1026,2500,ccmar,0.2558505160746848,seq,0.24689070027034285,0.014080736031237495,0.2192929647733019,0.2744884357673838,1
1027,2500,ccmar,0.2558505160746848,full,0.2703525362338366,0.009556080312435067,0.2516229629880916,0.2890821094795816,1
1027,2500,ccmar,0.2558505160746848,cc,0.27560327097151816,0.014658819572922635,0.24687251255271897,0.30433402939031734,1
1027,2500,ccmar,0.2558505160746848,cc_ccproj,0.27560327097151827,0.014658819572922642,0.24687251255271908,0.30433402939031745,1
1027,2500,ccmar,0.2558505160746848,seq,0.27023127058550106,0.01467608709046835,0.24146666845420986,0.29899587271679223,1
1028,2500,ccmar,0.2558505160746848,full,0.26486342089551546,0.010707351499759517,0.24387739758617588,0.28584944420485503,1
1028,2500,ccmar,0.2558505160746848,cc,0.2721785304134213,0.018139198261988846,0.23662635511149166,0.307730705715351,1
1028,2500,ccmar,0.2558505160746848,cc_ccproj,0.2721785304134212,0.018139198261988856,0.23662635511149152,0.30773070571535094,1
1028,2500,ccmar,0.2558505160746848,seq,0.27743383187391835,0.018026058136578454,0.24210340714299938,0.3127642566048373,1
1029,2500,ccmar,0.2558505160746848,full,0.2716046671654624,0.011986344351218899,0.24811186393077822,0.29509747040014656,1
1029,2500,ccmar,0.2558505160746848,cc,0.27735875781899094,0.015543432531293831,0.24689418986152678,0.3078233257764551,1
1029,2500,ccmar,0.2558505160746848,cc_ccproj,0.27735875781899105,0.015543432531293836,0.2468941898615269,0.3078233257764552,1
1029,2500,ccmar,0.2558505160746848,seq,0.2714558239727134,0.01523456160030035,0.24159663191586783,0.30131501602955896,1
1030,2500,ccmar,0.2558505160746848,full,0.2585272848410612,0.010023847795171925,0.238880904176013,0.2781736655061094,1
1030,2500,ccmar,0.2558505160746848,cc,0.24169828978448185,0.017244477899373806,0.20789973416951227,0.2754968453994514,1
1030,2500,ccmar,0.2558505160746848,cc_ccproj,0.2416982897844819,0.017244477899373813,0.2078997341695123,0.2754968453994515,1
1030,2500,ccmar,0.2558505160746848,seq,0.2428489406676116,0.016422356759938857,0.21066171287686353,0.27503616845835965,1
1031,2500,ccmar,0.2558505160746848,full,0.22953069592831085,0.015791360721575238,0.19858019764714294,0.26048119420947874,1
1031,2500,ccmar,0.2558505160746848,cc,0.25696477300345694,0.013118381014782843,0.23125321867900855,0.2826763273279053,1
1031,2500,ccmar,0.2558505160746848,cc_ccproj,0.2569647730034569,0.013118381014782845,0.2312532186790085,0.28267632732790526,1
1031,2500,ccmar,0.2558505160746848,seq,0.24732301037753032,0.012900289253341026,0.22203890805083282,0.2726071127042278,1
1032,2500,ccmar,0.2558505160746848,full,0.24691960045412506,0.008950332150933087,0.2293772717886253,0.26446192911962485,1
1032,2500,ccmar,0.2558505160746848,cc,0.25758047209888646,0.013953858128167875,0.23023141272229594,0.284929531475477,1
1032,2500,ccmar,0.2558505160746848,cc_ccproj,0.25758047209888646,0.013953858128167886,0.23023141272229591,0.284929531475477,1
1032,2500,ccmar,0.2558505160746848,seq,0.2566600834852417,0.013477431264788387,0.23024480360214236,0.28307536336834105,1
1033,2500,ccmar,0.2558505160746848,full,0.25950384481659705,0.00943835854317775,0.24100500199879274,0.2780026876344014,1
1033,2500,ccmar,0.2558505160746848,cc,0.2610322567079329,0.013296771092029074,0.23497106425688258,0.2870934491589832,1
1033,2500,ccmar,0.2558505160746848,cc_ccproj,0.26103225670793295,0.013296771092029081,0.23497106425688263,0.28709344915898327,1
1033,2500,ccmar,0.2558505160746848,seq,0.26290311354068463,0.01331381376768662,0.23680851805914532,0.28899770902222394,1
1034,2500,ccmar,0.2558505160746848,full,0.2692557553338001,0.01047256396382144,0.24872990713891804,0.28978160352868215,1
1034,2500,ccmar,0.2558505160746848,cc,0.26946844475204795,0.013237634096017295,0.24352315868333463,0.2954137308207613,1
1034,2500,ccmar,0.2558505160746848,cc_ccproj,0.26946844475204806,0.013237634096017295,0.24352315868333474,0.2954137308207614,1
1034,2500,ccmar,0.2558505160746848,seq,0.2675643134206937,0.012462324250463556,0.243138606726125,0.29199002011526237,1
1035,2500,ccmar,0.2558505160746848,full,0.25258063684443083,0.009240539923369546,0.23446951139692201,0.27069176229193964,1
1035,2500,ccmar,0.2558505160746848,cc,0.25740233744101343,0.013285418827824183,0.2313633950189477,0.28344127986307915,1
1035,2500,ccmar,0.2558505160746848,cc_ccproj,0.2574023374410133,0.013285418827824183,0.2313633950189476,0.28344127986307904,1
1035,2500,ccmar,0.2558505160746848,seq,0.25356088554902473,0.012770167950217523,0.2285318162900707,0.27858995480797877,1
1036,2500,ccmar,0.2558505160746848,full,0.26076060586024,0.009912408436300089,0.24133264232504087,0.2801885693954392,1
1036,2500,ccmar,0.2558505160746848,cc,0.26316607088268223,0.01451379953248889,0.23471954652016974,0.29161259524519473,1
1036,2500,ccmar,0.2558505160746848,cc_ccproj,0.26316607088268207,0.014513799532488894,0.23471954652016958,0.29161259524519456,1
1036,2500,ccmar,0.2558505160746848,seq,0.26184730353188257,0.01429554695827668,0.23382854635435915,0.28986606070940596,1
1037,2500,ccmar,0.2558505160746848,full,0.2573202310266611,0.008879827373304087,0.23991608918605214,0.27472437286727,1
1037,2500,ccmar,0.2558505160746848,cc,0.27330968905840974,0.012608229393390385,0.2485980135385453,0.2980213645782742,1
1037,2500,ccmar,0.2558505160746848,cc_ccproj,0.27330968905840963,0.01260822939339038,0.2485980135385452,0.29802136457827405,1
1037,2500,ccmar,0.2558505160746848,seq,0.2646840053325205,0.012337581427213988,0.2405027900788508,0.2888652205861902,1
1038,2500,ccmar,0.2558505160746848,full,0.25094890919459073,0.010630280738483617,0.230113941801613,0.2717838765875685,1
1038,2500,ccmar,0.2558505160746848,cc,0.23540891083787163,0.01358640604507418,0.20878004431018896,0.2620377773655543,1
1038,2500,ccmar,0.2558505160746848,cc_ccproj,0.23540891083787138,0.013586406045074178,0.2087800443101887,0.26203777736555406,1
1038,2500,ccmar,0.2558505160746848,seq,0.24362897685723947,0.01360918102134721,0.21695547219631292,0.27030248151816605,1
1039,2500,ccmar,0.2558505160746848,full,0.24993357353768034,0.01017865321493034,0.22998377982529403,0.2698833672500666,1
1039,2500,ccmar,0.2558505160746848,cc,0.25915163276388775,0.015550330338850577,0.2286735453520401,0.2896297201757354,1
1039,2500,ccmar,0.2558505160746848,cc_ccproj,0.25915163276388764,0.015550330338850577,0.22867354535204,0.2896297201757353,1
1039,2500,ccmar,0.2558505160746848,seq,0.25928125999863255,0.015169910044066273,0.22954878266355022,0.2890137373337149,1
1040,2500,ccmar,0.2558505160746848,full,0.24774079177044456,0.009494197421376239,0.22913250676243407,0.26634907677845504,1
1040,2500,ccmar,0.2558505160746848,cc,0.26043087550580524,0.015444199598986526,0.2301608005217437,0.29070095048986677,1
1040,2500,ccmar,0.2558505160746848,cc_ccproj,0.26043087550580524,0.015444199598986528,0.2301608005217437,0.29070095048986677,1
1040,2500,ccmar,0.2558505160746848,seq,0.26130854191472475,0.015219890522812134,0.23147810464137047,0.291138979188079,1
1041,2500,ccmar,0.2558505160746848,full,0.23297002283412235,0.012203500936604932,0.20905160051307586,0.25688844515516884,1
1041,2500,ccmar,0.2558505160746848,cc,0.21921014777905165,0.01056033382876027,0.19851227380996156,0.23990802174814174,0
1041,2500,ccmar,0.2558505160746848,cc_ccproj,0.2192101477790517,0.01056033382876027,0.19851227380996161,0.2399080217481418,0
1041,2500,ccmar,0.2558505160746848,seq,0.219466496916905,0.01034333584633897,0.19919393117807851,0.2397390626557315,0
1042,2500,ccmar,0.2558505160746848,full,0.262638279342728,0.010641686753739568,0.24178095657064147,0.2834956021148145,1
1042,2500,ccmar,0.2558505160746848,cc,0.27428432358600285,0.016350857545669787,0.2422372316801451,0.3063314154918606,1
1042,2500,ccmar,0.2558505160746848,cc_ccproj,0.27428432358600285,0.01635085754566977,0.24223723168014513,0.3063314154918606,1
1042,2500,ccmar,0.2558505160746848,seq,0.2763719780936887,0.015273460483815197,0.2464365456261152,0.3063074105612622,1
1043,2500,ccmar,0.2558505160746848,full,0.2577199020599498,0.010192763232206437,0.23774245322188114,0.2776973508980185,1
1043,2500,ccmar,0.2558505160746848,cc,0.25134935357143223,0.013556061967879998,0.22477996034219427,0.2779187468006702,1
1043,2500,ccmar,0.2558505160746848,cc_ccproj,0.2513493535714324,0.013556061967879996,0.22477996034219444,0.27791874680067036,1
1043,2500,ccmar,0.2558505160746848,seq,0.2462926339842982,0.013401009032189614,0.2200271389247106,0.2725581290438858,1
1044,2500,ccmar,0.2558505160746848,full,0.2531586165946181,0.009818471892772252,0.23391476530156566,0.27240246788767053,1
1044,2500,ccmar,0.2558505160746848,cc,0.22115938324122203,0.022908121292783568,0.17626029055389109,0.266058475928553,1
1044,2500,ccmar,0.2558505160746848,cc_ccproj,0.2211593832412221,0.02290812129278357,0.17626029055389117,0.26605847592855303,1
1044,2500,ccmar,0.2558505160746848,seq,0.2217379827167745,0.022318959304750995,0.17799362630704743,0.2654823391265016,1
1045,2500,ccmar,0.2558505160746848,full,0.2609803591771977,0.008947179188556108,0.24344421020440143,0.27851650814999396,1
1045,2500,ccmar,0.2558505160746848,cc,0.24544430461151315,0.013287452206227417,0.21940137684101013,0.27148723238201616,1
1045,2500,ccmar,0.2558505160746848,cc_ccproj,0.24544430461151315,0.013287452206227419,0.21940137684101013,0.27148723238201616,1
1045,2500,ccmar,0.2558505160746848,seq,0.24627204006109168,0.01277458660455016,0.22123431039878555,0.2713097697233978,1
1046,2500,ccmar,0.2558505160746848,full,0.2541423691112909,0.011158691530377483,0.23227173559715888,0.2760130026254229,1
1046,2500,ccmar,0.2558505160746848,cc,0.22729200873281633,0.012728690180612139,0.2023442344084479,0.25223978305718475,0
1046,2500,ccmar,0.2558505160746848,cc_ccproj,0.22729200873281652,0.012728690180612134,0.2023442344084481,0.2522397830571849,0
1046,2500,ccmar,0.2558505160746848,seq,0.2285415731191559,0.012463311436911229,0.20411393157470376,0.25296921466360806,0
1047,2500,ccmar,0.2558505160746848,full,0.24067755786243833,0.00816063824494472,0.2246830008114865,0.25667211491339015,1
1047,2500,ccmar,0.2558505160746848,cc,0.24058654581463002,0.014944660410816909,0.21129554964824732,0.2698775419810127,1
1047,2500,ccmar,0.2558505160746848,cc_ccproj,0.24058654581462988,0.014944660410816905,0.21129554964824718,0.2698775419810126,1
1047,2500,ccmar,0.2558505160746848,seq,0.23870317185205595,0.014499329444502556,0.2102850083408498,0.2671213353632621,1
1048,2500,ccmar,0.2558505160746848,full,0.2570751795689534,0.009510700233826498,0.23843454964289681,0.27571580949501,1
1048,2500,ccmar,0.2558505160746848,cc,0.26700240303855616,0.01348175590198778,0.2405786470222998,0.2934261590548125,1
1048,2500,ccmar,0.2558505160746848,cc_ccproj,0.26700240303855627,0.013481755901987793,0.2405786470222999,0.2934261590548127,1
1048,2500,ccmar,0.2558505160746848,seq,0.26418841004007043,0.012996945775692902,0.23871486441069234,0.2896619556694485,1
1049,2500,ccmar,0.2558505160746848,full,0.2652723212335645,0.011866077706672267,0.24201523629073318,0.2885294061763958,1
1049,2500,ccmar,0.2558505160746848,cc,0.24306307698454785,0.016544327423065205,0.2106367910869017,0.275489362882194,1
1049,2500,ccmar,0.2558505160746848,cc_ccproj,0.2430630769845478,0.01654432742306519,0.21063679108690164,0.27548936288219394,1
1049,2500,ccmar,0.2558505160746848,seq,0.24726511665343998,0.016402884666544014,0.2151160534644494,0.27941417984243055,1
1050,2500,ccmar,0.2558505160746848,full,0.2585799819296414,0.01006806921208354,0.2388469288801011,0.2783130349791817,1
1050,2500,ccmar,0.2558505160746848,cc,0.25909888759026073,0.01627110492706047,0.22720810794455,0.29098966723597147,1
1050,2500,ccmar,0.2558505160746848,cc_ccproj,0.2590988875902605,0.016271104927060482,0.22720810794454974,0.2909896672359713,1
1050,2500,ccmar,0.2558505160746848,seq,0.2610273299368642,0.015976145770119524,0.22971465961566803,0.2923400002580604,1
1051,2500,ccmar,0.2558505160746848,full,0.23906396887226702,0.0094868664111742,0.22047005238022283,0.2576578853643112,1
1051,2500,ccmar,0.2558505160746848,cc,0.22166264346942616,0.016013508028024166,0.19027674446835577,0.2530485424704966,0
1051,2500,ccmar,0.2558505160746848,cc_ccproj,0.22166264346942652,0.016013508028024134,0.19027674446835618,0.25304854247049685,0
1051,2500,ccmar,0.2558505160746848,seq,0.2291984017217782,0.01482298920638449,0.20014587673403864,0.25825092670951777,1
1052,2500,ccmar,0.2558505160746848,full,0.25731183043179257,0.011440344480915405,0.2348891672784668,0.2797344935851183,1
1052,2500,ccmar,0.2558505160746848,cc,0.27427905666988,0.019850542877635723,0.2353727075561459,0.3131854057836141,1
1052,2500,ccmar,0.2558505160746848,cc_ccproj,0.27427905666988,0.019850542877635737,0.23537270755614587,0.31318540578361415,1
1052,2500,ccmar,0.2558505160746848,seq,0.2751411193960418,0.019831570724337735,0.23627195501948092,0.31401028377260265,1
1053,2500,ccmar,0.2558505160746848,full,0.26574030917123304,0.008713192473960421,0.24866276573190516,0.2828178526105609,1
1053,2500,ccmar,0.2558505160746848,cc,0.26575383864665786,0.014225549865151552,0.2378722732506822,0.2936354040426335,1
1053,2500,ccmar,0.2558505160746848,cc_ccproj,0.2657538386466578,0.014225549865151552,0.23787227325068214,0.29363540404263344,1
1053,2500,ccmar,0.2558505160746848,seq,0.2602562415441751,0.013586283672981522,0.23362761486138675,0.28688486822696346,1
1054,2500,ccmar,0.2558505160746848,full,0.25415716507773023,0.009918451342146558,0.23471735766471002,0.27359697249075043,1
1054,2500,ccmar,0.2558505160746848,cc,0.2836068817352589,0.021921937030866007,0.24064067468340658,0.32657308878711117,1
1054,2500,ccmar,0.2558505160746848,cc_ccproj,0.28360688173525894,0.021921937030866007,0.24064067468340664,0.3265730887871112,1
1054,2500,ccmar,0.2558505160746848,seq,0.27542859613537773,0.02186987104453797,0.23256443654154796,0.3182927557292075,1
1055,2500,ccmar,0.2558505160746848,full,0.2565091112641229,0.011718875512140004,0.23354053732102012,0.2794776852072257,1
1055,2500,ccmar,0.2558505160746848,cc,0.23467952967963698,0.018237475801430224,0.19893473393991298,0.270424325419361,1
1055,2500,ccmar,0.2558505160746848,cc_ccproj,0.23467952967963698,0.018237475801430248,0.19893473393991296,0.270424325419361,1
1055,2500,ccmar,0.2558505160746848,seq,0.23269307576924012,0.017836901926883246,0.19773339039677587,0.2676527611417044,1
1056,2500,ccmar,0.2558505160746848,full,0.2605851325666703,0.01080677433000806,0.23940424409080255,0.2817660210425381,1
1056,2500,ccmar,0.2558505160746848,cc,0.2708098328774914,0.022089984592155304,0.22751425865782227,0.3141054070971605,1
1056,2500,ccmar,0.2558505160746848,cc_ccproj,0.27080983287749155,0.022089984592155294,0.22751425865782246,0.3141054070971606,1
1056,2500,ccmar,0.2558505160746848,seq,0.27114481591533224,0.021686176793698563,0.22864069043731475,0.31364894139334976,1
1057,2500,ccmar,0.2558505160746848,full,0.2673067371185463,0.009304261767728224,0.249070719151066,0.2855427550860266,1
1057,2500,ccmar,0.2558505160746848,cc,0.26643550025683155,0.013011053441977132,0.24093430410963046,0.29193669640403264,1
1057,2500,ccmar,0.2558505160746848,cc_ccproj,0.26643550025683155,0.013011053441977123,0.2409343041096305,0.29193669640403264,1
1057,2500,ccmar,0.2558505160746848,seq,0.2684227953347932,0.012362961039512678,0.24419183695507646,0.2926537537145099,1
1058,2500,ccmar,0.2558505160746848,full,0.2725488778902378,0.010460568299265456,0.2520465407658561,0.2930512150146195,1
1058,2500,ccmar,0.2558505160746848,cc,0.2732998393313176,0.023274942875165402,0.22768178955376625,0.31891788910886887,1
1058,2500,ccmar,0.2558505160746848,cc_ccproj,0.2732998393313177,0.023274942875165402,0.22768178955376636,0.318917889108869,1
1058,2500,ccmar,0.2558505160746848,seq,0.2754777545175413,0.02228030139023255,0.2318091662279878,0.3191463428070948,1
1059,2500,ccmar,0.2558505160746848,full,0.23919787544663623,0.00861319859222904,0.2223163164141762,0.25607943447909626,1
1059,2500,ccmar,0.2558505160746848,cc,0.25875048839407483,0.014738728884478126,0.2298631106025975,0.28763786618555215,1
1059,2500,ccmar,0.2558505160746848,cc_ccproj,0.25875048839407483,0.01473872888447811,0.22986311060259754,0.28763786618555215,1
1059,2500,ccmar,0.2558505160746848,seq,0.25053808855197196,0.014253204319268126,0.2226023214219157,0.2784738556820282,1
1060,2500,ccmar,0.2558505160746848,full,0.24191184726589043,0.01474008713357414,0.21302180735510287,0.27080188717667797,1
1060,2500,ccmar,0.2558505160746848,cc,0.2453912342913594,0.012862936442849306,0.22018034212794702,0.2706021264547718,1
1060,2500,ccmar,0.2558505160746848,cc_ccproj,0.24539123429135942,0.012862936442849315,0.22018034212794702,0.27060212645477183,1
1060,2500,ccmar,0.2558505160746848,seq,0.24457893409302336,0.012554023997347709,0.2199734991971703,0.26918436898887643,1
1061,2500,ccmar,0.2558505160746848,full,0.2593370415707386,0.009047941630935091,0.24160340183988524,0.277070681301592,1
1061,2500,ccmar,0.2558505160746848,cc,0.26742573374447703,0.017961546676937147,0.23222174915104515,0.3026297183379089,1
1061,2500,ccmar,0.2558505160746848,cc_ccproj,0.2674257337444768,0.01796154667693715,0.2322217491510449,0.3026297183379087,1
1061,2500,ccmar,0.2558505160746848,seq,0.2690172051492999,0.01778397686567672,0.23416125099068,0.3038731593079198,1
1062,2500,ccmar,0.2558505160746848,full,0.26072874949398345,0.009211107402770553,0.24267531072682288,0.278782188261144,1
1062,2500,ccmar,0.2558505160746848,cc,0.24980267340790696,0.01359452641160331,0.22315789125428592,0.276447455561528,1
1062,2500,ccmar,0.2558505160746848,cc_ccproj,0.24980267340790707,0.013594526411603287,0.2231578912542861,0.27644745556152805,1
1062,2500,ccmar,0.2558505160746848,seq,0.25009419018396245,0.012565791797201681,0.2254656908242183,0.2747226895437066,1
1063,2500,ccmar,0.2558505160746848,full,0.2677420848988225,0.009536183660668508,0.2490515083739529,0.2864326614236921,1
1063,2500,ccmar,0.2558505160746848,cc,0.2763896821730009,0.02029786961792059,0.23660658875898677,0.31617277558701506,1
1063,2500,ccmar,0.2558505160746848,cc_ccproj,0.27638968217300114,0.020297869617920603,0.23660658875898696,0.3161727755870153,1
1063,2500,ccmar,0.2558505160746848,seq,0.27558270776767146,0.020042091432060895,0.23630093038597333,0.3148644851493696,1
1064,2500,ccmar,0.2558505160746848,full,0.2372817672590791,0.009872136767798446,0.21793273474374047,0.2566307997744177,1
1064,2500,ccmar,0.2558505160746848,cc,0.23207499530849132,0.016269385096700652,0.20018758646834534,0.2639624041486373,1
1064,2500,ccmar,0.2558505160746848,cc_ccproj,0.2320749953084914,0.016269385096700652,0.20018758646834542,0.26396240414863736,1
1064,2500,ccmar,0.2558505160746848,seq,0.2370631503809082,0.015948603892471335,0.20580446114796908,0.2683218396138473,1
1065,2500,ccmar,0.2558505160746848,full,0.25890598775628404,0.008706473599697928,0.2418416130685273,0.2759703624440408,1
1065,2500,ccmar,0.2558505160746848,cc,0.24870333216809548,0.01118692996265815,0.2267773523437135,0.2706293119924775,1
1065,2500,ccmar,0.2558505160746848,cc_ccproj,0.24870333216809548,0.011186929962658153,0.2267773523437135,0.2706293119924775,1
1065,2500,ccmar,0.2558505160746848,seq,0.24916737773787814,0.010834741284782522,0.22793167503789516,0.2704030804378611,1
1066,2500,ccmar,0.2558505160746848,full,0.25176934826562275,0.01202170055300802,0.22820724814880178,0.2753314483824437,1
1066,2500,ccmar,0.2558505160746848,cc,0.24127526380373543,0.01420191101207589,0.2134400297084239,0.26911049789904695,1
1066,2500,ccmar,0.2558505160746848,cc_ccproj,0.24127526380373537,0.014201911012075899,0.21344002970842382,0.26911049789904695,1
1066,2500,ccmar,0.2558505160746848,seq,0.23611319090605448,0.013904379124645191,0.20886110859435936,0.2633652732177496,1
1067,2500,ccmar,0.2558505160746848,full,0.2558170772081862,0.009647841340585175,0.2369076556520826,0.2747264987642898,1
1067,2500,ccmar,0.2558505160746848,cc,0.248905891341193,0.017524683262658332,0.21455814330591078,0.28325363937647524,1
1067,2500,ccmar,0.2558505160746848,cc_ccproj,0.248905891341193,0.01752468326265832,0.2145581433059108,0.2832536393764752,1
1067,2500,ccmar,0.2558505160746848,seq,0.24778528900466268,0.016429311128392268,0.21558443090221072,0.27998614710711467,1
1068,2500,ccmar,0.2558505160746848,full,0.24840372524941495,0.011286006865803751,0.22628355826316782,0.2705238922356621,1
1068,2500,ccmar,0.2558505160746848,cc,0.2527585340093952,0.01613998837902154,0.22112473807561794,0.28439232994317243,1
1068,2500,ccmar,0.2558505160746848,cc_ccproj,0.25275853400939513,0.016139988379021544,0.2211247380756179,0.2843923299431724,1
1068,2500,ccmar,0.2558505160746848,seq,0.250973073292176,0.015886885175928976,0.21983535052083192,0.2821107960635201,1
1069,2500,ccmar,0.2558505160746848,full,0.2732329631655294,0.009420560805021325,0.254769003273518,0.29169692305754086,1
1069,2500,ccmar,0.2558505160746848,cc,0.2852245419483022,0.01811387944497691,0.2497219906158471,0.3207270932807573,1
1069,2500,ccmar,0.2558505160746848,cc_ccproj,0.28522454194830243,0.018113879444976916,0.2497219906158473,0.32072709328075755,1
1069,2500,ccmar,0.2558505160746848,seq,0.28381691212337984,0.01797740937491316,0.2485818372132173,0.3190519870335424,1
1070,2500,ccmar,0.2558505160746848,full,0.25808531156821557,0.010187117767736027,0.2381189276371849,0.27805169549924624,1
1070,2500,ccmar,0.2558505160746848,cc,0.25875178973193713,0.015168987729403526,0.2290211201003762,0.28848245936349803,1
1070,2500,ccmar,0.2558505160746848,cc_ccproj,0.2587517897319371,0.01516898772940352,0.22902112010037617,0.288482459363498,1
1070,2500,ccmar,0.2558505160746848,seq,0.2556028071742724,0.01476845693373681,0.22665716347691744,0.2845484508716274,1
1071,2500,ccmar,0.2558505160746848,full,0.2522491362320914,0.008654164235257422,0.23528728601469223,0.26921098644949054,1
1071,2500,ccmar,0.2558505160746848,cc,0.26341603492109755,0.01211062286299557,0.23967965027927887,0.2871524195629162,1
1071,2500,ccmar,0.2558505160746848,cc_ccproj,0.26341603492109755,0.012110622862995569,0.23967965027927887,0.2871524195629162,1
1071,2500,ccmar,0.2558505160746848,seq,0.26048069584342276,0.011925554179791568,0.2371070391553502,0.2838543525314953,1
1072,2500,ccmar,0.2558505160746848,full,0.2541868890054462,0.009667362201218183,0.23523920726555472,0.2731345707453377,1
1072,2500,ccmar,0.2558505160746848,cc,0.24467561499522864,0.015713840485751324,0.21387705358434866,0.2754741764061086,1
1072,2500,ccmar,0.2558505160746848,cc_ccproj,0.24467561499522844,0.015713840485751328,0.21387705358434844,0.27547417640610844,1
1072,2500,ccmar,0.2558505160746848,seq,0.24058643003810176,0.015180573381160049,0.21083305294636062,0.2703398071298429,1
1073,2500,ccmar,0.2558505160746848,full,0.276799445104271,0.011180173854887777,0.25488670700779464,0.2987121832007474,1
1073,2500,ccmar,0.2558505160746848,cc,0.30674562491718543,0.028341104673745243,0.25119808047456493,0.36229316935980593,1
1073,2500,ccmar,0.2558505160746848,cc_ccproj,0.3067456249171857,0.028341104673745253,0.2511980804745652,0.3622931693598062,1
1073,2500,ccmar,0.2558505160746848,seq,0.30677473734413524,0.02808492572511555,0.2517292944144263,0.36182018027384416,1
1074,2500,ccmar,0.2558505160746848,full,0.2623565112720348,0.010753073486247107,0.2412808745158779,0.28343214802819167,1
1074,2500,ccmar,0.2558505160746848,cc,0.2699192984249885,0.01621553505609983,0.23813743372498616,0.30170116312499085,1
1074,2500,ccmar,0.2558505160746848,cc_ccproj,0.26991929842498846,0.01621553505609983,0.2381374337249861,0.3017011631249908,1
1074,2500,ccmar,0.2558505160746848,seq,0.2624327322270756,0.01577333012691485,0.23151757326206188,0.29334789119208926,1
1075,2500,ccmar,0.2558505160746848,full,0.24836694007107313,0.00917799085507792,0.23037840854468244,0.2663554715974638,1
1075,2500,ccmar,0.2558505160746848,cc,0.250225519879487,0.011162344072116049,0.22834772751509536,0.2721033122438786,1
1075,2500,ccmar,0.2558505160746848,cc_ccproj,0.25022551987948694,0.011162344072116057,0.2283477275150953,0.27210331224387857,1
1075,2500,ccmar,0.2558505160746848,seq,0.24540814757419274,0.010856686879356663,0.22412943229922513,0.2666868628491604,1
1076,2500,ccmar,0.2558505160746848,full,0.2707137796552254,0.009511240193574568,0.25207209142750947,0.28935546788294136,1
1076,2500,ccmar,0.2558505160746848,cc,0.27806456911253014,0.017981015594550148,0.24282242614175878,0.3133067120833015,1
1076,2500,ccmar,0.2558505160746848,cc_ccproj,0.27806456911253036,0.017981015594550155,0.24282242614175897,0.31330671208330174,1
1076,2500,ccmar,0.2558505160746848,seq,0.27225236191015395,0.017587846677352418,0.23778081585693076,0.3067239079633771,1
1077,2500,ccmar,0.2558505160746848,full,0.2768259417221413,0.016929242861978597,0.24364523542713146,0.31000664801715117,1
1077,2500,ccmar,0.2558505160746848,cc,0.31098016258663674,0.05382009323991623,0.2054947181918133,0.4164656069814602,1
1077,2500,ccmar,0.2558505160746848,cc_ccproj,0.31098016258663685,0.05382009323991623,0.20549471819181342,0.4164656069814603,1
1077,2500,ccmar,0.2558505160746848,seq,0.3102020390024606,0.05397635951487014,0.20441031833672924,0.4159937596681919,1
1078,2500,ccmar,0.2558505160746848,full,0.25550095249503835,0.00990118415642392,0.23609498814414887,0.27490691684592783,1
1078,2500,ccmar,0.2558505160746848,cc,0.22950666490502208,0.015511414578127339,0.19910485098262296,0.25990847882742124,1
1078,2500,ccmar,0.2558505160746848,cc_ccproj,0.22950666490502214,0.015511414578127323,0.19910485098262304,0.25990847882742124,1
1078,2500,ccmar,0.2558505160746848,seq,0.23558961795086275,0.01469515219646504,0.2067876488984566,0.2643915870032689,1
1079,2500,ccmar,0.2558505160746848,full,0.2722496188794399,0.01085762868559563,0.25096905769816347,0.2935301800607163,1
1079,2500,ccmar,0.2558505160746848,cc,0.2652724948044534,0.011450345044085238,0.24283023090748965,0.28771475870141716,1
1079,2500,ccmar,0.2558505160746848,cc_ccproj,0.2652724948044534,0.011450345044085238,0.24283023090748965,0.28771475870141716,1
1079,2500,ccmar,0.2558505160746848,seq,0.2624346335531173,0.011228168150561959,0.24042782836565615,0.2844414387405785,1
1080,2500,ccmar,0.2558505160746848,full,0.25009331862223494,0.009593758185157824,0.23128989810293926,0.2688967391415306,1
1080,2500,ccmar,0.2558505160746848,cc,0.24513239187380517,0.01533538970617723,0.21507558036081154,0.2751892033867988,1
1080,2500,ccmar,0.2558505160746848,cc_ccproj,0.2451323918738051,0.01533538970617723,0.21507558036081142,0.27518920338679875,1
1080,2500,ccmar,0.2558505160746848,seq,0.24246862369634772,0.014983747512316094,0.21310101821876654,0.2718362291739289,1
1081,2500,ccmar,0.2558505160746848,full,0.2480269072723859,0.010424239981472645,0.22759577234249706,0.26845804220227476,1
1081,2500,ccmar,0.2558505160746848,cc,0.2217187833784621,0.011903782695647666,0.19838779801520157,0.24504976874172263,0
1081,2500,ccmar,0.2558505160746848,cc_ccproj,0.22171878337846196,0.011903782695647671,0.1983877980152014,0.24504976874172252,0
1081,2500,ccmar,0.2558505160746848,seq,0.2201976693709121,0.011248154295161494,0.19815169205984604,0.24224364668197815,0
1082,2500,ccmar,0.2558505160746848,full,0.2511576578293235,0.009381661948891779,0.23276993829436574,0.2695453773642812,1
1082,2500,ccmar,0.2558505160746848,cc,0.24637619826605486,0.01445410568797191,0.21804667168889438,0.27470572484321537,1
1082,2500,ccmar,0.2558505160746848,cc_ccproj,0.2463761982660547,0.014454105687971897,0.21804667168889424,0.27470572484321515,1
1082,2500,ccmar,0.2558505160746848,seq,0.2464205202145275,0.014017331562006748,0.21894705519363772,0.2738939852354173,1
1083,2500,ccmar,0.2558505160746848,full,0.24269060717311627,0.00930175395328011,0.22445950443163418,0.26092170991459834,1
1083,2500,ccmar,0.2558505160746848,cc,0.22811320678987432,0.012641655817906432,0.20333601668182646,0.25289039689792214,0
1083,2500,ccmar,0.2558505160746848,cc_ccproj,0.22811320678987432,0.012641655817906418,0.2033360166818265,0.25289039689792214,0
1083,2500,ccmar,0.2558505160746848,seq,0.22924797353479204,0.012329482717739424,0.20508263146001374,0.2534133156095703,0
1084,2500,ccmar,0.2558505160746848,full,0.2448438139719916,0.010240142498324027,0.2247735034787185,0.2649141244652647,1
1084,2500,ccmar,0.2558505160746848,cc,0.25046897640890486,0.013916417854110958,0.2231932986210372,0.2777446541967725,1
1084,2500,ccmar,0.2558505160746848,cc_ccproj,0.25046897640890486,0.013916417854110958,0.2231932986210372,0.2777446541967725,1
1084,2500,ccmar,0.2558505160746848,seq,0.2565229707620003,0.013727924044785284,0.22961673405171973,0.2834292074722809,1
1085,2500,ccmar,0.2558505160746848,full,0.2488798264189392,0.00911887036665527,0.2310071689206053,0.2667524839172731,1
1085,2500,ccmar,0.2558505160746848,cc,0.2579326074117579,0.012895408327918469,0.2326580715230998,0.28320714330041596,1
1085,2500,ccmar,0.2558505160746848,cc_ccproj,0.2579326074117581,0.012895408327918472,0.23265807152310003,0.2832071433004162,1
1085,2500,ccmar,0.2558505160746848,seq,0.26008997813142365,0.013050650701087334,0.23451117278248007,0.2856687834803672,1
1086,2500,ccmar,0.2558505160746848,full,0.24010460512580759,0.009654882752576959,0.2211813826557998,0.2590278275958154,1
1086,2500,ccmar,0.2558505160746848,cc,0.24991719971707807,0.013336729928045075,0.22377768938657225,0.27605671004758386,1
1086,2500,ccmar,0.2558505160746848,cc_ccproj,0.24991719971707835,0.013336729928045072,0.22377768938657255,0.27605671004758414,1
1086,2500,ccmar,0.2558505160746848,seq,0.2450419750848172,0.01280786283238688,0.21993902521440975,0.27014492495522463,1
1087,2500,ccmar,0.2558505160746848,full,0.2561231495617133,0.011241951596936283,0.2340893293157756,0.2781569698076509,1
1087,2500,ccmar,0.2558505160746848,cc,0.261783414408062,0.016862006222984654,0.22873448950392183,0.2948323393122022,1
1087,2500,ccmar,0.2558505160746848,cc_ccproj,0.2617834144080618,0.016862006222984626,0.22873448950392167,0.29483233931220193,1
1087,2500,ccmar,0.2558505160746848,seq,0.2598886969893113,0.015736336372812968,0.2290460444499902,0.29073134952863233,1
1088,2500,ccmar,0.2558505160746848,full,0.23664152578602762,0.009344924855310369,0.21832580963138612,0.2549572419406691,0
1088,2500,ccmar,0.2558505160746848,cc,0.2330121324303187,0.01396171145566555,0.20564768081467394,0.2603765840459635,1
1088,2500,ccmar,0.2558505160746848,cc_ccproj,0.2330121324303185,0.013961711455665556,0.20564768081467374,0.2603765840459633,1
1088,2500,ccmar,0.2558505160746848,seq,0.23235368687779956,0.013507462099068526,0.20587954764108546,0.25882782611451366,1
1089,2500,ccmar,0.2558505160746848,full,0.25266196054666146,0.009476375055258883,0.23408860673436027,0.27123531435896264,1
1089,2500,ccmar,0.2558505160746848,cc,0.25081202370169314,0.01196614829269609,0.22735880401434336,0.27426524338904296,1
1089,2500,ccmar,0.2558505160746848,cc_ccproj,0.2508120237016929,0.011966148292696098,0.2273588040143431,0.27426524338904273,1
1089,2500,ccmar,0.2558505160746848,seq,0.25047883051598163,0.01239677681645318,0.2261815944313523,0.274776066600611,1
1090,2500,ccmar,0.2558505160746848,full,0.2528287576915599,0.010021074189856722,0.2331878131930368,0.27246970219008293,1
1090,2500,ccmar,0.2558505160746848,cc,0.23219230647559333,0.012834807925169098,0.20703654519377265,0.25734806775741403,1
1090,2500,ccmar,0.2558505160746848,cc_ccproj,0.23219230647559347,0.012834807925169098,0.2070365451937728,0.25734806775741415,1
1090,2500,ccmar,0.2558505160746848,seq,0.232107056184125,0.011976688597425105,0.20863317787912025,0.2555809344891297,0
1091,2500,ccmar,0.2558505160746848,full,0.2546838662399616,0.009542321843636608,0.23598125909754397,0.2733864733823792,1
1091,2500,ccmar,0.2558505160746848,cc,0.2603284253574134,0.011841850189443164,0.237118825475786,0.2835380252390408,1
1091,2500,ccmar,0.2558505160746848,cc_ccproj,0.26032842535741346,0.011841850189443164,0.23711882547578605,0.28353802523904087,1
1091,2500,ccmar,0.2558505160746848,seq,0.2633704781060719,0.011648525253481224,0.24053978813624338,0.2862011680759004,1
1092,2500,ccmar,0.2558505160746848,full,0.2624890748292713,0.01109621038937444,0.24074090210121823,0.2842372475573244,1
1092,2500,ccmar,0.2558505160746848,cc,0.25731712827314124,0.024539050829112705,0.2092214724332826,0.3054127841129999,1
1092,2500,ccmar,0.2558505160746848,cc_ccproj,0.2573171282731414,0.024539050829112705,0.20922147243328276,0.30541278411300005,1
1092,2500,ccmar,0.2558505160746848,seq,0.2633118186137048,0.02437751130236325,0.21553277442835472,0.31109086279905485,1
1093,2500,ccmar,0.2558505160746848,full,0.26837763093919775,0.008803732838876466,0.2511226316454873,0.2856326302329082,1
1093,2500,ccmar,0.2558505160746848,cc,0.26095415982955683,0.012561698731944841,0.23633368273030247,0.2855746369288112,1
1093,2500,ccmar,0.2558505160746848,cc_ccproj,0.2609541598295567,0.01256169873194485,0.23633368273030234,0.2855746369288111,1
1093,2500,ccmar,0.2558505160746848,seq,0.25976994780585366,0.011991607337025556,0.23626682930853732,0.28327306630317,1
1094,2500,ccmar,0.2558505160746848,full,0.2684334455995571,0.01282853203174499,0.2432899848428185,0.29357690635629574,1
1094,2500,ccmar,0.2558505160746848,cc,0.26388268041923946,0.013754838694679448,0.2369236919645098,0.2908416688739691,1
1094,2500,ccmar,0.2558505160746848,cc_ccproj,0.26388268041923946,0.013754838694679462,0.2369236919645098,0.2908416688739691,1
1094,2500,ccmar,0.2558505160746848,seq,0.2590106748513852,0.013191038555621006,0.23315671436368876,0.28486463533908163,1
1095,2500,ccmar,0.2558505160746848,full,0.2379940599299588,0.012405395278849738,0.2136799319694301,0.26230818789048754,1
1095,2500,ccmar,0.2558505160746848,cc,0.23944341973098981,0.02331101070442743,0.19375467830708437,0.28513216115489526,1
1095,2500,ccmar,0.2558505160746848,cc_ccproj,0.23944341973098998,0.02331101070442739,0.19375467830708462,0.28513216115489537,1
1095,2500,ccmar,0.2558505160746848,seq,0.24477275451707464,0.02203651308316306,0.20158198252922935,0.28796352650491996,1
1096,2500,ccmar,0.2558505160746848,full,0.24931750992222906,0.010180046961715396,0.2293649845163405,0.26927003532811766,1
1096,2500,ccmar,0.2558505160746848,cc,0.24969359734531607,0.02420049438278747,0.20226149994698875,0.2971256947436434,1
1096,2500,ccmar,0.2558505160746848,cc_ccproj,0.249693597345316,0.024200494382787437,0.20226149994698872,0.29712569474364325,1
1096,2500,ccmar,0.2558505160746848,seq,0.2491823815929024,0.022857930926861388,0.20438166021514984,0.293983102970655,1
1097,2500,ccmar,0.2558505160746848,full,0.25604153710222977,0.013146057214878208,0.23027573842236554,0.281807335782094,1
1097,2500,ccmar,0.2558505160746848,cc,0.2586381831505825,0.017175152017804545,0.22497550376668518,0.29230086253447984,1
1097,2500,ccmar,0.2558505160746848,cc_ccproj,0.2586381831505825,0.01717515201780455,0.22497550376668515,0.29230086253447984,1
1097,2500,ccmar,0.2558505160746848,seq,0.2539259776862498,0.01670505521257755,0.22118467110984472,0.2866672842626549,1
1098,2500,ccmar,0.2558505160746848,full,0.261522016051889,0.01587987002283359,0.23039804272795794,0.2926459893758201,1
1098,2500,ccmar,0.2558505160746848,cc,0.2331432964320456,0.0209332008806168,0.19211497662489452,0.27417161623919667,1
1098,2500,ccmar,0.2558505160746848,cc_ccproj,0.23314329643204568,0.020933200880616787,0.19211497662489463,0.2741716162391967,1
1098,2500,ccmar,0.2558505160746848,seq,0.22954051623372684,0.020355276830447612,0.1896449067507069,0.2694361257167468,1
1099,2500,ccmar,0.2558505160746848,full,0.26148905876136114,0.009309226358671586,0.24324331037443386,0.2797348071482884,1
1099,2500,ccmar,0.2558505160746848,cc,0.2726618027997047,0.017408409751121595,0.2385419466593905,0.3067816589400189,1
1099,2500,ccmar,0.2558505160746848,cc_ccproj,0.2726618027997047,0.017408409751121588,0.2385419466593905,0.3067816589400189,1
1099,2500,ccmar,0.2558505160746848,seq,0.2667355993323106,0.016937960503051564,0.2335378067747676,0.29993339188985363,1
1100,2500,ccmar,0.2558505160746848,full,0.2356578690693701,0.009135278646517147,0.2177530519334587,0.25356268620528155,0
1100,2500,ccmar,0.2558505160746848,cc,0.24692086134585206,0.011672334234812036,0.22404350663010658,0.26979821606159754,1
1100,2500,ccmar,0.2558505160746848,cc_ccproj,0.2469208613458522,0.01167233423481204,0.22404350663010672,0.2697982160615977,1
1100,2500,ccmar,0.2558505160746848,seq,0.24905798490932485,0.01140320477513119,0.22670811424173254,0.27140785557691716,1
1101,2500,ccmar,0.2558505160746848,full,0.2269734656502501,0.01219532536643515,0.20307106715228945,0.2508758641482107,0
1101,2500,ccmar,0.2558505160746848,cc,0.22660055196045586,0.015770759706714724,0.19569043092645955,0.2575106729944522,1
1101,2500,ccmar,0.2558505160746848,cc_ccproj,0.2266005519604558,0.015770759706714724,0.1956904309264595,0.25751067299445213,1
1101,2500,ccmar,0.2558505160746848,seq,0.22722250966738178,0.015326561998714319,0.1971830001430815,0.25726201919168207,1
1102,2500,ccmar,0.2558505160746848,full,0.2738789847564783,0.010307871908476686,0.25367592705861186,0.29408204245434477,1
1102,2500,ccmar,0.2558505160746848,cc,0.2793466528921367,0.02225180548252061,0.2357339155554054,0.32295939022886805,1
1102,2500,ccmar,0.2558505160746848,cc_ccproj,0.2793466528921368,0.022251805482520613,0.23573391555540546,0.3229593902288681,1
1102,2500,ccmar,0.2558505160746848,seq,0.28137099014817696,0.021878840009256405,0.2384892517065204,0.3242527285898335,1
1103,2500,ccmar,0.2558505160746848,full,0.27611023027360243,0.008743413944360973,0.2589734538407296,0.29324700670647524,0
1103,2500,ccmar,0.2558505160746848,cc,0.2541579616673836,0.012296388140645235,0.23005748377179347,0.2782584395629737,1
1103,2500,ccmar,0.2558505160746848,cc_ccproj,0.2541579616673837,0.012296388140645239,0.23005748377179358,0.2782584395629738,1
1103,2500,ccmar,0.2558505160746848,seq,0.25286305757005323,0.011937535049882275,0.2294659188080994,0.27626019633200705,1
1104,2500,ccmar,0.2558505160746848,full,0.27709599040284005,0.009530495101749298,0.25841656324857604,0.29577541755710407,0
1104,2500,ccmar,0.2558505160746848,cc,0.27110980988760974,0.015856524036341982,0.24003159385638578,0.3021880259188337,1
1104,2500,ccmar,0.2558505160746848,cc_ccproj,0.2711098098876099,0.015856524036341958,0.24003159385638598,0.3021880259188338,1
1104,2500,ccmar,0.2558505160746848,seq,0.273784938924562,0.014655436250134046,0.24506081169657654,0.30250906615254747,1
1105,2500,ccmar,0.2558505160746848,full,0.267298268698327,0.010583495519394732,0.24655499864977232,0.2880415387468817,1
1105,2500,ccmar,0.2558505160746848,cc,0.267992817642483,0.01722197143867292,0.23423837387990662,0.30174726140505936,1
1105,2500,ccmar,0.2558505160746848,cc_ccproj,0.2679928176424829,0.01722197143867292,0.2342383738799065,0.30174726140505925,1
1105,2500,ccmar,0.2558505160746848,seq,0.27040268096623404,0.016804193231510688,0.23746706744322135,0.30333829448924676,1
1106,2500,ccmar,0.2558505160746848,full,0.24904645367453282,0.011770753509979203,0.22597620072407515,0.2721167066249905,1
1106,2500,ccmar,0.2558505160746848,cc,0.2486603029374128,0.01246073055212034,0.22423771983419905,0.2730828860406266,1
1106,2500,ccmar,0.2558505160746848,cc_ccproj,0.248660302937413,0.012460730552120346,0.22423771983419924,0.2730828860406268,1
1106,2500,ccmar,0.2558505160746848,seq,0.24791868542581424,0.012203843026022485,0.22399959262182986,0.2718377782297986,1
1107,2500,ccmar,0.2558505160746848,full,0.26066602524549104,0.009395819845724107,0.24225055674264512,0.27908149374833696,1
1107,2500,ccmar,0.2558505160746848,cc,0.2930048812404398,0.022087425841718713,0.2497143220794718,0.33629544040140774,1
1107,2500,ccmar,0.2558505160746848,cc_ccproj,0.29300488124043966,0.022087425841718702,0.24971432207947172,0.33629544040140763,1
1107,2500,ccmar,0.2558505160746848,seq,0.2945674276466905,0.02163071687825976,0.2521720016055187,0.33696285368786233,1
1108,2500,ccmar,0.2558505160746848,full,0.259216864795119,0.010682217434749692,0.23828010334798377,0.28015362624225426,1
1108,2500,ccmar,0.2558505160746848,cc,0.28584078033489324,0.02152634670920536,0.24364991606612843,0.3280316446036581,1
1108,2500,ccmar,0.2558505160746848,cc_ccproj,0.285840780334893,0.02152634670920537,0.24364991606612818,0.32803164460365786,1
1108,2500,ccmar,0.2558505160746848,seq,0.28065019486992426,0.021357877579886764,0.23878952402713072,0.3225108657127178,1
1109,2500,ccmar,0.2558505160746848,full,0.26690705620557736,0.008165211695465966,0.2509035353563188,0.2829105770548359,1
1109,2500,ccmar,0.2558505160746848,cc,0.27215359308202997,0.012937115959502048,0.24679731173758762,0.2975098744264723,1
1109,2500,ccmar,0.2558505160746848,cc_ccproj,0.2721535930820298,0.012937115959502062,0.2467973117375874,0.2975098744264722,1
1109,2500,ccmar,0.2558505160746848,seq,0.2707736307672017,0.01265462655966542,0.24597101847245345,0.2955762430619499,1
1110,2500,ccmar,0.2558505160746848,full,0.2481281591684201,0.010497716116182013,0.22755301366077765,0.2687033046760625,1
1110,2500,ccmar,0.2558505160746848,cc,0.23280961698555758,0.01689814954723169,0.19968985246761164,0.26592938150350354,1
1110,2500,ccmar,0.2558505160746848,cc_ccproj,0.23280961698555758,0.01689814954723168,0.19968985246761167,0.2659293815035035,1
1110,2500,ccmar,0.2558505160746848,seq,0.23644115908086197,0.01654669630453627,0.20401023026084886,0.2688720879008751,1
1111,2500,ccmar,0.2558505160746848,full,0.254685225377938,0.008616737074023927,0.23779673104860002,0.2715737197072759,1
1111,2500,ccmar,0.2558505160746848,cc,0.27023009112426316,0.014317549593199337,0.24216820957472635,0.2982919726738,1
1111,2500,ccmar,0.2558505160746848,cc_ccproj,0.2702300911242633,0.014317549593199337,0.2421682095747265,0.29829197267380014,1
1111,2500,ccmar,0.2558505160746848,seq,0.27187096197262883,0.013908989880641686,0.24460984274523906,0.2991320812000186,1
1112,2500,ccmar,0.2558505160746848,full,0.2706959552223201,0.010503185366365783,0.25011009018129504,0.29128182026334515,1
1112,2500,ccmar,0.2558505160746848,cc,0.28124216139455316,0.016728843652958708,0.24845423033175262,0.3140300924573537,1
1112,2500,ccmar,0.2558505160746848,cc_ccproj,0.2812421613945532,0.016728843652958708,0.24845423033175268,0.31403009245735375,1
1112,2500,ccmar,0.2558505160746848,seq,0.27988276675569274,0.01666023154894226,0.24722931294566794,0.3125362205657175,1
1113,2500,ccmar,0.2558505160746848,full,0.25935877409338703,0.010840849070305785,0.23811110035375316,0.2806064478330209,1
1113,2500,ccmar,0.2558505160746848,cc,0.2435741718098454,0.02346603516170952,0.19758158803294418,0.2895667555867466,1
1113,2500,ccmar,0.2558505160746848,cc_ccproj,0.24357417180984559,0.0234660351617095,0.19758158803294443,0.28956675558674677,1
1113,2500,ccmar,0.2558505160746848,seq,0.24942515912983476,0.022771583598049108,0.2047936754067155,0.294056642852954,1
1114,2500,ccmar,0.2558505160746848,full,0.2568094569942889,0.009937179792592904,0.23733294249290762,0.2762859714956702,1
1114,2500,ccmar,0.2558505160746848,cc,0.2574240235098659,0.01377117223579573,0.23043302190280832,0.28441502511692346,1
1114,2500,ccmar,0.2558505160746848,cc_ccproj,0.25742402350986565,0.013771172235795732,0.2304330219028081,0.28441502511692324,1
1114,2500,ccmar,0.2558505160746848,seq,0.258174232034567,0.01358641608489253,0.23154534582920197,0.28480311823993204,1
1115,2500,ccmar,0.2558505160746848,full,0.26578691461963255,0.00876510316582256,0.24860762809384232,0.28296620114542276,1
1115,2500,ccmar,0.2558505160746848,cc,0.26985661825912405,0.013807398616312486,0.2427946142509634,0.2969186222672847,1
1115,2500,ccmar,0.2558505160746848,cc_ccproj,0.26985661825912405,0.013807398616312489,0.24279461425096338,0.2969186222672847,1
1115,2500,ccmar,0.2558505160746848,seq,0.2621570222965215,0.01338818247409667,0.23591666682884166,0.2883973777642013,1
1116,2500,ccmar,0.2558505160746848,full,0.26304147453175664,0.009218805177941873,0.2449729484024992,0.28111000066101405,1
1116,2500,ccmar,0.2558505160746848,cc,0.27788592618468394,0.01450020368538742,0.24946604919282964,0.3063058031765382,1
1116,2500,ccmar,0.2558505160746848,cc_ccproj,0.2778859261846838,0.014500203685387432,0.24946604919282944,0.3063058031765381,1
1116,2500,ccmar,0.2558505160746848,seq,0.276198846907199,0.014125187016787388,0.24851398907940292,0.30388370473499504,1
1117,2500,ccmar,0.2558505160746848,full,0.24899919744774343,0.011145673829056634,0.22715407815936178,0.2708443167361251,1
1117,2500,ccmar,0.2558505160746848,cc,0.27425098327967906,0.020398206349540683,0.23427123348536308,0.31423073307399507,1
1117,2500,ccmar,0.2558505160746848,cc_ccproj,0.2742509832796793,0.020398206349540676,0.2342712334853633,0.31423073307399524,1
1117,2500,ccmar,0.2558505160746848,seq,0.2736189484270384,0.020037032765520286,0.23434708584956962,0.3128908110045071,1
1118,2500,ccmar,0.2558505160746848,full,0.252215751576774,0.010953187623978297,0.23074789831786668,0.2736836048356813,1
1118,2500,ccmar,0.2558505160746848,cc,0.26039708125861505,0.017586221598315487,0.22592872030177627,0.29486544221545385,1
1118,2500,ccmar,0.2558505160746848,cc_ccproj,0.2603970812586152,0.017586221598315487,0.22592872030177644,0.29486544221545397,1
1118,2500,ccmar,0.2558505160746848,seq,0.26038347270040607,0.017413921623371156,0.22625281348899534,0.2945141319118168,1
1119,2500,ccmar,0.2558505160746848,full,0.25431570101634293,0.008804408727704938,0.23705937700487115,0.27157202502781475,1
1119,2500,ccmar,0.2558505160746848,cc,0.2680190891604034,0.01390407271644577,0.2407676073977437,0.2952705709230631,1
1119,2500,ccmar,0.2558505160746848,cc_ccproj,0.2680190891604035,0.013904072716445776,0.2407676073977438,0.29527057092306325,1
1119,2500,ccmar,0.2558505160746848,seq,0.2686499906872765,0.013621769060251872,0.24195181392346082,0.2953481674510922,1
1120,2500,ccmar,0.2558505160746848,full,0.27176738429530317,0.011679674963260212,0.24887564201617898,0.2946591265744274,1
1120,2500,ccmar,0.2558505160746848,cc,0.3104423104880217,0.029494552146420633,0.2526340505408987,0.36825057043514464,1
1120,2500,ccmar,0.2558505160746848,cc_ccproj,0.31044231048802157,0.029494552146420636,0.2526340505408986,0.36825057043514453,1
1120,2500,ccmar,0.2558505160746848,seq,0.30682871004847156,0.029819314968301702,0.2483839266669441,0.36527349342999904,1
1121,2500,ccmar,0.2558505160746848,full,0.2661621433828601,0.008866641512110076,0.24878384535529657,0.2835404414104236,1
1121,2500,ccmar,0.2558505160746848,cc,0.25269977390680304,0.011813448940228429,0.22954583945075244,0.2758537083628536,1
1121,2500,ccmar,0.2558505160746848,cc_ccproj,0.252699773906803,0.011813448940228434,0.22954583945075238,0.2758537083628536,1
1121,2500,ccmar,0.2558505160746848,seq,0.2554108389023037,0.011743785884376962,0.232393441526775,0.2784282362778324,1
1122,2500,ccmar,0.2558505160746848,full,0.26051820914751006,0.009902618477623595,0.24110943357872694,0.2799269847162932,1
1122,2500,ccmar,0.2558505160746848,cc,0.2590649277429672,0.012506260113918234,0.23455310833839765,0.2835767471475367,1
1122,2500,ccmar,0.2558505160746848,cc_ccproj,0.2590649277429674,0.012506260113918225,0.2345531083383979,0.28357674714753695,1
1122,2500,ccmar,0.2558505160746848,seq,0.2676478288142035,0.012336243031458537,0.24346923676801158,0.29182642086039545,1
1123,2500,ccmar,0.2558505160746848,full,0.2636796971496316,0.009029565044186644,0.24598207486696394,0.2813773194322992,1
1123,2500,ccmar,0.2558505160746848,cc,0.2658242469173736,0.01476725428575941,0.23688096036674042,0.2947675334680068,1
1123,2500,ccmar,0.2558505160746848,cc_ccproj,0.2658242469173736,0.01476725428575939,0.23688096036674045,0.29476753346800677,1
1123,2500,ccmar,0.2558505160746848,seq,0.27116198462860913,0.014015294398681755,0.24369251237446693,0.29863145688275133,1
1124,2500,ccmar,0.2558505160746848,full,0.26102788233717045,0.00953306487099428,0.2423434185277377,0.27971234614660323,1
1124,2500,ccmar,0.2558505160746848,cc,0.2533768857859496,0.015697556250199897,0.22261024089026615,0.284143530681633,1
1124,2500,ccmar,0.2558505160746848,cc_ccproj,0.25337688578594963,0.015697556250199897,0.2226102408902662,0.28414353068163306,1
1124,2500,ccmar,0.2558505160746848,seq,0.25214717270876474,0.015072991020839706,0.2226046531686233,0.28168969224890616,1
1125,2500,ccmar,0.2558505160746848,full,0.2526839310787072,0.009993902598281859,0.23309624192107348,0.2722716202363409,1
1125,2500,ccmar,0.2558505160746848,cc,0.23189209409087225,0.01431338915923044,0.20383836684207454,0.25994582133967,1
1125,2500,ccmar,0.2558505160746848,cc_ccproj,0.23189209409087216,0.014313389159230454,0.20383836684207443,0.2599458213396699,1
1125,2500,ccmar,0.2558505160746848,seq,0.2323175684481248,0.014061631264239016,0.2047572776063339,0.2598778592899157,1
1126,2500,ccmar,0.2558505160746848,full,0.26124578850463365,0.008503990884007247,0.2445782726471225,0.2779133043621448,1
1126,2500,ccmar,0.2558505160746848,cc,0.2658377280026247,0.011662402398031492,0.2429798393292694,0.28869561667598,1
1126,2500,ccmar,0.2558505160746848,cc_ccproj,0.26583772800262484,0.011662402398031497,0.24297983932926953,0.28869561667598015,1
1126,2500,ccmar,0.2558505160746848,seq,0.2689416207911922,0.011816880613543407,0.24578096037903757,0.29210228120334686,1
1127,2500,ccmar,0.2558505160746848,full,0.2530467833438769,0.009396841795834802,0.23462931185562003,0.2714642548321338,1
1127,2500,ccmar,0.2558505160746848,cc,0.2606735747401767,0.013204301598037722,0.2347936191670181,0.28655353031333536,1
1127,2500,ccmar,0.2558505160746848,cc_ccproj,0.26067357474017666,0.013204301598037704,0.23479361916701808,0.28655353031333525,1
1127,2500,ccmar,0.2558505160746848,seq,0.26657876923189294,0.01301553270153968,0.24106879389727187,0.292088744566514,1
1128,2500,ccmar,0.2558505160746848,full,0.26426325741034207,0.012201825175034278,0.24034811952162075,0.2881783952990634,1
1128,2500,ccmar,0.2558505160746848,cc,0.272298887455593,0.02272494099643826,0.22775882155177624,0.31683895335940976,1
1128,2500,ccmar,0.2558505160746848,cc_ccproj,0.27229888745559294,0.022724940996438264,0.22775882155177618,0.3168389533594097,1
1128,2500,ccmar,0.2558505160746848,seq,0.27215449949005366,0.022157268578934405,0.22872705107956123,0.31558194790054606,1
1129,2500,ccmar,0.2558505160746848,full,0.27218390998483327,0.009657569240794618,0.253255422094674,0.29111239787499255,1
1129,2500,ccmar,0.2558505160746848,cc,0.25922116661264033,0.015297197644886,0.22923921016427284,0.2892031230610078,1
1129,2500,ccmar,0.2558505160746848,cc_ccproj,0.2592211666126403,0.015297197644885997,0.2292392101642728,0.28920312306100776,1
1129,2500,ccmar,0.2558505160746848,seq,0.2568471442996819,0.014748531128068032,0.22794055446380068,0.28575373413556315,1
1130,2500,ccmar,0.2558505160746848,full,0.2556397766639323,0.010888242953499822,0.2342992126201506,0.27698034070771393,1
1130,2500,ccmar,0.2558505160746848,cc,0.2373372987227924,0.01575077397714468,0.20646634899895813,0.2682082484466267,1
1130,2500,ccmar,0.2558505160746848,cc_ccproj,0.23733729872279247,0.01575077397714466,0.20646634899895822,0.2682082484466267,1
1130,2500,ccmar,0.2558505160746848,seq,0.24356653644699508,0.014870449557290728,0.21442099088078567,0.2727120820132045,1
1131,2500,ccmar,0.2558505160746848,full,0.2441222279014828,0.009113803573433001,0.22625950113538168,0.2619849546675839,1
1131,2500,ccmar,0.2558505160746848,cc,0.25811445901665364,0.01732418177125884,0.224159686683361,0.2920692313499463,1
1131,2500,ccmar,0.2558505160746848,cc_ccproj,0.25811445901665364,0.017324181771258843,0.224159686683361,0.2920692313499463,1
1131,2500,ccmar,0.2558505160746848,seq,0.2569223176809984,0.017090280971015632,0.22342598249213752,0.29041865286985924,1
1132,2500,ccmar,0.2558505160746848,full,0.2592635819568898,0.011230319677084807,0.2372525598549321,0.2812746040588475,1
1132,2500,ccmar,0.2558505160746848,cc,0.25404544954334063,0.01850056613638413,0.2177850062224264,0.29030589286425484,1
1132,2500,ccmar,0.2558505160746848,cc_ccproj,0.2540454495433407,0.018500566136384126,0.21778500622242647,0.2903058928642549,1
1132,2500,ccmar,0.2558505160746848,seq,0.25204100242590677,0.01841656433475618,0.2159451996108198,0.2881368052409937,1
1133,2500,ccmar,0.2558505160746848,full,0.24651991420302055,0.00940064630671563,0.22809498601045844,0.2649448423955827,1
1133,2500,ccmar,0.2558505160746848,cc,0.2554645862523894,0.012570268050994614,0.23082731359642544,0.2801018589083533,1
1133,2500,ccmar,0.2558505160746848,cc_ccproj,0.25546458625238944,0.012570268050994607,0.2308273135964255,0.2801018589083534,1
1133,2500,ccmar,0.2558505160746848,seq,0.25424680408954164,0.01201432809461931,0.23069915372564007,0.2777944544534432,1
1134,2500,ccmar,0.2558505160746848,full,0.2629075566152425,0.010357923337202469,0.24260639991969873,0.2832087133107863,1
1134,2500,ccmar,0.2558505160746848,cc,0.24133116831324497,0.01660266222851285,0.20879054829787627,0.2738717883286137,1
1134,2500,ccmar,0.2558505160746848,cc_ccproj,0.24133116831324514,0.016602662228512862,0.2087905482978764,0.27387178832861386,1
1134,2500,ccmar,0.2558505160746848,seq,0.24033965304783625,0.016278557977143462,0.20843426569238788,0.2722450404032846,1
1135,2500,ccmar,0.2558505160746848,full,0.2500611690044358,0.009531202801550778,0.23138035478404903,0.2687419832248226,1
1135,2500,ccmar,0.2558505160746848,cc,0.2517820943247522,0.01234729698089952,0.22758183693576897,0.27598235171373536,1
1135,2500,ccmar,0.2558505160746848,cc_ccproj,0.25178209432475224,0.012347296980899529,0.22758183693576903,0.2759823517137355,1
1135,2500,ccmar,0.2558505160746848,seq,0.24977880320064413,0.012509934062761413,0.22525978298866092,0.2742978234126273,1
1136,2500,ccmar,0.2558505160746848,full,0.2762786906043889,0.01726006859455019,0.24244957778837967,0.3101078034203982,1
1136,2500,ccmar,0.2558505160746848,cc,0.2578250941973482,0.019516087715385544,0.21957426515606798,0.29607592323862847,1
1136,2500,ccmar,0.2558505160746848,cc_ccproj,0.2578250941973485,0.019516087715385544,0.21957426515606826,0.29607592323862875,1
1136,2500,ccmar,0.2558505160746848,seq,0.2559944759894937,0.019248087884342572,0.2182689169649205,0.2937200350140669,1
1137,2500,ccmar,0.2558505160746848,full,0.24270997541058323,0.008812236647590932,0.22543830895806102,0.25998164186310546,1
1137,2500,ccmar,0.2558505160746848,cc,0.2509248747494057,0.012993003266815519,0.22545905629543606,0.2763906932033754,1
1137,2500,ccmar,0.2558505160746848,cc_ccproj,0.25092487474940567,0.012993003266815522,0.22545905629543597,0.27639069320337534,1
1137,2500,ccmar,0.2558505160746848,seq,0.24442978899239565,0.012781529781174023,0.21937845095396843,0.26948112703082283,1
1138,2500,ccmar,0.2558505160746848,full,0.24737824340783932,0.010174628590750674,0.22743633781389647,0.26732014900178214,1
1138,2500,ccmar,0.2558505160746848,cc,0.2632980638272425,0.013218658156345882,0.23738996991685796,0.2892061577376271,1
1138,2500,ccmar,0.2558505160746848,cc_ccproj,0.26329806382724247,0.013218658156345884,0.2373899699168579,0.28920615773762703,1
1138,2500,ccmar,0.2558505160746848,seq,0.2641060176837176,0.013079309793890836,0.23847104154504958,0.28974099382238566,1
1139,2500,ccmar,0.2558505160746848,full,0.2585885742595101,0.009146478837152106,0.24066180515333419,0.276515343365686,1
1139,2500,ccmar,0.2558505160746848,cc,0.2745253855815531,0.015410090363815394,0.24432216346996719,0.30472860769313903,1
1139,2500,ccmar,0.2558505160746848,cc_ccproj,0.2745253855815531,0.015410090363815394,0.24432216346996719,0.30472860769313903,1
1139,2500,ccmar,0.2558505160746848,seq,0.2735610790293957,0.015019268946201631,0.24412385282071963,0.30299830523807175,1
1140,2500,ccmar,0.2558505160746848,full,0.2533217100482273,0.010683181475200079,0.23238305911652965,0.2742603609799249,1
1140,2500,ccmar,0.2558505160746848,cc,0.24812467822129416,0.014187023957141982,0.22031862221748896,0.2759307342250994,1
1140,2500,ccmar,0.2558505160746848,cc_ccproj,0.2481246782212941,0.014187023957141992,0.22031862221748888,0.27593073422509934,1
1140,2500,ccmar,0.2558505160746848,seq,0.24539203793288197,0.013956288912048474,0.21803821430743126,0.2727458615583327,1
1141,2500,ccmar,0.2558505160746848,full,0.24964361263082188,0.011197946971268686,0.22769603986634587,0.27159118539529786,1
1141,2500,ccmar,0.2558505160746848,cc,0.28575527179416355,0.022901739127460165,0.24086868792100985,0.33064185566731724,1
1141,2500,ccmar,0.2558505160746848,cc_ccproj,0.28575527179416355,0.022901739127460158,0.24086868792100988,0.33064185566731724,1
1141,2500,ccmar,0.2558505160746848,seq,0.28810197559292156,0.022924735824012915,0.2431703190227611,0.333033632163082,1
1142,2500,ccmar,0.2558505160746848,full,0.25388711549184584,0.011684821716797644,0.23098528576115096,0.2767889452225407,1
1142,2500,ccmar,0.2558505160746848,cc,0.23918673650664768,0.03273390728549892,0.1750294571537965,0.3033440158594989,1
1142,2500,ccmar,0.2558505160746848,cc_ccproj,0.23918673650664754,0.032733907285498916,0.17502945715379636,0.3033440158594987,1
1142,2500,ccmar,0.2558505160746848,seq,0.23953300861183857,0.031810114574329834,0.17718632970205941,0.3018796875216177,1
1143,2500,ccmar,0.2558505160746848,full,0.25637735247170496,0.011068926393561196,0.2346826553928002,0.2780720495506097,1
1143,2500,ccmar,0.2558505160746848,cc,0.2231023265692439,0.02324509017736151,0.17754278700422954,0.26866186613425824,1
1143,2500,ccmar,0.2558505160746848,cc_ccproj,0.22310232656924373,0.023245090177361517,0.17754278700422937,0.2686618661342581,1
1143,2500,ccmar,0.2558505160746848,seq,0.2304552097705669,0.022363839281491115,0.1866228902228022,0.2742875293183316,1
1144,2500,ccmar,0.2558505160746848,full,0.24287225875263466,0.008657584897320358,0.22590370416078887,0.25984081334448045,1
1144,2500,ccmar,0.2558505160746848,cc,0.2403539361283676,0.011605859425930709,0.2176068696439087,0.2631010026128265,1
1144,2500,ccmar,0.2558505160746848,cc_ccproj,0.2403539361283676,0.01160585942593071,0.2176068696439087,0.26310100261282654,1
1144,2500,ccmar,0.2558505160746848,seq,0.2432991493937339,0.011265730044375826,0.22121872424720646,0.26537957454026134,1
1145,2500,ccmar,0.2558505160746848,full,0.26732855135284667,0.012161090024434868,0.243493252892205,0.2911638498134883,1
1145,2500,ccmar,0.2558505160746848,cc,0.2876922931469098,0.04019869928761887,0.20890429031782087,0.36648029597599874,1
1145,2500,ccmar,0.2558505160746848,cc_ccproj,0.28769229314690975,0.04019869928761887,0.20890429031782082,0.3664802959759987,1
1145,2500,ccmar,0.2558505160746848,seq,0.2862860926546617,0.04016641500326834,0.2075613658601665,0.3650108194491569,1
1146,2500,ccmar,0.2558505160746848,full,0.27843770841437043,0.012234533602841293,0.2544584631851564,0.30241695364358445,1
1146,2500,ccmar,0.2558505160746848,cc,0.29287726479380716,0.024191471274725148,0.24546285236231058,0.34029167722530373,1
1146,2500,ccmar,0.2558505160746848,cc_ccproj,0.2928772647938072,0.024191471274725148,0.24546285236231064,0.3402916772253038,1
1146,2500,ccmar,0.2558505160746848,seq,0.2911005890008176,0.024031842795434275,0.24399904263963804,0.33820213536199717,1
1147,2500,ccmar,0.2558505160746848,full,0.2710644277232513,0.01008721869352469,0.2512938423797637,0.29083501306673887,1
1147,2500,ccmar,0.2558505160746848,cc,0.25835338672726127,0.012472531212674127,0.2339076747543683,0.28279909870015424,1
1147,2500,ccmar,0.2558505160746848,cc_ccproj,0.25835338672726127,0.01247253121267412,0.2339076747543683,0.28279909870015424,1
1147,2500,ccmar,0.2558505160746848,seq,0.2620404166870323,0.011976602716349944,0.23856670670584185,0.2855141266682228,1
1148,2500,ccmar,0.2558505160746848,full,0.2630571538114453,0.009709215579086746,0.24402744095830006,0.2820868666645905,1
1148,2500,ccmar,0.2558505160746848,cc,0.2487522742586028,0.012482356101578823,0.22428730585730453,0.2732172426599011,1
1148,2500,ccmar,0.2558505160746848,cc_ccproj,0.24875227425860286,0.012482356101578823,0.22428730585730458,0.27321724265990116,1
1148,2500,ccmar,0.2558505160746848,seq,0.2468726041854673,0.011810950704554301,0.2237235661813629,0.2700216421895717,1
1149,2500,ccmar,0.2558505160746848,full,0.24998962584420356,0.015425481691085006,0.21975623728549493,0.2802230144029122,1
1149,2500,ccmar,0.2558505160746848,cc,0.2433178631562343,0.01474163483427842,0.2144247898078075,0.2722109365046611,1
1149,2500,ccmar,0.2558505160746848,cc_ccproj,0.24331786315623413,0.014741634834278433,0.21442478980780733,0.27221093650466094,1
1149,2500,ccmar,0.2558505160746848,seq,0.2413688660049308,0.014378463427081488,0.21318759553482472,0.2695501364750369,1
1150,2500,ccmar,0.2558505160746848,full,0.24055540026930752,0.009750906354832,0.22144397499721405,0.25966682554140097,1
1150,2500,ccmar,0.2558505160746848,cc,0.251030636369922,0.014456301504198452,0.22269680607204084,0.2793644666678032,1
1150,2500,ccmar,0.2558505160746848,cc_ccproj,0.251030636369922,0.014456301504198452,0.22269680607204084,0.2793644666678032,1
1150,2500,ccmar,0.2558505160746848,seq,0.24793940578777757,0.013975671654906924,0.22054759268440272,0.2753312188911524,1
1151,2500,ccmar,0.2558505160746848,full,0.2807866622345712,0.019113096125655853,0.2433256821952337,0.3182476422739087,1
1151,2500,ccmar,0.2558505160746848,cc,0.24959046794607667,0.019373250369273006,0.21161959495882426,0.2875613409333291,1
1151,2500,ccmar,0.2558505160746848,cc_ccproj,0.24959046794607656,0.019373250369273006,0.21161959495882415,0.28756134093332897,1
1151,2500,ccmar,0.2558505160746848,seq,0.25042047686274344,0.019212924646276174,0.21276383651836017,0.2880771172071267,1
1152,2500,ccmar,0.2558505160746848,full,0.2522874236104761,0.012622926886213661,0.22754694153401503,0.27702790568693725,1
1152,2500,ccmar,0.2558505160746848,cc,0.25430039257494463,0.012526690514445327,0.22974853032115228,0.278852254828737,1
1152,2500,ccmar,0.2558505160746848,cc_ccproj,0.25430039257494474,0.012526690514445334,0.22974853032115236,0.2788522548287371,1
1152,2500,ccmar,0.2558505160746848,seq,0.25490767766672795,0.0120776052954657,0.23123600626812493,0.27857934906533094,1
1153,2500,ccmar,0.2558505160746848,full,0.2593145396432557,0.0092492752987777,0.24118629317455545,0.27744278611195594,1
1153,2500,ccmar,0.2558505160746848,cc,0.263133727383148,0.012849170829364633,0.23794981532639065,0.28831763943990535,1
1153,2500,ccmar,0.2558505160746848,cc_ccproj,0.26313372738314816,0.012849170829364615,0.23794981532639087,0.28831763943990546,1
1153,2500,ccmar,0.2558505160746848,seq,0.2680422663692955,0.012533843172134978,0.2434763851640377,0.29260814757455333,1
1154,2500,ccmar,0.2558505160746848,full,0.26803524194140455,0.009778690566034557,0.24886936061601522,0.28720112326679387,1
1154,2500,ccmar,0.2558505160746848,cc,0.27305913107517343,0.01265919165477788,0.2482475713584188,0.29787069079192807,1
1154,2500,ccmar,0.2558505160746848,cc_ccproj,0.2730591310751734,0.012659191654777874,0.24824757135841874,0.297870690791928,1
1154,2500,ccmar,0.2558505160746848,seq,0.27192735883617347,0.01210252260583692,0.24820685040665127,0.2956478672656957,1
1155,2500,ccmar,0.2558505160746848,full,0.23441145457698867,0.009165251842559037,0.21644789105633358,0.25237501809764373,0
1155,2500,ccmar,0.2558505160746848,cc,0.23722233892984068,0.014253809225546716,0.20928538620526435,0.265159291654417,1
1155,2500,ccmar,0.2558505160746848,cc_ccproj,0.23722233892984076,0.014253809225546725,0.20928538620526443,0.2651592916544171,1
1155,2500,ccmar,0.2558505160746848,seq,0.23669152029139454,0.014117152092132773,0.20902241062654003,0.26436062995624904,1
1156,2500,ccmar,0.2558505160746848,full,0.25473137752117925,0.00892547310386863,0.2372377716926158,0.2722249833497427,1
1156,2500,ccmar,0.2558505160746848,cc,0.235491187348349,0.013863399514844414,0.2083194235959639,0.2626629511007341,1
1156,2500,ccmar,0.2558505160746848,cc_ccproj,0.23549118734834884,0.013863399514844412,0.20831942359596373,0.26266295110073395,1
1156,2500,ccmar,0.2558505160746848,seq,0.23402167054072934,0.013239125312650988,0.20807346174112082,0.2599698793403379,1
1157,2500,ccmar,0.2558505160746848,full,0.24567844560802682,0.009896357384765344,0.22628194155574974,0.26507494966030387,1
1157,2500,ccmar,0.2558505160746848,cc,0.24950811516519505,0.013866338119433668,0.2223305918536502,0.2766856384767399,1
1157,2500,ccmar,0.2558505160746848,cc_ccproj,0.24950811516519505,0.013866338119433655,0.22233059185365023,0.2766856384767399,1
1157,2500,ccmar,0.2558505160746848,seq,0.2512946384102158,0.013120832769654936,0.22557827873451922,0.2770109980859124,1
1158,2500,ccmar,0.2558505160746848,full,0.2754299333362475,0.011036360532564193,0.25379906417202236,0.2970608025004726,1
1158,2500,ccmar,0.2558505160746848,cc,0.2897839905683699,0.01790438804136405,0.2546920348420667,0.3248759462946731,1
1158,2500,ccmar,0.2558505160746848,cc_ccproj,0.28978399056836995,0.017904388041364058,0.25469203484206676,0.32487594629467315,1
1158,2500,ccmar,0.2558505160746848,seq,0.2901325096687939,0.017281622659805457,0.2562611516611639,0.32400386767642386,0
1159,2500,ccmar,0.2558505160746848,full,0.26020086824727773,0.009713715739647815,0.24116233524150815,0.2792394012530473,1
1159,2500,ccmar,0.2558505160746848,cc,0.27213384435759963,0.013783641818802546,0.24511840281694647,0.2991492858982528,1
1159,2500,ccmar,0.2558505160746848,cc_ccproj,0.27213384435759963,0.01378364181880255,0.24511840281694647,0.2991492858982528,1
1159,2500,ccmar,0.2558505160746848,seq,0.273986216155345,0.013498797965619804,0.24752905830814764,0.3004433740025424,1
1160,2500,ccmar,0.2558505160746848,full,0.2491764976533068,0.010331073451022825,0.22892796576766414,0.2694250295389495,1
1160,2500,ccmar,0.2558505160746848,cc,0.2710088229169873,0.01632594711442635,0.23901055455920603,0.30300709127476855,1
1160,2500,ccmar,0.2558505160746848,cc_ccproj,0.27100882291698725,0.01632594711442635,0.23901055455920597,0.3030070912747685,1
1160,2500,ccmar,0.2558505160746848,seq,0.2687341632944726,0.016229751428987263,0.23692443501562008,0.3005438915733251,1
1161,2500,ccmar,0.2558505160746848,full,0.2697209414308408,0.009578767826709971,0.2509469014742183,0.2884949813874633,1
1161,2500,ccmar,0.2558505160746848,cc,0.27556367101350154,0.01745513757229283,0.24135223002661568,0.30977511200038743,1
1161,2500,ccmar,0.2558505160746848,cc_ccproj,0.2755636710135013,0.01745513757229284,0.24135223002661543,0.3097751120003872,1
1161,2500,ccmar,0.2558505160746848,seq,0.27451033933007163,0.017193635261375163,0.24081143345445838,0.3082092452056849,1
1162,2500,ccmar,0.2558505160746848,full,0.24458963512247733,0.00963494511275815,0.22570548970845114,0.2634737805365035,1
1162,2500,ccmar,0.2558505160746848,cc,0.24757215579251823,0.014202908802558747,0.2197349660637962,0.2754093455212403,1
1162,2500,ccmar,0.2558505160746848,cc_ccproj,0.24757215579251787,0.014202908802558756,0.2197349660637958,0.27540934552123997,1
1162,2500,ccmar,0.2558505160746848,seq,0.25107809704705303,0.013961108252182186,0.223714827688511,0.2784413664055951,1
1163,2500,ccmar,0.2558505160746848,full,0.25089539420164747,0.008855567205260935,0.23353880141666203,0.26825198698663294,1
1163,2500,ccmar,0.2558505160746848,cc,0.25217327831208913,0.012606574501255487,0.2274648463212074,0.2768817103029709,1
1163,2500,ccmar,0.2558505160746848,cc_ccproj,0.25217327831208897,0.012606574501255489,0.22746484632120723,0.2768817103029707,1
1163,2500,ccmar,0.2558505160746848,seq,0.2548784407717251,0.012011525702113817,0.23133628299620485,0.2784205985472454,1
1164,2500,ccmar,0.2558505160746848,full,0.2487086840000783,0.009201599408651884,0.23067388055895555,0.2667434874412011,1
1164,2500,ccmar,0.2558505160746848,cc,0.2331624340649615,0.0135707881669708,0.2065641780158764,0.2597606901140466,1
1164,2500,ccmar,0.2558505160746848,cc_ccproj,0.23316243406496145,0.013570788166970788,0.20656417801587637,0.25976069011404657,1
1164,2500,ccmar,0.2558505160746848,seq,0.23117744923960498,0.012859183620627528,0.20597391247258764,0.2563809860066223,1
1165,2500,ccmar,0.2558505160746848,full,0.2490790481077368,0.00977391861606789,0.22992251963241817,0.2682355765830554,1
1165,2500,ccmar,0.2558505160746848,cc,0.27668772888869897,0.018249159863428635,0.24092003280826496,0.312455424969133,1
1165,2500,ccmar,0.2558505160746848,cc_ccproj,0.2766877288886987,0.018249159863428635,0.24092003280826468,0.3124554249691327,1
1165,2500,ccmar,0.2558505160746848,seq,0.2777551270031087,0.017861311105651125,0.24274760051936722,0.31276265348685023,1
1166,2500,ccmar,0.2558505160746848,full,0.2442044936654973,0.009333537866895116,0.22591109559804207,0.2624978917329525,1
1166,2500,ccmar,0.2558505160746848,cc,0.23564111242851263,0.016075359577657555,0.20413398661777282,0.26714823823925243,1
1166,2500,ccmar,0.2558505160746848,cc_ccproj,0.2356411124285124,0.01607535957765757,0.20413398661777254,0.26714823823925227,1
1166,2500,ccmar,0.2558505160746848,seq,0.23568405517308766,0.015743797260669472,0.20482677956227513,0.2665413307839002,1
1167,2500,ccmar,0.2558505160746848,full,0.25194884418565044,0.010849191801763788,0.2306848189928262,0.27321286937847467,1
1167,2500,ccmar,0.2558505160746848,cc,0.25676339272191634,0.01497180919918042,0.22741918590811724,0.2861075995357154,1
1167,2500,ccmar,0.2558505160746848,cc_ccproj,0.2567633927219163,0.014971809199180413,0.22741918590811722,0.28610759953571535,1
1167,2500,ccmar,0.2558505160746848,seq,0.2569778640431651,0.014325088359309558,0.22890120678356438,0.28505452130276576,1
1168,2500,ccmar,0.2558505160746848,full,0.24830047528060564,0.009667588950900254,0.22935234911950378,0.2672486014417075,1
1168,2500,ccmar,0.2558505160746848,cc,0.252084561850683,0.011247641613376222,0.23003958937745161,0.2741295343239144,1
1168,2500,ccmar,0.2558505160746848,cc_ccproj,0.252084561850683,0.011247641613376224,0.23003958937745161,0.2741295343239144,1
1168,2500,ccmar,0.2558505160746848,seq,0.25153434137483793,0.01120920304676808,0.22956470710777585,0.2735039756419,1
1169,2500,ccmar,0.2558505160746848,full,0.2695928893873335,0.00990550294084821,0.2501784603745154,0.2890073184001516,1
1169,2500,ccmar,0.2558505160746848,cc,0.27830376656678546,0.01654129014104403,0.2458834336325117,0.3107240995010592,1
1169,2500,ccmar,0.2558505160746848,cc_ccproj,0.27830376656678535,0.016541290141044034,0.24588343363251158,0.3107240995010591,1
1169,2500,ccmar,0.2558505160746848,seq,0.27629768342474254,0.016646059134894607,0.24367200703582514,0.3089233598136599,1
1170,2500,ccmar,0.2558505160746848,full,0.26251905207420584,0.009668232475592928,0.24356966462788318,0.2814684395205285,1
1170,2500,ccmar,0.2558505160746848,cc,0.25000272938501966,0.01566353459432255,0.21930276570955026,0.28070269306048906,1
1170,2500,ccmar,0.2558505160746848,cc_ccproj,0.25000272938501994,0.01566353459432254,0.21930276570955057,0.28070269306048934,1
1170,2500,ccmar,0.2558505160746848,seq,0.25295106071419116,0.01500979709176125,0.22353239899908506,0.28236972242929725,1
1171,2500,ccmar,0.2558505160746848,full,0.26895154212941286,0.010193967251498601,0.24897173345689483,0.2889313508019309,1
1171,2500,ccmar,0.2558505160746848,cc,0.26913542441779403,0.01795996106621097,0.23393454756427895,0.3043363012713091,1
1171,2500,ccmar,0.2558505160746848,cc_ccproj,0.269135424417794,0.017959961066210964,0.2339345475642789,0.30433630127130906,1
1171,2500,ccmar,0.2558505160746848,seq,0.2687832332117082,0.01711707534052522,0.2352343820236201,0.3023320843997963,1
1172,2500,ccmar,0.2558505160746848,full,0.2676075011197436,0.010638093704113973,0.24675722059551788,0.28845778164396924,1
1172,2500,ccmar,0.2558505160746848,cc,0.2693161294162692,0.013073894853604667,0.2436917663655405,0.29494049246699794,1
1172,2500,ccmar,0.2558505160746848,cc_ccproj,0.26931612941626926,0.013073894853604663,0.24369176636554055,0.29494049246699794,1
1172,2500,ccmar,0.2558505160746848,seq,0.2700800542796196,0.01263084932765443,0.24532404450326498,0.29483606405597423,1
1173,2500,ccmar,0.2558505160746848,full,0.25789005131997456,0.013035873881232998,0.2323402080057515,0.2834398946341976,1
1173,2500,ccmar,0.2558505160746848,cc,0.27091769483838646,0.021267493948321364,0.22923417265825302,0.3126012170185199,1
1173,2500,ccmar,0.2558505160746848,cc_ccproj,0.2709176948383865,0.021267493948321364,0.22923417265825308,0.31260121701851995,1
1173,2500,ccmar,0.2558505160746848,seq,0.2701578342808024,0.021106361101576314,0.2287901266770157,0.31152554188458914,1
1174,2500,ccmar,0.2558505160746848,full,0.24820832593960013,0.009604921824534153,0.22938302508919045,0.2670336267900098,1
1174,2500,ccmar,0.2558505160746848,cc,0.23279879746857468,0.018292752628507256,0.19694566113860007,0.2686519337985493,1
1174,2500,ccmar,0.2558505160746848,cc_ccproj,0.23279879746857451,0.018292752628507228,0.19694566113859993,0.26865193379854907,1
1174,2500,ccmar,0.2558505160746848,seq,0.24178426733470681,0.01737160707433112,0.2077365431154366,0.27583199155397703,1
1175,2500,ccmar,0.2558505160746848,full,0.24901705262694482,0.009616411676657718,0.23016923208018525,0.2678648731737044,1
1175,2500,ccmar,0.2558505160746848,cc,0.23944233852361757,0.017823798172826897,0.20450833603716603,0.27437634101006914,1
1175,2500,ccmar,0.2558505160746848,cc_ccproj,0.23944233852361754,0.0178237981728269,0.204508336037166,0.2743763410100691,1
1175,2500,ccmar,0.2558505160746848,seq,0.24460851549832674,0.017541910645376996,0.21022700241336806,0.2789900285832854,1
1176,2500,ccmar,0.2558505160746848,full,0.23815613039562328,0.012780961225860657,0.2131059067051335,0.26320635408611304,1
1176,2500,ccmar,0.2558505160746848,cc,0.25472818857820156,0.016159821638606842,0.22305552016994112,0.286400856986462,1
1176,2500,ccmar,0.2558505160746848,cc_ccproj,0.25472818857820145,0.01615982163860684,0.223055520169941,0.2864008569864619,1
1176,2500,ccmar,0.2558505160746848,seq,0.252601125170091,0.015869082508111493,0.2214982949864979,0.28370395535368403,1
1177,2500,ccmar,0.2558505160746848,full,0.26034950461889306,0.010599002279953711,0.23957584187812586,0.28112316735966025,1
1177,2500,ccmar,0.2558505160746848,cc,0.24276492511708783,0.016900715969560765,0.2096401305038078,0.27588971973036786,1
1177,2500,ccmar,0.2558505160746848,cc_ccproj,0.24276492511708794,0.01690071596956078,0.20964013050380786,0.275889719730368,1
1177,2500,ccmar,0.2558505160746848,seq,0.2504663698386308,0.015956611641304633,0.21919198570638115,0.28174075397088044,1
1178,2500,ccmar,0.2558505160746848,full,0.2534576324419258,0.00915926746585018,0.23550579808409,0.27140946679976163,1
1178,2500,ccmar,0.2558505160746848,cc,0.2752123166180556,0.012621305670148858,0.2504750120666927,0.29994962116941853,1
1178,2500,ccmar,0.2558505160746848,cc_ccproj,0.27521231661805545,0.012621305670148863,0.25047501206669254,0.29994962116941837,1
1178,2500,ccmar,0.2558505160746848,seq,0.2740151293699809,0.012513559424049178,0.24948900358044274,0.29854125515951907,1
1179,2500,ccmar,0.2558505160746848,full,0.2807984258480928,0.011631957937487027,0.2580002072209334,0.30359664447525214,0
1179,2500,ccmar,0.2558505160746848,cc,0.2908995142564457,0.02977881307159254,0.23253411313377376,0.3492649153791177,1
1179,2500,ccmar,0.2558505160746848,cc_ccproj,0.29089951425644567,0.029778813071592535,0.2325341131337737,0.34926491537911764,1
1179,2500,ccmar,0.2558505160746848,seq,0.2891185179074421,0.029694630582922966,0.23091811143069144,0.3473189243841927,1
1180,2500,ccmar,0.2558505160746848,full,0.2680803986469795,0.01710997695569008,0.2345454600375167,0.30161533725644235,1
1180,2500,ccmar,0.2558505160746848,cc,0.3070344872678249,0.06234411855794748,0.18484226024635264,0.42922671428929715,1
1180,2500,ccmar,0.2558505160746848,cc_ccproj,0.3070344872678252,0.06234411855794747,0.18484226024635292,0.42922671428929743,1
1180,2500,ccmar,0.2558505160746848,seq,0.30309854612957,0.06204475669257773,0.18149305758256717,0.4247040346765728,1
1181,2500,ccmar,0.2558505160746848,full,0.2517588208313389,0.00919915157920572,0.2337288150477709,0.2697888266149069,1
1181,2500,ccmar,0.2558505160746848,cc,0.2713138616188927,0.014379731834384393,0.2431301051161552,0.2994976181216302,1
1181,2500,ccmar,0.2558505160746848,cc_ccproj,0.27131386161889265,0.014379731834384407,0.24313010511615513,0.29949761812163017,1
1181,2500,ccmar,0.2558505160746848,seq,0.26749087847458086,0.014274630591353383,0.23951311662291452,0.2954686403262472,1
1182,2500,ccmar,0.2558505160746848,full,0.2360985450997444,0.010595174615259377,0.215332384443923,0.2568647057555658,1
1182,2500,ccmar,0.2558505160746848,cc,0.25323115519159073,0.016061064242522925,0.22175204772286172,0.28471026266031974,1
1182,2500,ccmar,0.2558505160746848,cc_ccproj,0.2532311551915906,0.016061064242522932,0.22175204772286158,0.2847102626603196,1
1182,2500,ccmar,0.2558505160746848,seq,0.25355974958591926,0.015835489513636045,0.22252276046163091,0.28459673871020763,1
1183,2500,ccmar,0.2558505160746848,full,0.25564270417813484,0.009464852272744866,0.23709193460456282,0.27419347375170683,1
1183,2500,ccmar,0.2558505160746848,cc,0.263102551849891,0.021651668310035094,0.220666061757015,0.305539041942767,1
1183,2500,ccmar,0.2558505160746848,cc_ccproj,0.26310255184989073,0.02165166831003511,0.2206660617570147,0.30553904194276676,1
1183,2500,ccmar,0.2558505160746848,seq,0.26637782371108226,0.02102232444331633,0.2251748249308662,0.3075808224912983,1
1184,2500,ccmar,0.2558505160746848,full,0.25266978578201876,0.01011075274550616,0.23285307454423723,0.2724864970198003,1
1184,2500,ccmar,0.2558505160746848,cc,0.266057382467338,0.014002554356563019,0.23861288023691007,0.29350188469776595,1
1184,2500,ccmar,0.2558505160746848,cc_ccproj,0.2660573824673382,0.014002554356563009,0.23861288023691024,0.2935018846977661,1
1184,2500,ccmar,0.2558505160746848,seq,0.26296932248948834,0.013412995251866266,0.23668033487102372,0.289258310107953,1
1185,2500,ccmar,0.2558505160746848,full,0.26009865316407005,0.011233720967688977,0.2380809646550272,0.2821163416731129,1
1185,2500,ccmar,0.2558505160746848,cc,0.24675853843726894,0.019998370264921413,0.20756245296852624,0.2859546239060117,1
1185,2500,ccmar,0.2558505160746848,cc_ccproj,0.2467585384372688,0.019998370264921406,0.2075624529685261,0.2859546239060115,1
1185,2500,ccmar,0.2558505160746848,seq,0.2495616820930546,0.01955319652915299,0.21123812111328116,0.28788524307282803,1
1186,2500,ccmar,0.2558505160746848,full,0.25371928456097564,0.013132681847058207,0.2279797011203186,0.27945886800163267,1
1186,2500,ccmar,0.2558505160746848,cc,0.25047041330961095,0.011704982115263735,0.22752906992400856,0.27341175669521334,1
1186,2500,ccmar,0.2558505160746848,cc_ccproj,0.2504704133096109,0.011704982115263739,0.2275290699240085,0.2734117566952133,1
1186,2500,ccmar,0.2558505160746848,seq,0.24930853814125276,0.011561652405956437,0.22664811582380728,0.27196896045869823,1
1187,2500,ccmar,0.2558505160746848,full,0.2542998692868753,0.00910294417380433,0.2364584265529401,0.27214131202081054,1
1187,2500,ccmar,0.2558505160746848,cc,0.26658743107204474,0.02066678296423334,0.22608128078584144,0.30709358135824805,1
1187,2500,ccmar,0.2558505160746848,cc_ccproj,0.2665874310720448,0.020666782964233344,0.2260812807858415,0.3070935813582481,1
1187,2500,ccmar,0.2558505160746848,seq,0.26184412164995496,0.020506425688219934,0.2216522658493969,0.302035977450513,1
1188,2500,ccmar,0.2558505160746848,full,0.2449534021834828,0.010427662377436144,0.22451555948076463,0.26539124488620097,1
1188,2500,ccmar,0.2558505160746848,cc,0.24689069776668415,0.01204775033920905,0.2232775410071042,0.27050385452626413,1
1188,2500,ccmar,0.2558505160746848,cc_ccproj,0.24689069776668413,0.012047750339209042,0.22327754100710417,0.2705038545262641,1
1188,2500,ccmar,0.2558505160746848,seq,0.24206344872481997,0.011626014952285766,0.21927687813461572,0.2648500193150242,1
1189,2500,ccmar,0.2558505160746848,full,0.2696739731467171,0.009698141235057436,0.2506659656090217,0.2886819806844125,1
1189,2500,ccmar,0.2558505160746848,cc,0.2546925025251033,0.015113116245324914,0.22507133899009923,0.28431366606010733,1
1189,2500,ccmar,0.2558505160746848,cc_ccproj,0.2546925025251034,0.015113116245324914,0.22507133899009935,0.28431366606010744,1
1189,2500,ccmar,0.2558505160746848,seq,0.2569162410660408,0.014112173052929158,0.22925689013870296,0.28457559199337856,1
1190,2500,ccmar,0.2558505160746848,full,0.2435686460797229,0.008169121945694026,0.22755746128084683,0.259579830878599,1
1190,2500,ccmar,0.2558505160746848,cc,0.2385302459360236,0.01162649291618618,0.21574273855378862,0.26131775331825857,1
1190,2500,ccmar,0.2558505160746848,cc_ccproj,0.23853024593602348,0.011626492916186185,0.2157427385537885,0.26131775331825846,1
1190,2500,ccmar,0.2558505160746848,seq,0.2361851421331734,0.011097387013602102,0.21443466326401078,0.257935621002336,1
1191,2500,ccmar,0.2558505160746848,full,0.23994932583731785,0.009727743794083272,0.2208832983500816,0.25901535332455405,1
1191,2500,ccmar,0.2558505160746848,cc,0.22602372167408424,0.013558828687871538,0.19944890577330754,0.25259853757486095,0
1191,2500,ccmar,0.2558505160746848,cc_ccproj,0.22602372167408435,0.013558828687871536,0.19944890577330768,0.25259853757486106,0
1191,2500,ccmar,0.2558505160746848,seq,0.22777282370676966,0.01338990550761815,0.20152909115544357,0.2540165562580957,0
1192,2500,ccmar,0.2558505160746848,full,0.2505964117756335,0.008873012753849331,0.23320562634372427,0.26798719720754277,1
1192,2500,ccmar,0.2558505160746848,cc,0.2287019965954634,0.012508802095289984,0.20418519499895585,0.2532187981919709,0
1192,2500,ccmar,0.2558505160746848,cc_ccproj,0.22870199659546306,0.012508802095290001,0.2041851949989555,0.25321879819197063,0
1192,2500,ccmar,0.2558505160746848,seq,0.23188667604145008,0.01223059055865368,0.20791515903683325,0.25585819304606694,1
1193,2500,ccmar,0.2558505160746848,full,0.24297955899333956,0.009602656192953004,0.22415869869923116,0.26180041928744796,1
1193,2500,ccmar,0.2558505160746848,cc,0.2542540308264006,0.014724584815116735,0.2253943749014664,0.28311368675133475,1
1193,2500,ccmar,0.2558505160746848,cc_ccproj,0.2542540308264004,0.014724584815116716,0.22539437490146627,0.2831136867513345,1
1193,2500,ccmar,0.2558505160746848,seq,0.2501579193622073,0.013903676192254109,0.22290721477268227,0.2774086239517324,1
1194,2500,ccmar,0.2558505160746848,full,0.2578952888344848,0.009009168210544104,0.2402376436111552,0.27555293405781445,1
1194,2500,ccmar,0.2558505160746848,cc,0.24429086893879595,0.014691608789147331,0.21549584483711506,0.2730858930404768,1
1194,2500,ccmar,0.2558505160746848,cc_ccproj,0.24429086893879554,0.014691608789147327,0.21549584483711465,0.2730858930404764,1
1194,2500,ccmar,0.2558505160746848,seq,0.24595979915824873,0.013976524740334837,0.2185663140381594,0.27335328427833805,1
1195,2500,ccmar,0.2558505160746848,full,0.252732553911788,0.01386214813665745,0.22556324281558038,0.27990186500799563,1
1195,2500,ccmar,0.2558505160746848,cc,0.22253368242810312,0.03510405821139482,0.15373099262257173,0.2913363722336345,1
1195,2500,ccmar,0.2558505160746848,cc_ccproj,0.22253368242810356,0.03510405821139481,0.15373099262257217,0.29133637223363495,1
1195,2500,ccmar,0.2558505160746848,seq,0.22662811966141852,0.034707563224191246,0.1586025457508568,0.29465369357198024,1
1196,2500,ccmar,0.2558505160746848,full,0.2618906733517205,0.009775073952125034,0.24273188045933983,0.28104946624410115,1
1196,2500,ccmar,0.2558505160746848,cc,0.26778867999578804,0.012531679457416588,0.24322703959345107,0.292350320398125,1
1196,2500,ccmar,0.2558505160746848,cc_ccproj,0.267788679995788,0.012531679457416593,0.24322703959345102,0.292350320398125,1
1196,2500,ccmar,0.2558505160746848,seq,0.26262647226458646,0.012176834202937312,0.23876031578111384,0.2864926287480591,1
1197,2500,ccmar,0.2558505160746848,full,0.24867702002097372,0.009538205067177558,0.22998248161214827,0.2673715584297992,1
1197,2500,ccmar,0.2558505160746848,cc,0.2566170443300204,0.012784017972952083,0.2315608295253216,0.28167325913471924,1
1197,2500,ccmar,0.2558505160746848,cc_ccproj,0.2566170443300204,0.01278401797295209,0.2315608295253216,0.28167325913471924,1
1197,2500,ccmar,0.2558505160746848,seq,0.25345805344276195,0.012478832530831922,0.22899999111322458,0.27791611577229935,1
1198,2500,ccmar,0.2558505160746848,full,0.2701144866915912,0.008409919786822866,0.25363134679654764,0.2865976265866348,1
1198,2500,ccmar,0.2558505160746848,cc,0.25714221914635066,0.011376000144902365,0.2348456685742196,0.27943876971848175,1
1198,2500,ccmar,0.2558505160746848,cc_ccproj,0.25714221914635066,0.011376000144902374,0.23484566857421957,0.27943876971848175,1
1198,2500,ccmar,0.2558505160746848,seq,0.2502171808322459,0.011397678320823706,0.2278781418160585,0.27255621984843337,1
1199,2500,ccmar,0.2558505160746848,full,0.2648277221248311,0.011081395325875662,0.24310858638766428,0.28654685786199785,1
1199,2500,ccmar,0.2558505160746848,cc,0.25776987139465574,0.014150903283124844,0.23003461061102143,0.28550513217829004,1
1199,2500,ccmar,0.2558505160746848,cc_ccproj,0.25776987139465546,0.014150903283124855,0.23003461061102115,0.28550513217828977,1
1199,2500,ccmar,0.2558505160746848,seq,0.25665083905458624,0.013840763231177158,0.22952344160293278,0.2837782365062397,1
1200,2500,ccmar,0.2558505160746848,full,0.25216007727656853,0.009342470113669765,0.23384917232713395,0.2704709822260031,1
1200,2500,ccmar,0.2558505160746848,cc,0.23905043907431364,0.018510278817706276,0.20277095924781469,0.2753299189008126,1
1200,2500,ccmar,0.2558505160746848,cc_ccproj,0.2390504390743136,0.01851027881770627,0.20277095924781463,0.27532991890081254,1
1200,2500,ccmar,0.2558505160746848,seq,0.23466639231687855,0.01834524749727767,0.19871036793474076,0.2706224166990163,1
1201,2500,ccmar,0.2558505160746848,full,0.26893608343515324,0.01077623382125733,0.24781505325650643,0.29005711361380004,1
1201,2500,ccmar,0.2558505160746848,cc,0.2622330237114908,0.014789141207059842,0.2332468395833763,0.2912192078396053,1
1201,2500,ccmar,0.2558505160746848,cc_ccproj,0.26223302371149093,0.014789141207059852,0.2332468395833764,0.2912192078396055,1
1201,2500,ccmar,0.2558505160746848,seq,0.25747194389625344,0.014448307506087435,0.22915378154676233,0.2857901062457445,1
1202,2500,ccmar,0.2558505160746848,full,0.2511585474123479,0.009043838180969816,0.23343295029563882,0.26888414452905696,1
1202,2500,ccmar,0.2558505160746848,cc,0.2599507362048178,0.015550956829836404,0.22947142089320127,0.2904300515164343,1
1202,2500,ccmar,0.2558505160746848,cc_ccproj,0.259950736204818,0.0155509568298364,0.2294714208932015,0.29043005151643453,1
1202,2500,ccmar,0.2558505160746848,seq,0.2714979003602361,0.014922699893446916,0.2422499460169804,0.30074585470349174,1
1203,2500,ccmar,0.2558505160746848,full,0.2531261329817252,0.010263095056772618,0.23301083630053981,0.2732414296629106,1
1203,2500,ccmar,0.2558505160746848,cc,0.24971966671296195,0.016238908116150266,0.21789199165705225,0.28154734176887164,1
1203,2500,ccmar,0.2558505160746848,cc_ccproj,0.24971966671296195,0.016238908116150266,0.21789199165705225,0.28154734176887164,1
1203,2500,ccmar,0.2558505160746848,seq,0.25273825217336204,0.01529557436093891,0.22275947730306753,0.28271702704365653,1
1204,2500,ccmar,0.2558505160746848,full,0.26739641082472254,0.009824847593808755,0.24814006338726238,0.2866527582621827,1
1204,2500,ccmar,0.2558505160746848,cc,0.27072169136081525,0.017771815943970405,0.23588957217075857,0.30555381055087194,1
1204,2500,ccmar,0.2558505160746848,cc_ccproj,0.27072169136081536,0.01777181594397039,0.23588957217075868,0.30555381055087205,1
1204,2500,ccmar,0.2558505160746848,seq,0.280318800714515,0.01741238080968259,0.24619116144244071,0.3144464399865892,1
1205,2500,ccmar,0.2558505160746848,full,0.25280343400329475,0.009969683875772899,0.23326321266953018,0.27234365533705934,1
1205,2500,ccmar,0.2558505160746848,cc,0.2519669336466808,0.018847342570776283,0.21502682100367077,0.2889070462896909,1
1205,2500,ccmar,0.2558505160746848,cc_ccproj,0.2519669336466808,0.0188473425707763,0.2150268210036707,0.28890704628969094,1
1205,2500,ccmar,0.2558505160746848,seq,0.25100227861001734,0.01855582745757892,0.21463352508982322,0.2873710321302115,1
1206,2500,ccmar,0.2558505160746848,full,0.2522639969726192,0.008590026888654612,0.2354278536446255,0.2691001403006129,1
1206,2500,ccmar,0.2558505160746848,cc,0.2390449476194427,0.011991386094837814,0.2155422627488462,0.2625476324900392,1
1206,2500,ccmar,0.2558505160746848,cc_ccproj,0.2390449476194427,0.011991386094837814,0.2155422627488462,0.2625476324900392,1
1206,2500,ccmar,0.2558505160746848,seq,0.23560196774810865,0.01172580930958408,0.2126198038117394,0.2585841316844779,1
1207,2500,ccmar,0.2558505160746848,full,0.2523991622435181,0.009693591839715486,0.23340007135684437,0.27139825313019184,1
1207,2500,ccmar,0.2558505160746848,cc,0.2650110978566785,0.01853717778487025,0.2286788970233168,0.3013432986900402,1
1207,2500,ccmar,0.2558505160746848,cc_ccproj,0.2650110978566786,0.018537177784870254,0.22867889702331692,0.3013432986900403,1
1207,2500,ccmar,0.2558505160746848,seq,0.26724839632436204,0.01839560565581271,0.2311936717651678,0.30330312088355627,1
1208,2500,ccmar,0.2558505160746848,full,0.2693002046480657,0.011179037135245658,0.2473896944811484,0.291210714814983,1
1208,2500,ccmar,0.2558505160746848,cc,0.29013414237788077,0.02060001198451287,0.24975886080714205,0.3305094239486195,1
1208,2500,ccmar,0.2558505160746848,cc_ccproj,0.29013414237788065,0.020600011984512875,0.24975886080714194,0.3305094239486194,1
1208,2500,ccmar,0.2558505160746848,seq,0.28904448452199594,0.02012899771206318,0.24959237396146294,0.32849659508252893,1
1209,2500,ccmar,0.2558505160746848,full,0.2695295282886859,0.010693596599588167,0.24857046408829314,0.2904885924890787,1
1209,2500,ccmar,0.2558505160746848,cc,0.2713680337493747,0.016423176988977592,0.23917919833925164,0.30355686915949776,1
1209,2500,ccmar,0.2558505160746848,cc_ccproj,0.27136803374937446,0.016423176988977602,0.2391791983392514,0.30355686915949753,1
1209,2500,ccmar,0.2558505160746848,seq,0.2668306764960035,0.01586712213550687,0.23573168857211177,0.29792966441989527,1
1210,2500,ccmar,0.2558505160746848,full,0.24185126114717706,0.010641178775732977,0.2209949339936884,0.2627075883006657,1
1210,2500,ccmar,0.2558505160746848,cc,0.250503641539484,0.01615155712998089,0.21884717127048034,0.28216011180848766,1
1210,2500,ccmar,0.2558505160746848,cc_ccproj,0.2505036415394841,0.016151557129980898,0.21884717127048045,0.2821601118084878,1
1210,2500,ccmar,0.2558505160746848,seq,0.2512761803947192,0.015283099387475265,0.22132185602312154,0.2812305047663169,1
1211,2500,ccmar,0.2558505160746848,full,0.2610157319786633,0.010388059181677532,0.24065551011330472,0.28137595384402186,1
1211,2500,ccmar,0.2558505160746848,cc,0.26068691564766444,0.014357006141641718,0.2325477006842263,0.28882613061110257,1
1211,2500,ccmar,0.2558505160746848,cc_ccproj,0.2606869156476644,0.014357006141641709,0.23254770068422628,0.2888261306111025,1
1211,2500,ccmar,0.2558505160746848,seq,0.2697873415821215,0.01430555549049491,0.24174896804191223,0.29782571512233075,1
1212,2500,ccmar,0.2558505160746848,full,0.25520009522623754,0.009820448971196036,0.2359523689306799,0.2744478215217952,1
1212,2500,ccmar,0.2558505160746848,cc,0.2700047038393035,0.02151562573838928,0.22783485228721748,0.3121745553913895,1
1212,2500,ccmar,0.2558505160746848,cc_ccproj,0.2700047038393032,0.021515625738389287,0.22783485228721717,0.3121745553913892,1
1212,2500,ccmar,0.2558505160746848,seq,0.2701205601781615,0.02092552392405359,0.2291072869293852,0.3111338334269378,1
1213,2500,ccmar,0.2558505160746848,full,0.27242362724435104,0.01102380240708462,0.25081737155377926,0.2940298829349228,1
1213,2500,ccmar,0.2558505160746848,cc,0.27856393145127767,0.029186618470121307,0.22135921041932838,0.33576865248322696,1
1213,2500,ccmar,0.2558505160746848,cc_ccproj,0.27856393145127756,0.029186618470121307,0.22135921041932827,0.33576865248322685,1
1213,2500,ccmar,0.2558505160746848,seq,0.28145111184343524,0.02915837272692739,0.2243017514508626,0.33860047223600787,1
1214,2500,ccmar,0.2558505160746848,full,0.258938235839969,0.009262108721023371,0.24078483632586886,0.27709163535406917,1
1214,2500,ccmar,0.2558505160746848,cc,0.2634333859095375,0.013055815374793424,0.2378444579861381,0.2890223138329369,1
1214,2500,ccmar,0.2558505160746848,cc_ccproj,0.2634333859095375,0.013055815374793429,0.2378444579861381,0.289022313832937,1
1214,2500,ccmar,0.2558505160746848,seq,0.26210300669345343,0.012642161007761436,0.23732482643148442,0.2868811869554224,1
1215,2500,ccmar,0.2558505160746848,full,0.2607505891376825,0.009124978392840979,0.242865960128008,0.27863521814735703,1
1215,2500,ccmar,0.2558505160746848,cc,0.2801837186784969,0.016944206883323255,0.24697368344058765,0.31339375391640617,1
1215,2500,ccmar,0.2558505160746848,cc_ccproj,0.2801837186784968,0.01694420688332327,0.2469736834405875,0.31339375391640606,1
1215,2500,ccmar,0.2558505160746848,seq,0.2880075135903307,0.01683001694708715,0.25502128651484113,0.3209937406658203,1
1216,2500,ccmar,0.2558505160746848,full,0.2536136233748131,0.009994118920531257,0.2340255102333615,0.27320173651626467,1
1216,2500,ccmar,0.2558505160746848,cc,0.2631640825122023,0.018274844444774153,0.2273460455773731,0.2989821194470315,1
1216,2500,ccmar,0.2558505160746848,cc_ccproj,0.2631640825122024,0.018274844444774167,0.22734604557737317,0.2989821194470317,1
1216,2500,ccmar,0.2558505160746848,seq,0.25392665481102383,0.018052864347330434,0.218543690872469,0.28930961874957867,1
1217,2500,ccmar,0.2558505160746848,full,0.24862849463778766,0.008873534470290689,0.2312366866604432,0.2660203026151321,1
1217,2500,ccmar,0.2558505160746848,cc,0.24485090889873887,0.012988369122672407,0.21939417320038884,0.2703076445970889,1
1217,2500,ccmar,0.2558505160746848,cc_ccproj,0.2448509088987389,0.012988369122672412,0.21939417320038887,0.2703076445970889,1
1217,2500,ccmar,0.2558505160746848,seq,0.24821784631651145,0.01258380681781751,0.22355403816517955,0.27288165446784335,1
1218,2500,ccmar,0.2558505160746848,full,0.25093444165897444,0.0093215621632897,0.23266451553927536,0.2692043677786735,1
1218,2500,ccmar,0.2558505160746848,cc,0.2503055362080552,0.016085638101237306,0.2187782648612848,0.28183280755482554,1
1218,2500,ccmar,0.2558505160746848,cc_ccproj,0.2503055362080551,0.016085638101237313,0.21877826486128474,0.28183280755482554,1
1218,2500,ccmar,0.2558505160746848,seq,0.2551538920924159,0.015677283893732727,0.2244269802852899,0.2858808038995419,1
1219,2500,ccmar,0.2558505160746848,full,0.2566791901832284,0.011459233240463764,0.23421950574147518,0.27913887462498155,1
1219,2500,ccmar,0.2558505160746848,cc,0.263899213598581,0.013252198664879864,0.23792538149944667,0.2898730456977153,1
1219,2500,ccmar,0.2558505160746848,cc_ccproj,0.263899213598581,0.013252198664879861,0.23792538149944667,0.2898730456977153,1
1219,2500,ccmar,0.2558505160746848,seq,0.2624821172158135,0.013228072822149637,0.23655557089952708,0.2884086635320999,1
1220,2500,ccmar,0.2558505160746848,full,0.2637413104440546,0.010676767407724086,0.2428152308536043,0.28466739003450486,1
1220,2500,ccmar,0.2558505160746848,cc,0.27668968197478855,0.022752666480793726,0.23209527512018113,0.32128408882939596,1
1220,2500,ccmar,0.2558505160746848,cc_ccproj,0.27668968197478855,0.022752666480793743,0.2320952751201811,0.32128408882939596,1
1220,2500,ccmar,0.2558505160746848,seq,0.27095504818713545,0.022804096543208,0.22625984026247342,0.3156502561117975,1
1221,2500,ccmar,0.2558505160746848,full,0.25871471216846187,0.008373727161018522,0.24230250851650073,0.27512691582042303,1
1221,2500,ccmar,0.2558505160746848,cc,0.26475050333533634,0.012090451822456333,0.24105365320650526,0.2884473534641674,1
1221,2500,ccmar,0.2558505160746848,cc_ccproj,0.2647505033353363,0.012090451822456329,0.2410536532065052,0.28844735346416733,1
1221,2500,ccmar,0.2558505160746848,seq,0.26527499345995403,0.011341236161585364,0.24304657904308344,0.28750340787682466,1
1222,2500,ccmar,0.2558505160746848,full,0.2561012128569805,0.010698872687112292,0.23513180771506115,0.27707061799889987,1
1222,2500,ccmar,0.2558505160746848,cc,0.2363420042933072,0.012352711877350346,0.21213113390230037,0.26055287468431404,1
1222,2500,ccmar,0.2558505160746848,cc_ccproj,0.23634200429330726,0.01235271187735035,0.21213113390230043,0.2605528746843141,1
1222,2500,ccmar,0.2558505160746848,seq,0.23822408160557007,0.01189376305992928,0.21491273436745578,0.26153542884368436,1
1223,2500,ccmar,0.2558505160746848,full,0.2655712960923527,0.008926563226085605,0.24807555366350523,0.28306703852120013,1
1223,2500,ccmar,0.2558505160746848,cc,0.2618089104489667,0.012806499406963368,0.23670863284328494,0.2869091880546485,1
1223,2500,ccmar,0.2558505160746848,cc_ccproj,0.2618089104489664,0.01280649940696337,0.23670863284328467,0.2869091880546482,1
1223,2500,ccmar,0.2558505160746848,seq,0.2606590191776506,0.01292056172895649,0.2353351835288693,0.2859828548264319,1
1224,2500,ccmar,0.2558505160746848,full,0.26436109574722494,0.008972139131167272,0.2467760261858546,0.2819461653085953,1
1224,2500,ccmar,0.2558505160746848,cc,0.26654573182672964,0.015751990795213854,0.23567239718330404,0.29741906647015526,1
1224,2500,ccmar,0.2558505160746848,cc_ccproj,0.26654573182672986,0.015751990795213854,0.23567239718330427,0.2974190664701555,1
1224,2500,ccmar,0.2558505160746848,seq,0.26543543523549434,0.015603319751618511,0.2348534904830596,0.2960173799879291,1
1225,2500,ccmar,0.2558505160746848,full,0.24769044359550643,0.008706851473244374,0.23062532828920795,0.2647555589018049,1
1225,2500,ccmar,0.2558505160746848,cc,0.23430841721800624,0.011757019338219665,0.21126508274955474,0.25735175168645774,1
1225,2500,ccmar,0.2558505160746848,cc_ccproj,0.23430841721800635,0.01175701933821966,0.21126508274955488,0.25735175168645785,1
1225,2500,ccmar,0.2558505160746848,seq,0.23431781576808608,0.011335515570448812,0.2121006135038134,0.2565350180323588,1
1226,2500,ccmar,0.2558505160746848,full,0.27339155500024936,0.010704051018346006,0.2524120005156119,0.2943711094848868,1
1226,2500,ccmar,0.2558505160746848,cc,0.27048346179603633,0.015193313934560193,0.2407051136784878,0.30026180991358487,1
1226,2500,ccmar,0.2558505160746848,cc_ccproj,0.27048346179603633,0.0151933139345602,0.2407051136784878,0.30026180991358487,1
1226,2500,ccmar,0.2558505160746848,seq,0.27463184356338877,0.014977159089015946,0.2452771511581908,0.30398653596858677,1
1227,2500,ccmar,0.2558505160746848,full,0.2773046091138955,0.010243789510061614,0.2572271506089655,0.29738206761882546,0
1227,2500,ccmar,0.2558505160746848,cc,0.27976474482218916,0.015000341489436651,0.2503646157470914,0.3091648738972869,1
1227,2500,ccmar,0.2558505160746848,cc_ccproj,0.2797647448221891,0.015000341489436665,0.25036461574709135,0.30916487389728686,1
1227,2500,ccmar,0.2558505160746848,seq,0.27970010027713493,0.014821171868189563,0.25065113720680515,0.3087490633474647,1
1228,2500,ccmar,0.2558505160746848,full,0.2488410226798348,0.009333527336867287,0.23054764525085486,0.26713440010881473,1
1228,2500,ccmar,0.2558505160746848,cc,0.24088449377731577,0.013030198538696566,0.21534577393006407,0.2664232136245675,1
1228,2500,ccmar,0.2558505160746848,cc_ccproj,0.24088449377731572,0.013030198538696563,0.21534577393006402,0.26642321362456745,1
1228,2500,ccmar,0.2558505160746848,seq,0.24299474814143096,0.012860269679914403,0.21778908273732628,0.26820041354553564,1
1229,2500,ccmar,0.2558505160746848,full,0.26345867578319887,0.009871896369726504,0.2441101144394232,0.28280723712697453,1
1229,2500,ccmar,0.2558505160746848,cc,0.2570518456832573,0.012689464255586126,0.23218095275920012,0.2819227386073145,1
1229,2500,ccmar,0.2558505160746848,cc_ccproj,0.2570518456832571,0.01268946425558614,0.23218095275919992,0.2819227386073143,1
1229,2500,ccmar,0.2558505160746848,seq,0.2593282084480062,0.012439563032230145,0.23494711292141923,0.28370930397459315,1
1230,2500,ccmar,0.2558505160746848,full,0.26558897123805353,0.009838209284250325,0.24630643536855532,0.28487150710755177,1
1230,2500,ccmar,0.2558505160746848,cc,0.2681180734046575,0.013443776830738927,0.24176875500021516,0.2944673918090998,1
1230,2500,ccmar,0.2558505160746848,cc_ccproj,0.26811807340465754,0.01344377683073893,0.24176875500021522,0.29446739180909987,1
1230,2500,ccmar,0.2558505160746848,seq,0.262600605730812,0.012908724043119964,0.2372999715199306,0.2879012399416934,1
1231,2500,ccmar,0.2558505160746848,full,0.2414000275284364,0.009349943818817309,0.22307447438608158,0.2597255806707912,1
1231,2500,ccmar,0.2558505160746848,cc,0.2469454853478376,0.015701359318884254,0.21617138657450213,0.2777195841211731,1
1231,2500,ccmar,0.2558505160746848,cc_ccproj,0.24694548534783747,0.015701359318884254,0.21617138657450197,0.277719584121173,1
1231,2500,ccmar,0.2558505160746848,seq,0.24107661207938655,0.015337425468486205,0.2110158105455862,0.2711374136131869,1
1232,2500,ccmar,0.2558505160746848,full,0.27282102977324935,0.010107501850550307,0.2530106901724988,0.2926313693739999,1
1232,2500,ccmar,0.2558505160746848,cc,0.28813165935178375,0.01878148564537969,0.25132062391068355,0.32494269479288396,1
1232,2500,ccmar,0.2558505160746848,cc_ccproj,0.2881316593517839,0.018781485645379684,0.2513206239106837,0.3249426947928841,1
1232,2500,ccmar,0.2558505160746848,seq,0.2796483163148387,0.01866326246663904,0.24306899404620802,0.3162276385834694,1
1233,2500,ccmar,0.2558505160746848,full,0.26166317073461415,0.01111703456244224,0.23987418337734034,0.28345215809188795,1
1233,2500,ccmar,0.2558505160746848,cc,0.27475635678437,0.021018582575327648,0.23356069193064666,0.3159520216380933,1
1233,2500,ccmar,0.2558505160746848,cc_ccproj,0.27475635678437005,0.021018582575327658,0.2335606919306467,0.3159520216380934,1
1233,2500,ccmar,0.2558505160746848,seq,0.2782239406948918,0.021052452311980493,0.23696189237716306,0.3194859890126206,1
1234,2500,ccmar,0.2558505160746848,full,0.2473836843314878,0.010328893845733482,0.22713942439371276,0.26762794426926284,1
1234,2500,ccmar,0.2558505160746848,cc,0.25038656935195575,0.017677534172172084,0.21573923903902237,0.2850338996648891,1
1234,2500,ccmar,0.2558505160746848,cc_ccproj,0.2503865693519558,0.01767753417217208,0.21573923903902245,0.2850338996648892,1
1234,2500,ccmar,0.2558505160746848,seq,0.2506747418619759,0.017513442654063415,0.21634902501470404,0.2850004587092478,1
1235,2500,ccmar,0.2558505160746848,full,0.25980154869927274,0.010388263186167661,0.2394409269924608,0.28016217040608465,1
1235,2500,ccmar,0.2558505160746848,cc,0.22594658672425072,0.02044851684597444,0.18586823016888024,0.26602494327962123,1
1235,2500,ccmar,0.2558505160746848,cc_ccproj,0.2259465867242508,0.02044851684597442,0.18586823016888038,0.26602494327962123,1
1235,2500,ccmar,0.2558505160746848,seq,0.2320064530768127,0.01880174155332278,0.19515571678566987,0.2688571893679555,1
1236,2500,ccmar,0.2558505160746848,full,0.27112967596750587,0.015791809712316748,0.2401782976806552,0.3020810542543565,1
1236,2500,ccmar,0.2558505160746848,cc,0.2425749162942992,0.013520758689702763,0.21607471621882482,0.2690751163697736,1
1236,2500,ccmar,0.2558505160746848,cc_ccproj,0.24257491629429923,0.01352075868970276,0.21607471621882485,0.2690751163697736,1
1236,2500,ccmar,0.2558505160746848,seq,0.2460520072319326,0.01333364303843903,0.2199185470938789,0.27218546736998633,1
1237,2500,ccmar,0.2558505160746848,full,0.26493151508481005,0.01006699444070512,0.24520056854846306,0.28466246162115705,1
1237,2500,ccmar,0.2558505160746848,cc,0.25462005088283074,0.014941110415155896,0.2253360125800889,0.2839040891855726,1
1237,2500,ccmar,0.2558505160746848,cc_ccproj,0.2546200508828307,0.014941110415155905,0.2253360125800888,0.28390408918557253,1
1237,2500,ccmar,0.2558505160746848,seq,0.2607389107909892,0.014474339256112212,0.232369727148995,0.2891080944329834,1
1238,2500,ccmar,0.2558505160746848,full,0.27126250595168894,0.01278053547859824,0.2462131167105,0.29631189519287787,1
1238,2500,ccmar,0.2558505160746848,cc,0.27130804116198515,0.020823956908651162,0.23049383560541484,0.3121222467185555,1
1238,2500,ccmar,0.2558505160746848,cc_ccproj,0.27130804116198515,0.02082395690865115,0.23049383560541487,0.31212224671855543,1
1238,2500,ccmar,0.2558505160746848,seq,0.27237980909445947,0.02028523196384537,0.23262148502728183,0.3121381331616371,1
1239,2500,ccmar,0.2558505160746848,full,0.24055374422115264,0.012454191423654861,0.2161439775742215,0.2649635108680838,1
1239,2500,ccmar,0.2558505160746848,cc,0.2399011454715134,0.019308385379859527,0.202057405527369,0.2777448854156578,1
1239,2500,ccmar,0.2558505160746848,cc_ccproj,0.23990114547151328,0.019308385379859527,0.2020574055273689,0.27774488541565767,1
1239,2500,ccmar,0.2558505160746848,seq,0.24397001668111115,0.018888409303744698,0.20694941472052025,0.28099061864170205,1
1240,2500,ccmar,0.2558505160746848,full,0.2742643356003631,0.009116150309503015,0.25639700931608356,0.2921316618846427,0
1240,2500,ccmar,0.2558505160746848,cc,0.26037903759359354,0.011914876613129717,0.2370263085516207,0.2837317666355664,1
1240,2500,ccmar,0.2558505160746848,cc_ccproj,0.2603790375935935,0.011914876613129732,0.23702630855162063,0.2837317666355663,1
1240,2500,ccmar,0.2558505160746848,seq,0.26055509873643334,0.011657775652775981,0.2377062783171445,0.28340391915572216,1
1241,2500,ccmar,0.2558505160746848,full,0.26291454683677556,0.011237486161373484,0.24088947868371627,0.28493961498983483,1
1241,2500,ccmar,0.2558505160746848,cc,0.25087010268529464,0.015702520522011033,0.2200937279956519,0.28164647737493737,1
1241,2500,ccmar,0.2558505160746848,cc_ccproj,0.2508701026852947,0.015702520522011022,0.220093727995652,0.28164647737493737,1
1241,2500,ccmar,0.2558505160746848,seq,0.248736961501081,0.015786390517255097,0.21779620464137636,0.2796777183607856,1
1242,2500,ccmar,0.2558505160746848,full,0.25308653204441245,0.009380565873826642,0.23470096077710673,0.27147210331171817,1
1242,2500,ccmar,0.2558505160746848,cc,0.26054274392969284,0.01449781306464812,0.23212755246838826,0.2889579353909974,1
1242,2500,ccmar,0.2558505160746848,cc_ccproj,0.2605427439296929,0.014497813064648105,0.23212755246838834,0.28895793539099746,1
1242,2500,ccmar,0.2558505160746848,seq,0.26307618962651397,0.014043993834719302,0.23555046751136158,0.2906019117416664,1
1243,2500,ccmar,0.2558505160746848,full,0.23588473107448607,0.01019807900594341,0.21589686351134296,0.2558725986376292,1
1243,2500,ccmar,0.2558505160746848,cc,0.22555040265466647,0.01437249186417155,0.1973808362327953,0.25371996907653765,0
1243,2500,ccmar,0.2558505160746848,cc_ccproj,0.22555040265466622,0.014372491864171565,0.197380836232795,0.25371996907653743,0
1243,2500,ccmar,0.2558505160746848,seq,0.2232022748687902,0.014060095538703061,0.1956449939937399,0.2507595557438405,0
1244,2500,ccmar,0.2558505160746848,full,0.24674116141995406,0.01002106729016542,0.22710023044457744,0.26638209239533067,1
1244,2500,ccmar,0.2558505160746848,cc,0.22697736890546902,0.015867822578581388,0.195877008138378,0.25807772967256004,1
1244,2500,ccmar,0.2558505160746848,cc_ccproj,0.22697736890546885,0.015867822578581395,0.19587700813837783,0.2580777296725599,1
1244,2500,ccmar,0.2558505160746848,seq,0.22599095485656998,0.015782374568513433,0.19505806911176277,0.2569238406013772,1
1245,2500,ccmar,0.2558505160746848,full,0.25605503347230657,0.009718517463706172,0.2370070892603189,0.2751029776842942,1
1245,2500,ccmar,0.2558505160746848,cc,0.2656687325974519,0.013721217136651549,0.23877564118556105,0.2925618240093427,1
1245,2500,ccmar,0.2558505160746848,cc_ccproj,0.2656687325974518,0.013721217136651554,0.2387756411855609,0.2925618240093426,1
1245,2500,ccmar,0.2558505160746848,seq,0.26450807002628157,0.013410123203155308,0.23822471151985225,0.2907914285327109,1
1246,2500,ccmar,0.2558505160746848,full,0.25639509264102933,0.008866822291175271,0.23901644029300886,0.27377374498904977,1
1246,2500,ccmar,0.2558505160746848,cc,0.2561638173148587,0.012128079833008738,0.23239321764053503,0.27993441698918237,1
1246,2500,ccmar,0.2558505160746848,cc_ccproj,0.25616381731485866,0.012128079833008742,0.23239321764053497,0.27993441698918237,1
1246,2500,ccmar,0.2558505160746848,seq,0.26061367263394636,0.011743464954416003,0.2375969042695827,0.28363044099831003,1
1247,2500,ccmar,0.2558505160746848,full,0.2729007599059445,0.009620575239360125,0.25404477892624083,0.2917567408856481,1
1247,2500,ccmar,0.2558505160746848,cc,0.25346714375491847,0.015426775736685544,0.22323121891343845,0.2837030685963985,1
1247,2500,ccmar,0.2558505160746848,cc_ccproj,0.25346714375491863,0.015426775736685532,0.22323121891343864,0.28370306859639866,1
1247,2500,ccmar,0.2558505160746848,seq,0.2552290454702701,0.01459235158535837,0.22662856191322173,0.28382952902731845,1
1248,2500,ccmar,0.2558505160746848,full,0.2640350028948414,0.01029671300020044,0.24385381625530317,0.2842161895343796,1
1248,2500,ccmar,0.2558505160746848,cc,0.28022954687589674,0.014050046907292812,0.2526919609565045,0.307767132795289,1
1248,2500,ccmar,0.2558505160746848,cc_ccproj,0.28022954687589674,0.014050046907292805,0.2526919609565045,0.307767132795289,1
1248,2500,ccmar,0.2558505160746848,seq,0.2814020546908724,0.013453918618362155,0.25503285874794973,0.3077712506337951,1
1249,2500,ccmar,0.2558505160746848,full,0.26879406482838814,0.012977244335685548,0.24335913331186804,0.29422899634490823,1
1249,2500,ccmar,0.2558505160746848,cc,0.28568086039776924,0.034806242646506454,0.2174618783734545,0.353899842422084,1
1249,2500,ccmar,0.2558505160746848,cc_ccproj,0.28568086039776935,0.034806242646506454,0.2174618783734546,0.3538998424220841,1
1249,2500,ccmar,0.2558505160746848,seq,0.2825759266862476,0.03482050398847308,0.21432899294530705,0.35082286042718813,1
1250,2500,ccmar,0.2558505160746848,full,0.2469680315871972,0.00943636437825678,0.22847309726081722,0.2654629659135772,1
1250,2500,ccmar,0.2558505160746848,cc,0.25010290011913616,0.013890125813183654,0.22287875378456606,0.27732704645370626,1
1250,2500,ccmar,0.2558505160746848,cc_ccproj,0.25010290011913655,0.013890125813183662,0.22287875378456645,0.27732704645370665,1
1250,2500,ccmar,0.2558505160746848,seq,0.24161411509585978,0.0135181930189047,0.21511894364274578,0.26810928654897376,1
1251,2500,ccmar,0.2558505160746848,full,0.24709929742684766,0.008583980175959965,0.23027500543796034,0.263923589415735,1
1251,2500,ccmar,0.2558505160746848,cc,0.2622220444158979,0.0118215254195082,0.23905228035133708,0.28539180848045875,1
1251,2500,ccmar,0.2558505160746848,cc_ccproj,0.26222204441589786,0.011821525419508216,0.239052280351337,0.2853918084804587,1
1251,2500,ccmar,0.2558505160746848,seq,0.25381558676573013,0.011724362776121527,0.2308362579828499,0.27679491554861035,1
1252,2500,ccmar,0.2558505160746848,full,0.24853483842335883,0.009760430780657872,0.22940474561967322,0.26766493122704443,1
1252,2500,ccmar,0.2558505160746848,cc,0.2512237881973831,0.022844939874101095,0.20644852881516196,0.29599904757960427,1
1252,2500,ccmar,0.2558505160746848,cc_ccproj,0.25122378819738345,0.022844939874101106,0.2064485288151623,0.2959990475796046,1
1252,2500,ccmar,0.2558505160746848,seq,0.24929602099269063,0.02256190797353306,0.20507549394205876,0.2935165480433225,1
1253,2500,ccmar,0.2558505160746848,full,0.2597494366858616,0.009420461889314233,0.24128567066507353,0.2782132027066496,1
1253,2500,ccmar,0.2558505160746848,cc,0.2534500147432748,0.011727263112482225,0.2304650014055845,0.27643502808096504,1
1253,2500,ccmar,0.2558505160746848,cc_ccproj,0.25345001474327467,0.011727263112482223,0.2304650014055844,0.27643502808096493,1
1253,2500,ccmar,0.2558505160746848,seq,0.25319136914451085,0.011635813553628036,0.2303855936485769,0.27599714464044484,1
1254,2500,ccmar,0.2558505160746848,full,0.24347389120437637,0.011354573631875356,0.22121933582609252,0.2657284465826602,1
1254,2500,ccmar,0.2558505160746848,cc,0.2296146484750677,0.014608039995913844,0.20098341619835594,0.2582458807517795,1
1254,2500,ccmar,0.2558505160746848,cc_ccproj,0.22961464847506768,0.014608039995913827,0.20098341619835594,0.2582458807517794,1
1254,2500,ccmar,0.2558505160746848,seq,0.2373098981524181,0.013627667671693908,0.21060016032261722,0.26401963598221895,1
1255,2500,ccmar,0.2558505160746848,full,0.25484369330268647,0.010995862353022136,0.23329219911180324,0.2763951874935697,1
1255,2500,ccmar,0.2558505160746848,cc,0.24619770969828825,0.023808033038553653,0.19953482239998338,0.2928605969965931,1
1255,2500,ccmar,0.2558505160746848,cc_ccproj,0.24619770969828836,0.023808033038553642,0.19953482239998352,0.2928605969965932,1
1255,2500,ccmar,0.2558505160746848,seq,0.24784446761903847,0.0230020902611975,0.20276119913795185,0.2929277361001251,1
1256,2500,ccmar,0.2558505160746848,full,0.26140466706742815,0.009492624785027968,0.24279946437002106,0.2800098697648352,1
1256,2500,ccmar,0.2558505160746848,cc,0.24211194960049393,0.015507939180893392,0.21171694733150528,0.27250695186948254,1
1256,2500,ccmar,0.2558505160746848,cc_ccproj,0.2421119496004937,0.0155079391808934,0.21171694733150506,0.2725069518694824,1
1256,2500,ccmar,0.2558505160746848,seq,0.24098108730534346,0.014938373236588465,0.21170241377401303,0.2702597608366739,1
1257,2500,ccmar,0.2558505160746848,full,0.2646393956941442,0.009956534360786773,0.24512494693616657,0.2841538444521218,1
1257,2500,ccmar,0.2558505160746848,cc,0.2624643632986016,0.016214216829710703,0.23068508227484544,0.29424364432235783,1
1257,2500,ccmar,0.2558505160746848,cc_ccproj,0.2624643632986014,0.016214216829710713,0.2306850822748452,0.2942436443223576,1
1257,2500,ccmar,0.2558505160746848,seq,0.26107304361810146,0.015895556872989384,0.22991832463283415,0.2922277626033688,1
1258,2500,ccmar,0.2558505160746848,full,0.26897003378486195,0.01008471135474276,0.249204362735084,0.2887357048346399,1
1258,2500,ccmar,0.2558505160746848,cc,0.2679778388647727,0.015197477728924103,0.2381913298602319,0.29776434786931355,1
1258,2500,ccmar,0.2558505160746848,cc_ccproj,0.2679778388647729,0.015197477728924092,0.2381913298602321,0.29776434786931366,1
1258,2500,ccmar,0.2558505160746848,seq,0.2648409805989999,0.0152769689341983,0.23489867169503398,0.29478328950296584,1
1259,2500,ccmar,0.2558505160746848,full,0.25476142097738713,0.009944874709223683,0.23526982471654548,0.2742530172382288,1
1259,2500,ccmar,0.2558505160746848,cc,0.2732105885005373,0.01700316773285936,0.23988499212103942,0.3065361848800352,1
1259,2500,ccmar,0.2558505160746848,cc_ccproj,0.27321058850053753,0.01700316773285936,0.23988499212103964,0.3065361848800354,1
1259,2500,ccmar,0.2558505160746848,seq,0.27502998300201964,0.016921418766639308,0.24186461165208642,0.3081953543519529,1
1260,2500,ccmar,0.2558505160746848,full,0.2525193343175777,0.009977602953336039,0.2329635918769986,0.27207507675815684,1
1260,2500,ccmar,0.2558505160746848,cc,0.24025082421780272,0.012444344537717544,0.2158603571126686,0.26464129132293684,1
1260,2500,ccmar,0.2558505160746848,cc_ccproj,0.2402508242178028,0.012444344537717538,0.21586035711266868,0.2646412913229369,1
1260,2500,ccmar,0.2558505160746848,seq,0.24321931531175806,0.01220245689625439,0.21930293927219704,0.2671356913513191,1
1261,2500,ccmar,0.2558505160746848,full,0.2502218613306253,0.00960322990533661,0.23139987658090755,0.26904384608034304,1
1261,2500,ccmar,0.2558505160746848,cc,0.24943430903245847,0.012771200444568595,0.2244032161217621,0.27446540194315483,1
1261,2500,ccmar,0.2558505160746848,cc_ccproj,0.24943430903245845,0.012771200444568597,0.22440321612176206,0.27446540194315483,1
1261,2500,ccmar,0.2558505160746848,seq,0.25425304392375475,0.012569244449859199,0.22961777748915074,0.27888831035835876,1
1262,2500,ccmar,0.2558505160746848,full,0.24417794149887528,0.009798110577802804,0.22497399764984086,0.26338188534790974,1
1262,2500,ccmar,0.2558505160746848,cc,0.2361028615791015,0.014654813155111081,0.20737995559491998,0.264825767563283,1
1262,2500,ccmar,0.2558505160746848,cc_ccproj,0.23610286157910124,0.014654813155111093,0.2073799555949197,0.2648257675632828,1
1262,2500,ccmar,0.2558505160746848,seq,0.2366357217586461,0.014452044370711221,0.2083102352890773,0.26496120822821495,1
1263,2500,ccmar,0.2558505160746848,full,0.2728351233830504,0.009178586832920893,0.2548454237615519,0.29082482300454887,1
1263,2500,ccmar,0.2558505160746848,cc,0.26441160001307257,0.01562693319268891,0.23378337376658878,0.2950398262595563,1
1263,2500,ccmar,0.2558505160746848,cc_ccproj,0.2644116000130727,0.01562693319268891,0.2337833737665889,0.29503982625955644,1
1263,2500,ccmar,0.2558505160746848,seq,0.26940736297784035,0.015438657854855676,0.23914814961268682,0.2996665763429939,1
1264,2500,ccmar,0.2558505160746848,full,0.24062735583316286,0.009112370377871194,0.22276743807874566,0.25848727358758006,1
1264,2500,ccmar,0.2558505160746848,cc,0.26370546784877275,0.013893427399700968,0.23647485052353687,0.2909360851740086,1
1264,2500,ccmar,0.2558505160746848,cc_ccproj,0.26370546784877275,0.013893427399700974,0.23647485052353687,0.29093608517400865,1
1264,2500,ccmar,0.2558505160746848,seq,0.2625363192513081,0.013681751691002837,0.23572057869152258,0.28935205981109363,1
1265,2500,ccmar,0.2558505160746848,full,0.2502872374281932,0.01152289667016359,0.22770277495709604,0.27287169989929033,1
1265,2500,ccmar,0.2558505160746848,cc,0.2521662287946291,0.014385935069266125,0.22397031417493574,0.2803621434143224,1
1265,2500,ccmar,0.2558505160746848,cc_ccproj,0.252166228794629,0.014385935069266118,0.2239703141749357,0.28036214341432236,1
1265,2500,ccmar,0.2558505160746848,seq,0.2542414866310243,0.01404712052745505,0.2267096363107191,0.2817733369513295,1
1266,2500,ccmar,0.2558505160746848,full,0.26447777826581215,0.011564412973091194,0.24181194533620565,0.28714361119541865,1
1266,2500,ccmar,0.2558505160746848,cc,0.2723537347707592,0.03437012785767022,0.20498952202568876,0.3397179475158296,1
1266,2500,ccmar,0.2558505160746848,cc_ccproj,0.272353734770759,0.03437012785767022,0.2049895220256886,0.33971794751582945,1
1266,2500,ccmar,0.2558505160746848,seq,0.2805946856294705,0.03432317740723178,0.21332249407631731,0.34786687718262366,1
1267,2500,ccmar,0.2558505160746848,full,0.27499545519012175,0.008703551484575179,0.2579368077427643,0.2920541026374792,0
1267,2500,ccmar,0.2558505160746848,cc,0.28200436151681607,0.011417862097799956,0.2596257630246832,0.30438296000894893,0
1267,2500,ccmar,0.2558505160746848,cc_ccproj,0.2820043615168159,0.011417862097799965,0.25962576302468304,0.30438296000894877,0
1267,2500,ccmar,0.2558505160746848,seq,0.27650003778380694,0.011091521825883436,0.25476105447133546,0.2982390210962784,1
1268,2500,ccmar,0.2558505160746848,full,0.23769935791986077,0.012874283217878186,0.2124662264860511,0.2629324893536705,1
1268,2500,ccmar,0.2558505160746848,cc,0.24250256335502726,0.01293318458983807,0.21715398735353622,0.26785113935651833,1
1268,2500,ccmar,0.2558505160746848,cc_ccproj,0.24250256335502732,0.012933184589838068,0.21715398735353628,0.2678511393565184,1
1268,2500,ccmar,0.2558505160746848,seq,0.24670870727714087,0.012538398818955325,0.22213389716818888,0.27128351738609285,1
1269,2500,ccmar,0.2558505160746848,full,0.2651720916890925,0.011204890542414303,0.243210909775247,0.287133273602938,1
1269,2500,ccmar,0.2558505160746848,cc,0.23905038388402935,0.012508254852760081,0.21453465486317125,0.26356611290488746,1
1269,2500,ccmar,0.2558505160746848,cc_ccproj,0.23905038388402927,0.012508254852760083,0.21453465486317114,0.2635661129048874,1
1269,2500,ccmar,0.2558505160746848,seq,0.2412261736784808,0.011784908257828946,0.21812817793202738,0.2643241694249342,1
1270,2500,ccmar,0.2558505160746848,full,0.2696209451109433,0.010276509231667846,0.24947935713008096,0.28976253309180566,1
1270,2500,ccmar,0.2558505160746848,cc,0.24946149986661062,0.013110895553275185,0.22376461677712492,0.27515838295609635,1
1270,2500,ccmar,0.2558505160746848,cc_ccproj,0.2494614998666109,0.013110895553275194,0.22376461677712517,0.2751583829560966,1
1270,2500,ccmar,0.2558505160746848,seq,0.248673216504768,0.012922541708917061,0.2233455001665739,0.2740009328429621,1
1271,2500,ccmar,0.2558505160746848,full,0.26100581526951216,0.009625418468770758,0.2421403417345948,0.2798712888044295,1
1271,2500,ccmar,0.2558505160746848,cc,0.2663399560258465,0.011322489857161113,0.24414828369049063,0.28853162836120233,1
1271,2500,ccmar,0.2558505160746848,cc_ccproj,0.26633995602584676,0.01132248985716111,0.2441482836904909,0.2885316283612026,1
1271,2500,ccmar,0.2558505160746848,seq,0.26522357728697293,0.01109703421213702,0.24347378989597557,0.2869733646779703,1
1272,2500,ccmar,0.2558505160746848,full,0.24635307870889891,0.010762368825853045,0.2252592234218903,0.2674469339959075,1
1272,2500,ccmar,0.2558505160746848,cc,0.23874412201108863,0.019291162120209635,0.2009341390355544,0.27655410498662286,1
1272,2500,ccmar,0.2558505160746848,cc_ccproj,0.2387441220110888,0.01929116212020963,0.20093413903555457,0.27655410498662303,1
1272,2500,ccmar,0.2558505160746848,seq,0.23690408738594915,0.018759558175006387,0.20013602899705268,0.2736721457748456,1
1273,2500,ccmar,0.2558505160746848,full,0.2496582909742252,0.008983960044350404,0.23205005284875155,0.2672665290996989,1
1273,2500,ccmar,0.2558505160746848,cc,0.2616252860058061,0.01617356387749341,0.22992568330426102,0.2933248887073512,1
1273,2500,ccmar,0.2558505160746848,cc_ccproj,0.2616252860058059,0.016173563877493424,0.22992568330426083,0.293324888707351,1
1273,2500,ccmar,0.2558505160746848,seq,0.2614127974472593,0.015910166100418507,0.23022944490238897,0.2925961499921297,1
1274,2500,ccmar,0.2558505160746848,full,0.23522494381807355,0.010016828697066797,0.21559232033251535,0.25485756730363174,0
1274,2500,ccmar,0.2558505160746848,cc,0.23108959224718736,0.01557253694692213,0.20056798068330065,0.26161120381107406,1
1274,2500,ccmar,0.2558505160746848,cc_ccproj,0.23108959224718748,0.015572536946922115,0.20056798068330078,0.26161120381107417,1
1274,2500,ccmar,0.2558505160746848,seq,0.22874863315649685,0.014589577871595559,0.200153585978527,0.2573436803344667,1
1275,2500,ccmar,0.2558505160746848,full,0.25870247190184303,0.011425593133257719,0.23630872085864976,0.28109622294503633,1
1275,2500,ccmar,0.2558505160746848,cc,0.24782017131429138,0.02174106648850205,0.20520846401133666,0.2904318786172461,1
1275,2500,ccmar,0.2558505160746848,cc_ccproj,0.2478201713142913,0.02174106648850205,0.20520846401133658,0.290431878617246,1
1275,2500,ccmar,0.2558505160746848,seq,0.2440367341529486,0.020605833307925193,0.2036500429979794,0.2844234253079178,1
1276,2500,ccmar,0.2558505160746848,full,0.2560683143017047,0.009792013825956432,0.23687631986671182,0.27526030873669755,1
1276,2500,ccmar,0.2558505160746848,cc,0.24661009708414522,0.01212531368558648,0.2228449189591451,0.27037527520914534,1
1276,2500,ccmar,0.2558505160746848,cc_ccproj,0.24661009708414536,0.012125313685586493,0.2228449189591452,0.2703752752091455,1
1276,2500,ccmar,0.2558505160746848,seq,0.2489907838262977,0.012074804044745919,0.22532460277821711,0.27265696487437824,1
1277,2500,ccmar,0.2558505160746848,full,0.26919271200362893,0.010236767132942953,0.2491290171049374,0.28925640690232046,1
1277,2500,ccmar,0.2558505160746848,cc,0.2596709313710179,0.017606385268045723,0.22516305034771167,0.2941788123943241,1
1277,2500,ccmar,0.2558505160746848,cc_ccproj,0.2596709313710179,0.017606385268045723,0.22516305034771167,0.2941788123943241,1
1277,2500,ccmar,0.2558505160746848,seq,0.2629386098019467,0.017600674859181497,0.2284419209743514,0.29743529862954204,1
1278,2500,ccmar,0.2558505160746848,full,0.2823916102777187,0.009441266857926052,0.263887067267752,0.3008961532876854,0
1278,2500,ccmar,0.2558505160746848,cc,0.27382429757691096,0.014571768507277948,0.2452641561115912,0.3023844390422307,1
1278,2500,ccmar,0.2558505160746848,cc_ccproj,0.27382429757691096,0.014571768507277937,0.24526415611159122,0.3023844390422307,1
1278,2500,ccmar,0.2558505160746848,seq,0.2788210838593824,0.01407020872293032,0.2512439815074777,0.30639818621128717,1
1279,2500,ccmar,0.2558505160746848,full,0.2516458561523473,0.00871812718500225,0.23455864085710332,0.2687330714475913,1
1279,2500,ccmar,0.2558505160746848,cc,0.2576114245871386,0.01197236359868055,0.23414602312390637,0.2810768260503708,1
1279,2500,ccmar,0.2558505160746848,cc_ccproj,0.2576114245871388,0.011972363598680558,0.23414602312390656,0.28107682605037104,1
1279,2500,ccmar,0.2558505160746848,seq,0.25380366643211555,0.011428727368053122,0.2314037724016042,0.2762035604626269,1
1280,2500,ccmar,0.2558505160746848,full,0.26581799060818373,0.01046663308765345,0.2453037667169877,0.28633221449937973,1
1280,2500,ccmar,0.2558505160746848,cc,0.241760713032285,0.01696979562946845,0.20850052477352163,0.2750209012910484,1
1280,2500,ccmar,0.2558505160746848,cc_ccproj,0.24176071303228513,0.01696979562946842,0.20850052477352182,0.27502090129104845,1
1280,2500,ccmar,0.2558505160746848,seq,0.24036762719440466,0.01594718718332484,0.20911171466036924,0.2716235397284401,1
1281,2500,ccmar,0.2558505160746848,full,0.25048280058334443,0.00887923741978388,0.23307981503038766,0.2678857861363012,1
1281,2500,ccmar,0.2558505160746848,cc,0.2631272229445209,0.015132266340927989,0.23346852591183434,0.2927859199772075,1
1281,2500,ccmar,0.2558505160746848,cc_ccproj,0.26312722294452073,0.015132266340928005,0.23346852591183415,0.2927859199772073,1
1281,2500,ccmar,0.2558505160746848,seq,0.2604026150905502,0.014912488403913782,0.23117467489900798,0.28963055528209236,1
1282,2500,ccmar,0.2558505160746848,full,0.2665302683707458,0.010062122735500946,0.24680887020114228,0.2862516665403493,1
1282,2500,ccmar,0.2558505160746848,cc,0.2809348947264328,0.01855563439740303,0.24456651959723028,0.31730326985563534,1
1282,2500,ccmar,0.2558505160746848,cc_ccproj,0.2809348947264327,0.01855563439740304,0.24456651959723014,0.31730326985563523,1
1282,2500,ccmar,0.2558505160746848,seq,0.26901691470277617,0.018682439268331574,0.23240000659348944,0.30563382281206286,1
1283,2500,ccmar,0.2558505160746848,full,0.2738537673270077,0.008687148476288712,0.2568272691851298,0.2908802654688856,0
1283,2500,ccmar,0.2558505160746848,cc,0.26871413841353076,0.015336200339839704,0.238655738087754,0.29877253873930754,1
1283,2500,ccmar,0.2558505160746848,cc_ccproj,0.2687141384135308,0.015336200339839704,0.23865573808775406,0.2987725387393076,1
1283,2500,ccmar,0.2558505160746848,seq,0.26957178024836487,0.015189218961876548,0.23980145812979398,0.29934210236693576,1
1284,2500,ccmar,0.2558505160746848,full,0.24230826911986728,0.008042234884991884,0.22654577839007156,0.258070759849663,1
1284,2500,ccmar,0.2558505160746848,cc,0.2454003697194321,0.012724712775550833,0.22046039096573578,0.27034034847312843,1
1284,2500,ccmar,0.2558505160746848,cc_ccproj,0.245400369719432,0.012724712775550852,0.2204603909657356,0.2703403484731284,1
1284,2500,ccmar,0.2558505160746848,seq,0.24346960178070326,0.012044724955184834,0.21986237466485017,0.2670768288965564,1
1285,2500,ccmar,0.2558505160746848,full,0.2835304862638835,0.009713579281983707,0.264492220710221,0.302568751817546,0
1285,2500,ccmar,0.2558505160746848,cc,0.28190064486294225,0.014493657765463434,0.25349359763838464,0.31030769208749986,1
1285,2500,ccmar,0.2558505160746848,cc_ccproj,0.28190064486294225,0.014493657765463434,0.25349359763838464,0.31030769208749986,1
1285,2500,ccmar,0.2558505160746848,seq,0.27955081909933743,0.014266941857430833,0.25158812688924603,0.30751351130942883,1
1286,2500,ccmar,0.2558505160746848,full,0.2357013759029391,0.010383575769351068,0.21534994136426822,0.25605281044161,1
1286,2500,ccmar,0.2558505160746848,cc,0.23328700744566777,0.012538726016670271,0.20871155604097866,0.25786245885035686,1
1286,2500,ccmar,0.2558505160746848,cc_ccproj,0.23328700744566777,0.012538726016670278,0.20871155604097866,0.2578624588503569,1
1286,2500,ccmar,0.2558505160746848,seq,0.22712749853624492,0.012189638945316206,0.20323624521887834,0.2510187518536115,0
1287,2500,ccmar,0.2558505160746848,full,0.2450172043043448,0.008292400510754881,0.22876439795788367,0.2612700106508059,1
1287,2500,ccmar,0.2558505160746848,cc,0.2544795764380593,0.012125073471156728,0.23071486912469005,0.27824428375142857,1
1287,2500,ccmar,0.2558505160746848,cc_ccproj,0.2544795764380594,0.012125073471156735,0.23071486912469014,0.2782442837514287,1
1287,2500,ccmar,0.2558505160746848,seq,0.25207640042068236,0.011759879708205113,0.22902745973007693,0.2751253411112878,1
1288,2500,ccmar,0.2558505160746848,full,0.26123508860748607,0.010027503508167675,0.2415815428766284,0.28088863433834377,1
1288,2500,ccmar,0.2558505160746848,cc,0.2465952487562618,0.018949327960887653,0.20945524842168417,0.2837352490908394,1
1288,2500,ccmar,0.2558505160746848,cc_ccproj,0.2465952487562618,0.01894932796088766,0.20945524842168417,0.2837352490908394,1
1288,2500,ccmar,0.2558505160746848,seq,0.24157104995145337,0.018705568648567587,0.20490880908991932,0.2782332908129874,1
1289,2500,ccmar,0.2558505160746848,full,0.25202211269771907,0.015549293008872008,0.22154605841526948,0.28249816698016866,1
1289,2500,ccmar,0.2558505160746848,cc,0.2789603786544308,0.019625981948872485,0.2404941608734075,0.31742659643545407,1
1289,2500,ccmar,0.2558505160746848,cc_ccproj,0.2789603786544308,0.01962598194887249,0.2404941608734075,0.3174265964354541,1
1289,2500,ccmar,0.2558505160746848,seq,0.27724589195008964,0.019443380767490127,0.23913756590811025,0.31535421799206903,1
1290,2500,ccmar,0.2558505160746848,full,0.25242301308133586,0.009163216800534989,0.23446343816975493,0.27038258799291676,1
1290,2500,ccmar,0.2558505160746848,cc,0.25825088126215967,0.013773999217936423,0.2312543388719214,0.2852474236523979,1
1290,2500,ccmar,0.2558505160746848,cc_ccproj,0.2582508812621598,0.013773999217936421,0.23125433887192154,0.285247423652398,1
1290,2500,ccmar,0.2558505160746848,seq,0.25666238168255956,0.013440941188625617,0.23031862103453238,0.28300614233058674,1
1291,2500,ccmar,0.2558505160746848,full,0.2543492459222527,0.010614640030646931,0.2335449337533276,0.27515355809117786,1
1291,2500,ccmar,0.2558505160746848,cc,0.25173772932185623,0.02060520917524502,0.21135226144446173,0.29212319719925073,1
1291,2500,ccmar,0.2558505160746848,cc_ccproj,0.2517377293218563,0.02060520917524501,0.2113522614444618,0.2921231971992508,1
1291,2500,ccmar,0.2558505160746848,seq,0.2509047886009009,0.02043789163058915,0.21084725708501353,0.2909623201167882,1
1292,2500,ccmar,0.2558505160746848,full,0.2528586299363976,0.01733983247208478,0.21887318279315332,0.28684407707964193,1
1292,2500,ccmar,0.2558505160746848,cc,0.2668833579196395,0.013465837788992473,0.2404908008315558,0.29327591500772326,1
1292,2500,ccmar,0.2558505160746848,cc_ccproj,0.26688335791963935,0.013465837788992484,0.2404908008315556,0.2932759150077231,1
1292,2500,ccmar,0.2558505160746848,seq,0.2625986675160298,0.013205187366385793,0.2367169758688103,0.28848035916324927,1
1293,2500,ccmar,0.2558505160746848,full,0.2639843154634068,0.009583365035521155,0.2452012651430849,0.2827673657837287,1
1293,2500,ccmar,0.2558505160746848,cc,0.26857973990257145,0.016552108058157863,0.23613820424036683,0.3010212755647761,1
1293,2500,ccmar,0.2558505160746848,cc_ccproj,0.2685797399025716,0.01655210805815786,0.236138204240367,0.3010212755647762,1
1293,2500,ccmar,0.2558505160746848,seq,0.2690306998927369,0.016413616185043726,0.2368606033139875,0.30120079647148634,1
1294,2500,ccmar,0.2558505160746848,full,0.24624901938634425,0.013333132977072639,0.22011655895019858,0.27238147982248995,1
1294,2500,ccmar,0.2558505160746848,cc,0.25844421737085554,0.014454583754281056,0.23011375380094692,0.2867746809407642,1
1294,2500,ccmar,0.2558505160746848,cc_ccproj,0.2584442173708554,0.014454583754281072,0.23011375380094673,0.286774680940764,1
1294,2500,ccmar,0.2558505160746848,seq,0.2594945314367051,0.014149814831217977,0.23176140397960715,0.28722765889380303,1
1295,2500,ccmar,0.2558505160746848,full,0.2705405056151007,0.009352671425236006,0.2522096064624012,0.28887140476780016,1
1295,2500,ccmar,0.2558505160746848,cc,0.2806325059466873,0.014543599314033045,0.25212757508560113,0.3091374368077735,1
1295,2500,ccmar,0.2558505160746848,cc_ccproj,0.2806325059466873,0.014543599314033047,0.25212757508560113,0.3091374368077735,1
1295,2500,ccmar,0.2558505160746848,seq,0.2811200381544025,0.014465920111777535,0.2527673557320849,0.3094727205767201,1
1296,2500,ccmar,0.2558505160746848,full,0.25817751400348127,0.009712521418694173,0.23914132182376682,0.27721370618319574,1
1296,2500,ccmar,0.2558505160746848,cc,0.2644148627210204,0.01673850282708529,0.23160800002481133,0.2972217254172294,1
1296,2500,ccmar,0.2558505160746848,cc_ccproj,0.26441486272102027,0.016738502827085288,0.23160800002481124,0.2972217254172293,1
1296,2500,ccmar,0.2558505160746848,seq,0.2663408145640962,0.016193955658313337,0.23460124470656343,0.298080384421629,1
1297,2500,ccmar,0.2558505160746848,full,0.255987814203938,0.009569302703053038,0.23723232554879228,0.27474330285908377,1
1297,2500,ccmar,0.2558505160746848,cc,0.2664560994792696,0.01434254331306817,0.23834523113895023,0.294566967819589,1
1297,2500,ccmar,0.2558505160746848,cc_ccproj,0.2664560994792694,0.014342543313068175,0.23834523113895,0.2945669678195888,1
1297,2500,ccmar,0.2558505160746848,seq,0.2733008897726915,0.01394179117425274,0.24597548119117776,0.3006262983542053,1
1298,2500,ccmar,0.2558505160746848,full,0.26032002818775657,0.009440502258594408,0.24181698376494248,0.27882307261057065,1
1298,2500,ccmar,0.2558505160746848,cc,0.2422385546282446,0.017090032368845015,0.20874270669068462,0.27573440256580456,1
1298,2500,ccmar,0.2558505160746848,cc_ccproj,0.24223855462824448,0.017090032368845,0.20874270669068454,0.27573440256580445,1
1298,2500,ccmar,0.2558505160746848,seq,0.24026547390955294,0.016241681927542592,0.20843236228321438,0.2720985855358915,1
1299,2500,ccmar,0.2558505160746848,full,0.2527327345959449,0.013535372122965222,0.22620389271758562,0.2792615764743042,1
1299,2500,ccmar,0.2558505160746848,cc,0.24389738289163043,0.014858223707989466,0.21477579954973192,0.27301896623352895,1
1299,2500,ccmar,0.2558505160746848,cc_ccproj,0.24389738289163043,0.014858223707989471,0.2147757995497319,0.27301896623352895,1
1299,2500,ccmar,0.2558505160746848,seq,0.2434033799714337,0.014465533345539426,0.21505145559701322,0.27175530434585415,1
1300,2500,ccmar,0.2558505160746848,full,0.25569697590840024,0.009002008113226705,0.23805336421793855,0.27334058759886193,1
1300,2500,ccmar,0.2558505160746848,cc,0.26191203514714045,0.013095819189027729,0.23624470118859756,0.2875793691056833,1
1300,2500,ccmar,0.2558505160746848,cc_ccproj,0.26191203514714034,0.013095819189027738,0.23624470118859744,0.28757936910568327,1
1300,2500,ccmar,0.2558505160746848,seq,0.26617236957656093,0.012771233499228745,0.24114121187992113,0.2912035272732007,1
1301,2500,ccmar,0.2558505160746848,full,0.25431867967230154,0.010487757916551061,0.23376305187728663,0.27487430746731645,1
1301,2500,ccmar,0.2558505160746848,cc,0.2803990872495308,0.024300210399806215,0.23277155004916494,0.3280266244498966,1
1301,2500,ccmar,0.2558505160746848,cc_ccproj,0.2803990872495308,0.024300210399806222,0.23277155004916492,0.3280266244498966,1
1301,2500,ccmar,0.2558505160746848,seq,0.28099424036705084,0.02416009722136026,0.2336413199501985,0.3283471607839032,1
1302,2500,ccmar,0.2558505160746848,full,0.24930070443916066,0.010315997999744775,0.22908171989507367,0.2695196889832477,1
1302,2500,ccmar,0.2558505160746848,cc,0.26595800694383853,0.01942954107766999,0.2278768061954638,0.30403920769221326,1
1302,2500,ccmar,0.2558505160746848,cc_ccproj,0.2659580069438383,0.019429541077669987,0.22787680619546358,0.30403920769221304,1
1302,2500,ccmar,0.2558505160746848,seq,0.2689444369039981,0.01864750469205058,0.2323959993060373,0.30549287450195894,1
1303,2500,ccmar,0.2558505160746848,full,0.24844166542489088,0.009478608550591785,0.2298639340421776,0.26701939680760417,1
1303,2500,ccmar,0.2558505160746848,cc,0.2549070401013478,0.017963272967565447,0.2196996720404576,0.290114408162238,1
1303,2500,ccmar,0.2558505160746848,cc_ccproj,0.25490704010134774,0.01796327296756545,0.2196996720404575,0.29011440816223794,1
1303,2500,ccmar,0.2558505160746848,seq,0.256640428133166,0.0177955141294608,0.22176186135304918,0.2915189949132828,1
1304,2500,ccmar,0.2558505160746848,full,0.268870723719603,0.010129893905373652,0.24901649649785887,0.2887249509413472,1
1304,2500,ccmar,0.2558505160746848,cc,0.2664295408853449,0.015350130649002935,0.23634383765531466,0.29651524411537505,1
1304,2500,ccmar,0.2558505160746848,cc_ccproj,0.2664295408853447,0.015350130649002945,0.2363438376553145,0.29651524411537494,1
1304,2500,ccmar,0.2558505160746848,seq,0.2690592173096638,0.015287025748094075,0.23909719741266294,0.2990212372066647,1
1305,2500,ccmar,0.2558505160746848,full,0.2381058197090248,0.010354843469931535,0.21781069944240924,0.2584009399756404,1
1305,2500,ccmar,0.2558505160746848,cc,0.22180942158339276,0.021682278579878086,0.17931293646406743,0.2643059067027181,1
1305,2500,ccmar,0.2558505160746848,cc_ccproj,0.22180942158339267,0.021682278579878103,0.17931293646406732,0.26430590670271803,1
1305,2500,ccmar,0.2558505160746848,seq,0.2177165957911258,0.021520563719394103,0.175537065974114,0.2598961256081376,1
1306,2500,ccmar,0.2558505160746848,full,0.2472725828520214,0.008740047365755132,0.23014240479196715,0.2644027609120756,1
1306,2500,ccmar,0.2558505160746848,cc,0.2553800529964761,0.014778517486929356,0.22641469097719916,0.284345415015753,1
1306,2500,ccmar,0.2558505160746848,cc_ccproj,0.2553800529964761,0.014778517486929361,0.22641469097719916,0.28434541501575306,1
1306,2500,ccmar,0.2558505160746848,seq,0.25846428573903196,0.014204077410346709,0.23062480558113346,0.28630376589693046,1
1307,2500,ccmar,0.2558505160746848,full,0.2550909897102984,0.00988945233587826,0.23570801930515153,0.27447396011544534,1
1307,2500,ccmar,0.2558505160746848,cc,0.24250608691780734,0.014890474181883115,0.2133212938085929,0.2716908800270218,1
1307,2500,ccmar,0.2558505160746848,cc_ccproj,0.24250608691780745,0.014890474181883107,0.21332129380859305,0.27169088002702185,1
1307,2500,ccmar,0.2558505160746848,seq,0.23845914217098588,0.014625826449828431,0.20979304908518884,0.26712523525678294,1
1308,2500,ccmar,0.2558505160746848,full,0.2537757106370561,0.010523278905226894,0.2331504629835413,0.27440095829057093,1
1308,2500,ccmar,0.2558505160746848,cc,0.2658439279434048,0.016543194368945302,0.23341986279102617,0.2982679930957834,1
1308,2500,ccmar,0.2558505160746848,cc_ccproj,0.26584392794340483,0.016543194368945288,0.23341986279102625,0.29826799309578345,1
1308,2500,ccmar,0.2558505160746848,seq,0.2682189278702967,0.015966498668872592,0.23692516552009973,0.2995126902204937,1
1309,2500,ccmar,0.2558505160746848,full,0.29778522373674815,0.015424095909072386,0.2675545512608747,0.3280158962126216,0
1309,2500,ccmar,0.2558505160746848,cc,0.30625387521443426,0.02879035422318059,0.24982581783484964,0.3626819325940189,1
1309,2500,ccmar,0.2558505160746848,cc_ccproj,0.30625387521443453,0.028790354223180596,0.24982581783484992,0.36268193259401915,1
1309,2500,ccmar,0.2558505160746848,seq,0.30546386219807575,0.02875764295024333,0.24909991773533663,0.3618278066608149,1
1310,2500,ccmar,0.2558505160746848,full,0.2745476998465543,0.009367378035073095,0.25618797626823947,0.29290742342486914,0
1310,2500,ccmar,0.2558505160746848,cc,0.2853149056677042,0.014317587124193822,0.2572529505587699,0.31337686077663846,0
1310,2500,ccmar,0.2558505160746848,cc_ccproj,0.28531490566770423,0.014317587124193827,0.25725295055876995,0.3133768607766385,0
1310,2500,ccmar,0.2558505160746848,seq,0.2813021608239635,0.013624811859359138,0.2545980202834854,0.30800630136444157,1
1311,2500,ccmar,0.2558505160746848,full,0.24789745729127466,0.008567263882095132,0.2311059286363174,0.2646889859462319,1
1311,2500,ccmar,0.2558505160746848,cc,0.2405913454013714,0.013931220618468371,0.21328665472849156,0.2678960360742512,1
1311,2500,ccmar,0.2558505160746848,cc_ccproj,0.24059134540137134,0.013931220618468392,0.21328665472849148,0.2678960360742512,1
1311,2500,ccmar,0.2558505160746848,seq,0.23922301253856967,0.013574249168056041,0.21261797305200705,0.2658280520251323,1
1312,2500,ccmar,0.2558505160746848,full,0.2572964721456719,0.009850759206879297,0.23798933887981216,0.27660360541153167,1
1312,2500,ccmar,0.2558505160746848,cc,0.28371544834866586,0.020893409222646264,0.24276511875802217,0.32466577793930956,1
1312,2500,ccmar,0.2558505160746848,cc_ccproj,0.2837154483486659,0.020893409222646275,0.2427651187580222,0.3246657779393096,1
1312,2500,ccmar,0.2558505160746848,seq,0.27654005531012693,0.020731205327708082,0.2359076395117142,0.31717247110853963,1
1313,2500,ccmar,0.2558505160746848,full,0.24726588721404513,0.00913645861817359,0.2293587573761843,0.26517301705190593,1
1313,2500,ccmar,0.2558505160746848,cc,0.2498125847867822,0.015461414284694353,0.21950876963872815,0.2801163999348363,1
1313,2500,ccmar,0.2558505160746848,cc_ccproj,0.2498125847867821,0.015461414284694344,0.21950876963872806,0.2801163999348361,1
1313,2500,ccmar,0.2558505160746848,seq,0.24408770479084851,0.01487233775751902,0.21493845842019604,0.273236951161501,1
1314,2500,ccmar,0.2558505160746848,full,0.25906984253517423,0.009661863979066434,0.24013293711267916,0.2780067479576693,1
1314,2500,ccmar,0.2558505160746848,cc,0.25542645184748675,0.012163209661119351,0.23158699897528318,0.2792659047196903,1
1314,2500,ccmar,0.2558505160746848,cc_ccproj,0.2554264518474867,0.012163209661119355,0.23158699897528312,0.27926590471969026,1
1314,2500,ccmar,0.2558505160746848,seq,0.2525245013018676,0.011933932136463418,0.22913442412045415,0.27591457848328105,1
1315,2500,ccmar,0.2558505160746848,full,0.2650204777056537,0.011661662188066418,0.24216403981717094,0.2878769155941364,1
1315,2500,ccmar,0.2558505160746848,cc,0.3157952026041177,0.02599871814482322,0.26483865139605617,0.3667517538121792,0
1315,2500,ccmar,0.2558505160746848,cc_ccproj,0.31579520260411753,0.02599871814482323,0.264838651396056,0.36675175381217906,0
1315,2500,ccmar,0.2558505160746848,seq,0.31120591000571163,0.025827913992897772,0.2605841287838339,0.36182769122758934,0
1316,2500,ccmar,0.2558505160746848,full,0.24993304003196662,0.012245647090340548,0.22593201276751143,0.2739340672964218,1
1316,2500,ccmar,0.2558505160746848,cc,0.2713621466052262,0.01204138017557021,0.24776147513695396,0.2949628180734984,1
1316,2500,ccmar,0.2558505160746848,cc_ccproj,0.27136214660522634,0.012041380175570222,0.24776147513695412,0.29496281807349856,1
1316,2500,ccmar,0.2558505160746848,seq,0.26888163344440424,0.012047559888283899,0.2452688499617784,0.2924944169270301,1
1317,2500,ccmar,0.2558505160746848,full,0.24490363153458788,0.010120072544169608,0.22506865382708283,0.26473860924209297,1
1317,2500,ccmar,0.2558505160746848,cc,0.2477902741271286,0.014970719866183518,0.2184482023667706,0.2771323458874866,1
1317,2500,ccmar,0.2558505160746848,cc_ccproj,0.2477902741271287,0.014970719866183504,0.21844820236677073,0.27713234588748664,1
1317,2500,ccmar,0.2558505160746848,seq,0.2545396622123863,0.014244128556531312,0.2266216832504264,0.28245764117434613,1
1318,2500,ccmar,0.2558505160746848,full,0.2646087196360646,0.011571559970866986,0.24192887884821992,0.2872885604239092,1
1318,2500,ccmar,0.2558505160746848,cc,0.27170500872741343,0.027773528597967858,0.2172698929518032,0.32614012450302365,1
1318,2500,ccmar,0.2558505160746848,cc_ccproj,0.2717050087274132,0.027773528597967858,0.217269892951803,0.32614012450302343,1
1318,2500,ccmar,0.2558505160746848,seq,0.26971404852532294,0.027469489224600237,0.21587483897139537,0.3235532580792505,1
1319,2500,ccmar,0.2558505160746848,full,0.25582767798235984,0.009978410352051893,0.2362703530693765,0.2753850028953432,1
1319,2500,ccmar,0.2558505160746848,cc,0.25345684238912247,0.013559684769507328,0.2268803485991718,0.2800333361790731,1
1319,2500,ccmar,0.2558505160746848,cc_ccproj,0.2534568423891224,0.013559684769507328,0.22688034859917175,0.2800333361790731,1
1319,2500,ccmar,0.2558505160746848,seq,0.250033134405488,0.012999334369511005,0.22455490721825278,0.27551136159272327,1
1320,2500,ccmar,0.2558505160746848,full,0.25037760449971475,0.009928282098190295,0.230918529158908,0.2698366798405215,1
1320,2500,ccmar,0.2558505160746848,cc,0.24546040285355683,0.01918971579736503,0.20784925101716203,0.2830715546899516,1
1320,2500,ccmar,0.2558505160746848,cc_ccproj,0.24546040285355683,0.01918971579736502,0.20784925101716206,0.2830715546899516,1
1320,2500,ccmar,0.2558505160746848,seq,0.2422188852335502,0.018750474948787076,0.205468629640907,0.2789691408261934,1
1321,2500,ccmar,0.2558505160746848,full,0.2517313018095041,0.008917564372303677,0.23425319680997136,0.2692094068090368,1
1321,2500,ccmar,0.2558505160746848,cc,0.25436582145787234,0.011656818222330001,0.23151887756777534,0.27721276534796935,1
1321,2500,ccmar,0.2558505160746848,cc_ccproj,0.25436582145787234,0.01165681822233,0.23151887756777534,0.27721276534796935,1
1321,2500,ccmar,0.2558505160746848,seq,0.2553901595871586,0.011559890444072707,0.23273319065154738,0.27804712852276986,1
1322,2500,ccmar,0.2558505160746848,full,0.2556356251584264,0.010058434006274214,0.23592145676525603,0.2753497935515968,1
1322,2500,ccmar,0.2558505160746848,cc,0.24051937205585527,0.013642025565856992,0.21378149327060092,0.26725725084110963,1
1322,2500,ccmar,0.2558505160746848,cc_ccproj,0.24051937205585547,0.013642025565856997,0.21378149327060111,0.26725725084110985,1
1322,2500,ccmar,0.2558505160746848,seq,0.23998270194986243,0.013364265817348142,0.2137892222680403,0.26617618163168455,1
1323,2500,ccmar,0.2558505160746848,full,0.26806757528515973,0.008879332077237855,0.2506644042070023,0.28547074636331715,1
1323,2500,ccmar,0.2558505160746848,cc,0.26392541616937976,0.012504174770426169,0.23941768396295007,0.28843314837580947,1
1323,2500,ccmar,0.2558505160746848,cc_ccproj,0.2639254161693797,0.012504174770426172,0.23941768396295,0.2884331483758094,1
1323,2500,ccmar,0.2558505160746848,seq,0.26105944546562526,0.01203241611409427,0.2374763432350011,0.2846425476962494,1
1324,2500,ccmar,0.2558505160746848,full,0.23283736652333023,0.012908241300141642,0.20753767847130014,0.25813705457536035,1
1324,2500,ccmar,0.2558505160746848,cc,0.2577177756927561,0.017491652925532387,0.22343476592863798,0.29200078545687425,1
1324,2500,ccmar,0.2558505160746848,cc_ccproj,0.25771777569275617,0.017491652925532383,0.22343476592863803,0.2920007854568743,1
1324,2500,ccmar,0.2558505160746848,seq,0.25765070110784377,0.017013037247231445,0.22430576083563167,0.29099564138005585,1
1325,2500,ccmar,0.2558505160746848,full,0.2576991068880377,0.008679273701284514,0.24068804302155442,0.27471017075452103,1
1325,2500,ccmar,0.2558505160746848,cc,0.2617732783572212,0.01345493439626198,0.23540209152619854,0.2881444651882438,1
1325,2500,ccmar,0.2558505160746848,cc_ccproj,0.26177327835722125,0.013454934396261982,0.2354020915261986,0.2881444651882439,1
1325,2500,ccmar,0.2558505160746848,seq,0.2541644607957247,0.013317792477531043,0.22806206718618538,0.280266854405264,1
1326,2500,ccmar,0.2558505160746848,full,0.258177326794208,0.00944951137272916,0.23965662483215722,0.2766980287562588,1
1326,2500,ccmar,0.2558505160746848,cc,0.25033412701415064,0.012686132687618227,0.2254697638433226,0.27519849018497866,1
1326,2500,ccmar,0.2558505160746848,cc_ccproj,0.25033412701415064,0.012686132687618241,0.22546976384332257,0.2751984901849787,1
1326,2500,ccmar,0.2558505160746848,seq,0.2536593142157107,0.012624507533565659,0.22891573412736743,0.27840289430405396,1
1327,2500,ccmar,0.2558505160746848,full,0.24733686564031587,0.00982220103290239,0.22808570536691508,0.26658802591371666,1
1327,2500,ccmar,0.2558505160746848,cc,0.26009364804876034,0.013888345846851311,0.23287299038409534,0.28731430571342537,1
1327,2500,ccmar,0.2558505160746848,cc_ccproj,0.2600936480487605,0.013888345846851296,0.23287299038409554,0.2873143057134255,1
1327,2500,ccmar,0.2558505160746848,seq,0.26353812861911985,0.013183366632753886,0.23769920482393514,0.28937705241430456,1
1328,2500,ccmar,0.2558505160746848,full,0.27339197771377394,0.010004905449092709,0.2537827233648237,0.29300123206272416,1
1328,2500,ccmar,0.2558505160746848,cc,0.28880779088135017,0.014158953429542421,0.26105675210066714,0.3165588296620332,0
1328,2500,ccmar,0.2558505160746848,cc_ccproj,0.2888077908813501,0.014158953429542426,0.2610567521006671,0.31655882966203314,0
1328,2500,ccmar,0.2558505160746848,seq,0.28328523570755726,0.014119202778743036,0.25561210677080304,0.3109583646443115,1
1329,2500,ccmar,0.2558505160746848,full,0.25357910431210073,0.010199056231522435,0.23358932142201796,0.27356888720218353,1
1329,2500,ccmar,0.2558505160746848,cc,0.26567924829207423,0.01852729492202634,0.22936641751395076,0.3019920790701977,1
1329,2500,ccmar,0.2558505160746848,cc_ccproj,0.2656792482920741,0.018527294922026344,0.22936641751395065,0.3019920790701976,1
1329,2500,ccmar,0.2558505160746848,seq,0.26512089012128753,0.01839420239701112,0.2290689158988054,0.30117286434376966,1
1330,2500,ccmar,0.2558505160746848,full,0.2557063679100653,0.010101866512619568,0.2359070733686997,0.2755056624514309,1
1330,2500,ccmar,0.2558505160746848,cc,0.2688566038944781,0.019436323912933574,0.23076210903327365,0.3069510987556825,1
1330,2500,ccmar,0.2558505160746848,cc_ccproj,0.2688566038944782,0.019436323912933567,0.23076210903327377,0.3069510987556826,1
1330,2500,ccmar,0.2558505160746848,seq,0.26940326487417116,0.018517179396036552,0.23311026016267236,0.30569626958567,1
1331,2500,ccmar,0.2558505160746848,full,0.24993063843242772,0.01043120815638546,0.22948584613067174,0.2703754307341837,1
1331,2500,ccmar,0.2558505160746848,cc,0.25594664832573233,0.01472861156471271,0.22707910011661528,0.28481419653484935,1
1331,2500,ccmar,0.2558505160746848,cc_ccproj,0.25594664832573216,0.01472861156471271,0.2270791001166151,0.2848141965348492,1
1331,2500,ccmar,0.2558505160746848,seq,0.25362000160146897,0.014528221774339685,0.22514521016435257,0.28209479303858537,1
1332,2500,ccmar,0.2558505160746848,full,0.2729273421340999,0.010817895168568806,0.2517246572151752,0.29413002705302466,1
1332,2500,ccmar,0.2558505160746848,cc,0.28164842611554824,0.025478259358735583,0.23171195538365594,0.3315848968474406,1
1332,2500,ccmar,0.2558505160746848,cc_ccproj,0.2816484261155483,0.025478259358735586,0.23171195538365597,0.33158489684744064,1
1332,2500,ccmar,0.2558505160746848,seq,0.2810831709766087,0.025210904095782714,0.23167070693118122,0.33049563502203616,1
1333,2500,ccmar,0.2558505160746848,full,0.27261345129055287,0.024784731877506183,0.22403626944415894,0.3211906331369468,1
1333,2500,ccmar,0.2558505160746848,cc,0.2538957022993344,0.011848657929565803,0.2306727594922505,0.2771186451064183,1
1333,2500,ccmar,0.2558505160746848,cc_ccproj,0.25389570229933434,0.011848657929565813,0.2306727594922504,0.27711864510641826,1
1333,2500,ccmar,0.2558505160746848,seq,0.2542756078594045,0.011296923667042845,0.23213404433590237,0.27641717138290667,1
1334,2500,ccmar,0.2558505160746848,full,0.2514833172017643,0.009649515585550012,0.23257061418582836,0.27039602021770026,1
1334,2500,ccmar,0.2558505160746848,cc,0.24621850252621189,0.017317110662483894,0.2122775893114489,0.28015941574097486,1
1334,2500,ccmar,0.2558505160746848,cc_ccproj,0.2462185025262118,0.017317110662483898,0.2122775893114488,0.2801594157409748,1
1334,2500,ccmar,0.2558505160746848,seq,0.24664067356038913,0.017068480560830542,0.21318706639033924,0.280094280730439,1
1335,2500,ccmar,0.2558505160746848,full,0.2596946358721779,0.009606445660753587,0.24086634835765977,0.278522923386696,1
1335,2500,ccmar,0.2558505160746848,cc,0.2577790413840007,0.013697471166011454,0.2309324912193424,0.284625591548659,1
1335,2500,ccmar,0.2558505160746848,cc_ccproj,0.2577790413840007,0.013697471166011454,0.2309324912193424,0.284625591548659,1
1335,2500,ccmar,0.2558505160746848,seq,0.25367414480909484,0.013438881141141844,0.2273344217799423,0.2800138678382474,1
1336,2500,ccmar,0.2558505160746848,full,0.28221554936649557,0.011566886446495285,0.2595448685181003,0.3048862302148908,0
1336,2500,ccmar,0.2558505160746848,cc,0.27694974001460787,0.014288959633596348,0.24894389375621237,0.30495558627300334,1
1336,2500,ccmar,0.2558505160746848,cc_ccproj,0.27694974001460787,0.014288959633596348,0.24894389375621237,0.30495558627300334,1
1336,2500,ccmar,0.2558505160746848,seq,0.2673936401465238,0.014069765512996536,0.23981740647012686,0.2949698738229207,1
1337,2500,ccmar,0.2558505160746848,full,0.244057347801928,0.009165493977446159,0.22609330970561475,0.26202138589824125,1
1337,2500,ccmar,0.2558505160746848,cc,0.24355370915381755,0.013742829254872874,0.2166182587685833,0.27048915953905184,1
1337,2500,ccmar,0.2558505160746848,cc_ccproj,0.24355370915381735,0.013742829254872883,0.21661825876858307,0.2704891595390516,1
1337,2500,ccmar,0.2558505160746848,seq,0.23910904627700497,0.013845512012124124,0.211972341385725,0.26624575116828497,1
1338,2500,ccmar,0.2558505160746848,full,0.2754253054876193,0.014374090660436774,0.24725260548264966,0.3035980054925889,1
1338,2500,ccmar,0.2558505160746848,cc,0.25161936063476953,0.014976714332216572,0.2222655399368802,0.28097318133265886,1
1338,2500,ccmar,0.2558505160746848,cc_ccproj,0.2516193606347694,0.014976714332216576,0.22226553993688009,0.28097318133265875,1
1338,2500,ccmar,0.2558505160746848,seq,0.2544103104572674,0.01451273541730608,0.22596587172218863,0.2828547491923462,1
1339,2500,ccmar,0.2558505160746848,full,0.2496911000125693,0.010501403471756156,0.22910872742080335,0.27027347260433526,1
1339,2500,ccmar,0.2558505160746848,cc,0.25242172318417155,0.015236897852943078,0.22255795215628743,0.2822854942120557,1
1339,2500,ccmar,0.2558505160746848,cc_ccproj,0.2524217231841712,0.015236897852943075,0.22255795215628713,0.28228549421205534,1
1339,2500,ccmar,0.2558505160746848,seq,0.25533048983260603,0.014478461238198294,0.22695322725417819,0.2837077524110339,1
1340,2500,ccmar,0.2558505160746848,full,0.23360247713930504,0.010676854469736858,0.2126762269104453,0.2545287273681648,0
1340,2500,ccmar,0.2558505160746848,cc,0.240614795195359,0.015107369402722432,0.21100489526488064,0.27022469512583736,1
1340,2500,ccmar,0.2558505160746848,cc_ccproj,0.240614795195359,0.015107369402722441,0.21100489526488062,0.27022469512583736,1
1340,2500,ccmar,0.2558505160746848,seq,0.24046900777505897,0.014325655369584989,0.21239123919573955,0.2685467763543784,1
1341,2500,ccmar,0.2558505160746848,full,0.2555718938571705,0.009131416019137629,0.23767464733180863,0.27346914038253234,1
1341,2500,ccmar,0.2558505160746848,cc,0.2574455896470634,0.013262385691656562,0.23145179134233718,0.2834393879517896,1
1341,2500,ccmar,0.2558505160746848,cc_ccproj,0.2574455896470634,0.01326238569165656,0.23145179134233718,0.2834393879517896,1
1341,2500,ccmar,0.2558505160746848,seq,0.256943539943055,0.01288354915450366,0.23169224760717638,0.28219483227893366,1
1342,2500,ccmar,0.2558505160746848,full,0.2553754857631239,0.009696870735674646,0.2363699683584612,0.27438100316778663,1
1342,2500,ccmar,0.2558505160746848,cc,0.2510054220497957,0.0113380366166152,0.22878327862583353,0.27322756547375787,1
1342,2500,ccmar,0.2558505160746848,cc_ccproj,0.2510054220497956,0.011338036616615206,0.22878327862583342,0.27322756547375776,1
1342,2500,ccmar,0.2558505160746848,seq,0.251123700548944,0.010869229785841974,0.22982040162900375,0.27242699946888427,1
1343,2500,ccmar,0.2558505160746848,full,0.26377530086669165,0.009392569746187086,0.24536620244188445,0.28218439929149886,1
1343,2500,ccmar,0.2558505160746848,cc,0.25193065755257565,0.013355062504006927,0.22575521603344076,0.2781060990717105,1
1343,2500,ccmar,0.2558505160746848,cc_ccproj,0.2519306575525756,0.013355062504006934,0.2257552160334407,0.2781060990717105,1
1343,2500,ccmar,0.2558505160746848,seq,0.2561826877585313,0.012956565241155545,0.23078828652252292,0.2815770889945397,1
1344,2500,ccmar,0.2558505160746848,full,0.2661215192106176,0.01010338410279369,0.24631925024716744,0.2859237881740678,1
1344,2500,ccmar,0.2558505160746848,cc,0.2624645985639743,0.012833355859622362,0.2373116832783284,0.2876175138496202,1
1344,2500,ccmar,0.2558505160746848,cc_ccproj,0.2624645985639743,0.012833355859622364,0.2373116832783284,0.2876175138496202,1
1344,2500,ccmar,0.2558505160746848,seq,0.2578403966056364,0.012506307617027644,0.23332848409668328,0.28235230911458953,1
1345,2500,ccmar,0.2558505160746848,full,0.24729202391998342,0.011178146749033635,0.225383258877974,0.26920078896199284,1
1345,2500,ccmar,0.2558505160746848,cc,0.2617567449608263,0.013727067755344219,0.23485218654701054,0.288661303374642,1
1345,2500,ccmar,0.2558505160746848,cc_ccproj,0.2617567449608264,0.013727067755344229,0.23485218654701062,0.2886613033746422,1
1345,2500,ccmar,0.2558505160746848,seq,0.2611183285919817,0.013610118944865976,0.2344429856347381,0.2877936715492253,1
1346,2500,ccmar,0.2558505160746848,full,0.24967945231034455,0.010779794598812625,0.2285514431359324,0.2708074614847567,1
1346,2500,ccmar,0.2558505160746848,cc,0.258050841126243,0.013421199221900236,0.23174577402198154,0.28435590823050444,1
1346,2500,ccmar,0.2558505160746848,cc_ccproj,0.2580508411262431,0.01342119922190024,0.23174577402198163,0.28435590823050455,1
1346,2500,ccmar,0.2558505160746848,seq,0.26097756200953337,0.01328377647402161,0.23494183854177053,0.2870132854772962,1
1347,2500,ccmar,0.2558505160746848,full,0.25443725750209106,0.013907867072309838,0.22717833893859327,0.2816961760655889,1
1347,2500,ccmar,0.2558505160746848,cc,0.2466991331449131,0.042677224375644994,0.163053310408514,0.3303449558813122,1
1347,2500,ccmar,0.2558505160746848,cc_ccproj,0.24669913314491296,0.04267722437564497,0.1630533104085139,0.330344955881312,1
1347,2500,ccmar,0.2558505160746848,seq,0.2503509887082511,0.04106530249962927,0.1698644747947351,0.33083750262176714,1
1348,2500,ccmar,0.2558505160746848,full,0.23555132126394857,0.013101775995539734,0.2098723121791793,0.26123033034871784,1
1348,2500,ccmar,0.2558505160746848,cc,0.23873233191013332,0.011761566029769679,0.215680086089995,0.26178457773027164,1
1348,2500,ccmar,0.2558505160746848,cc_ccproj,0.23873233191013352,0.011761566029769672,0.2156800860899952,0.2617845777302718,1
1348,2500,ccmar,0.2558505160746848,seq,0.24300335295549275,0.01151302156616408,0.22043824533257822,0.2655684605784073,1
1349,2500,ccmar,0.2558505160746848,full,0.2406452104357343,0.01116545888600929,0.2187613131482934,0.2625291077231752,1
1349,2500,ccmar,0.2558505160746848,cc,0.23401390541796027,0.012252848589699838,0.2099987634741262,0.25802904736179433,1
1349,2500,ccmar,0.2558505160746848,cc_ccproj,0.23401390541796027,0.012252848589699843,0.2099987634741262,0.2580290473617944,1
1349,2500,ccmar,0.2558505160746848,seq,0.23922539004791396,0.012010824815608761,0.21568460598470085,0.26276617411112707,1
1350,2500,ccmar,0.2558505160746848,full,0.26703964809812886,0.008252318163821744,0.25086540170807253,0.2832138944881852,1
1350,2500,ccmar,0.2558505160746848,cc,0.2801159611396463,0.015834885676435307,0.24908015551452395,0.3111517667647687,1
1350,2500,ccmar,0.2558505160746848,cc_ccproj,0.2801159611396463,0.015834885676435304,0.24908015551452395,0.3111517667647687,1
1350,2500,ccmar,0.2558505160746848,seq,0.27887942842120667,0.015414916690020406,0.2486667468840813,0.30909210995833203,1
1351,2500,ccmar,0.2558505160746848,full,0.2558108372844573,0.010280281476599673,0.2356618558393877,0.2759598187295269,1
1351,2500,ccmar,0.2558505160746848,cc,0.252680038797801,0.01153584145177159,0.23007020502096442,0.27528987257463755,1
1351,2500,ccmar,0.2558505160746848,cc_ccproj,0.25268003879780093,0.011535841451771587,0.23007020502096437,0.2752898725746375,1
1351,2500,ccmar,0.2558505160746848,seq,0.25045780473830254,0.010876675748601218,0.2291399119995239,0.27177569747708114,1
1352,2500,ccmar,0.2558505160746848,full,0.258622162291332,0.009856660666556119,0.23930346237704944,0.27794086220561454,1
1352,2500,ccmar,0.2558505160746848,cc,0.2967175896059484,0.021635962376057062,0.2543118825780129,0.3391232966338839,1
1352,2500,ccmar,0.2558505160746848,cc_ccproj,0.2967175896059486,0.021635962376057073,0.25431188257801307,0.3391232966338841,1
1352,2500,ccmar,0.2558505160746848,seq,0.29341213027766616,0.02155153736139102,0.25117189323787037,0.33565236731746195,1
1353,2500,ccmar,0.2558505160746848,full,0.2725029155326768,0.011092975336362306,0.2507610833920156,0.294244747673338,1
1353,2500,ccmar,0.2558505160746848,cc,0.2511220045527227,0.018246076344291925,0.2153603520587423,0.28688365704670316,1
1353,2500,ccmar,0.2558505160746848,cc_ccproj,0.2511220045527229,0.01824607634429192,0.21536035205874246,0.28688365704670327,1
1353,2500,ccmar,0.2558505160746848,seq,0.2553508031143311,0.01769445502846409,0.22067030853247785,0.2900312976961844,1
1354,2500,ccmar,0.2558505160746848,full,0.2692589505189549,0.009051657092165549,0.25151802861790384,0.2869998724200059,1
1354,2500,ccmar,0.2558505160746848,cc,0.29715626821519703,0.01985709465933385,0.25823707784530003,0.336075458585094,0
1354,2500,ccmar,0.2558505160746848,cc_ccproj,0.2971562682151971,0.01985709465933386,0.25823707784530003,0.33607545858509413,0
1354,2500,ccmar,0.2558505160746848,seq,0.29616279730488676,0.019804284907309698,0.2573471121469896,0.33497848246278394,0
1355,2500,ccmar,0.2558505160746848,full,0.2535991660617941,0.00985004337638705,0.23429343579791817,0.27290489632567005,1
1355,2500,ccmar,0.2558505160746848,cc,0.2350603954540021,0.017753863805123622,0.20026346180953056,0.26985732909847365,1
1355,2500,ccmar,0.2558505160746848,cc_ccproj,0.23506039545400212,0.017753863805123643,0.20026346180953053,0.2698573290984737,1
1355,2500,ccmar,0.2558505160746848,seq,0.23300592765733777,0.017138443658649066,0.1994151953353167,0.26659665997935883,1
1356,2500,ccmar,0.2558505160746848,full,0.2491162519430569,0.010141723593863899,0.22923883895792352,0.26899366492819027,1
1356,2500,ccmar,0.2558505160746848,cc,0.22586340922851592,0.013580455027682466,0.19924620648059238,0.25248061197643945,0
1356,2500,ccmar,0.2558505160746848,cc_ccproj,0.22586340922851622,0.013580455027682452,0.1992462064805927,0.25248061197643973,0
1356,2500,ccmar,0.2558505160746848,seq,0.2247738447609966,0.012748873194177206,0.19978651245694115,0.24976117706505205,0
1357,2500,ccmar,0.2558505160746848,full,0.25639705826653825,0.0096404886069609,0.23750204780352616,0.2752920687295503,1
1357,2500,ccmar,0.2558505160746848,cc,0.2620084508062594,0.019213776231173967,0.22435014138614667,0.2996667602263721,1
1357,2500,ccmar,0.2558505160746848,cc_ccproj,0.26200845080625923,0.019213776231173967,0.2243501413861465,0.29966676022637195,1
1357,2500,ccmar,0.2558505160746848,seq,0.258689548615225,0.018441936504480554,0.2225440172612686,0.29483507996918135,1
1358,2500,ccmar,0.2558505160746848,full,0.2590287593739796,0.010076865728015695,0.23927846547002288,0.2787790532779364,1
1358,2500,ccmar,0.2558505160746848,cc,0.24996720695507402,0.014480716301632812,0.22158552453353164,0.2783488893766164,1
1358,2500,ccmar,0.2558505160746848,cc_ccproj,0.2499672069550742,0.014480716301632824,0.22158552453353184,0.2783488893766166,1
1358,2500,ccmar,0.2558505160746848,seq,0.2511160237401647,0.014105228373969476,0.22347028413347203,0.2787617633468573,1
1359,2500,ccmar,0.2558505160746848,full,0.2450439683430348,0.010840827463688087,0.22379633695159346,0.26629159973447614,1
1359,2500,ccmar,0.2558505160746848,cc,0.25050070627080223,0.015093385567506007,0.22091821415371382,0.28008319838789064,1
1359,2500,ccmar,0.2558505160746848,cc_ccproj,0.2505007062708021,0.015093385567506001,0.2209182141537137,0.28008319838789053,1
1359,2500,ccmar,0.2558505160746848,seq,0.24679731009447628,0.014575356575511306,0.21823013614464506,0.2753644840443075,1
1360,2500,ccmar,0.2558505160746848,full,0.24948653967304826,0.009250535267216654,0.23135582371158603,0.2676172556345105,1
1360,2500,ccmar,0.2558505160746848,cc,0.23934306327838004,0.011482224451565048,0.21683831689090738,0.2618478096658527,1
1360,2500,ccmar,0.2558505160746848,cc_ccproj,0.2393430632783799,0.011482224451565055,0.2168383168909072,0.2618478096658526,1
1360,2500,ccmar,0.2558505160746848,seq,0.23495904679799273,0.011243537647315293,0.21292211795043453,0.25699597564555093,1
1361,2500,ccmar,0.2558505160746848,full,0.2725007537238455,0.00889223465237254,0.2550722940631163,0.2899292133845747,1
1361,2500,ccmar,0.2558505160746848,cc,0.2747867181843543,0.014296248140099747,0.24676658671571106,0.30280684965299753,1
1361,2500,ccmar,0.2558505160746848,cc_ccproj,0.2747867181843543,0.01429624814009975,0.24676658671571106,0.30280684965299753,1
1361,2500,ccmar,0.2558505160746848,seq,0.27821061589207347,0.014308959656217124,0.25016557030965125,0.3062556614744957,1
1362,2500,ccmar,0.2558505160746848,full,0.26420110240156763,0.010653338612151342,0.2433209424066411,0.2850812623964942,1
1362,2500,ccmar,0.2558505160746848,cc,0.2637276631084535,0.016974069845811558,0.23045909753959554,0.2969962286773115,1
1362,2500,ccmar,0.2558505160746848,cc_ccproj,0.26372766310845325,0.016974069845811558,0.23045909753959526,0.29699622867731124,1
1362,2500,ccmar,0.2558505160746848,seq,0.26449255053400056,0.016826538435326107,0.23151314121628244,0.2974719598517187,1
1363,2500,ccmar,0.2558505160746848,full,0.2479624753669885,0.010108969187708226,0.22814925983825526,0.2677756908957218,1
1363,2500,ccmar,0.2558505160746848,cc,0.23418981703392136,0.02250277481390178,0.19008518884645886,0.27829444522138386,1
1363,2500,ccmar,0.2558505160746848,cc_ccproj,0.23418981703392125,0.022502774813901737,0.19008518884645884,0.2782944452213837,1
1363,2500,ccmar,0.2558505160746848,seq,0.22980607211903625,0.02095431062104157,0.18873637798092965,0.2708757662571429,1
1364,2500,ccmar,0.2558505160746848,full,0.2653530105163656,0.009661942702360527,0.24641595079904938,0.28429007023368186,1
1364,2500,ccmar,0.2558505160746848,cc,0.26507680680893636,0.016263081250885613,0.23320175327955195,0.29695186033832077,1
1364,2500,ccmar,0.2558505160746848,cc_ccproj,0.26507680680893636,0.016263081250885606,0.23320175327955195,0.29695186033832077,1
1364,2500,ccmar,0.2558505160746848,seq,0.2659903555349725,0.015934135285240365,0.23476002425111253,0.2972206868188325,1
1365,2500,ccmar,0.2558505160746848,full,0.26261717465995116,0.008997764310364663,0.24498188067025653,0.28025246864964576,1
1365,2500,ccmar,0.2558505160746848,cc,0.26637760281347317,0.01347829508636097,0.23996062987120248,0.29279457575574386,1
1365,2500,ccmar,0.2558505160746848,cc_ccproj,0.2663776028134731,0.013478295086360982,0.23996062987120242,0.2927945757557438,1
1365,2500,ccmar,0.2558505160746848,seq,0.2662283591728194,0.013176644242265048,0.24040261102088284,0.29205410732475595,1
1366,2500,ccmar,0.2558505160746848,full,0.25666295894281405,0.012098005786491353,0.23295130331653383,0.2803746145690943,1
1366,2500,ccmar,0.2558505160746848,cc,0.24279997731378267,0.013797477725851048,0.21575741789362102,0.2698425367339443,1
1366,2500,ccmar,0.2558505160746848,cc_ccproj,0.2427999773137826,0.01379747772585104,0.21575741789362096,0.26984253673394426,1
1366,2500,ccmar,0.2558505160746848,seq,0.2452098165489948,0.013608521639510934,0.2185376042527194,0.2718820288452702,1
1367,2500,ccmar,0.2558505160746848,full,0.2534879548986892,0.009007287984560668,0.2358339948505699,0.27114191494680845,1
1367,2500,ccmar,0.2558505160746848,cc,0.26975346902443004,0.01383255763817553,0.24264215423953156,0.2968647838093285,1
1367,2500,ccmar,0.2558505160746848,cc_ccproj,0.26975346902443015,0.013832557638175542,0.24264215423953164,0.2968647838093286,1
1367,2500,ccmar,0.2558505160746848,seq,0.26411201846900706,0.01347107869246179,0.23770918939887703,0.2905148475391371,1
1368,2500,ccmar,0.2558505160746848,full,0.2562538145921128,0.011152044244426671,0.23439620951903936,0.2781114196651863,1
1368,2500,ccmar,0.2558505160746848,cc,0.25749619332432255,0.024577386954466495,0.20932540005946365,0.30566698658918146,1
1368,2500,ccmar,0.2558505160746848,cc_ccproj,0.2574961933243222,0.02457738695446651,0.2093254000594633,0.3056669865891811,1
1368,2500,ccmar,0.2558505160746848,seq,0.2599350797791346,0.024349745508115517,0.21221045555051224,0.307659704007757,1
1369,2500,ccmar,0.2558505160746848,full,0.2598106013711586,0.009310012574322039,0.24156331202987236,0.2780578907124448,1
1369,2500,ccmar,0.2558505160746848,cc,0.2548997171173331,0.013849891580416183,0.22775442842993288,0.28204500580473335,1
1369,2500,ccmar,0.2558505160746848,cc_ccproj,0.25489971711733284,0.013849891580416185,0.2277544284299326,0.2820450058047331,1
1369,2500,ccmar,0.2558505160746848,seq,0.25902455938048913,0.013499981698384915,0.23256508145970484,0.2854840373012734,1
1370,2500,ccmar,0.2558505160746848,full,0.2491975793710896,0.009615614813524078,0.23035132064737257,0.26804383809480664,1
1370,2500,ccmar,0.2558505160746848,cc,0.2520069297883575,0.01614723195123543,0.22035893671392162,0.28365492286279337,1
1370,2500,ccmar,0.2558505160746848,cc_ccproj,0.25200692978835737,0.01614723195123543,0.2203589367139215,0.28365492286279326,1
1370,2500,ccmar,0.2558505160746848,seq,0.25382310448247025,0.015864821798391857,0.22272862513647623,0.28491758382846427,1
1371,2500,ccmar,0.2558505160746848,full,0.2430740512858315,0.010179478769721766,0.22312263951578676,0.26302546305587626,1
1371,2500,ccmar,0.2558505160746848,cc,0.26367430437100814,0.017374886432094682,0.22962015272862893,0.2977284560133874,1
1371,2500,ccmar,0.2558505160746848,cc_ccproj,0.26367430437100825,0.017374886432094668,0.22962015272862907,0.29772845601338743,1
1371,2500,ccmar,0.2558505160746848,seq,0.2597536717512179,0.016567353295347434,0.22728225597318594,0.29222508752924986,1
1372,2500,ccmar,0.2558505160746848,full,0.2498215517258383,0.011909014038841094,0.22648031311832786,0.2731627903333487,1
1372,2500,ccmar,0.2558505160746848,cc,0.2364995298413361,0.031217468289295253,0.1753144163057962,0.297684643376876,1
1372,2500,ccmar,0.2558505160746848,cc_ccproj,0.23649952984133615,0.031217468289295232,0.17531441630579628,0.297684643376876,1
1372,2500,ccmar,0.2558505160746848,seq,0.23788279618887692,0.029522639413952806,0.18001948620896674,0.2957461061687871,1
1373,2500,ccmar,0.2558505160746848,full,0.26070555598162365,0.012260612901552836,0.23667519626619296,0.28473591569705436,1
1373,2500,ccmar,0.2558505160746848,cc,0.23488607563593572,0.021981753838198247,0.19180262979604207,0.2779695214758294,1
1373,2500,ccmar,0.2558505160746848,cc_ccproj,0.23488607563593578,0.021981753838198243,0.19180262979604212,0.27796952147582943,1
1373,2500,ccmar,0.2558505160746848,seq,0.24184437172218512,0.021642167291803672,0.19942650328285916,0.2842622401615111,1
1374,2500,ccmar,0.2558505160746848,full,0.2574141289408632,0.009353607444554232,0.23908139522401117,0.2757468626577152,1
1374,2500,ccmar,0.2558505160746848,cc,0.2310501697344936,0.02108579263564988,0.18972277558313994,0.2723775638858473,1
1374,2500,ccmar,0.2558505160746848,cc_ccproj,0.23105016973449355,0.021085792635649855,0.18972277558313994,0.27237756388584716,1
1374,2500,ccmar,0.2558505160746848,seq,0.23223129435127776,0.020477733038975435,0.19209567510985995,0.27236691359269555,1
1375,2500,ccmar,0.2558505160746848,full,0.24730360402298188,0.009162632015665738,0.2293451752686834,0.2652620327772804,1
1375,2500,ccmar,0.2558505160746848,cc,0.2593904272551638,0.015612096782316696,0.22879127983866943,0.2899895746716582,1
1375,2500,ccmar,0.2558505160746848,cc_ccproj,0.25939042725516376,0.015612096782316696,0.22879127983866937,0.28998957467165815,1
1375,2500,ccmar,0.2558505160746848,seq,0.26116536138483304,0.01491369727396266,0.23193505185153304,0.290395670918133,1
1376,2500,ccmar,0.2558505160746848,full,0.2509913142693979,0.011400839514774053,0.22864607942691967,0.27333654911187616,1
1376,2500,ccmar,0.2558505160746848,cc,0.26858471685171387,0.012594391625971226,0.2439001628576174,0.29326927084581034,1
1376,2500,ccmar,0.2558505160746848,cc_ccproj,0.26858471685171365,0.012594391625971237,0.24390016285761718,0.2932692708458101,1
1376,2500,ccmar,0.2558505160746848,seq,0.26327577376968,0.01221576789753884,0.23933330864700328,0.2872182388923567,1
1377,2500,ccmar,0.2558505160746848,full,0.2593388763016731,0.0088334843610985,0.24202556509592227,0.276652187507424,1
1377,2500,ccmar,0.2558505160746848,cc,0.26299512469825403,0.012304902732282495,0.23887795850971183,0.28711229088679624,1
1377,2500,ccmar,0.2558505160746848,cc_ccproj,0.26299512469825403,0.012304902732282496,0.23887795850971183,0.28711229088679624,1
1377,2500,ccmar,0.2558505160746848,seq,0.2618126233952872,0.012068693495102908,0.2381584188044327,0.28546682798614176,1
1378,2500,ccmar,0.2558505160746848,full,0.2489634439868686,0.009967899058859121,0.229426720829974,0.2685001671437632,1
1378,2500,ccmar,0.2558505160746848,cc,0.24662405327749248,0.021719302670108544,0.2040550022747551,0.2891931042802299,1
1378,2500,ccmar,0.2558505160746848,cc_ccproj,0.2466240532774925,0.021719302670108548,0.20405500227475512,0.2891931042802299,1
1378,2500,ccmar,0.2558505160746848,seq,0.2473002608841338,0.02123548235134869,0.2056794802811544,0.2889210414871132,1
1379,2500,ccmar,0.2558505160746848,full,0.2486137254607801,0.011180759416787278,0.22669983968406995,0.2705276112374902,1
1379,2500,ccmar,0.2558505160746848,cc,0.2473521018022855,0.028519650759303947,0.19145461346238937,0.30324959014218167,1
1379,2500,ccmar,0.2558505160746848,cc_ccproj,0.24735210180228556,0.02851965075930393,0.19145461346238946,0.30324959014218167,1
1379,2500,ccmar,0.2558505160746848,seq,0.24604051402995575,0.02687719575460924,0.1933621783454888,0.2987188497144227,1
1380,2500,ccmar,0.2558505160746848,full,0.25487469390045725,0.009772727161789244,0.235720500632614,0.2740288871683005,1
1380,2500,ccmar,0.2558505160746848,cc,0.23180787522245563,0.021346372603785975,0.18996975371846264,0.2736459967264486,1
1380,2500,ccmar,0.2558505160746848,cc_ccproj,0.23180787522245555,0.02134637260378594,0.18996975371846261,0.2736459967264485,1
1380,2500,ccmar,0.2558505160746848,seq,0.2301827639398508,0.02027845461100707,0.19043772324014674,0.26992780463955485,1
1381,2500,ccmar,0.2558505160746848,full,0.24922875944316547,0.009628186644540272,0.23035786038343697,0.26809965850289397,1
1381,2500,ccmar,0.2558505160746848,cc,0.25730455946901204,0.014698093400083396,0.2284968257634427,0.28611229317458137,1
1381,2500,ccmar,0.2558505160746848,cc_ccproj,0.257304559469012,0.014698093400083403,0.22849682576344266,0.2861122931745813,1
1381,2500,ccmar,0.2558505160746848,seq,0.25714503514499065,0.014281031869230654,0.22915472701922984,0.28513534327075146,1
1382,2500,ccmar,0.2558505160746848,full,0.26707612777196554,0.00928413778758018,0.248879552080801,0.28527270346313005,1
1382,2500,ccmar,0.2558505160746848,cc,0.26986833319190207,0.01273373739982304,0.2449106664996582,0.29482599988414593,1
1382,2500,ccmar,0.2558505160746848,cc_ccproj,0.26986833319190207,0.012733737399823048,0.24491066649965818,0.29482599988414593,1
1382,2500,ccmar,0.2558505160746848,seq,0.26591373410655467,0.012594539046949177,0.24122889117265087,0.2905985770404585,1
1383,2500,ccmar,0.2558505160746848,full,0.2511428987787562,0.011103602586610391,0.22938023761035403,0.2729055599471583,1
1383,2500,ccmar,0.2558505160746848,cc,0.2615304102813345,0.01360653059979247,0.2348621003511991,0.2881987202114699,1
1383,2500,ccmar,0.2558505160746848,cc_ccproj,0.2615304102813347,0.013606530599792494,0.23486210035119925,0.2881987202114702,1
1383,2500,ccmar,0.2558505160746848,seq,0.2567116366569622,0.013360575124850678,0.23052539059951316,0.2828978827144113,1
1384,2500,ccmar,0.2558505160746848,full,0.25138242794810073,0.010641833526025274,0.2305248175076203,0.27224003838858113,1
1384,2500,ccmar,0.2558505160746848,cc,0.2546322506460835,0.01920110897400457,0.21699876859380574,0.2922657326983613,1
1384,2500,ccmar,0.2558505160746848,cc_ccproj,0.2546322506460834,0.01920110897400457,0.21699876859380562,0.2922657326983612,1
1384,2500,ccmar,0.2558505160746848,seq,0.2559883151122097,0.01898692010137852,0.21877463553616822,0.2932019946882512,1
1385,2500,ccmar,0.2558505160746848,full,0.2468613740666022,0.00958167149561103,0.22808164302351053,0.26564110510969385,1
1385,2500,ccmar,0.2558505160746848,cc,0.24719336939908368,0.013038992614033669,0.2216374134808939,0.27274932531727347,1
1385,2500,ccmar,0.2558505160746848,cc_ccproj,0.2471933693990838,0.013038992614033663,0.22163741348089402,0.2727493253172735,1
1385,2500,ccmar,0.2558505160746848,seq,0.24452766071544638,0.012588690660673417,0.21985428040801075,0.269201041022882,1
1386,2500,ccmar,0.2558505160746848,full,0.2586598653646636,0.010254534359046212,0.2385613473427045,0.27875838338662273,1
1386,2500,ccmar,0.2558505160746848,cc,0.279545175111991,0.024384161520424375,0.23175309673875177,0.32733725348523024,1
1386,2500,ccmar,0.2558505160746848,cc_ccproj,0.2795451751119909,0.02438416152042439,0.23175309673875166,0.32733725348523013,1
1386,2500,ccmar,0.2558505160746848,seq,0.28030532932555197,0.02437616027508942,0.23252893310500072,0.3280817255461032,1
1387,2500,ccmar,0.2558505160746848,full,0.2729203046371624,0.009517004612188377,0.25426731835657157,0.2915732909177532,1
1387,2500,ccmar,0.2558505160746848,cc,0.28482208385011776,0.01588460170585672,0.2536888365978751,0.3159553311023604,1
1387,2500,ccmar,0.2558505160746848,cc_ccproj,0.2848220838501181,0.015884601705856722,0.2536888365978754,0.3159553311023608,1
1387,2500,ccmar,0.2558505160746848,seq,0.284142626782292,0.01618373959420073,0.2524230800424837,0.31586217352210033,1
1388,2500,ccmar,0.2558505160746848,full,0.2354481448149356,0.010704321688979963,0.2144680598256039,0.25642822980426727,1
1388,2500,ccmar,0.2558505160746848,cc,0.22249418045354996,0.013459126855407504,0.19611477655359544,0.24887358435350448,0
1388,2500,ccmar,0.2558505160746848,cc_ccproj,0.22249418045355016,0.0134591268554075,0.19611477655359563,0.24887358435350468,0
1388,2500,ccmar,0.2558505160746848,seq,0.22035734344732763,0.012960026706455498,0.19495615786399761,0.24575852903065765,0
1389,2500,ccmar,0.2558505160746848,full,0.2583488733067545,0.010173259154386207,0.2384096517587651,0.2782880948547439,1
1389,2500,ccmar,0.2558505160746848,cc,0.24804826264152002,0.013261164160960529,0.22205685849296405,0.27403966679007596,1
1389,2500,ccmar,0.2558505160746848,cc_ccproj,0.24804826264151997,0.01326116416096052,0.22205685849296403,0.2740396667900759,1
1389,2500,ccmar,0.2558505160746848,seq,0.24968995555464726,0.013007766800520782,0.22419520110633073,0.2751847100029638,1
1390,2500,ccmar,0.2558505160746848,full,0.2620296168098157,0.018140628835026408,0.22647463763625514,0.2975845959833762,1
1390,2500,ccmar,0.2558505160746848,cc,0.2517654228005364,0.018278554816708217,0.21594011367034716,0.2875907319307256,1
1390,2500,ccmar,0.2558505160746848,cc_ccproj,0.25176542280053654,0.018278554816708217,0.21594011367034732,0.28759073193072576,1
1390,2500,ccmar,0.2558505160746848,seq,0.25320687586705665,0.01784261097418235,0.21823600096750012,0.28817775076661317,1
1391,2500,ccmar,0.2558505160746848,full,0.2616276424703963,0.014293904884105762,0.23361210369910784,0.2896431812416848,1
1391,2500,ccmar,0.2558505160746848,cc,0.23117193977915618,0.014084090854197547,0.20356762894993902,0.25877625060837334,1
1391,2500,ccmar,0.2558505160746848,cc_ccproj,0.23117193977915612,0.014084090854197545,0.20356762894993896,0.2587762506083733,1
1391,2500,ccmar,0.2558505160746848,seq,0.2364984796633982,0.013826837953410222,0.20939837525464267,0.26359858407215375,1
1392,2500,ccmar,0.2558505160746848,full,0.24663891705344895,0.009180640475340264,0.22864519236677136,0.2646326417401266,1
1392,2500,ccmar,0.2558505160746848,cc,0.2523128443333422,0.011929506372748033,0.22893144148941502,0.2756942471772694,1
1392,2500,ccmar,0.2558505160746848,cc_ccproj,0.2523128443333424,0.01192950637274804,0.2289314414894152,0.2756942471772696,1
1392,2500,ccmar,0.2558505160746848,seq,0.2537678813369348,0.011658443153503163,0.23091775264026101,0.27661801003360853,1
1393,2500,ccmar,0.2558505160746848,full,0.23774838021535538,0.009858706426150571,0.21842567068594668,0.2570710897447641,1
1393,2500,ccmar,0.2558505160746848,cc,0.2356056774126345,0.01743478427854304,0.20143412814846498,0.269777226676804,1
1393,2500,ccmar,0.2558505160746848,cc_ccproj,0.2356056774126345,0.017434784278543048,0.20143412814846498,0.26977722667680404,1
1393,2500,ccmar,0.2558505160746848,seq,0.23123936599181508,0.01688849808171065,0.19813851799868842,0.26434021398494173,1
1394,2500,ccmar,0.2558505160746848,full,0.2557212966120486,0.01199773019515142,0.23220617753332312,0.2792364156907741,1
1394,2500,ccmar,0.2558505160746848,cc,0.26502438814773316,0.013585766780787848,0.2383967745550283,0.29165200174043804,1
1394,2500,ccmar,0.2558505160746848,cc_ccproj,0.26502438814773277,0.013585766780787855,0.2383967745550279,0.29165200174043765,1
1394,2500,ccmar,0.2558505160746848,seq,0.266370021159203,0.013473329413762487,0.23996278075638436,0.2927772615620216,1
1395,2500,ccmar,0.2558505160746848,full,0.2789524995474277,0.011112342418717223,0.25717270862286523,0.3007322904719901,0
1395,2500,ccmar,0.2558505160746848,cc,0.27841355896105024,0.012092239983447627,0.2547132041010777,0.3021139138210228,1
1395,2500,ccmar,0.2558505160746848,cc_ccproj,0.27841355896105024,0.012092239983447623,0.2547132041010777,0.3021139138210228,1
1395,2500,ccmar,0.2558505160746848,seq,0.2790663632327297,0.011893602805788763,0.2557553300869592,0.3023773963785002,1
1396,2500,ccmar,0.2558505160746848,full,0.2653109316204004,0.009745335189046215,0.246210425632599,0.28441143760820187,1
1396,2500,ccmar,0.2558505160746848,cc,0.2841535165027673,0.015440212414763415,0.2538912562561828,0.31441577674935184,1
1396,2500,ccmar,0.2558505160746848,cc_ccproj,0.2841535165027673,0.015440212414763406,0.2538912562561828,0.31441577674935184,1
1396,2500,ccmar,0.2558505160746848,seq,0.2817886085156185,0.01474730092486748,0.252884429833704,0.31069278719753296,1
1397,2500,ccmar,0.2558505160746848,full,0.2669113260483524,0.012435746059697573,0.24253771165045926,0.29128494044624553,1
1397,2500,ccmar,0.2558505160746848,cc,0.28842033151177654,0.03810076187150247,0.21374421046009479,0.3630964525634583,1
1397,2500,ccmar,0.2558505160746848,cc_ccproj,0.2884203315117766,0.03810076187150247,0.21374421046009484,0.36309645256345835,1
1397,2500,ccmar,0.2558505160746848,seq,0.28294674944906784,0.03789357956365239,0.20867669825900614,0.35721680063912953,1
1398,2500,ccmar,0.2558505160746848,full,0.26786352264500973,0.009461063942608454,0.24932017806206663,0.28640686722795283,1
1398,2500,ccmar,0.2558505160746848,cc,0.24911732245518656,0.014529721339303539,0.22063959192474855,0.2775950529856246,1
1398,2500,ccmar,0.2558505160746848,cc_ccproj,0.2491173224551865,0.014529721339303546,0.22063959192474847,0.27759505298562454,1
1398,2500,ccmar,0.2558505160746848,seq,0.25223597110283746,0.014066031735897065,0.2246670554950818,0.2798048867105931,1
1399,2500,ccmar,0.2558505160746848,full,0.26587637454918495,0.0107125224296607,0.24488021640347246,0.28687253269489743,1
1399,2500,ccmar,0.2558505160746848,cc,0.27411834849483807,0.022739764214266166,0.22954922961794363,0.31868746737173254,1
1399,2500,ccmar,0.2558505160746848,cc_ccproj,0.2741183484948379,0.02273976421426617,0.22954922961794344,0.31868746737173237,1
1399,2500,ccmar,0.2558505160746848,seq,0.2751122854625123,0.02257183094435809,0.23087230974644374,0.3193522611785809,1
1400,2500,ccmar,0.2558505160746848,full,0.2638564260956239,0.00928591232092459,0.24565637238301494,0.2820564798082328,1
1400,2500,ccmar,0.2558505160746848,cc,0.2515079733855771,0.013385294436684625,0.2252732783672109,0.27774266840394335,1
1400,2500,ccmar,0.2558505160746848,cc_ccproj,0.25150797338557707,0.013385294436684625,0.22527327836721084,0.2777426684039433,1
1400,2500,ccmar,0.2558505160746848,seq,0.254914840036851,0.012631019931150251,0.23015849588378892,0.2796711841899131,1
1401,2500,ccmar,0.2558505160746848,full,0.24469918073040872,0.012091870724218882,0.22099954960522544,0.268398811855592,1
1401,2500,ccmar,0.2558505160746848,cc,0.2862971818438486,0.023963402809184613,0.23932977539082081,0.33326458829687644,1
1401,2500,ccmar,0.2558505160746848,cc_ccproj,0.28629718184384845,0.02396340280918462,0.23932977539082062,0.3332645882968763,1
1401,2500,ccmar,0.2558505160746848,seq,0.2827068685389818,0.023798011166715233,0.2360636237485379,0.3293501133294257,1
1402,2500,ccmar,0.2558505160746848,full,0.24649389084288367,0.009134175810377837,0.22859123522608615,0.2643965464596812,1
1402,2500,ccmar,0.2558505160746848,cc,0.2325111338570518,0.013401450176676544,0.20624477417015782,0.25877749354394575,1
1402,2500,ccmar,0.2558505160746848,cc_ccproj,0.23251113385705185,0.013401450176676544,0.20624477417015788,0.2587774935439458,1
1402,2500,ccmar,0.2558505160746848,seq,0.23191520978335334,0.013030178341035292,0.2063765295227903,0.2574538900439164,1
1403,2500,ccmar,0.2558505160746848,full,0.2617089462473516,0.009782597394790048,0.24253540767830772,0.28088248481639544,1
1403,2500,ccmar,0.2558505160746848,cc,0.25638826790493174,0.015057620929781398,0.22687587318970368,0.2859006626201598,1
1403,2500,ccmar,0.2558505160746848,cc_ccproj,0.25638826790493197,0.015057620929781412,0.22687587318970387,0.28590066262016006,1
1403,2500,ccmar,0.2558505160746848,seq,0.25856253554282704,0.014689428185437017,0.22977178534588294,0.28735328573977115,1
1404,2500,ccmar,0.2558505160746848,full,0.23009799811117318,0.009099844548611813,0.21226263053098088,0.24793336569136548,0
1404,2500,ccmar,0.2558505160746848,cc,0.22527993452196043,0.01234734353801401,0.2010795858827096,0.24948028316121126,0
1404,2500,ccmar,0.2558505160746848,cc_ccproj,0.22527993452196024,0.012347343538014007,0.2010795858827094,0.24948028316121107,0
1404,2500,ccmar,0.2558505160746848,seq,0.22452033586710568,0.01199928315073636,0.2010021730513641,0.24803849868284725,0
1405,2500,ccmar,0.2558505160746848,full,0.2438484215839407,0.008607933380128054,0.2269771821775696,0.26071966099031185,1
1405,2500,ccmar,0.2558505160746848,cc,0.24289084716971457,0.011685550897156189,0.21998758827177872,0.2657941060676504,1
1405,2500,ccmar,0.2558505160746848,cc_ccproj,0.2428908471697145,0.011685550897156205,0.21998758827177864,0.2657941060676504,1
1405,2500,ccmar,0.2558505160746848,seq,0.24073317864151608,0.011854037268564255,0.21749969252373458,0.2639666647592976,1
1406,2500,ccmar,0.2558505160746848,full,0.27088332139418053,0.011857113921938722,0.24764380514659218,0.2941228376417689,1
1406,2500,ccmar,0.2558505160746848,cc,0.25712209681782855,0.014099612230848048,0.22948736464938593,0.2847568289862712,1
1406,2500,ccmar,0.2558505160746848,cc_ccproj,0.2571220968178287,0.014099612230848053,0.22948736464938607,0.28475682898627136,1
1406,2500,ccmar,0.2558505160746848,seq,0.25651814796915723,0.013907623936390162,0.22925970594330533,0.2837765899950091,1
1407,2500,ccmar,0.2558505160746848,full,0.25540567590844937,0.010929491811787796,0.23398426558801988,0.27682708622887886,1
1407,2500,ccmar,0.2558505160746848,cc,0.24810557541549932,0.011611545980350883,0.22534736348918077,0.2708637873418179,1
1407,2500,ccmar,0.2558505160746848,cc_ccproj,0.24810557541549907,0.011611545980350895,0.2253473634891805,0.27086378734181765,1
1407,2500,ccmar,0.2558505160746848,seq,0.24979026483801345,0.011074288321377692,0.22808505857370065,0.27149547110232625,1
1408,2500,ccmar,0.2558505160746848,full,0.2606956934479475,0.009246685488992414,0.24257252291315326,0.2788188639827418,1
1408,2500,ccmar,0.2558505160746848,cc,0.2710129091282463,0.015781918102816185,0.24008091803976592,0.30194490021672676,1
1408,2500,ccmar,0.2558505160746848,cc_ccproj,0.27101290912824627,0.015781918102816192,0.24008091803976583,0.3019449002167267,1
1408,2500,ccmar,0.2558505160746848,seq,0.2700663736598333,0.015560672615455311,0.23956801575832223,0.30056473156134444,1
1409,2500,ccmar,0.2558505160746848,full,0.24907396677922944,0.012449882940142232,0.224672644604811,0.27347528895364787,1
1409,2500,ccmar,0.2558505160746848,cc,0.2576431293836979,0.020245195463210682,0.21796327541583124,0.2973229833515645,1
1409,2500,ccmar,0.2558505160746848,cc_ccproj,0.2576431293836979,0.02024519546321069,0.21796327541583121,0.29732298335156454,1
1409,2500,ccmar,0.2558505160746848,seq,0.25761265950006285,0.019726764040696846,0.2189489124487772,0.2962764065513485,1
1410,2500,ccmar,0.2558505160746848,full,0.26816782921520177,0.013392258890196318,0.24191948411878064,0.2944161743116229,1
1410,2500,ccmar,0.2558505160746848,cc,0.256093433487549,0.011280539582809663,0.23398398217906355,0.2782028847960344,1
1410,2500,ccmar,0.2558505160746848,cc_ccproj,0.2560934334875488,0.011280539582809673,0.23398398217906338,0.2782028847960343,1
1410,2500,ccmar,0.2558505160746848,seq,0.2525524918795748,0.010717775615440623,0.23154603767892956,0.27355894608022,1
1411,2500,ccmar,0.2558505160746848,full,0.24042882514919683,0.010394478691808616,0.22005602127518292,0.26080162902321075,1
1411,2500,ccmar,0.2558505160746848,cc,0.2426330593038811,0.014428592676142184,0.214353537311044,0.2709125812967182,1
1411,2500,ccmar,0.2558505160746848,cc_ccproj,0.24263305930388074,0.014428592676142191,0.21435353731104365,0.2709125812967178,1
1411,2500,ccmar,0.2558505160746848,seq,0.24524529228821854,0.013888589320223832,0.2180241574245122,0.2724664271519249,1
1412,2500,ccmar,0.2558505160746848,full,0.24720934772611686,0.010036942102214546,0.22753730269086261,0.26688139276137113,1
1412,2500,ccmar,0.2558505160746848,cc,0.2228601399835129,0.017517845498336643,0.18852579372003597,0.2571944862469898,1
1412,2500,ccmar,0.2558505160746848,cc_ccproj,0.2228601399835129,0.01751784549833664,0.18852579372003597,0.2571944862469898,1
1412,2500,ccmar,0.2558505160746848,seq,0.22424530993656755,0.017110140960922757,0.1907100498827554,0.2577805699903797,1
1413,2500,ccmar,0.2558505160746848,full,0.23867724568343457,0.009100713731790881,0.22084017453551533,0.2565143168313538,1
1413,2500,ccmar,0.2558505160746848,cc,0.23402129666641186,0.015511095955006214,0.20362010723385476,0.26442248609896896,1
1413,2500,ccmar,0.2558505160746848,cc_ccproj,0.23402129666641208,0.01551109595500621,0.20362010723385499,0.2644224860989692,1
1413,2500,ccmar,0.2558505160746848,seq,0.23042416021773723,0.01480632041699218,0.2014043054568725,0.259444014978602,1
1414,2500,ccmar,0.2558505160746848,full,0.27091022269753684,0.010686358492461216,0.2499653449264291,0.29185510046864455,1
1414,2500,ccmar,0.2558505160746848,cc,0.2588233438322423,0.014798214207649728,0.22981937694973992,0.2878273107147447,1
1414,2500,ccmar,0.2558505160746848,cc_ccproj,0.2588233438322423,0.014798214207649705,0.22981937694973997,0.28782731071474466,1
1414,2500,ccmar,0.2558505160746848,seq,0.25368979083220056,0.014094234547242875,0.22606559872994433,0.2813139829344568,1
1415,2500,ccmar,0.2558505160746848,full,0.2535623949859403,0.008985599431346889,0.23595094372099681,0.2711738462508838,1
1415,2500,ccmar,0.2558505160746848,cc,0.253863121499052,0.01567879158013456,0.2231332546808784,0.28459298831722557,1
1415,2500,ccmar,0.2558505160746848,cc_ccproj,0.25386312149905194,0.015678791580134552,0.22313325468087836,0.2845929883172255,1
1415,2500,ccmar,0.2558505160746848,seq,0.25110910389171764,0.015174247145476936,0.22136812599407313,0.28085008178936216,1
1416,2500,ccmar,0.2558505160746848,full,0.259163772612365,0.008638177054984637,0.24223325669251486,0.2760942885322152,1
1416,2500,ccmar,0.2558505160746848,cc,0.2676366294550507,0.015452709218356928,0.237349875923501,0.29792338298660037,1
1416,2500,ccmar,0.2558505160746848,cc_ccproj,0.2676366294550507,0.015452709218356935,0.23734987592350099,0.29792338298660037,1
1416,2500,ccmar,0.2558505160746848,seq,0.26305616880071153,0.015183485206413612,0.23329708463634413,0.29281525296507893,1
1417,2500,ccmar,0.2558505160746848,full,0.2491956128165613,0.00902911411807421,0.23149887433283373,0.2668923513002889,1
1417,2500,ccmar,0.2558505160746848,cc,0.2657447033433804,0.013959566242784096,0.23838445626772245,0.29310495041903833,1
1417,2500,ccmar,0.2558505160746848,cc_ccproj,0.2657447033433806,0.01395956624278408,0.23838445626772264,0.2931049504190385,1
1417,2500,ccmar,0.2558505160746848,seq,0.2694643935840404,0.014360777180636499,0.2413177875199882,0.29761099964809257,1
1418,2500,ccmar,0.2558505160746848,full,0.26340397235073226,0.009598545923027241,0.2445911680376451,0.28221677666381945,1
1418,2500,ccmar,0.2558505160746848,cc,0.2719297118234758,0.016546732738521766,0.23949871159416333,0.3043607120527883,1
1418,2500,ccmar,0.2558505160746848,cc_ccproj,0.2719297118234757,0.016546732738521773,0.2394987115941632,0.3043607120527882,1
1418,2500,ccmar,0.2558505160746848,seq,0.2739681757441833,0.01588783536042273,0.2428285906454528,0.3051077608429138,1
1419,2500,ccmar,0.2558505160746848,full,0.2544400998683697,0.008591894157092834,0.2376002967614876,0.2712799029752518,1
1419,2500,ccmar,0.2558505160746848,cc,0.2527464374435967,0.013866770573176175,0.22556806653829156,0.2799248083489019,1
1419,2500,ccmar,0.2558505160746848,cc_ccproj,0.2527464374435968,0.013866770573176179,0.22556806653829167,0.279924808348902,1
1419,2500,ccmar,0.2558505160746848,seq,0.24976984453793652,0.013443438997711348,0.22342118827406104,0.276118500801812,1
1420,2500,ccmar,0.2558505160746848,full,0.2487890445374901,0.010338685924812067,0.22852559247738727,0.26905249659759295,1
1420,2500,ccmar,0.2558505160746848,cc,0.24510861994425495,0.014589689705657114,0.21651335357555224,0.27370388631295767,1
1420,2500,ccmar,0.2558505160746848,cc_ccproj,0.24510861994425495,0.01458968970565711,0.21651335357555224,0.27370388631295767,1
1420,2500,ccmar,0.2558505160746848,seq,0.25040238295806116,0.013749538257338219,0.22345378316962264,0.2773509827464997,1
1421,2500,ccmar,0.2558505160746848,full,0.23809805221662828,0.01103178549408161,0.21647614996305692,0.25971995447019963,1
1421,2500,ccmar,0.2558505160746848,cc,0.24241305329518836,0.01949659976294509,0.20420041993882382,0.2806256866515529,1
1421,2500,ccmar,0.2558505160746848,cc_ccproj,0.24241305329518842,0.01949659976294509,0.20420041993882387,0.28062568665155296,1
1421,2500,ccmar,0.2558505160746848,seq,0.23829715171303734,0.019070752001946002,0.20091916463112802,0.27567513879494665,1
1422,2500,ccmar,0.2558505160746848,full,0.24519112963911066,0.009676311182123054,0.22622590821894728,0.26415635105927404,1
1422,2500,ccmar,0.2558505160746848,cc,0.25050799929446205,0.017094105752576572,0.217004167671493,0.2840118309174311,1
1422,2500,ccmar,0.2558505160746848,cc_ccproj,0.25050799929446194,0.017094105752576572,0.2170041676714929,0.284011830917431,1
1422,2500,ccmar,0.2558505160746848,seq,0.2563445725720012,0.016730101452302616,0.22355417626778684,0.2891349688762156,1
1423,2500,ccmar,0.2558505160746848,full,0.26684782801988643,0.010014843696802065,0.2472190950633564,0.28647656097641644,1
1423,2500,ccmar,0.2558505160746848,cc,0.26890282452191355,0.01292998252892162,0.24356052444449505,0.29424512459933205,1
1423,2500,ccmar,0.2558505160746848,cc_ccproj,0.2689028245219136,0.01292998252892163,0.24356052444449508,0.2942451245993321,1
1423,2500,ccmar,0.2558505160746848,seq,0.2642798965054644,0.012837997966859811,0.23911788285682073,0.2894419101541081,1
1424,2500,ccmar,0.2558505160746848,full,0.2566587689067737,0.008012624793532628,0.24095431288981706,0.27236322492373033,1
1424,2500,ccmar,0.2558505160746848,cc,0.26203341808720215,0.012526601784725673,0.23748172974046466,0.28658510643393964,1
1424,2500,ccmar,0.2558505160746848,cc_ccproj,0.26203341808720215,0.012526601784725689,0.23748172974046464,0.28658510643393964,1
1424,2500,ccmar,0.2558505160746848,seq,0.2603151639080497,0.012179264276716319,0.23644424456749044,0.28418608324860894,1
1425,2500,ccmar,0.2558505160746848,full,0.24617772613064873,0.009025975940846401,0.22848713836126475,0.2638683139000327,1
1425,2500,ccmar,0.2558505160746848,cc,0.26236213258783203,0.011235764662827122,0.24034043850992304,0.284383826665741,1
1425,2500,ccmar,0.2558505160746848,cc_ccproj,0.26236213258783225,0.011235764662827117,0.2403404385099233,0.28438382666574125,1
1425,2500,ccmar,0.2558505160746848,seq,0.26162995275485984,0.011021534859745186,0.24002814137540657,0.2832317641343131,1
1426,2500,ccmar,0.2558505160746848,full,0.25396345167318213,0.010027595581899487,0.23430972548112616,0.2736171778652381,1
1426,2500,ccmar,0.2558505160746848,cc,0.2599508457591268,0.01484802508661582,0.2308492513478126,0.289052440170441,1
1426,2500,ccmar,0.2558505160746848,cc_ccproj,0.25995084575912686,0.014848025086615828,0.23084925134781262,0.28905244017044107,1
1426,2500,ccmar,0.2558505160746848,seq,0.25585590626483173,0.014407744436414729,0.22761724607100153,0.28409456645866193,1
1427,2500,ccmar,0.2558505160746848,full,0.2431669229831413,0.010260937520739904,0.22305585499487537,0.26327799097140725,1
1427,2500,ccmar,0.2558505160746848,cc,0.22947894464762075,0.0112100584475941,0.20750763382574733,0.2514502554694942,0
1427,2500,ccmar,0.2558505160746848,cc_ccproj,0.22947894464762061,0.01121005844759411,0.20750763382574716,0.25145025546949407,0
1427,2500,ccmar,0.2558505160746848,seq,0.23144391224237512,0.011019141587142612,0.20984679159102806,0.25304103289372215,0
1428,2500,ccmar,0.2558505160746848,full,0.26207424067012014,0.01157730457545522,0.23938314066417712,0.28476534067606313,1
1428,2500,ccmar,0.2558505160746848,cc,0.26706629543142274,0.013988196930317156,0.23964993323934738,0.2944826576234981,1
1428,2500,ccmar,0.2558505160746848,cc_ccproj,0.2670662954314229,0.01398819693031716,0.23964993323934752,0.2944826576234983,1
1428,2500,ccmar,0.2558505160746848,seq,0.2655847025338653,0.013561768128020927,0.2390041254362611,0.2921652796314695,1
1429,2500,ccmar,0.2558505160746848,full,0.2513205994146316,0.01119991319059661,0.22936917293108713,0.273272025898176,1
1429,2500,ccmar,0.2558505160746848,cc,0.2100323452370898,0.023669442630121558,0.16364109014791453,0.25642360032626504,1
1429,2500,ccmar,0.2558505160746848,cc_ccproj,0.21003234523709008,0.02366944263012153,0.16364109014791486,0.25642360032626527,1
1429,2500,ccmar,0.2558505160746848,seq,0.21605896121594115,0.02227217408450599,0.17240630215290306,0.25971162027897926,1
1430,2500,ccmar,0.2558505160746848,full,0.24998789985202283,0.010034049867459045,0.2303215234927242,0.26965427621132143,1
1430,2500,ccmar,0.2558505160746848,cc,0.23755845442303525,0.012347213431987622,0.2133583607869103,0.2617585480591602,1
1430,2500,ccmar,0.2558505160746848,cc_ccproj,0.23755845442303503,0.012347213431987625,0.2133583607869101,0.26175854805916,1
1430,2500,ccmar,0.2558505160746848,seq,0.23647031627395335,0.011766786268379952,0.21340783897414817,0.2595327935737585,1
1431,2500,ccmar,0.2558505160746848,full,0.24997930072632163,0.010558384241174317,0.2292852478786847,0.27067335357395855,1
1431,2500,ccmar,0.2558505160746848,cc,0.27385549811767584,0.02076428289473185,0.23315825147920033,0.31455274475615136,1
1431,2500,ccmar,0.2558505160746848,cc_ccproj,0.2738554981176759,0.02076428289473185,0.23315825147920038,0.3145527447561514,1
1431,2500,ccmar,0.2558505160746848,seq,0.2727962660306291,0.02050988009831367,0.2325976397106995,0.3129948923505587,1
1432,2500,ccmar,0.2558505160746848,full,0.23865178719136992,0.010076271657773542,0.21890265764369207,0.25840091673904775,1
1432,2500,ccmar,0.2558505160746848,cc,0.23640159089645718,0.01363433528720468,0.20967878478039242,0.26312439701252194,1
1432,2500,ccmar,0.2558505160746848,cc_ccproj,0.2364015908964572,0.013634335287204686,0.20967878478039245,0.263124397012522,1
1432,2500,ccmar,0.2558505160746848,seq,0.2376502792644681,0.01369468083983275,0.2108091980386252,0.264491360490311,1
1433,2500,ccmar,0.2558505160746848,full,0.2575691391686998,0.008737496619731538,0.2404439604789855,0.274694317858414,1
1433,2500,ccmar,0.2558505160746848,cc,0.2544794237753999,0.013156754600269216,0.22869265860544055,0.2802661889453592,1
1433,2500,ccmar,0.2558505160746848,cc_ccproj,0.2544794237754,0.013156754600269221,0.22869265860544066,0.2802661889453594,1
1433,2500,ccmar,0.2558505160746848,seq,0.2509427539158043,0.012705615719504015,0.22604020470417044,0.2758453031274381,1
1434,2500,ccmar,0.2558505160746848,full,0.24403852471106735,0.010145054289505297,0.22415458368243338,0.2639224657397013,1
1434,2500,ccmar,0.2558505160746848,cc,0.2569984579729379,0.01629244387297437,0.22506585476176788,0.28893106118410794,1
1434,2500,ccmar,0.2558505160746848,cc_ccproj,0.25699845797293785,0.016292443872974356,0.22506585476176785,0.2889310611841079,1
1434,2500,ccmar,0.2558505160746848,seq,0.25749206199341695,0.015719378320328794,0.2266826466262128,0.2883014773606211,1
1435,2500,ccmar,0.2558505160746848,full,0.2743110100939291,0.009820308349998893,0.2550635594108533,0.2935584607770049,1
1435,2500,ccmar,0.2558505160746848,cc,0.26969788445944115,0.018322631127138365,0.23378618734823742,0.3056095815706449,1
1435,2500,ccmar,0.2558505160746848,cc_ccproj,0.2696978844594411,0.01832263112713836,0.23378618734823736,0.30560958157064483,1
1435,2500,ccmar,0.2558505160746848,seq,0.27006650258263337,0.01824465025733289,0.23430764516773148,0.30582535999753524,1
1436,2500,ccmar,0.2558505160746848,full,0.25415117624860134,0.009213158059652022,0.23609371826780845,0.27220863422939423,1
1436,2500,ccmar,0.2558505160746848,cc,0.22062590060715975,0.018879256537080887,0.18362323773958883,0.2576285634747307,1
1436,2500,ccmar,0.2558505160746848,cc_ccproj,0.22062590060715967,0.018879256537080884,0.18362323773958877,0.25762856347473057,1
1436,2500,ccmar,0.2558505160746848,seq,0.22686311028280842,0.017731086607469207,0.19211081912540828,0.26161540144020856,1
1437,2500,ccmar,0.2558505160746848,full,0.25320248238988163,0.009995808485856428,0.2336110577612432,0.2727939070185201,1
1437,2500,ccmar,0.2558505160746848,cc,0.2596332321238626,0.01827452420190044,0.22381582285353213,0.295450641394193,1
1437,2500,ccmar,0.2558505160746848,cc_ccproj,0.2596332321238623,0.018274524201900448,0.22381582285353185,0.29545064139419275,1
1437,2500,ccmar,0.2558505160746848,seq,0.260358878430549,0.018123664345912945,0.22483714904466695,0.29588060781643105,1
1438,2500,ccmar,0.2558505160746848,full,0.2638958262674332,0.008900863891259226,0.24645045360927206,0.2813411989255943,1
1438,2500,ccmar,0.2558505160746848,cc,0.262484973449774,0.011920090026571486,0.2391220263052188,0.28584792059432923,1
1438,2500,ccmar,0.2558505160746848,cc_ccproj,0.26248497344977384,0.0119200900265715,0.23912202630521862,0.28584792059432906,1
1438,2500,ccmar,0.2558505160746848,seq,0.2606661903018754,0.011507039499319938,0.2381128073145285,0.28321957328922226,1
1439,2500,ccmar,0.2558505160746848,full,0.26634842250611107,0.009968480971693127,0.2468105588210197,0.28588628619120243,1
1439,2500,ccmar,0.2558505160746848,cc,0.25882450990838896,0.014612243344552927,0.2301850392197301,0.2874639805970478,1
1439,2500,ccmar,0.2558505160746848,cc_ccproj,0.2588245099083888,0.014612243344552946,0.2301850392197299,0.28746398059704764,1
1439,2500,ccmar,0.2558505160746848,seq,0.2553258422818071,0.014227790933556727,0.2274398844724704,0.2832118000911438,1
1440,2500,ccmar,0.2558505160746848,full,0.257974567216809,0.00901468853708102,0.24030610235228414,0.2756430320813339,1
1440,2500,ccmar,0.2558505160746848,cc,0.25625444193463637,0.014172397990493055,0.22847705229870213,0.2840318315705706,1
1440,2500,ccmar,0.2558505160746848,cc_ccproj,0.2562544419346362,0.014172397990493057,0.22847705229870197,0.28403183157057044,1
1440,2500,ccmar,0.2558505160746848,seq,0.2556093309449042,0.013663368934097869,0.22882961992658893,0.28238904196321946,1
1441,2500,ccmar,0.2558505160746848,full,0.25348883874536343,0.009460845443840715,0.23494592241213577,0.2720317550785911,1
1441,2500,ccmar,0.2558505160746848,cc,0.24964496263354832,0.01225544526173707,0.2256247313060416,0.27366519396105504,1
1441,2500,ccmar,0.2558505160746848,cc_ccproj,0.2496449626335482,0.012255445261737077,0.2256247313060415,0.27366519396105493,1
1441,2500,ccmar,0.2558505160746848,seq,0.25060796380611483,0.011967022187273418,0.2271530313168672,0.27406289629536246,1
1442,2500,ccmar,0.2558505160746848,full,0.2505075404515861,0.008844557618545204,0.23317252606004812,0.267842554843124,1
1442,2500,ccmar,0.2558505160746848,cc,0.25230437304755177,0.012756220162324939,0.2273026409505312,0.2773061051445723,1
1442,2500,ccmar,0.2558505160746848,cc_ccproj,0.25230437304755177,0.012756220162324933,0.2273026409505312,0.2773061051445723,1
1442,2500,ccmar,0.2558505160746848,seq,0.25330772483711633,0.012511953753362786,0.22878474610429453,0.27783070356993816,1
1443,2500,ccmar,0.2558505160746848,full,0.2379923191495881,0.009126921403698335,0.2201038819086116,0.25588075639056457,1
1443,2500,ccmar,0.2558505160746848,cc,0.22946476051874587,0.016789025332255476,0.19655887553199453,0.2623706455054972,1
1443,2500,ccmar,0.2558505160746848,cc_ccproj,0.22946476051874606,0.016789025332255465,0.19655887553199475,0.2623706455054974,1
1443,2500,ccmar,0.2558505160746848,seq,0.22779409774485074,0.016047991950155143,0.19634061149835796,0.2592475839913435,1
1444,2500,ccmar,0.2558505160746848,full,0.25410390004189704,0.009981655949673988,0.23454021387446608,0.273667586209328,1
1444,2500,ccmar,0.2558505160746848,cc,0.24171523155809047,0.018295396955612577,0.20585691244222606,0.27757355067395484,1
1444,2500,ccmar,0.2558505160746848,cc_ccproj,0.2417152315580905,0.018295396955612588,0.20585691244222606,0.2775735506739549,1
1444,2500,ccmar,0.2558505160746848,seq,0.24193355752969878,0.018033748805416264,0.20658805936484068,0.2772790556945569,1
1445,2500,ccmar,0.2558505160746848,full,0.26463163789213795,0.012052942524091665,0.241008304637187,0.2882549711470889,1
1445,2500,ccmar,0.2558505160746848,cc,0.2929376228835733,0.02223481322258255,0.2493581897643365,0.33651705600281007,1
1445,2500,ccmar,0.2558505160746848,cc_ccproj,0.2929376228835732,0.022234813222582552,0.24935818976433644,0.33651705600281,1
1445,2500,ccmar,0.2558505160746848,seq,0.29657695449468036,0.022138345063154072,0.25318659549357825,0.33996731349578246,1
1446,2500,ccmar,0.2558505160746848,full,0.2524855393561391,0.008555627543522515,0.23571681750569606,0.26925426120658214,1
1446,2500,ccmar,0.2558505160746848,cc,0.24213076906144132,0.012626248190372533,0.21738377734844713,0.26687776077443554,1
1446,2500,ccmar,0.2558505160746848,cc_ccproj,0.24213076906144143,0.012626248190372537,0.21738377734844722,0.26687776077443565,1
1446,2500,ccmar,0.2558505160746848,seq,0.23983607827059192,0.012191599661749259,0.21594098201963266,0.26373117452155115,1
1447,2500,ccmar,0.2558505160746848,full,0.24228861831911186,0.012513298898369598,0.21776300315052272,0.266814233487701,1
1447,2500,ccmar,0.2558505160746848,cc,0.22710777381000538,0.012672206181608076,0.20227070608938771,0.251944841530623,0
1447,2500,ccmar,0.2558505160746848,cc_ccproj,0.22710777381000544,0.012672206181608083,0.20227070608938774,0.25194484153062313,0
1447,2500,ccmar,0.2558505160746848,seq,0.2308421816304437,0.012402202008705246,0.2065343123643911,0.2551500508964963,0
1448,2500,ccmar,0.2558505160746848,full,0.26609048796380463,0.00856818849770908,0.24929714709554449,0.28288382883206475,1
1448,2500,ccmar,0.2558505160746848,cc,0.27074440001406674,0.012957165827996163,0.24534882164948116,0.29613997837865236,1
1448,2500,ccmar,0.2558505160746848,cc_ccproj,0.27074440001406674,0.012957165827996163,0.24534882164948116,0.29613997837865236,1
1448,2500,ccmar,0.2558505160746848,seq,0.26592319898705447,0.012673937045731738,0.2410827388350923,0.29076365913901664,1
1449,2500,ccmar,0.2558505160746848,full,0.243693132031995,0.008642129145923032,0.22675487015624196,0.26063139390774803,1
1449,2500,ccmar,0.2558505160746848,cc,0.2465178566733629,0.011240644488910963,0.22448659831207876,0.268549115034647,1
1449,2500,ccmar,0.2558505160746848,cc_ccproj,0.2465178566733629,0.011240644488910965,0.22448659831207876,0.268549115034647,1
1449,2500,ccmar,0.2558505160746848,seq,0.2487246327192216,0.011235284194858813,0.22670388034122624,0.27074538509721696,1
1450,2500,ccmar,0.2558505160746848,full,0.25544655666336796,0.009691477026938183,0.2364516107335718,0.27444150259316413,1
1450,2500,ccmar,0.2558505160746848,cc,0.2588207621460842,0.013525809166368495,0.23231066331824018,0.2853308609739282,1
1450,2500,ccmar,0.2558505160746848,cc_ccproj,0.25882076214608407,0.013525809166368504,0.23231066331824007,0.28533086097392807,1
1450,2500,ccmar,0.2558505160746848,seq,0.25796879889369884,0.013028939456796292,0.23243254680162526,0.28350505098577244,1
1451,2500,ccmar,0.2558505160746848,full,0.26084939231920246,0.011115054067208691,0.23906428666125798,0.28263449797714696,1
1451,2500,ccmar,0.2558505160746848,cc,0.25270384579983574,0.011301287482274634,0.2305537293556441,0.27485396224402736,1
1451,2500,ccmar,0.2558505160746848,cc_ccproj,0.2527038457998361,0.011301287482274632,0.2305537293556445,0.27485396224402775,1
1451,2500,ccmar,0.2558505160746848,seq,0.24905461815950375,0.010825649171665628,0.22783673567377324,0.2702725006452342,1
1452,2500,ccmar,0.2558505160746848,full,0.2532546842980789,0.009467920627755245,0.23469790085919476,0.271811467736963,1
1452,2500,ccmar,0.2558505160746848,cc,0.25406940140734513,0.015936715643868504,0.2228340127135068,0.2853047901011835,1
1452,2500,ccmar,0.2558505160746848,cc_ccproj,0.25406940140734496,0.015936715643868504,0.22283401271350664,0.2853047901011833,1
1452,2500,ccmar,0.2558505160746848,seq,0.2553838629004389,0.015356761877444162,0.22528516270149065,0.2854825630993872,1
1453,2500,ccmar,0.2558505160746848,full,0.26957400082751737,0.008839872474588006,0.2522481691493979,0.28689983250563683,1
1453,2500,ccmar,0.2558505160746848,cc,0.2583191333377832,0.013100807019107643,0.2326420234119227,0.28399624326364376,1
1453,2500,ccmar,0.2558505160746848,cc_ccproj,0.2583191333377831,0.013100807019107635,0.2326420234119226,0.28399624326364364,1
1453,2500,ccmar,0.2558505160746848,seq,0.2599822074635377,0.012303260642075804,0.23586825971265996,0.2840961552144154,1
1454,2500,ccmar,0.2558505160746848,full,0.25679163112649794,0.010857187140249448,0.2355119353581976,0.2780713268947983,1
1454,2500,ccmar,0.2558505160746848,cc,0.26308560554120675,0.021474005931120133,0.22099732731241178,0.3051738837700017,1
1454,2500,ccmar,0.2558505160746848,cc_ccproj,0.26308560554120675,0.021474005931120116,0.2209973273124118,0.30517388377000165,1
1454,2500,ccmar,0.2558505160746848,seq,0.2640142531977867,0.020703424135213876,0.2234362875361102,0.3045922188594632,1
1455,2500,ccmar,0.2558505160746848,full,0.2610585630655146,0.010103934085166435,0.24125521615642176,0.28086190997460747,1
1455,2500,ccmar,0.2558505160746848,cc,0.27463792305405954,0.016246265544936134,0.24279582770271071,0.30648001840540834,1
1455,2500,ccmar,0.2558505160746848,cc_ccproj,0.27463792305405965,0.016246265544936137,0.24279582770271083,0.3064800184054085,1
1455,2500,ccmar,0.2558505160746848,seq,0.2723898629713167,0.016015060645365738,0.24100092089617503,0.3037788050464583,1
1456,2500,ccmar,0.2558505160746848,full,0.26598201874689426,0.009305403908050472,0.24774376222551706,0.2842202752682714,1
1456,2500,ccmar,0.2558505160746848,cc,0.26343869236012707,0.010957382152197864,0.24196261797697727,0.28491476674327687,1
1456,2500,ccmar,0.2558505160746848,cc_ccproj,0.26343869236012707,0.010957382152197876,0.24196261797697724,0.28491476674327687,1
1456,2500,ccmar,0.2558505160746848,seq,0.25605261421111436,0.010500591453840014,0.23547183314521886,0.27663339527700986,1
1457,2500,ccmar,0.2558505160746848,full,0.24865436493036414,0.010356555706395534,0.22835588874194612,0.26895284111878215,1
1457,2500,ccmar,0.2558505160746848,cc,0.2453598130841061,0.013896993928024248,0.21812220549180675,0.2725974206764054,1
1457,2500,ccmar,0.2558505160746848,cc_ccproj,0.24535981308410618,0.013896993928024239,0.21812220549180686,0.2725974206764055,1
1457,2500,ccmar,0.2558505160746848,seq,0.24235642899512116,0.013509947790634785,0.2158774178924605,0.2688354400977818,1
1458,2500,ccmar,0.2558505160746848,full,0.24448034707869734,0.012151729776039219,0.2206633943677975,0.2682972997895972,1
1458,2500,ccmar,0.2558505160746848,cc,0.24063030283190678,0.01830652836661984,0.20475016655137102,0.27651043911244255,1
1458,2500,ccmar,0.2558505160746848,cc_ccproj,0.24063030283190684,0.018306528366619838,0.2047501665513711,0.2765104391124426,1
1458,2500,ccmar,0.2558505160746848,seq,0.24405669889379333,0.0176933933731141,0.20937828511819004,0.27873511266939666,1
1459,2500,ccmar,0.2558505160746848,full,0.23996783289800347,0.010002001378088021,0.22036427042363096,0.259571395372376,1
1459,2500,ccmar,0.2558505160746848,cc,0.2473509135099992,0.013236950437874715,0.22140696738662305,0.2732948596333753,1
1459,2500,ccmar,0.2558505160746848,cc_ccproj,0.24735091350999938,0.013236950437874713,0.22140696738662324,0.2732948596333755,1
1459,2500,ccmar,0.2558505160746848,seq,0.24334933190256594,0.013066597259509916,0.21773927187343672,0.26895939193169516,1
1460,2500,ccmar,0.2558505160746848,full,0.25935031105925144,0.009121784123975834,0.24147194270150957,0.2772286794169933,1
1460,2500,ccmar,0.2558505160746848,cc,0.2847691670078663,0.019432431560958346,0.24668230101634847,0.32285603299938415,1
1460,2500,ccmar,0.2558505160746848,cc_ccproj,0.2847691670078663,0.019432431560958353,0.24668230101634847,0.32285603299938415,1
1460,2500,ccmar,0.2558505160746848,seq,0.28124711843511324,0.01928633993324849,0.24344658677234957,0.3190476500978769,1
1461,2500,ccmar,0.2558505160746848,full,0.27562880209347784,0.009208153585378907,0.2575811527020218,0.2936764514849339,0
1461,2500,ccmar,0.2558505160746848,cc,0.282611637765206,0.015892466814417177,0.2514629751834503,0.3137603003469617,1
1461,2500,ccmar,0.2558505160746848,cc_ccproj,0.28261163776520587,0.01589246681441718,0.2514629751834502,0.31376030034696156,1
1461,2500,ccmar,0.2558505160746848,seq,0.2757296592873301,0.015955002387449308,0.2444584292346789,0.3070008893399813,1
1462,2500,ccmar,0.2558505160746848,full,0.24212707554744478,0.009157438648772678,0.22417882560521518,0.2600753254896744,1
1462,2500,ccmar,0.2558505160746848,cc,0.2381890638088009,0.013509841346271987,0.21171026133325768,0.26466786628434413,1
1462,2500,ccmar,0.2558505160746848,cc_ccproj,0.23818906380880098,0.013509841346271983,0.21171026133325777,0.2646678662843442,1
1462,2500,ccmar,0.2558505160746848,seq,0.23390582738649277,0.013478763761496154,0.20748793585783668,0.2603237189151488,1
1463,2500,ccmar,0.2558505160746848,full,0.2572688988365752,0.00906934636279605,0.23949330660217563,0.27504449107097484,1
1463,2500,ccmar,0.2558505160746848,cc,0.24555779143474368,0.014818853492238444,0.21651337229778073,0.27460221057170664,1
1463,2500,ccmar,0.2558505160746848,cc_ccproj,0.2455577914347433,0.014818853492238453,0.2165133722977803,0.27460221057170625,1
1463,2500,ccmar,0.2558505160746848,seq,0.25078161443637464,0.014253523075620935,0.22284522255534703,0.27871800631740223,1
1464,2500,ccmar,0.2558505160746848,full,0.26053257726159207,0.011716281522286716,0.237569087445178,0.2834960670780062,1
1464,2500,ccmar,0.2558505160746848,cc,0.26710771678606815,0.017988012640901652,0.23185185985644968,0.3023635737156866,1
1464,2500,ccmar,0.2558505160746848,cc_ccproj,0.2671077167860683,0.017988012640901656,0.23185185985644985,0.3023635737156868,1
1464,2500,ccmar,0.2558505160746848,seq,0.26870560268253446,0.01822204923847895,0.2329910424506002,0.3044201629144687,1
1465,2500,ccmar,0.2558505160746848,full,0.260638910483331,0.011205944830254633,0.2386756622032891,0.28260215876337286,1
1465,2500,ccmar,0.2558505160746848,cc,0.2539401625620629,0.016972905845047372,0.2206738783927807,0.28720644673134516,1
1465,2500,ccmar,0.2558505160746848,cc_ccproj,0.25394016256206303,0.016972905845047362,0.22067387839278083,0.2872064467313452,1
1465,2500,ccmar,0.2558505160746848,seq,0.25895690635765733,0.01636899792623203,0.22687425995923172,0.29103955275608295,1
1466,2500,ccmar,0.2558505160746848,full,0.2431894105683913,0.009138445168744468,0.2252783871629581,0.26110043397382454,1
1466,2500,ccmar,0.2558505160746848,cc,0.2451233399145055,0.0163309152423181,0.2131153342049858,0.2771313456240252,1
1466,2500,ccmar,0.2558505160746848,cc_ccproj,0.2451233399145054,0.016330915242318084,0.21311533420498577,0.2771313456240251,1
1466,2500,ccmar,0.2558505160746848,seq,0.24579978769846758,0.015166374174551734,0.2160742405402878,0.2755253348566474,1
1467,2500,ccmar,0.2558505160746848,full,0.2630141155346804,0.00985723226463921,0.24369429530874137,0.28233393576061944,1
1467,2500,ccmar,0.2558505160746848,cc,0.26617562444272475,0.018416603800053978,0.23007974427707545,0.30227150460837404,1
1467,2500,ccmar,0.2558505160746848,cc_ccproj,0.2661756244427248,0.01841660380005399,0.23007974427707548,0.3022715046083741,1
1467,2500,ccmar,0.2558505160746848,seq,0.2657191567143111,0.01813890766460548,0.23016755097278685,0.3012707624558354,1
1468,2500,ccmar,0.2558505160746848,full,0.2583245589891806,0.009532372678781069,0.2396414518515561,0.2770076661268051,1
1468,2500,ccmar,0.2558505160746848,cc,0.23473584892569288,0.012764021329217445,0.20971882682252563,0.25975287102886013,1
1468,2500,ccmar,0.2558505160746848,cc_ccproj,0.2347358489256931,0.012764021329217456,0.20971882682252582,0.25975287102886035,1
1468,2500,ccmar,0.2558505160746848,seq,0.23164136514360498,0.012478088953185758,0.2071847601994738,0.25609797008773616,1
1469,2500,ccmar,0.2558505160746848,full,0.24846827944870983,0.010748185702503542,0.22740222257265455,0.2695343363247651,1
1469,2500,ccmar,0.2558505160746848,cc,0.26929067722999317,0.013092905791824863,0.24362905342504057,0.2949523010349458,1
1469,2500,ccmar,0.2558505160746848,cc_ccproj,0.26929067722999306,0.013092905791824863,0.24362905342504046,0.2949523010349457,1
1469,2500,ccmar,0.2558505160746848,seq,0.2650545688579169,0.01268371932411785,0.24019493579263118,0.2899142019232026,1
1470,2500,ccmar,0.2558505160746848,full,0.2629709886121385,0.008961664003263732,0.24540644992419255,0.28053552730008446,1
1470,2500,ccmar,0.2558505160746848,cc,0.2631224143135601,0.013994475300724108,0.2356937467416055,0.2905510818855147,1
1470,2500,ccmar,0.2558505160746848,cc_ccproj,0.2631224143135598,0.013994475300724101,0.23569374674160523,0.2905510818855144,1
1470,2500,ccmar,0.2558505160746848,seq,0.26539189287515863,0.013415881250971451,0.23909724880238842,0.29168653694792884,1
1471,2500,ccmar,0.2558505160746848,full,0.2548001099503516,0.009693176708376779,0.23580183270615063,0.27379838719455263,1
1471,2500,ccmar,0.2558505160746848,cc,0.2688072940586003,0.016828496760123032,0.2358240464948102,0.30179054162239044,1
1471,2500,ccmar,0.2558505160746848,cc_ccproj,0.2688072940586005,0.016828496760123036,0.23582404649481037,0.3017905416223906,1
1471,2500,ccmar,0.2558505160746848,seq,0.26982809010499215,0.01667682690160284,0.23714211000144186,0.30251407020854243,1
1472,2500,ccmar,0.2558505160746848,full,0.2605190752256214,0.010412122516558568,0.24011169009054806,0.28092646036069474,1
1472,2500,ccmar,0.2558505160746848,cc,0.26688719557110496,0.014267787242907974,0.2389228464359253,0.2948515447062846,1
1472,2500,ccmar,0.2558505160746848,cc_ccproj,0.26688719557110496,0.01426778724290799,0.23892284643592526,0.29485154470628466,1
1472,2500,ccmar,0.2558505160746848,seq,0.27033106832893555,0.013926772728723962,0.24303509535976198,0.29762704129810913,1
1473,2500,ccmar,0.2558505160746848,full,0.2549506842881139,0.009063883036835294,0.2371857999758332,0.2727155686003946,1
1473,2500,ccmar,0.2558505160746848,cc,0.24747531424489033,0.013148878961709772,0.22170398504286276,0.2732466434469179,1
1473,2500,ccmar,0.2558505160746848,cc_ccproj,0.24747531424489033,0.013148878961709777,0.22170398504286276,0.2732466434469179,1
1473,2500,ccmar,0.2558505160746848,seq,0.2472016462166178,0.012757604516334047,0.22219720083559755,0.2722060915976381,1
1474,2500,ccmar,0.2558505160746848,full,0.253681708657531,0.011690856382518712,0.23076805119936408,0.2765953661156979,1
1474,2500,ccmar,0.2558505160746848,cc,0.2853904431472103,0.03182493332048287,0.22301472002867517,0.3477661662657454,1
1474,2500,ccmar,0.2558505160746848,cc_ccproj,0.28539044314721024,0.031824933320482876,0.2230147200286751,0.3477661662657454,1
1474,2500,ccmar,0.2558505160746848,seq,0.28354560771692877,0.031841241929778344,0.22113792031153656,0.345953295122321,1
1475,2500,ccmar,0.2558505160746848,full,0.2603559868890032,0.009208276445851654,0.24230809669544545,0.2784038770825609,1
1475,2500,ccmar,0.2558505160746848,cc,0.263051997365965,0.019926935171383678,0.22399592210778851,0.3021080726241415,1
1475,2500,ccmar,0.2558505160746848,cc_ccproj,0.26305199736596496,0.01992693517138369,0.22399592210778846,0.30210807262414147,1
1475,2500,ccmar,0.2558505160746848,seq,0.26688650211338555,0.019665342211765635,0.22834313963466965,0.3054298645921014,1
1476,2500,ccmar,0.2558505160746848,full,0.2526018150974919,0.00997867497904463,0.23304397152513345,0.27215965866985037,1
1476,2500,ccmar,0.2558505160746848,cc,0.2532957396474705,0.015949340003582443,0.22203560766326497,0.284555871631676,1
1476,2500,ccmar,0.2558505160746848,cc_ccproj,0.2532957396474706,0.015949340003582443,0.22203560766326508,0.2845558716316761,1
1476,2500,ccmar,0.2558505160746848,seq,0.25542489362918225,0.015949618821070523,0.22416421517274182,0.2866855720856227,1
1477,2500,ccmar,0.2558505160746848,full,0.2659853138540882,0.008552235859666463,0.24922323958184997,0.2827473881263264,1
1477,2500,ccmar,0.2558505160746848,cc,0.2786081727189527,0.012622101178329894,0.25386930900020555,0.3033470364376999,1
1477,2500,ccmar,0.2558505160746848,cc_ccproj,0.27860817271895266,0.012622101178329908,0.2538693090002055,0.30334703643769984,1
1477,2500,ccmar,0.2558505160746848,seq,0.27674405892710235,0.012312450837155502,0.2526120987248575,0.3008760191293472,1
1478,2500,ccmar,0.2558505160746848,full,0.26602106052640456,0.013071628373416433,0.24040113969521645,0.29164098135759264,1
1478,2500,ccmar,0.2558505160746848,cc,0.26182935388709666,0.012383979206042818,0.2375572006579598,0.2861015071162335,1
1478,2500,ccmar,0.2558505160746848,cc_ccproj,0.26182935388709666,0.012383979206042816,0.23755720065795982,0.2861015071162335,1
1478,2500,ccmar,0.2558505160746848,seq,0.26429580167113315,0.01216173755071897,0.2404592340822956,0.2881323692599707,1
1479,2500,ccmar,0.2558505160746848,full,0.2630140649085716,0.009690556333218282,0.24402092350530724,0.28200720631183596,1
1479,2500,ccmar,0.2558505160746848,cc,0.2557776244870596,0.014118794620225063,0.2281052955263006,0.2834499534478186,1
1479,2500,ccmar,0.2558505160746848,cc_ccproj,0.2557776244870596,0.014118794620225063,0.2281052955263006,0.2834499534478186,1
1479,2500,ccmar,0.2558505160746848,seq,0.25979866257368917,0.013685642667738324,0.2329752958396374,0.28662202930774094,1
1480,2500,ccmar,0.2558505160746848,full,0.23501631741456458,0.01017464993010958,0.21507436999624682,0.2549582648328823,0
1480,2500,ccmar,0.2558505160746848,cc,0.22805597371019307,0.016424482549454878,0.1958645794485549,0.26024736797183123,1
1480,2500,ccmar,0.2558505160746848,cc_ccproj,0.22805597371019293,0.016424482549454878,0.19586457944855476,0.2602473679718311,1
1480,2500,ccmar,0.2558505160746848,seq,0.23278406261743648,0.016249786579926623,0.200935066164318,0.26463305907055495,1
1481,2500,ccmar,0.2558505160746848,full,0.2696717749075332,0.01056017773224705,0.24897420688198713,0.29036934293307926,1
1481,2500,ccmar,0.2558505160746848,cc,0.26253228809559986,0.01654519232730744,0.23010430701678886,0.29496026917441087,1
1481,2500,ccmar,0.2558505160746848,cc_ccproj,0.26253228809559975,0.016545192327307445,0.23010430701678872,0.29496026917441076,1
1481,2500,ccmar,0.2558505160746848,seq,0.2619659343191008,0.016130902206504767,0.23034994695621377,0.2935819216819878,1
1482,2500,ccmar,0.2558505160746848,full,0.2695160378135017,0.00963337079646202,0.2506349780027162,0.28839709762428717,1
1482,2500,ccmar,0.2558505160746848,cc,0.26454675371703035,0.013868759520302596,0.23736448454699027,0.2917290228870704,1
1482,2500,ccmar,0.2558505160746848,cc_ccproj,0.26454675371703024,0.013868759520302596,0.23736448454699016,0.2917290228870703,1
1482,2500,ccmar,0.2558505160746848,seq,0.271078166185441,0.01338065234695981,0.24485256949574843,0.2973037628751336,1
1483,2500,ccmar,0.2558505160746848,full,0.26685316198008785,0.010598919760204604,0.24607966097505693,0.2876266629851188,1
1483,2500,ccmar,0.2558505160746848,cc,0.2779321340054178,0.016252474003400418,0.24607787029907946,0.3097863977117561,1
1483,2500,ccmar,0.2558505160746848,cc_ccproj,0.27793213400541794,0.016252474003400425,0.2460778702990796,0.3097863977117563,1
1483,2500,ccmar,0.2558505160746848,seq,0.2791435012909856,0.016153267018300655,0.2474836797024576,0.31080332287951357,1
1484,2500,ccmar,0.2558505160746848,full,0.25036082199702075,0.009428761909572545,0.23188078823545547,0.2688408557585861,1
1484,2500,ccmar,0.2558505160746848,cc,0.22935896768126232,0.015289567728989524,0.199391965593257,0.25932596976926764,1
1484,2500,ccmar,0.2558505160746848,cc_ccproj,0.22935896768126232,0.015289567728989508,0.19939196559325703,0.25932596976926764,1
1484,2500,ccmar,0.2558505160746848,seq,0.228426025644855,0.014939776410714352,0.1991446019427738,0.25770744934693623,1
1485,2500,ccmar,0.2558505160746848,full,0.2548560459281834,0.009009301766989093,0.2371981389390317,0.2725139529173351,1
1485,2500,ccmar,0.2558505160746848,cc,0.26848844670640093,0.01649171173761691,0.2361652856572553,0.30081160775554655,1
1485,2500,ccmar,0.2558505160746848,cc_ccproj,0.26848844670640093,0.016491711737616904,0.2361652856572553,0.30081160775554655,1
1485,2500,ccmar,0.2558505160746848,seq,0.2693095040372207,0.016180617105149297,0.23759607726349533,0.30102293081094605,1
1486,2500,ccmar,0.2558505160746848,full,0.25379664268328833,0.0121309649288264,0.2300203883250701,0.27757289704150656,1
1486,2500,ccmar,0.2558505160746848,cc,0.23398235216180038,0.02978800710801897,0.17559893105886007,0.29236577326474067,1
1486,2500,ccmar,0.2558505160746848,cc_ccproj,0.23398235216180055,0.029788007108018936,0.17559893105886032,0.2923657732647408,1
1486,2500,ccmar,0.2558505160746848,seq,0.23595025688365473,0.02846177267786833,0.18016620749886667,0.29173430626844277,1
1487,2500,ccmar,0.2558505160746848,full,0.259696643460642,0.011408462693495389,0.2373364674624222,0.28205681945886174,1
1487,2500,ccmar,0.2558505160746848,cc,0.27551525640811675,0.018449850457181862,0.23935421399189044,0.31167629882434306,1
1487,2500,ccmar,0.2558505160746848,cc_ccproj,0.2755152564081168,0.018449850457181866,0.2393542139918905,0.3116762988243431,1
1487,2500,ccmar,0.2558505160746848,seq,0.27263813037522866,0.018390294058918254,0.23659381635464796,0.3086824443958094,1
1488,2500,ccmar,0.2558505160746848,full,0.25914827832352216,0.00902767480814592,0.2414543608354166,0.2768421958116277,1
1488,2500,ccmar,0.2558505160746848,cc,0.2600850945972602,0.012926777678120902,0.23474907591198693,0.2854211132825335,1
1488,2500,ccmar,0.2558505160746848,cc_ccproj,0.2600850945972603,0.012926777678120902,0.23474907591198704,0.2854211132825336,1
1488,2500,ccmar,0.2558505160746848,seq,0.2575384893055911,0.012686851681216044,0.2326727169332062,0.28240426167797594,1
1489,2500,ccmar,0.2558505160746848,full,0.22652176340154856,0.009124971391729273,0.20863714811380085,0.24440637868929627,0
1489,2500,ccmar,0.2558505160746848,cc,0.216345782189147,0.0142174934067489,0.18848000716148347,0.2442115572168105,0
1489,2500,ccmar,0.2558505160746848,cc_ccproj,0.21634578218914693,0.014217493406748903,0.18848000716148341,0.24421155721681045,0
1489,2500,ccmar,0.2558505160746848,seq,0.2184024283900758,0.013771596195717413,0.19141059583684084,0.24539426094331074,0
1490,2500,ccmar,0.2558505160746848,full,0.24204161904385732,0.00967532398748384,0.22307833248963252,0.2610049055980821,1
1490,2500,ccmar,0.2558505160746848,cc,0.23513305003575347,0.016295581117311383,0.2031942979386722,0.26707180213283477,1
1490,2500,ccmar,0.2558505160746848,cc_ccproj,0.23513305003575352,0.016295581117311365,0.20319429793867227,0.26707180213283477,1
1490,2500,ccmar,0.2558505160746848,seq,0.23421505916517135,0.0159572689533525,0.2029393867249813,0.2654907316053614,1
1491,2500,ccmar,0.2558505160746848,full,0.24737321013246139,0.009450067867921236,0.22885141745987655,0.26589500280504624,1
1491,2500,ccmar,0.2558505160746848,cc,0.2532716355817262,0.014588756315956073,0.22467819862322108,0.28186507254023135,1
1491,2500,ccmar,0.2558505160746848,cc_ccproj,0.2532716355817262,0.014588756315956092,0.22467819862322103,0.2818650725402314,1
1491,2500,ccmar,0.2558505160746848,seq,0.24817478602236487,0.014218318638011445,0.22030739357114784,0.2760421784735819,1
1492,2500,ccmar,0.2558505160746848,full,0.23235498019513554,0.01066364700455906,0.21145461612235134,0.25325534426791974,0
1492,2500,ccmar,0.2558505160746848,cc,0.21272521609381476,0.017720986966224192,0.17799271986951162,0.2474577123181179,0
1492,2500,ccmar,0.2558505160746848,cc_ccproj,0.21272521609381465,0.01772098696622419,0.1779927198695115,0.24745771231811778,0
1492,2500,ccmar,0.2558505160746848,seq,0.2155041334376621,0.016754156114404912,0.18266659086206694,0.24834167601325724,0
1493,2500,ccmar,0.2558505160746848,full,0.27877409684001786,0.011314658473713579,0.2565977737341683,0.3009504199458674,0
1493,2500,ccmar,0.2558505160746848,cc,0.27207814669419783,0.015152199364143765,0.24238038165390535,0.3017759117344903,1
1493,2500,ccmar,0.2558505160746848,cc_ccproj,0.272078146694198,0.015152199364143778,0.2423803816539055,0.30177591173449053,1
1493,2500,ccmar,0.2558505160746848,seq,0.2702596750385429,0.014930067338287459,0.24099728076874172,0.29952206930834413,1
1494,2500,ccmar,0.2558505160746848,full,0.26177554423749694,0.011704185034154983,0.23883576310216048,0.2847153253728334,1
1494,2500,ccmar,0.2558505160746848,cc,0.2655075287506361,0.01374964558795164,0.23855871859806083,0.2924563389032114,1
1494,2500,ccmar,0.2558505160746848,cc_ccproj,0.265507528750636,0.013749645587951644,0.23855871859806071,0.29245633890321127,1
1494,2500,ccmar,0.2558505160746848,seq,0.26665079347230025,0.01345742608314821,0.24027472302471983,0.29302686391988064,1
1495,2500,ccmar,0.2558505160746848,full,0.2529095477176187,0.008590660447994064,0.23607216263613762,0.2697469327990998,1
1495,2500,ccmar,0.2558505160746848,cc,0.2306709346797823,0.014441320985449875,0.20236646565911806,0.2589754037004465,1
1495,2500,ccmar,0.2558505160746848,cc_ccproj,0.2306709346797824,0.014441320985449863,0.20236646565911817,0.2589754037004466,1
1495,2500,ccmar,0.2558505160746848,seq,0.23642783723494268,0.01387678748554945,0.20922983354214963,0.2636258409277357,1
1496,2500,ccmar,0.2558505160746848,full,0.2503795850033047,0.009093903352401981,0.23255586195370875,0.26820330805290066,1
1496,2500,ccmar,0.2558505160746848,cc,0.24387604241140465,0.013354446961168656,0.21770180733406372,0.2700502774887456,1
1496,2500,ccmar,0.2558505160746848,cc_ccproj,0.24387604241140476,0.013354446961168658,0.21770180733406383,0.2700502774887457,1
1496,2500,ccmar,0.2558505160746848,seq,0.24851470509467172,0.013063629040536168,0.2229104626678293,0.27411894752151417,1
1497,2500,ccmar,0.2558505160746848,full,0.2793381043814274,0.01586738735456909,0.2482385966377257,0.3104376121251291,1
1497,2500,ccmar,0.2558505160746848,cc,0.31947622702867023,0.05292117385122574,0.21575263226068492,0.42319982179665555,1
1497,2500,ccmar,0.2558505160746848,cc_ccproj,0.3194762270286703,0.05292117385122574,0.21575263226068497,0.4231998217966556,1
1497,2500,ccmar,0.2558505160746848,seq,0.3181530116087385,0.05279568313248428,0.21467537412988047,0.4216306490875965,1
1498,2500,ccmar,0.2558505160746848,full,0.2650355367086106,0.010589945393683806,0.24427962513874446,0.2857914482784767,1
1498,2500,ccmar,0.2558505160746848,cc,0.27584377130620186,0.022538468613873926,0.23166918455632257,0.32001835805608114,1
1498,2500,ccmar,0.2558505160746848,cc_ccproj,0.2758437713062018,0.02253846861387394,0.2316691845563225,0.32001835805608114,1
1498,2500,ccmar,0.2558505160746848,seq,0.276502059091974,0.022493141274914277,0.23241631229397067,0.3205878058899774,1
1499,2500,ccmar,0.2558505160746848,full,0.23367475195812334,0.009908939489184658,0.2142535874343347,0.253095916481912,0
1499,2500,ccmar,0.2558505160746848,cc,0.23829904203029073,0.012033618737377336,0.2147135827013448,0.2618845013592367,1
1499,2500,ccmar,0.2558505160746848,cc_ccproj,0.23829904203029073,0.012033618737377348,0.21471358270134477,0.2618845013592367,1
1499,2500,ccmar,0.2558505160746848,seq,0.232938696816434,0.012077779790996342,0.20926668341287546,0.25661071021999254,1
1500,2500,ccmar,0.2558505160746848,full,0.28224767131299683,0.02083581471724921,0.24141022487863878,0.3230851177473549,1
1500,2500,ccmar,0.2558505160746848,cc,0.2702170451187713,0.016401947630283728,0.23806981848710312,0.3023642717504395,1
1500,2500,ccmar,0.2558505160746848,cc_ccproj,0.27021704511877115,0.01640194763028374,0.23806981848710293,0.30236427175043934,1
1500,2500,ccmar,0.2558505160746848,seq,0.26867650234529394,0.016183057456858906,0.23695829257010814,0.30039471212047975,1
1501,2500,ccmar,0.2558505160746848,full,0.2426246933714051,0.009384710729185607,0.22423099833687468,0.2610183884059355,1
1501,2500,ccmar,0.2558505160746848,cc,0.23927126272368796,0.013918199961615458,0.2119920920692949,0.26655043337808104,1
1501,2500,ccmar,0.2558505160746848,cc_ccproj,0.2392712627236878,0.013918199961615465,0.2119920920692947,0.2665504333780809,1
1501,2500,ccmar,0.2558505160746848,seq,0.23758400183902928,0.013656125149933095,0.21081848837678877,0.26434951530126977,1
1502,2500,ccmar,0.2558505160746848,full,0.27462853404184334,0.011840348397810905,0.25142187761772744,0.29783519046595924,1
1502,2500,ccmar,0.2558505160746848,cc,0.2893046219098993,0.015624035988630984,0.25868207407902494,0.3199271697407737,0
1502,2500,ccmar,0.2558505160746848,cc_ccproj,0.28930462190989936,0.015624035988630982,0.258682074079025,0.31992716974077373,0
1502,2500,ccmar,0.2558505160746848,seq,0.2851709202627675,0.015399437879437781,0.2549885766369076,0.31535326388862744,1
1503,2500,ccmar,0.2558505160746848,full,0.2407120035613636,0.008548743262100289,0.2239567746545676,0.2574672324681596,1
1503,2500,ccmar,0.2558505160746848,cc,0.2308916987664295,0.013760880307459158,0.2039208689682431,0.25786252856461594,1
1503,2500,ccmar,0.2558505160746848,cc_ccproj,0.2308916987664295,0.013760880307459167,0.20392086896824307,0.25786252856461594,1
1503,2500,ccmar,0.2558505160746848,seq,0.2270298141381806,0.01366611940908091,0.2002447122879582,0.253814915988403,0
1504,2500,ccmar,0.2558505160746848,full,0.24376890537512,0.010403313917568116,0.2233787847768222,0.2641590259734178,1
1504,2500,ccmar,0.2558505160746848,cc,0.2512250396861462,0.014109271061192759,0.22357137655809514,0.27887870281419724,1
1504,2500,ccmar,0.2558505160746848,cc_ccproj,0.2512250396861462,0.014109271061192773,0.22357137655809511,0.27887870281419724,1
1504,2500,ccmar,0.2558505160746848,seq,0.24743996723757813,0.013727206173281858,0.2205351375295898,0.27434479694556646,1
1505,2500,ccmar,0.2558505160746848,full,0.24783074280515985,0.00890724311574676,0.23037286709675386,0.26528861851356583,1
1505,2500,ccmar,0.2558505160746848,cc,0.2200377754247307,0.016956623032651563,0.18680340498131132,0.2532721458681501,0
1505,2500,ccmar,0.2558505160746848,cc_ccproj,0.22003777542473055,0.016956623032651563,0.18680340498131115,0.25327214586814994,0
1505,2500,ccmar,0.2558505160746848,seq,0.22339515361399503,0.01627783617889004,0.19149118095712747,0.2552991262708626,0
1506,2500,ccmar,0.2558505160746848,full,0.24683442885096182,0.01178369783254438,0.22373880549447214,0.2699300522074515,1
1506,2500,ccmar,0.2558505160746848,cc,0.239976827650005,0.017871662886018918,0.20494901204956675,0.2750046432504432,1
1506,2500,ccmar,0.2558505160746848,cc_ccproj,0.2399768276500052,0.01787166288601892,0.20494901204956695,0.27500464325044344,1
1506,2500,ccmar,0.2558505160746848,seq,0.23873665680211442,0.017525504027194685,0.20438730009790118,0.27308601350632766,1
1507,2500,ccmar,0.2558505160746848,full,0.26404369902654046,0.009548388341456304,0.24532920176688397,0.28275819628619697,1
1507,2500,ccmar,0.2558505160746848,cc,0.26506366553112404,0.013946229037422377,0.23772955889762948,0.2923977721646186,1
1507,2500,ccmar,0.2558505160746848,cc_ccproj,0.2650636655311239,0.013946229037422389,0.23772955889762934,0.2923977721646185,1
1507,2500,ccmar,0.2558505160746848,seq,0.2674622651684811,0.013829395670005634,0.24035714772731587,0.2945673826096463,1
1508,2500,ccmar,0.2558505160746848,full,0.2390694340768896,0.010462676936791267,0.21856296409890086,0.25957590405487835,1
1508,2500,ccmar,0.2558505160746848,cc,0.24048451085827255,0.010819749613196688,0.21927819129466586,0.26169083042187924,1
1508,2500,ccmar,0.2558505160746848,cc_ccproj,0.24048451085827255,0.010819749613196684,0.21927819129466586,0.26169083042187924,1
1508,2500,ccmar,0.2558505160746848,seq,0.23798333381796302,0.010242160075675693,0.21790906894574463,0.2580575986901814,1
1509,2500,ccmar,0.2558505160746848,full,0.24276813979363268,0.009267236182724438,0.22460469063926633,0.26093158894799906,1
1509,2500,ccmar,0.2558505160746848,cc,0.2435888356703441,0.011641338327343763,0.22077223181690456,0.2664054395237836,1
1509,2500,ccmar,0.2558505160746848,cc_ccproj,0.24358883567034414,0.011641338327343771,0.22077223181690458,0.2664054395237837,1
1509,2500,ccmar,0.2558505160746848,seq,0.23541829425853225,0.012021750027805986,0.2118560971728891,0.2589804913441754,1
1510,2500,ccmar,0.2558505160746848,full,0.25253589599481274,0.010495319039859523,0.23196544867043056,0.2731063433191949,1
1510,2500,ccmar,0.2558505160746848,cc,0.26662103281382954,0.01936189474728746,0.22867241643669087,0.3045696491909682,1
1510,2500,ccmar,0.2558505160746848,cc_ccproj,0.2666210328138294,0.01936189474728746,0.2286724164366907,0.3045696491909681,1
1510,2500,ccmar,0.2558505160746848,seq,0.2701181485219205,0.01919890161110149,0.23248899282143357,0.3077473042224074,1
1511,2500,ccmar,0.2558505160746848,full,0.2478845813540625,0.009458550532760672,0.22934616296389942,0.26642299974422556,1
1511,2500,ccmar,0.2558505160746848,cc,0.2322465211853903,0.01664175748399935,0.19962927587730167,0.2648637664934789,1
1511,2500,ccmar,0.2558505160746848,cc_ccproj,0.23224652118539046,0.01664175748399933,0.19962927587730186,0.26486376649347904,1
1511,2500,ccmar,0.2558505160746848,seq,0.23828429495486772,0.015917677931995708,0.20708621949064812,0.2694823704190873,1
1512,2500,ccmar,0.2558505160746848,full,0.2581129894294143,0.00843268691356056,0.24158522678593336,0.27464075207289523,1
1512,2500,ccmar,0.2558505160746848,cc,0.2590854007597655,0.01244121492236549,0.23470106758800685,0.28346973393152414,1
1512,2500,ccmar,0.2558505160746848,cc_ccproj,0.2590854007597657,0.012441214922365496,0.23470106758800707,0.28346973393152436,1
1512,2500,ccmar,0.2558505160746848,seq,0.25337861563276887,0.012133176913646553,0.22959802586396877,0.27715920540156896,1
1513,2500,ccmar,0.2558505160746848,full,0.23650195875497515,0.009665507322190108,0.21755791251117435,0.25544600499877596,0
1513,2500,ccmar,0.2558505160746848,cc,0.23544750047032395,0.015245529476820213,0.20556681177051256,0.26532818917013534,1
1513,2500,ccmar,0.2558505160746848,cc_ccproj,0.23544750047032395,0.015245529476820223,0.20556681177051253,0.26532818917013534,1
1513,2500,ccmar,0.2558505160746848,seq,0.23402559764419548,0.014726664636406856,0.2051618653444384,0.2628893299439526,1
1514,2500,ccmar,0.2558505160746848,full,0.25500956711996453,0.009712633198082094,0.23597315585667555,0.2740459783832535,1
1514,2500,ccmar,0.2558505160746848,cc,0.26440178916793267,0.018243411739005292,0.22864535920434706,0.3001582191315183,1
1514,2500,ccmar,0.2558505160746848,cc_ccproj,0.26440178916793267,0.018243411739005285,0.2286453592043471,0.30015821913151824,1
1514,2500,ccmar,0.2558505160746848,seq,0.26689907835576876,0.01773574118845429,0.23213766438727473,0.3016604923242628,1
1515,2500,ccmar,0.2558505160746848,full,0.26671669936978226,0.009827897232292887,0.24745437475072732,0.2859790239888372,1
1515,2500,ccmar,0.2558505160746848,cc,0.28314268034803225,0.018903881355038784,0.246091753724138,0.3201936069719265,1
1515,2500,ccmar,0.2558505160746848,cc_ccproj,0.28314268034803225,0.018903881355038784,0.246091753724138,0.3201936069719265,1
1515,2500,ccmar,0.2558505160746848,seq,0.28030220222672053,0.018819439489657495,0.24341677861776098,0.31718762583568005,1
1516,2500,ccmar,0.2558505160746848,full,0.2620034658256061,0.012137819565107845,0.23821377662714907,0.28579315502406305,1
1516,2500,ccmar,0.2558505160746848,cc,0.2555756846000341,0.01860479767418119,0.2191109512189844,0.2920404179810838,1
1516,2500,ccmar,0.2558505160746848,cc_ccproj,0.2555756846000342,0.018604797674181196,0.2191109512189845,0.29204041798108393,1
1516,2500,ccmar,0.2558505160746848,seq,0.2556306826023979,0.01828518021401481,0.21979238793210448,0.29146897727269133,1
1517,2500,ccmar,0.2558505160746848,full,0.2559736130594554,0.009437311264423065,0.237476822870292,0.27447040324861877,1
1517,2500,ccmar,0.2558505160746848,cc,0.27921186813098137,0.018448408874709266,0.2430536511644821,0.31537008509748066,1
1517,2500,ccmar,0.2558505160746848,cc_ccproj,0.27921186813098137,0.01844840887470926,0.2430536511644821,0.3153700850974806,1
1517,2500,ccmar,0.2558505160746848,seq,0.2758496386637484,0.01786520249597519,0.24083448519512193,0.31086479213237483,1
1518,2500,ccmar,0.2558505160746848,full,0.2592867061592329,0.009594776727808424,0.24048128933302532,0.27809212298544045,1
1518,2500,ccmar,0.2558505160746848,cc,0.23135142566620998,0.01850427251348284,0.19508371797966914,0.2676191333527508,1
1518,2500,ccmar,0.2558505160746848,cc_ccproj,0.23135142566620995,0.018504272513482845,0.1950837179796691,0.2676191333527508,1
1518,2500,ccmar,0.2558505160746848,seq,0.24224752966395907,0.018240867137646735,0.20649608702739125,0.2779989723005269,1
1519,2500,ccmar,0.2558505160746848,full,0.24108792289861208,0.010315161082886432,0.22087057868142548,0.26130526711579866,1
1519,2500,ccmar,0.2558505160746848,cc,0.24852578053398378,0.013712991084181985,0.22164881188866822,0.27540274917929936,1
1519,2500,ccmar,0.2558505160746848,cc_ccproj,0.24852578053398391,0.013712991084181992,0.22164881188866833,0.27540274917929947,1
1519,2500,ccmar,0.2558505160746848,seq,0.24767910005725802,0.013432393178703103,0.22135209320081844,0.2740061069136976,1
1520,2500,ccmar,0.2558505160746848,full,0.25952039099402746,0.010440904365622125,0.23905659447138108,0.27998418751667387,1
1520,2500,ccmar,0.2558505160746848,cc,0.2615182913577474,0.01572450972047319,0.23069881863106995,0.29233776408442486,1
1520,2500,ccmar,0.2558505160746848,cc_ccproj,0.26151829135774735,0.015724509720473182,0.23069881863106992,0.2923377640844248,1
1520,2500,ccmar,0.2558505160746848,seq,0.2638460237885187,0.015102242977234986,0.23424617146736515,0.2934458761096722,1
1521,2500,ccmar,0.2558505160746848,full,0.25870859236593896,0.009365590373971196,0.2403523725390004,0.27706481219287754,1
1521,2500,ccmar,0.2558505160746848,cc,0.2563463045288717,0.018077355118859367,0.22091533956016654,0.2917772694975768,1
1521,2500,ccmar,0.2558505160746848,cc_ccproj,0.2563463045288717,0.01807735511885937,0.22091533956016654,0.2917772694975769,1
1521,2500,ccmar,0.2558505160746848,seq,0.25813633107424244,0.017310555184629442,0.22420826635997562,0.29206439578850923,1
1522,2500,ccmar,0.2558505160746848,full,0.23879537600033554,0.013040595689368203,0.2132362781122256,0.2643544738884455,1
1522,2500,ccmar,0.2558505160746848,cc,0.2539397190582743,0.012387786100053717,0.2296601044539831,0.27821933366256546,1
1522,2500,ccmar,0.2558505160746848,cc_ccproj,0.2539397190582742,0.01238778610005373,0.22966010445398302,0.27821933366256546,1
1522,2500,ccmar,0.2558505160746848,seq,0.25291654115836076,0.012034062706688642,0.22933021166555442,0.2765028706511671,1
1523,2500,ccmar,0.2558505160746848,full,0.25733069618478893,0.01083720566676421,0.2360901633848777,0.27857122898470016,1
1523,2500,ccmar,0.2558505160746848,cc,0.24361369947379652,0.013715739623273507,0.2167313437908515,0.2704960551567416,1
1523,2500,ccmar,0.2558505160746848,cc_ccproj,0.24361369947379635,0.01371573962327351,0.2167313437908513,0.2704960551567414,1
1523,2500,ccmar,0.2558505160746848,seq,0.2473808072154082,0.013440247315535715,0.22103840653364706,0.27372320789716936,1
1524,2500,ccmar,0.2558505160746848,full,0.2452592901613225,0.009162128999187837,0.22730184730120434,0.26321673302144066,1
1524,2500,ccmar,0.2558505160746848,cc,0.24556089348143728,0.01222180291816101,0.22160659993569518,0.2695151870271794,1
1524,2500,ccmar,0.2558505160746848,cc_ccproj,0.24556089348143714,0.01222180291816102,0.221606599935695,0.26951518702717925,1
1524,2500,ccmar,0.2558505160746848,seq,0.24003401700816226,0.011934058682660325,0.2166436918007605,0.26342434221556404,1
1525,2500,ccmar,0.2558505160746848,full,0.259938845396949,0.009649990194976742,0.24102521216362993,0.2788524786302681,1
1525,2500,ccmar,0.2558505160746848,cc,0.24508541065999667,0.012004707418518262,0.22155661647476008,0.2686142048452333,1
1525,2500,ccmar,0.2558505160746848,cc_ccproj,0.2450854106599967,0.012004707418518269,0.22155661647476008,0.2686142048452333,1
1525,2500,ccmar,0.2558505160746848,seq,0.24464032667214825,0.011850637230545767,0.22141350450642905,0.26786714883786744,1
1526,2500,ccmar,0.2558505160746848,full,0.25008206152839024,0.009600561724289509,0.23126530631742903,0.26889881673935145,1
1526,2500,ccmar,0.2558505160746848,cc,0.263010334272517,0.016042867337865342,0.23156689208154696,0.2944537764634871,1
1526,2500,ccmar,0.2558505160746848,cc_ccproj,0.26301033427251697,0.016042867337865335,0.23156689208154693,0.294453776463487,1
1526,2500,ccmar,0.2558505160746848,seq,0.26684637985372084,0.015418184589389565,0.23662729335152682,0.29706546635591485,1
1527,2500,ccmar,0.2558505160746848,full,0.25885602107023814,0.010169838510095725,0.23892350386186204,0.2787885382786143,1
1527,2500,ccmar,0.2558505160746848,cc,0.2755386271838903,0.018215915342073608,0.23983608916799537,0.3112411651997852,1
1527,2500,ccmar,0.2558505160746848,cc_ccproj,0.2755386271838901,0.018215915342073622,0.2398360891679952,0.311241165199785,1
1527,2500,ccmar,0.2558505160746848,seq,0.27818609277528605,0.018171759865943934,0.24257009790232553,0.3138020876482466,1
1528,2500,ccmar,0.2558505160746848,full,0.24783445858288478,0.008868505006888561,0.23045250817267005,0.2652164089930995,1
1528,2500,ccmar,0.2558505160746848,cc,0.24277752909510214,0.01286391969401318,0.2175647097948208,0.2679903483953835,1
1528,2500,ccmar,0.2558505160746848,cc_ccproj,0.24277752909510228,0.012863919694013173,0.21756470979482095,0.2679903483953836,1
1528,2500,ccmar,0.2558505160746848,seq,0.23906281660768733,0.012273371790844914,0.21500744992876142,0.26311818328661324,1
1529,2500,ccmar,0.2558505160746848,full,0.26426278071797504,0.012585250536953394,0.239596142929133,0.2889294185068171,1
1529,2500,ccmar,0.2558505160746848,cc,0.23074770181214038,0.013058929413448725,0.2051526704851301,0.2563427331391507,1
1529,2500,ccmar,0.2558505160746848,cc_ccproj,0.23074770181214063,0.013058929413448717,0.20515267048513036,0.2563427331391509,1
1529,2500,ccmar,0.2558505160746848,seq,0.23393048071881317,0.012541290015291995,0.20935000396916909,0.25851095746845726,1
1530,2500,ccmar,0.2558505160746848,full,0.2605572513743323,0.009998334320508142,0.24096087620074558,0.280153626547919,1
1530,2500,ccmar,0.2558505160746848,cc,0.2656432453463354,0.017021824887600488,0.23228108161549088,0.2990054090771799,1
1530,2500,ccmar,0.2558505160746848,cc_ccproj,0.26564324534633543,0.017021824887600498,0.2322810816154909,0.29900540907718,1
1530,2500,ccmar,0.2558505160746848,seq,0.266019071703585,0.01706740794317147,0.2325675668255161,0.29947057658165394,1
1531,2500,ccmar,0.2558505160746848,full,0.23092853985087514,0.014295527113513298,0.20290982156837323,0.25894725813337705,1
1531,2500,ccmar,0.2558505160746848,cc,0.24095329253780165,0.018683770170841506,0.20433377590752852,0.27757280916807475,1
1531,2500,ccmar,0.2558505160746848,cc_ccproj,0.24095329253780165,0.018683770170841506,0.20433377590752852,0.27757280916807475,1
1531,2500,ccmar,0.2558505160746848,seq,0.22872196315068322,0.018631421461974187,0.1922050481044272,0.2652388781969392,1
1532,2500,ccmar,0.2558505160746848,full,0.23931852499157963,0.010842369666111329,0.21806787093893185,0.2605691790442274,1
1532,2500,ccmar,0.2558505160746848,cc,0.25200451874593394,0.015839851515390014,0.2209589802553073,0.28305005723656057,1
1532,2500,ccmar,0.2558505160746848,cc_ccproj,0.252004518745934,0.01583985151539001,0.22095898025530739,0.2830500572365606,1
1532,2500,ccmar,0.2558505160746848,seq,0.24789910709568438,0.015518156339629692,0.21748407956354826,0.2783141346278205,1
1533,2500,ccmar,0.2558505160746848,full,0.2553300118992244,0.009058894900094155,0.23757490415530627,0.2730851196431425,1
1533,2500,ccmar,0.2558505160746848,cc,0.23714289287687643,0.0181262203535561,0.20161615380806958,0.2726696319456833,1
1533,2500,ccmar,0.2558505160746848,cc_ccproj,0.2371428928768765,0.018126220353556082,0.2016161538080697,0.27266963194568333,1
1533,2500,ccmar,0.2558505160746848,seq,0.24108720990626115,0.01719624960441346,0.2073831800124496,0.2747912398000727,1
1534,2500,ccmar,0.2558505160746848,full,0.24864558005904164,0.011255089817714862,0.22658600937355702,0.2707051507445262,1
1534,2500,ccmar,0.2558505160746848,cc,0.2333459179979928,0.022875224938538927,0.18851130098020405,0.2781805350157816,1
1534,2500,ccmar,0.2558505160746848,cc_ccproj,0.23334591799799265,0.022875224938538916,0.1885113009802039,0.2781805350157814,1
1534,2500,ccmar,0.2558505160746848,seq,0.23247435538102953,0.022136176069393384,0.1890882475295811,0.275860463232478,1
1535,2500,ccmar,0.2558505160746848,full,0.2642055547295136,0.009715401618885117,0.24516371746115667,0.2832473919978706,1
1535,2500,ccmar,0.2558505160746848,cc,0.2621673265043928,0.014140261271648446,0.23445292367997528,0.2898817293288103,1
1535,2500,ccmar,0.2558505160746848,cc_ccproj,0.2621673265043928,0.014140261271648443,0.23445292367997528,0.2898817293288103,1
1535,2500,ccmar,0.2558505160746848,seq,0.2703819081723258,0.013682667544754739,0.24356437257217145,0.2971994437724802,1
1536,2500,ccmar,0.2558505160746848,full,0.26332776638299804,0.009607848959259152,0.24449672845394946,0.2821588043120466,1
1536,2500,ccmar,0.2558505160746848,cc,0.25609793857754787,0.012591229355642703,0.2314195825194047,0.28077629463569104,1
1536,2500,ccmar,0.2558505160746848,cc_ccproj,0.25609793857754803,0.01259122935564271,0.23141958251940487,0.2807762946356912,1
1536,2500,ccmar,0.2558505160746848,seq,0.2524614930171506,0.012381629069933115,0.22819394597014753,0.27672904006415366,1
1537,2500,ccmar,0.2558505160746848,full,0.24532693684168966,0.013002779223787064,0.21984195786414135,0.27081191581923797,1
1537,2500,ccmar,0.2558505160746848,cc,0.2141837027170648,0.03910153723353498,0.1375460979991843,0.2908213074349453,1
1537,2500,ccmar,0.2558505160746848,cc_ccproj,0.2141837027170648,0.03910153723353496,0.13754609799918432,0.2908213074349453,1
1537,2500,ccmar,0.2558505160746848,seq,0.21436736422540184,0.03798410944071818,0.13991987773676634,0.28881485071403734,1
1538,2500,ccmar,0.2558505160746848,full,0.24802981200266386,0.008755266350047917,0.2308698052815145,0.26518981872381325,1
1538,2500,ccmar,0.2558505160746848,cc,0.24368475615903948,0.012790308600134801,0.21861621195162234,0.2687533003664566,1
1538,2500,ccmar,0.2558505160746848,cc_ccproj,0.24368475615903962,0.012790308600134798,0.2186162119516225,0.2687533003664567,1
1538,2500,ccmar,0.2558505160746848,seq,0.24754852179021217,0.012702898033625067,0.22265129914502235,0.272445744435402,1
1539,2500,ccmar,0.2558505160746848,full,0.2681875713923267,0.008700601053610703,0.25113470668339843,0.28524043610125493,1
1539,2500,ccmar,0.2558505160746848,cc,0.2724978826348182,0.013293002447803858,0.24644407659071987,0.29855168867891657,1
1539,2500,ccmar,0.2558505160746848,cc_ccproj,0.2724978826348182,0.013293002447803858,0.24644407659071987,0.29855168867891657,1
1539,2500,ccmar,0.2558505160746848,seq,0.2712256863112362,0.013051602070832127,0.24564501631185687,0.2968063563106156,1
1540,2500,ccmar,0.2558505160746848,full,0.26850860245619507,0.01082856405416552,0.24728500690574562,0.2897321980066445,1
1540,2500,ccmar,0.2558505160746848,cc,0.2769817647110407,0.017075699369980712,0.2435140089350452,0.31044952048703617,1
1540,2500,ccmar,0.2558505160746848,cc_ccproj,0.2769817647110406,0.017075699369980702,0.2435140089350451,0.31044952048703606,1
1540,2500,ccmar,0.2558505160746848,seq,0.276587490837353,0.01655210396963159,0.24414596318851264,0.3090290184861934,1
1541,2500,ccmar,0.2558505160746848,full,0.2522762607570613,0.008346461030819553,0.2359174977382879,0.26863502377583465,1
1541,2500,ccmar,0.2558505160746848,cc,0.24451410069925283,0.010695794603747215,0.22355072848987043,0.2654774729086352,1
1541,2500,ccmar,0.2558505160746848,cc_ccproj,0.24451410069925278,0.010695794603747222,0.22355072848987037,0.2654774729086352,1
1541,2500,ccmar,0.2558505160746848,seq,0.24112209390005482,0.010286263841181911,0.22096138723586164,0.261282800564248,1
1542,2500,ccmar,0.2558505160746848,full,0.27394121230794893,0.011540989031213674,0.25132128946079835,0.2965611351550995,1
1542,2500,ccmar,0.2558505160746848,cc,0.2762420359807411,0.013804579159492302,0.24918555800640396,0.30329851395507823,1
1542,2500,ccmar,0.2558505160746848,cc_ccproj,0.276242035980741,0.013804579159492299,0.24918555800640388,0.3032985139550781,1
1542,2500,ccmar,0.2558505160746848,seq,0.2756709546684244,0.013480983562759272,0.24924871240923976,0.30209319692760905,1
1543,2500,ccmar,0.2558505160746848,full,0.29120501448820585,0.014836702738097951,0.26212561147220703,0.32028441750420467,0
1543,2500,ccmar,0.2558505160746848,cc,0.27913809783775223,0.016125063725612333,0.2475335536871388,0.31074264198836565,1
1543,2500,ccmar,0.2558505160746848,cc_ccproj,0.27913809783775234,0.016125063725612336,0.2475335536871389,0.31074264198836576,1
1543,2500,ccmar,0.2558505160746848,seq,0.27691586696649945,0.01576009188871635,0.24602665447157357,0.3078050794614253,1
1544,2500,ccmar,0.2558505160746848,full,0.25075244341937014,0.01048949748883241,0.2301934061253353,0.271311480713405,1
1544,2500,ccmar,0.2558505160746848,cc,0.26214999672868405,0.011012653716536855,0.24056559207006065,0.28373440138730743,1
1544,2500,ccmar,0.2558505160746848,cc_ccproj,0.26214999672868416,0.011012653716536864,0.24056559207006073,0.2837344013873076,1
1544,2500,ccmar,0.2558505160746848,seq,0.26506225784935766,0.010685349674611407,0.24411935732490253,0.2860051583738128,1
1545,2500,ccmar,0.2558505160746848,full,0.27061027692981005,0.010319780080577096,0.25038387964350506,0.29083667421611503,1
1545,2500,ccmar,0.2558505160746848,cc,0.27481809551097797,0.022206321894667234,0.23129450436832694,0.318341686653629,1
1545,2500,ccmar,0.2558505160746848,cc_ccproj,0.2748180955109781,0.022206321894667223,0.23129450436832705,0.3183416866536291,1
1545,2500,ccmar,0.2558505160746848,seq,0.2773343290732468,0.021850457869886354,0.23450821860255974,0.3201604395439338,1
1546,2500,ccmar,0.2558505160746848,full,0.241839355454942,0.011266224866759931,0.21975796047436297,0.26392075043552105,1
1546,2500,ccmar,0.2558505160746848,cc,0.2511782390244856,0.011167726516428526,0.22928989726309273,0.2730665807858785,1
1546,2500,ccmar,0.2558505160746848,cc_ccproj,0.2511782390244856,0.011167726516428526,0.22928989726309273,0.2730665807858785,1
1546,2500,ccmar,0.2558505160746848,seq,0.25003871239639414,0.010720374649620074,0.22902716418236257,0.2710502606104257,1
1547,2500,ccmar,0.2558505160746848,full,0.24544911993252277,0.009194407916949414,0.22742841155613197,0.2634698283089136,1
1547,2500,ccmar,0.2558505160746848,cc,0.23743247076858515,0.016562140262738955,0.20497127234671605,0.26989366919045427,1
1547,2500,ccmar,0.2558505160746848,cc_ccproj,0.23743247076858498,0.016562140262738962,0.20497127234671586,0.2698936691904541,1
1547,2500,ccmar,0.2558505160746848,seq,0.233563065570041,0.01615682827287003,0.20189626405081726,0.26522986708926477,1
1548,2500,ccmar,0.2558505160746848,full,0.2532928548287048,0.008905521366738283,0.23583835368634581,0.27074735597106375,1
1548,2500,ccmar,0.2558505160746848,cc,0.25696216652676573,0.013365786414287867,0.23076570652970677,0.28315862652382473,1
1548,2500,ccmar,0.2558505160746848,cc_ccproj,0.2569621665267657,0.013365786414287867,0.2307657065297067,0.2831586265238246,1
1548,2500,ccmar,0.2558505160746848,seq,0.25447760096438016,0.013013979934145563,0.2289706689979279,0.2799845329308324,1
1549,2500,ccmar,0.2558505160746848,full,0.2483836982534676,0.01007988629770852,0.22862748414170012,0.2681399123652351,1
1549,2500,ccmar,0.2558505160746848,cc,0.28578748966668055,0.014031710803190229,0.2582858418509461,0.313289137482415,0
1549,2500,ccmar,0.2558505160746848,cc_ccproj,0.28578748966668044,0.014031710803190234,0.258285841850946,0.3132891374824149,0
1549,2500,ccmar,0.2558505160746848,seq,0.29027060521691067,0.01362867236067964,0.2635588982328821,0.31698231220093925,0
1550,2500,ccmar,0.2558505160746848,full,0.25547222268359976,0.00931166558490812,0.23722169350109876,0.2737227518661008,1
1550,2500,ccmar,0.2558505160746848,cc,0.2741243072176181,0.020720932537082595,0.23351202571885205,0.31473658871638416,1
1550,2500,ccmar,0.2558505160746848,cc_ccproj,0.2741243072176182,0.020720932537082584,0.23351202571885218,0.31473658871638427,1
1550,2500,ccmar,0.2558505160746848,seq,0.27342587563894194,0.02027727408964859,0.2336831487185835,0.3131686025593004,1
1551,2500,ccmar,0.2558505160746848,full,0.2464212152134648,0.010513035094906871,0.22581604505924172,0.2670263853676879,1
1551,2500,ccmar,0.2558505160746848,cc,0.23478592568863588,0.01332623086638308,0.20866699314085904,0.26090485823641274,1
1551,2500,ccmar,0.2558505160746848,cc_ccproj,0.23478592568863588,0.013326230866383088,0.20866699314085901,0.26090485823641274,1
1551,2500,ccmar,0.2558505160746848,seq,0.23363125802146748,0.013026897497737102,0.2080990080956078,0.2591635079473271,1
1552,2500,ccmar,0.2558505160746848,full,0.2646810920572776,0.009450762690785437,0.24615793755690327,0.28320424655765186,1
1552,2500,ccmar,0.2558505160746848,cc,0.2728569458814987,0.016888867599460868,0.23975537364688998,0.30595851811610747,1
1552,2500,ccmar,0.2558505160746848,cc_ccproj,0.2728569458814987,0.016888867599460868,0.23975537364688998,0.30595851811610747,1
1552,2500,ccmar,0.2558505160746848,seq,0.269918801515251,0.01656510524627644,0.23745179183243367,0.30238581119806834,1
1553,2500,ccmar,0.2558505160746848,full,0.2609667530656614,0.010526422316990918,0.24033534443830054,0.28159816169302226,1
1553,2500,ccmar,0.2558505160746848,cc,0.2788750760093999,0.021445806379243995,0.23684206788666234,0.3209080841321375,1
1553,2500,ccmar,0.2558505160746848,cc_ccproj,0.27887507600939987,0.021445806379243978,0.23684206788666234,0.3209080841321374,1
1553,2500,ccmar,0.2558505160746848,seq,0.27957560598660713,0.02097587087759286,0.23846365452216256,0.3206875574510517,1
1554,2500,ccmar,0.2558505160746848,full,0.2638345503473971,0.008883706411918067,0.24642280573081016,0.28124629496398407,1
1554,2500,ccmar,0.2558505160746848,cc,0.2606921433238977,0.014292069392093092,0.23268020205084794,0.2887040845969474,1
1554,2500,ccmar,0.2558505160746848,cc_ccproj,0.26069214332389784,0.01429206939209309,0.2326802020508481,0.2887040845969476,1
1554,2500,ccmar,0.2558505160746848,seq,0.2580319197421431,0.013843337619019286,0.23089947658303686,0.2851643629012494,1
1555,2500,ccmar,0.2558505160746848,full,0.25620240873094435,0.010159974435186231,0.23628922475413167,0.27611559270775704,1
1555,2500,ccmar,0.2558505160746848,cc,0.2825187378736762,0.022257293667437048,0.23889524389216818,0.3261422318551842,1
1555,2500,ccmar,0.2558505160746848,cc_ccproj,0.2825187378736759,0.02225729366743704,0.23889524389216787,0.3261422318551839,1
1555,2500,ccmar,0.2558505160746848,seq,0.2767188047804563,0.021902304442973017,0.23379107689379758,0.319646532667115,1
1556,2500,ccmar,0.2558505160746848,full,0.2710475415601724,0.009275956830925027,0.25286700024941106,0.28922808287093377,1
1556,2500,ccmar,0.2558505160746848,cc,0.27559514529883,0.017595195800815814,0.2411091952283006,0.3100810953693594,1
1556,2500,ccmar,0.2558505160746848,cc_ccproj,0.2755951452988301,0.017595195800815814,0.2411091952283007,0.3100810953693595,1
1556,2500,ccmar,0.2558505160746848,seq,0.2802615613201618,0.017219646503252285,0.24651167434727622,0.31401144829304733,1
1557,2500,ccmar,0.2558505160746848,full,0.2629067957178142,0.00868977495268478,0.2458751497767938,0.27993844165883464,1
1557,2500,ccmar,0.2558505160746848,cc,0.26596110273210677,0.013513186803660806,0.23947574328056967,0.2924464621836439,1
1557,2500,ccmar,0.2558505160746848,cc_ccproj,0.2659611027321066,0.013513186803660806,0.2394757432805695,0.29244646218364373,1
1557,2500,ccmar,0.2558505160746848,seq,0.26285940538010366,0.012856013808696084,0.23766208133030972,0.2880567294298976,1
1558,2500,ccmar,0.2558505160746848,full,0.2607733599634231,0.009471090708360984,0.24221036328072362,0.27933635664612255,1
1558,2500,ccmar,0.2558505160746848,cc,0.2858182379930524,0.015407638599702955,0.25561982125082544,0.31601665473527935,1
1558,2500,ccmar,0.2558505160746848,cc_ccproj,0.2858182379930526,0.015407638599702955,0.25561982125082566,0.31601665473527957,1
1558,2500,ccmar,0.2558505160746848,seq,0.27559539490928875,0.015415078220139718,0.2453823967789471,0.30580839303963037,1
1559,2500,ccmar,0.2558505160746848,full,0.25160768301715347,0.010461092983637576,0.23110431753029917,0.2721110485040078,1
1559,2500,ccmar,0.2558505160746848,cc,0.27053744827728404,0.02481445703768511,0.22190200618750475,0.3191728903670633,1
1559,2500,ccmar,0.2558505160746848,cc_ccproj,0.27053744827728426,0.02481445703768511,0.22190200618750497,0.31917289036706353,1
1559,2500,ccmar,0.2558505160746848,seq,0.27010191059993793,0.024565737113374415,0.22195395060404513,0.31824987059583076,1
1560,2500,ccmar,0.2558505160746848,full,0.24997728258567686,0.01005344187873063,0.23027289858269814,0.2696816665886556,1
1560,2500,ccmar,0.2558505160746848,cc,0.23396259366628439,0.023036664342250695,0.18881156123153492,0.27911362610103385,1
1560,2500,ccmar,0.2558505160746848,cc_ccproj,0.2339625936662842,0.023036664342250684,0.18881156123153475,0.27911362610103363,1
1560,2500,ccmar,0.2558505160746848,seq,0.2372395363418913,0.021491274579659797,0.1951174121838969,0.2793616604998857,1
1561,2500,ccmar,0.2558505160746848,full,0.24532260090745375,0.010115100883628688,0.22549736747555224,0.26514783433935524,1
1561,2500,ccmar,0.2558505160746848,cc,0.2629278064267178,0.01767423649089074,0.22828693945032838,0.2975686734031073,1
1561,2500,ccmar,0.2558505160746848,cc_ccproj,0.26292780642671776,0.01767423649089074,0.22828693945032832,0.2975686734031072,1
1561,2500,ccmar,0.2558505160746848,seq,0.26570388004514744,0.017424206952619526,0.23155306195884076,0.2998546981314541,1
1562,2500,ccmar,0.2558505160746848,full,0.23723998923026987,0.012252008110136478,0.21322649459610973,0.26125348386443004,1
1562,2500,ccmar,0.2558505160746848,cc,0.2083073034706388,0.021205290793633428,0.1667456972334185,0.2498689097078591,0
1562,2500,ccmar,0.2558505160746848,cc_ccproj,0.2083073034706388,0.021205290793633407,0.16674569723341853,0.24986890970785908,0
1562,2500,ccmar,0.2558505160746848,seq,0.21965087011849527,0.01986474604608788,0.18071668330612858,0.258585056930862,1
1563,2500,ccmar,0.2558505160746848,full,0.25025518266724056,0.008926301547679864,0.2327599531186439,0.26775041221583723,1
1563,2500,ccmar,0.2558505160746848,cc,0.2493025279237786,0.017922710065807316,0.21417466168944277,0.28443039415811444,1
1563,2500,ccmar,0.2558505160746848,cc_ccproj,0.2493025279237786,0.017922710065807316,0.21417466168944277,0.28443039415811444,1
1563,2500,ccmar,0.2558505160746848,seq,0.2532059517089842,0.017670813266682576,0.21857179412875377,0.2878401092892146,1
1564,2500,ccmar,0.2558505160746848,full,0.2507649006859672,0.009801857462552396,0.23155361307776934,0.26997618829416503,1
1564,2500,ccmar,0.2558505160746848,cc,0.24929206360898043,0.016916499342091648,0.21613633415398528,0.2824477930639756,1
1564,2500,ccmar,0.2558505160746848,cc_ccproj,0.2492920636089805,0.01691649934209164,0.21613633415398537,0.28244779306397566,1
1564,2500,ccmar,0.2558505160746848,seq,0.2517431229058031,0.0165644350207171,0.2192774268409436,0.2842088189706626,1
1565,2500,ccmar,0.2558505160746848,full,0.23929433859060353,0.011648698675597749,0.2164633087196725,0.26212536846153456,1
1565,2500,ccmar,0.2558505160746848,cc,0.2516375964288993,0.019069522627092793,0.2142620188774258,0.28901317398037285,1
1565,2500,ccmar,0.2558505160746848,cc_ccproj,0.2516375964288992,0.01906952262709279,0.21426201887742571,0.28901317398037274,1
1565,2500,ccmar,0.2558505160746848,seq,0.2508479849584224,0.01844923040457754,0.21468815782296913,0.2870078120938757,1
1566,2500,ccmar,0.2558505160746848,full,0.2592470445950648,0.009300347280965739,0.24101869888065694,0.27747539030947266,1
1566,2500,ccmar,0.2558505160746848,cc,0.273979492800716,0.013366661033059904,0.24778131858236363,0.30017766701906834,1
1566,2500,ccmar,0.2558505160746848,cc_ccproj,0.27397949280071593,0.013366661033059913,0.24778131858236355,0.30017766701906834,1
1566,2500,ccmar,0.2558505160746848,seq,0.2688250737545186,0.012891573326681272,0.24355805433016608,0.2940920931788711,1
1567,2500,ccmar,0.2558505160746848,full,0.25138471249922556,0.008834938706919626,0.23406855082804423,0.2687008741704069,1
1567,2500,ccmar,0.2558505160746848,cc,0.24994991478031833,0.012152381656412938,0.22613168440736375,0.2737681451532729,1
1567,2500,ccmar,0.2558505160746848,cc_ccproj,0.24994991478031833,0.012152381656412947,0.22613168440736375,0.2737681451532729,1
1567,2500,ccmar,0.2558505160746848,seq,0.24921588647149878,0.01154208461973651,0.22659381631030154,0.27183795663269605,1
1568,2500,ccmar,0.2558505160746848,full,0.2623305316703,0.014354654925765962,0.23419592500529823,0.2904651383353018,1
1568,2500,ccmar,0.2558505160746848,cc,0.30725229243599483,0.05169548842326813,0.205930996963182,0.40857358790880766,1
1568,2500,ccmar,0.2558505160746848,cc_ccproj,0.3072522924359947,0.05169548842326813,0.2059309969631819,0.40857358790880755,1
1568,2500,ccmar,0.2558505160746848,seq,0.3049190748007372,0.0517139147877275,0.203561664317218,0.4062764852842564,1
1569,2500,ccmar,0.2558505160746848,full,0.23584005183119106,0.00930278880991977,0.21760692080796606,0.25407318285441605,0
1569,2500,ccmar,0.2558505160746848,cc,0.24020358801662278,0.012729272740304836,0.21525467189623781,0.26515250413700775,1
1569,2500,ccmar,0.2558505160746848,cc_ccproj,0.24020358801662287,0.012729272740304838,0.2152546718962379,0.2651525041370078,1
1569,2500,ccmar,0.2558505160746848,seq,0.24381496561171553,0.012102565585819278,0.22009437294297585,0.2675355582804552,1
1570,2500,ccmar,0.2558505160746848,full,0.2505443380788911,0.009539098143713332,0.23184804927222008,0.2692406268855621,1
1570,2500,ccmar,0.2558505160746848,cc,0.2493305596367902,0.01743050745610632,0.21516739279056496,0.28349372648301546,1
1570,2500,ccmar,0.2558505160746848,cc_ccproj,0.24933055963679016,0.017430507456106328,0.21516739279056488,0.2834937264830154,1
1570,2500,ccmar,0.2558505160746848,seq,0.25136843966869676,0.016741731146939984,0.21855524958184194,0.2841816297555516,1
1571,2500,ccmar,0.2558505160746848,full,0.2631743321797641,0.010652102470020025,0.24229659497889472,0.2840520693806335,1
1571,2500,ccmar,0.2558505160746848,cc,0.2495605562402905,0.016229891026574107,0.21775055435519544,0.2813705581253856,1
1571,2500,ccmar,0.2558505160746848,cc_ccproj,0.24956055624029064,0.0162298910265741,0.21775055435519558,0.2813705581253857,1
1571,2500,ccmar,0.2558505160746848,seq,0.25080512670894894,0.016080578364229558,0.21928777226448498,0.2823224811534129,1
1572,2500,ccmar,0.2558505160746848,full,0.2568911778722759,0.009665423546773324,0.2379472958252748,0.275835059919277,1
1572,2500,ccmar,0.2558505160746848,cc,0.2563477770270605,0.014549369360422337,0.2278315370828622,0.28486401697125885,1
1572,2500,ccmar,0.2558505160746848,cc_ccproj,0.25634777702706035,0.014549369360422337,0.22783153708286202,0.2848640169712587,1
1572,2500,ccmar,0.2558505160746848,seq,0.2595799480910383,0.014133671229104876,0.23187846151266278,0.2872814346694138,1
1573,2500,ccmar,0.2558505160746848,full,0.2608950173713562,0.01113157068284435,0.2390775397416193,0.282712495001093,1
1573,2500,ccmar,0.2558505160746848,cc,0.24765717078359312,0.011762981584163152,0.22460215052782542,0.2707121910393608,1
1573,2500,ccmar,0.2558505160746848,cc_ccproj,0.24765717078359295,0.011762981584163152,0.22460215052782526,0.2707121910393606,1
1573,2500,ccmar,0.2558505160746848,seq,0.24716489102110742,0.011279334878453062,0.22505780088977295,0.2692719811524419,1
1574,2500,ccmar,0.2558505160746848,full,0.265158723379591,0.009996761927629598,0.24556543003941578,0.28475201671976624,1
1574,2500,ccmar,0.2558505160746848,cc,0.26961220314320444,0.013700835255451451,0.24275905948440296,0.2964653468020059,1
1574,2500,ccmar,0.2558505160746848,cc_ccproj,0.26961220314320455,0.013700835255451455,0.24275905948440307,0.29646534680200604,1
1574,2500,ccmar,0.2558505160746848,seq,0.27025604099077766,0.01344672777307589,0.24390093884563444,0.2966111431359209,1
1575,2500,ccmar,0.2558505160746848,full,0.24224317542160817,0.010096795265261263,0.22245382034242156,0.2620325305007948,1
1575,2500,ccmar,0.2558505160746848,cc,0.25898770214721273,0.012925417726071966,0.23365434891897607,0.2843210553754494,1
1575,2500,ccmar,0.2558505160746848,cc_ccproj,0.2589877021472128,0.01292541772607198,0.2336543489189761,0.2843210553754495,1
1575,2500,ccmar,0.2558505160746848,seq,0.25455933853607715,0.01251278243993835,0.23003473560741278,0.2790839414647415,1
1576,2500,ccmar,0.2558505160746848,full,0.2576463532985962,0.009218116207095037,0.23957917752738495,0.27571352906980745,1
1576,2500,ccmar,0.2558505160746848,cc,0.25219035045278126,0.01602291472176579,0.2207860146707637,0.28359468623479883,1
1576,2500,ccmar,0.2558505160746848,cc_ccproj,0.25219035045278115,0.016022914721765782,0.2207860146707636,0.2835946862347987,1
1576,2500,ccmar,0.2558505160746848,seq,0.25498169016058453,0.015382705888674988,0.22483214063400936,0.2851312396871597,1
1577,2500,ccmar,0.2558505160746848,full,0.2578327224300656,0.010327029153923448,0.2375921172210805,0.27807332763905074,1
1577,2500,ccmar,0.2558505160746848,cc,0.28036894917305083,0.02103751455384098,0.2391361783232853,0.3216017200228164,1
1577,2500,ccmar,0.2558505160746848,cc_ccproj,0.2803689491730508,0.021037514553840973,0.23913617832328524,0.3216017200228163,1
1577,2500,ccmar,0.2558505160746848,seq,0.28012073461785575,0.020535013895655586,0.23987284696034125,0.3203686222753702,1
1578,2500,ccmar,0.2558505160746848,full,0.25826670210328956,0.011671305646519206,0.23539136338355293,0.2811420408230262,1
1578,2500,ccmar,0.2558505160746848,cc,0.2522483962718533,0.015763645993520186,0.22135221785951462,0.28314457468419196,1
1578,2500,ccmar,0.2558505160746848,cc_ccproj,0.25224839627185336,0.015763645993520186,0.22135221785951467,0.283144574684192,1
1578,2500,ccmar,0.2558505160746848,seq,0.25457662897066896,0.015556433045534657,0.2240865804735123,0.28506667746782566,1
1579,2500,ccmar,0.2558505160746848,full,0.2710547200711239,0.011184566032239525,0.24913337346522438,0.2929760666770234,1
1579,2500,ccmar,0.2558505160746848,cc,0.2951240669902216,0.01782638117778308,0.26018500190708405,0.33006313207335913,0
1579,2500,ccmar,0.2558505160746848,cc_ccproj,0.29512406699022165,0.01782638117778308,0.2601850019070841,0.3300631320733592,0
1579,2500,ccmar,0.2558505160746848,seq,0.30068226490062405,0.01758634454457588,0.2662136629735429,0.33515086682770523,0
1580,2500,ccmar,0.2558505160746848,full,0.2690761462278999,0.011380698027172184,0.24677038797571635,0.2913819044800834,1
1580,2500,ccmar,0.2558505160746848,cc,0.30174239739608927,0.034622980869481575,0.23388260185448612,0.3696021929376924,1
1580,2500,ccmar,0.2558505160746848,cc_ccproj,0.301742397396089,0.034622980869481575,0.23388260185448584,0.36960219293769214,1
1580,2500,ccmar,0.2558505160746848,seq,0.30480245158420677,0.03469403843930354,0.2368033857649236,0.37280151740348993,1
1581,2500,ccmar,0.2558505160746848,full,0.26652472609891037,0.01070099367522244,0.24555116389668347,0.2874982883011373,1
1581,2500,ccmar,0.2558505160746848,cc,0.25774990593470887,0.018910879299292818,0.22068526359211088,0.29481454827730685,1
1581,2500,ccmar,0.2558505160746848,cc_ccproj,0.2577499059347088,0.018910879299292815,0.22068526359211083,0.2948145482773068,1
1581,2500,ccmar,0.2558505160746848,seq,0.25707846132865025,0.01898361447214352,0.2198712606668556,0.2942856619904449,1
1582,2500,ccmar,0.2558505160746848,full,0.2476192967703094,0.010442377683765094,0.22715261259716502,0.26808598094345376,1
1582,2500,ccmar,0.2558505160746848,cc,0.255446431290269,0.013596422671110138,0.22879793253630926,0.28209493004422875,1
1582,2500,ccmar,0.2558505160746848,cc_ccproj,0.25544643129026884,0.013596422671110138,0.2287979325363091,0.2820949300442286,1
1582,2500,ccmar,0.2558505160746848,seq,0.25643265453898273,0.013037956204942245,0.2308787299452854,0.28198657913268005,1
1583,2500,ccmar,0.2558505160746848,full,0.26188854448836885,0.010879252227582167,0.24056560194358065,0.28321148703315707,1
1583,2500,ccmar,0.2558505160746848,cc,0.23846340006370956,0.02164902761958516,0.19603208562900976,0.28089471449840936,1
1583,2500,ccmar,0.2558505160746848,cc_ccproj,0.2384634000637097,0.021649027619585145,0.19603208562900992,0.28089471449840947,1
1583,2500,ccmar,0.2558505160746848,seq,0.24064830041341612,0.020516411778654774,0.2004368722352594,0.2808597285915728,1
1584,2500,ccmar,0.2558505160746848,full,0.26437129956430844,0.011015450164943945,0.2427814139675225,0.28596118516109437,1
1584,2500,ccmar,0.2558505160746848,cc,0.281941755823896,0.02557116138962774,0.23182320045736446,0.33206031119042756,1
1584,2500,ccmar,0.2558505160746848,cc_ccproj,0.2819417558238962,0.02557116138962774,0.23182320045736463,0.3320603111904278,1
1584,2500,ccmar,0.2558505160746848,seq,0.28269390617114976,0.02533702084228311,0.23303425784473417,0.3323535544975654,1
1585,2500,ccmar,0.2558505160746848,full,0.25810479187871577,0.011790273079227706,0.2349962812755373,0.28121330248189425,1
1585,2500,ccmar,0.2558505160746848,cc,0.27016831196684055,0.015432608215276988,0.2399209556773807,0.3004156682563004,1
1585,2500,ccmar,0.2558505160746848,cc_ccproj,0.27016831196684055,0.015432608215276976,0.2399209556773807,0.3004156682563004,1
1585,2500,ccmar,0.2558505160746848,seq,0.27354990082089436,0.015485194799562554,0.24319947672016481,0.3039003249216239,1
1586,2500,ccmar,0.2558505160746848,full,0.2700475899925494,0.011522581683680151,0.24746374488361542,0.29263143510148343,1
1586,2500,ccmar,0.2558505160746848,cc,0.257274717650335,0.013305482033526718,0.23119645206767786,0.28335298323299213,1
1586,2500,ccmar,0.2558505160746848,cc_ccproj,0.25727471765033505,0.013305482033526723,0.23119645206767792,0.2833529832329922,1
1586,2500,ccmar,0.2558505160746848,seq,0.25982639776213234,0.012801861276273831,0.23473521072555767,0.28491758479870705,1
1587,2500,ccmar,0.2558505160746848,full,0.25778044175396847,0.010053739542493887,0.23807547434073426,0.2774854091672027,1
1587,2500,ccmar,0.2558505160746848,cc,0.2422574051384571,0.015432313567176123,0.21201062634866305,0.27250418392825115,1
1587,2500,ccmar,0.2558505160746848,cc_ccproj,0.24225740513845703,0.015432313567176132,0.21201062634866297,0.2725041839282511,1
1587,2500,ccmar,0.2558505160746848,seq,0.2443556504205648,0.015430784578384666,0.21411186839373478,0.2745994324473948,1
1588,2500,ccmar,0.2558505160746848,full,0.2416658712113338,0.013612575809372198,0.2149857128881431,0.26834602953452447,1
1588,2500,ccmar,0.2558505160746848,cc,0.2411966629386456,0.011786931997098045,0.21809470073611067,0.2642986251411806,1
1588,2500,ccmar,0.2558505160746848,cc_ccproj,0.24119666293864547,0.011786931997098056,0.2180947007361105,0.2642986251411804,1
1588,2500,ccmar,0.2558505160746848,seq,0.2401398879739426,0.011438432392378383,0.21772097244528463,0.2625588035026005,1
1589,2500,ccmar,0.2558505160746848,full,0.256769950883201,0.009397689624590836,0.2383508176811172,0.27518908408528475,1
1589,2500,ccmar,0.2558505160746848,cc,0.2631694888177033,0.01285427149192273,0.2379755796460348,0.28836339798937183,1
1589,2500,ccmar,0.2558505160746848,cc_ccproj,0.26316948881770313,0.01285427149192273,0.23797557964603464,0.2883633979893716,1
1589,2500,ccmar,0.2558505160746848,seq,0.25319552455888017,0.012617991087379783,0.2284647164703684,0.2779263326473919,1
1590,2500,ccmar,0.2558505160746848,full,0.2389475474305621,0.009383960316419193,0.2205553231780274,0.2573397716830968,1
1590,2500,ccmar,0.2558505160746848,cc,0.2442520923495332,0.017890082171535926,0.20918817561286068,0.27931600908620574,1
1590,2500,ccmar,0.2558505160746848,cc_ccproj,0.24425209234953335,0.01789008217153591,0.20918817561286085,0.27931600908620585,1
1590,2500,ccmar,0.2558505160746848,seq,0.24277674074462535,0.017165977945407057,0.20913204221221865,0.27642143927703205,1
1591,2500,ccmar,0.2558505160746848,full,0.26476170299224244,0.008759227343026635,0.24759393286751177,0.28192947311697314,1
1591,2500,ccmar,0.2558505160746848,cc,0.25873843918765976,0.0124450076798794,0.23434667234777176,0.2831302060275478,1
1591,2500,ccmar,0.2558505160746848,cc_ccproj,0.2587384391876598,0.012445007679879416,0.2343466723477718,0.28313020602754785,1
1591,2500,ccmar,0.2558505160746848,seq,0.2545825300156442,0.011435140413914373,0.23217006664621356,0.27699499338507483,1
1592,2500,ccmar,0.2558505160746848,full,0.2624368002839994,0.01020822119446946,0.24242905439662082,0.282444546171378,1
1592,2500,ccmar,0.2558505160746848,cc,0.25018069214716654,0.013038200192094309,0.22462628934743847,0.2757350949468946,1
1592,2500,ccmar,0.2558505160746848,cc_ccproj,0.2501806921471666,0.01303820019209431,0.22462628934743853,0.27573509494689463,1
1592,2500,ccmar,0.2558505160746848,seq,0.2462759310009541,0.01274984713084537,0.22128668981610583,0.2712651721858024,1
1593,2500,ccmar,0.2558505160746848,full,0.2409644206811307,0.011482481092136874,0.21845917128738027,0.2634696700748811,1
1593,2500,ccmar,0.2558505160746848,cc,0.25220792060537534,0.019650666670655487,0.21369332165868898,0.2907225195520617,1
1593,2500,ccmar,0.2558505160746848,cc_ccproj,0.2522079206053753,0.019650666670655487,0.21369332165868893,0.29072251955206163,1
1593,2500,ccmar,0.2558505160746848,seq,0.2528255855236082,0.019539685400323595,0.21452850586973082,0.29112266517748553,1
1594,2500,ccmar,0.2558505160746848,full,0.26047900860021883,0.00905179603916707,0.24273781436804906,0.2782202028323886,1
1594,2500,ccmar,0.2558505160746848,cc,0.25673909390923616,0.013217935499147924,0.23083241638093277,0.28264577143753955,1
1594,2500,ccmar,0.2558505160746848,cc_ccproj,0.25673909390923627,0.013217935499147921,0.23083241638093288,0.28264577143753966,1
1594,2500,ccmar,0.2558505160746848,seq,0.25053662743029526,0.012620989478284841,0.225799942603598,0.27527331225699253,1
1595,2500,ccmar,0.2558505160746848,full,0.23867264943120436,0.009105758323105811,0.22082569106599115,0.2565196077964176,1
1595,2500,ccmar,0.2558505160746848,cc,0.22663216517020565,0.017488636539434572,0.1923550674142027,0.26090926292620864,1
1595,2500,ccmar,0.2558505160746848,cc_ccproj,0.22663216517020573,0.01748863653943455,0.1923550674142028,0.26090926292620864,1
1595,2500,ccmar,0.2558505160746848,seq,0.23181600638149522,0.016786507197328687,0.19891505684850858,0.26471695591448186,1
1596,2500,ccmar,0.2558505160746848,full,0.254323063604188,0.01136204403148799,0.23205386651171325,0.2765922606966627,1
1596,2500,ccmar,0.2558505160746848,cc,0.28839821697648105,0.028598643314898083,0.2323459060725736,0.3444505278803885,1
1596,2500,ccmar,0.2558505160746848,cc_ccproj,0.28839821697648105,0.028598643314898094,0.2323459060725736,0.3444505278803885,1
1596,2500,ccmar,0.2558505160746848,seq,0.2879705018187307,0.028477086822264394,0.2321564372624723,0.34378456637498905,1
1597,2500,ccmar,0.2558505160746848,full,0.24711656909858393,0.011454401351103087,0.22466635498595494,0.2695667832112129,1
1597,2500,ccmar,0.2558505160746848,cc,0.2444165281696606,0.015436991997451265,0.2141605798250231,0.2746724765142981,1
1597,2500,ccmar,0.2558505160746848,cc_ccproj,0.24441652816966047,0.01543699199745127,0.21416057982502296,0.274672476514298,1
1597,2500,ccmar,0.2558505160746848,seq,0.24599247395570173,0.015099097189680026,0.21639878726485892,0.2755861606465445,1
1598,2500,ccmar,0.2558505160746848,full,0.25669586649565246,0.01016086140457813,0.23678094409077627,0.27661078890052865,1
1598,2500,ccmar,0.2558505160746848,cc,0.26261204482022765,0.022056976245028427,0.21938116577211642,0.3058429238683389,1
1598,2500,ccmar,0.2558505160746848,cc_ccproj,0.2626120448202275,0.022056976245028444,0.21938116577211622,0.3058429238683388,1
1598,2500,ccmar,0.2558505160746848,seq,0.26624091491010526,0.021806931627972446,0.22350011430595185,0.3089817155142587,1
1599,2500,ccmar,0.2558505160746848,full,0.2511093160014374,0.009616116373078682,0.23226207423905723,0.26995655776381755,1
1599,2500,ccmar,0.2558505160746848,cc,0.2516999904831947,0.015549383134121752,0.22122375955850151,0.2821762214078879,1
1599,2500,ccmar,0.2558505160746848,cc_ccproj,0.2516999904831945,0.015549383134121743,0.22122375955850135,0.2821762214078877,1
1599,2500,ccmar,0.2558505160746848,seq,0.2537673988575564,0.015015565047411084,0.2243374321571122,0.28319736555800057,1
1600,2500,ccmar,0.2558505160746848,full,0.25638871141082137,0.010392797576251833,0.2360192024627526,0.27675822035889014,1
1600,2500,ccmar,0.2558505160746848,cc,0.2543733965409348,0.01921099018078073,0.21672054767925197,0.2920262454026177,1
1600,2500,ccmar,0.2558505160746848,cc_ccproj,0.2543733965409347,0.019210990180780728,0.21672054767925186,0.29202624540261757,1
1600,2500,ccmar,0.2558505160746848,seq,0.2520064091169574,0.01855500326205679,0.21563927099030283,0.2883735472436119,1
1601,2500,ccmar,0.2558505160746848,full,0.2591797108130063,0.011527991925039447,0.2365852618258604,0.2817741598001522,1
1601,2500,ccmar,0.2558505160746848,cc,0.220908269725367,0.013210734191621627,0.19501570650045674,0.24680083295027727,0
1601,2500,ccmar,0.2558505160746848,cc_ccproj,0.22090826972536684,0.013210734191621635,0.19501570650045658,0.2468008329502771,0
1601,2500,ccmar,0.2558505160746848,seq,0.22559848720174255,0.01233586336785245,0.20142063928254478,0.24977633512094033,0
1602,2500,ccmar,0.2558505160746848,full,0.28095862445795344,0.009914645490833431,0.2615262763764375,0.3003909725394694,0
1602,2500,ccmar,0.2558505160746848,cc,0.27607971222655964,0.023080911736832563,0.23084195649202,0.3213174679610993,1
1602,2500,ccmar,0.2558505160746848,cc_ccproj,0.2760797122265597,0.02308091173683256,0.23084195649202005,0.32131746796109933,1
1602,2500,ccmar,0.2558505160746848,seq,0.27518589092467044,0.022711505385281945,0.23067215833483035,0.31969962351451053,1
1603,2500,ccmar,0.2558505160746848,full,0.24474121283033887,0.00974695253484619,0.22563753690301894,0.26384488875765877,1
1603,2500,ccmar,0.2558505160746848,cc,0.24326370156816993,0.017601592414374798,0.2087652143654419,0.2777621887708979,1
1603,2500,ccmar,0.2558505160746848,cc_ccproj,0.24326370156817,0.017601592414374798,0.208765214365442,0.27776218877089803,1
1603,2500,ccmar,0.2558505160746848,seq,0.2396810306239441,0.01721324019900186,0.20594369977666338,0.27341836147122484,1
1604,2500,ccmar,0.2558505160746848,full,0.2541122876040124,0.009195856668228112,0.2360887397272928,0.272135835480732,1
1604,2500,ccmar,0.2558505160746848,cc,0.24270203862630532,0.016254515339251187,0.21084377397521914,0.2745603032773915,1
1604,2500,ccmar,0.2558505160746848,cc_ccproj,0.24270203862630516,0.016254515339251187,0.21084377397521897,0.27456030327739134,1
1604,2500,ccmar,0.2558505160746848,seq,0.24255167644220738,0.015731384416525374,0.21171872955886298,0.27338462332555175,1
1605,2500,ccmar,0.2558505160746848,full,0.2768049534784664,0.010770448605810225,0.2556952621137387,0.2979146448431941,1
1605,2500,ccmar,0.2558505160746848,cc,0.2871175612227102,0.017780375985957983,0.2522686646586517,0.3219664577867687,1
1605,2500,ccmar,0.2558505160746848,cc_ccproj,0.28711756122271026,0.017780375985957993,0.2522686646586517,0.3219664577867688,1
1605,2500,ccmar,0.2558505160746848,seq,0.2850557202195843,0.01769050776797252,0.2503829621261321,0.3197284783130365,1
1606,2500,ccmar,0.2558505160746848,full,0.2554974524810862,0.011778436989762074,0.23241214018697814,0.2785827647751942,1
1606,2500,ccmar,0.2558505160746848,cc,0.25397193682665303,0.02088142585873222,0.21304509419769452,0.29489877945561155,1
1606,2500,ccmar,0.2558505160746848,cc_ccproj,0.2539719368266532,0.02088142585873219,0.21304509419769474,0.29489877945561166,1
1606,2500,ccmar,0.2558505160746848,seq,0.2599664415857944,0.0199301457896054,0.22090407363153522,0.2990288095400536,1
1607,2500,ccmar,0.2558505160746848,full,0.2376370879252876,0.014372780014364366,0.20946695673941634,0.26580721911115884,1
1607,2500,ccmar,0.2558505160746848,cc,0.2534064983674197,0.022051248547110772,0.21018684540094137,0.29662615133389797,1
1607,2500,ccmar,0.2558505160746848,cc_ccproj,0.2534064983674194,0.022051248547110772,0.2101868454009411,0.2966261513338977,1
1607,2500,ccmar,0.2558505160746848,seq,0.24976890581098804,0.021888594808103706,0.20686804831491434,0.29266976330706174,1
1608,2500,ccmar,0.2558505160746848,full,0.25366634678839767,0.008628060945228487,0.23675565807933321,0.2705770354974621,1
1608,2500,ccmar,0.2558505160746848,cc,0.2684643656459381,0.01667835962591862,0.2357753814579307,0.30115334983394554,1
1608,2500,ccmar,0.2558505160746848,cc_ccproj,0.2684643656459381,0.01667835962591861,0.23577538145793073,0.30115334983394554,1
1608,2500,ccmar,0.2558505160746848,seq,0.2630151404777675,0.01610516458232542,0.23144959793131958,0.29458068302421536,1
1609,2500,ccmar,0.2558505160746848,full,0.2688259103343967,0.010027967356001343,0.2491714554784907,0.2884803651903027,1
1609,2500,ccmar,0.2558505160746848,cc,0.26627115744566365,0.01949938459972962,0.22805306590949861,0.3044892489818287,1
1609,2500,ccmar,0.2558505160746848,cc_ccproj,0.26627115744566354,0.01949938459972963,0.22805306590949848,0.3044892489818286,1
1609,2500,ccmar,0.2558505160746848,seq,0.2695128805990514,0.01871826475194152,0.23282575583216042,0.30620000536594233,1
1610,2500,ccmar,0.2558505160746848,full,0.24926909470258107,0.009607493454879577,0.2304387535493128,0.26809943585584933,1
1610,2500,ccmar,0.2558505160746848,cc,0.2512531344205434,0.011474087983119115,0.22876433521818612,0.2737419336229007,1
1610,2500,ccmar,0.2558505160746848,cc_ccproj,0.2512531344205433,0.011474087983119113,0.228764335218186,0.2737419336229006,1
1610,2500,ccmar,0.2558505160746848,seq,0.25208488718648897,0.011195293437470433,0.2301425152526893,0.27402725912028864,1
1611,2500,ccmar,0.2558505160746848,full,0.24342913030927443,0.010145450386577626,0.2235444129446443,0.26331384767390453,1
1611,2500,ccmar,0.2558505160746848,cc,0.24452999554311292,0.01922329042785464,0.20685303864016424,0.2822069524460616,1
1611,2500,ccmar,0.2558505160746848,cc_ccproj,0.244529995543113,0.01922329042785461,0.2068530386401644,0.2822069524460616,1
1611,2500,ccmar,0.2558505160746848,seq,0.24789330183116687,0.018096482146993213,0.2124248485761881,0.28336175508614564,1
1612,2500,ccmar,0.2558505160746848,full,0.2606411007884483,0.009801547549921881,0.24143042059784464,0.279851780979052,1
1612,2500,ccmar,0.2558505160746848,cc,0.2585764461538309,0.012267009943725832,0.23453354846613356,0.28261934384152826,1
1612,2500,ccmar,0.2558505160746848,cc_ccproj,0.2585764461538308,0.012267009943725826,0.23453354846613347,0.28261934384152815,1
1612,2500,ccmar,0.2558505160746848,seq,0.25836269716681975,0.011761785531576025,0.23531002113104646,0.2814153732025931,1
1613,2500,ccmar,0.2558505160746848,full,0.2503183910334585,0.01023594434626423,0.23025630876702421,0.2703804732998928,1
1613,2500,ccmar,0.2558505160746848,cc,0.24817405591465103,0.022053886221071895,0.20494923320220595,0.29139887862709607,1
1613,2500,ccmar,0.2558505160746848,cc_ccproj,0.2481740559146508,0.022053886221071885,0.20494923320220576,0.29139887862709585,1
1613,2500,ccmar,0.2558505160746848,seq,0.247970688990202,0.02082917420490485,0.20714625772087777,0.2887951202595262,1
1614,2500,ccmar,0.2558505160746848,full,0.2757306530831036,0.011551235658018483,0.2530906472164526,0.2983706589497547,1
1614,2500,ccmar,0.2558505160746848,cc,0.2529670266026359,0.02109390169915556,0.21162373897886277,0.2943103142264091,1
1614,2500,ccmar,0.2558505160746848,cc_ccproj,0.2529670266026358,0.02109390169915553,0.21162373897886272,0.2943103142264089,1
1614,2500,ccmar,0.2558505160746848,seq,0.25743972834439016,0.020057745464869922,0.21812726962217352,0.29675218706660683,1
1615,2500,ccmar,0.2558505160746848,full,0.2618872635499342,0.00990175138453372,0.24248018745237848,0.2812943396474899,1
1615,2500,ccmar,0.2558505160746848,cc,0.26174905078136246,0.016788541359322885,0.2288441143641285,0.2946539871985964,1
1615,2500,ccmar,0.2558505160746848,cc_ccproj,0.26174905078136246,0.016788541359322878,0.2288441143641285,0.2946539871985964,1
1615,2500,ccmar,0.2558505160746848,seq,0.26162262934141955,0.016246174626730336,0.22978071218647964,0.29346454649635945,1
1616,2500,ccmar,0.2558505160746848,full,0.2395211599020925,0.010424628623778869,0.21908926324728056,0.2599530565569044,1
1616,2500,ccmar,0.2558505160746848,cc,0.2541981333063055,0.013570335352592292,0.22760076475709393,0.28079550185551705,1
1616,2500,ccmar,0.2558505160746848,cc_ccproj,0.2541981333063055,0.013570335352592298,0.2276007647570939,0.28079550185551705,1
1616,2500,ccmar,0.2558505160746848,seq,0.2554112502031977,0.013327789752093233,0.22928926229557295,0.2815332381108225,1
1617,2500,ccmar,0.2558505160746848,full,0.2518523929424949,0.009612562606040471,0.23301211643551908,0.2706926694494707,1
1617,2500,ccmar,0.2558505160746848,cc,0.24488023520737642,0.012850108849714846,0.2196944846645159,0.27006598575023694,1
1617,2500,ccmar,0.2558505160746848,cc_ccproj,0.2448802352073767,0.012850108849714846,0.2196944846645162,0.2700659857502372,1
1617,2500,ccmar,0.2558505160746848,seq,0.24492282685449146,0.012408349252891167,0.2206029092112303,0.26924274449775265,1
1618,2500,ccmar,0.2558505160746848,full,0.24135235541110606,0.009654100413893295,0.22243066629674196,0.26027404452547015,1
1618,2500,ccmar,0.2558505160746848,cc,0.23617991666851226,0.0148043194763433,0.20716398367925454,0.26519584965777,1
1618,2500,ccmar,0.2558505160746848,cc_ccproj,0.23617991666851212,0.014804319476343308,0.20716398367925437,0.2651958496577699,1
1618,2500,ccmar,0.2558505160746848,seq,0.2356000367301538,0.014115492796490537,0.2079341792249978,0.2632658942353098,1
1619,2500,ccmar,0.2558505160746848,full,0.24423839136430425,0.010101057691638198,0.22444068208293208,0.2640361006456764,1
1619,2500,ccmar,0.2558505160746848,cc,0.2515606042456123,0.020504619335185225,0.21137228883194562,0.29174891965927896,1
1619,2500,ccmar,0.2558505160746848,cc_ccproj,0.2515606042456122,0.020504619335185225,0.21137228883194556,0.2917489196592789,1
1619,2500,ccmar,0.2558505160746848,seq,0.2517371293530312,0.019702913211510426,0.21312012906795236,0.2903541296381101,1
1620,2500,ccmar,0.2558505160746848,full,0.25829975531056637,0.010416455456905609,0.23788387776846567,0.2787156328526671,1
1620,2500,ccmar,0.2558505160746848,cc,0.2645197030089249,0.014542602879353474,0.2360167251239236,0.2930226808939262,1
1620,2500,ccmar,0.2558505160746848,cc_ccproj,0.2645197030089248,0.014542602879353486,0.23601672512392347,0.29302268089392614,1
1620,2500,ccmar,0.2558505160746848,seq,0.2658808482416724,0.01440753017704078,0.23764260798849848,0.2941190884948463,1
1621,2500,ccmar,0.2558505160746848,full,0.2659456305253754,0.010088129432220132,0.24617326016684543,0.28571800088390537,1
1621,2500,ccmar,0.2558505160746848,cc,0.2728097056622847,0.017548944285642822,0.23841440689572477,0.3072050044288446,1
1621,2500,ccmar,0.2558505160746848,cc_ccproj,0.2728097056622846,0.017548944285642826,0.23841440689572466,0.3072050044288445,1
1621,2500,ccmar,0.2558505160746848,seq,0.2755992765984937,0.017293373684384158,0.24170488700590803,0.3094936661910794,1
1622,2500,ccmar,0.2558505160746848,full,0.24933097764442913,0.012361109780308617,0.22510364766607843,0.27355830762277983,1
1622,2500,ccmar,0.2558505160746848,cc,0.29510343672565414,0.03419460549501139,0.2280832414898764,0.3621236319614319,1
1622,2500,ccmar,0.2558505160746848,cc_ccproj,0.295103436725654,0.03419460549501138,0.22808324148987624,0.3621236319614317,1
1622,2500,ccmar,0.2558505160746848,seq,0.30033186953818714,0.03368056287590615,0.23431917932237428,0.366344559754,1
1623,2500,ccmar,0.2558505160746848,full,0.2543573570697158,0.01022999646687919,0.2343069324326606,0.274407781706771,1
1623,2500,ccmar,0.2558505160746848,cc,0.25463369674993175,0.012654359728746109,0.22983160743417533,0.2794357860656882,1
1623,2500,ccmar,0.2558505160746848,cc_ccproj,0.25463369674993175,0.012654359728746106,0.22983160743417533,0.27943578606568814,1
1623,2500,ccmar,0.2558505160746848,seq,0.2525932447435909,0.012102101055463544,0.22887356253761817,0.2763129269495636,1
1624,2500,ccmar,0.2558505160746848,full,0.25322018778815497,0.009976048769697828,0.2336674914915321,0.27277288408477784,1
1624,2500,ccmar,0.2558505160746848,cc,0.2270883739784478,0.022133276890613604,0.18370794841299248,0.2704687995439031,1
1624,2500,ccmar,0.2558505160746848,cc_ccproj,0.22708837397844792,0.022133276890613587,0.18370794841299262,0.27046879954390324,1
1624,2500,ccmar,0.2558505160746848,seq,0.23433070211551857,0.021308930958632198,0.1925659648875489,0.27609543934348824,1
1625,2500,ccmar,0.2558505160746848,full,0.2526168288375767,0.011220792205652315,0.2306244802364904,0.274609177438663,1
1625,2500,ccmar,0.2558505160746848,cc,0.2216101267018944,0.012075822349448519,0.19794194981327143,0.24527830359051736,0
1625,2500,ccmar,0.2558505160746848,cc_ccproj,0.22161012670189428,0.012075822349448522,0.19794194981327132,0.24527830359051725,0
1625,2500,ccmar,0.2558505160746848,seq,0.226902166766111,0.011631351432649858,0.2041051368665889,0.2496991966656331,0
1626,2500,ccmar,0.2558505160746848,full,0.2750265754683424,0.011965122308208205,0.25157536667363756,0.2984777842630473,1
1626,2500,ccmar,0.2558505160746848,cc,0.29321601176514395,0.03211563619570947,0.23027052148096244,0.35616150204932545,1
1626,2500,ccmar,0.2558505160746848,cc_ccproj,0.2932160117651437,0.03211563619570948,0.2302705214809622,0.3561615020493253,1
1626,2500,ccmar,0.2558505160746848,seq,0.2988501189453451,0.03198074812867226,0.23616900441450073,0.36153123347618943,1
1627,2500,ccmar,0.2558505160746848,full,0.24023283770626921,0.009881874916032757,0.22086471877111524,0.2596009566414232,1
1627,2500,ccmar,0.2558505160746848,cc,0.23458640082295515,0.01635461110045994,0.2025319520848947,0.26664084956101564,1
1627,2500,ccmar,0.2558505160746848,cc_ccproj,0.23458640082295495,0.01635461110045995,0.20253195208489447,0.2666408495610154,1
1627,2500,ccmar,0.2558505160746848,seq,0.23511266375344275,0.01585445855797491,0.20403849598542909,0.2661868315214564,1
1628,2500,ccmar,0.2558505160746848,full,0.25855050971078214,0.008801628823468372,0.24129963421149447,0.2758013852100698,1
1628,2500,ccmar,0.2558505160746848,cc,0.25893282118622535,0.01221453859118964,0.23499276545971903,0.28287287691273166,1
1628,2500,ccmar,0.2558505160746848,cc_ccproj,0.2589328211862252,0.012214538591189645,0.23499276545971887,0.2828728769127315,1
1628,2500,ccmar,0.2558505160746848,seq,0.2608526185290309,0.011811083778062434,0.23770331970564326,0.28400191735241853,1
1629,2500,ccmar,0.2558505160746848,full,0.2462728776177236,0.008415820423304016,0.2297781726876911,0.2627675825477561,1
1629,2500,ccmar,0.2558505160746848,cc,0.2295720155169457,0.011699025170996542,0.20664234752756494,0.25250168350632646,0
1629,2500,ccmar,0.2558505160746848,cc_ccproj,0.2295720155169457,0.011699025170996542,0.20664234752756494,0.25250168350632646,0
1629,2500,ccmar,0.2558505160746848,seq,0.23382128592350404,0.011342835597833625,0.2115897366691913,0.2560528351778168,1
1630,2500,ccmar,0.2558505160746848,full,0.24167282656631778,0.011036941010670646,0.22004081968591022,0.26330483344672534,1
1630,2500,ccmar,0.2558505160746848,cc,0.24929371581230822,0.015560667675771814,0.21879536759239887,0.27979206403221757,1
1630,2500,ccmar,0.2558505160746848,cc_ccproj,0.24929371581230822,0.015560667675771807,0.2187953675923989,0.27979206403221757,1
1630,2500,ccmar,0.2558505160746848,seq,0.24995049297473979,0.01537030837333748,0.21982524213172389,0.2800757438177557,1
1631,2500,ccmar,0.2558505160746848,full,0.25436661773432057,0.012423549350016263,0.2300169084481327,0.2787163270205084,1
1631,2500,ccmar,0.2558505160746848,cc,0.2677148325368566,0.02228186002396041,0.2240431893813314,0.31138647569238176,1
1631,2500,ccmar,0.2558505160746848,cc_ccproj,0.26771483253685646,0.022281860023960393,0.2240431893813313,0.31138647569238165,1
1631,2500,ccmar,0.2558505160746848,seq,0.2646877844576231,0.022086262310973465,0.22139950577501072,0.30797606314023546,1
1632,2500,ccmar,0.2558505160746848,full,0.24785113986949744,0.009898678722389403,0.22845008607908127,0.26725219365991365,1
1632,2500,ccmar,0.2558505160746848,cc,0.2679434781272748,0.014591015874645927,0.2393456125151166,0.296541343739433,1
1632,2500,ccmar,0.2558505160746848,cc_ccproj,0.2679434781272748,0.014591015874645926,0.2393456125151166,0.296541343739433,1
1632,2500,ccmar,0.2558505160746848,seq,0.2653634493951163,0.014481736210104002,0.23697976798970288,0.2937471308005297,1
1633,2500,ccmar,0.2558505160746848,full,0.25375023434512073,0.010339849778792536,0.2334845011731329,0.27401596751710855,1
1633,2500,ccmar,0.2558505160746848,cc,0.23844754617094585,0.015302867953505392,0.20845447612190313,0.2684406162199886,1
1633,2500,ccmar,0.2558505160746848,cc_ccproj,0.23844754617094596,0.015302867953505389,0.20845447612190324,0.2684406162199887,1
1633,2500,ccmar,0.2558505160746848,seq,0.2438021838591464,0.014628642302022982,0.21513057180446224,0.27247379591383053,1
1634,2500,ccmar,0.2558505160746848,full,0.2796738344365617,0.012048888927183796,0.256058446085558,0.30328922278756537,0
1634,2500,ccmar,0.2558505160746848,cc,0.29192080116960506,0.01815490976691285,0.25633783188388143,0.3275037704553287,0
1634,2500,ccmar,0.2558505160746848,cc_ccproj,0.2919208011696049,0.01815490976691285,0.25633783188388126,0.3275037704553285,0
1634,2500,ccmar,0.2558505160746848,seq,0.2945114162688046,0.01788284534888615,0.25946168344388815,0.3295611490937211,0
1635,2500,ccmar,0.2558505160746848,full,0.24826909502761454,0.009833937072123029,0.22899493254002015,0.26754325751520897,1
1635,2500,ccmar,0.2558505160746848,cc,0.23820685119258278,0.013746002773387129,0.2112651808253563,0.2651485215598093,1
1635,2500,ccmar,0.2558505160746848,cc_ccproj,0.23820685119258278,0.013746002773387129,0.2112651808253563,0.2651485215598093,1
1635,2500,ccmar,0.2558505160746848,seq,0.24147254187432546,0.013462922091891745,0.215085699447549,0.2678593843011019,1
1636,2500,ccmar,0.2558505160746848,full,0.24972430250090566,0.01234464186052744,0.22552924905222635,0.27391935594958494,1
1636,2500,ccmar,0.2558505160746848,cc,0.26863450616442697,0.033623530597046425,0.20273359716113543,0.3345354151677185,1
1636,2500,ccmar,0.2558505160746848,cc_ccproj,0.26863450616442697,0.033623530597046404,0.20273359716113548,0.33453541516771845,1
1636,2500,ccmar,0.2558505160746848,seq,0.2740340223016222,0.03321055490078913,0.20894253078948533,0.3391255138137591,1
1637,2500,ccmar,0.2558505160746848,full,0.24744946966977277,0.01113195031158634,0.2256312479813741,0.2692676913581714,1
1637,2500,ccmar,0.2558505160746848,cc,0.2266547522335024,0.02580160112432017,0.1760845432863667,0.2772249611806381,1
1637,2500,ccmar,0.2558505160746848,cc_ccproj,0.2266547522335024,0.02580160112432017,0.1760845432863667,0.2772249611806381,1
1637,2500,ccmar,0.2558505160746848,seq,0.23237924742006852,0.025649388561872707,0.1821073696133244,0.2826511252268126,1
1638,2500,ccmar,0.2558505160746848,full,0.25895476883968377,0.00993636746179123,0.2394798464774173,0.27842969120195027,1
1638,2500,ccmar,0.2558505160746848,cc,0.25897415431555676,0.0190010111390443,0.22173285681318555,0.29621545181792797,1
1638,2500,ccmar,0.2558505160746848,cc_ccproj,0.25897415431555676,0.019001011139044288,0.22173285681318555,0.29621545181792797,1
1638,2500,ccmar,0.2558505160746848,seq,0.2589007739274845,0.018125245639706942,0.22337594526271726,0.29442560259225176,1
1639,2500,ccmar,0.2558505160746848,full,0.2591697585187977,0.009375444760112851,0.24079422444993176,0.27754529258766364,1
1639,2500,ccmar,0.2558505160746848,cc,0.26050100434379936,0.014482103880584449,0.2321166023174861,0.2888854063701126,1
1639,2500,ccmar,0.2558505160746848,cc_ccproj,0.2605010043437991,0.014482103880584461,0.2321166023174858,0.2888854063701124,1
1639,2500,ccmar,0.2558505160746848,seq,0.2639799673835438,0.01422455678830911,0.2361003483824132,0.2918595863846744,1
1640,2500,ccmar,0.2558505160746848,full,0.2517625096032867,0.010310576718037834,0.23155415057609538,0.2719708686304781,1
1640,2500,ccmar,0.2558505160746848,cc,0.2472967918183781,0.012369845254682084,0.22305234062486753,0.2715412430118887,1
1640,2500,ccmar,0.2558505160746848,cc_ccproj,0.2472967918183781,0.012369845254682075,0.22305234062486753,0.27154124301188864,1
1640,2500,ccmar,0.2558505160746848,seq,0.24728527489063562,0.012068563092904447,0.22363132588339357,0.27093922389787767,1
1641,2500,ccmar,0.2558505160746848,full,0.2670196416222656,0.009941933890325797,0.24753380926054885,0.28650547398398235,1
1641,2500,ccmar,0.2558505160746848,cc,0.23730761104931367,0.01515716229060552,0.20760011885189822,0.2670151032467291,1
1641,2500,ccmar,0.2558505160746848,cc_ccproj,0.2373076110493136,0.015157162290605526,0.20760011885189816,0.26701510324672906,1
1641,2500,ccmar,0.2558505160746848,seq,0.24455648541003638,0.014565562530991847,0.2160085074347263,0.2731044633853465,1
1642,2500,ccmar,0.2558505160746848,full,0.2616179075233644,0.008608264600794596,0.24474601893641593,0.2784897961103129,1
1642,2500,ccmar,0.2558505160746848,cc,0.27839465416678305,0.018540008847093094,0.24205690455342663,0.3147324037801395,1
1642,2500,ccmar,0.2558505160746848,cc_ccproj,0.2783946541667831,0.0185400088470931,0.24205690455342666,0.31473240378013956,1
1642,2500,ccmar,0.2558505160746848,seq,0.28318005200129526,0.018302406955949032,0.24730799353723978,0.3190521104653507,1
1643,2500,ccmar,0.2558505160746848,full,0.25692278135184543,0.00936721093613546,0.2385633852814302,0.27528217742226063,1
1643,2500,ccmar,0.2558505160746848,cc,0.2509202998200065,0.011391584482961485,0.22859320450655668,0.27324739513345636,1
1643,2500,ccmar,0.2558505160746848,cc_ccproj,0.2509202998200065,0.01139158448296149,0.22859320450655668,0.27324739513345636,1
1643,2500,ccmar,0.2558505160746848,seq,0.25043728790383873,0.010893576043998989,0.2290862711947524,0.2717883046129251,1
1644,2500,ccmar,0.2558505160746848,full,0.25006021582146076,0.008242082826709842,0.2339060303235134,0.26621440131940816,1
1644,2500,ccmar,0.2558505160746848,cc,0.22668829599224097,0.013178222672415694,0.20085945417405704,0.2525171378104249,0
1644,2500,ccmar,0.2558505160746848,cc_ccproj,0.226688295992241,0.013178222672415682,0.20085945417405707,0.2525171378104249,0
1644,2500,ccmar,0.2558505160746848,seq,0.23200641620678925,0.01235423924871277,0.20779255222292103,0.25622028019065746,1
1645,2500,ccmar,0.2558505160746848,full,0.2568924696640616,0.00943129753559777,0.2384074661668086,0.2753774731613146,1
1645,2500,ccmar,0.2558505160746848,cc,0.2431930344410003,0.01678216711537178,0.21030059131233916,0.27608547756966145,1
1645,2500,ccmar,0.2558505160746848,cc_ccproj,0.24319303444100018,0.01678216711537177,0.21030059131233908,0.2760854775696613,1
1645,2500,ccmar,0.2558505160746848,seq,0.2464709148945987,0.016448594094236525,0.21423226287357688,0.27870956691562054,1
1646,2500,ccmar,0.2558505160746848,full,0.24757091840121057,0.009794115159174742,0.2283748054287903,0.26676703137363084,1
1646,2500,ccmar,0.2558505160746848,cc,0.2341071945268207,0.013601847027245852,0.20744806423019563,0.26076632482344575,1
1646,2500,ccmar,0.2558505160746848,cc_ccproj,0.23410719452682088,0.013601847027245848,0.20744806423019582,0.26076632482344597,1
1646,2500,ccmar,0.2558505160746848,seq,0.2315465631321386,0.013095622925036654,0.20587961384394968,0.25721351242032753,1
1647,2500,ccmar,0.2558505160746848,full,0.25291902615464923,0.015049490389505699,0.2234225670055364,0.2824154853037621,1
1647,2500,ccmar,0.2558505160746848,cc,0.25941745867127786,0.019113595542031524,0.22195549979383072,0.296879417548725,1
1647,2500,ccmar,0.2558505160746848,cc_ccproj,0.25941745867127786,0.019113595542031497,0.22195549979383078,0.29687941754872493,1
1647,2500,ccmar,0.2558505160746848,seq,0.262396258108224,0.018201319975701374,0.22672232648475982,0.29807018973168814,1
1648,2500,ccmar,0.2558505160746848,full,0.2508167807649808,0.013430980384353405,0.2244925429345842,0.27714101859537743,1
1648,2500,ccmar,0.2558505160746848,cc,0.30297139105110726,0.04266857092197277,0.21934252877224764,0.3866002533299669,1
1648,2500,ccmar,0.2558505160746848,cc_ccproj,0.3029713910511074,0.04266857092197278,0.21934252877224772,0.38660025332996706,1
1648,2500,ccmar,0.2558505160746848,seq,0.2967857641605603,0.042636486470587966,0.21321978625087862,0.38035174207024197,1
1649,2500,ccmar,0.2558505160746848,full,0.23766002039955583,0.010378097773533022,0.2173193225353958,0.2580007182637159,1
1649,2500,ccmar,0.2558505160746848,cc,0.24918979451180454,0.022013211850133517,0.2060446921014925,0.29233489692211656,1
1649,2500,ccmar,0.2558505160746848,cc_ccproj,0.24918979451180467,0.022013211850133527,0.20604469210149262,0.2923348969221167,1
1649,2500,ccmar,0.2558505160746848,seq,0.2591727964962747,0.021822523017064933,0.2164014373310311,0.30194415566151833,1
1650,2500,ccmar,0.2558505160746848,full,0.24272784492301952,0.015254075794766543,0.2128304057478329,0.27262528409820613,1
1650,2500,ccmar,0.2558505160746848,cc,0.21880252483107507,0.04785812026424915,0.1250023327453602,0.3126027169167899,1
1650,2500,ccmar,0.2558505160746848,cc_ccproj,0.21880252483107515,0.04785812026424914,0.1250023327453603,0.31260271691679,1
1650,2500,ccmar,0.2558505160746848,seq,0.22014352239793053,0.04608719667861325,0.12981427675943455,0.31047276803642654,1
1651,2500,ccmar,0.2558505160746848,full,0.26493212060788135,0.00887914866747765,0.24752930900624834,0.28233493220951433,1
1651,2500,ccmar,0.2558505160746848,cc,0.27779293141832223,0.013712671335921928,0.2509165894680805,0.304669273368564,1
1651,2500,ccmar,0.2558505160746848,cc_ccproj,0.27779293141832245,0.013712671335921932,0.2509165894680807,0.3046692733685642,1
1651,2500,ccmar,0.2558505160746848,seq,0.27971212659038996,0.01347655194197054,0.2532985701483444,0.30612568303243554,1
1652,2500,ccmar,0.2558505160746848,full,0.2716081040906283,0.009161125526539996,0.2536526280007594,0.2895635801804972,1
1652,2500,ccmar,0.2558505160746848,cc,0.2623618291493286,0.013885301511864134,0.23514713827159534,0.28957652002706186,1
1652,2500,ccmar,0.2558505160746848,cc_ccproj,0.2623618291493287,0.013885301511864134,0.23514713827159545,0.28957652002706197,1
1652,2500,ccmar,0.2558505160746848,seq,0.2679438799783065,0.013827898672174328,0.24084169659897556,0.2950460633576374,1
1653,2500,ccmar,0.2558505160746848,full,0.26101197867183257,0.010109201980414172,0.2411983068777798,0.2808256504658853,1
1653,2500,ccmar,0.2558505160746848,cc,0.2709374789710852,0.014140317320029398,0.24322296629385967,0.2986519916483108,1
1653,2500,ccmar,0.2558505160746848,cc_ccproj,0.27093747897108533,0.014140317320029395,0.24322296629385978,0.2986519916483109,1
1653,2500,ccmar,0.2558505160746848,seq,0.2697642045657595,0.014121598652021387,0.2420863798036682,0.2974420293278508,1
1654,2500,ccmar,0.2558505160746848,full,0.2506809015976616,0.010261650610518612,0.23056843597911167,0.27079336721621156,1
1654,2500,ccmar,0.2558505160746848,cc,0.22891673690660988,0.012507570958904847,0.20440234829307727,0.25343112552014246,0
1654,2500,ccmar,0.2558505160746848,cc_ccproj,0.22891673690660974,0.012507570958904854,0.20440234829307713,0.25343112552014235,0
1654,2500,ccmar,0.2558505160746848,seq,0.2323618136664565,0.012521700620726156,0.20781973142464039,0.2569038959082726,1
1655,2500,ccmar,0.2558505160746848,full,0.255217884185483,0.008710839058465718,0.2381449533557654,0.27229081501520064,1
1655,2500,ccmar,0.2558505160746848,cc,0.25815678951196214,0.014371895332788152,0.22998839227011805,0.2863251867538062,1
1655,2500,ccmar,0.2558505160746848,cc_ccproj,0.2581567895119622,0.014371895332788154,0.2299883922701181,0.28632518675380625,1
1655,2500,ccmar,0.2558505160746848,seq,0.2656682052663508,0.01434269495300258,0.23755703971722136,0.2937793708154803,1
1656,2500,ccmar,0.2558505160746848,full,0.22420436462061644,0.010051417151684288,0.20450394900972707,0.2439047802315058,0
1656,2500,ccmar,0.2558505160746848,cc,0.22148268698928383,0.012847624636137301,0.19630180541556522,0.24666356856300245,0
1656,2500,ccmar,0.2558505160746848,cc_ccproj,0.22148268698928383,0.012847624636137303,0.1963018054155652,0.24666356856300248,0
1656,2500,ccmar,0.2558505160746848,seq,0.22640276939513443,0.012342137157583184,0.20221262507401783,0.25059291371625103,0
1657,2500,ccmar,0.2558505160746848,full,0.25551448772971946,0.00923778226290226,0.2374087671974081,0.2736202082620308,1
1657,2500,ccmar,0.2558505160746848,cc,0.2500133669129839,0.013254382216645561,0.22403525513103045,0.2759914786949374,1
1657,2500,ccmar,0.2558505160746848,cc_ccproj,0.25001336691298404,0.013254382216645553,0.2240352551310306,0.2759914786949375,1
1657,2500,ccmar,0.2558505160746848,seq,0.24590444304100556,0.012742022314938074,0.22093053821352124,0.27087834786848985,1
1658,2500,ccmar,0.2558505160746848,full,0.2703098196202241,0.009608437797275203,0.25147762758987136,0.28914201165057685,1
1658,2500,ccmar,0.2558505160746848,cc,0.25892010427480566,0.013486597274367627,0.23248685934304905,0.28535334920656225,1
1658,2500,ccmar,0.2558505160746848,cc_ccproj,0.2589201042748059,0.013486597274367618,0.2324868593430493,0.28535334920656247,1
1658,2500,ccmar,0.2558505160746848,seq,0.2594307483379024,0.013254151339713067,0.2334530890664215,0.28540840760938335,1
1659,2500,ccmar,0.2558505160746848,full,0.2606545763753629,0.013210503199271228,0.23476246588714011,0.28654668686358564,1
1659,2500,ccmar,0.2558505160746848,cc,0.31695407920521457,0.03486370974770975,0.24862246373224545,0.3852856946781837,1
1659,2500,ccmar,0.2558505160746848,cc_ccproj,0.31695407920521484,0.034863709747709755,0.24862246373224572,0.38528569467818397,1
1659,2500,ccmar,0.2558505160746848,seq,0.31656739155305114,0.034743916356674356,0.2484705668120973,0.38466421629400493,1
1660,2500,ccmar,0.2558505160746848,full,0.25101756918596213,0.008418541003418774,0.23451753201688763,0.26751760635503663,1
1660,2500,ccmar,0.2558505160746848,cc,0.26128333177139484,0.012392236041207887,0.23699499544270816,0.2855716681000815,1
1660,2500,ccmar,0.2558505160746848,cc_ccproj,0.26128333177139484,0.012392236041207889,0.23699499544270816,0.2855716681000815,1
1660,2500,ccmar,0.2558505160746848,seq,0.2560050307716857,0.01231668349016178,0.2318647747219895,0.28014528682138184,1
1661,2500,ccmar,0.2558505160746848,full,0.25918342881066236,0.010293042969075693,0.23900943529995078,0.27935742232137395,1
1661,2500,ccmar,0.2558505160746848,cc,0.25431794512646727,0.014498894378058728,0.22590063432982188,0.28273525592311266,1
1661,2500,ccmar,0.2558505160746848,cc_ccproj,0.2543179451264673,0.014498894378058742,0.22590063432982194,0.2827352559231127,1
1661,2500,ccmar,0.2558505160746848,seq,0.250586211300894,0.014128391275555081,0.2228950732413161,0.2782773493604719,1
1662,2500,ccmar,0.2558505160746848,full,0.262222259040893,0.008784090038703195,0.24500575892807772,0.27943875915370836,1
1662,2500,ccmar,0.2558505160746848,cc,0.25547066509983735,0.010122692517737652,0.23563055233849847,0.27531077786117625,1
1662,2500,ccmar,0.2558505160746848,cc_ccproj,0.2554706650998375,0.010122692517737654,0.23563055233849864,0.2753107778611764,1
1662,2500,ccmar,0.2558505160746848,seq,0.25563660433424296,0.01005249080845847,0.23593408439474442,0.27533912427374146,1
1663,2500,ccmar,0.2558505160746848,full,0.24951962749901577,0.0110365766949934,0.2278883346642146,0.27115092033381694,1
1663,2500,ccmar,0.2558505160746848,cc,0.2484023339051162,0.012832851565548073,0.22325040701769353,0.27355426079253886,1
1663,2500,ccmar,0.2558505160746848,cc_ccproj,0.2484023339051164,0.012832851565548056,0.22325040701769377,0.27355426079253903,1
1663,2500,ccmar,0.2558505160746848,seq,0.2492318248876696,0.012803979451959165,0.22413648630303873,0.27432716347230046,1
1664,2500,ccmar,0.2558505160746848,full,0.2515780111948905,0.009180988756696743,0.2335836038892977,0.26957241850048325,1
1664,2500,ccmar,0.2558505160746848,cc,0.26649656745235645,0.013093368168636939,0.24083403740550488,0.292159097499208,1
1664,2500,ccmar,0.2558505160746848,cc_ccproj,0.2664965674523563,0.01309336816863695,0.2408340374055047,0.2921590974992079,1
1664,2500,ccmar,0.2558505160746848,seq,0.2659176894375194,0.012989346528368806,0.24045903805920618,0.2913763408158327,1
1665,2500,ccmar,0.2558505160746848,full,0.2706466180390889,0.008612905682131832,0.2537656330998701,0.2875276029783077,1
1665,2500,ccmar,0.2558505160746848,cc,0.3052701037734379,0.02054068877619779,0.2650110935544441,0.3455291139924317,0
1665,2500,ccmar,0.2558505160746848,cc_ccproj,0.30527010377343794,0.0205406887761978,0.26501109355444413,0.34552911399243175,0
1665,2500,ccmar,0.2558505160746848,seq,0.30353960009537084,0.020309910364671478,0.263732907251378,0.3433462929393637,0
1666,2500,ccmar,0.2558505160746848,full,0.25274267458539884,0.009989257294847922,0.2331640900551929,0.2723212591156048,1
1666,2500,ccmar,0.2558505160746848,cc,0.25085457334745004,0.015435668653417101,0.22060121870945865,0.28110792798544143,1
1666,2500,ccmar,0.2558505160746848,cc_ccproj,0.2508545733474503,0.015435668653417101,0.22060121870945892,0.2811079279854417,1
1666,2500,ccmar,0.2558505160746848,seq,0.24141130361724744,0.014916206738918709,0.21217607562301313,0.2706465316114818,1
1667,2500,ccmar,0.2558505160746848,full,0.2634854900279337,0.011415003613725218,0.2411124940616377,0.2858584859942297,1
1667,2500,ccmar,0.2558505160746848,cc,0.2781260880761709,0.027752961234378044,0.22373128359245364,0.33252089255988815,1
1667,2500,ccmar,0.2558505160746848,cc_ccproj,0.2781260880761709,0.02775296123437804,0.22373128359245364,0.33252089255988815,1
1667,2500,ccmar,0.2558505160746848,seq,0.27831004871060944,0.02763694719939791,0.22414262755715442,0.33247746986406446,1
1668,2500,ccmar,0.2558505160746848,full,0.24852801573965022,0.008379017021162668,0.23210544415232331,0.2649505873269771,1
1668,2500,ccmar,0.2558505160746848,cc,0.2417447514055846,0.011112779247354924,0.2199641043126248,0.2635253984985444,1
1668,2500,ccmar,0.2558505160746848,cc_ccproj,0.24174475140558446,0.011112779247354923,0.2199641043126247,0.2635253984985442,1
1668,2500,ccmar,0.2558505160746848,seq,0.2428019822888848,0.010540794496154226,0.2221424047079845,0.2634615598697851,1
1669,2500,ccmar,0.2558505160746848,full,0.2647886070877988,0.009985408286261046,0.24521756647579931,0.28435964769979827,1
1669,2500,ccmar,0.2558505160746848,cc,0.29386993412688023,0.026044471957260965,0.24282370709428533,0.3449161611594751,1
1669,2500,ccmar,0.2558505160746848,cc_ccproj,0.29386993412688023,0.02604447195726097,0.2428237070942853,0.34491616115947515,1
1669,2500,ccmar,0.2558505160746848,seq,0.29115200695772536,0.02593273483666571,0.24032478065723337,0.34197923325821733,1
1670,2500,ccmar,0.2558505160746848,full,0.272430226957219,0.011842203985595658,0.24921993364787484,0.2956405202665632,1
1670,2500,ccmar,0.2558505160746848,cc,0.26427497641739817,0.01565057362650295,0.23360041577205995,0.29494953706273636,1
1670,2500,ccmar,0.2558505160746848,cc_ccproj,0.2642749764173983,0.015650573626502975,0.23360041577206003,0.2949495370627365,1
1670,2500,ccmar,0.2558505160746848,seq,0.26311750410516244,0.015458225701926585,0.23281993846449495,0.2934150697458299,1
1671,2500,ccmar,0.2558505160746848,full,0.24175850801802853,0.009522803972452854,0.223094155200186,0.2604228608358711,1
1671,2500,ccmar,0.2558505160746848,cc,0.22817239491342362,0.015140762967875197,0.19849704479793046,0.2578477450289168,1
1671,2500,ccmar,0.2558505160746848,cc_ccproj,0.22817239491342362,0.0151407629678752,0.19849704479793046,0.2578477450289168,1
1671,2500,ccmar,0.2558505160746848,seq,0.23334972732699671,0.01467531602994777,0.20458663644655575,0.2621128182074377,1
1672,2500,ccmar,0.2558505160746848,full,0.25610026551219894,0.008796812241397386,0.238858830340299,0.2733417006840989,1
1672,2500,ccmar,0.2558505160746848,cc,0.2423860709492573,0.014008124975052865,0.21493065050721763,0.26984149139129693,1
1672,2500,ccmar,0.2558505160746848,cc_ccproj,0.24238607094925718,0.014008124975052867,0.21493065050721752,0.2698414913912969,1
1672,2500,ccmar,0.2558505160746848,seq,0.2449563614992051,0.013287902972711773,0.21891255024262732,0.2710001727557829,1
1673,2500,ccmar,0.2558505160746848,full,0.2879794187564976,0.011882027780664627,0.2646910722430905,0.31126776526990463,0
1673,2500,ccmar,0.2558505160746848,cc,0.29806697644125213,0.013939084238063065,0.27074687335717856,0.3253870795253257,0
1673,2500,ccmar,0.2558505160746848,cc_ccproj,0.29806697644125213,0.013939084238063065,0.27074687335717856,0.3253870795253257,0
1673,2500,ccmar,0.2558505160746848,seq,0.29854358533557723,0.013663539503221866,0.2717635400079221,0.3253236306632324,0
1674,2500,ccmar,0.2558505160746848,full,0.2594790582083201,0.009828128086109654,0.24021628112409862,0.2787418352925416,1
1674,2500,ccmar,0.2558505160746848,cc,0.2637781689905233,0.013880710956648864,0.23657247543568102,0.2909838625453656,1
1674,2500,ccmar,0.2558505160746848,cc_ccproj,0.26377816899052314,0.013880710956648865,0.23657247543568086,0.29098386254536546,1
1674,2500,ccmar,0.2558505160746848,seq,0.25991849125297173,0.013217763631411649,0.23401215057924155,0.28582483192670194,1
1675,2500,ccmar,0.2558505160746848,full,0.2417183810470215,0.010611564507807836,0.22092009679209465,0.2625166653019484,1
1675,2500,ccmar,0.2558505160746848,cc,0.2397682417270972,0.012377273990115371,0.2155092304796867,0.2640272529745077,1
1675,2500,ccmar,0.2558505160746848,cc_ccproj,0.23976824172709707,0.012377273990115376,0.21550923047968656,0.2640272529745076,1
1675,2500,ccmar,0.2558505160746848,seq,0.24360064704628948,0.011650038989695966,0.22076699020799798,0.26643430388458095,1
1676,2500,ccmar,0.2558505160746848,full,0.2730018158207205,0.010857246892111656,0.2517220029409222,0.29428162870051877,1
1676,2500,ccmar,0.2558505160746848,cc,0.2599736567436335,0.013237941135703462,0.23402776888819343,0.28591954459907354,1
1676,2500,ccmar,0.2558505160746848,cc_ccproj,0.2599736567436335,0.013237941135703455,0.23402776888819346,0.28591954459907354,1
1676,2500,ccmar,0.2558505160746848,seq,0.25596607039214375,0.012864005766655855,0.23075308239258271,0.2811790583917048,1
1677,2500,ccmar,0.2558505160746848,full,0.2564679147981597,0.009152831876650395,0.23852869396337478,0.27440713563294467,1
1677,2500,ccmar,0.2558505160746848,cc,0.25945356621143884,0.015828998149158797,0.22842929992773642,0.29047783249514125,1
1677,2500,ccmar,0.2558505160746848,cc_ccproj,0.25945356621143895,0.015828998149158797,0.22842929992773653,0.29047783249514136,1
1677,2500,ccmar,0.2558505160746848,seq,0.2599027875414964,0.015393981765113434,0.22973113770320777,0.2900744373797851,1
1678,2500,ccmar,0.2558505160746848,full,0.24975834344465148,0.00965379557304509,0.23083725180737089,0.26867943508193204,1
1678,2500,ccmar,0.2558505160746848,cc,0.25437635729531116,0.012959016508165793,0.2289771516642462,0.2797755629263761,1
1678,2500,ccmar,0.2558505160746848,cc_ccproj,0.2543763572953113,0.012959016508165798,0.2289771516642463,0.27977556292637623,1
1678,2500,ccmar,0.2558505160746848,seq,0.25085219299974626,0.01266690487264331,0.22602551565377044,0.2756788703457221,1
1679,2500,ccmar,0.2558505160746848,full,0.25628716563158593,0.009012247189121775,0.23862348572113493,0.27395084554203697,1
1679,2500,ccmar,0.2558505160746848,cc,0.27392387541629687,0.013305984106204,0.24784462578927466,0.3000031250433191,1
1679,2500,ccmar,0.2558505160746848,cc_ccproj,0.2739238754162966,0.013305984106204004,0.24784462578927435,0.30000312504331883,1
1679,2500,ccmar,0.2558505160746848,seq,0.26998371015394335,0.01315590700758883,0.24419860623511114,0.29576881407277555,1
1680,2500,ccmar,0.2558505160746848,full,0.2357640226056046,0.010652042576644016,0.2148864027935951,0.2566416424176141,1
1680,2500,ccmar,0.2558505160746848,cc,0.21922081262346105,0.027093588262061236,0.16611835541786388,0.27232326982905825,1
1680,2500,ccmar,0.2558505160746848,cc_ccproj,0.21922081262346088,0.02709358826206124,0.16611835541786368,0.2723232698290581,1
1680,2500,ccmar,0.2558505160746848,seq,0.21940460139187734,0.026990931920574737,0.16650334691837834,0.27230585586537637,1
1681,2500,ccmar,0.2558505160746848,full,0.2501767814349091,0.011857159002705488,0.2269371768306415,0.27341638603917673,1
1681,2500,ccmar,0.2558505160746848,cc,0.2440251300900135,0.012237424036519643,0.22004021971489024,0.26801004046513677,1
1681,2500,ccmar,0.2558505160746848,cc_ccproj,0.2440251300900136,0.01223742403651964,0.22004021971489032,0.2680100404651369,1
1681,2500,ccmar,0.2558505160746848,seq,0.23870090031914207,0.011790324846278849,0.21559228825440777,0.26180951238387634,1
1682,2500,ccmar,0.2558505160746848,full,0.2347403115868562,0.017246269091166114,0.2009382453004843,0.2685423778732281,1
1682,2500,ccmar,0.2558505160746848,cc,0.25967103760554267,0.016177681218324545,0.2279633650642565,0.2913787101468288,1
1682,2500,ccmar,0.2558505160746848,cc_ccproj,0.25967103760554267,0.01617768121832454,0.22796336506425652,0.2913787101468288,1
1682,2500,ccmar,0.2558505160746848,seq,0.2601206152146599,0.0157255665455677,0.22929907114885925,0.2909421592804605,1
1683,2500,ccmar,0.2558505160746848,full,0.2590517080666539,0.009524466736456584,0.24038409629124924,0.27771931984205855,1
1683,2500,ccmar,0.2558505160746848,cc,0.2553169379301118,0.014298660165738178,0.22729207897808745,0.2833417968821361,1
1683,2500,ccmar,0.2558505160746848,cc_ccproj,0.25531693793011156,0.01429866016573818,0.2272920789780872,0.2833417968821359,1
1683,2500,ccmar,0.2558505160746848,seq,0.25107119981098674,0.01383785649855909,0.22394949945057738,0.2781929001713961,1
1684,2500,ccmar,0.2558505160746848,full,0.2592268641935343,0.01159689387789895,0.23649736986031933,0.2819563585267493,1
1684,2500,ccmar,0.2558505160746848,cc,0.2615293700991995,0.011998426276151022,0.23801288672678447,0.28504585347161454,1
1684,2500,ccmar,0.2558505160746848,cc_ccproj,0.2615293700991995,0.011998426276151015,0.2380128867267845,0.28504585347161454,1
1684,2500,ccmar,0.2558505160746848,seq,0.2581372509974688,0.012109337306761234,0.23440338599956953,0.28187111599536807,1
1685,2500,ccmar,0.2558505160746848,full,0.2649853108268857,0.009216772304714915,0.24692076905593824,0.28304985259783316,1
1685,2500,ccmar,0.2558505160746848,cc,0.271921877503819,0.01313126745860383,0.2461850662135927,0.29765868879404533,1
1685,2500,ccmar,0.2558505160746848,cc_ccproj,0.271921877503819,0.013131267458603832,0.2461850662135927,0.29765868879404533,1
1685,2500,ccmar,0.2558505160746848,seq,0.26927159436613424,0.012616251423984592,0.24454419595522225,0.2939989927770462,1
1686,2500,ccmar,0.2558505160746848,full,0.2497572384481393,0.010731622735190533,0.22872364439149462,0.270790832504784,1
1686,2500,ccmar,0.2558505160746848,cc,0.2187792062828945,0.015367789218567053,0.18865889289250012,0.24889951967328885,0
1686,2500,ccmar,0.2558505160746848,cc_ccproj,0.21877920628289457,0.01536778921856705,0.1886588928925002,0.24889951967328894,0
1686,2500,ccmar,0.2558505160746848,seq,0.222151628517493,0.014620466311569345,0.19349604110963592,0.2508072159253501,0
1687,2500,ccmar,0.2558505160746848,full,0.23697810165303845,0.00942229204867455,0.2185107485858182,0.2554454547202587,0
1687,2500,ccmar,0.2558505160746848,cc,0.23251955494844156,0.014490346701942082,0.20411899728913632,0.2609201126077468,1
1687,2500,ccmar,0.2558505160746848,cc_ccproj,0.2325195549484415,0.014490346701942073,0.2041189972891363,0.2609201126077467,1
1687,2500,ccmar,0.2558505160746848,seq,0.2336106204796529,0.013749497316850452,0.2066621009330959,0.2605591400262099,1
1688,2500,ccmar,0.2558505160746848,full,0.24887397043819792,0.010967510691628485,0.22737804448254811,0.27036989639384773,1
1688,2500,ccmar,0.2558505160746848,cc,0.24560526396887508,0.01747699323654579,0.2113509866671952,0.27985954127055496,1
1688,2500,ccmar,0.2558505160746848,cc_ccproj,0.24560526396887475,0.017476993236545793,0.21135098666719487,0.2798595412705546,1
1688,2500,ccmar,0.2558505160746848,seq,0.24828502444108508,0.01670455113658039,0.21554470583547988,0.28102534304669025,1
1689,2500,ccmar,0.2558505160746848,full,0.25576447720789436,0.009267546453912943,0.2376004199331731,0.2739285344826156,1
1689,2500,ccmar,0.2558505160746848,cc,0.2519730468133158,0.0131724610621194,0.22615549754380554,0.277790596082826,1
1689,2500,ccmar,0.2558505160746848,cc_ccproj,0.2519730468133158,0.0131724610621194,0.22615549754380554,0.277790596082826,1
1689,2500,ccmar,0.2558505160746848,seq,0.24894348756522372,0.012737781480321217,0.22397789462085282,0.2739090805095946,1
1690,2500,ccmar,0.2558505160746848,full,0.26628306485434794,0.009103354415182117,0.24844081806208732,0.2841253116466086,1
1690,2500,ccmar,0.2558505160746848,cc,0.27102755870478423,0.014459554238034801,0.24268735316573253,0.29936776424383593,1
1690,2500,ccmar,0.2558505160746848,cc_ccproj,0.2710275587047841,0.014459554238034817,0.24268735316573237,0.2993677642438359,1
1690,2500,ccmar,0.2558505160746848,seq,0.2744982298145925,0.014289528308087756,0.2464912689746749,0.30250519065451004,1
1691,2500,ccmar,0.2558505160746848,full,0.2544222913745846,0.011577337354527296,0.23173112712284089,0.27711345562632833,1
1691,2500,ccmar,0.2558505160746848,cc,0.2586939043924649,0.016659574830242264,0.2260417377274401,0.2913460710574898,1
1691,2500,ccmar,0.2558505160746848,cc_ccproj,0.2586939043924651,0.016659574830242253,0.2260417377274403,0.2913460710574899,1
1691,2500,ccmar,0.2558505160746848,seq,0.2573573328099629,0.01578341554579508,0.22642240678717496,0.2882922588327509,1
1692,2500,ccmar,0.2558505160746848,full,0.2483912876800126,0.012294039839804604,0.224295412369495,0.2724871629905302,1
1692,2500,ccmar,0.2558505160746848,cc,0.2171546939659694,0.016134644560418836,0.18553137172419337,0.24877801620774542,0
1692,2500,ccmar,0.2558505160746848,cc_ccproj,0.2171546939659691,0.016134644560418836,0.1855313717241931,0.2487780162077451,0
1692,2500,ccmar,0.2558505160746848,seq,0.2170955103495545,0.015375530423841401,0.18696002447562546,0.24723099622348352,0
1693,2500,ccmar,0.2558505160746848,full,0.2356325711171259,0.011671708254527886,0.2127564433001924,0.2585086989340594,1
1693,2500,ccmar,0.2558505160746848,cc,0.21122078070169636,0.020651122708602497,0.17074532395251824,0.2516962374508745,0
1693,2500,ccmar,0.2558505160746848,cc_ccproj,0.21122078070169636,0.02065112270860252,0.17074532395251818,0.25169623745087455,0
1693,2500,ccmar,0.2558505160746848,seq,0.210506889027718,0.0208050648804877,0.169729711165943,0.251284066889493,0
1694,2500,ccmar,0.2558505160746848,full,0.24985621150463216,0.009866818702849193,0.23051760220506154,0.2691948208042028,1
1694,2500,ccmar,0.2558505160746848,cc,0.25881775986940364,0.016731218165097716,0.2260251748483298,0.2916103448904775,1
1694,2500,ccmar,0.2558505160746848,cc_ccproj,0.25881775986940375,0.01673121816509772,0.2260251748483299,0.2916103448904776,1
1694,2500,ccmar,0.2558505160746848,seq,0.2580206211563218,0.0162709377502474,0.2261301691711437,0.2899110731414999,1
1695,2500,ccmar,0.2558505160746848,full,0.2784658222786051,0.010238769514254975,0.2583982027846587,0.29853344177255153,0
1695,2500,ccmar,0.2558505160746848,cc,0.28028423428982624,0.01653320144592986,0.24787975490665817,0.31268871367299433,1
1695,2500,ccmar,0.2558505160746848,cc_ccproj,0.28028423428982596,0.016533201445929863,0.24787975490665787,0.31268871367299406,1
1695,2500,ccmar,0.2558505160746848,seq,0.28121329027933223,0.015758750236021017,0.25032670737536894,0.3120998731832955,1
1696,2500,ccmar,0.2558505160746848,full,0.2692527045511836,0.014560738601685816,0.2407141813035773,0.2977912277987899,1
1696,2500,ccmar,0.2558505160746848,cc,0.28488731864700056,0.046365084822486996,0.19401342225478135,0.3757612150392198,1
1696,2500,ccmar,0.2558505160746848,cc_ccproj,0.2848873186470005,0.046365084822487,0.1940134222547813,0.3757612150392197,1
1696,2500,ccmar,0.2558505160746848,seq,0.2892526716293165,0.04634107958054735,0.1984258246467392,0.3800795186118938,1
1697,2500,ccmar,0.2558505160746848,full,0.2584021621189163,0.012005150081073966,0.23487250033101323,0.28193182390681937,1
1697,2500,ccmar,0.2558505160746848,cc,0.24621999861213553,0.01632700886953202,0.21421964925258674,0.2782203479716843,1
1697,2500,ccmar,0.2558505160746848,cc_ccproj,0.24621999861213548,0.016327008869532016,0.21421964925258669,0.27822034797168427,1
1697,2500,ccmar,0.2558505160746848,seq,0.24755221079182183,0.016104058926807056,0.21598883529036925,0.27911558629327443,1
1698,2500,ccmar,0.2558505160746848,full,0.2503084424962056,0.012401301843094632,0.22600233752232993,0.2746145474700813,1
1698,2500,ccmar,0.2558505160746848,cc,0.25305187735247053,0.019839275899925558,0.21416761110926297,0.2919361435956781,1
1698,2500,ccmar,0.2558505160746848,cc_ccproj,0.25305187735247076,0.019839275899925547,0.21416761110926322,0.2919361435956783,1
1698,2500,ccmar,0.2558505160746848,seq,0.24959965094668796,0.018869319908344447,0.21261646351356822,0.2865828383798077,1
1699,2500,ccmar,0.2558505160746848,full,0.2555553545710973,0.016326430950054628,0.22355613791291018,0.2875545712292844,1
1699,2500,ccmar,0.2558505160746848,cc,0.21947793611290517,0.05528405437395311,0.11112318062060303,0.32783269160520734,1
1699,2500,ccmar,0.2558505160746848,cc_ccproj,0.21947793611290511,0.0552840543739531,0.111123180620603,0.3278326916052072,1
1699,2500,ccmar,0.2558505160746848,seq,0.22816305821237143,0.05423917948173777,0.12185621987716151,0.33446989654758136,1
1700,2500,ccmar,0.2558505160746848,full,0.25532927159599356,0.009417016486543094,0.23687225844054918,0.27378628475143796,1
1700,2500,ccmar,0.2558505160746848,cc,0.2632199725471939,0.015392555415706957,0.23305111830237132,0.2933888267920165,1
1700,2500,ccmar,0.2558505160746848,cc_ccproj,0.26321997254719387,0.01539255541570695,0.2330511183023713,0.29338882679201644,1
1700,2500,ccmar,0.2558505160746848,seq,0.2614430290889479,0.015114022173348689,0.23182008996764467,0.2910659682102511,1
1701,2500,ccmar,0.2558505160746848,full,0.2448538517099121,0.010221955346464119,0.2248191873792658,0.2648885160405584,1
1701,2500,ccmar,0.2558505160746848,cc,0.23483764601955817,0.0162666349821421,0.2029556273049003,0.26671966473421604,1
1701,2500,ccmar,0.2558505160746848,cc_ccproj,0.23483764601955814,0.016266634982142106,0.20295562730490027,0.26671966473421604,1
1701,2500,ccmar,0.2558505160746848,seq,0.2400606925319148,0.015673689346264456,0.20934082590836733,0.2707805591554623,1
1702,2500,ccmar,0.2558505160746848,full,0.2451249647512491,0.009735746261324918,0.22604325271643178,0.2642066767860664,1
1702,2500,ccmar,0.2558505160746848,cc,0.2686393975881422,0.012572274691411945,0.24399819198923037,0.293280603187054,1
1702,2500,ccmar,0.2558505160746848,cc_ccproj,0.2686393975881425,0.01257227469141194,0.24399819198923067,0.2932806031870543,1
1702,2500,ccmar,0.2558505160746848,seq,0.26423972818510794,0.012340869877903457,0.24005206768652193,0.28842738868369394,1
1703,2500,ccmar,0.2558505160746848,full,0.2464401057728503,0.009102581437188693,0.22859937398961763,0.264280837556083,1
1703,2500,ccmar,0.2558505160746848,cc,0.26209051257227,0.016638519801909196,0.22947961300447148,0.29470141214006856,1
1703,2500,ccmar,0.2558505160746848,cc_ccproj,0.26209051257227,0.0166385198019092,0.22947961300447145,0.29470141214006856,1
1703,2500,ccmar,0.2558505160746848,seq,0.2627513891664854,0.016152545619125075,0.23109298149436,0.29440979683861074,1
1704,2500,ccmar,0.2558505160746848,full,0.2605639793477031,0.01044207884437541,0.24009788088899967,0.28103007780640654,1
1704,2500,ccmar,0.2558505160746848,cc,0.2734757939002249,0.012694535548364243,0.24859496142496756,0.29835662637548227,1
1704,2500,ccmar,0.2558505160746848,cc_ccproj,0.27347579390022503,0.012694535548364243,0.24859496142496768,0.2983566263754824,1
1704,2500,ccmar,0.2558505160746848,seq,0.26871462380274586,0.011934494881060695,0.24532344366218925,0.29210580394330243,1
1705,2500,ccmar,0.2558505160746848,full,0.2603379274263718,0.008934943791000249,0.24282575939212153,0.27785009546062206,1
1705,2500,ccmar,0.2558505160746848,cc,0.24633292690092282,0.016141961132116772,0.21469526444212855,0.2779705893597171,1
1705,2500,ccmar,0.2558505160746848,cc_ccproj,0.24633292690092276,0.016141961132116786,0.21469526444212847,0.2779705893597171,1
1705,2500,ccmar,0.2558505160746848,seq,0.2481506559623761,0.015893651284289188,0.21699967186233052,0.2793016400624217,1
1706,2500,ccmar,0.2558505160746848,full,0.256633459580973,0.008852546853077297,0.2392827865774881,0.2739841325844579,1
1706,2500,ccmar,0.2558505160746848,cc,0.26291939150934385,0.017586682905167027,0.22845012640769022,0.29738865661099745,1
1706,2500,ccmar,0.2558505160746848,cc_ccproj,0.2629193915093437,0.017586682905167027,0.22845012640769005,0.2973886566109973,1
1706,2500,ccmar,0.2558505160746848,seq,0.2636124189256611,0.017444927042649626,0.22942099020913903,0.2978038476421832,1
1707,2500,ccmar,0.2558505160746848,full,0.26295525173859813,0.009887357631695654,0.2435763868782074,0.2823341165989889,1
1707,2500,ccmar,0.2558505160746848,cc,0.24697247259242722,0.011493556106617722,0.2244455165691661,0.2694994286156884,1
1707,2500,ccmar,0.2558505160746848,cc_ccproj,0.24697247259242727,0.011493556106617722,0.22444551656916614,0.26949942861568843,1
1707,2500,ccmar,0.2558505160746848,seq,0.2387852614755321,0.011026527594066355,0.21717366451662495,0.26039685843443927,1
1708,2500,ccmar,0.2558505160746848,full,0.2739839838041644,0.011452938680500084,0.25153663647323854,0.29643133113509024,1
1708,2500,ccmar,0.2558505160746848,cc,0.24792322368396189,0.021881902195050307,0.20503548346843534,0.29081096389948846,1
1708,2500,ccmar,0.2558505160746848,cc_ccproj,0.24792322368396166,0.021881902195050332,0.20503548346843506,0.29081096389948824,1
1708,2500,ccmar,0.2558505160746848,seq,0.2481431823207313,0.02121769398799886,0.2065572662692615,0.28972909837220107,1
1709,2500,ccmar,0.2558505160746848,full,0.24779055965846514,0.009054333141174965,0.23004439279773478,0.26553672651919547,1
1709,2500,ccmar,0.2558505160746848,cc,0.2502559763130791,0.013142445008789234,0.224497257427054,0.2760146951991042,1
1709,2500,ccmar,0.2558505160746848,cc_ccproj,0.2502559763130795,0.013142445008789208,0.22449725742705445,0.27601469519910454,1
1709,2500,ccmar,0.2558505160746848,seq,0.24769370507184285,0.0136843316271148,0.22087290793019546,0.2745145022134903,1
1710,2500,ccmar,0.2558505160746848,full,0.26065482088255365,0.010018451582170719,0.24101901660064073,0.28029062516446657,1
1710,2500,ccmar,0.2558505160746848,cc,0.2770496322036768,0.022099900769274566,0.23373462263398959,0.320364641773364,1
1710,2500,ccmar,0.2558505160746848,cc_ccproj,0.2770496322036765,0.022099900769274563,0.23373462263398934,0.3203646417733637,1
1710,2500,ccmar,0.2558505160746848,seq,0.2733380467054137,0.021570206633325924,0.2310612185650079,0.31561487484581946,1
1711,2500,ccmar,0.2558505160746848,full,0.26898334782390837,0.010770221111147126,0.24787410234052704,0.2900925933072897,1
1711,2500,ccmar,0.2558505160746848,cc,0.24920863431186363,0.013256414158763496,0.22322653999654035,0.2751907286271869,1
1711,2500,ccmar,0.2558505160746848,cc_ccproj,0.2492086343118637,0.013256414158763491,0.22322653999654044,0.275190728627187,1
1711,2500,ccmar,0.2558505160746848,seq,0.24766564793963944,0.013147403802880313,0.22189720999578907,0.2734340858834898,1
1712,2500,ccmar,0.2558505160746848,full,0.2546013047588032,0.010635954468983829,0.2337552170583871,0.27544739245921934,1
1712,2500,ccmar,0.2558505160746848,cc,0.2627428108459271,0.012062848859055309,0.23910006153122862,0.2863855601606256,1
1712,2500,ccmar,0.2558505160746848,cc_ccproj,0.2627428108459271,0.012062848859055324,0.2391000615312286,0.2863855601606256,1
1712,2500,ccmar,0.2558505160746848,seq,0.2592569178736021,0.01213654597365342,0.2354697248685268,0.2830441108786774,1
1713,2500,ccmar,0.2558505160746848,full,0.2390506567399836,0.011304139217337899,0.21689495099777453,0.2612063624821927,1
1713,2500,ccmar,0.2558505160746848,cc,0.2384579960021918,0.022499161605224662,0.19436044957360507,0.2825555424307785,1
1713,2500,ccmar,0.2558505160746848,cc_ccproj,0.2384579960021918,0.022499161605224673,0.19436044957360504,0.2825555424307786,1
1713,2500,ccmar,0.2558505160746848,seq,0.2370890040771374,0.022329585627134402,0.19332382045825075,0.28085418769602405,1
1714,2500,ccmar,0.2558505160746848,full,0.25581445708097655,0.008797332316716505,0.23857200258018188,0.2730569115817712,1
1714,2500,ccmar,0.2558505160746848,cc,0.2621504861701471,0.014683340843601116,0.2333716669439629,0.2909293053963312,1
1714,2500,ccmar,0.2558505160746848,cc_ccproj,0.2621504861701472,0.014683340843601123,0.23337166694396302,0.2909293053963314,1
1714,2500,ccmar,0.2558505160746848,seq,0.2657239186394976,0.014435295947895808,0.23743125847544486,0.29401657880355037,1
1715,2500,ccmar,0.2558505160746848,full,0.26658740766720446,0.009782720007993512,0.24741362878069778,0.28576118655371113,1
1715,2500,ccmar,0.2558505160746848,cc,0.2682975556857549,0.014791544523850918,0.23930666114328647,0.29728845022822337,1
1715,2500,ccmar,0.2558505160746848,cc_ccproj,0.26829755568575486,0.014791544523850913,0.23930666114328641,0.2972884502282233,1
1715,2500,ccmar,0.2558505160746848,seq,0.26927913860351443,0.01468184201994634,0.2405032570177128,0.29805502018931607,1
1716,2500,ccmar,0.2558505160746848,full,0.2523221412552421,0.014701460686867644,0.22350780778885004,0.28113647472163417,1
1716,2500,ccmar,0.2558505160746848,cc,0.24541602830514775,0.012629860664390582,0.22066195627318308,0.2701701003371124,1
1716,2500,ccmar,0.2558505160746848,cc_ccproj,0.24541602830514767,0.012629860664390589,0.220661956273183,0.27017010033711236,1
1716,2500,ccmar,0.2558505160746848,seq,0.24322180463525436,0.01217358325224621,0.21936201989805182,0.2670815893724569,1
1717,2500,ccmar,0.2558505160746848,full,0.24315983529586832,0.0092298598724012,0.22506964236361052,0.26125002822812615,1
1717,2500,ccmar,0.2558505160746848,cc,0.24493727408334817,0.019088245509231664,0.20752500035719568,0.28234954780950067,1
1717,2500,ccmar,0.2558505160746848,cc_ccproj,0.24493727408334795,0.019088245509231657,0.20752500035719548,0.28234954780950045,1
1717,2500,ccmar,0.2558505160746848,seq,0.24867030666628948,0.01850013399901293,0.21241071031905917,0.2849299030135198,1
1718,2500,ccmar,0.2558505160746848,full,0.2582343575993696,0.008738517615161999,0.2411071777953832,0.27536153740335595,1
1718,2500,ccmar,0.2558505160746848,cc,0.2816775969422485,0.014742159597340893,0.25278349507711884,0.3105716988073781,1
1718,2500,ccmar,0.2558505160746848,cc_ccproj,0.28167759694224864,0.014742159597340893,0.252783495077119,0.3105716988073783,1
1718,2500,ccmar,0.2558505160746848,seq,0.2702892443983449,0.014850373126916967,0.24118304791260617,0.2993954408840836,1
1719,2500,ccmar,0.2558505160746848,full,0.2406521023558953,0.011049872085531235,0.21899475103447957,0.262309453677311,1
1719,2500,ccmar,0.2558505160746848,cc,0.2756853285344163,0.02144079161840573,0.23366214916231282,0.3177085079065198,1
1719,2500,ccmar,0.2558505160746848,cc_ccproj,0.2756853285344164,0.021440791618405727,0.23366214916231293,0.3177085079065199,1
1719,2500,ccmar,0.2558505160746848,seq,0.2754200920313787,0.021051024237092538,0.23416084268899753,0.3166793413737598,1
1720,2500,ccmar,0.2558505160746848,full,0.26046030033875267,0.010258683274311153,0.24035365059229938,0.280566950085206,1
1720,2500,ccmar,0.2558505160746848,cc,0.23966538343103674,0.010674194858405449,0.21874434594459943,0.260586420917474,1
1720,2500,ccmar,0.2558505160746848,cc_ccproj,0.23966538343103666,0.010674194858405454,0.21874434594459935,0.26058642091747397,1
1720,2500,ccmar,0.2558505160746848,seq,0.24174132132094797,0.010153750198481179,0.22184033662390842,0.2616423060179875,1
1721,2500,ccmar,0.2558505160746848,full,0.24990154861195146,0.012238035679360984,0.22591543943888776,0.27388765778501517,1
1721,2500,ccmar,0.2558505160746848,cc,0.24372417060291054,0.025261810254860538,0.19421193231909928,0.2932364088867218,1
1721,2500,ccmar,0.2558505160746848,cc_ccproj,0.24372417060291046,0.02526181025486053,0.19421193231909922,0.2932364088867217,1
1721,2500,ccmar,0.2558505160746848,seq,0.2405361735368154,0.02506978723361353,0.19140029345885085,0.28967205361477993,1
1722,2500,ccmar,0.2558505160746848,full,0.24967804969587515,0.010264385307722359,0.22956022416929725,0.2697958752224531,1
1722,2500,ccmar,0.2558505160746848,cc,0.24867621069407223,0.01421865882313398,0.22080815149226696,0.2765442698958775,1
1722,2500,ccmar,0.2558505160746848,cc_ccproj,0.24867621069407223,0.014218658823133987,0.22080815149226693,0.2765442698958775,1
1722,2500,ccmar,0.2558505160746848,seq,0.2519487048591921,0.013689139455499792,0.22511848454706623,0.2787789251713179,1
1723,2500,ccmar,0.2558505160746848,full,0.257218061143073,0.00944333381756986,0.23870946696664694,0.2757266553194991,1
1723,2500,ccmar,0.2558505160746848,cc,0.2563945929870875,0.014608471445710324,0.2277625150843135,0.2850266708898615,1
1723,2500,ccmar,0.2558505160746848,cc_ccproj,0.2563945929870878,0.01460847144571033,0.22776251508431375,0.2850266708898618,1
1723,2500,ccmar,0.2558505160746848,seq,0.2585384508449123,0.01395949071379092,0.23117835180336074,0.2858985498864638,1
1724,2500,ccmar,0.2558505160746848,full,0.24422733348388248,0.009774338116699694,0.225069982802434,0.26338468416533095,1
1724,2500,ccmar,0.2558505160746848,cc,0.2528879120559264,0.018252767711188226,0.2171131447238219,0.2886626793880309,1
1724,2500,ccmar,0.2558505160746848,cc_ccproj,0.2528879120559266,0.018252767711188205,0.21711314472382212,0.2886626793880311,1
1724,2500,ccmar,0.2558505160746848,seq,0.25021629871334605,0.01678789950736289,0.21731262030283707,0.28311997712385506,1
1725,2500,ccmar,0.2558505160746848,full,0.26636548654436626,0.008311904533298045,0.2500744530161669,0.28265652007256564,1
1725,2500,ccmar,0.2558505160746848,cc,0.25785717414450154,0.01219365576708102,0.23395804800114361,0.2817563002878595,1
1725,2500,ccmar,0.2558505160746848,cc_ccproj,0.25785717414450166,0.01219365576708101,0.23395804800114375,0.2817563002878596,1
1725,2500,ccmar,0.2558505160746848,seq,0.2554995273333595,0.01170600908558975,0.23255617112290494,0.2784428835438141,1
1726,2500,ccmar,0.2558505160746848,full,0.2384018181399857,0.01123410669143359,0.21638337362629545,0.26042026265367596,1
1726,2500,ccmar,0.2558505160746848,cc,0.269363602307776,0.015143180014565327,0.23968351486782125,0.29904368974773077,1
1726,2500,ccmar,0.2558505160746848,cc_ccproj,0.26936360230777623,0.015143180014565334,0.23968351486782144,0.299043689747731,1
1726,2500,ccmar,0.2558505160746848,seq,0.25803410205980043,0.014841575869316326,0.2289451478821217,0.2871230562374792,1
1727,2500,ccmar,0.2558505160746848,full,0.25835204100363324,0.009987257167295942,0.23877737665139367,0.2779267053558728,1
1727,2500,ccmar,0.2558505160746848,cc,0.26728131363161267,0.019403268584481378,0.2292516060236717,0.30531102123955367,1
1727,2500,ccmar,0.2558505160746848,cc_ccproj,0.26728131363161267,0.01940326858448136,0.22925160602367173,0.3053110212395536,1
1727,2500,ccmar,0.2558505160746848,seq,0.26887511348349297,0.017848642165701006,0.233892417665776,0.3038578093012099,1
1728,2500,ccmar,0.2558505160746848,full,0.2552513799816187,0.009981063543049151,0.2356888549098366,0.27481390505340075,1
1728,2500,ccmar,0.2558505160746848,cc,0.2704420076226136,0.020840302888052085,0.22959576453512545,0.3112882507101018,1
1728,2500,ccmar,0.2558505160746848,cc_ccproj,0.2704420076226135,0.020840302888052085,0.22959576453512534,0.3112882507101017,1
1728,2500,ccmar,0.2558505160746848,seq,0.2757770230966396,0.020732450179055024,0.23514216743442076,0.31641187875885846,1
1729,2500,ccmar,0.2558505160746848,full,0.26425304548530987,0.009445646226571805,0.24573991907052248,0.2827661719000973,1
1729,2500,ccmar,0.2558505160746848,cc,0.2572910592484734,0.014629694574615174,0.22861738477740662,0.2859647337195402,1
1729,2500,ccmar,0.2558505160746848,cc_ccproj,0.25729105924847345,0.014629694574615177,0.22861738477740667,0.28596473371954023,1
1729,2500,ccmar,0.2558505160746848,seq,0.26093489632670136,0.014553742109854434,0.23241008595110269,0.28945970670230003,1
1730,2500,ccmar,0.2558505160746848,full,0.24978443374866902,0.010996714126086682,0.22823127011325628,0.27133759738408175,1
1730,2500,ccmar,0.2558505160746848,cc,0.24742083703303125,0.01724077422012224,0.21362954049600502,0.2812121335700575,1
1730,2500,ccmar,0.2558505160746848,cc_ccproj,0.2474208370330314,0.01724077422012224,0.21362954049600516,0.2812121335700576,1
1730,2500,ccmar,0.2558505160746848,seq,0.2445436786764717,0.01703295625545308,0.21115969786553745,0.27792765948740594,1
1731,2500,ccmar,0.2558505160746848,full,0.24005782372636408,0.009802256082652457,0.2208457548371266,0.25926989261560157,1
1731,2500,ccmar,0.2558505160746848,cc,0.24836041325161937,0.014198041947807962,0.22053276238292685,0.2761880641203119,1
1731,2500,ccmar,0.2558505160746848,cc_ccproj,0.24836041325161942,0.014198041947807967,0.22053276238292688,0.27618806412031194,1
1731,2500,ccmar,0.2558505160746848,seq,0.2541027705038969,0.013513072198660157,0.2276176356740335,0.28058790533376027,1
1732,2500,ccmar,0.2558505160746848,full,0.26516840485472765,0.010224902793357004,0.24512796363432493,0.28520884607513036,1
1732,2500,ccmar,0.2558505160746848,cc,0.25866710405233334,0.014881226491527209,0.22950043608315668,0.28783377202151,1
1732,2500,ccmar,0.2558505160746848,cc_ccproj,0.25866710405233306,0.014881226491527216,0.22950043608315637,0.2878337720215097,1
1732,2500,ccmar,0.2558505160746848,seq,0.26080465960646015,0.014534361220456269,0.23231783507607023,0.2892914841368501,1
1733,2500,ccmar,0.2558505160746848,full,0.2655549605552707,0.009614587940642993,0.24671071446541734,0.28439920664512414,1
1733,2500,ccmar,0.2558505160746848,cc,0.2626508366466358,0.01494466776920397,0.23335982605807948,0.2919418472351921,1
1733,2500,ccmar,0.2558505160746848,cc_ccproj,0.2626508366466358,0.014944667769203971,0.23335982605807948,0.2919418472351921,1
1733,2500,ccmar,0.2558505160746848,seq,0.2594759026191552,0.014249661732154736,0.23154707883225328,0.28740472640605713,1
1734,2500,ccmar,0.2558505160746848,full,0.25127317341296795,0.009035775319346932,0.23356337921465206,0.2689829676112838,1
1734,2500,ccmar,0.2558505160746848,cc,0.2669533046039863,0.015038779071208591,0.23747783925296273,0.2964287699550099,1
1734,2500,ccmar,0.2558505160746848,cc_ccproj,0.26695330460398636,0.01503877907120859,0.2374778392529628,0.29642876995500994,1
1734,2500,ccmar,0.2558505160746848,seq,0.2667959433930525,0.014885175274562987,0.23762153595134294,0.2959703508347621,1
1735,2500,ccmar,0.2558505160746848,full,0.24232982744733314,0.010875419970945386,0.22101439598753253,0.26364525890713375,1
1735,2500,ccmar,0.2558505160746848,cc,0.2469876293336332,0.01690097687529985,0.21386232335450117,0.2801129353127652,1
1735,2500,ccmar,0.2558505160746848,cc_ccproj,0.24698762933363297,0.01690097687529986,0.21386232335450095,0.280112935312765,1
1735,2500,ccmar,0.2558505160746848,seq,0.2439977965659304,0.016954079521497176,0.21076841131276786,0.27722718181909295,1
1736,2500,ccmar,0.2558505160746848,full,0.24860222279087507,0.009663483882201345,0.22966214241657712,0.267542303165173,1
1736,2500,ccmar,0.2558505160746848,cc,0.23007785244995543,0.01613107843224641,0.19846151969096162,0.2616941852089492,1
1736,2500,ccmar,0.2558505160746848,cc_ccproj,0.23007785244995543,0.016131078432246388,0.19846151969096168,0.2616941852089492,1
1736,2500,ccmar,0.2558505160746848,seq,0.2237817952241012,0.0162418441366924,0.19194836567367105,0.25561522477453136,0
1737,2500,ccmar,0.2558505160746848,full,0.26916708256497957,0.009826370915906091,0.24990774947107175,0.2884264156588874,1
1737,2500,ccmar,0.2558505160746848,cc,0.2626392127429989,0.013237391260533658,0.23669440262308766,0.28858402286291013,1
1737,2500,ccmar,0.2558505160746848,cc_ccproj,0.26263921274299873,0.013237391260533663,0.2366944026230875,0.28858402286290996,1
1737,2500,ccmar,0.2558505160746848,seq,0.26012036315186515,0.012963035949176895,0.23471327956118043,0.2855274467425499,1
1738,2500,ccmar,0.2558505160746848,full,0.2557849341704555,0.008367494378220422,0.2393849465483021,0.2721849217926089,1
1738,2500,ccmar,0.2558505160746848,cc,0.23893647659653608,0.011350280053572264,0.21669033647709107,0.2611826167159811,1
1738,2500,ccmar,0.2558505160746848,cc_ccproj,0.23893647659653597,0.011350280053572269,0.21669033647709096,0.261182616715981,1
1738,2500,ccmar,0.2558505160746848,seq,0.2410437765075061,0.010967979349032509,0.21954693200022332,0.26254062101478887,1
1739,2500,ccmar,0.2558505160746848,full,0.26159668050779594,0.010961862681858543,0.24011182444787954,0.28308153656771234,1
1739,2500,ccmar,0.2558505160746848,cc,0.2837968097478338,0.0173702568505783,0.24975173191849015,0.3178418875771774,1
1739,2500,ccmar,0.2558505160746848,cc_ccproj,0.2837968097478337,0.017370256850578306,0.2497517319184901,0.31784188757717735,1
1739,2500,ccmar,0.2558505160746848,seq,0.29121049867276805,0.01707325166701261,0.2577475403064349,0.3246734570391012,0
1740,2500,ccmar,0.2558505160746848,full,0.25442877779647755,0.008601992914776074,0.2375691814882477,0.27128837410470735,1
1740,2500,ccmar,0.2558505160746848,cc,0.25410036107468453,0.01382396884398551,0.22700588001706912,0.28119484213229995,1
1740,2500,ccmar,0.2558505160746848,cc_ccproj,0.2541003610746847,0.01382396884398552,0.22700588001706928,0.2811948421323001,1
1740,2500,ccmar,0.2558505160746848,seq,0.25199418855155664,0.01352372216391035,0.22548818017336628,0.27850019692974703,1
1741,2500,ccmar,0.2558505160746848,full,0.25703093184055414,0.010428768807132872,0.23659092057547898,0.2774709431056293,1
1741,2500,ccmar,0.2558505160746848,cc,0.2639447740756888,0.019098454236166826,0.22651249161241538,0.3013770565389622,1
1741,2500,ccmar,0.2558505160746848,cc_ccproj,0.2639447740756887,0.019098454236166837,0.2265124916124153,0.3013770565389622,1
1741,2500,ccmar,0.2558505160746848,seq,0.268528002411776,0.018973490657462025,0.23134064406214322,0.30571536076140876,1
1742,2500,ccmar,0.2558505160746848,full,0.24839527759312613,0.01104724344096924,0.22674307832038007,0.27004747686587216,1
1742,2500,ccmar,0.2558505160746848,cc,0.21747506620144222,0.022668642199210623,0.17304534391256454,0.2619047884903199,1
1742,2500,ccmar,0.2558505160746848,cc_ccproj,0.21747506620144222,0.02266864219921062,0.17304534391256454,0.2619047884903199,1
1742,2500,ccmar,0.2558505160746848,seq,0.2211749757487336,0.021076835506963182,0.17986513724701075,0.26248481425045644,1
1743,2500,ccmar,0.2558505160746848,full,0.2684161859748769,0.012712833780624927,0.24349948962340784,0.2933328823263459,1
1743,2500,ccmar,0.2558505160746848,cc,0.3264271368197149,0.04088315760300848,0.2462976203435434,0.4065566532958864,1
1743,2500,ccmar,0.2558505160746848,cc_ccproj,0.32642713681971475,0.04088315760300848,0.24629762034354324,0.40655665329588625,1
1743,2500,ccmar,0.2558505160746848,seq,0.3238891648532196,0.04093189122576607,0.24366413223160707,0.4041141974748321,1
1744,2500,ccmar,0.2558505160746848,full,0.25719039955715073,0.008550592579979035,0.2404315460539164,0.27394925306038503,1
1744,2500,ccmar,0.2558505160746848,cc,0.24745110236571863,0.014731165750725353,0.218578548044007,0.27632365668743025,1
1744,2500,ccmar,0.2558505160746848,cc_ccproj,0.24745110236571882,0.014731165750725346,0.2185785480440072,0.2763236566874304,1
1744,2500,ccmar,0.2558505160746848,seq,0.2502905467762963,0.014375037195853708,0.22211599159599937,0.27846510195659324,1
1745,2500,ccmar,0.2558505160746848,full,0.26546957139130134,0.009260785394253993,0.24731876555000895,0.28362037723259376,1
1745,2500,ccmar,0.2558505160746848,cc,0.26826777992177886,0.015576974938955861,0.23773747005334236,0.2987980897902154,1
1745,2500,ccmar,0.2558505160746848,cc_ccproj,0.26826777992177886,0.015576974938955856,0.23773747005334236,0.2987980897902153,1
1745,2500,ccmar,0.2558505160746848,seq,0.2629036052873853,0.015384194601454652,0.23275113793737867,0.293056072637392,1
1746,2500,ccmar,0.2558505160746848,full,0.25614301935181655,0.01385238238216506,0.22899284878269588,0.2832931899209372,1
1746,2500,ccmar,0.2558505160746848,cc,0.23723657240295598,0.015736791318147224,0.20639302818716482,0.26808011661874714,1
1746,2500,ccmar,0.2558505160746848,cc_ccproj,0.23723657240295615,0.0157367913181472,0.20639302818716504,0.26808011661874726,1
1746,2500,ccmar,0.2558505160746848,seq,0.23749671344543244,0.014334773053712531,0.20940107453360063,0.26559235235726425,1
1747,2500,ccmar,0.2558505160746848,full,0.2640668386095682,0.009817964232167182,0.24482398231301808,0.28330969490611835,1
1747,2500,ccmar,0.2558505160746848,cc,0.24997604312841223,0.012030312794570059,0.2263970633283035,0.27355502292852096,1
1747,2500,ccmar,0.2558505160746848,cc_ccproj,0.24997604312841235,0.01203031279457007,0.2263970633283036,0.2735550229285211,1
1747,2500,ccmar,0.2558505160746848,seq,0.24879318336607156,0.011728422097031222,0.22580589846040663,0.2717804682717365,1
1748,2500,ccmar,0.2558505160746848,full,0.23731056142482831,0.009199660066254542,0.21927955902495805,0.2553415638246986,0
1748,2500,ccmar,0.2558505160746848,cc,0.24292771810620312,0.01564465230892373,0.2122647630300612,0.27359067318234503,1
1748,2500,ccmar,0.2558505160746848,cc_ccproj,0.24292771810620298,0.015644652308923753,0.21226476303006103,0.2735906731823449,1
1748,2500,ccmar,0.2558505160746848,seq,0.24234127046744297,0.015373496568155428,0.21220977087740822,0.2724727700574777,1
1749,2500,ccmar,0.2558505160746848,full,0.25391113042125546,0.0113637596757447,0.2316385707278273,0.27618369011468363,1
1749,2500,ccmar,0.2558505160746848,cc,0.2808350030475832,0.0186462586693512,0.24428900760923708,0.31738099848592927,1
1749,2500,ccmar,0.2558505160746848,cc_ccproj,0.2808350030475832,0.018646258669351195,0.2442890076092371,0.31738099848592927,1
1749,2500,ccmar,0.2558505160746848,seq,0.27892910710544644,0.018438871359574508,0.2427895833251133,0.3150686308857796,1
1750,2500,ccmar,0.2558505160746848,full,0.27793948567643195,0.011568837289801268,0.2552649812454175,0.3006139901074464,1
1750,2500,ccmar,0.2558505160746848,cc,0.2683541336876425,0.013604696827952399,0.24168941788426948,0.29501884949101553,1
1750,2500,ccmar,0.2558505160746848,cc_ccproj,0.2683541336876424,0.013604696827952402,0.24168941788426937,0.2950188494910154,1
1750,2500,ccmar,0.2558505160746848,seq,0.26694351338058087,0.013106640325329594,0.24125497038461452,0.2926320563765472,1
1751,2500,ccmar,0.2558505160746848,full,0.23691247119681133,0.009519319174936218,0.2182549484565948,0.25556999393702784,0
1751,2500,ccmar,0.2558505160746848,cc,0.2457945763032425,0.013669122039739589,0.21900358940507023,0.2725855632014148,1
1751,2500,ccmar,0.2558505160746848,cc_ccproj,0.24579457630324242,0.013669122039739587,0.21900358940507014,0.2725855632014147,1
1751,2500,ccmar,0.2558505160746848,seq,0.24569327138379848,0.013582717972303775,0.21907163334591817,0.2723149094216788,1
1752,2500,ccmar,0.2558505160746848,full,0.24682467011605078,0.009966954759140556,0.2272897977525952,0.26635954247950633,1
1752,2500,ccmar,0.2558505160746848,cc,0.2447957018725599,0.0107947604443017,0.22363836017999097,0.26595304356512883,1
1752,2500,ccmar,0.2558505160746848,cc_ccproj,0.24479570187255978,0.01079476044430171,0.22363836017999084,0.2659530435651287,1
1752,2500,ccmar,0.2558505160746848,seq,0.24778792319443296,0.010819388066031853,0.22658231225024805,0.2689935341386179,1
1753,2500,ccmar,0.2558505160746848,full,0.2632250411851005,0.00982480330608015,0.24396878054999332,0.28248130182020764,1
1753,2500,ccmar,0.2558505160746848,cc,0.2468216429917033,0.011800922974256922,0.22369225897782846,0.26995102700557816,1
1753,2500,ccmar,0.2558505160746848,cc_ccproj,0.2468216429917031,0.01180092297425694,0.22369225897782818,0.269951027005578,1
1753,2500,ccmar,0.2558505160746848,seq,0.24765464063228418,0.011474177601936576,0.22516566578027233,0.27014361548429605,1
1754,2500,ccmar,0.2558505160746848,full,0.2744005644367124,0.008447300895811125,0.25784415891434964,0.29095696995907516,0
1754,2500,ccmar,0.2558505160746848,cc,0.26751156955980493,0.01136104738518953,0.24524432585818048,0.28977881326142935,1
1754,2500,ccmar,0.2558505160746848,cc_ccproj,0.26751156955980493,0.01136104738518953,0.24524432585818048,0.28977881326142935,1
1754,2500,ccmar,0.2558505160746848,seq,0.26759317325263193,0.010964235363386676,0.2461036668223736,0.28908267968289025,1
1755,2500,ccmar,0.2558505160746848,full,0.23922220489094043,0.009428476711812779,0.22074273010671275,0.2577016796751681,1
1755,2500,ccmar,0.2558505160746848,cc,0.24784223287546228,0.012183310991152765,0.22396338212035188,0.2717210836305727,1
1755,2500,ccmar,0.2558505160746848,cc_ccproj,0.24784223287546225,0.012183310991152767,0.22396338212035183,0.2717210836305727,1
1755,2500,ccmar,0.2558505160746848,seq,0.2449774086623177,0.011759712713196367,0.22192879527591503,0.2680260220487204,1
1756,2500,ccmar,0.2558505160746848,full,0.2646612949072262,0.012123166610438463,0.24090032497218827,0.2884222648422641,1
1756,2500,ccmar,0.2558505160746848,cc,0.24726363371026674,0.01664277897065596,0.21464438632512048,0.27988288109541304,1
1756,2500,ccmar,0.2558505160746848,cc_ccproj,0.24726363371026674,0.01664277897065595,0.2146443863251205,0.279882881095413,1
1756,2500,ccmar,0.2558505160746848,seq,0.24936532645710677,0.01603127505500203,0.2179446047230474,0.2807860481911661,1
1757,2500,ccmar,0.2558505160746848,full,0.26515756513587946,0.01080633285313653,0.2439775419387799,0.286337588332979,1
1757,2500,ccmar,0.2558505160746848,cc,0.2580233183812802,0.017221677405653738,0.22426945091283165,0.29177718584972867,1
1757,2500,ccmar,0.2558505160746848,cc_ccproj,0.2580233183812801,0.01722167740565376,0.22426945091283157,0.29177718584972867,1
1757,2500,ccmar,0.2558505160746848,seq,0.26256000324873,0.017133596971416202,0.22897877025912972,0.29614123623833033,1
1758,2500,ccmar,0.2558505160746848,full,0.2512215455011496,0.013430354698821659,0.22489853399186088,0.27754455701043834,1
1758,2500,ccmar,0.2558505160746848,cc,0.25455369892639357,0.01739032188657003,0.22046929434915766,0.28863810350362945,1
1758,2500,ccmar,0.2558505160746848,cc_ccproj,0.25455369892639357,0.01739032188657003,0.22046929434915766,0.28863810350362945,1
1758,2500,ccmar,0.2558505160746848,seq,0.25669423116616974,0.017110622380730012,0.22315802754687392,0.29023043478546556,1
1759,2500,ccmar,0.2558505160746848,full,0.2563493131144919,0.010798052743611883,0.23518551863384868,0.2775131075951351,1
1759,2500,ccmar,0.2558505160746848,cc,0.25186077585585115,0.016321732916631554,0.21987076717397142,0.2838507845377309,1
1759,2500,ccmar,0.2558505160746848,cc_ccproj,0.25186077585585137,0.01632173291663156,0.2198707671739716,0.2838507845377311,1
1759,2500,ccmar,0.2558505160746848,seq,0.25683974447343233,0.015797753256860173,0.22587671705333606,0.2878027718935286,1
1760,2500,ccmar,0.2558505160746848,full,0.2619595910362406,0.010923248241614678,0.24055041788848536,0.28336876418399587,1
1760,2500,ccmar,0.2558505160746848,cc,0.2964548698296756,0.030216662481733412,0.23723129963247544,0.35567844002687576,1
1760,2500,ccmar,0.2558505160746848,cc_ccproj,0.29645486982967567,0.030216662481733398,0.23723129963247552,0.3556784400268758,1
1760,2500,ccmar,0.2558505160746848,seq,0.2921785597699494,0.029500331569138658,0.23435897236244763,0.34999814717745115,1
1761,2500,ccmar,0.2558505160746848,full,0.23300315331637095,0.010680693105607849,0.2120693794994543,0.2539369271332876,0
1761,2500,ccmar,0.2558505160746848,cc,0.21440138881577858,0.020916134563854084,0.17340651837483118,0.255396259256726,0
1761,2500,ccmar,0.2558505160746848,cc_ccproj,0.21440138881577855,0.020916134563854095,0.17340651837483112,0.255396259256726,0
1761,2500,ccmar,0.2558505160746848,seq,0.21406543670548778,0.02031208271752579,0.17425448612813876,0.2538763872828368,0
1762,2500,ccmar,0.2558505160746848,full,0.24198045560761952,0.010526272900578582,0.22134933983104554,0.2626115713841935,1
1762,2500,ccmar,0.2558505160746848,cc,0.2182221456835737,0.02077528331746963,0.17750333861271742,0.25894095275442996,1
1762,2500,ccmar,0.2558505160746848,cc_ccproj,0.21822214568357376,0.02077528331746961,0.1775033386127175,0.25894095275443,1
1762,2500,ccmar,0.2558505160746848,seq,0.223577787186938,0.019918306148632093,0.18453862450257638,0.26261694987129963,1
1763,2500,ccmar,0.2558505160746848,full,0.2599899667248451,0.011142012505047863,0.23815202349965636,0.2818279099500338,1
1763,2500,ccmar,0.2558505160746848,cc,0.297150462234427,0.029676183291626086,0.23898621178423055,0.35531471268462345,1
1763,2500,ccmar,0.2558505160746848,cc_ccproj,0.29715046223442715,0.029676183291626086,0.2389862117842307,0.3553147126846236,1
1763,2500,ccmar,0.2558505160746848,seq,0.3003779407759869,0.029613574175929257,0.24233640193766015,0.35841947961431364,1
1764,2500,ccmar,0.2558505160746848,full,0.2600369015801155,0.01361442544602784,0.23335311803569528,0.28672068512453575,1
1764,2500,ccmar,0.2558505160746848,cc,0.24676353067839887,0.023237694204252063,0.2012184869543097,0.2923085744024881,1
1764,2500,ccmar,0.2558505160746848,cc_ccproj,0.2467635306783989,0.02323769420425203,0.20121848695430977,0.29230857440248803,1
1764,2500,ccmar,0.2558505160746848,seq,0.24513788208318396,0.021811375094523515,0.20238837244462396,0.287887391721744,1
1765,2500,ccmar,0.2558505160746848,full,0.25565761284347194,0.009365405322076907,0.23730175571158146,0.2740134699753624,1
1765,2500,ccmar,0.2558505160746848,cc,0.23877042921141983,0.016874565458511168,0.2056968886579743,0.27184396976486536,1
1765,2500,ccmar,0.2558505160746848,cc_ccproj,0.2387704292114196,0.016874565458511178,0.2056968886579741,0.27184396976486513,1
1765,2500,ccmar,0.2558505160746848,seq,0.2351578143907554,0.016516441773429317,0.20278618336208107,0.2675294454194297,1
1766,2500,ccmar,0.2558505160746848,full,0.26308861761361796,0.009285165174008458,0.2448900282820558,0.2812872069451801,1
1766,2500,ccmar,0.2558505160746848,cc,0.24896402421472089,0.013368514568285616,0.22276221713408206,0.2751658312953597,1
1766,2500,ccmar,0.2558505160746848,cc_ccproj,0.24896402421472072,0.013368514568285606,0.2227622171340819,0.27516583129535954,1
1766,2500,ccmar,0.2558505160746848,seq,0.2502651934652954,0.013085001599267928,0.22461906159308126,0.27591132533750956,1
1767,2500,ccmar,0.2558505160746848,full,0.23742350785676564,0.012778018134845153,0.21237905251866945,0.2624679631948618,1
1767,2500,ccmar,0.2558505160746848,cc,0.23214201458824837,0.013849678801564116,0.20499714293973484,0.2592868862367619,1
1767,2500,ccmar,0.2558505160746848,cc_ccproj,0.23214201458824824,0.013849678801564125,0.2049971429397347,0.25928688623676177,1
1767,2500,ccmar,0.2558505160746848,seq,0.2348147265492201,0.013275516324535658,0.20879519267695665,0.26083426042148355,1
1768,2500,ccmar,0.2558505160746848,full,0.24580869986728662,0.010059919969955694,0.2260916190388182,0.26552578069575505,1
1768,2500,ccmar,0.2558505160746848,cc,0.24260489200688706,0.01600321540174283,0.2112391661826344,0.2739706178311397,1
1768,2500,ccmar,0.2558505160746848,cc_ccproj,0.24260489200688695,0.01600321540174281,0.21123916618263436,0.2739706178311396,1
1768,2500,ccmar,0.2558505160746848,seq,0.2335156524607367,0.015533376596021189,0.20307079377423778,0.2639605111472356,1
1769,2500,ccmar,0.2558505160746848,full,0.2600479947759555,0.009299460376570513,0.24182138736222003,0.278274602189691,1
1769,2500,ccmar,0.2558505160746848,cc,0.2657581861682901,0.014608020045456553,0.2371269929937561,0.2943893793428241,1
1769,2500,ccmar,0.2558505160746848,cc_ccproj,0.2657581861682901,0.01460802004545655,0.2371269929937561,0.2943893793428241,1
1769,2500,ccmar,0.2558505160746848,seq,0.26626372604042536,0.014036295071443257,0.23875309322401952,0.29377435885683123,1
1770,2500,ccmar,0.2558505160746848,full,0.25549325309738635,0.00982228080110883,0.2362419364811738,0.2747445697135989,1
1770,2500,ccmar,0.2558505160746848,cc,0.2652064189244308,0.015269601923905196,0.2352785490953131,0.2951342887535485,1
1770,2500,ccmar,0.2558505160746848,cc_ccproj,0.265206418924431,0.01526960192390518,0.23527854909531332,0.29513428875354863,1
1770,2500,ccmar,0.2558505160746848,seq,0.2653560520128714,0.015041694892328324,0.23587487175746777,0.29483723226827496,1
1771,2500,ccmar,0.2558505160746848,full,0.26182019400624873,0.011093561547132669,0.24007721291359024,0.2835631750989072,1
1771,2500,ccmar,0.2558505160746848,cc,0.23268918984209655,0.029359776813626254,0.17514508469325496,0.29023329499093814,1
1771,2500,ccmar,0.2558505160746848,cc_ccproj,0.2326891898420965,0.029359776813626247,0.1751450846932549,0.2902332949909381,1
1771,2500,ccmar,0.2558505160746848,seq,0.23767829345490504,0.027405877740788606,0.18396376011825144,0.29139282679155865,1
1772,2500,ccmar,0.2558505160746848,full,0.2635410343995146,0.01049069279387026,0.242979654350655,0.2841024144483742,1
1772,2500,ccmar,0.2558505160746848,cc,0.26502142556981284,0.010786499025664954,0.24388027596023315,0.28616257517939253,1
1772,2500,ccmar,0.2558505160746848,cc_ccproj,0.2650214255698129,0.010786499025664953,0.2438802759602332,0.2861625751793926,1
1772,2500,ccmar,0.2558505160746848,seq,0.2645699946387324,0.010519179393018581,0.24395278188150005,0.2851872073959647,1
1773,2500,ccmar,0.2558505160746848,full,0.2470532127691556,0.012191915161890117,0.22315749814928315,0.27094892738902804,1
1773,2500,ccmar,0.2558505160746848,cc,0.24385751447015774,0.021900227350173225,0.20093385761057916,0.28678117132973635,1
1773,2500,ccmar,0.2558505160746848,cc_ccproj,0.24385751447015755,0.021900227350173215,0.20093385761057897,0.28678117132973613,1
1773,2500,ccmar,0.2558505160746848,seq,0.2426182176608144,0.02093321422275364,0.20158987170355563,0.28364656361807317,1
1774,2500,ccmar,0.2558505160746848,full,0.2586716053642188,0.01021273339517482,0.23865501572596667,0.2786881950024709,1
1774,2500,ccmar,0.2558505160746848,cc,0.2614024809465108,0.017030817815825165,0.22802269140023038,0.29478227049279127,1
1774,2500,ccmar,0.2558505160746848,cc_ccproj,0.261402480946511,0.017030817815825158,0.22802269140023057,0.2947822704927914,1
1774,2500,ccmar,0.2558505160746848,seq,0.2599911619240812,0.016787521179174834,0.22708822502319517,0.2928940988249673,1
1775,2500,ccmar,0.2558505160746848,full,0.2705274124145536,0.010104213412221008,0.25072351803449383,0.29033130679461333,1
1775,2500,ccmar,0.2558505160746848,cc,0.2653557689162893,0.012139415021041593,0.24156295268166325,0.28914858515091535,1
1775,2500,ccmar,0.2558505160746848,cc_ccproj,0.26535576891628926,0.01213941502104159,0.2415629526816632,0.2891485851509153,1
1775,2500,ccmar,0.2558505160746848,seq,0.259475243741524,0.012356345263493324,0.235257252044535,0.283693235438513,1
1776,2500,ccmar,0.2558505160746848,full,0.2653183060226088,0.010341822488382732,0.24504870641087226,0.2855879056343454,1
1776,2500,ccmar,0.2558505160746848,cc,0.2635704475125026,0.015674504859690665,0.23284898251201083,0.29429191251299436,1
1776,2500,ccmar,0.2558505160746848,cc_ccproj,0.26357044751250247,0.01567450485969067,0.2328489825120107,0.29429191251299425,1
1776,2500,ccmar,0.2558505160746848,seq,0.2635821493688306,0.015108758606144308,0.23396952664967818,0.29319477208798306,1
1777,2500,ccmar,0.2558505160746848,full,0.23605714983325551,0.00907789620921776,0.218264800207796,0.253849499458715,0
1777,2500,ccmar,0.2558505160746848,cc,0.24334539305358535,0.016146614477928187,0.2116986102045931,0.27499217590257763,1
1777,2500,ccmar,0.2558505160746848,cc_ccproj,0.2433453930535855,0.01614661447792817,0.21169861020459327,0.27499217590257774,1
1777,2500,ccmar,0.2558505160746848,seq,0.24307286471167253,0.015688862057159254,0.2123232601212234,0.2738224693021216,1
1778,2500,ccmar,0.2558505160746848,full,0.262033180318051,0.009478509326331526,0.2434556434113142,0.2806107172247878,1
1778,2500,ccmar,0.2558505160746848,cc,0.26350023287144586,0.013951666676215996,0.23615546866175485,0.29084499708113687,1
1778,2500,ccmar,0.2558505160746848,cc_ccproj,0.26350023287144575,0.013951666676216001,0.23615546866175474,0.29084499708113676,1
1778,2500,ccmar,0.2558505160746848,seq,0.26679580128301816,0.01379497546563271,0.2397581462027644,0.29383345636327196,1
1779,2500,ccmar,0.2558505160746848,full,0.24988020095344174,0.009190684517028478,0.23186679030679602,0.26789361160008746,1
1779,2500,ccmar,0.2558505160746848,cc,0.25753351362763416,0.015199216841818805,0.22774359602445468,0.28732343123081366,1
1779,2500,ccmar,0.2558505160746848,cc_ccproj,0.257533513627634,0.015199216841818826,0.22774359602445446,0.2873234312308135,1
1779,2500,ccmar,0.2558505160746848,seq,0.25370619314485815,0.015120163709408942,0.22407121683406708,0.28334116945564924,1
1780,2500,ccmar,0.2558505160746848,full,0.25206552774860513,0.009938137467430646,0.23258713623903296,0.2715439192581773,1
1780,2500,ccmar,0.2558505160746848,cc,0.2504589371719756,0.016715743240660066,0.21769668244546303,0.28322119189848816,1
1780,2500,ccmar,0.2558505160746848,cc_ccproj,0.2504589371719756,0.016715743240660094,0.21769668244546297,0.2832211918984882,1
1780,2500,ccmar,0.2558505160746848,seq,0.24978380641847342,0.01629072264366378,0.21785457675476128,0.28171303608218556,1
1781,2500,ccmar,0.2558505160746848,full,0.2671654269582299,0.010178299732628246,0.2472163260584249,0.28711452785803493,1
1781,2500,ccmar,0.2558505160746848,cc,0.2565448523321095,0.01166178087634447,0.23368818181887638,0.2794015228453426,1
1781,2500,ccmar,0.2558505160746848,cc_ccproj,0.25654485233210933,0.011661780876344476,0.2336881818188762,0.2794015228453425,1
1781,2500,ccmar,0.2558505160746848,seq,0.25540091558107825,0.01178524938172405,0.23230225124407616,0.27849957991808033,1
1782,2500,ccmar,0.2558505160746848,full,0.23540880055417607,0.01285082571386512,0.2102216449833992,0.26059595612495295,1
1782,2500,ccmar,0.2558505160746848,cc,0.24813404688255564,0.02043443864768397,0.2080832830888017,0.2881848106763096,1
1782,2500,ccmar,0.2558505160746848,cc_ccproj,0.24813404688255555,0.02043443864768397,0.2080832830888016,0.2881848106763095,1
1782,2500,ccmar,0.2558505160746848,seq,0.24979472390897758,0.0203548547025799,0.20989994178137522,0.28968950603657995,1
1783,2500,ccmar,0.2558505160746848,full,0.24917474688087787,0.009907204201461418,0.22975698345852957,0.2685925103032262,1
1783,2500,ccmar,0.2558505160746848,cc,0.2679579940569291,0.014252088136930994,0.2400244146040538,0.29589157350980444,1
1783,2500,ccmar,0.2558505160746848,cc_ccproj,0.2679579940569289,0.014252088136930997,0.24002441460405358,0.2958915735098042,1
1783,2500,ccmar,0.2558505160746848,seq,0.2613519580157217,0.014079950957158588,0.2337557612356006,0.2889481547958428,1
1784,2500,ccmar,0.2558505160746848,full,0.24498131508818838,0.009385938678722712,0.2265852133167904,0.2633774168595864,1
1784,2500,ccmar,0.2558505160746848,cc,0.21655660756860048,0.017789793701391225,0.18168925262147617,0.2514239625157248,0
1784,2500,ccmar,0.2558505160746848,cc_ccproj,0.21655660756860062,0.01778979370139119,0.1816892526214764,0.25142396251572485,0
1784,2500,ccmar,0.2558505160746848,seq,0.21638798144908397,0.016815980874780596,0.18342926456979966,0.24934669832836828,0
1785,2500,ccmar,0.2558505160746848,full,0.2551361573854765,0.00960188543582579,0.2363168077475783,0.27395550702337473,1
1785,2500,ccmar,0.2558505160746848,cc,0.27469765438839305,0.01863915989172852,0.23816557229852164,0.31122973647826446,1
1785,2500,ccmar,0.2558505160746848,cc_ccproj,0.2746976543883932,0.01863915989172853,0.2381655722985218,0.31122973647826463,1
1785,2500,ccmar,0.2558505160746848,seq,0.2784257430170202,0.018304173396248194,0.24255022239359755,0.31430126364044286,1
1786,2500,ccmar,0.2558505160746848,full,0.2644634640692704,0.010840480296201015,0.24321651311360032,0.2857104150249405,1
1786,2500,ccmar,0.2558505160746848,cc,0.2966849069637111,0.029897816906238432,0.23808626261111102,0.3552835513163112,1
1786,2500,ccmar,0.2558505160746848,cc_ccproj,0.29668490696371125,0.029897816906238443,0.23808626261111115,0.35528355131631134,1
1786,2500,ccmar,0.2558505160746848,seq,0.2949547051842592,0.029698623877568355,0.23674647199382393,0.3531629383746945,1
1787,2500,ccmar,0.2558505160746848,full,0.2587995590014619,0.009330528835074414,0.24051205852800359,0.27708705947492024,1
1787,2500,ccmar,0.2558505160746848,cc,0.23979216639538353,0.0166799633961354,0.20710003887551173,0.2724842939152553,1
1787,2500,ccmar,0.2558505160746848,cc_ccproj,0.23979216639538362,0.01667996339613538,0.20710003887551187,0.27248429391525536,1
1787,2500,ccmar,0.2558505160746848,seq,0.24450194065068223,0.01581678662800403,0.2135016085086396,0.2755022727927249,1
1788,2500,ccmar,0.2558505160746848,full,0.24758482685646674,0.00949343115060031,0.22897804371157948,0.266191610001354,1
1788,2500,ccmar,0.2558505160746848,cc,0.24331153364730707,0.012654457929777329,0.2185092518610662,0.2681138154335479,1
1788,2500,ccmar,0.2558505160746848,cc_ccproj,0.24331153364730698,0.012654457929777332,0.21850925186106612,0.26811381543354784,1
1788,2500,ccmar,0.2558505160746848,seq,0.24894432030695465,0.012470642025450989,0.22450231107297908,0.27338632954093023,1
1789,2500,ccmar,0.2558505160746848,full,0.24286780871438185,0.008628482046764092,0.22595629466147377,0.25977932276728993,1
1789,2500,ccmar,0.2558505160746848,cc,0.23670800169675849,0.013235799188862075,0.21076631197998436,0.2626496914135326,1
1789,2500,ccmar,0.2558505160746848,cc_ccproj,0.23670800169675849,0.013235799188862078,0.21076631197998436,0.2626496914135326,1
1789,2500,ccmar,0.2558505160746848,seq,0.24364975473141812,0.013102179061129307,0.21796995565260985,0.2693295538102264,1
1790,2500,ccmar,0.2558505160746848,full,0.24883644716729936,0.008401313013312655,0.23237017623835887,0.26530271809623984,1
1790,2500,ccmar,0.2558505160746848,cc,0.2503024608620931,0.013057947333232274,0.224709354376937,0.27589556734724924,1
1790,2500,ccmar,0.2558505160746848,cc_ccproj,0.2503024608620933,0.013057947333232282,0.22470935437693718,0.2758955673472494,1
1790,2500,ccmar,0.2558505160746848,seq,0.2505818290844301,0.01258827181817402,0.2259092696932085,0.27525438847565176,1
1791,2500,ccmar,0.2558505160746848,full,0.25984028575124085,0.009476534948030657,0.24126661855486561,0.2784139529476161,1
1791,2500,ccmar,0.2558505160746848,cc,0.2473607178797311,0.013421838238840958,0.22105439832528032,0.27366703743418186,1
1791,2500,ccmar,0.2558505160746848,cc_ccproj,0.24736071787973116,0.01342183823884096,0.22105439832528037,0.27366703743418197,1
1791,2500,ccmar,0.2558505160746848,seq,0.24667516796282943,0.013279735204948486,0.22064736523690176,0.2727029706887571,1
1792,2500,ccmar,0.2558505160746848,full,0.252361505067239,0.01075654359589741,0.2312790670211451,0.27344394311333287,1
1792,2500,ccmar,0.2558505160746848,cc,0.265817788233933,0.01290952363301844,0.24051558685564817,0.2911199896122178,1
1792,2500,ccmar,0.2558505160746848,cc_ccproj,0.26581778823393304,0.012909523633018439,0.24051558685564822,0.29111998961221786,1
1792,2500,ccmar,0.2558505160746848,seq,0.26221500454289387,0.012555750897390148,0.2376061849851527,0.286823824100635,1
1793,2500,ccmar,0.2558505160746848,full,0.2608607598020626,0.009110025314339493,0.24300543828770899,0.2787160813164162,1
1793,2500,ccmar,0.2558505160746848,cc,0.25193806319327317,0.01745531429126995,0.21772627584355678,0.2861498505429896,1
1793,2500,ccmar,0.2558505160746848,cc_ccproj,0.25193806319327305,0.01745531429126995,0.21772627584355667,0.28614985054298947,1
1793,2500,ccmar,0.2558505160746848,seq,0.25681762028488747,0.0168710611106875,0.22375094812696564,0.2898842924428093,1
1794,2500,ccmar,0.2558505160746848,full,0.2530825289524415,0.009262986752141678,0.23492740852897215,0.2712376493759108,1
1794,2500,ccmar,0.2558505160746848,cc,0.2576361859916432,0.013181921251250499,0.23180009509214902,0.2834722768911373,1
1794,2500,ccmar,0.2558505160746848,cc_ccproj,0.2576361859916429,0.013181921251250504,0.23180009509214874,0.2834722768911371,1
1794,2500,ccmar,0.2558505160746848,seq,0.25699271959369185,0.013062371295348601,0.2313909423021188,0.28259449688526495,1
1795,2500,ccmar,0.2558505160746848,full,0.24399333283112,0.008492695384087206,0.22734795574663952,0.2606387099156005,1
1795,2500,ccmar,0.2558505160746848,cc,0.23712236359384206,0.011281806373991796,0.21501042942026372,0.2592342977674204,1
1795,2500,ccmar,0.2558505160746848,cc_ccproj,0.23712236359384214,0.011281806373991796,0.2150104294202638,0.25923429776742046,1
1795,2500,ccmar,0.2558505160746848,seq,0.2362965522593236,0.011080839705954446,0.2145785055171915,0.25801459900145574,1
1796,2500,ccmar,0.2558505160746848,full,0.2439032858150671,0.010742467871160637,0.22284843568251358,0.26495813594762063,1
1796,2500,ccmar,0.2558505160746848,cc,0.20598173001168907,0.020558555251539937,0.165687702144494,0.24627575787888414,0
1796,2500,ccmar,0.2558505160746848,cc_ccproj,0.20598173001168912,0.020558555251539937,0.16568770214449405,0.2462757578788842,0
1796,2500,ccmar,0.2558505160746848,seq,0.21148106004734918,0.019373499447944934,0.1735096988748705,0.24945242121982786,0
1797,2500,ccmar,0.2558505160746848,full,0.2401038224674376,0.010001485155649746,0.22050127177045215,0.2597063731644231,1
1797,2500,ccmar,0.2558505160746848,cc,0.21249949612126762,0.016315347591139628,0.18052200244738162,0.24447698979515362,0
1797,2500,ccmar,0.2558505160746848,cc_ccproj,0.21249949612126762,0.01631534759113962,0.18052200244738165,0.2444769897951536,0
1797,2500,ccmar,0.2558505160746848,seq,0.2182181611893935,0.015830181562739385,0.1871915754576943,0.2492447469210927,0
1798,2500,ccmar,0.2558505160746848,full,0.2477350288427483,0.009060089004890266,0.22997758069643606,0.2654924769890606,1
1798,2500,ccmar,0.2558505160746848,cc,0.24870752899753473,0.014962772000490872,0.21938103476768828,0.2780340232273812,1
1798,2500,ccmar,0.2558505160746848,cc_ccproj,0.2487075289975347,0.014962772000490876,0.21938103476768825,0.27803402322738113,1
1798,2500,ccmar,0.2558505160746848,seq,0.2445646372931802,0.014600402590431785,0.21594837405614858,0.2731809005302118,1
1799,2500,ccmar,0.2558505160746848,full,0.254026756014783,0.009232596083117842,0.23593120020806643,0.2721223118214995,1
1799,2500,ccmar,0.2558505160746848,cc,0.2508669671902261,0.015001603482115121,0.2214643646549298,0.2802695697255224,1
1799,2500,ccmar,0.2558505160746848,cc_ccproj,0.25086696719022594,0.015001603482115133,0.2214643646549296,0.28026956972552225,1
1799,2500,ccmar,0.2558505160746848,seq,0.24838627009822822,0.014994646499373716,0.21899730299854614,0.2777752371979103,1
1800,2500,ccmar,0.2558505160746848,full,0.25319478588195327,0.011067385916189783,0.23150310808321545,0.2748864636806911,1
1800,2500,ccmar,0.2558505160746848,cc,0.22777759019758367,0.025295955181768873,0.17819842908677733,0.27735675130839,1
1800,2500,ccmar,0.2558505160746848,cc_ccproj,0.22777759019758367,0.025295955181768855,0.17819842908677735,0.27735675130839,1
1800,2500,ccmar,0.2558505160746848,seq,0.2353378944518457,0.024358528517499933,0.187596055841154,0.2830797330625374,1
1801,2500,ccmar,0.2558505160746848,full,0.2600165975187876,0.008720938757409182,0.2429238716428861,0.2771093233946891,1
1801,2500,ccmar,0.2558505160746848,cc,0.2519806574374946,0.012035222303016896,0.22839205517764827,0.2755692596973409,1
1801,2500,ccmar,0.2558505160746848,cc_ccproj,0.25198065743749465,0.012035222303016903,0.22839205517764832,0.275569259697341,1
1801,2500,ccmar,0.2558505160746848,seq,0.24995827109936267,0.011911540211715269,0.22661208128400012,0.2733044609147252,1
1802,2500,ccmar,0.2558505160746848,full,0.2523731543281918,0.00917682125461856,0.23438691517657775,0.27035939347980587,1
1802,2500,ccmar,0.2558505160746848,cc,0.2437483556506445,0.015347220836436309,0.21366835554844665,0.27382835575284237,1
1802,2500,ccmar,0.2558505160746848,cc_ccproj,0.24374835565064437,0.015347220836436313,0.21366835554844651,0.27382835575284226,1
1802,2500,ccmar,0.2558505160746848,seq,0.24372313549993632,0.014638148407289477,0.2150328918212966,0.27241337917857605,1
1803,2500,ccmar,0.2558505160746848,full,0.26195456874337003,0.009350771763399353,0.2436273928594532,0.28028174462728683,1
1803,2500,ccmar,0.2558505160746848,cc,0.2697311094140293,0.0163331628877124,0.23771869840048676,0.3017435204275718,1
1803,2500,ccmar,0.2558505160746848,cc_ccproj,0.26973110941402956,0.016333162887712395,0.23771869840048704,0.3017435204275721,1
1803,2500,ccmar,0.2558505160746848,seq,0.2748643882274248,0.015695263780717367,0.2441022364893628,0.30562653996548683,1
1804,2500,ccmar,0.2558505160746848,full,0.2780284932902312,0.009064531230310384,0.2602623385420843,0.2957946480383781,0
1804,2500,ccmar,0.2558505160746848,cc,0.27235345966014185,0.012358109152546213,0.24813201080413647,0.2965749085161472,1
1804,2500,ccmar,0.2558505160746848,cc_ccproj,0.2723534596601419,0.012358109152546218,0.24813201080413652,0.2965749085161473,1
1804,2500,ccmar,0.2558505160746848,seq,0.2690824435612995,0.012170458892670035,0.24522878245634103,0.292936104666258,1
1805,2500,ccmar,0.2558505160746848,full,0.24252564195105483,0.011448200569892288,0.22008758114627502,0.26496370275583464,1
1805,2500,ccmar,0.2558505160746848,cc,0.23838484447615482,0.01973828116322052,0.19969852427951723,0.2770711646727924,1
1805,2500,ccmar,0.2558505160746848,cc_ccproj,0.23838484447615496,0.019738281163220506,0.1996985242795174,0.2770711646727925,1
1805,2500,ccmar,0.2558505160746848,seq,0.2387252314305643,0.018924057417417137,0.20163476045105863,0.2758157024100699,1
1806,2500,ccmar,0.2558505160746848,full,0.25695923747838717,0.009321101412158419,0.23869021441431124,0.27522826054246313,1
1806,2500,ccmar,0.2558505160746848,cc,0.27147893160556014,0.014169097715678985,0.24370801038940057,0.2992498528217197,1
1806,2500,ccmar,0.2558505160746848,cc_ccproj,0.27147893160556,0.01416909771567898,0.2437080103894005,0.29924985282171956,1
1806,2500,ccmar,0.2558505160746848,seq,0.26953793922334224,0.014157799115815774,0.2417891628559903,0.2972867155906942,1
1807,2500,ccmar,0.2558505160746848,full,0.24304505265518775,0.009342143443376413,0.22473478796776297,0.2613553173426125,1
1807,2500,ccmar,0.2558505160746848,cc,0.2230045139796611,0.012697950784831507,0.19811698776392922,0.24789204019539296,0
1807,2500,ccmar,0.2558505160746848,cc_ccproj,0.22300451397966112,0.012697950784831501,0.19811698776392928,0.24789204019539296,0
1807,2500,ccmar,0.2558505160746848,seq,0.21982967656458527,0.012165098310825028,0.19598652200697916,0.24367283112219137,0
1808,2500,ccmar,0.2558505160746848,full,0.2409250307875722,0.012241940165116068,0.21693126896305037,0.264918792612094,1
1808,2500,ccmar,0.2558505160746848,cc,0.2516607162390224,0.015670091911103474,0.22094790045882717,0.28237353201921767,1
1808,2500,ccmar,0.2558505160746848,cc_ccproj,0.2516607162390223,0.015670091911103468,0.2209479004588271,0.28237353201921755,1
1808,2500,ccmar,0.2558505160746848,seq,0.25850839338527387,0.015103569126975868,0.2289059418583901,0.28811084491215766,1
1809,2500,ccmar,0.2558505160746848,full,0.2648174766811964,0.01054785378228941,0.24414406315371454,0.2854908902086782,1
1809,2500,ccmar,0.2558505160746848,cc,0.2565354663415114,0.01386054033367796,0.22936930648123782,0.283701626201785,1
1809,2500,ccmar,0.2558505160746848,cc_ccproj,0.25653546634151136,0.01386054033367796,0.22936930648123777,0.28370162620178496,1
1809,2500,ccmar,0.2558505160746848,seq,0.2563346277430863,0.013470168781224558,0.22993358206621037,0.2827356734199622,1
1810,2500,ccmar,0.2558505160746848,full,0.22913737755241445,0.009513602377718297,0.21049105952885197,0.24778369557597693,0
1810,2500,ccmar,0.2558505160746848,cc,0.21486549955798945,0.01941081830776532,0.1768209947643187,0.2529100043516602,0
1810,2500,ccmar,0.2558505160746848,cc_ccproj,0.21486549955798942,0.0194108183077653,0.17682099476431873,0.2529100043516601,0
1810,2500,ccmar,0.2558505160746848,seq,0.2148480264229429,0.01843759203900263,0.17871101006485532,0.25098504278103045,0
1811,2500,ccmar,0.2558505160746848,full,0.24928713439944808,0.009568253496723468,0.23053370215092064,0.2680405666479755,1
1811,2500,ccmar,0.2558505160746848,cc,0.25597858543184865,0.014910447866494966,0.22675464462015643,0.28520252624354087,1
1811,2500,ccmar,0.2558505160746848,cc_ccproj,0.2559785854318488,0.014910447866494954,0.22675464462015663,0.28520252624354103,1
1811,2500,ccmar,0.2558505160746848,seq,0.25913562353135533,0.014068073849902938,0.23156270545369584,0.2867085416090148,1
1812,2500,ccmar,0.2558505160746848,full,0.23215868824160493,0.010305387667434234,0.2119604995667106,0.2523568769164993,0
1812,2500,ccmar,0.2558505160746848,cc,0.2709703350724426,0.020123839936599004,0.23152833356605976,0.31041233657882544,1
1812,2500,ccmar,0.2558505160746848,cc_ccproj,0.2709703350724427,0.020123839936599008,0.23152833356605987,0.3104123365788256,1
1812,2500,ccmar,0.2558505160746848,seq,0.2672390673492759,0.01976014395133402,0.2285098968753342,0.3059682378232176,1
1813,2500,ccmar,0.2558505160746848,full,0.26530085506916146,0.015005010166751305,0.23589157555467155,0.29471013458365136,1
1813,2500,ccmar,0.2558505160746848,cc,0.25296112863096604,0.01528437021825255,0.22300431347681443,0.28291794378511764,1
1813,2500,ccmar,0.2558505160746848,cc_ccproj,0.25296112863096587,0.01528437021825255,0.22300431347681426,0.2829179437851175,1
1813,2500,ccmar,0.2558505160746848,seq,0.254192303767606,0.014068175085727106,0.22661918727137717,0.2817654202638348,1
1814,2500,ccmar,0.2558505160746848,full,0.25930905826073375,0.009649289593236165,0.2403967981815937,0.2782213183398738,1
1814,2500,ccmar,0.2558505160746848,cc,0.2647310481109016,0.013532789480405583,0.23820726811894413,0.291254828102859,1
1814,2500,ccmar,0.2558505160746848,cc_ccproj,0.2647310481109018,0.013532789480405583,0.23820726811894435,0.29125482810285924,1
1814,2500,ccmar,0.2558505160746848,seq,0.2622851634903552,0.013315570384087308,0.23618712510393589,0.28838320187677446,1
1815,2500,ccmar,0.2558505160746848,full,0.25812628418319866,0.00982244145351883,0.2388746526940485,0.2773779156723488,1
1815,2500,ccmar,0.2558505160746848,cc,0.2791300792823721,0.020531956876630054,0.2388881832720477,0.3193719752926965,1
1815,2500,ccmar,0.2558505160746848,cc_ccproj,0.2791300792823722,0.02053195687663006,0.2388881832720478,0.3193719752926966,1
1815,2500,ccmar,0.2558505160746848,seq,0.27629142158349934,0.02033230649882469,0.23644083312317327,0.3161420100438254,1
1816,2500,ccmar,0.2558505160746848,full,0.2536654125731962,0.009959014384114466,0.2341461030588155,0.2731847220875769,1
1816,2500,ccmar,0.2558505160746848,cc,0.22595751794351068,0.01890391733161224,0.18890652080682818,0.2630085150801932,1
1816,2500,ccmar,0.2558505160746848,cc_ccproj,0.22595751794351063,0.018903917331612247,0.1889065208068281,0.2630085150801932,1
1816,2500,ccmar,0.2558505160746848,seq,0.22574473298883727,0.01872839595499917,0.18903775142883328,0.26245171454884125,1
1817,2500,ccmar,0.2558505160746848,full,0.2623880604787879,0.009870279780326221,0.24304266759201457,0.2817334533655612,1
1817,2500,ccmar,0.2558505160746848,cc,0.2654569664609191,0.01394019505683423,0.23813468621206071,0.2927792467097775,1
1817,2500,ccmar,0.2558505160746848,cc_ccproj,0.26545696646091893,0.01394019505683424,0.23813468621206052,0.29277924670977734,1
1817,2500,ccmar,0.2558505160746848,seq,0.25816573928514663,0.01373526125299051,0.23124512191103674,0.2850863566592565,1
1818,2500,ccmar,0.2558505160746848,full,0.26099721691856903,0.009136765212408457,0.24308948616705,0.27890494767008805,1
1818,2500,ccmar,0.2558505160746848,cc,0.24879017599755263,0.01600835377770603,0.2174143791414731,0.28016597285363215,1
1818,2500,ccmar,0.2558505160746848,cc_ccproj,0.2487901759975522,0.016008353777706052,0.21741437914147263,0.28016597285363176,1
1818,2500,ccmar,0.2558505160746848,seq,0.25326254156019484,0.015742272987566124,0.22240825346976748,0.2841168296506222,1
1819,2500,ccmar,0.2558505160746848,full,0.25010647508726336,0.00995080228519359,0.23060326099100506,0.2696096891835217,1
1819,2500,ccmar,0.2558505160746848,cc,0.23935234120646637,0.011733692370701368,0.2163547267542193,0.26234995565871344,1
1819,2500,ccmar,0.2558505160746848,cc_ccproj,0.23935234120646656,0.011733692370701359,0.2163547267542195,0.2623499556587136,1
1819,2500,ccmar,0.2558505160746848,seq,0.2383118519160052,0.011751044926833107,0.2152802270787002,0.2613434767533102,1
1820,2500,ccmar,0.2558505160746848,full,0.24048632314187016,0.011360354226455953,0.2182204380063991,0.2627522082773412,1
1820,2500,ccmar,0.2558505160746848,cc,0.24040375373274137,0.018819557615950635,0.20351809860050163,0.2772894088649811,1
1820,2500,ccmar,0.2558505160746848,cc_ccproj,0.24040375373274123,0.01881955761595064,0.2035180986005015,0.277289408864981,1
1820,2500,ccmar,0.2558505160746848,seq,0.2354517031825997,0.01818860078878654,0.19980270070740125,0.27110070565779815,1
1821,2500,ccmar,0.2558505160746848,full,0.2672259806537732,0.011675113616230219,0.24434317845054876,0.2901087828569976,1
1821,2500,ccmar,0.2558505160746848,cc,0.26207809130190934,0.01480132257783913,0.23306803212578509,0.2910881504780336,1
1821,2500,ccmar,0.2558505160746848,cc_ccproj,0.2620780913019093,0.014801322577839133,0.23306803212578503,0.29108815047803355,1
1821,2500,ccmar,0.2558505160746848,seq,0.2629178732860463,0.014339448784274652,0.23481307011071134,0.2910226764613813,1
1822,2500,ccmar,0.2558505160746848,full,0.26313864978409957,0.009584703580762825,0.24435297596331235,0.2819243236048868,1
1822,2500,ccmar,0.2558505160746848,cc,0.26557272616722605,0.02102451003414874,0.22436544370769354,0.3067800086267586,1
1822,2500,ccmar,0.2558505160746848,cc_ccproj,0.2655727261672261,0.021024510034148746,0.22436544370769357,0.30678000862675864,1
1822,2500,ccmar,0.2558505160746848,seq,0.26588308433556984,0.020029543606518388,0.2266259002400193,0.3051402684311204,1
1823,2500,ccmar,0.2558505160746848,full,0.2731885360942928,0.00940972876166221,0.2547458066171442,0.29163126557144137,1
1823,2500,ccmar,0.2558505160746848,cc,0.2635126997072636,0.016906770684598244,0.23037603807057344,0.29664936134395375,1
1823,2500,ccmar,0.2558505160746848,cc_ccproj,0.26351269970726354,0.016906770684598258,0.23037603807057336,0.2966493613439537,1
1823,2500,ccmar,0.2558505160746848,seq,0.2590321543092371,0.016752483614512533,0.22619788977319516,0.29186641884527903,1
1824,2500,ccmar,0.2558505160746848,full,0.24504177196129937,0.009798773441453523,0.22583652892338285,0.2642470149992159,1
1824,2500,ccmar,0.2558505160746848,cc,0.25223935492818544,0.017725350371837697,0.2174983065860299,0.28698040327034097,1
1824,2500,ccmar,0.2558505160746848,cc_ccproj,0.2522393549281854,0.017725350371837707,0.2174983065860298,0.28698040327034097,1
1824,2500,ccmar,0.2558505160746848,seq,0.2534717502964394,0.01785077762441425,0.21848486905655404,0.28845863153632484,1
1825,2500,ccmar,0.2558505160746848,full,0.25751313999359443,0.00924012629640048,0.23940282524004802,0.27562345474714084,1
1825,2500,ccmar,0.2558505160746848,cc,0.2648335360230819,0.012055994619198289,0.24120422077164458,0.28846285127451926,1
1825,2500,ccmar,0.2558505160746848,cc_ccproj,0.2648335360230821,0.012055994619198289,0.24120422077164475,0.2884628512745194,1
1825,2500,ccmar,0.2558505160746848,seq,0.2615083627257144,0.011685690354870635,0.2386048304956809,0.284411894955748,1
1826,2500,ccmar,0.2558505160746848,full,0.25959594353552246,0.011401392056280395,0.2372496257315918,0.2819422613394531,1
1826,2500,ccmar,0.2558505160746848,cc,0.2577835643998282,0.016555682034800973,0.22533502387212148,0.2902321049275349,1
1826,2500,ccmar,0.2558505160746848,cc_ccproj,0.2577835643998282,0.016555682034800984,0.22533502387212145,0.29023210492753493,1
1826,2500,ccmar,0.2558505160746848,seq,0.25611116040121745,0.01641846495192374,0.22393156041401377,0.2882907603884211,1
1827,2500,ccmar,0.2558505160746848,full,0.25806198859172474,0.01071008538381569,0.23707060696809715,0.2790533702153523,1
1827,2500,ccmar,0.2558505160746848,cc,0.2440277543233531,0.013866000949492809,0.216850891852749,0.2712046167939572,1
1827,2500,ccmar,0.2558505160746848,cc_ccproj,0.24402775432335305,0.013866000949492812,0.21685089185274894,0.27120461679395713,1
1827,2500,ccmar,0.2558505160746848,seq,0.24326332759071664,0.013946336638670322,0.21592901006265142,0.27059764511878187,1
1828,2500,ccmar,0.2558505160746848,full,0.2623722881871432,0.010268833283822968,0.242245744787604,0.2824988315866824,1
1828,2500,ccmar,0.2558505160746848,cc,0.28820345507393824,0.02378724302794149,0.24158131544767142,0.33482559470020506,1
1828,2500,ccmar,0.2558505160746848,cc_ccproj,0.2882034550739381,0.023787243027941482,0.24158131544767125,0.3348255947002049,1
1828,2500,ccmar,0.2558505160746848,seq,0.2849033850179236,0.02366517832356577,0.23852048781601673,0.3312862822198305,1
1829,2500,ccmar,0.2558505160746848,full,0.27563571327645514,0.011214277584966141,0.2536561330972867,0.2976152934556236,1
1829,2500,ccmar,0.2558505160746848,cc,0.27818606518286176,0.02238604756118303,0.2343102182067423,0.3220619121589812,1
1829,2500,ccmar,0.2558505160746848,cc_ccproj,0.2781860651828616,0.022386047561183023,0.23431021820674217,0.32206191215898106,1
1829,2500,ccmar,0.2558505160746848,seq,0.2846976296915319,0.021730650981523415,0.24210633640713602,0.32728892297592777,1
1830,2500,ccmar,0.2558505160746848,full,0.24827294008071968,0.009521660751921759,0.22961082793394447,0.2669350522274949,1
1830,2500,ccmar,0.2558505160746848,cc,0.2471751172489724,0.017782426460540676,0.2123222018285806,0.2820280326693642,1
1830,2500,ccmar,0.2558505160746848,cc_ccproj,0.24717511724897226,0.017782426460540682,0.21232220182858047,0.28202803266936405,1
1830,2500,ccmar,0.2558505160746848,seq,0.2519711601825366,0.017751989320389506,0.2171779004606335,0.28676441990443974,1
1831,2500,ccmar,0.2558505160746848,full,0.2590984344069767,0.011357299834333288,0.23683853577006075,0.2813583330438927,1
1831,2500,ccmar,0.2558505160746848,cc,0.27686346566921394,0.0172571799094361,0.24304001457199098,0.3106869167664369,1
1831,2500,ccmar,0.2558505160746848,cc_ccproj,0.2768634656692137,0.017257179909436104,0.24304001457199076,0.31068691676643667,1
1831,2500,ccmar,0.2558505160746848,seq,0.27622301438469504,0.01684918551665651,0.2431992176032144,0.3092468111661757,1
1832,2500,ccmar,0.2558505160746848,full,0.25129719604058676,0.01073613109573862,0.23025476575963852,0.272339626321535,1
1832,2500,ccmar,0.2558505160746848,cc,0.2655673932589292,0.013858591646850875,0.23840505275465385,0.29272973376320455,1
1832,2500,ccmar,0.2558505160746848,cc_ccproj,0.2655673932589294,0.013858591646850889,0.23840505275465404,0.29272973376320477,1
1832,2500,ccmar,0.2558505160746848,seq,0.2571809659206292,0.01395757166751906,0.2298246281406552,0.28453730370060326,1
1833,2500,ccmar,0.2558505160746848,full,0.26480992194028596,0.009946968309061022,0.24531422229916508,0.2843056215814068,1
1833,2500,ccmar,0.2558505160746848,cc,0.2751473682642515,0.02198297651092822,0.23206152602984223,0.3182332104986608,1
1833,2500,ccmar,0.2558505160746848,cc_ccproj,0.27514736826425146,0.021982976510928218,0.23206152602984217,0.3182332104986607,1
1833,2500,ccmar,0.2558505160746848,seq,0.2721409816257621,0.021843139055133628,0.22932921576839993,0.3149527474831243,1
1834,2500,ccmar,0.2558505160746848,full,0.2880168770510178,0.011305700183434185,0.2658581118714789,0.3101756422305567,0
1834,2500,ccmar,0.2558505160746848,cc,0.2687014851235551,0.01381054970333663,0.24163330509831496,0.2957696651487952,1
1834,2500,ccmar,0.2558505160746848,cc_ccproj,0.26870148512355513,0.013810549703336627,0.24163330509831502,0.29576966514879527,1
1834,2500,ccmar,0.2558505160746848,seq,0.2685665965969752,0.01355549185910928,0.2419983207603951,0.2951348724335553,1
1835,2500,ccmar,0.2558505160746848,full,0.2563890835462351,0.00984495604398735,0.23709332427063995,0.2756848428218302,1
1835,2500,ccmar,0.2558505160746848,cc,0.26164619852875687,0.015119228322624443,0.23201305554237503,0.29127934151513873,1
1835,2500,ccmar,0.2558505160746848,cc_ccproj,0.26164619852875665,0.01511922832262445,0.23201305554237478,0.2912793415151385,1
1835,2500,ccmar,0.2558505160746848,seq,0.26388641966001886,0.01488230875493219,0.23471763049354663,0.29305520882649105,1
1836,2500,ccmar,0.2558505160746848,full,0.26121863575858734,0.009602472125664141,0.24239813622973586,0.28003913528743885,1
1836,2500,ccmar,0.2558505160746848,cc,0.2564525282365177,0.015498602493589884,0.22607582553837885,0.28682923093465656,1
1836,2500,ccmar,0.2558505160746848,cc_ccproj,0.25645252823651776,0.015498602493589878,0.22607582553837893,0.2868292309346566,1
1836,2500,ccmar,0.2558505160746848,seq,0.2535559514648669,0.014995443333584576,0.2241654225988299,0.2829464803309039,1
1837,2500,ccmar,0.2558505160746848,full,0.24798127959098593,0.009873745633253123,0.22862909375730017,0.2673334654246717,1
1837,2500,ccmar,0.2558505160746848,cc,0.26264001673694504,0.01347365017294146,0.2362321476576879,0.28904788581620217,1
1837,2500,ccmar,0.2558505160746848,cc_ccproj,0.26264001673694504,0.013473650172941463,0.2362321476576879,0.28904788581620217,1
1837,2500,ccmar,0.2558505160746848,seq,0.26499187612076547,0.013223813909120974,0.23907367712062855,0.2909100751209024,1
1838,2500,ccmar,0.2558505160746848,full,0.26113028552645856,0.008662877353556976,0.24415135791099923,0.2781092131419179,1
1838,2500,ccmar,0.2558505160746848,cc,0.2517094216425227,0.01594515216510041,0.22045749767091502,0.28296134561413033,1
1838,2500,ccmar,0.2558505160746848,cc_ccproj,0.2517094216425229,0.015945152165100403,0.22045749767091527,0.28296134561413055,1
1838,2500,ccmar,0.2558505160746848,seq,0.2579015319063665,0.015155391824166108,0.22819750975940814,0.2876055540533249,1
1839,2500,ccmar,0.2558505160746848,full,0.2587921610940167,0.011086760378513033,0.2370625100469055,0.2805218121411279,1
1839,2500,ccmar,0.2558505160746848,cc,0.25969461736631133,0.01639858823737663,0.22755397502375097,0.2918352597088717,1
1839,2500,ccmar,0.2558505160746848,cc_ccproj,0.2596946173663114,0.016398588237376624,0.22755397502375102,0.29183525970887175,1
1839,2500,ccmar,0.2558505160746848,seq,0.2613333020550211,0.01588904458455674,0.2301913469205387,0.2924752571895035,1
1840,2500,ccmar,0.2558505160746848,full,0.2878555798011569,0.011139494628441549,0.26602257152343406,0.3096885880788797,0
1840,2500,ccmar,0.2558505160746848,cc,0.28531018209385917,0.014600723870224921,0.25669328916000406,0.3139270750277143,0
1840,2500,ccmar,0.2558505160746848,cc_ccproj,0.2853101820938593,0.01460072387022493,0.25669328916000417,0.3139270750277144,0
1840,2500,ccmar,0.2558505160746848,seq,0.28636446621229233,0.01432269668709841,0.2582924965440883,0.31443643588049636,0
1841,2500,ccmar,0.2558505160746848,full,0.2707214987860449,0.009702132642168324,0.25170566823416457,0.28973732933792523,1
1841,2500,ccmar,0.2558505160746848,cc,0.2735494307504872,0.016458584425985332,0.2412911980390441,0.3058076634619303,1
1841,2500,ccmar,0.2558505160746848,cc_ccproj,0.2735494307504872,0.016458584425985332,0.2412911980390441,0.3058076634619303,1
1841,2500,ccmar,0.2558505160746848,seq,0.27848396114984714,0.016331039116985253,0.24647571265044124,0.31049220964925306,1
1842,2500,ccmar,0.2558505160746848,full,0.2701022381495899,0.010647397581325243,0.24923372236111352,0.29097075393806626,1
1842,2500,ccmar,0.2558505160746848,cc,0.27279246894239134,0.013327382878382485,0.2466712784925859,0.2989136593921968,1
1842,2500,ccmar,0.2558505160746848,cc_ccproj,0.2727924689423912,0.013327382878382478,0.24667127849258574,0.2989136593921966,1
1842,2500,ccmar,0.2558505160746848,seq,0.27649021163035886,0.01287381024441974,0.25125800720749336,0.30172241605322436,1
1843,2500,ccmar,0.2558505160746848,full,0.2399399850561791,0.010597290339412844,0.21916967765721568,0.26071029245514254,1
1843,2500,ccmar,0.2558505160746848,cc,0.2537303693598653,0.01627601779022354,0.22182996067929397,0.28563077804043663,1
1843,2500,ccmar,0.2558505160746848,cc_ccproj,0.2537303693598652,0.016276017790223536,0.2218299606792939,0.2856307780404365,1
1843,2500,ccmar,0.2558505160746848,seq,0.2587800825979418,0.01610744897979429,0.22721006271472854,0.290350102481155,1
1844,2500,ccmar,0.2558505160746848,full,0.261626850181364,0.008601986245890625,0.24476726694390946,0.2784864334188185,1
1844,2500,ccmar,0.2558505160746848,cc,0.24466832036946462,0.012238219401514936,0.220681851107596,0.2686547896313332,1
1844,2500,ccmar,0.2558505160746848,cc_ccproj,0.2446683203694648,0.012238219401514917,0.22068185110759622,0.2686547896313334,1
1844,2500,ccmar,0.2558505160746848,seq,0.24942453002348192,0.011506532452689885,0.2268721408292684,0.2719769192176954,1
1845,2500,ccmar,0.2558505160746848,full,0.2546115937666527,0.00883578961723748,0.2372937643418943,0.2719294231914111,1
1845,2500,ccmar,0.2558505160746848,cc,0.24926870102573584,0.014799622732706783,0.2202619734848503,0.2782754285666214,1
1845,2500,ccmar,0.2558505160746848,cc_ccproj,0.24926870102573584,0.014799622732706788,0.22026197348485027,0.2782754285666214,1
1845,2500,ccmar,0.2558505160746848,seq,0.25214372903587334,0.014692534326162228,0.2233468909149769,0.2809405671567698,1
1846,2500,ccmar,0.2558505160746848,full,0.2597825474216499,0.012162251111118025,0.23594497327292632,0.2836201215703735,1
1846,2500,ccmar,0.2558505160746848,cc,0.23699627400943765,0.0172194125337123,0.20324684560842393,0.27074570241045137,1
1846,2500,ccmar,0.2558505160746848,cc_ccproj,0.23699627400943765,0.017219412533712272,0.203246845608424,0.2707457024104513,1
1846,2500,ccmar,0.2558505160746848,seq,0.24193874474284266,0.015979279844111877,0.21061993174949656,0.27325755773618876,1
1847,2500,ccmar,0.2558505160746848,full,0.2484338845511238,0.009548526182933625,0.2297191171271362,0.26714865197511145,1
1847,2500,ccmar,0.2558505160746848,cc,0.22448163060144033,0.014758655120311428,0.19555519810538227,0.2534080630974984,0
1847,2500,ccmar,0.2558505160746848,cc_ccproj,0.22448163060144025,0.014758655120311446,0.19555519810538216,0.25340806309749836,0
1847,2500,ccmar,0.2558505160746848,seq,0.22469897329630326,0.014357108761330116,0.19655955720197177,0.25283838939063474,0
1848,2500,ccmar,0.2558505160746848,full,0.2554823234814222,0.010510688392823835,0.2348817527787643,0.2760828941840801,1
1848,2500,ccmar,0.2558505160746848,cc,0.24262336760692182,0.012945864405253906,0.2172499396238851,0.26799679558995854,1
1848,2500,ccmar,0.2558505160746848,cc_ccproj,0.24262336760692188,0.0129458644052539,0.2172499396238852,0.2679967955899586,1
1848,2500,ccmar,0.2558505160746848,seq,0.24792726117832836,0.012611398921787953,0.22320937349695671,0.27264514885970004,1
1849,2500,ccmar,0.2558505160746848,full,0.2692520800096887,0.009221856810053546,0.2511775727913983,0.2873265872279791,1
1849,2500,ccmar,0.2558505160746848,cc,0.2580573870162538,0.012539815112994764,0.233479801021993,0.2826349730105146,1
1849,2500,ccmar,0.2558505160746848,cc_ccproj,0.25805738701625375,0.012539815112994767,0.23347980102199295,0.28263497301051455,1
1849,2500,ccmar,0.2558505160746848,seq,0.25719148152829086,0.012220795014449495,0.23323916343752318,0.2811437996190585,1
1850,2500,ccmar,0.2558505160746848,full,0.2611870487415156,0.009934993299399788,0.24171481968804526,0.28065927779498595,1
1850,2500,ccmar,0.2558505160746848,cc,0.28934517816901345,0.024043062676194923,0.2422216412456322,0.33646871509239473,1
1850,2500,ccmar,0.2558505160746848,cc_ccproj,0.28934517816901323,0.024043062676194923,0.24222164124563197,0.3364687150923945,1
1850,2500,ccmar,0.2558505160746848,seq,0.2894597822499298,0.023886398738335358,0.2426433010024295,0.3362762634974301,1
1851,2500,ccmar,0.2558505160746848,full,0.258111481162979,0.010265783829156548,0.23799091458475846,0.27823204774119953,1
1851,2500,ccmar,0.2558505160746848,cc,0.2497965848523243,0.011946625454535391,0.2263816292246455,0.2732115404800031,1
1851,2500,ccmar,0.2558505160746848,cc_ccproj,0.2497965848523244,0.011946625454535391,0.22638162922464558,0.27321154048000323,1
1851,2500,ccmar,0.2558505160746848,seq,0.25168554076807315,0.011896569402897773,0.22836869319881234,0.275002388337334,1
1852,2500,ccmar,0.2558505160746848,full,0.24741363414003972,0.008514458442456763,0.23072560224496147,0.264101666035118,1
1852,2500,ccmar,0.2558505160746848,cc,0.2536489951825866,0.014150522259973396,0.22591448119060642,0.2813835091745668,1
1852,2500,ccmar,0.2558505160746848,cc_ccproj,0.2536489951825865,0.014150522259973396,0.2259144811906063,0.28138350917456667,1
1852,2500,ccmar,0.2558505160746848,seq,0.25184169183319544,0.013901228466110043,0.22459578469875677,0.2790875989676341,1
1853,2500,ccmar,0.2558505160746848,full,0.2551824992374354,0.009841464319684521,0.23589358361571777,0.27447141485915305,1
1853,2500,ccmar,0.2558505160746848,cc,0.2556857235926958,0.013898037508565624,0.2284460706201204,0.2829253765652712,1
1853,2500,ccmar,0.2558505160746848,cc_ccproj,0.2556857235926957,0.013898037508565629,0.2284460706201203,0.2829253765652711,1
1853,2500,ccmar,0.2558505160746848,seq,0.2565864764773943,0.013704891009733928,0.22972538368626902,0.28344756926851955,1
1854,2500,ccmar,0.2558505160746848,full,0.2536961256965706,0.01167791716408906,0.23080782864051388,0.27658442275262723,1
1854,2500,ccmar,0.2558505160746848,cc,0.23424257843975274,0.01232389776809628,0.21008818266513046,0.258396974214375,1
1854,2500,ccmar,0.2558505160746848,cc_ccproj,0.23424257843975288,0.012323897768096274,0.21008818266513063,0.25839697421437513,1
1854,2500,ccmar,0.2558505160746848,seq,0.22896866420044845,0.011886688360357838,0.20567118311869562,0.25226614528220126,0
1855,2500,ccmar,0.2558505160746848,full,0.25454441858291815,0.008760835918040822,0.23737349570909325,0.2717153414567431,1
1855,2500,ccmar,0.2558505160746848,cc,0.2622161502510777,0.01236237228425861,0.23798634581045466,0.28644595469170075,1
1855,2500,ccmar,0.2558505160746848,cc_ccproj,0.26221615025107786,0.01236237228425861,0.23798634581045483,0.2864459546917009,1
1855,2500,ccmar,0.2558505160746848,seq,0.25694000931559413,0.012031338449871991,0.23335901926803307,0.2805209993631552,1
1856,2500,ccmar,0.2558505160746848,full,0.2677912642284839,0.00981993895483354,0.24854453754662828,0.28703799091033955,1
1856,2500,ccmar,0.2558505160746848,cc,0.26943490575597484,0.010937272649206351,0.2479982452744354,0.29087156623751426,1
1856,2500,ccmar,0.2558505160746848,cc_ccproj,0.2694349057559751,0.010937272649206351,0.24799824527443567,0.29087156623751453,1
1856,2500,ccmar,0.2558505160746848,seq,0.26509515151064084,0.010373727660568863,0.24476301891049893,0.2854272841107828,1
1857,2500,ccmar,0.2558505160746848,full,0.23320192410789278,0.009023998101357067,0.2155152128326751,0.25088863538311046,0
1857,2500,ccmar,0.2558505160746848,cc,0.2631249533482027,0.013091740300332617,0.23746561386459916,0.2887842928318062,1
1857,2500,ccmar,0.2558505160746848,cc_ccproj,0.2631249533482026,0.013091740300332617,0.23746561386459905,0.28878429283180607,1
1857,2500,ccmar,0.2558505160746848,seq,0.2589243502675769,0.012766696026163558,0.23390208585472566,0.2839466146804281,1
1858,2500,ccmar,0.2558505160746848,full,0.25303187836025554,0.00921654749264104,0.23496777721287615,0.2710959795076349,1
1858,2500,ccmar,0.2558505160746848,cc,0.24786969759279617,0.014534781987517023,0.2193820483741213,0.27635734681147106,1
1858,2500,ccmar,0.2558505160746848,cc_ccproj,0.24786969759279628,0.014534781987517002,0.21938204837412145,0.2763573468114711,1
1858,2500,ccmar,0.2558505160746848,seq,0.24801451945183198,0.013691107782625198,0.22118044128943054,0.2748485976142334,1
1859,2500,ccmar,0.2558505160746848,full,0.26631246666030695,0.008892634263524477,0.2488832237761121,0.2837417095445018,1
1859,2500,ccmar,0.2558505160746848,cc,0.28205033541947405,0.015195603248608166,0.2522675003288422,0.3118331705101059,1
1859,2500,ccmar,0.2558505160746848,cc_ccproj,0.282050335419474,0.015195603248608159,0.25226750032884215,0.31183317051010584,1
1859,2500,ccmar,0.2558505160746848,seq,0.2799133715723598,0.014886352149669227,0.2507366574978277,0.3090900856468919,1
1860,2500,ccmar,0.2558505160746848,full,0.2581490946790745,0.011444040084121412,0.2357191882765638,0.2805790010815852,1
1860,2500,ccmar,0.2558505160746848,cc,0.2198477076652669,0.018358857821242077,0.18386500753834095,0.25583040779219285,0
1860,2500,ccmar,0.2558505160746848,cc_ccproj,0.21984770766526682,0.018358857821242063,0.1838650075383409,0.25583040779219274,0
1860,2500,ccmar,0.2558505160746848,seq,0.22398343015911693,0.017287127770970367,0.19010128233187282,0.257865577986361,1
1861,2500,ccmar,0.2558505160746848,full,0.24198455917743036,0.008953640065341627,0.2244357471188259,0.2595333712360348,1
1861,2500,ccmar,0.2558505160746848,cc,0.2606744948376642,0.015263289815559416,0.23075899651357074,0.29058999316175765,1
1861,2500,ccmar,0.2558505160746848,cc_ccproj,0.26067449483766425,0.015263289815559418,0.2307589965135708,0.2905899931617577,1
1861,2500,ccmar,0.2558505160746848,seq,0.2616897233377682,0.015079481041826945,0.23213448359023284,0.2912449630853035,1
1862,2500,ccmar,0.2558505160746848,full,0.2471324434267418,0.009827451804157242,0.2278709918307904,0.2663938950226932,1
1862,2500,ccmar,0.2558505160746848,cc,0.24001032399384226,0.013536233925995572,0.21347979301258171,0.2665408549751028,1
1862,2500,ccmar,0.2558505160746848,cc_ccproj,0.24001032399384217,0.013536233925995575,0.21347979301258163,0.2665408549751027,1
1862,2500,ccmar,0.2558505160746848,seq,0.24149906961501566,0.013113517511165127,0.21579704758249668,0.26720109164753464,1
1863,2500,ccmar,0.2558505160746848,full,0.25552158967393224,0.010844365796930565,0.23426702327677032,0.2767761560710941,1
1863,2500,ccmar,0.2558505160746848,cc,0.2645060615390822,0.014316731161321806,0.23644578408654915,0.2925663389916152,1
1863,2500,ccmar,0.2558505160746848,cc_ccproj,0.26450606153908207,0.014316731161321816,0.236445784086549,0.2925663389916151,1
1863,2500,ccmar,0.2558505160746848,seq,0.262081432987213,0.014288183690172783,0.23407710754998173,0.29008575842444423,1
1864,2500,ccmar,0.2558505160746848,full,0.25678073511462424,0.01806954983171842,0.22136506822760432,0.29219640200164415,1
1864,2500,ccmar,0.2558505160746848,cc,0.22795576745878715,0.034094475283691986,0.1611318238309598,0.2947797110866145,1
1864,2500,ccmar,0.2558505160746848,cc_ccproj,0.22795576745878707,0.03409447528369196,0.1611318238309598,0.2947797110866143,1
1864,2500,ccmar,0.2558505160746848,seq,0.22755798549443607,0.033105144522608446,0.16267309452713008,0.29244287646174205,1
1865,2500,ccmar,0.2558505160746848,full,0.2565506570740695,0.009273039990907532,0.2383758326646911,0.2747254814834479,1
1865,2500,ccmar,0.2558505160746848,cc,0.28348993059302713,0.0157068848001627,0.25270500207538865,0.3142748591106656,1
1865,2500,ccmar,0.2558505160746848,cc_ccproj,0.28348993059302713,0.01570688480016271,0.2527050020753886,0.31427485911066566,1
1865,2500,ccmar,0.2558505160746848,seq,0.27691935204388557,0.015419809208607159,0.24669708134653645,0.3071416227412347,1
1866,2500,ccmar,0.2558505160746848,full,0.2621369184701201,0.011956215636263121,0.23870316643164974,0.2855706705085905,1
1866,2500,ccmar,0.2558505160746848,cc,0.2972856794327697,0.030421038229473667,0.23766154013068516,0.35690981873485417,1
1866,2500,ccmar,0.2558505160746848,cc_ccproj,0.2972856794327693,0.030421038229473677,0.23766154013068475,0.35690981873485383,1
1866,2500,ccmar,0.2558505160746848,seq,0.30033146310201164,0.030379011109714013,0.24078969544103,0.35987323076299327,1
1867,2500,ccmar,0.2558505160746848,full,0.24228834484016462,0.0112164135709735,0.22030457820535027,0.264272111474979,1
1867,2500,ccmar,0.2558505160746848,cc,0.21987801766378515,0.021464580334275788,0.17780821326533788,0.2619478220622324,1
1867,2500,ccmar,0.2558505160746848,cc_ccproj,0.219878017663785,0.021464580334275788,0.17780821326533774,0.26194782206223227,1
1867,2500,ccmar,0.2558505160746848,seq,0.2235300069811293,0.02051097130199935,0.18332924194127595,0.2637307720209826,1
1868,2500,ccmar,0.2558505160746848,full,0.249800231785604,0.009806186036590227,0.23058046032818758,0.26902000324302044,1
1868,2500,ccmar,0.2558505160746848,cc,0.25469299587840544,0.013294557449046793,0.22863614208787503,0.28074984966893585,1
1868,2500,ccmar,0.2558505160746848,cc_ccproj,0.25469299587840527,0.013294557449046791,0.22863614208787486,0.2807498496689357,1
1868,2500,ccmar,0.2558505160746848,seq,0.24668214323547527,0.01272065443458776,0.22175011868390354,0.271614167787047,1
1869,2500,ccmar,0.2558505160746848,full,0.2427151541929827,0.010473422314501126,0.22218762366168235,0.263242684724283,1
1869,2500,ccmar,0.2558505160746848,cc,0.21689176890078096,0.019812072146798504,0.17806082103394674,0.25572271676761515,0
1869,2500,ccmar,0.2558505160746848,cc_ccproj,0.2168917689007808,0.019812072146798514,0.17806082103394655,0.25572271676761504,0
1869,2500,ccmar,0.2558505160746848,seq,0.2198457783992701,0.01939528502812273,0.18183171827426062,0.25785983852427957,1
1870,2500,ccmar,0.2558505160746848,full,0.266713240553491,0.009557575807458883,0.24798073619136027,0.28544574491562175,1
1870,2500,ccmar,0.2558505160746848,cc,0.2710955019691255,0.014949132839228371,0.2417957400041329,0.30039526393411814,1
1870,2500,ccmar,0.2558505160746848,cc_ccproj,0.2710955019691255,0.014949132839228368,0.24179574000413293,0.30039526393411814,1
1870,2500,ccmar,0.2558505160746848,seq,0.26995784062044414,0.014496883388119641,0.24154447129165266,0.29837120994923566,1
1871,2500,ccmar,0.2558505160746848,full,0.25856575806823623,0.009550790269465665,0.23984655311618794,0.27728496302028455,1
1871,2500,ccmar,0.2558505160746848,cc,0.24674394381831916,0.013345478130809774,0.22058728732546506,0.27290060031117325,1
1871,2500,ccmar,0.2558505160746848,cc_ccproj,0.24674394381831927,0.013345478130809758,0.22058728732546523,0.2729006003111733,1
1871,2500,ccmar,0.2558505160746848,seq,0.24270883492144266,0.013609011365650635,0.21603566277957115,0.26938200706331417,1
1872,2500,ccmar,0.2558505160746848,full,0.2239242031173248,0.0126978724751739,0.1990368303857015,0.2488115758489481,0
1872,2500,ccmar,0.2558505160746848,cc,0.20920189007389564,0.02230131957703385,0.16549210689519125,0.2529116732526,0
1872,2500,ccmar,0.2558505160746848,cc_ccproj,0.20920189007389545,0.022301319577033834,0.16549210689519112,0.2529116732525998,0
1872,2500,ccmar,0.2558505160746848,seq,0.20764838103713582,0.02115438001124749,0.16618655809981672,0.2491102039744549,0
1873,2500,ccmar,0.2558505160746848,full,0.2551622698652229,0.009959736335723194,0.2356415453516905,0.27468299437875526,1
1873,2500,ccmar,0.2558505160746848,cc,0.2544606998120499,0.017635648527414814,0.21989546385431002,0.28902593576978974,1
1873,2500,ccmar,0.2558505160746848,cc_ccproj,0.2544606998120499,0.017635648527414824,0.21989546385431,0.2890259357697898,1
1873,2500,ccmar,0.2558505160746848,seq,0.25296278836960345,0.017597334680288488,0.21847264617234036,0.28745293056686655,1
1874,2500,ccmar,0.2558505160746848,full,0.2332485921028031,0.011793198580927432,0.21013434762165645,0.25636283658394976,1
1874,2500,ccmar,0.2558505160746848,cc,0.2018864418919234,0.02773664657243359,0.14752361355803723,0.25624927022580957,1
1874,2500,ccmar,0.2558505160746848,cc_ccproj,0.20188644189192334,0.027736646572433576,0.1475236135580372,0.25624927022580946,1
1874,2500,ccmar,0.2558505160746848,seq,0.20741617816779603,0.026056747685004246,0.15634589115094027,0.2584864651846518,1
1875,2500,ccmar,0.2558505160746848,full,0.2466909762364254,0.010012891098567813,0.2270660703021108,0.26631588217074004,1
1875,2500,ccmar,0.2558505160746848,cc,0.23871961670367337,0.019660814478798198,0.20018512841850528,0.27725410498884145,1
1875,2500,ccmar,0.2558505160746848,cc_ccproj,0.23871961670367337,0.019660814478798194,0.20018512841850528,0.27725410498884145,1
1875,2500,ccmar,0.2558505160746848,seq,0.23828635469506043,0.018433376810358167,0.2021576000333026,0.27441510935681823,1
1876,2500,ccmar,0.2558505160746848,full,0.23243816394237646,0.010225661148966315,0.21239623637229202,0.2524800915124609,0
1876,2500,ccmar,0.2558505160746848,cc,0.22125560456981155,0.020656928984136534,0.18076876772970238,0.26174244140992076,1
1876,2500,ccmar,0.2558505160746848,cc_ccproj,0.22125560456981147,0.020656928984136527,0.1807687677297023,0.26174244140992065,1
1876,2500,ccmar,0.2558505160746848,seq,0.2187676808198843,0.01987642290051913,0.17981060779337965,0.25772475384638893,1
1877,2500,ccmar,0.2558505160746848,full,0.26124895096330164,0.009750168685934191,0.2421389714956804,0.28035893043092286,1
1877,2500,ccmar,0.2558505160746848,cc,0.275736245094855,0.013091682694898545,0.2500770185158276,0.3013954716738824,1
1877,2500,ccmar,0.2558505160746848,cc_ccproj,0.2757362450948549,0.013091682694898544,0.2500770185158275,0.3013954716738823,1
1877,2500,ccmar,0.2558505160746848,seq,0.2764976121217719,0.01289831133398891,0.25121738644576885,0.3017778377977749,1
1878,2500,ccmar,0.2558505160746848,full,0.26113172301072063,0.008838798055069203,0.2438079971561623,0.27845544886527895,1
1878,2500,ccmar,0.2558505160746848,cc,0.2519681087833965,0.012247359601832564,0.22796372505809384,0.27597249250869915,1
1878,2500,ccmar,0.2558505160746848,cc_ccproj,0.2519681087833963,0.012247359601832576,0.22796372505809365,0.275972492508699,1
1878,2500,ccmar,0.2558505160746848,seq,0.24703779558352407,0.011992827784578141,0.22353228505295963,0.2705433061140885,1
1879,2500,ccmar,0.2558505160746848,full,0.2650820134311049,0.010303267273216237,0.24488798065251086,0.28527604620969893,1
1879,2500,ccmar,0.2558505160746848,cc,0.2626468538588782,0.01466830136799486,0.23389751146322868,0.29139619625452773,1
1879,2500,ccmar,0.2558505160746848,cc_ccproj,0.26264685385887804,0.014668301367994872,0.23389751146322849,0.2913961962545276,1
1879,2500,ccmar,0.2558505160746848,seq,0.2638539657691323,0.014325407069030384,0.23577668384995723,0.2919312476883073,1
1880,2500,ccmar,0.2558505160746848,full,0.24816149386542702,0.008216965878479289,0.23205653668141307,0.26426645104944096,1
1880,2500,ccmar,0.2558505160746848,cc,0.24594886671273802,0.011010602654011006,0.2243684820627953,0.26752925136268074,1
1880,2500,ccmar,0.2558505160746848,cc_ccproj,0.24594886671273838,0.011010602654011008,0.22436848206279567,0.2675292513626811,1
1880,2500,ccmar,0.2558505160746848,seq,0.24646349363137815,0.010709332896881531,0.22547358685504035,0.267453400407716,1
1881,2500,ccmar,0.2558505160746848,full,0.26247395132044965,0.009097928063861217,0.24464233998134544,0.28030556265955386,1
1881,2500,ccmar,0.2558505160746848,cc,0.2525575090029638,0.013281396836702243,0.2265264495386432,0.2785885684672844,1
1881,2500,ccmar,0.2558505160746848,cc_ccproj,0.2525575090029638,0.013281396836702247,0.2265264495386432,0.2785885684672844,1
1881,2500,ccmar,0.2558505160746848,seq,0.255829646009501,0.012331245158195654,0.23166084961490357,0.2799984424040984,1
1882,2500,ccmar,0.2558505160746848,full,0.2537019946592735,0.010731576941017451,0.2326684903575588,0.27473549896098826,1
1882,2500,ccmar,0.2558505160746848,cc,0.24575689289002042,0.015021660979555818,0.21631497838212035,0.2751988073979205,1
1882,2500,ccmar,0.2558505160746848,cc_ccproj,0.24575689289002034,0.01502166097955582,0.21631497838212027,0.2751988073979204,1
1882,2500,ccmar,0.2558505160746848,seq,0.24883300908652373,0.01400394034197031,0.2213857903746144,0.2762802277984331,1
1883,2500,ccmar,0.2558505160746848,full,0.26537663152190755,0.015362565965889776,0.23526655551864278,0.2954867075251723,1
1883,2500,ccmar,0.2558505160746848,cc,0.26547276923224694,0.018559298614204273,0.22909721237008243,0.3018483260944115,1
1883,2500,ccmar,0.2558505160746848,cc_ccproj,0.2654727692322469,0.018559298614204287,0.22909721237008235,0.3018483260944114,1
1883,2500,ccmar,0.2558505160746848,seq,0.26518149817035935,0.018149451738970927,0.2296092264228285,0.3007537699178902,1
1884,2500,ccmar,0.2558505160746848,full,0.25601485898071485,0.00912154560302159,0.23813695811545285,0.27389275984597683,1
1884,2500,ccmar,0.2558505160746848,cc,0.2582658274086638,0.011935366398129138,0.23487293912604112,0.2816587156912864,1
1884,2500,ccmar,0.2558505160746848,cc_ccproj,0.2582658274086637,0.011935366398129144,0.23487293912604104,0.28165871569128637,1
1884,2500,ccmar,0.2558505160746848,seq,0.2580121616463595,0.011526463197279797,0.23542070891056469,0.2806036143821543,1
1885,2500,ccmar,0.2558505160746848,full,0.2566936819584149,0.011482349832184671,0.2341886898294434,0.2791986740873864,1
1885,2500,ccmar,0.2558505160746848,cc,0.2357376079455107,0.014996707845184172,0.20634460068228044,0.265130615208741,1
1885,2500,ccmar,0.2558505160746848,cc_ccproj,0.23573760794551069,0.014996707845184167,0.20634460068228044,0.2651306152087409,1
1885,2500,ccmar,0.2558505160746848,seq,0.24237586743205178,0.014446153133467185,0.21406192757530565,0.27068980728879793,1
1886,2500,ccmar,0.2558505160746848,full,0.25394141793858493,0.01165081037498875,0.23110624921290138,0.27677658666426846,1
1886,2500,ccmar,0.2558505160746848,cc,0.2276576200390372,0.02341545207300173,0.18176417729423006,0.27355106278384433,1
1886,2500,ccmar,0.2558505160746848,cc_ccproj,0.22765762003903736,0.023415452073001712,0.18176417729423025,0.27355106278384445,1
1886,2500,ccmar,0.2558505160746848,seq,0.22920200151169007,0.022700341889930965,0.18471014897067947,0.27369385405270064,1
1887,2500,ccmar,0.2558505160746848,full,0.24732086419875923,0.010353688936657895,0.22702800677577895,0.2676137216217395,1
1887,2500,ccmar,0.2558505160746848,cc,0.2448957879545797,0.012035084702264394,0.22130745538725252,0.26848412052190684,1
1887,2500,ccmar,0.2558505160746848,cc_ccproj,0.2448957879545797,0.012035084702264413,0.2213074553872525,0.2684841205219069,1
1887,2500,ccmar,0.2558505160746848,seq,0.24331058853709656,0.011658011417881831,0.22046130602669145,0.26615987104750166,1
1888,2500,ccmar,0.2558505160746848,full,0.2476628654450995,0.009800481497429096,0.2284542746789873,0.2668714562112117,1
1888,2500,ccmar,0.2558505160746848,cc,0.2221134605394991,0.015566375615560277,0.19160392496317843,0.25262299611581973,0
1888,2500,ccmar,0.2558505160746848,cc_ccproj,0.22211346053949907,0.015566375615560285,0.1916039249631784,0.25262299611581973,0
1888,2500,ccmar,0.2558505160746848,seq,0.22660295258304178,0.01502092596103262,0.19716247868497513,0.2560434264811084,1
1889,2500,ccmar,0.2558505160746848,full,0.2514135805271141,0.011787920459784726,0.2283096809733132,0.274517480080915,1
1889,2500,ccmar,0.2558505160746848,cc,0.2768877441561172,0.018301109941185115,0.24101822779428644,0.312757260517948,1
1889,2500,ccmar,0.2558505160746848,cc_ccproj,0.2768877441561174,0.01830110994118512,0.2410182277942866,0.31275726051794817,1
1889,2500,ccmar,0.2558505160746848,seq,0.2689558818308809,0.017917674064559064,0.23383788597761776,0.30407387768414407,1
1890,2500,ccmar,0.2558505160746848,full,0.23702464765782438,0.011058614503307687,0.21535016151242903,0.25869913380321974,1
1890,2500,ccmar,0.2558505160746848,cc,0.2507830272349656,0.02731645010370541,0.19724376884621755,0.3043222856237136,1
1890,2500,ccmar,0.2558505160746848,cc_ccproj,0.25078302723496537,0.027316450103705408,0.19724376884621736,0.3043222856237134,1
1890,2500,ccmar,0.2558505160746848,seq,0.25118053588403155,0.026607452809705424,0.19903088665665986,0.30333018511140325,1
1891,2500,ccmar,0.2558505160746848,full,0.2468718422879244,0.009801947941183685,0.22766037734486783,0.26608330723098095,1
1891,2500,ccmar,0.2558505160746848,cc,0.24310455342653758,0.015023242730459997,0.2136595387438328,0.27254956810924236,1
1891,2500,ccmar,0.2558505160746848,cc_ccproj,0.24310455342653742,0.015023242730459992,0.21365953874383264,0.2725495681092422,1
1891,2500,ccmar,0.2558505160746848,seq,0.24998312843509626,0.01444473250510923,0.22167197295876714,0.2782942839114254,1
1892,2500,ccmar,0.2558505160746848,full,0.23123408180393526,0.010097525823304997,0.2114432948572943,0.2510248687505762,0
1892,2500,ccmar,0.2558505160746848,cc,0.2395594431162829,0.012086323250891737,0.21587068483902605,0.26324820139353977,1
1892,2500,ccmar,0.2558505160746848,cc_ccproj,0.23955944311628297,0.012086323250891744,0.21587068483902608,0.2632482013935398,1
1892,2500,ccmar,0.2558505160746848,seq,0.24443796884540703,0.012306349074472263,0.22031796787826358,0.2685579698125505,1
1893,2500,ccmar,0.2558505160746848,full,0.25928265432116876,0.009517392318185401,0.2406289081507872,0.27793640049155033,1
1893,2500,ccmar,0.2558505160746848,cc,0.26333686774988796,0.012707581799341379,0.23843046509258217,0.2882432704071938,1
1893,2500,ccmar,0.2558505160746848,cc_ccproj,0.2633368677498881,0.012707581799341387,0.2384304650925823,0.28824327040719394,1
1893,2500,ccmar,0.2558505160746848,seq,0.2636751175198966,0.012530500128016304,0.23911578856071009,0.2882344464790831,1
1894,2500,ccmar,0.2558505160746848,full,0.25708588884894673,0.009085720605629465,0.23927820368831954,0.2748935740095739,1
1894,2500,ccmar,0.2558505160746848,cc,0.27302605720671524,0.014385197081491323,0.24483158901648155,0.30122052539694893,1
1894,2500,ccmar,0.2558505160746848,cc_ccproj,0.27302605720671524,0.01438519708149133,0.24483158901648155,0.30122052539694893,1
1894,2500,ccmar,0.2558505160746848,seq,0.26657359985174645,0.014185601589137562,0.23877033163800265,0.29437686806549024,1
1895,2500,ccmar,0.2558505160746848,full,0.26243712682028836,0.009471890269882884,0.24387256302580254,0.2810016906147742,1
1895,2500,ccmar,0.2558505160746848,cc,0.27313394455858114,0.014942551485348343,0.2438470818101629,0.3024208073069994,1
1895,2500,ccmar,0.2558505160746848,cc_ccproj,0.27313394455858114,0.014942551485348343,0.2438470818101629,0.3024208073069994,1
1895,2500,ccmar,0.2558505160746848,seq,0.26987938686370017,0.014486934798789274,0.24148551641169316,0.29827325731570714,1
1896,2500,ccmar,0.2558505160746848,full,0.24662373335377316,0.010956234535013765,0.22514990825897224,0.2680975584485741,1
1896,2500,ccmar,0.2558505160746848,cc,0.244439416991066,0.027634993151076186,0.19027582570194562,0.2986030082801864,1
1896,2500,ccmar,0.2558505160746848,cc_ccproj,0.24443941699106608,0.027634993151076155,0.19027582570194576,0.2986030082801864,1
1896,2500,ccmar,0.2558505160746848,seq,0.23878456101732917,0.025688156624140018,0.18843669920479073,0.2891324228298676,1
1897,2500,ccmar,0.2558505160746848,full,0.2584602672936803,0.00941251367538652,0.240012079485932,0.27690845510142864,1
1897,2500,ccmar,0.2558505160746848,cc,0.27003045894727057,0.01785521751159418,0.23503487568841708,0.30502604220612406,1
1897,2500,ccmar,0.2558505160746848,cc_ccproj,0.2700304589472704,0.017855217511594194,0.2350348756884169,0.3050260422061239,1
1897,2500,ccmar,0.2558505160746848,seq,0.2727942661096083,0.017964630497054462,0.23758423733981165,0.3080042948794049,1
1898,2500,ccmar,0.2558505160746848,full,0.2776684707657745,0.008438342303533795,0.2611296237616275,0.2942073177699215,0
1898,2500,ccmar,0.2558505160746848,cc,0.2813737618919014,0.012278538151019593,0.25730826933310197,0.3054392544507008,0
1898,2500,ccmar,0.2558505160746848,cc_ccproj,0.28137376189190144,0.012278538151019612,0.25730826933310197,0.3054392544507009,0
1898,2500,ccmar,0.2558505160746848,seq,0.2772519533666636,0.01185558052466814,0.2540154425224995,0.30048846421082764,1
1899,2500,ccmar,0.2558505160746848,full,0.25103322760527347,0.010905747639000405,0.22965835500834994,0.27240810020219697,1
1899,2500,ccmar,0.2558505160746848,cc,0.25638370104063485,0.015243372974225837,0.226507239008241,0.2862601630730287,1
1899,2500,ccmar,0.2558505160746848,cc_ccproj,0.256383701040635,0.015243372974225834,0.22650723900824118,0.2862601630730289,1
1899,2500,ccmar,0.2558505160746848,seq,0.2574175514937173,0.014874672761792973,0.22826372859878413,0.2865713743886505,1
1900,2500,ccmar,0.2558505160746848,full,0.2523591798144799,0.009986160641157359,0.23278666461398007,0.27193169501497977,1
1900,2500,ccmar,0.2558505160746848,cc,0.2550257905740476,0.013231261006890977,0.22909299553049212,0.2809585856176031,1
1900,2500,ccmar,0.2558505160746848,cc_ccproj,0.2550257905740476,0.013231261006890989,0.22909299553049212,0.2809585856176031,1
1900,2500,ccmar,0.2558505160746848,seq,0.2551359858407903,0.013143156045031279,0.22937587334933907,0.2808960983322415,1
1901,2500,ccmar,0.2558505160746848,full,0.24668172397088864,0.010509863207762102,0.22608277060123233,0.26728067734054495,1
1901,2500,ccmar,0.2558505160746848,cc,0.24199831298976404,0.014587133602778697,0.2134080564906438,0.27058856948888427,1
1901,2500,ccmar,0.2558505160746848,cc_ccproj,0.24199831298976415,0.014587133602778699,0.2134080564906439,0.27058856948888443,1
1901,2500,ccmar,0.2558505160746848,seq,0.2392933311561803,0.014301082887272781,0.21126372375720354,0.26732293855515704,1
1902,2500,ccmar,0.2558505160746848,full,0.25850598514562034,0.00929433788523499,0.2402894176304136,0.27672255266082707,1
1902,2500,ccmar,0.2558505160746848,cc,0.2559732923376717,0.012557390817511347,0.23136125859555545,0.2805853260797879,1
1902,2500,ccmar,0.2558505160746848,cc_ccproj,0.25597329233767196,0.012557390817511355,0.23136125859555573,0.2805853260797882,1
1902,2500,ccmar,0.2558505160746848,seq,0.25269155408417393,0.01253108160318208,0.22813108545460462,0.2772520227137433,1
1903,2500,ccmar,0.2558505160746848,full,0.24177619557934912,0.010919689994522086,0.22037399646774344,0.2631783946909548,1
1903,2500,ccmar,0.2558505160746848,cc,0.23678753022857582,0.022937121386502893,0.19183159840200673,0.28174346205514494,1
1903,2500,ccmar,0.2558505160746848,cc_ccproj,0.236787530228576,0.022937121386502904,0.19183159840200686,0.2817434620551451,1
1903,2500,ccmar,0.2558505160746848,seq,0.2415877306970072,0.022630181321829243,0.19723339034261084,0.28594207105140357,1
1904,2500,ccmar,0.2558505160746848,full,0.25090673966252985,0.00999705829079341,0.23131286546122723,0.2705006138638325,1
1904,2500,ccmar,0.2558505160746848,cc,0.263426403647241,0.020179543968547885,0.22387522424444467,0.30297758305003736,1
1904,2500,ccmar,0.2558505160746848,cc_ccproj,0.2634264036472409,0.02017954396854789,0.22387522424444456,0.30297758305003725,1
1904,2500,ccmar,0.2558505160746848,seq,0.26830556163878017,0.01985857468136977,0.22938347047899643,0.3072276527985639,1
1905,2500,ccmar,0.2558505160746848,full,0.23929619252644474,0.010325604854345707,0.2190583788933352,0.2595340061595543,1
1905,2500,ccmar,0.2558505160746848,cc,0.2334650591330747,0.01524794986506616,0.20357962655947265,0.26335049170667674,1
1905,2500,ccmar,0.2558505160746848,cc_ccproj,0.23346505913307475,0.01524794986506617,0.20357962655947268,0.2633504917066768,1
1905,2500,ccmar,0.2558505160746848,seq,0.23554716509734927,0.014604624629680938,0.206922626815448,0.26417170337925056,1
1906,2500,ccmar,0.2558505160746848,full,0.26166992443384257,0.009907226306646078,0.24225211768612848,0.28108773118155667,1
1906,2500,ccmar,0.2558505160746848,cc,0.2993045999575373,0.01865985643114781,0.26273195339579947,0.3358772465192751,0
1906,2500,ccmar,0.2558505160746848,cc_ccproj,0.2993045999575371,0.01865985643114781,0.2627319533957993,0.3358772465192749,0
1906,2500,ccmar,0.2558505160746848,seq,0.2956877325775021,0.018370525341536093,0.25968216453101095,0.3316933006239932,0
1907,2500,ccmar,0.2558505160746848,full,0.254816604704597,0.015436256948560226,0.2245620970293128,0.2850711123798812,1
1907,2500,ccmar,0.2558505160746848,cc,0.24604263757246753,0.016676032841444418,0.21335821379822933,0.2787270613467057,1
1907,2500,ccmar,0.2558505160746848,cc_ccproj,0.2460426375724675,0.016676032841444387,0.21335821379822936,0.27872706134670566,1
1907,2500,ccmar,0.2558505160746848,seq,0.24509220393079667,0.015787951949647935,0.2141483867198378,0.27603602114175557,1
1908,2500,ccmar,0.2558505160746848,full,0.25805702892409516,0.010915860133826585,0.23666233620151847,0.2794517216466718,1
1908,2500,ccmar,0.2558505160746848,cc,0.21781084523895153,0.023233828445926835,0.17227337826195271,0.26334831221595034,1
1908,2500,ccmar,0.2558505160746848,cc_ccproj,0.21781084523895133,0.023233828445926807,0.17227337826195258,0.2633483122159501,1
1908,2500,ccmar,0.2558505160746848,seq,0.2283501767875272,0.02138570899192731,0.18643495737949528,0.2702653961955591,1
1909,2500,ccmar,0.2558505160746848,full,0.26127465890149626,0.010250386592479515,0.24118427035262416,0.28136504745036833,1
1909,2500,ccmar,0.2558505160746848,cc,0.2725654576137023,0.013737111481590854,0.24564121385817259,0.29948970136923203,1
1909,2500,ccmar,0.2558505160746848,cc_ccproj,0.2725654576137023,0.013737111481590864,0.24564121385817256,0.2994897013692321,1
1909,2500,ccmar,0.2558505160746848,seq,0.27106224733452616,0.013560256440109598,0.24448463309078403,0.29763986157826827,1
1910,2500,ccmar,0.2558505160746848,full,0.2718803540847336,0.011192864431891525,0.24994274291438684,0.29381796525508036,1
1910,2500,ccmar,0.2558505160746848,cc,0.25991497352992593,0.014902354872139548,0.2307068946956974,0.2891230523641544,1
1910,2500,ccmar,0.2558505160746848,cc_ccproj,0.2599149735299257,0.014902354872139542,0.23070689469569722,0.2891230523641542,1
1910,2500,ccmar,0.2558505160746848,seq,0.2598423464364787,0.014194417561862994,0.23202179923370436,0.287662893639253,1
1911,2500,ccmar,0.2558505160746848,full,0.23413301896810182,0.010210429359652894,0.21412094515649177,0.25414509277971187,0
1911,2500,ccmar,0.2558505160746848,cc,0.21602491276486116,0.017738146023885994,0.18125878540553225,0.25079104012419007,0
1911,2500,ccmar,0.2558505160746848,cc_ccproj,0.21602491276486152,0.017738146023885962,0.18125878540553267,0.25079104012419035,0
1911,2500,ccmar,0.2558505160746848,seq,0.22129195884407982,0.016253364674833952,0.1894359494538097,0.25314796823434993,0
1912,2500,ccmar,0.2558505160746848,full,0.25502034414857133,0.008533120140166625,0.23829573599809137,0.27174495229905127,1
1912,2500,ccmar,0.2558505160746848,cc,0.2592787227438413,0.01372525164557451,0.23237772383976613,0.28617972164791644,1
1912,2500,ccmar,0.2558505160746848,cc_ccproj,0.2592787227438412,0.01372525164557451,0.23237772383976601,0.28617972164791633,1
1912,2500,ccmar,0.2558505160746848,seq,0.26084068426754686,0.013432558458619326,0.2345133534684241,0.2871680150666696,1
1913,2500,ccmar,0.2558505160746848,full,0.2645622875683534,0.011220375338133888,0.24257075601258957,0.28655381912411726,1
1913,2500,ccmar,0.2558505160746848,cc,0.2534342969368308,0.011571835772667073,0.23075391558739108,0.27611467828627045,1
1913,2500,ccmar,0.2558505160746848,cc_ccproj,0.2534342969368308,0.011571835772667073,0.23075391558739108,0.27611467828627045,1
1913,2500,ccmar,0.2558505160746848,seq,0.2544473991995295,0.011470902726646097,0.23196484298514086,0.2769299554139182,1
1914,2500,ccmar,0.2558505160746848,full,0.2572368923675516,0.00949935235738948,0.23861850387061256,0.2758552808644906,1
1914,2500,ccmar,0.2558505160746848,cc,0.2639515946934351,0.01224887234161888,0.2399442460526333,0.2879589433342369,1
1914,2500,ccmar,0.2558505160746848,cc_ccproj,0.263951594693435,0.012248872341618889,0.23994424605263318,0.2879589433342368,1
1914,2500,ccmar,0.2558505160746848,seq,0.2620524842384155,0.01178010942498841,0.23896389403149737,0.2851410744453336,1
1915,2500,ccmar,0.2558505160746848,full,0.25015304993767395,0.009938743412624738,0.23067347079734477,0.26963262907800317,1
1915,2500,ccmar,0.2558505160746848,cc,0.26134537715809747,0.016281081541048525,0.2294350437082825,0.29325571060791245,1
1915,2500,ccmar,0.2558505160746848,cc_ccproj,0.26134537715809736,0.01628108154104854,0.22943504370828233,0.2932557106079124,1
1915,2500,ccmar,0.2558505160746848,seq,0.26395687175103083,0.01661833351324985,0.23138553658198613,0.29652820692007553,1
1916,2500,ccmar,0.2558505160746848,full,0.26245894697301864,0.010370182461793394,0.24213376283479468,0.2827841311112426,1
1916,2500,ccmar,0.2558505160746848,cc,0.24650577968550869,0.012810500157226115,0.2213976607534008,0.2716138986176166,1
1916,2500,ccmar,0.2558505160746848,cc_ccproj,0.2465057796855088,0.012810500157226118,0.2213976607534009,0.2716138986176167,1
1916,2500,ccmar,0.2558505160746848,seq,0.24755277244154572,0.012548409204646359,0.22295834233716796,0.2721472025459235,1
1917,2500,ccmar,0.2558505160746848,full,0.25391467808769114,0.008621451292855548,0.23701694405922796,0.2708124121161543,1
1917,2500,ccmar,0.2558505160746848,cc,0.26099902051294804,0.015311194472419918,0.23098963078671625,0.29100841023917984,1
1917,2500,ccmar,0.2558505160746848,cc_ccproj,0.2609990205129481,0.015311194472419925,0.2309896307867163,0.2910084102391799,1
1917,2500,ccmar,0.2558505160746848,seq,0.26211019057874746,0.015061172164430597,0.2325908355715063,0.2916295455859886,1
1918,2500,ccmar,0.2558505160746848,full,0.2319669980577041,0.012707821276938891,0.20706012603293206,0.25687387008247614,1
1918,2500,ccmar,0.2558505160746848,cc,0.20688809361614394,0.03481180721244504,0.13865820524299996,0.27511798198928794,1
1918,2500,ccmar,0.2558505160746848,cc_ccproj,0.20688809361614377,0.03481180721244501,0.13865820524299985,0.2751179819892877,1
1918,2500,ccmar,0.2558505160746848,seq,0.20362343787534573,0.03391014352211057,0.1371607778614248,0.27008609788926663,1
1919,2500,ccmar,0.2558505160746848,full,0.2521679490409027,0.013571206384068042,0.22556887330136927,0.2787670247804361,1
1919,2500,ccmar,0.2558505160746848,cc,0.26117747271630776,0.013530392016515567,0.23465839166722896,0.28769655376538655,1
1919,2500,ccmar,0.2558505160746848,cc_ccproj,0.2611774727163078,0.013530392016515576,0.23465839166722902,0.2876965537653866,1
1919,2500,ccmar,0.2558505160746848,seq,0.26307695895078953,0.013197241700506138,0.23721084052252736,0.28894307737905167,1
1920,2500,ccmar,0.2558505160746848,full,0.250824454240649,0.009723656088943732,0.23176643850826567,0.2698824699730323,1
1920,2500,ccmar,0.2558505160746848,cc,0.2663436938326382,0.013470427706954845,0.23994214067065622,0.2927452469946201,1
1920,2500,ccmar,0.2558505160746848,cc_ccproj,0.2663436938326381,0.013470427706954852,0.23994214067065614,0.2927452469946201,1
1920,2500,ccmar,0.2558505160746848,seq,0.2658343906007399,0.013490108695767325,0.23939426340950531,0.29227451779197444,1
1921,2500,ccmar,0.2558505160746848,full,0.24632384081995165,0.011839961612531695,0.22311794248105274,0.26952973915885053,1
1921,2500,ccmar,0.2558505160746848,cc,0.23008498764030827,0.013333534268473083,0.2039517406874704,0.25621823459314613,1
1921,2500,ccmar,0.2558505160746848,cc_ccproj,0.23008498764030827,0.013333534268473089,0.2039517406874704,0.25621823459314613,1
1921,2500,ccmar,0.2558505160746848,seq,0.23285694826663858,0.013252067398224798,0.20688337344542057,0.2588305230878566,1
1922,2500,ccmar,0.2558505160746848,full,0.24914321431428665,0.015698362071599515,0.21837499003768202,0.2799114385908913,1
1922,2500,ccmar,0.2558505160746848,cc,0.2069416645432962,0.04370807409364805,0.12127541348613788,0.2926079156004545,1
1922,2500,ccmar,0.2558505160746848,cc_ccproj,0.20694166454329643,0.043708074093648006,0.12127541348613817,0.2926079156004547,1
1922,2500,ccmar,0.2558505160746848,seq,0.21225622552252463,0.042269980629707604,0.129408585861092,0.29510386518395726,1
1923,2500,ccmar,0.2558505160746848,full,0.2501636004320824,0.016144036057132917,0.21852187119498587,0.28180532966917893,1
1923,2500,ccmar,0.2558505160746848,cc,0.2213049245558893,0.05188840268715406,0.11960552407375596,0.3230043250380226,1
1923,2500,ccmar,0.2558505160746848,cc_ccproj,0.2213049245558893,0.05188840268715402,0.11960552407375605,0.32300432503802257,1
1923,2500,ccmar,0.2558505160746848,seq,0.22106056554238612,0.05073403136220714,0.12162369128193455,0.3204974398028377,1
1924,2500,ccmar,0.2558505160746848,full,0.26015198700756925,0.010649181604557814,0.23927997459780947,0.28102399941732903,1
1924,2500,ccmar,0.2558505160746848,cc,0.24586729378028685,0.01552182125074056,0.2154450831543669,0.2762895044062068,1
1924,2500,ccmar,0.2558505160746848,cc_ccproj,0.24586729378028693,0.015521821250740562,0.21544508315436697,0.27628950440620687,1
1924,2500,ccmar,0.2558505160746848,seq,0.24979744189930148,0.013974361086346984,0.22240819746310336,0.2771866863354996,1
1925,2500,ccmar,0.2558505160746848,full,0.24302463293902082,0.01048494872264619,0.22247451106288504,0.2635747548151566,1
1925,2500,ccmar,0.2558505160746848,cc,0.23787851836896956,0.01696887315207245,0.2046201381326789,0.27113689860526025,1
1925,2500,ccmar,0.2558505160746848,cc_ccproj,0.23787851836896956,0.016968873152072458,0.20462013813267887,0.27113689860526025,1
1925,2500,ccmar,0.2558505160746848,seq,0.23353938634297175,0.016387494481162737,0.20142048736304388,0.2656582853228996,1
1926,2500,ccmar,0.2558505160746848,full,0.24769839609318034,0.010109715469631915,0.22788371787875433,0.26751307430760635,1
1926,2500,ccmar,0.2558505160746848,cc,0.24275183571021772,0.015327398877834813,0.21271068593298184,0.27279298548745357,1
1926,2500,ccmar,0.2558505160746848,cc_ccproj,0.24275183571021786,0.015327398877834788,0.21271068593298204,0.2727929854874537,1
1926,2500,ccmar,0.2558505160746848,seq,0.2444458039079404,0.013947447292231342,0.2171093095388963,0.2717822982769845,1
1927,2500,ccmar,0.2558505160746848,full,0.26425182162467264,0.009750280373600763,0.2451416232532474,0.2833620199960979,1
1927,2500,ccmar,0.2558505160746848,cc,0.23387037427739638,0.012589787985307086,0.2091948432531994,0.2585459053015933,1
1927,2500,ccmar,0.2558505160746848,cc_ccproj,0.23387037427739651,0.012589787985307079,0.20919484325319956,0.2585459053015935,1
1927,2500,ccmar,0.2558505160746848,seq,0.24009330042386431,0.012050706247248084,0.21647435019098624,0.2637122506567424,1
1928,2500,ccmar,0.2558505160746848,full,0.2605055407410895,0.010270673041233249,0.24037539148328588,0.28063568999889316,1
1928,2500,ccmar,0.2558505160746848,cc,0.26929441152628153,0.020229750308483396,0.22964482950541604,0.308943993547147,1
1928,2500,ccmar,0.2558505160746848,cc_ccproj,0.26929441152628153,0.020229750308483407,0.229644829505416,0.3089439935471471,1
1928,2500,ccmar,0.2558505160746848,seq,0.26923993877895264,0.01995352649801569,0.23013174547827625,0.308348132079629,1
1929,2500,ccmar,0.2558505160746848,full,0.25374872675060134,0.00982357911064074,0.23449486549446547,0.2730025880067372,1
1929,2500,ccmar,0.2558505160746848,cc,0.24396154114420268,0.015576453873073224,0.21343225254612974,0.2744908297422756,1
1929,2500,ccmar,0.2558505160746848,cc_ccproj,0.2439615411442028,0.015576453873073225,0.21343225254612982,0.27449082974227573,1
1929,2500,ccmar,0.2558505160746848,seq,0.24384559017110014,0.015294190416121269,0.2138695277828048,0.2738216525593955,1
1930,2500,ccmar,0.2558505160746848,full,0.2495924674360575,0.009507185436775322,0.23095872638563417,0.2682262084864808,1
1930,2500,ccmar,0.2558505160746848,cc,0.2638210174333447,0.014374670711931556,0.2356471805483361,0.29199485431835326,1
1930,2500,ccmar,0.2558505160746848,cc_ccproj,0.2638210174333448,0.014374670711931563,0.2356471805483362,0.29199485431835337,1
1930,2500,ccmar,0.2558505160746848,seq,0.2603159243933037,0.014057874270650946,0.23276299712363557,0.2878688516629718,1
1931,2500,ccmar,0.2558505160746848,full,0.26206803412780055,0.009813630680425869,0.24283367143658854,0.2813023968190126,1
1931,2500,ccmar,0.2558505160746848,cc,0.26670803940248305,0.014442511777273454,0.2384012364727315,0.2950148423322346,1
1931,2500,ccmar,0.2558505160746848,cc_ccproj,0.2667080394024832,0.014442511777273464,0.23840123647273168,0.2950148423322348,1
1931,2500,ccmar,0.2558505160746848,seq,0.26862092657475223,0.014348140727313252,0.24049908750410592,0.29674276564539853,1
1932,2500,ccmar,0.2558505160746848,full,0.2547360822552838,0.008754147566788363,0.23757826830902967,0.271893896201538,1
1932,2500,ccmar,0.2558505160746848,cc,0.26136773175085737,0.015448940912192089,0.2310883639636735,0.29164709953804124,1
1932,2500,ccmar,0.2558505160746848,cc_ccproj,0.26136773175085726,0.015448940912192087,0.23108836396367338,0.29164709953804113,1
1932,2500,ccmar,0.2558505160746848,seq,0.25921088550149873,0.014753495801344831,0.23029456508479995,0.2881272059181975,1
1933,2500,ccmar,0.2558505160746848,full,0.2604959482565554,0.008877732288595942,0.24309591270651904,0.2778959838065918,1
1933,2500,ccmar,0.2558505160746848,cc,0.2554606488705932,0.016148323162291593,0.22381051706178773,0.2871107806793987,1
1933,2500,ccmar,0.2558505160746848,cc_ccproj,0.25546064887059344,0.01614832316229159,0.22381051706178798,0.28711078067939894,1
1933,2500,ccmar,0.2558505160746848,seq,0.25964785568280235,0.015451958125400577,0.22936257426639617,0.28993313709920854,1
1934,2500,ccmar,0.2558505160746848,full,0.25309951648562234,0.00891496982133079,0.2356264967125525,0.27057253625869215,1
1934,2500,ccmar,0.2558505160746848,cc,0.23886690284056822,0.01482131005434039,0.20981766893035966,0.2679161367507768,1
1934,2500,ccmar,0.2558505160746848,cc_ccproj,0.23886690284056816,0.014821310054340392,0.2098176689303596,0.26791613675077675,1
1934,2500,ccmar,0.2558505160746848,seq,0.24533204352712265,0.014509310411455924,0.21689431768015702,0.2737697693740883,1
1935,2500,ccmar,0.2558505160746848,full,0.24260379731044449,0.010506733145058497,0.22201097875095657,0.26319661586993237,1
1935,2500,ccmar,0.2558505160746848,cc,0.23621904093887697,0.014597415781262701,0.20760863174024546,0.26482945013750847,1
1935,2500,ccmar,0.2558505160746848,cc_ccproj,0.23621904093887697,0.014597415781262698,0.20760863174024546,0.26482945013750847,1
1935,2500,ccmar,0.2558505160746848,seq,0.23708332207100616,0.014306578142147428,0.20904294417038924,0.26512369997162305,1
1936,2500,ccmar,0.2558505160746848,full,0.24398898001432553,0.011678446037643448,0.22109964638514987,0.2668783136435012,1
1936,2500,ccmar,0.2558505160746848,cc,0.2637001954236122,0.021885890897211616,0.22080463749550444,0.30659575335172,1
1936,2500,ccmar,0.2558505160746848,cc_ccproj,0.26370019542361217,0.021885890897211633,0.22080463749550436,0.30659575335171996,1
1936,2500,ccmar,0.2558505160746848,seq,0.2614752310394414,0.021756888085513005,0.21883251397616732,0.30411794810271553,1
1937,2500,ccmar,0.2558505160746848,full,0.26129067166633885,0.009402543243944544,0.24286202554512715,0.27971931778755055,1
1937,2500,ccmar,0.2558505160746848,cc,0.238417927895973,0.01722548109024826,0.20465660534271066,0.2721792504492353,1
1937,2500,ccmar,0.2558505160746848,cc_ccproj,0.2384179278959731,0.01722548109024825,0.2046566053427108,0.2721792504492354,1
1937,2500,ccmar,0.2558505160746848,seq,0.24343114410742492,0.01657592475282134,0.21094292858144909,0.27591935963340075,1
1938,2500,ccmar,0.2558505160746848,full,0.26829191604931113,0.010685867371974142,0.24734800085667014,0.2892358312419521,1
1938,2500,ccmar,0.2558505160746848,cc,0.2547285100917159,0.013094993952178951,0.2290627935676753,0.2803942266157564,1
1938,2500,ccmar,0.2558505160746848,cc_ccproj,0.25472851009171593,0.013094993952178955,0.22906279356767537,0.2803942266157565,1
1938,2500,ccmar,0.2558505160746848,seq,0.2568352101038056,0.012673513927161772,0.23199557924900177,0.28167484095860945,1
1939,2500,ccmar,0.2558505160746848,full,0.2616827241115401,0.008839674191148145,0.2443572810618215,0.2790081671612587,1
1939,2500,ccmar,0.2558505160746848,cc,0.27206587242533403,0.013559580237715578,0.24548958351393044,0.29864216133673765,1
1939,2500,ccmar,0.2558505160746848,cc_ccproj,0.27206587242533403,0.013559580237715571,0.24548958351393044,0.2986421613367376,1
1939,2500,ccmar,0.2558505160746848,seq,0.26920665296798413,0.013135809760878922,0.24346093892889173,0.2949523670070765,1
1940,2500,ccmar,0.2558505160746848,full,0.26122410623407083,0.009197232046188863,0.24319786266608304,0.27925034980205865,1
1940,2500,ccmar,0.2558505160746848,cc,0.2562208944167938,0.01371198073085869,0.22934590602760355,0.283095882805984,1
1940,2500,ccmar,0.2558505160746848,cc_ccproj,0.2562208944167938,0.013711980730858695,0.22934590602760355,0.2830958828059841,1
1940,2500,ccmar,0.2558505160746848,seq,0.2564930355934949,0.013546690358766862,0.22994201038059586,0.28304406080639394,1
1941,2500,ccmar,0.2558505160746848,full,0.25596698804211016,0.009175589907681326,0.23798316228614555,0.27395081379807473,1
1941,2500,ccmar,0.2558505160746848,cc,0.2711834157244417,0.018117842421657027,0.23567309710042197,0.3066937343484614,1
1941,2500,ccmar,0.2558505160746848,cc_ccproj,0.2711834157244419,0.018117842421657027,0.23567309710042214,0.3066937343484616,1
1941,2500,ccmar,0.2558505160746848,seq,0.2729614855525323,0.01805012677596196,0.23758388715526477,0.3083390839497998,1
1942,2500,ccmar,0.2558505160746848,full,0.2514757745441106,0.010461522815479164,0.23097156660232734,0.2719799824858938,1
1942,2500,ccmar,0.2558505160746848,cc,0.27860917216977177,0.024722622544279264,0.2301537223796064,0.32706462195993713,1
1942,2500,ccmar,0.2558505160746848,cc_ccproj,0.27860917216977205,0.02472262254427927,0.23015372237960668,0.3270646219599374,1
1942,2500,ccmar,0.2558505160746848,seq,0.27293291556967497,0.024151226466387014,0.22559738151308587,0.32026844962626405,1
1943,2500,ccmar,0.2558505160746848,full,0.24218234600355562,0.009626503334901252,0.22331474617009445,0.2610499458370168,1
1943,2500,ccmar,0.2558505160746848,cc,0.22828533443287055,0.01682496126928319,0.1953090163037942,0.2612616525619469,1
1943,2500,ccmar,0.2558505160746848,cc_ccproj,0.22828533443287097,0.01682496126928319,0.1953090163037946,0.26126165256194733,1
1943,2500,ccmar,0.2558505160746848,seq,0.2326219373958058,0.016720133453904048,0.19985107800945057,0.26539279678216104,1
1944,2500,ccmar,0.2558505160746848,full,0.2490361029845381,0.009917723136233646,0.22959772282888052,0.2684744831401957,1
1944,2500,ccmar,0.2558505160746848,cc,0.24483762098845382,0.011497736219625137,0.22230247209424683,0.2673727698826608,1
1944,2500,ccmar,0.2558505160746848,cc_ccproj,0.2448376209884539,0.011497736219625134,0.22230247209424694,0.2673727698826609,1
1944,2500,ccmar,0.2558505160746848,seq,0.2359355797434689,0.011478287192209644,0.2134385502425306,0.2584326092444072,1
1945,2500,ccmar,0.2558505160746848,full,0.2532398526715778,0.008905914471133926,0.2357845810587612,0.27069512428439435,1
1945,2500,ccmar,0.2558505160746848,cc,0.24955037882303482,0.012586039291622856,0.224882195103448,0.2742185625426216,1
1945,2500,ccmar,0.2558505160746848,cc_ccproj,0.24955037882303496,0.01258603929162284,0.22488219510344817,0.2742185625426217,1
1945,2500,ccmar,0.2558505160746848,seq,0.25576962160070216,0.011765945586184528,0.23270879200772246,0.2788304511936818,1
1946,2500,ccmar,0.2558505160746848,full,0.26084291393957054,0.009177447122009666,0.24285544811041082,0.27883037976873026,1
1946,2500,ccmar,0.2558505160746848,cc,0.25300487995065124,0.013971576512220257,0.22562109317945378,0.2803886667218487,1
1946,2500,ccmar,0.2558505160746848,cc_ccproj,0.2530048799506512,0.013971576512220257,0.22562109317945372,0.28038866672184865,1
1946,2500,ccmar,0.2558505160746848,seq,0.24958383510328785,0.013717974881554417,0.22269709839461607,0.2764705718119596,1
1947,2500,ccmar,0.2558505160746848,full,0.2522909693811632,0.012128033909075717,0.22852045971609425,0.2760614790462321,1
1947,2500,ccmar,0.2558505160746848,cc,0.26038217313197676,0.016033371865838295,0.22895734172419593,0.2918070045397576,1
1947,2500,ccmar,0.2558505160746848,cc_ccproj,0.26038217313197665,0.0160333718658383,0.2289573417241958,0.2918070045397575,1
1947,2500,ccmar,0.2558505160746848,seq,0.260507321267796,0.0151558670832446,0.2308023676301605,0.29021227490543156,1
1948,2500,ccmar,0.2558505160746848,full,0.26789051194762514,0.009099219066101217,0.25005637029062655,0.28572465360462374,1
1948,2500,ccmar,0.2558505160746848,cc,0.2605324718994601,0.017058820881658446,0.22709779735268973,0.29396714644623045,1
1948,2500,ccmar,0.2558505160746848,cc_ccproj,0.2605324718994603,0.01705882088165844,0.22709779735268998,0.2939671464462307,1
1948,2500,ccmar,0.2558505160746848,seq,0.26143630209058466,0.016359879379197827,0.2293715277159374,0.2935010764652319,1
1949,2500,ccmar,0.2558505160746848,full,0.24767098116224362,0.009260099590586303,0.22952151947144037,0.26582044285304685,1
1949,2500,ccmar,0.2558505160746848,cc,0.2422088667676572,0.012316308637754974,0.2180693454151779,0.26634838812013656,1
1949,2500,ccmar,0.2558505160746848,cc_ccproj,0.24220886676765704,0.012316308637754984,0.2180693454151777,0.2663483881201364,1
1949,2500,ccmar,0.2558505160746848,seq,0.2429668233866856,0.012330027470528662,0.21880041361605992,0.2671332331573113,1
1950,2500,ccmar,0.2558505160746848,full,0.24753870679411358,0.009746222515632485,0.22843646167816054,0.2666409519100666,1
1950,2500,ccmar,0.2558505160746848,cc,0.2572461984082004,0.01311904229340055,0.23153334800147757,0.28295904881492323,1
1950,2500,ccmar,0.2558505160746848,cc_ccproj,0.2572461984082002,0.013119042293400553,0.23153334800147735,0.282959048814923,1
1950,2500,ccmar,0.2558505160746848,seq,0.26125482137883665,0.012912664017169076,0.23594646496071897,0.28656317779695434,1
1951,2500,ccmar,0.2558505160746848,full,0.24577717958409448,0.010695953579640285,0.22481349578768725,0.2667408633805017,1
1951,2500,ccmar,0.2558505160746848,cc,0.2643768582456468,0.012884044355143722,0.2391245953343485,0.28962912115694506,1
1951,2500,ccmar,0.2558505160746848,cc_ccproj,0.2643768582456467,0.012884044355143722,0.23912459533434843,0.289629121156945,1
1951,2500,ccmar,0.2558505160746848,seq,0.25993491265104424,0.01271995949894166,0.23500425014831045,0.28486557515377803,1
1952,2500,ccmar,0.2558505160746848,full,0.259520295019572,0.009342967703353654,0.24120841481227795,0.2778321752268661,1
1952,2500,ccmar,0.2558505160746848,cc,0.2703289408148724,0.012518014988372328,0.24579408227973007,0.2948637993500148,1
1952,2500,ccmar,0.2558505160746848,cc_ccproj,0.27032894081487235,0.012518014988372336,0.24579408227973,0.2948637993500147,1
1952,2500,ccmar,0.2558505160746848,seq,0.27248227982588785,0.012662619289704831,0.24766400206812422,0.2973005575836515,1
1953,2500,ccmar,0.2558505160746848,full,0.2513738947174562,0.0102978301040447,0.23119051859461623,0.2715572708402962,1
1953,2500,ccmar,0.2558505160746848,cc,0.24672533102509364,0.01469203418046051,0.2179294731717596,0.2755211888784277,1
1953,2500,ccmar,0.2558505160746848,cc_ccproj,0.2467253310250937,0.014692034180460516,0.21792947317175965,0.27552118887842775,1
1953,2500,ccmar,0.2558505160746848,seq,0.2456374918744797,0.01459178343182866,0.21703812187788726,0.27423686187107216,1
1954,2500,ccmar,0.2558505160746848,full,0.25373742378435543,0.009357185214076495,0.23539767776809478,0.2720771698006161,1
1954,2500,ccmar,0.2558505160746848,cc,0.25705725591331036,0.012341322797152783,0.2328687077093078,0.2812458041173129,1
1954,2500,ccmar,0.2558505160746848,cc_ccproj,0.2570572559133104,0.01234132279715279,0.23286870770930782,0.281245804117313,1
1954,2500,ccmar,0.2558505160746848,seq,0.2562389273420028,0.011883529791164534,0.23294763694211154,0.27953021774189407,1
1955,2500,ccmar,0.2558505160746848,full,0.2491536802128212,0.009053979094877252,0.2314082072700832,0.2668991531555592,1
1955,2500,ccmar,0.2558505160746848,cc,0.25347394176129284,0.014686378504088812,0.22468916882995554,0.28225871469263014,1
1955,2500,ccmar,0.2558505160746848,cc_ccproj,0.2534739417612928,0.014686378504088812,0.2246891688299555,0.2822587146926301,1
1955,2500,ccmar,0.2558505160746848,seq,0.2552777051322246,0.014368359058138802,0.22711623886133267,0.2834391714031165,1
1956,2500,ccmar,0.2558505160746848,full,0.25717859152220796,0.011342453624767204,0.23494779092134846,0.2794093921230675,1
1956,2500,ccmar,0.2558505160746848,cc,0.26610451824474673,0.01613070259953843,0.2344889221043248,0.29772011438516865,1
1956,2500,ccmar,0.2558505160746848,cc_ccproj,0.2661045182447465,0.016130702599538443,0.23448892210432454,0.2977201143851685,1
1956,2500,ccmar,0.2558505160746848,seq,0.26417529687517577,0.015790627113069656,0.23322623644025756,0.295124357310094,1
1957,2500,ccmar,0.2558505160746848,full,0.24950003740083548,0.008675159898653991,0.23249703643934752,0.2665030383623235,1
1957,2500,ccmar,0.2558505160746848,cc,0.24268631719957567,0.012611244336531713,0.21796873249973878,0.26740390189941254,1
1957,2500,ccmar,0.2558505160746848,cc_ccproj,0.24268631719957562,0.012611244336531708,0.21796873249973875,0.2674039018994125,1
1957,2500,ccmar,0.2558505160746848,seq,0.25038876843774016,0.012631588465164392,0.22563130997848638,0.275146226896994,1
1958,2500,ccmar,0.2558505160746848,full,0.2558923778041377,0.009911195699390475,0.2364667911896041,0.2753179644186713,1
1958,2500,ccmar,0.2558505160746848,cc,0.2510604409798831,0.011955717757186903,0.22762766476647078,0.27449321719329545,1
1958,2500,ccmar,0.2558505160746848,cc_ccproj,0.25106044097988306,0.011955717757186912,0.22762766476647073,0.2744932171932954,1
1958,2500,ccmar,0.2558505160746848,seq,0.250765097434589,0.01178430995716041,0.22766827433589787,0.2738619205332802,1
1959,2500,ccmar,0.2558505160746848,full,0.2566447233008407,0.009648524935273194,0.23773396192376858,0.2755554846779128,1
1959,2500,ccmar,0.2558505160746848,cc,0.2798325048026118,0.017270438322972544,0.24598306769236528,0.3136819419128583,1
1959,2500,ccmar,0.2558505160746848,cc_ccproj,0.27983250480261185,0.017270438322972554,0.2459830676923653,0.31368194191285836,1
1959,2500,ccmar,0.2558505160746848,seq,0.2822665442825328,0.017100866066423394,0.2487494626878998,0.3157836258771658,1
1960,2500,ccmar,0.2558505160746848,full,0.25216231953198437,0.016519327789150093,0.2197850320164385,0.28453960704753023,1
1960,2500,ccmar,0.2558505160746848,cc,0.21386289583134022,0.023571227942776312,0.1676641379921145,0.26006165367056594,1
1960,2500,ccmar,0.2558505160746848,cc_ccproj,0.21386289583134038,0.02357122794277626,0.16766413799211477,0.260061653670566,1
1960,2500,ccmar,0.2558505160746848,seq,0.21655893170675067,0.021971243283079898,0.1734960861763465,0.25962177723715485,1
1961,2500,ccmar,0.2558505160746848,full,0.25217228680219544,0.010623751810499802,0.23135011587292365,0.27299445773146724,1
1961,2500,ccmar,0.2558505160746848,cc,0.2486829851579281,0.015196448865914374,0.21889849268783138,0.2784674776280248,1
1961,2500,ccmar,0.2558505160746848,cc_ccproj,0.2486829851579281,0.01519644886591437,0.2188984926878314,0.2784674776280248,1
1961,2500,ccmar,0.2558505160746848,seq,0.25081418042107173,0.014602144900479794,0.22219450231909613,0.27943385852304736,1
1962,2500,ccmar,0.2558505160746848,full,0.2442310318583758,0.010219333116991223,0.22420150700305555,0.264260556713696,1
1962,2500,ccmar,0.2558505160746848,cc,0.24782052898724524,0.01239472805159885,0.2235273084079432,0.2721137495665473,1
1962,2500,ccmar,0.2558505160746848,cc_ccproj,0.2478205289872451,0.012394728051598865,0.22352730840794302,0.2721137495665472,1
1962,2500,ccmar,0.2558505160746848,seq,0.24753120787235794,0.011982721639234218,0.2240455050226901,0.2710169107220258,1
1963,2500,ccmar,0.2558505160746848,full,0.24549285407999533,0.011530000907574228,0.2228944675594357,0.26809124060055495,1
1963,2500,ccmar,0.2558505160746848,cc,0.26712705724240426,0.033790371651406303,0.20089914578142468,0.3333549687033839,1
1963,2500,ccmar,0.2558505160746848,cc_ccproj,0.2671270572424046,0.03379037165140631,0.20089914578142498,0.3333549687033842,1
1963,2500,ccmar,0.2558505160746848,seq,0.2682867263369557,0.033557405275010235,0.20251542058332123,0.3340580320905902,1
1964,2500,ccmar,0.2558505160746848,full,0.2512548280275784,0.009895980808937232,0.23185906205036189,0.27065059400479496,1
1964,2500,ccmar,0.2558505160746848,cc,0.2361410504119609,0.013459920297350053,0.20976009139437515,0.2625220094295467,1
1964,2500,ccmar,0.2558505160746848,cc_ccproj,0.23614105041196082,0.013459920297350061,0.20976009139437504,0.2625220094295466,1
1964,2500,ccmar,0.2558505160746848,seq,0.2392673209659669,0.01341151559793817,0.2129812334159109,0.2655534085160229,1
1965,2500,ccmar,0.2558505160746848,full,0.2625013098286009,0.010414540989216134,0.24208918457422116,0.2829134350829807,1
1965,2500,ccmar,0.2558505160746848,cc,0.28294211896534927,0.0166452238746183,0.25031807965649117,0.31556615827420736,1
1965,2500,ccmar,0.2558505160746848,cc_ccproj,0.28294211896534915,0.0166452238746183,0.25031807965649105,0.31556615827420725,1
1965,2500,ccmar,0.2558505160746848,seq,0.28164110307826823,0.016307897234344754,0.24967821183537214,0.3136039943211643,1
1966,2500,ccmar,0.2558505160746848,full,0.26204419948514057,0.009294089486172585,0.24382811882314992,0.2802602801471312,1
1966,2500,ccmar,0.2558505160746848,cc,0.26134970689450604,0.010951581239053397,0.23988500209219685,0.28281441169681526,1
1966,2500,ccmar,0.2558505160746848,cc_ccproj,0.2613497068945061,0.0109515812390534,0.23988500209219688,0.2828144116968153,1
1966,2500,ccmar,0.2558505160746848,seq,0.2609439287069772,0.011004208099576862,0.23937607715342257,0.2825117802605318,1
1967,2500,ccmar,0.2558505160746848,full,0.2561319555751962,0.009839719351589534,0.2368464600280989,0.2754174511222935,1
1967,2500,ccmar,0.2558505160746848,cc,0.2671921266512999,0.015344077695578315,0.23711828699198204,0.29726596631061775,1
1967,2500,ccmar,0.2558505160746848,cc_ccproj,0.2671921266512993,0.015344077695578315,0.23711828699198148,0.2972659663106172,1
1967,2500,ccmar,0.2558505160746848,seq,0.26242564624885134,0.015087707837995736,0.23285428227711702,0.29199701022058566,1
1968,2500,ccmar,0.2558505160746848,full,0.2654598947962288,0.00885938656296046,0.24809581620770818,0.2828239733847494,1
1968,2500,ccmar,0.2558505160746848,cc,0.27971833554425013,0.01701787117374837,0.24636392095016096,0.3130727501383393,1
1968,2500,ccmar,0.2558505160746848,cc_ccproj,0.27971833554425,0.017017871173748374,0.24636392095016083,0.3130727501383392,1
1968,2500,ccmar,0.2558505160746848,seq,0.27523041142739757,0.016809060317733444,0.24228525859067862,0.3081755642641165,1
1969,2500,ccmar,0.2558505160746848,full,0.2547654482251188,0.01072661420751942,0.2337416707023251,0.27578922574791254,1
1969,2500,ccmar,0.2558505160746848,cc,0.24494832771871938,0.013126702762295925,0.21922046306885692,0.2706761923685818,1
1969,2500,ccmar,0.2558505160746848,cc_ccproj,0.24494832771871952,0.013126702762295933,0.21922046306885706,0.270676192368582,1
1969,2500,ccmar,0.2558505160746848,seq,0.24403268214155538,0.012272333425148997,0.21997935062199625,0.2680860136611145,1
1970,2500,ccmar,0.2558505160746848,full,0.27585463831236995,0.014375357019311525,0.2476794562896143,0.3040298203351256,1
1970,2500,ccmar,0.2558505160746848,cc,0.26379156574217605,0.014520464473880588,0.23533197833457675,0.29225115314977534,1
1970,2500,ccmar,0.2558505160746848,cc_ccproj,0.26379156574217605,0.014520464473880583,0.23533197833457675,0.29225115314977534,1
1970,2500,ccmar,0.2558505160746848,seq,0.25913053834995137,0.014136850492101552,0.23142282053060498,0.28683825616929776,1
1971,2500,ccmar,0.2558505160746848,full,0.24047394211126538,0.01245262378974372,0.21606724797034102,0.26488063625218977,1
1971,2500,ccmar,0.2558505160746848,cc,0.22093006327936573,0.03549323805769325,0.1513645949915806,0.2904955315671509,1
1971,2500,ccmar,0.2558505160746848,cc_ccproj,0.22093006327936573,0.03549323805769324,0.15136459499158061,0.29049553156715086,1
1971,2500,ccmar,0.2558505160746848,seq,0.22250303991108686,0.034727199254971815,0.1544389800873959,0.2905670997347778,1
1972,2500,ccmar,0.2558505160746848,full,0.2516344396248604,0.010375862677284589,0.23129812246884923,0.2719707567808715,1
1972,2500,ccmar,0.2558505160746848,cc,0.2451585423223727,0.018648166654579655,0.2086088073016958,0.2817082773430496,1
1972,2500,ccmar,0.2558505160746848,cc_ccproj,0.2451585423223728,0.01864816665457967,0.20860880730169587,0.28170827734304976,1
1972,2500,ccmar,0.2558505160746848,seq,0.24339196566212054,0.018343654883369104,0.2074390627458848,0.2793448685783563,1
1973,2500,ccmar,0.2558505160746848,full,0.260655706843497,0.00951921858321805,0.24199838125942522,0.2793130324275688,1
1973,2500,ccmar,0.2558505160746848,cc,0.2818146124753654,0.016015247948314663,0.2504253032931896,0.31320392165754113,1
1973,2500,ccmar,0.2558505160746848,cc_ccproj,0.28181461247536543,0.016015247948314652,0.25042530329318974,0.31320392165754113,1
1973,2500,ccmar,0.2558505160746848,seq,0.28024549368265933,0.015567039625144352,0.2497346566714685,0.31075633069385017,1
1974,2500,ccmar,0.2558505160746848,full,0.24318848438412216,0.011086658737118078,0.2214590325504844,0.2649179362177599,1
1974,2500,ccmar,0.2558505160746848,cc,0.23086107027347771,0.024124748757610708,0.1835774315724833,0.27814470897447213,1
1974,2500,ccmar,0.2558505160746848,cc_ccproj,0.2308610702734778,0.02412474875761071,0.18357743157248338,0.2781447089744722,1
1974,2500,ccmar,0.2558505160746848,seq,0.2276262272857709,0.023830534207680845,0.18091923850636668,0.27433321606517513,1
1975,2500,ccmar,0.2558505160746848,full,0.25115165143549734,0.008675734883089843,0.23414752352522342,0.26815577934577123,1
1975,2500,ccmar,0.2558505160746848,cc,0.254279374021375,0.013722127401635505,0.22738449852289924,0.2811742495198508,1
1975,2500,ccmar,0.2558505160746848,cc_ccproj,0.25427937402137524,0.013722127401635493,0.2273844985228995,0.281174249519851,1
1975,2500,ccmar,0.2558505160746848,seq,0.2527770995677874,0.013259342340623115,0.22678926612147904,0.2787649330140957,1
1976,2500,ccmar,0.2558505160746848,full,0.25659401347568744,0.009651030665816022,0.23767834095699641,0.2755096859943785,1
1976,2500,ccmar,0.2558505160746848,cc,0.2920387394421225,0.01863857717967284,0.2555077994468936,0.3285696794373514,1
1976,2500,ccmar,0.2558505160746848,cc_ccproj,0.29203873944212233,0.018638577179672842,0.25550779944689345,0.3285696794373512,1
1976,2500,ccmar,0.2558505160746848,seq,0.28911676595988567,0.01844567770612415,0.25296390198544894,0.3252696299343224,1
1977,2500,ccmar,0.2558505160746848,full,0.25198188213288647,0.00905755576041782,0.23422939905450424,0.2697343652112687,1
1977,2500,ccmar,0.2558505160746848,cc,0.24117776084547532,0.01347908860914733,0.21475923262712246,0.26759628906382815,1
1977,2500,ccmar,0.2558505160746848,cc_ccproj,0.2411777608454756,0.013479088609147332,0.21475923262712274,0.2675962890638285,1
1977,2500,ccmar,0.2558505160746848,seq,0.2473731510336086,0.013132047825310418,0.22163481025274265,0.2731114918144746,1
1978,2500,ccmar,0.2558505160746848,full,0.26969622709344543,0.014044520009952542,0.24216947369378633,0.2972229804931045,1
1978,2500,ccmar,0.2558505160746848,cc,0.26199923882133336,0.011786796381707855,0.23889754242007893,0.2851009352225878,1
1978,2500,ccmar,0.2558505160746848,cc_ccproj,0.26199923882133325,0.011786796381707862,0.23889754242007882,0.28510093522258767,1
1978,2500,ccmar,0.2558505160746848,seq,0.25979019059479164,0.011556718413887317,0.23713943872410165,0.2824409424654816,1
1979,2500,ccmar,0.2558505160746848,full,0.26647059200595613,0.008882902385096824,0.24906042325298142,0.2838807607589309,1
1979,2500,ccmar,0.2558505160746848,cc,0.25749545226468873,0.015039851288540875,0.2280178854063103,0.28697301912306716,1
1979,2500,ccmar,0.2558505160746848,cc_ccproj,0.25749545226468873,0.015039851288540872,0.2280178854063103,0.28697301912306716,1
1979,2500,ccmar,0.2558505160746848,seq,0.2556231280208118,0.014851745634445156,0.2265142414697493,0.28473201457187425,1
1980,2500,ccmar,0.2558505160746848,full,0.24303801238699047,0.009675775048189669,0.2240738417700274,0.2620021830039535,1
1980,2500,ccmar,0.2558505160746848,cc,0.24384640907507063,0.012725083669717934,0.2189057033821647,0.26878711476797656,1
1980,2500,ccmar,0.2558505160746848,cc_ccproj,0.24384640907507074,0.012725083669717944,0.21890570338216478,0.2687871147679767,1
1980,2500,ccmar,0.2558505160746848,seq,0.24051883790793577,0.012526109941065029,0.21596811355705917,0.26506956225881234,1
1981,2500,ccmar,0.2558505160746848,full,0.25388589609737067,0.008928364884867385,0.2363866224821985,0.27138516971254284,1
1981,2500,ccmar,0.2558505160746848,cc,0.26513223428740396,0.012404077414954855,0.24082068929264575,0.28944377928216214,1
1981,2500,ccmar,0.2558505160746848,cc_ccproj,0.26513223428740396,0.012404077414954862,0.24082068929264572,0.2894437792821622,1
1981,2500,ccmar,0.2558505160746848,seq,0.26122336137642255,0.012312813371013497,0.23709069062087287,0.2853560321319722,1
1982,2500,ccmar,0.2558505160746848,full,0.2564761053477309,0.01008279718562844,0.23671418600047733,0.2762380246949845,1
1982,2500,ccmar,0.2558505160746848,cc,0.2559397590119936,0.014189593638412261,0.22812866652544692,0.2837508514985403,1
1982,2500,ccmar,0.2558505160746848,cc_ccproj,0.2559397590119937,0.014189593638412252,0.228128666525447,0.28375085149854035,1
1982,2500,ccmar,0.2558505160746848,seq,0.25707550081443215,0.013358808704465238,0.2308927168773201,0.2832582847515442,1
1983,2500,ccmar,0.2558505160746848,full,0.2504655567681095,0.009148920562038018,0.23253400196909704,0.268397111567122,1
1983,2500,ccmar,0.2558505160746848,cc,0.2408655485577775,0.011457465630933061,0.2184093285670432,0.2633217685485118,1
1983,2500,ccmar,0.2558505160746848,cc_ccproj,0.24086554855777725,0.01145746563093307,0.21840932856704295,0.2633217685485116,1
1983,2500,ccmar,0.2558505160746848,seq,0.238626001847448,0.011263050269267282,0.21655082896361996,0.260701174731276,1
1984,2500,ccmar,0.2558505160746848,full,0.24346360956282556,0.00987554216229092,0.22410790259692856,0.2628193165287226,1
1984,2500,ccmar,0.2558505160746848,cc,0.2523611468877363,0.013397589798462638,0.2261023534031083,0.2786199403723643,1
1984,2500,ccmar,0.2558505160746848,cc_ccproj,0.25236114688773653,0.013397589798462634,0.22610235340310852,0.27861994037236454,1
1984,2500,ccmar,0.2558505160746848,seq,0.24865706828415055,0.013036214676441867,0.223106557023592,0.2742075795447091,1
1985,2500,ccmar,0.2558505160746848,full,0.26618656225849807,0.009380058289448932,0.24780198583829177,0.28457113867870437,1
1985,2500,ccmar,0.2558505160746848,cc,0.29007269244425454,0.01744697062340409,0.2558772583830542,0.3242681265054549,0
1985,2500,ccmar,0.2558505160746848,cc_ccproj,0.2900726924442543,0.0174469706234041,0.255877258383054,0.32426812650545467,0
1985,2500,ccmar,0.2558505160746848,seq,0.290720498517367,0.017138338279162054,0.2571299727353452,0.32431102429938874,0
1986,2500,ccmar,0.2558505160746848,full,0.25087692883519336,0.009844823361969035,0.23158142961157552,0.2701724280588112,1
1986,2500,ccmar,0.2558505160746848,cc,0.2544643114737204,0.0158457254162493,0.2234072603489608,0.28552136259848,1
1986,2500,ccmar,0.2558505160746848,cc_ccproj,0.25446431147372056,0.01584572541624931,0.22340726034896097,0.28552136259848016,1
1986,2500,ccmar,0.2558505160746848,seq,0.2542733721109729,0.015685900496951358,0.2235295720718693,0.2850171721500765,1
1987,2500,ccmar,0.2558505160746848,full,0.2560221091110581,0.00950685999486753,0.2373890059150531,0.27465521230706313,1
1987,2500,ccmar,0.2558505160746848,cc,0.2750058913335033,0.020630712701720347,0.23457043746273837,0.3154413452042682,1
1987,2500,ccmar,0.2558505160746848,cc_ccproj,0.27500589133350334,0.020630712701720347,0.23457043746273842,0.31544134520426825,1
1987,2500,ccmar,0.2558505160746848,seq,0.272683899624063,0.020472679763841737,0.23255818461991118,0.31280961462821477,1
1988,2500,ccmar,0.2558505160746848,full,0.2464778017592368,0.012445280844293062,0.22208549952693618,0.27087010399153744,1
1988,2500,ccmar,0.2558505160746848,cc,0.2539483919316059,0.01283268422033547,0.2287967930347729,0.2790999908284389,1
1988,2500,ccmar,0.2558505160746848,cc_ccproj,0.2539483919316059,0.012832684220335473,0.2287967930347729,0.2790999908284389,1
1988,2500,ccmar,0.2558505160746848,seq,0.2526241509956003,0.012449980837253296,0.22822263694637002,0.2770256650448306,1
1989,2500,ccmar,0.2558505160746848,full,0.2858687178373128,0.01129441483841787,0.263732071527559,0.30800536414706664,0
1989,2500,ccmar,0.2558505160746848,cc,0.29431943496951546,0.01115116136987301,0.27246356029877,0.3161753096402609,0
1989,2500,ccmar,0.2558505160746848,cc_ccproj,0.2943194349695155,0.011151161369873016,0.27246356029877006,0.31617530964026097,0
1989,2500,ccmar,0.2558505160746848,seq,0.2837012596671515,0.010635111254355158,0.2628568246370388,0.30454569469726417,0
1990,2500,ccmar,0.2558505160746848,full,0.2553389234058566,0.010131830254799561,0.2354809010089762,0.275196945802737,1
1990,2500,ccmar,0.2558505160746848,cc,0.25440904722209673,0.01503373564114245,0.22494346681236135,0.28387462763183213,1
1990,2500,ccmar,0.2558505160746848,cc_ccproj,0.2544090472220963,0.015033735641142467,0.22494346681236088,0.2838746276318317,1
1990,2500,ccmar,0.2558505160746848,seq,0.25424613829330683,0.014582263005206049,0.22566542799001216,0.2828268485966015,1
1991,2500,ccmar,0.2558505160746848,full,0.2588161677727707,0.00937975163683999,0.24043219238063374,0.2772001431649077,1
1991,2500,ccmar,0.2558505160746848,cc,0.24728601284387686,0.014080393372892918,0.21968894894485028,0.2748830767429034,1
1991,2500,ccmar,0.2558505160746848,cc_ccproj,0.2472860128438769,0.014080393372892915,0.21968894894485036,0.27488307674290346,1
1991,2500,ccmar,0.2558505160746848,seq,0.2486841726471256,0.01355711045243109,0.22211272442592916,0.27525562086832206,1
1992,2500,ccmar,0.2558505160746848,full,0.26652367734246607,0.009937432396247642,0.2470466677470191,0.28600068693791303,1
1992,2500,ccmar,0.2558505160746848,cc,0.28980850688672954,0.021170451866697467,0.24831518369156375,0.33130183008189534,1
1992,2500,ccmar,0.2558505160746848,cc_ccproj,0.28980850688672966,0.021170451866697464,0.24831518369156386,0.33130183008189545,1
1992,2500,ccmar,0.2558505160746848,seq,0.2855894337210172,0.020802657476189014,0.24481697428496382,0.32636189315707054,1
1993,2500,ccmar,0.2558505160746848,full,0.2482675605285717,0.009828320308993626,0.22900440669442063,0.2675307143627228,1
1993,2500,ccmar,0.2558505160746848,cc,0.25757117744316627,0.02046463461694966,0.2174612306371733,0.29768112424915927,1
1993,2500,ccmar,0.2558505160746848,cc_ccproj,0.25757117744316643,0.020464634616949636,0.21746123063717349,0.2976811242491594,1
1993,2500,ccmar,0.2558505160746848,seq,0.25245828294643075,0.019342122050454418,0.21454842034296207,0.2903681455498994,1
1994,2500,ccmar,0.2558505160746848,full,0.23598205454711152,0.010959852235589727,0.21450113888947486,0.2574629702047482,1
1994,2500,ccmar,0.2558505160746848,cc,0.21558862766015463,0.020956275462078632,0.17451508250438003,0.25666217281592923,1
1994,2500,ccmar,0.2558505160746848,cc_ccproj,0.21558862766015463,0.020956275462078632,0.17451508250438003,0.25666217281592923,1
1994,2500,ccmar,0.2558505160746848,seq,0.21563781391588868,0.020692775914150453,0.17508071838399591,0.25619490944778145,1
1995,2500,ccmar,0.2558505160746848,full,0.2621035140538083,0.011200750888096918,0.2401504457133333,0.2840565823942833,1
1995,2500,ccmar,0.2558505160746848,cc,0.3003285272781612,0.030360752758946962,0.24082254532710004,0.3598345092292223,1
1995,2500,ccmar,0.2558505160746848,cc_ccproj,0.30032852727816123,0.030360752758946962,0.2408225453271001,0.35983450922922233,1
1995,2500,ccmar,0.2558505160746848,seq,0.2962517349159195,0.030015455775509518,0.2374225226163661,0.3550809472154729,1
1996,2500,ccmar,0.2558505160746848,full,0.24452780282612413,0.009424555542070431,0.22605601339336873,0.26299959225887953,1
1996,2500,ccmar,0.2558505160746848,cc,0.24813294477041536,0.01824426667542831,0.21237483916223157,0.2838910503785992,1
1996,2500,ccmar,0.2558505160746848,cc_ccproj,0.24813294477041528,0.01824426667542831,0.2123748391622315,0.2838910503785991,1
1996,2500,ccmar,0.2558505160746848,seq,0.25743424393117004,0.01804812217317878,0.22206057448316086,0.2928079133791792,1
1997,2500,ccmar,0.2558505160746848,full,0.2660682424649047,0.01005831156481355,0.2463543140525874,0.28578217087722196,1
1997,2500,ccmar,0.2558505160746848,cc,0.2723627999374628,0.014061958322763059,0.24480186807274396,0.2999237318021817,1
1997,2500,ccmar,0.2558505160746848,cc_ccproj,0.27236279993746276,0.014061958322763066,0.2448018680727439,0.2999237318021816,1
1997,2500,ccmar,0.2558505160746848,seq,0.27389910096678216,0.01339516302771017,0.24764506386542773,0.3001531380681366,1
1998,2500,ccmar,0.2558505160746848,full,0.2618894189995433,0.008587097310667943,0.2450590175388934,0.2787198204601932,1
1998,2500,ccmar,0.2558505160746848,cc,0.2777237381882556,0.014582896433985986,0.24914178638736545,0.3063056899891457,1
1998,2500,ccmar,0.2558505160746848,cc_ccproj,0.2777237381882555,0.014582896433985993,0.2491417863873654,0.30630568998914565,1
1998,2500,ccmar,0.2558505160746848,seq,0.2747255886543315,0.014307224510962255,0.2466839438941168,0.3027672334145462,1
1999,2500,ccmar,0.2558505160746848,full,0.2560506178249805,0.01041697529961566,0.23563372140989047,0.27646751424007054,1
1999,2500,ccmar,0.2558505160746848,cc,0.2564746483511951,0.015591707026117922,0.22591546412250385,0.28703383257988635,1
1999,2500,ccmar,0.2558505160746848,cc_ccproj,0.2564746483511948,0.015591707026117922,0.22591546412250357,0.2870338325798861,1
1999,2500,ccmar,0.2558505160746848,seq,0.25774010094189237,0.01512749764047582,0.22809075039034513,0.28738945149343964,1
2000,2500,ccmar,0.2558505160746848,full,0.25993490326272195,0.010036609251118257,0.24026351060362863,0.27960629592181524,1
2000,2500,ccmar,0.2558505160746848,cc,0.25353256022598536,0.01949518956978194,0.21532269079743185,0.2917424296545389,1
2000,2500,ccmar,0.2558505160746848,cc_ccproj,0.25353256022598547,0.019495189569781933,0.21532269079743196,0.29174242965453895,1
2000,2500,ccmar,0.2558505160746848,seq,0.25546421555550886,0.018723794469856416,0.21876625274066006,0.2921621783703577,1
